chr1	4928200	4937692	1	1	1	0	1	40
chr1	4959826	4960962	1	1	1	0	1	36
chr1	4962293	4963639	1	1	1	0	1	3
chr1	10145172	10147396	1	1	1	1	0	30
chr1	10182768	10183100	1	1	1	2	0	8
chr1	13667151	13667224	2	4	1	1	0	38
chr1	16171584	16171950	2	2	1	13	1	46
chr1	16201431	16201517	1	1	1	1	0	27
chr1	21333149	21335066	1	1	1	2	0	25
chr1	23915531	23916789	2	2	1	2	0	24
chr1	24654759	24654788	0	0	1	0	6	38
chr1	36731366	36731531	1	1	1	1	0	43
chr1	36731632	36732277	1	1	1	2	0	17
chr1	38037406	38056886	1	1	1	2	0	39
chr1	38058616	38060674	1	1	1	3	0	7
chr1	38072239	38073109	1	3	1	1	0	34
chr1	39409221	39410034	1	1	1	8	0	32
chr1	39410148	39410382	1	1	1	14	0	44
chr1	44038996	44040478	1	1	1	2	0	34
chr1	45386468	45386795	1	1	1	1	0	22
chr1	45948362	45956694	2	2	1	1	0	16
chr1	51797168	51799453	2	2	1	1	0	35
chr1	51836695	51838690	2	2	1	1	0	39
chr1	51873703	51902477	2	2	1	1	0	26
chr1	53362430	53365162	1	1	1	1	0	44
chr1	55038912	55039173	2	2	1	1	0	31
chr1	55042365	55042451	2	2	1	1	0	7
chr1	55042650	55044960	2	2	1	2	0	31
chr1	55117123	55117222	2	6	1	1	0	36
chr1	55118390	55119260	2	2	1	2	0	25
chr1	55119507	55120231	2	2	1	1	0	29
chr1	55120988	55121216	2	2	1	1	0	41
chr1	55123945	55125924	2	2	1	1	0	24
chr1	55128375	55129871	1	1	1	0	1	8
chr1	55129962	55130228	1	1	1	4	0	35
chr1	58109323	58109887	1	1	1	1	0	16
chr1	58160264	58164176	1	1	1	2	0	37
chr1	58164239	58166785	1	1	1	3	0	37
chr1	58219818	58222624	1	1	1	1	0	38
chr1	58227683	58233784	1	1	1	1	0	14
chr1	58233953	58239328	1	1	1	1	0	11
chr1	58443514	58444193	1	1	1	1	0	3
chr1	58456339	58456425	2	2	1	1	0	8
chr1	58866472	58868031	1	1	1	1	0	36
chr1	60541037	60541983	2	2	1	1	0	29
chr1	62115654	62117284	1	1	1	1	0	38
chr1	62383300	62384028	1	1	1	1	0	16
chr1	63218533	63218616	1	1	1	1	0	22
chr1	64074924	64081472	2	2	1	1	0	18
chr1	65207764	65210117	2	2	1	1	0	34
chr1	67042717	67043497	2	2	1	2	0	42
chr1	67182169	67183024	1	1	1	1	0	4
chr1	67187962	67191440	1	1	1	1	0	4
chr1	67200117	67201739	1	1	1	1	0	4
chr1	67207529	67210007	1	1	1	1	0	15
chr1	67216245	67219229	1	1	1	1	0	15
chr1	67235763	67236163	1	1	1	1	0	34
chr1	67259761	67266282	1	1	1	1	0	24
chr1	67266343	67267394	1	1	1	1	0	8
chr1	71632395	71634822	2	2	1	2	0	39
chr1	72298593	72301110	2	2	1	1	0	38
chr1	72750960	72751300	1	3	1	22	0	44
chr1	72751384	72752660	1	1	1	29	12	45
chr1	74301745	74302901	1	1	1	1	0	32
chr1	74303003	74303511	1	1	1	1	0	28
chr1	75213593	75214098	1	1	1	1	0	39
chr1	75285354	75285942	2	2	1	1	0	16
chr1	78585583	78616524	1	1	1	0	8	35
chr1	78585583	78616656	1	1	1	0	8	35
chr1	78585587	78616529	1	1	1	0	1	30
chr1	78585587	78616544	1	1	1	0	1	15
chr1	78585587	78616661	1	1	1	0	1	30
chr1	78585587	78616676	1	1	1	0	1	15
chr1	86056028	86058358	1	1	1	1	0	18
chr1	86058452	86060435	1	1	1	2	0	36
chr1	86278419	86278533	2	2	1	2	0	39
chr1	86282867	86283773	2	2	1	1	0	16
chr1	86457275	86457452	1	1	1	1	0	14
chr1	88346160	88348304	1	1	1	2	0	32
chr1	88348401	88354043	1	1	1	8	0	45
chr1	92367630	92379732	2	2	1	1	0	42
chr1	93069132	93069789	1	1	1	2	0	40
chr1	93071873	93072232	1	1	1	1	0	7
chr1	93336220	93336410	2	2	1	1	0	35
chr1	106719520	106724150	2	2	1	2	0	20
chr1	119543146	119544130	2	2	1	1	0	33
chr1	120041264	120044115	2	2	1	5	0	33
chr1	120044179	120047624	2	2	1	3	0	30
chr1	120047743	120048674	2	2	1	1	0	37
chr1	121420717	121422124	1	1	1	2	0	4
chr1	121422163	121424712	1	1	1	2	0	38
chr1	125321828	125322804	2	2	1	1	0	43
chr1	128090596	128095629	1	1	1	1	0	4
chr1	128186741	128187180	1	1	1	2	0	27
chr1	128187275	128188570	1	1	1	6	0	29
chr1	128188626	128190529	1	1	1	4	0	39
chr1	130777357	130777467	1	1	1	1	0	23
chr1	130778962	130779583	1	1	1	1	0	35
chr1	131098849	131101040	1	1	1	1	0	38
chr1	134358989	134359267	1	1	1	1	0	28
chr1	139450295	139451110	1	1	1	1	0	11
chr1	139485372	139487823	2	2	1	1	0	17
chr1	139660215	139660777	2	2	1	0	1	18
chr1	139664713	139666928	2	2	1	1	0	21
chr1	139738758	139741171	2	2	1	1	0	19
chr1	140026785	140028545	2	2	1	1	0	24
chr1	140029497	140030074	2	2	1	0	1	18
chr1	140040345	140046324	2	2	1	1	0	44
chr1	143672564	143674128	1	1	1	1	0	20
chr1	143675773	143677872	1	1	1	1	0	44
chr1	143677972	143682421	1	1	1	1	0	12
chr1	150271055	150274350	1	1	1	1	0	24
chr1	150283329	150284494	1	1	1	1	0	22
chr1	150298432	150298807	1	1	1	1	0	12
chr1	150324990	150325482	1	1	1	1	0	34
chr1	152415778	152420101	2	2	1	1	0	6
chr1	155443428	155447943	1	1	1	3	0	38
chr1	155819959	155828899	2	2	1	2	0	12
chr1	155907220	155909471	2	2	1	1	0	13
chr1	155909547	155911503	2	2	1	2	0	26
chr1	160821182	160822887	1	1	1	1	0	15
chr1	160825311	160827558	1	1	1	2	0	8
chr1	160827624	160829856	1	1	1	9	0	44
chr1	160864423	160864857	1	1	1	1	0	19
chr1	160864886	160865074	1	1	1	1	0	28
chr1	160865118	160865564	1	1	1	1	0	11
chr1	160865608	160865794	1	1	1	5	0	38
chr1	160865843	160866026	1	1	1	9	0	44
chr1	161681408	161684389	2	2	1	1	0	44
chr1	162660605	162661098	2	2	1	1	0	19
chr1	163979690	163981894	1	1	1	1	0	36
chr1	164035493	164036505	1	1	1	1	0	24
chr1	164042096	164044935	1	1	1	1	0	6
chr1	164045119	164046946	1	1	1	15	0	41
chr1	165307148	165308471	1	1	1	5	0	29
chr1	165598386	165601412	1	1	1	1	0	46
chr1	165703618	165704545	2	2	1	1	0	13
chr1	170218393	170342183	2	2	1	2	0	27
chr1	170678365	170678533	2	2	1	1	0	35
chr1	171052691	171052852	1	1	1	2	0	28
chr1	171052691	171052855	1	1	1	2	0	33
chr1	171052936	171053234	1	1	1	6	0	35
chr1	171053368	171053711	1	1	1	77	0	46
chr1	171053784	171053902	2	2	1	1	0	44
chr1	171247669	171247758	1	1	1	1	0	30
chr1	171962576	171962769	1	1	1	1	0	18
chr1	172003145	172007473	1	1	1	1	0	13
chr1	173724210	173726909	2	2	1	0	1	15
chr1	173764206	173765307	2	2	1	1	0	39
chr1	173839855	173842524	2	2	1	0	1	15
chr1	175429133	175431503	2	2	1	3	0	38
chr1	177591864	177595220	2	2	1	1	0	44
chr1	178149571	178150045	1	1	1	1	0	31
chr1	178156973	178157432	2	2	1	1	0	19
chr1	178157505	178157729	2	2	1	2	0	34
chr1	178159043	178159399	2	2	1	1	0	20
chr1	179623496	179626775	2	2	1	1	0	15
chr1	179896942	179899909	1	1	1	1	0	30
chr1	179997280	179997626	2	2	1	1	0	16
chr1	180055294	180056407	2	2	1	1	0	9
chr1	181005397	181008868	2	2	1	2	0	44
chr1	181008214	181008868	2	2	1	1	0	14
chr1	181956318	181958900	1	1	1	0	1	8
chr1	183112549	183113679	2	2	1	1	0	20
chr1	184520039	184527430	2	2	1	1	0	38
chr1	184527691	184534098	2	2	1	1	0	32
chr1	184546081	184551397	2	2	1	5	0	22
chr1	185139951	185142381	1	1	1	1	0	15
chr1	191758178	191758224	1	3	1	1	0	22
chr1	194781150	194793387	2	2	1	1	0	38
chr2	4935706	4940779	1	1	1	3	0	40
chr2	4942622	4943117	1	1	1	3	0	30
chr2	10060973	10061580	2	2	1	6	0	37
chr2	10061618	10063806	2	2	1	7	0	40
chr2	10064468	10068096	2	2	1	1	0	17
chr2	10099713	10101261	2	2	1	1	0	23
chr2	10101374	10101887	2	2	1	1	0	43
chr2	10114418	10115205	2	2	1	1	0	11
chr2	10121544	10122149	2	2	1	1	0	25
chr2	10122258	10124277	2	2	1	2	0	40
chr2	14299756	14308921	1	1	1	1	0	42
chr2	18311878	18312725	2	2	1	1	0	33
chr2	22478077	22634873	0	0	1	8	0	31
chr2	22959632	22965501	1	1	1	1	0	20
chr2	22965623	22968155	1	1	1	1	0	19
chr2	22989777	23000256	1	1	1	1	0	42
chr2	25356844	25357298	2	2	1	1	0	10
chr2	25357358	25357829	2	2	1	1	0	23
chr2	25388836	25388916	2	2	1	11	0	39
chr2	25388956	25389025	2	2	1	7	0	39
chr2	25451075	25451862	1	1	1	3	0	36
chr2	26802814	26802999	1	1	1	3	0	30
chr2	26803070	26803176	1	1	1	12	0	44
chr2	26803518	26803588	2	2	1	3	0	28
chr2	26815697	26816780	2	2	1	1	0	11
chr2	27344517	27346920	2	2	1	1	0	13
chr2	29894553	29896634	1	1	1	1	0	27
chr2	29896683	29897505	1	1	1	1	0	17
chr2	31100583	31104255	1	1	1	1	0	16
chr2	31364783	31366897	1	1	1	0	2	36
chr2	31388250	31390844	1	1	1	0	1	32
chr2	31400254	31404690	1	1	1	1	0	13
chr2	31404848	31408737	1	1	1	1	0	6
chr2	31408804	31410383	1	1	1	2	2	31
chr2	32853079	32853508	1	1	1	0	1	3
chr2	32853596	32853752	1	1	1	6	0	35
chr2	32853866	32854002	1	1	1	15	2	44
chr2	34921989	34922108	2	2	1	1	0	22
chr2	34924624	34925967	2	2	1	1	0	27
chr2	34935367	34935881	2	2	1	1	0	16
chr2	34935953	34940415	2	2	1	1	0	5
chr2	34975381	34975715	2	2	1	1	0	19
chr2	35072460	35073404	2	2	1	1	0	13
chr2	37451465	37451903	1	1	1	1	0	10
chr2	37451976	37453447	1	1	1	1	0	10
chr2	38891778	38894118	2	2	1	1	8	44
chr2	38894201	38894743	2	2	1	2	0	30
chr2	38937147	38937608	2	2	1	1	0	23
chr2	44884672	44886037	2	2	1	1	0	34
chr2	51849005	51850582	2	2	1	1	0	34
chr2	52196646	52197697	2	2	1	1	0	19
chr2	53032042	53034795	2	2	1	2	0	16
chr2	53081893	53084295	1	1	1	1	0	9
chr2	59168046	59169062	1	1	1	1	0	43
chr2	59747843	59748782	2	2	1	1	0	27
chr2	59763783	59764014	2	2	1	1	0	22
chr2	59764060	59765558	2	2	1	1	0	25
chr2	59773375	59778430	2	2	1	1	0	22
chr2	60088344	60102445	2	2	1	2	0	28
chr2	62436045	62436524	2	2	1	2	0	44
chr2	69115136	69115553	2	2	1	2	0	33
chr2	69136983	69138802	2	2	1	1	0	28
chr2	69576460	69579304	1	1	1	1	0	27
chr2	69700925	69701021	1	1	1	1	0	11
chr2	69701661	69702075	2	2	1	3	0	19
chr2	69702126	69704227	2	2	1	1	0	25
chr2	69704280	69709445	2	2	1	1	0	31
chr2	70518817	70519526	1	1	1	1	0	45
chr2	70544510	70546955	2	2	1	1	0	28
chr2	70554428	70555823	2	2	1	1	0	32
chr2	71059035	71066258	1	1	1	2	0	28
chr2	71066375	71077032	1	1	1	1	0	21
chr2	72972340	72972651	2	2	1	1	0	26
chr2	76619664	76619755	2	2	1	1	0	8
chr2	76869930	76871708	2	2	1	1	0	20
chr2	80149667	80151587	1	1	1	0	1	3
chr2	83475072	83483701	1	1	1	1	0	24
chr2	83488966	83490401	1	1	1	1	0	29
chr2	84499742	84500330	2	2	1	1	0	6
chr2	84597839	84600117	2	2	1	2	0	35
chr2	90280208	90280316	2	2	1	1	0	9
chr2	90280326	90281158	2	2	1	1	0	9
chr2	90281201	90282403	2	2	1	1	0	18
chr2	90691794	90693933	1	1	1	1	0	14
chr2	90694010	90695527	1	1	1	1	0	46
chr2	90889473	90889598	1	1	1	1	0	4
chr2	91425178	91425655	1	1	1	2	0	34
chr2	91455919	91456046	2	2	1	6	0	42
chr2	91458849	91459004	2	2	1	1	0	32
chr2	91459179	91459495	2	2	1	1	0	35
chr2	93264279	93267732	2	2	1	1	0	27
chr2	98493318	98497289	2	2	1	0	2	42
chr2	98493318	98497482	2	2	1	0	45	46
chr2	98493318	98497600	2	2	1	0	3	39
chr2	98496998	98497231	2	2	1	0	12	12
chr2	98496998	98497289	2	2	1	0	2	42
chr2	98496998	98497482	2	2	1	2	54	46
chr2	98496998	98497600	2	2	1	0	3	39
chr2	98497135	98497620	2	2	1	1	0	39
chr2	98497232	98497289	2	2	1	0	2	42
chr2	98497232	98497482	2	2	1	6	30	46
chr2	102608001	102611807	1	1	1	2	0	31
chr2	102919024	102919747	1	1	1	1	0	33
chr2	102922262	102922809	1	1	1	4	0	46
chr2	103285167	103285422	2	2	1	1	0	35
chr2	103285507	103287194	2	2	1	1	0	10
chr2	104836226	104837100	2	2	1	1	0	28
chr2	113467170	113518453	1	1	1	1	0	14
chr2	113518506	113523353	1	1	1	1	0	26
chr2	118708247	118708355	1	1	1	1	0	11
chr2	118708429	118710933	1	1	1	1	0	8
chr2	119212480	119213344	2	2	1	1	0	3
chr2	120252686	120253117	1	1	1	1	0	28
chr2	120398288	120414749	1	1	1	1	0	43
chr2	120780652	120786090	2	2	1	1	0	26
chr2	120824119	120826886	1	1	1	1	0	24
chr2	121266482	121266837	1	1	1	3	0	31
chr2	121266896	121268066	1	1	1	3	0	30
chr2	121287773	121288126	1	1	1	1	0	17
chr2	121288183	121288472	1	1	1	1	0	19
chr2	121807951	121809375	1	1	1	1	0	3
chr2	121859393	121871636	1	1	1	3	3	30
chr2	121871692	121872062	1	1	1	6	0	14
chr2	121878032	121880967	1	1	1	0	2	38
chr2	121927913	121928581	2	2	1	1	0	30
chr2	121978286	121981353	1	1	1	1	0	32
chr2	121982157	121983131	1	1	1	2	0	9
chr2	125594901	125599113	2	2	1	4	0	40
chr2	126406757	126409666	1	1	1	1	0	10
chr2	126419871	126420768	1	1	1	3	0	41
chr2	126420968	126422825	1	1	1	2	0	8
chr2	126673258	126675607	2	2	1	1	0	26
chr2	126675662	126677375	2	2	1	1	0	12
chr2	126767800	126768207	2	2	1	1	0	19
chr2	127433872	127436363	1	1	1	1	0	22
chr2	127633753	127634053	2	2	1	1	0	34
chr2	130121358	130121475	2	2	1	1	0	32
chr2	132653019	132653967	2	2	1	1	0	28
chr2	135104195	135136768	1	1	1	1	0	17
chr2	143757568	143780304	1	1	1	1	0	32
chr2	143791289	143791591	2	2	1	2	0	42
chr2	145760521	145761659	2	2	1	1	0	14
chr2	146871705	146871788	1	1	1	1	0	25
chr2	146871897	146876773	1	1	1	1	0	12
chr2	150680315	150680660	2	2	1	4	0	34
chr2	150680699	150681639	2	2	1	4	0	20
chr2	152092532	152096129	1	1	1	1	0	26
chr2	154729728	154730102	2	2	1	1	0	39
chr2	155392099	155392274	1	1	1	1	0	26
chr2	156014943	156019255	2	2	1	1	0	32
chr2	156021161	156021806	2	2	1	1	0	29
chr2	160488183	160488527	1	1	1	1	0	5
chr2	160488553	160512019	1	1	1	1	0	3
chr2	160512123	160524570	1	1	1	1	0	10
chr2	160532273	160535615	1	1	1	1	0	43
chr2	160544744	160545491	1	1	1	1	0	22
chr2	163858119	163858588	1	1	1	1	0	22
chr2	164268158	164270812	2	2	1	1	0	28
chr2	164599980	164601171	1	1	1	1	0	34
chr2	164601218	164604988	1	1	1	1	0	12
chr2	164619254	164619391	2	2	1	2	0	36
chr2	168052557	168053285	2	2	1	1	0	11
chr2	172308252	172308348	1	1	1	1	0	14
chr2	172996698	172996969	1	1	1	1	0	5
chr2	174269776	174270370	2	2	1	1	0	42
chr2	174303015	174304292	2	2	1	8	0	39
chr2	179678367	179678730	2	2	1	3	0	37
chr2	179678794	179679175	2	2	1	2	0	32
chr2	179899477	179899580	1	1	1	1	0	5
chr2	179899645	179899778	1	1	1	9	0	44
chr2	179899851	179900022	1	1	1	9	0	43
chr2	179900079	179900170	1	1	1	9	0	35
chr3	14671469	14672236	2	2	1	2	0	43
chr3	14672354	14674600	2	2	1	0	1	39
chr3	14928666	14929309	1	1	1	1	0	19
chr3	14929508	14931862	1	1	1	1	0	22
chr3	14935258	14936601	1	1	1	3	0	22
chr3	19207685	19211635	2	2	1	1	0	40
chr3	20043383	20046672	1	1	1	10	0	39
chr3	30666702	30667700	1	1	1	2	0	13
chr3	30855315	30863970	1	1	1	4	0	33
chr3	30864176	30864593	1	1	1	1	0	17
chr3	34131674	34132923	2	2	1	2	3	39
chr3	34132995	34133353	2	2	1	3	0	21
chr3	36917498	36918535	1	1	1	1	0	17
chr3	40905120	40916042	1	1	1	2	0	22
chr3	40916102	40916603	1	1	1	5	0	27
chr3	40916664	40918402	1	1	1	3	0	11
chr3	51313041	51314756	2	2	1	19	1	45
chr3	51314834	51315565	2	2	1	1	0	6
chr3	51367582	51368504	1	1	1	1	0	33
chr3	52253812	52254416	1	1	1	1	0	25
chr3	53767695	53768635	2	2	1	1	0	32
chr3	66990043	67088161	1	1	1	1	0	16
chr3	67088199	67113758	1	1	1	1	0	37
chr3	67305244	67307034	1	1	1	1	0	28
chr3	75818957	75863418	2	2	1	1	0	3
chr3	81874400	81875391	2	2	1	1	0	37
chr3	81882737	81882965	2	2	1	1	0	7
chr3	82915865	82915954	1	1	1	2	0	40
chr3	82916049	82917370	1	1	1	1	0	28
chr3	82917897	82918651	1	1	1	1	0	27
chr3	82921615	82922141	1	1	1	20	0	45
chr3	82936573	82937491	1	1	1	2	0	45
chr3	82949942	82950538	2	2	1	1	0	9
chr3	82950825	82951083	2	2	1	1	0	33
chr3	82951640	82952179	2	2	1	1	0	42
chr3	82952408	82953308	2	2	1	4	0	29
chr3	82953493	82953960	2	2	1	8	0	43
chr3	84872690	84874746	1	1	1	1	0	37
chr3	86045418	86045789	2	2	1	3	0	34
chr3	86046556	86048545	2	2	1	0	1	16
chr3	87964084	87964292	2	2	1	2	0	5
chr3	88457312	88458002	2	2	1	1	0	32
chr3	88458093	88459661	2	2	1	1	0	7
chr3	88684822	88691614	1	1	1	0	1	39
chr3	88744828	88753694	1	1	1	0	1	39
chr3	89001151	89001537	2	2	1	4	0	36
chr3	89001837	89002166	2	2	1	1	0	18
chr3	89002240	89002320	2	2	1	1	0	26
chr3	89002987	89006606	2	2	1	1	0	39
chr3	89154436	89156380	1	1	1	3	0	38
chr3	89156448	89156877	1	1	1	9	0	42
chr3	89299814	89305265	1	1	1	1	0	18
chr3	89951118	89952160	2	2	1	1	0	37
chr3	89987171	89993752	1	1	1	0	4	5
chr3	90120061	90120240	2	2	1	14	0	46
chr3	90120352	90120499	2	2	1	1	0	26
chr3	90263556	90265175	1	1	1	2	0	31
chr3	93468403	93471549	1	1	1	2	0	25
chr3	94408579	94409476	2	2	1	1	0	18
chr3	94611148	94611360	1	1	1	1	0	9
chr3	94791752	94791981	2	2	1	6	0	44
chr3	94792071	94792227	2	2	1	2	0	18
chr3	95037195	95037474	2	2	1	1	0	14
chr3	95107603	95111041	2	2	1	1	0	8
chr3	95454273	95457363	1	1	1	2	0	45
chr3	96538885	96539004	1	1	1	2	0	23
chr3	96775849	96776256	1	1	1	1	0	3
chr3	97083110	97083646	1	1	1	1	0	45
chr3	102936529	102946007	1	1	1	1	0	12
chr3	102963794	102964201	1	1	1	1	0	10
chr3	107871613	107873402	2	2	1	0	1	14
chr3	107892645	107892933	2	2	1	2	0	24
chr3	107892999	107893349	2	2	1	2	0	3
chr3	107919636	107919823	1	3	1	2	0	20
chr3	107919727	107922308	1	1	1	1	0	35
chr3	107920095	107922068	2	2	1	0	1	14
chr3	107922357	107923643	2	2	1	1	0	27
chr3	108594316	108597081	2	2	1	1	0	17
chr3	108660384	108709726	2	2	1	1	0	20
chr3	108812079	108812426	2	2	1	1	0	29
chr3	113349823	113351741	2	2	1	2	0	40
chr3	121553959	121555063	2	2	1	1	0	22
chr3	121558755	121562270	2	2	1	1	0	8
chr3	121590135	121608657	2	2	1	1	0	35
chr3	121767765	121770813	1	1	1	1	0	29
chr3	121785576	121785982	1	1	1	2	0	38
chr3	121786263	121786390	1	1	1	1	0	39
chr3	121800565	121801192	1	1	1	1	0	38
chr3	121801382	121801602	1	1	1	1	0	6
chr3	122362465	122363243	2	2	1	1	0	3
chr3	123121296	123123972	1	1	1	1	0	10
chr3	123301512	123301760	2	2	1	1	0	24
chr3	127339620	127339695	2	2	1	1	0	44
chr3	127340219	127340302	2	2	1	0	1	45
chr3	129652473	129655614	1	1	1	1	0	27
chr3	130520609	130522396	2	2	1	17	26	44
chr3	130522501	130522699	2	2	1	6	0	43
chr3	130522800	130522877	2	2	1	1	0	21
chr3	131043581	131065524	2	2	1	1	0	46
chr3	133073712	133076140	1	1	1	1	0	38
chr3	135168805	135170955	1	1	1	1	0	27
chr3	137824182	137829493	2	2	1	1	0	34
chr3	137988285	137988375	1	1	1	2	0	30
chr3	137988596	137992452	1	1	1	1	0	35
chr3	137994646	137995562	1	1	1	2	0	10
chr3	137995702	137996295	1	1	1	49	0	45
chr3	138088914	138091594	1	1	1	3	0	45
chr3	138160568	138160845	1	1	1	4	0	39
chr3	144296437	144300661	1	1	1	1	0	34
chr3	144300712	144302583	1	1	1	1	0	8
chr3	144412493	144414993	2	2	1	1	0	13
chr3	145630271	145636160	1	1	1	2	0	28
chr3	146138373	146138727	1	1	1	1	0	16
chr3	146212331	146212826	2	2	1	1	0	19
chr3	151925669	151925772	1	1	1	1	0	30
chr3	151953741	151953816	2	2	1	1	0	38
chr3	152074288	152075913	1	1	1	1	0	20
chr3	152088630	152089752	1	1	1	1	0	34
chr3	157616578	157619236	2	2	1	1	0	33
chr3	157719679	157721958	2	2	1	1	0	32
chr4	3834684	3834935	2	2	1	4	0	44
chr4	3942820	3943387	1	1	1	1	0	20
chr4	3943493	3947120	1	1	1	0	1	5
chr4	6273825	6275491	2	2	1	1	0	6
chr4	8578564	8582381	1	1	1	1	0	39
chr4	8806362	8811439	1	1	1	1	0	3
chr4	8811496	8822376	1	1	1	1	0	33
chr4	11051226	11053431	2	2	1	2	0	25
chr4	11053489	11059011	2	2	1	1	0	10
chr4	11507077	11507906	1	1	1	1	0	30
chr4	15919095	15919193	2	2	1	2	0	28
chr4	15989116	15991181	1	1	1	1	0	35
chr4	19605537	19606084	1	1	1	2	0	36
chr4	19672544	19673155	2	2	1	3	0	37
chr4	25267868	25269027	2	2	1	0	1	5
chr4	32738771	32738902	1	1	1	1	0	14
chr4	40269720	40270037	1	1	1	1	0	37
chr4	40270848	40272809	2	2	1	2	0	22
chr4	40272855	40277652	2	2	1	1	0	25
chr4	40277746	40279157	2	2	1	1	0	8
chr4	40723845	40723972	1	1	1	1	0	3
chr4	40748659	40751924	2	2	1	1	0	24
chr4	40971060	40976352	1	1	1	1	0	21
chr4	41769977	41771137	2	2	1	0	1	10
chr4	42157144	42158339	1	1	1	0	1	10
chr4	42980635	42980793	2	2	1	1	0	35
chr4	43495622	43495696	1	1	1	1	0	38
chr4	43555985	43556288	2	2	1	1	0	42
chr4	43654412	43654512	2	2	1	2	0	35
chr4	46468788	46469882	1	1	1	2	0	22
chr4	49536555	49538235	1	1	1	1	0	39
chr4	49538328	49538717	2	2	1	1	0	42
chr4	49651549	49652521	1	1	1	1	0	14
chr4	57945213	57950838	2	2	1	1	0	32
chr4	58800321	58801732	2	2	1	1	0	36
chr4	59017823	59020058	1	1	1	1	0	43
chr4	59957058	59957844	2	2	1	0	2	29
chr4	60066723	60067509	2	2	1	0	163	46
chr4	60067556	60067719	2	2	1	0	152	45
chr4	60067822	60068164	2	2	1	0	59	44
chr4	60068276	60068900	2	2	1	0	32	46
chr4	60068975	60069732	2	2	1	2	13	45
chr4	60069867	60070204	2	2	1	2	43	44
chr4	60136185	60136974	2	2	1	0	163	46
chr4	60137021	60137183	2	2	1	0	278	46
chr4	60137286	60137626	2	2	1	0	80	44
chr4	60137738	60138386	2	2	1	0	25	46
chr4	60138461	60139218	2	2	1	0	11	42
chr4	60139353	60139690	2	2	1	0	3	44
chr4	60218873	60219661	2	2	1	0	163	46
chr4	60219708	60219871	2	2	1	0	278	46
chr4	60219974	60220315	2	2	1	0	80	44
chr4	60220427	60221059	2	2	1	0	24	46
chr4	60221134	60221901	2	2	1	0	1	5
chr4	60222036	60222373	2	2	1	0	51	43
chr4	60374298	60375086	2	2	1	0	74	46
chr4	60375133	60375295	2	2	1	0	278	46
chr4	60375398	60375737	2	2	1	0	80	44
chr4	60375849	60376485	2	2	1	0	31	46
chr4	60376560	60377317	2	2	1	0	14	33
chr4	60377452	60377789	2	2	1	0	85	43
chr4	60454264	60455054	2	2	1	0	163	46
chr4	60455101	60455264	2	2	1	0	152	45
chr4	60455367	60455709	2	2	1	0	59	44
chr4	60455821	60456437	2	2	1	0	25	46
chr4	60456512	60457280	2	2	1	0	11	42
chr4	60457415	60457752	2	2	1	1	61	43
chr4	60534404	60716487	2	2	1	3	0	19
chr4	60534512	60535299	2	2	1	0	163	46
chr4	60535346	60535508	2	2	1	0	278	46
chr4	60535611	60535951	2	2	1	0	80	44
chr4	60536063	60536677	2	2	1	0	31	46
chr4	60536752	60537519	2	2	1	0	18	40
chr4	60537654	60537991	2	2	1	0	85	43
chr4	60614599	60614642	2	2	1	1	0	30
chr4	60614718	60615506	2	2	1	0	163	46
chr4	60615553	60615715	2	2	1	0	278	46
chr4	60615818	60616158	2	2	1	0	80	44
chr4	60616270	60616886	2	2	1	0	25	46
chr4	60616961	60617728	2	2	1	0	11	42
chr4	60617863	60618200	2	2	1	0	85	43
chr4	60693634	60694423	2	2	1	0	163	46
chr4	60694470	60694633	2	2	1	0	152	45
chr4	60694736	60695078	2	2	1	0	59	44
chr4	60695190	60695803	2	2	1	0	25	46
chr4	60695878	60696646	2	2	1	0	11	42
chr4	60696781	60697118	2	2	1	0	51	43
chr4	60773838	60774625	2	2	1	0	163	46
chr4	60774672	60774834	2	2	1	0	278	46
chr4	60774937	60775277	2	2	1	0	80	44
chr4	60775389	60776004	2	2	1	0	31	46
chr4	60776079	60776846	2	2	1	0	18	40
chr4	60776981	60777318	2	2	1	0	85	43
chr4	61180560	61181349	2	2	1	0	163	46
chr4	61181396	61181558	2	2	1	0	278	46
chr4	61181661	61182003	2	2	1	0	80	44
chr4	61182115	61182749	2	2	1	0	7	15
chr4	61182824	61183591	2	2	1	0	2	18
chr4	61183726	61184063	2	2	1	0	75	43
chr4	61256290	61257078	2	2	1	0	163	46
chr4	61257125	61257287	2	2	1	0	278	46
chr4	61257390	61257730	2	2	1	0	80	44
chr4	61257842	61258478	2	2	1	0	25	46
chr4	61258553	61259320	2	2	1	3	4	46
chr4	61259455	61259792	2	2	1	0	57	43
chr4	61354278	61355064	2	2	1	0	163	46
chr4	61355111	61355274	2	2	1	0	152	45
chr4	61355377	61355719	2	2	1	0	59	44
chr4	61355831	61356459	2	2	1	0	25	46
chr4	61356534	61357301	2	2	1	0	11	42
chr4	61357436	61357773	2	2	1	1	3	44
chr4	61373000	61373163	1	1	1	0	1	26
chr4	61434082	61434867	2	2	1	0	163	46
chr4	61434914	61435076	2	2	1	0	278	46
chr4	61435179	61435519	2	2	1	0	80	44
chr4	61435631	61436247	2	2	1	0	31	46
chr4	61436322	61437089	2	2	1	0	14	33
chr4	61437224	61437561	2	2	1	0	36	32
chr4	61510419	61511205	2	2	1	14	0	46
chr4	61511252	61511414	2	2	1	1	277	46
chr4	61511517	61511857	2	2	1	0	59	44
chr4	61511969	61512587	2	2	1	0	24	46
chr4	61512662	61513429	2	2	1	0	13	45
chr4	61513564	61513901	2	2	1	0	76	43
chr4	61529031	61529194	1	1	1	0	1	26
chr4	61588523	61696669	1	1	1	2	2559	44
chr4	61588667	61589456	2	2	1	0	163	46
chr4	61589503	61589665	2	2	1	2	262	46
chr4	61589768	61590108	2	2	1	0	80	44
chr4	61590220	61590848	2	2	1	0	31	46
chr4	61590923	61591691	2	2	1	0	14	33
chr4	61591826	61592163	2	2	1	0	85	43
chr4	61696814	61697603	2	2	1	0	163	46
chr4	61697650	61697812	2	2	1	0	278	46
chr4	61697915	61698255	2	2	1	0	80	44
chr4	61698367	61698995	2	2	1	0	31	46
chr4	61699070	61699827	2	2	1	0	14	33
chr4	61699962	61700299	2	2	1	0	84	43
chr4	61718495	61719274	1	1	1	1	0	38
chr4	61749807	61750578	2	2	1	0	4	29
chr4	61775692	61776029	2	2	1	0	69	44
chr4	61801109	61801446	0	0	1	0	3	16
chr4	61875412	61875575	2	2	1	0	13	35
chr4	61876111	61876734	2	2	1	0	5	44
chr4	61876809	61877578	2	2	1	0	8	45
chr4	61877713	61878049	2	2	1	0	24	39
chr4	61968724	61969508	2	2	1	40	2	44
chr4	61969555	61969718	2	2	1	10	13	42
chr4	61969821	61970137	2	2	1	7	0	33
chr4	61970249	61970872	2	2	1	1	5	44
chr4	61970947	61971716	2	2	1	0	8	45
chr4	61971851	61972187	2	2	1	0	24	39
chr4	62001909	62002753	2	2	1	1	0	44
chr4	62001909	62002784	2	2	1	7	0	38
chr4	62001965	62002753	2	2	1	20	1	44
chr4	62001965	62002784	2	2	1	14	0	46
chr4	62002831	62002995	2	2	1	39	0	45
chr4	62003098	62003440	2	2	1	6	0	43
chr4	62003552	62004195	2	2	1	16	0	36
chr4	62004270	62005036	2	2	1	14	0	39
chr4	62005171	62005360	2	2	1	8	0	30
chr4	62066120	62066200	2	4	1	1	0	14
chr4	62066215	62066378	2	2	1	10	0	42
chr4	62427548	62428341	2	2	1	3	0	29
chr4	62428472	62428751	2	2	1	1	0	33
chr4	63061638	63061903	2	2	1	90	0	46
chr4	63062078	63062387	2	2	1	3	0	45
chr4	63062556	63063501	2	2	1	2	0	28
chr4	63068682	63069690	2	2	1	1	0	19
chr4	63069768	63070820	2	2	1	1	0	42
chr4	63264385	63264518	1	1	1	1	0	45
chr4	63264623	63266206	1	1	1	10	0	33
chr4	75873580	75874542	2	2	1	1	0	44
chr4	76165136	76243416	2	2	1	1	0	17
chr4	92079728	92079821	2	2	1	0	1	45
chr4	94463472	94466623	2	2	1	1	0	40
chr4	95811224	95814959	1	1	1	2	0	9
chr4	96517884	96518947	2	2	1	1	0	9
chr4	96524170	96529508	2	2	1	1	0	43
chr4	96529686	96546828	2	2	1	1	0	13
chr4	98919737	98920322	1	1	1	4	0	35
chr4	98920434	98921489	1	1	1	1	0	17
chr4	98923162	98925606	1	1	1	1	0	20
chr4	98925874	98926069	1	1	1	2	0	15
chr4	99839265	99841165	1	1	1	1	0	42
chr4	101010788	101011734	2	2	1	1	0	37
chr4	101224337	101231454	1	1	1	1	0	26
chr4	103017019	103019619	1	1	1	1	0	40
chr4	104640229	104641595	1	1	1	1	0	21
chr4	104647913	104648991	1	1	1	3	0	38
chr4	104711140	104713606	2	2	1	1	0	22
chr4	104857717	104859318	1	1	1	2	0	21
chr4	104859351	104861069	1	1	1	2	0	32
chr4	106292252	106293529	1	1	1	1	0	7
chr4	107902043	107904786	2	2	1	0	1	20
chr4	107904867	107912635	2	2	1	0	1	37
chr4	107912766	107921082	2	2	1	0	2	22
chr4	107921186	107928453	2	2	1	1	2	42
chr4	107948521	107950020	2	2	1	2	0	16
chr4	107950085	107955218	2	2	1	1	0	4
chr4	107955346	107959487	2	2	1	6	0	24
chr4	107959553	107962240	2	2	1	2	0	18
chr4	108035616	108036103	1	1	1	1	0	37
chr4	108858362	108870706	1	1	1	1	0	28
chr4	108920655	108921759	2	2	1	2	0	15
chr4	115924370	115927059	2	2	1	3	0	32
chr4	116493867	116494958	2	2	1	12	0	42
chr4	116495046	116495172	2	2	1	2	0	45
chr4	117011185	117011495	2	2	1	20	0	32
chr4	117011626	117011834	2	2	1	3	0	40
chr4	117012011	117012204	2	2	1	2	0	21
chr4	117012305	117012767	2	2	1	1	0	7
chr4	117531992	117532217	2	2	1	2	0	15
chr4	117751855	117751940	2	2	1	1	0	31
chr4	118219695	118219780	1	1	1	1	0	42
chr4	118482883	118483016	1	1	1	1	0	27
chr4	119138850	119139342	2	2	1	1	0	14
chr4	123276508	123276899	2	2	1	1	0	6
chr4	123606720	123609656	2	2	1	0	5	46
chr4	125948946	125949172	1	1	1	2	0	40
chr4	126065675	126067236	2	2	1	1	0	35
chr4	126069241	126069976	2	2	1	1	0	26
chr4	126601397	126603271	1	1	1	1	0	12
chr4	129235617	129236913	1	1	1	3	0	13
chr4	129236967	129238004	1	1	1	3	0	26
chr4	129485928	129486059	2	2	1	6	0	22
chr4	129613900	129614444	2	2	1	1	0	19
chr4	129738986	129740257	1	1	1	1	0	10
chr4	130221132	130223366	2	2	1	1	0	15
chr4	130445574	130446483	1	1	1	1	0	46
chr4	131914259	131931442	2	2	1	1	0	22
chr4	132272063	132273947	1	1	1	2	0	28
chr4	133281277	133282638	1	1	1	1	0	28
chr4	134654130	134654241	1	1	1	1	0	33
chr4	135071981	135073626	2	2	1	1	0	32
chr4	135585721	135589084	1	5	1	1	0	12
chr4	135777328	135777590	2	2	1	28	0	45
chr4	135777702	135778481	2	2	1	15	0	45
chr4	135778614	135778924	2	2	1	1	0	9
chr4	135779032	135779877	2	2	1	1	0	33
chr4	135981120	135981775	1	1	1	3	0	41
chr4	135981882	135982460	1	1	1	1	0	17
chr4	135998691	136000954	1	1	1	1	0	22
chr4	136001027	136002090	1	1	1	2	0	43
chr4	137949500	137950800	1	1	1	1	0	16
chr4	138037589	138037913	1	1	1	1	0	16
chr4	138831324	138832300	2	2	1	1	0	4
chr4	139362023	139362699	1	1	1	1	0	15
chr4	139376892	139376962	1	1	1	1	0	14
chr4	140704812	140706335	1	1	1	1	0	30
chr4	141249704	141265474	2	2	1	1	0	16
chr4	141419285	141420046	1	3	1	1	0	39
chr4	141485735	141486308	1	1	1	1	0	38
chr4	146207052	146209452	1	1	1	0	2	28
chr4	146695586	146697966	1	1	1	0	2	28
chr4	147216647	147219028	1	1	1	0	2	28
chr4	147970206	147970727	2	2	1	1	0	7
chr4	150949898	150950772	1	1	1	1	0	35
chr4	152414586	152416736	1	1	1	2	0	41
chr4	155917255	155917347	1	1	1	1	0	32
chr5	3608548	3608660	1	1	1	1	0	33
chr5	3608694	3609096	1	1	1	1	0	23
chr5	3609160	3609605	1	1	1	1	0	3
chr5	4142041	4142387	2	2	1	1	0	29
chr5	8949719	8957207	1	1	1	2	0	21
chr5	8959274	8960618	1	1	1	1	0	42
chr5	9008458	9009082	1	1	1	1	0	23
chr5	9038286	9039605	2	2	1	1	0	26
chr5	9043642	9046451	2	2	1	1	0	22
chr5	21961889	21961977	1	1	1	2	0	17
chr5	22007612	22008067	1	1	1	1	0	45
chr5	23683982	23686206	1	1	1	1	0	6
chr5	24044827	24046707	2	2	1	3	0	24
chr5	24046757	24048968	2	2	1	2	0	38
chr5	28280160	28281788	1	1	1	1	0	17
chr5	29953434	29955935	1	1	1	0	2	12
chr5	30267038	30268233	2	2	1	1	0	27
chr5	30349296	30350232	2	2	1	2	0	5
chr5	31084501	31085786	1	1	1	0	1	21
chr5	31113679	31115231	2	2	1	2	0	8
chr5	31352824	31353089	1	1	1	1	0	20
chr5	31353117	31355899	1	1	1	1	0	27
chr5	31830790	31854853	2	2	1	1	0	37
chr5	33899957	33900985	2	2	1	1	0	24
chr5	36626945	36627945	1	1	1	1	0	11
chr5	41970550	41971473	2	2	1	1	0	8
chr5	53130605	53139670	2	2	1	0	1	3
chr5	53130605	53147930	2	2	1	0	1	3
chr5	65545785	65545904	2	2	1	16	0	43
chr5	65546023	65546413	2	2	1	5	0	38
chr5	65546495	65546820	2	2	1	1	0	36
chr5	65546954	65547730	2	2	1	1	0	10
chr5	65580994	65581384	2	2	1	1	0	26
chr5	65812248	65813610	2	2	1	1	0	31
chr5	65941720	65943352	1	1	1	1	0	29
chr5	73481191	73483623	2	2	1	1	0	44
chr5	74190032	74192964	2	2	1	1	0	38
chr5	76097041	76097498	2	2	1	1	0	5
chr5	76396310	76402220	2	2	1	1	0	34
chr5	77114253	77114494	1	1	1	1	0	36
chr5	77142579	77142682	1	1	1	1	0	6
chr5	77142761	77143624	1	1	1	1	0	20
chr5	77143763	77144498	1	1	1	1	0	11
chr5	77150344	77150457	2	2	1	1	0	33
chr5	77372764	77385529	1	1	1	0	1	46
chr5	77497347	77499074	2	2	1	1	0	21
chr5	87273352	87275536	2	2	1	3	0	15
chr5	87276268	87283952	2	2	1	1	0	14
chr5	87284085	87285062	2	2	1	2	0	33
chr5	88775950	88778395	1	1	1	1	0	34
chr5	89373833	89376684	1	1	1	1	0	18
chr5	89565548	89569916	2	2	1	90	0	45
chr5	89569976	89573895	2	2	1	23	0	44
chr5	89582908	89583377	2	2	1	3	0	39
chr5	89583508	89586104	2	2	1	2	0	35
chr5	89586308	89587391	2	2	1	4	0	39
chr5	89587522	89589060	2	2	1	2	0	35
chr5	89589156	89589421	2	2	1	9	0	38
chr5	89594429	89605519	2	2	1	3	0	31
chr5	90401799	90402498	2	2	1	1	0	39
chr5	90402671	90406292	2	2	1	3	0	43
chr5	90608873	90609579	1	1	1	1	0	40
chr5	90610692	90611842	1	1	1	2	0	28
chr5	90612055	90612711	1	1	1	3	0	27
chr5	90613831	90615202	1	1	1	1	0	16
chr5	90616555	90617360	1	1	1	2	0	24
chr5	90617494	90618599	1	1	1	6	0	45
chr5	90618698	90619863	1	1	1	1	0	14
chr5	90620003	90620319	1	1	1	6	0	37
chr5	90620544	90622425	1	1	1	14	0	40
chr5	90622559	90623127	1	1	1	329	0	45
chr5	90623196	90624318	1	1	1	1814	13	46
chr5	90699337	90700403	1	1	1	2	0	45
chr5	90700462	90701261	1	1	1	2	0	29
chr5	92203362	92204127	2	2	1	1	0	31
chr5	92214442	92216183	2	2	1	1	0	44
chr5	92300776	92306262	1	1	1	1	0	25
chr5	96246173	96254074	2	2	1	1	0	42
chr5	98034460	98085945	2	2	1	1	0	43
chr5	100183599	100183962	2	2	1	1	0	21
chr5	100185589	100185671	2	2	1	1	0	12
chr5	100533162	100533986	2	2	1	1	0	28
chr5	100949858	100950918	1	1	1	1	0	4
chr5	100950977	100951835	1	1	1	1	0	30
chr5	100951896	100952197	1	1	1	2	0	35
chr5	104114975	104116563	2	2	1	1	0	7
chr5	104116671	104118627	2	2	1	1	0	23
chr5	106036706	106038983	1	1	1	1	0	11
chr5	106767509	106782696	2	2	1	1	0	44
chr5	107963575	107963667	2	2	1	2	0	35
chr5	107963758	107964639	2	2	1	1	0	39
chr5	108049806	108049887	1	1	1	2	0	42
chr5	108051735	108052582	1	1	1	2	0	25
chr5	108052758	108055054	0	0	1	3	0	37
chr5	108055144	108055762	1	1	1	16	0	41
chr5	108581204	108581596	2	2	1	19	0	44
chr5	108581696	108581891	2	2	1	10	0	44
chr5	108581947	108582191	2	2	1	5	0	43
chr5	109886877	109887064	2	2	1	1	0	22
chr5	110419659	110420734	2	2	1	1	0	21
chr5	110877179	110877688	2	2	1	1	0	5
chr5	110877830	110881584	2	2	1	1	0	29
chr5	115080415	115083844	1	1	1	1	0	18
chr5	115083888	115084076	1	1	1	1	0	31
chr5	115483986	115486623	2	2	1	1	0	8
chr5	115700626	115701341	1	1	1	1	0	34
chr5	117410345	117411737	1	1	1	1	0	37
chr5	121343919	121344729	1	1	1	1	0	26
chr5	121346639	121346844	1	1	1	7	0	25
chr5	121575769	121576790	1	1	1	1	0	39
chr5	121706087	121706988	2	2	1	2	0	32
chr5	121707104	121708666	2	2	1	1	0	38
chr5	121708825	121710079	2	2	1	1	0	43
chr5	122500335	122500867	1	1	1	2	0	25
chr5	122605859	122607412	2	2	1	1	0	30
chr5	123310350	123312413	2	2	1	1	0	34
chr5	123314318	123315591	2	2	1	1	0	18
chr5	123318793	123318949	2	2	1	1	0	19
chr5	123318993	123319485	2	2	1	1	0	30
chr5	124055348	124060242	1	1	1	1	0	15
chr5	124139156	124139268	1	1	1	1	0	20
chr5	124254675	124254977	1	1	1	1	0	16
chr5	124534110	124536474	2	2	1	1	0	35
chr5	125559998	125561600	1	1	1	1	0	32
chr5	129099610	129099837	1	1	1	1	0	46
chr5	129868644	129868845	1	1	1	1	0	40
chr5	129910238	129911269	2	2	1	1	1	41
chr5	130040542	130040705	2	2	1	2	0	27
chr5	130042867	130043519	2	2	1	1	0	33
chr5	130047758	130048502	2	2	1	1	0	16
chr5	134356629	134364990	1	1	1	0	5	46
chr5	134386751	134387841	2	2	1	2	0	15
chr5	135265277	135266772	1	1	1	1	0	15
chr5	135821541	135826817	1	1	1	0	2	16
chr5	136994024	136994418	1	1	1	1	0	4
chr5	137294169	137294248	2	2	1	1	0	17
chr5	137308437	137308546	2	2	1	3	0	8
chr5	137581413	137581492	1	1	1	1	0	32
chr5	137778025	137778115	1	1	1	1	0	28
chr5	137793808	137794833	1	1	1	1	0	4
chr5	137893608	137897059	2	2	1	1	0	8
chr5	137905824	137908177	2	2	1	2	0	35
chr5	137983649	137985700	1	1	1	1	0	38
chr5	138160647	138160996	1	1	1	1	0	44
chr5	139692665	139692816	2	2	1	1	0	10
chr5	140759986	140760865	2	2	1	1	0	22
chr5	142889697	142889821	2	2	1	5	0	11
chr5	145069791	145071874	2	2	1	1	0	45
chr5	145081832	145083252	1	1	1	1	0	39
chr5	145120678	145121341	2	2	1	11	0	31
chr5	145797349	145799156	2	2	1	1	0	18
chr5	145799318	145801734	2	2	1	2	0	22
chr5	145801805	145802693	2	2	1	2	0	9
chr5	145802822	145805345	2	2	1	1	0	11
chr5	145805495	145805765	2	2	1	2	0	45
chr5	145814542	145816515	2	2	1	1	0	23
chr5	145929847	145930082	2	2	1	2	0	35
chr5	145929847	145931674	2	2	1	1	0	37
chr5	146771915	146772373	1	1	1	2	0	36
chr5	146772525	146772673	1	1	1	11	0	46
chr5	148442998	148443255	2	2	1	1	0	33
chr5	148895541	148895957	2	2	1	1	0	28
chr5	148985724	148986536	2	2	1	2	0	41
chr5	148987251	148987397	2	2	1	1	0	43
chr5	150455868	150458057	1	1	1	1	0	42
chr6	4078037	4079960	2	2	1	1	0	28
chr6	4674633	4678066	2	2	1	1	0	12
chr6	5230831	5232323	2	2	1	1	0	30
chr6	6558492	6560407	2	2	1	1	0	9
chr6	6560502	6578478	2	2	1	1	0	46
chr6	11900591	11905200	2	2	1	4	0	38
chr6	23113754	23114839	2	2	1	1	0	41
chr6	24518824	24519190	2	2	1	13	0	41
chr6	24519257	24522657	2	2	1	3	0	30
chr6	24626862	24629923	2	2	1	5	0	24
chr6	24629948	24633835	2	2	1	6	0	25
chr6	28424831	28425171	1	1	1	1	0	18
chr6	30241424	30242536	2	2	1	1	0	40
chr6	30242577	30260927	2	2	1	1	0	12
chr6	30261003	30262145	2	2	1	1	0	19
chr6	34722951	34730377	1	1	1	2	0	25
chr6	34748064	34750157	1	1	1	1	0	39
chr6	38547540	38561975	1	1	1	0	1	43
chr6	39573530	39575199	1	1	1	6	0	31
chr6	39575296	39576325	1	1	1	4	0	41
chr6	39575300	39576325	1	1	1	2	0	38
chr6	40454946	40457786	1	1	1	0	1	7
chr6	42226430	42226772	1	1	1	1	0	33
chr6	42341599	42341709	2	2	1	1	0	3
chr6	48404814	48418880	2	2	1	1	0	25
chr6	48546740	48546874	2	2	1	30	0	46
chr6	48546994	48547177	2	2	1	3	0	39
chr6	48546997	48547177	2	2	1	1	0	41
chr6	48547274	48548716	2	2	1	1	0	44
chr6	48821114	48821601	1	1	1	1	0	26
chr6	50155501	50157155	1	1	1	4	0	40
chr6	50542366	50542471	2	2	1	1	0	41
chr6	52713984	52714066	1	1	1	1	0	26
chr6	52719824	52721206	1	1	1	1	0	23
chr6	52728196	52730289	1	1	1	1	0	16
chr6	52730362	52734538	1	1	1	1	0	4
chr6	58667605	58669227	1	1	1	2	0	37
chr6	65035117	65044030	1	1	1	2	0	34
chr6	67249012	67249122	1	1	1	1	0	32
chr6	67258806	67260886	1	1	1	3	0	22
chr6	71176978	71178591	1	1	1	17	0	44
chr6	71178765	71180070	1	1	1	207	0	45
chr6	71180164	71181887	1	1	1	982	0	46
chr6	71834033	71837986	1	1	1	1	0	14
chr6	72347315	72357363	2	2	1	1	0	12
chr6	72538100	72539792	1	1	1	0	1	3
chr6	72584017	72584224	1	1	1	1	0	3
chr6	72589094	72591054	2	2	1	1	0	8
chr6	73237575	73240790	1	1	1	1	0	3
chr6	83923346	83924800	1	1	1	1	0	15
chr6	83936951	83938958	1	1	1	1	0	26
chr6	86353602	86355714	1	1	1	0	1	12
chr6	86640083	86645519	2	2	1	1	0	10
chr6	86658686	86659837	2	2	1	3	0	41
chr6	87822303	87822446	2	2	1	1	0	9
chr6	88353394	88423187	2	2	1	1	0	13
chr6	90322380	90323287	1	1	1	1	0	6
chr6	90571631	90573849	1	1	1	1	0	13
chr6	91870482	91872194	1	1	1	1	0	25
chr6	93662679	93663557	2	2	1	2	0	24
chr6	93663619	93663762	2	2	1	2	0	7
chr6	95543508	95546552	2	2	1	1	0	20
chr6	97145852	97147286	2	2	1	1	0	28
chr6	108831410	108832427	1	1	1	1	0	21
chr6	109482272	109529015	2	2	1	1	0	18
chr6	113712170	113713332	2	2	1	1	0	9
chr6	115590503	115591535	1	1	1	1	0	44
chr6	115782650	115783946	2	2	1	7	1	42
chr6	116231455	116232009	1	1	1	2	0	25
chr6	116236218	116237451	1	1	1	1	0	38
chr6	118373268	118373723	2	2	1	1	0	12
chr6	118373798	118375034	2	2	1	1	0	6
chr6	119949818	119967052	2	2	1	1	0	21
chr6	120785433	120795294	2	2	1	1	0	23
chr6	120795361	120799548	2	2	1	2	0	20
chr6	121014561	121014970	2	2	1	1	0	44
chr6	121298663	121301223	1	1	1	1	0	22
chr6	121761715	121762789	1	1	1	0	3	43
chr6	121826426	121826682	1	1	1	0	1	7
chr6	121828436	121833242	1	1	1	1	0	10
chr6	121834457	121838007	1	1	1	1	0	17
chr6	121847610	121848263	1	1	1	1	0	35
chr6	121852516	121852774	1	1	1	1	0	27
chr6	121861362	121861520	1	1	1	1	0	41
chr6	121861649	121862762	1	1	1	0	4	45
chr6	121862854	121863503	1	1	1	1	0	7
chr6	121863573	121864373	1	1	1	3	0	16
chr6	121864477	121865521	1	1	1	25	0	42
chr6	121865564	121865871	1	1	1	51	0	45
chr6	121929387	121930329	1	1	1	0	3	45
chr6	121931142	121931925	1	1	1	0	1	44
chr6	122000007	122000263	1	1	1	0	1	7
chr6	122001995	122012935	1	1	1	2	0	18
chr6	122058634	122059657	1	1	1	0	5	45
chr6	122060460	122061275	1	1	1	0	1	44
chr6	122061379	122062426	1	1	1	9	0	42
chr6	122062469	122062782	1	1	1	16	0	44
chr6	122126972	122127229	1	1	1	0	1	7
chr6	122169238	122169494	1	1	1	0	1	7
chr6	122221222	122222267	1	1	1	0	5	45
chr6	124471003	124482189	1	1	1	1	0	29
chr6	124717659	124717882	2	2	1	1	0	9
chr6	124802142	124803261	2	2	1	1	0	42
chr6	124891677	124891880	2	2	1	1	0	43
chr6	124911383	124911548	1	1	1	1	0	4
chr6	125139065	125139174	2	2	1	3	0	30
chr6	125139357	125139440	2	2	1	1	0	9
chr6	125169590	125170185	1	1	1	1	0	13
chr6	125333942	125334275	1	1	1	1	0	35
chr6	125339831	125340004	2	2	1	1	0	41
chr6	126799153	126801898	2	2	1	1	0	23
chr6	128411836	128412676	2	2	1	1	0	32
chr6	128460690	128461826	2	2	1	56	0	44
chr6	128461869	128462520	2	2	1	30	0	42
chr6	128462624	128463080	2	2	1	2	0	36
chr6	128465063	128465868	2	2	1	2	0	38
chr6	128466823	128466981	2	2	1	3	0	42
chr6	128467057	128467485	2	2	1	3	0	11
chr6	128471793	128472155	2	2	1	1	0	10
chr6	128493894	128496354	2	2	1	1	0	44
chr6	128517313	128517966	2	2	1	1	0	5
chr6	128518067	128519797	2	2	1	1	0	31
chr6	133082569	133087755	1	1	1	1	0	40
chr6	136802546	136802998	2	2	1	1	0	9
chr6	137813882	137814113	1	1	1	1	0	29
chr6	138124814	138127765	1	1	1	1	0	39
chr6	138127861	138133129	1	1	1	1	0	35
chr6	139599564	139603493	1	1	1	1	0	39
chr6	141598302	141601031	1	1	1	1	0	44
chr6	141627101	141628929	1	1	1	2	0	34
chr6	141629048	141631115	1	1	1	7	0	38
chr6	141770927	141771967	2	2	1	0	1	6
chr6	141871477	141878151	2	2	1	0	1	6
chr6	142198976	142200094	2	2	1	0	1	6
chr6	146013256	146013874	2	2	1	1	0	24
chr6	146487317	146490237	1	1	1	1	0	40
chr6	146491535	146494131	1	1	1	1	0	10
chr6	148083238	148083385	2	2	1	2	0	11
chr7	3620691	3622428	1	1	1	1	0	23
chr7	3622507	3622999	1	1	1	10	0	39
chr7	3708919	3709649	1	1	1	2	0	20
chr7	4507800	4510381	2	2	1	1	0	37
chr7	4510423	4510520	2	2	1	1	0	14
chr7	4642978	4643071	2	2	1	1	0	38
chr7	4788279	4792003	2	2	1	1	0	38
chr7	4796626	4797062	1	1	1	1	0	16
chr7	4797182	4797416	1	1	1	7	0	38
chr7	7287274	7290644	2	2	1	1	0	27
chr7	12657009	12659318	1	1	1	1	0	20
chr7	12659529	12659663	1	1	1	1	0	8
chr7	12659793	12660322	1	1	1	6	0	33
chr7	12660422	12660498	1	1	1	30	0	45
chr7	12722580	12722659	2	2	1	2	0	20
chr7	12767970	12768561	2	2	1	1	0	31
chr7	14150238	14157361	2	2	1	1	0	4
chr7	14157489	14159272	2	2	1	2	0	19
chr7	15653872	15653967	2	2	1	1	0	31
chr7	15654043	15654229	2	2	1	1	0	7
chr7	15654284	15654373	2	2	1	1	0	25
chr7	15654399	15656176	2	2	1	1	0	6
chr7	15672156	15672276	2	2	1	2	0	30
chr7	16010036	16010126	2	2	1	1	0	3
chr7	18749056	18757273	2	2	1	1	0	10
chr7	18770758	18771784	1	1	1	1	0	9
chr7	18881077	18882300	2	2	1	1	0	21
chr7	18979346	18980501	2	4	1	1	0	26
chr7	19089287	19090343	1	1	1	1	0	33
chr7	19242758	19243277	1	1	1	1	0	17
chr7	19405774	19407153	2	2	1	1	0	23
chr7	19407305	19407471	2	2	1	1	0	4
chr7	19412135	19412188	1	1	1	8	0	36
chr7	19412238	19412534	2	2	1	20	0	43
chr7	19423562	19425812	2	2	1	223	1	46
chr7	19425961	19426335	2	2	1	8	0	42
chr7	19426412	19426533	2	2	1	2	0	30
chr7	19430224	19430736	1	3	1	2	0	23
chr7	19430235	19430585	1	3	1	1	0	32
chr7	19430267	19430386	2	2	1	1	0	18
chr7	19430317	19430358	2	4	1	24	0	30
chr7	19431029	19431403	2	2	1	4	0	29
chr7	19431573	19432112	2	2	1	2	0	33
chr7	19513722	19514697	2	2	1	3	0	41
chr7	24584093	24584560	1	1	1	1	0	34
chr7	24587891	24588331	1	1	1	15	0	38
chr7	24588387	24589165	1	1	1	19	0	43
chr7	25163326	25164273	2	2	1	0	1	26
chr7	25164306	25164892	2	2	1	0	1	32
chr7	25217611	25218583	2	2	1	0	1	26
chr7	25218616	25219387	2	2	1	0	1	32
chr7	26013122	26014127	1	1	1	0	1	15
chr7	26541295	26542302	1	1	1	0	1	15
chr7	26829861	26830594	1	1	1	3	0	37
chr7	27336620	27337486	1	1	1	1	0	20
chr7	27741346	27741525	2	2	1	1	0	25
chr7	27741582	27741763	2	2	1	1	0	11
chr7	28051699	28051787	1	1	1	2	0	42
chr7	28051836	28051918	1	1	1	3	0	27
chr7	28670864	28671956	2	2	1	3	0	41
chr7	28783060	28785136	2	2	1	1	0	28
chr7	28874173	28874835	2	2	1	1	0	43
chr7	28947160	28947321	2	2	1	2	0	40
chr7	29884597	29884699	1	1	1	1	0	9
chr7	29932544	29932709	1	1	1	1	0	18
chr7	30205727	30205801	1	1	1	1	0	27
chr7	30210649	30212234	1	1	1	1	0	37
chr7	30261560	30261748	2	2	1	2	0	25
chr7	30316588	30322839	2	2	1	2	0	20
chr7	30427329	30427411	2	2	1	1	0	21
chr7	30454472	30455389	1	1	1	1	0	9
chr7	30642007	30642089	2	2	1	13	0	40
chr7	30642150	30643321	2	2	1	1	0	42
chr7	30657327	30657413	2	2	1	8	0	46
chr7	30751206	30751357	2	2	1	3	0	5
chr7	30751241	30751357	2	2	1	4	0	30
chr7	30751413	30751552	2	2	1	4	0	29
chr7	30751603	30752449	2	2	1	1	0	26
chr7	34983094	34984140	2	2	1	3	0	17
chr7	35341611	35342039	2	2	1	1	0	29
chr7	35343141	35343775	2	2	1	1	0	18
chr7	35343838	35345568	2	2	1	1	0	12
chr7	43102382	43103941	1	1	1	1	0	20
chr7	43104005	43105902	1	1	1	4	0	19
chr7	43106062	43106993	1	1	1	5	0	29
chr7	44116758	44117066	1	1	1	2	0	38
chr7	44511183	44511617	1	1	1	1	0	21
chr7	44511852	44511922	1	1	1	1	0	6
chr7	44512619	44512802	2	2	1	3	0	34
chr7	44528939	44529350	2	2	1	1	0	31
chr7	44771973	44772252	2	2	1	1	0	3
chr7	44771983	44772252	2	2	1	6	0	35
chr7	44772663	44772842	2	2	1	1	0	15
chr7	44775433	44775574	2	4	1	3	0	6
chr7	44775457	44775538	2	2	1	35	0	46
chr7	44809249	44809365	1	1	1	3	0	38
chr7	45107708	45107958	2	2	1	3	0	33
chr7	45108085	45108507	2	2	1	3	0	46
chr7	45369912	45370137	1	1	1	13	0	44
chr7	55763022	55763145	1	1	1	1	0	3
chr7	58896966	58921694	1	1	1	1	0	4
chr7	58953560	58954557	1	1	1	2	0	43
chr7	64034118	64035426	2	2	1	2	0	32
chr7	65730215	65733147	1	1	1	2	0	14
chr7	65733162	65738850	1	1	1	1	0	14
chr7	66917953	66945122	2	2	1	2	0	40
chr7	73101588	73102846	2	2	1	1	0	15
chr7	73102976	73104076	2	2	1	1	0	41
chr7	75347183	75354112	1	1	1	1	0	15
chr7	80992598	80993482	2	2	1	14	0	45
chr7	80993549	80994058	2	2	1	4	0	39
chr7	81230596	81230914	1	1	1	1	0	45
chr7	81241597	81241754	1	1	1	1	0	25
chr7	81443475	81443905	2	2	1	1	0	7
chr7	84234553	84238038	2	2	1	11	1	45
chr7	89569400	89572771	2	2	1	1	0	25
chr7	90100144	90100750	2	2	1	1	0	21
chr7	97056217	97056825	1	1	1	1	0	43
chr7	97319081	97320009	1	1	1	1	0	30
chr7	98828365	98829254	1	3	1	1	0	46
chr7	99128159	99128480	2	2	1	15	0	44
chr7	99128678	99129082	2	2	1	1	0	21
chr7	99489091	99493906	2	2	1	3	0	36
chr7	100199837	100201785	2	2	1	1	0	19
chr7	100993242	100994841	1	1	1	2	0	15
chr7	100994895	100995098	1	1	1	2	0	44
chr7	101523180	101523659	1	1	1	1	0	16
chr7	103461992	103462645	2	2	1	0	1	7
chr7	103476001	103476654	2	2	1	0	1	7
chr7	105241149	105241286	2	2	1	2	0	30
chr7	105244407	105244666	2	2	1	2	0	38
chr7	105392271	105392432	2	2	1	1	0	35
chr7	107285181	107296773	1	1	1	1	0	27
chr7	108540215	108540667	1	1	1	4	0	31
chr7	109119850	109120807	1	1	1	0	3	45
chr7	110651667	110652588	1	1	1	1	0	33
chr7	110677547	110677628	2	2	1	1	0	38
chr7	110679530	110680105	2	2	1	3	0	19
chr7	111706117	111707642	1	1	1	1	0	41
chr7	113865780	113866355	2	2	1	1	0	15
chr7	115930819	115931613	2	2	1	6	0	41
chr7	115931715	115932163	2	2	1	6	0	43
chr7	117708417	117709155	2	2	1	7	0	41
chr7	117719634	117720383	2	2	1	2	0	44
chr7	117720469	117721148	2	2	1	2	0	35
chr7	118124518	118125046	2	2	1	1	0	34
chr7	120256894	120258243	1	1	1	2	0	39
chr7	121687562	121690808	2	2	1	1	0	20
chr7	121690187	121690808	2	2	1	15	0	45
chr7	121690909	121692839	2	2	1	0	1	12
chr7	122723556	122723890	1	1	1	2	0	8
chr7	122723939	122742972	1	1	1	2	0	36
chr7	126091109	126091195	1	1	1	1	0	39
chr7	126146253	126146356	2	2	1	1	0	26
chr7	126146844	126146934	2	2	1	1	0	12
chr7	126274319	126274399	2	2	1	1	0	22
chr7	126295453	126295726	1	1	1	2	0	36
chr7	126485488	126488062	2	2	1	1	0	19
chr7	127304348	127304898	2	2	1	1	0	44
chr7	127304985	127306347	2	2	1	0	1	6
chr7	127304985	127307051	2	2	1	0	1	3
chr7	129229838	129230717	1	1	1	1	0	9
chr7	133628042	133629586	1	1	1	1	0	19
chr7	136978081	136989099	2	2	1	1	0	14
chr7	137061025	137061209	1	1	1	1	0	6
chr7	137061272	137063074	1	1	1	1	0	24
chr7	139690557	139691608	2	2	1	1	0	31
chr7	140349159	140349476	1	1	1	2	0	21
chr7	140349638	140349964	1	1	1	1	0	14
chr7	140350142	140350854	1	1	1	1	0	7
chr7	140350997	140352931	1	1	1	1	0	19
chr7	140353685	140354470	1	1	1	2	0	22
chr7	140487619	140487703	1	1	1	1	0	12
chr7	140487619	140487752	1	1	1	5	0	44
chr7	140740479	140740562	2	2	1	1	0	6
chr7	141027945	141028638	1	1	1	1	0	6
chr7	141028688	141030916	1	1	1	3	0	43
chr7	141031016	141031144	1	1	1	7	0	44
chr7	141069657	141070674	1	1	1	1	0	24
chr7	141076060	141076283	2	2	1	1	0	19
chr7	142066360	142068062	1	1	1	1	0	34
chr7	142068104	142069512	1	1	1	1	0	17
chr7	142620500	142620883	1	1	1	1	0	6
chr7	142620971	142621048	1	1	1	1	0	32
chr7	143115664	143116697	2	2	1	1	0	42
chr8	3660220	3660310	2	2	1	1	0	5
chr8	3672429	3672592	1	1	1	2	0	33
chr8	3672626	3673223	1	1	1	8	0	33
chr8	3692056	3692645	1	1	1	3	0	22
chr8	3706146	3706907	1	1	1	1	0	32
chr8	4320026	4324136	2	2	1	1	0	15
chr8	11556816	11559321	1	1	1	1	0	19
chr8	13080772	13082184	1	1	1	2	0	25
chr8	20650190	20663691	1	1	1	0	1	21
chr8	20663159	20663691	1	1	1	0	1	21
chr8	21227203	21227735	1	1	1	0	1	21
chr8	21248656	21249188	1	1	1	0	1	21
chr8	22695798	22696792	1	1	1	1	0	20
chr8	25659339	25661287	2	2	1	2	0	28
chr8	25661341	25665157	2	2	1	1	0	11
chr8	26307537	26307631	2	2	1	1	0	40
chr8	41652787	41653481	2	2	1	1	0	34
chr8	45723829	45725352	2	2	1	1	0	42
chr8	48122372	48127540	2	2	1	2	0	27
chr8	60996658	60998256	1	1	1	1	0	29
chr8	61366210	61367786	2	2	1	1	0	7
chr8	61390522	61391581	2	2	1	1	0	38
chr8	68335723	68356768	2	2	1	1	0	8
chr8	68356828	68358910	2	2	1	1	0	22
chr8	70347061	70347153	2	2	1	4	0	18
chr8	70347226	70347891	2	2	1	1	0	8
chr8	70761227	70762985	1	1	1	1	0	37
chr8	70765431	70765508	1	1	1	3	0	44
chr8	70961179	70961945	2	2	1	1	0	15
chr8	71348152	71348243	2	2	1	15	0	46
chr8	71821948	71822170	1	1	1	3	0	21
chr8	71825447	71825589	1	1	1	1	0	3
chr8	72928448	72929683	1	1	1	1	0	23
chr8	72958275	72959406	2	2	1	2	0	32
chr8	73009667	73009950	1	1	1	1	0	20
chr8	73466117	73466357	1	1	1	1	0	19
chr8	80386092	80387666	1	1	1	1	0	13
chr8	81431447	81431847	2	2	1	1	0	39
chr8	81435856	81436284	2	2	1	1	0	38
chr8	84297628	84298061	1	1	1	2	0	41
chr8	85440487	85448271	2	2	1	3	0	32
chr8	85454309	85454533	2	2	1	1	0	4
chr8	85454597	85498412	2	2	1	1	0	19
chr8	85568795	85569230	1	3	1	1	0	18
chr8	85569474	85569572	2	2	1	8	0	43
chr8	85569666	85570693	2	2	1	3	0	35
chr8	85570838	85571006	2	2	1	1	0	24
chr8	86445557	86449259	2	2	1	1	0	31
chr8	91705628	91710089	1	1	1	1	0	32
chr8	91833612	91833685	1	1	1	1	0	31
chr8	93908192	93911585	2	2	1	0	1	33
chr8	93928204	93928468	2	2	1	1	0	29
chr8	93983565	93984884	2	2	1	1	0	29
chr8	95549836	95550280	2	2	1	1	0	6
chr8	105467467	105467861	1	1	1	2	0	33
chr8	105780317	105782210	1	1	1	1	0	28
chr8	105784447	105784539	1	1	1	1	0	4
chr8	106662538	106662627	2	2	1	1	0	3
chr8	110303412	110303761	2	2	1	1	0	20
chr8	110713425	110716341	1	1	1	1	0	26
chr8	112721574	112724246	1	1	1	1	0	17
chr8	118183697	118186067	1	1	1	4	0	39
chr8	120072473	120074774	1	1	1	2	0	27
chr8	121400092	121400709	1	1	1	3	0	29
chr8	123793315	123797114	1	1	1	1	0	17
chr8	123830096	123830636	1	1	1	1	0	35
chr8	123830694	123831782	1	1	1	0	1	22
chr8	124100804	124108138	1	1	1	1	0	27
chr8	124108301	124109265	1	1	1	1	0	19
chr8	124125346	124126003	1	1	1	1	0	7
chr8	125568522	125569101	2	2	1	1	0	28
chr8	129160857	129184337	1	1	1	1	0	19
chr8	129184470	129199535	2	2	1	4	0	38
chr8	129446956	129448864	1	1	1	1	0	22
chr9	3000559	3002954	2	2	1	0	2	35
chr9	3000559	3007226	2	2	1	0	2	40
chr9	3000559	3009411	2	2	1	0	2	40
chr9	3000559	3012864	2	2	1	0	2	40
chr9	3000588	3007255	1	1	1	0	3	45
chr9	3000588	3009440	1	1	1	0	3	45
chr9	3000588	3012893	1	1	1	0	3	45
chr9	3000588	3026750	1	1	1	0	1	34
chr9	3000969	3002954	2	2	1	0	2	35
chr9	3000969	3007226	2	2	1	0	1	40
chr9	3000969	3009411	2	2	1	0	1	40
chr9	3000969	3012864	2	2	1	0	1	40
chr9	3000998	3007255	1	1	1	0	3	45
chr9	3000998	3009440	1	1	1	0	3	45
chr9	3000998	3012893	1	1	1	0	3	45
chr9	3000998	3026750	1	1	1	0	1	34
chr9	3001203	3002954	2	2	1	0	1	35
chr9	3001203	3007226	2	2	1	0	1	40
chr9	3001203	3009411	2	2	1	0	1	40
chr9	3001203	3012864	2	2	1	0	1	40
chr9	3001466	3007255	1	1	1	0	3	45
chr9	3001466	3009440	1	1	1	0	3	45
chr9	3001466	3012893	1	1	1	0	3	45
chr9	3001466	3026750	1	1	1	0	1	34
chr9	3001524	3001990	1	1	1	0	2	40
chr9	3001524	3003275	1	1	1	0	2	40
chr9	3001524	3010551	1	1	1	0	2	40
chr9	3001524	3014004	1	1	1	0	2	40
chr9	3002138	3002721	2	2	1	0	6	29
chr9	3002138	3007578	2	2	1	0	6	29
chr9	3002138	3009997	2	2	1	0	6	29
chr9	3002138	3013450	2	2	1	0	6	29
chr9	3002372	3002721	2	2	0	0	1	19
chr9	3002372	3007578	2	2	0	0	1	19
chr9	3002372	3009997	2	2	0	0	1	19
chr9	3002372	3013450	2	2	0	0	1	19
chr9	3002751	3007255	1	1	1	0	2	32
chr9	3002751	3009440	1	1	1	0	2	32
chr9	3002751	3012893	1	1	1	0	2	32
chr9	3002809	3003275	1	1	1	0	2	40
chr9	3002809	3010551	1	1	1	0	2	40
chr9	3002809	3014004	1	1	1	0	2	40
chr9	3003423	3007226	2	2	1	0	2	40
chr9	3003423	3007578	2	2	1	0	1	13
chr9	3003423	3009411	2	2	1	0	2	40
chr9	3003423	3009997	2	2	1	0	1	13
chr9	3003423	3012864	2	2	1	0	2	40
chr9	3003423	3013450	2	2	1	0	1	13
chr9	3004270	3005907	1	1	1	0	2	43
chr9	3004534	3008455	2	2	1	0	1	22
chr9	3004534	3010873	2	2	1	0	1	22
chr9	3004534	3011516	2	2	1	0	1	22
chr9	3004534	3017017	2	2	1	0	1	22
chr9	3004534	3017894	2	2	1	0	1	22
chr9	3004534	3022044	2	2	1	0	1	22
chr9	3004534	3033739	2	2	1	0	1	22
chr9	3006289	3007578	2	2	1	0	3	14
chr9	3006289	3009997	2	2	1	0	3	14
chr9	3006289	3013450	2	2	1	0	3	14
chr9	3006843	3010551	1	1	1	0	2	40
chr9	3006843	3014004	1	1	1	0	2	40
chr9	3006843	3020785	1	1	1	0	2	40
chr9	3006853	3031090	1	1	1	0	1	28
chr9	3007608	3009440	1	1	1	0	2	32
chr9	3007608	3012893	1	1	1	0	2	32
chr9	3007666	3010551	1	1	1	0	2	40
chr9	3007666	3014004	1	1	1	0	2	40
chr9	3007666	3020785	1	1	1	0	2	40
chr9	3010027	3012893	1	1	1	0	2	32
chr9	3010085	3010551	1	1	1	0	2	40
chr9	3010085	3014004	1	1	1	0	2	40
chr9	3010085	3020785	1	1	1	0	2	40
chr9	3012161	3013450	2	2	1	0	3	14
chr9	3012161	3024090	2	2	1	0	3	14
chr9	3013480	3026750	1	1	1	0	1	34
chr9	3013538	3014004	1	1	1	0	2	40
chr9	3013538	3020785	1	1	1	0	2	40
chr9	3014152	3024090	2	2	1	0	1	13
chr9	3014152	3029003	2	2	1	0	1	13
chr9	3015467	3015992	1	1	1	0	3	43
chr9	3015739	3020240	1	1	1	0	1	35
chr9	3015739	3020473	1	1	1	0	1	35
chr9	3015739	3024099	1	1	1	0	1	35
chr9	3015739	3028778	1	1	1	0	1	35
chr9	3015739	3029012	1	1	1	0	1	35
chr9	3015739	3032872	1	1	1	0	1	35
chr9	3015739	3035386	1	1	1	0	1	35
chr9	3015739	3036030	1	1	1	0	1	35
chr9	3016140	3016607	2	2	1	0	1	13
chr9	3016140	3017484	2	2	1	0	1	13
chr9	3016140	3018361	2	2	1	0	1	13
chr9	3016140	3019063	2	2	1	0	1	13
chr9	3016140	3020932	2	2	1	0	1	13
chr9	3016140	3021634	2	2	1	0	1	13
chr9	3016140	3022979	2	2	1	0	1	13
chr9	3016140	3025726	2	2	1	0	1	13
chr9	3016140	3026428	2	2	1	0	1	13
chr9	3016140	3027131	2	2	1	0	1	13
chr9	3016140	3028535	2	2	1	0	1	13
chr9	3016140	3029472	2	2	1	0	1	13
chr9	3016140	3029707	2	2	1	0	1	13
chr9	3016140	3030878	2	2	1	0	1	13
chr9	3016140	3031693	2	2	1	0	1	13
chr9	3017221	3017981	1	1	1	0	4	43
chr9	3019356	3024090	2	2	1	0	3	14
chr9	3019356	3027131	2	2	1	1	0	17
chr9	3019356	3032863	2	2	1	0	3	14
chr9	3019765	3024090	2	2	1	0	3	14
chr9	3019765	3032863	2	2	1	0	3	14
chr9	3020319	3020785	1	1	1	0	2	40
chr9	3020319	3033417	1	1	1	0	2	40
chr9	3020933	3024090	2	2	1	0	2	13
chr9	3020933	3029003	2	2	1	0	1	13
chr9	3020933	3032863	2	2	1	0	2	13
chr9	3020933	3035377	2	2	1	0	1	13
chr9	3020933	3036021	2	2	1	0	2	13
chr9	3022512	3022979	2	2	1	0	1	15
chr9	3022512	3024090	2	2	1	0	1	5
chr9	3022512	3032863	2	2	1	0	1	5
chr9	3022512	3033973	2	2	1	0	1	15
chr9	3022512	3036021	2	2	1	0	1	5
chr9	3023887	3026750	1	1	1	0	1	34
chr9	3023945	3033417	1	1	1	0	1	40
chr9	3024120	3026750	1	1	1	0	1	34
chr9	3024178	3033417	1	1	1	0	2	40
chr9	3024188	3031090	1	1	1	0	1	28
chr9	3024208	3034091	1	1	1	0	4	22
chr9	3024880	3033417	1	1	1	0	1	40
chr9	3025055	3026750	1	1	1	0	1	34
chr9	3025113	3033417	1	1	1	0	1	40
chr9	3025123	3031090	1	1	1	0	1	28
chr9	3025143	3034091	1	1	1	0	2	22
chr9	3025580	3033417	1	1	1	0	1	40
chr9	3025590	3031090	1	1	1	0	1	28
chr9	3025610	3034091	1	1	1	0	2	22
chr9	3025727	3032863	2	2	1	0	1	5
chr9	3025727	3036021	2	2	1	0	1	5
chr9	3028155	3028738	1	1	1	0	1	28
chr9	3028155	3030379	1	1	1	0	1	28
chr9	3028165	3031090	1	1	1	0	1	13
chr9	3029708	3032863	2	2	1	0	5	34
chr9	3029708	3035377	2	2	1	0	2	34
chr9	3029708	3036021	2	2	1	0	3	34
chr9	3030879	3032863	2	2	1	0	1	5
chr9	3030879	3036021	2	2	1	0	1	5
chr9	3032630	3032863	2	2	1	0	1	5
chr9	3032630	3036021	2	2	1	0	1	5
chr9	3032951	3033417	1	1	1	0	2	40
chr9	3034676	3036021	2	2	1	0	1	5
chr9	3034910	3036021	2	2	1	0	1	5
chr9	3037188	3037421	2	2	1	1	0	38
chr9	3404191	3409965	1	1	1	1	0	43
chr9	5306227	5306669	1	1	1	1	0	44
chr9	9011443	9015300	2	2	1	1	0	21
chr9	9015360	9016144	2	2	1	1	0	12
chr9	9030874	9033471	2	2	1	1	0	42
chr9	9155366	9180027	2	2	1	2	0	46
chr9	13727429	13728182	2	2	1	1	0	41
chr9	14473517	14482918	2	2	1	1	0	12
chr9	15173735	15174899	2	2	1	1	0	15
chr9	20556190	20556488	1	1	1	1	0	18
chr9	20556556	20556701	1	1	1	1	0	7
chr9	20556786	20556917	1	1	1	1	0	3
chr9	20556956	20557911	1	1	1	3	0	33
chr9	20805739	20805928	2	2	1	1	0	29
chr9	21500161	21500392	2	2	1	2	0	14
chr9	21552382	21553720	1	1	1	3	0	44
chr9	21558778	21558913	1	1	1	1	0	45
chr9	21924463	21925207	1	1	1	2	0	32
chr9	21984384	21984721	2	2	1	1	0	6
chr9	22360151	22361097	2	2	1	1	0	4
chr9	22361160	22365074	2	2	1	2	0	29
chr9	26918248	26918453	1	1	1	1	0	7
chr9	26952852	26955791	1	1	1	1	0	28
chr9	31081930	31083229	2	2	1	1	0	21
chr9	31308434	31309015	1	1	1	1	0	13
chr9	31309090	31309855	1	1	1	1	0	5
chr9	31309941	31310444	1	1	1	1	0	19
chr9	35123808	35124015	1	1	1	4	0	42
chr9	36687607	36693433	1	1	1	1	0	19
chr9	37565733	37566317	2	2	1	1	0	15
chr9	40713424	40713713	1	1	1	1	0	27
chr9	40715992	40716227	1	1	1	2	0	15
chr9	42167094	42167402	2	2	1	1	0	9
chr9	44319381	44319982	1	1	1	2	0	42
chr9	44320167	44321250	1	1	1	0	7	43
chr9	44321350	44321442	1	1	1	7	3	44
chr9	44656920	44661621	2	2	1	2	0	40
chr9	44711031	44712890	2	2	1	1	0	21
chr9	44824765	44825948	2	2	1	0	4	40
chr9	44826110	44831907	2	2	1	0	1	18
chr9	44955662	44958461	1	1	1	1	0	22
chr9	45721207	45729275	2	2	1	1	0	18
chr9	46140035	46140235	1	1	1	2	0	13
chr9	46140298	46140413	1	1	1	3	0	19
chr9	46140568	46141102	1	1	1	2	0	42
chr9	46144642	46145714	2	2	1	1	0	9
chr9	48986337	48988751	1	1	1	1	0	6
chr9	50519237	50520671	2	2	1	1	0	11
chr9	50570090	50570490	2	2	1	1	0	44
chr9	50604992	50606770	2	2	1	1	0	13
chr9	51854950	51859876	2	2	1	3	0	43
chr9	51959733	51972131	1	1	1	2	0	22
chr9	51980204	51980914	1	1	1	2	0	30
chr9	51981079	51984453	1	1	1	4	0	39
chr9	53532584	53533157	2	2	1	1	0	10
chr9	53535582	53537162	2	2	1	1	0	10
chr9	54863672	54864094	1	1	1	1	0	27
chr9	55362047	55368903	2	2	1	3	0	21
chr9	55714405	55714889	2	2	1	1	0	9
chr9	57437646	57438951	1	1	1	1	0	32
chr9	57439076	57439564	1	1	1	4	0	32
chr9	57662652	57665566	2	2	1	2	0	5
chr9	61820804	61821169	2	2	1	1	0	21
chr9	62284646	62284835	1	1	1	1	0	30
chr9	65215905	65217433	1	1	1	1	0	4
chr9	65231582	65234063	1	1	1	1	0	42
chr9	65967683	65968748	1	1	1	1	0	27
chr9	66345033	66346459	1	1	1	1	0	26
chr9	66853463	66854112	1	1	1	1	0	6
chr9	66854980	66856610	1	1	1	11	0	46
chr9	66943411	66955067	2	2	1	1	0	22
chr9	69284173	69286078	1	1	1	1	0	5
chr9	70487338	70487448	1	1	1	1	0	16
chr9	70705691	70709354	2	2	1	1	0	29
chr9	72638719	72639873	1	1	1	1	0	44
chr9	78148941	78149734	1	1	1	1	0	26
chr9	78249880	78254370	2	2	1	1	0	7
chr9	78386141	78386239	2	2	1	1	0	26
chr9	78387703	78387792	2	4	1	1	0	23
chr9	78390939	78414380	1	1	1	1	0	21
chr9	79662888	79663558	2	2	1	3	0	34
chr9	79682534	79683434	2	2	1	1	0	9
chr9	79683523	79684505	2	2	1	1	0	7
chr9	80018736	80021008	1	1	1	2	0	24
chr9	80201257	80203924	1	1	1	2	0	3
chr9	80203964	80206427	1	1	1	2	0	39
chr9	82778195	82782674	2	2	1	1	0	36
chr9	82782907	82785176	2	2	1	1	0	33
chr9	86464961	86469015	2	2	1	1	0	44
chr9	86920809	86922434	1	1	1	1	0	32
chr9	89974456	89975786	2	2	1	1	0	5
chr9	89982577	89984352	2	2	1	0	4	42
chr9	89984440	89985707	2	2	1	1	0	43
chr9	89984440	89989287	2	2	1	0	6	44
chr9	89989356	89992178	2	2	1	1	0	23
chr9	89992226	89996588	2	2	1	1	0	22
chr9	93007984	93020546	1	1	1	0	1	14
chr9	95346535	95348598	2	2	1	1	0	21
chr9	95356541	95357254	2	2	1	1	0	3
chr9	95357351	95358159	2	2	1	1	0	40
chr9	95852865	95855331	1	1	1	1	0	39
chr9	95885996	95888049	1	1	1	1	0	38
chr9	98469459	98469604	1	1	1	1	0	41
chr9	98470980	98472087	2	2	1	1	0	31
chr9	100678909	100685333	1	1	1	1	0	4
chr9	100876703	100877612	2	2	1	1	0	42
chr9	101025938	101030986	2	2	1	1	0	24
chr9	103086190	103094603	1	3	1	1	0	27
chr9	103086278	103087693	2	2	1	85	0	45
chr9	103087878	103089010	2	2	1	3	0	42
chr9	103089196	103092391	2	2	1	15	0	44
chr9	103092457	103093012	2	2	1	5	0	41
chr9	103093143	103094561	2	2	1	4	0	44
chr9	103094733	103096421	2	2	1	2	0	26
chr9	103098244	103099249	2	2	1	2	0	16
chr9	103099428	103100133	2	2	1	2	0	18
chr9	103100313	103100782	2	2	1	1	0	26
chr9	103102375	103103159	2	2	1	1	0	15
chr9	103103337	103104036	2	2	1	3	0	20
chr9	103127862	103128989	2	2	1	15	0	42
chr9	103237218	103241173	2	2	1	0	1	25
chr9	103927170	103931261	2	2	1	1	0	14
chr9	103937507	103937592	2	2	1	1	0	38
chr9	103937639	103939990	2	2	1	1	0	8
chr9	103968930	103972719	1	1	1	1	0	21
chr9	106111397	106112586	2	2	1	1	0	11
chr9	106307572	106308267	1	1	1	2	0	42
chr9	107664598	107664977	2	2	1	2	0	37
chr9	108392233	108392305	1	1	1	1	0	18
chr9	108392432	108392994	1	1	1	4	0	42
chr9	108442610	108442696	1	1	1	1	0	43
chr9	108777702	108778006	1	1	1	1	0	44
chr9	108778083	108778502	1	1	1	1	0	43
chr9	108907494	108911069	2	2	1	1	0	6
chr9	110033395	110035066	1	1	1	1	0	8
chr9	114618814	114619705	2	2	1	5	0	43
chr9	115077687	115079846	2	2	1	2	0	43
chr9	118716952	118726301	1	1	1	1	0	37
chr9	119956897	119957522	1	1	1	1	0	17
chr9	119960232	119960465	1	1	1	12	0	44
chr9	119960232	119960468	1	1	1	1	0	14
chr9	120784318	120784394	1	1	1	1	0	35
chr9	121678756	121679253	2	2	1	6	0	31
chr9	122961106	122964963	1	1	1	2	0	6
chr9	123621815	123623789	2	2	1	1	0	46
chr10	4353502	4353873	2	2	1	1	0	15
chr10	12596687	12601954	2	2	1	1	0	45
chr10	12610962	12612695	2	2	1	1	0	6
chr10	20145335	20149025	1	1	1	1	0	40
chr10	23661172	23661473	2	2	1	14	1	46
chr10	23661576	23661799	2	2	1	5	0	30
chr10	24675165	24680296	2	2	1	1	0	27
chr10	28468902	28471797	1	1	1	1	0	22
chr10	29198414	29207814	1	1	1	1	0	24
chr10	29207868	29210186	1	1	1	1	0	6
chr10	30073223	30074461	2	2	1	1	0	22
chr10	30484420	30486312	2	2	1	1	0	5
chr10	33878564	33884988	2	2	1	1	0	24
chr10	40165466	40166113	2	2	1	1	0	17
chr10	42679979	42681071	1	1	1	1	0	12
chr10	42686922	42688431	1	1	1	2	0	42
chr10	42688835	42691050	1	1	1	1	0	9
chr10	50403072	50429906	1	1	1	1	0	40
chr10	53177778	53188603	2	2	1	1	0	22
chr10	57681760	57683450	1	1	1	1	0	17
chr10	58091394	58091650	1	1	1	1	0	30
chr10	58092727	58094062	1	1	1	1	0	30
chr10	58094131	58103788	1	1	1	3	0	18
chr10	58116519	58117178	1	1	1	1	0	36
chr10	60136398	60136552	1	1	1	1	0	23
chr10	62316487	62322436	2	2	1	1	0	39
chr10	62875012	62883246	1	1	1	1	0	35
chr10	62883347	62883720	1	1	1	1	0	40
chr10	66849566	66850680	2	2	1	1	0	40
chr10	69051183	69084600	1	1	1	1	0	39
chr10	71070845	71071372	2	2	1	1	0	16
chr10	71071444	71072745	2	2	1	1	0	5
chr10	75368204	75371094	1	1	1	1	0	20
chr10	75607341	75608571	2	2	1	2	0	9
chr10	75772257	75773230	2	4	1	1	0	27
chr10	75773289	75773408	1	1	1	10	0	40
chr10	76420528	76422966	1	1	1	2	0	14
chr10	77433890	77434525	2	4	1	1	0	40
chr10	78006963	78007255	2	4	1	1	0	22
chr10	78109610	78109905	2	2	1	1	0	34
chr10	78236819	78237683	2	2	1	1	0	12
chr10	79891934	79892019	1	1	1	1	0	17
chr10	79952742	79960635	1	1	1	1	0	32
chr10	80091847	80092469	1	1	1	5	0	39
chr10	80129711	80129800	1	1	1	9	0	39
chr10	80238990	80239969	2	2	1	8	7	46
chr10	80924451	80925140	2	2	1	6	0	40
chr10	81017432	81018253	1	3	1	1	0	24
chr10	81108794	81108882	1	1	1	1	0	16
chr10	81109224	81109482	2	2	1	1	0	22
chr10	81109530	81109636	2	2	1	1	0	28
chr10	81236906	81239185	2	2	1	3	0	31
chr10	82720933	82721019	1	1	1	1	0	20
chr10	85724346	85724876	2	2	1	1	0	23
chr10	86526993	86527492	2	2	1	2	0	8
chr10	86527613	86528003	2	2	1	1	0	5
chr10	86529378	86529777	2	2	1	1	0	25
chr10	86534303	86534447	2	2	1	10	0	34
chr10	86534560	86537560	2	2	1	2	0	36
chr10	87414849	87417709	1	1	1	1	0	29
chr10	87417826	87419393	1	1	1	2	0	37
chr10	87749663	87766536	1	1	1	4	0	45
chr10	88070321	88081617	1	1	1	1	0	30
chr10	88308847	88311287	2	2	1	4	0	36
chr10	89290811	89292392	2	2	1	1	0	16
chr10	89314739	89316352	2	2	1	1	0	41
chr10	89561766	89562498	2	2	1	2	0	37
chr10	90989260	90994609	2	2	1	1	0	20
chr10	93336560	93339123	1	1	1	1	0	40
chr10	93339190	93339265	1	1	1	2	0	35
chr10	93419393	93419891	2	2	1	1	0	3
chr10	93419957	93423859	2	2	1	1	1	45
chr10	93716001	93722855	2	2	1	1	0	30
chr10	93722964	93725399	2	2	1	0	1	3
chr10	95316840	95326107	2	2	1	1	0	39
chr10	95329578	95332685	2	2	1	1	0	11
chr10	95332750	95336244	2	2	1	1	0	14
chr10	95832955	95838748	1	1	1	1	0	34
chr10	95849288	95853867	1	1	1	1	0	17
chr10	97349600	97353322	1	1	1	0	1	3
chr10	98829768	98830507	1	1	1	1	0	12
chr10	108088786	108089185	1	1	1	1	0	32
chr10	108089357	108095616	1	1	1	1	0	22
chr10	108095708	108096696	1	1	1	1	0	17
chr10	108098293	108100563	1	1	1	1	0	3
chr10	108100630	108103264	1	1	1	1	0	17
chr10	108103282	108104432	1	1	1	1	0	6
chr10	111326999	111327947	1	1	1	0	1	38
chr10	114867338	114867469	2	2	1	2	0	16
chr10	116208882	116216736	1	1	1	1	0	13
chr10	116216858	116219757	1	1	1	1	0	44
chr10	121388415	121388933	2	2	1	1	0	26
chr10	121388974	121389649	2	2	1	1	0	26
chr10	121932000	121932804	2	2	1	1	0	15
chr10	126933991	126934209	2	2	1	2	0	15
chr10	126934786	126935271	2	2	1	1	0	42
chr10	126935861	126935953	2	2	1	2	0	41
chr10	126955537	126956237	2	2	1	1	0	8
chr10	127294068	127294678	1	1	1	1	0	27
chr10	127720638	127721541	2	2	1	2	0	41
chr10	127884237	127884361	1	1	1	5	0	34
chr10	127952039	127952174	1	1	1	1	0	43
chr10	127952627	127954423	1	1	1	1	0	7
chr10	127969237	127969509	2	2	1	1	0	27
chr10	128162137	128162445	1	1	1	2	0	38
chr10	128162543	128162886	1	1	1	2	0	38
chr10	128318812	128319043	1	1	1	2	0	12
chr10	128326903	128327927	2	2	1	0	4	43
chr10	128460506	128461075	2	2	1	27	0	46
chr10	128461207	128461931	2	2	1	3	0	10
chr10	128689121	128708289	1	1	1	0	3	37
chr11	4047175	4047284	2	4	1	2	0	46
chr11	4652221	4654156	2	2	1	1	0	5
chr11	7150898	7151885	1	1	1	2	0	18
chr11	16451808	16454735	2	2	1	0	15	45
chr11	16456473	16458103	2	2	1	0	2	21
chr11	16813081	16817230	1	1	1	1	0	42
chr11	16819361	16820975	1	1	1	1	0	28
chr11	16821710	16821801	1	1	1	1	0	13
chr11	16840055	16841177	1	1	1	2	0	36
chr11	21509876	21512864	2	2	1	1	0	23
chr11	22952931	22953136	1	1	1	1	0	44
chr11	23206718	23211834	1	1	1	1	0	5
chr11	23351579	23353559	1	1	1	1	0	32
chr11	23437223	23438208	1	1	1	3	0	33
chr11	29161256	29161606	1	1	1	2	0	23
chr11	29496030	29496290	2	2	1	5	0	40
chr11	30063995	30064675	2	2	1	1	0	35
chr11	30792121	30793506	1	1	1	1	0	31
chr11	30815590	30824117	1	1	1	1	0	21
chr11	30881849	30884671	2	2	1	1	0	31
chr11	30884748	30884981	2	2	1	1	0	16
chr11	32234129	32234262	1	1	1	1	2	42
chr11	32246946	32247079	1	1	1	0	2	42
chr11	33106105	33106663	2	2	1	1	0	41
chr11	33107049	33109933	2	2	1	1	0	26
chr11	33109996	33110333	2	2	1	1	0	4
chr11	33110922	33111105	2	2	1	1	0	5
chr11	33111226	33111547	2	2	1	1	0	43
chr11	43313814	43315545	2	2	1	2	0	46
chr11	45720417	45720810	1	1	1	1	0	25
chr11	46561846	46567136	2	2	1	4	0	22
chr11	46567174	46568032	2	2	1	1	0	35
chr11	48695124	48696371	1	1	1	4	0	40
chr11	48696483	48696806	1	1	1	6	0	42
chr11	49986808	49995375	1	1	1	1	0	40
chr11	50288601	50289197	2	2	1	1	0	25
chr11	51492306	51492576	2	2	1	3	0	44
chr11	51513418	51513918	1	1	1	1	0	44
chr11	51888726	51891119	2	2	1	1	0	12
chr11	52267371	52267474	1	1	1	1	0	19
chr11	53157946	53159316	2	2	1	1	0	30
chr11	53313277	53313576	2	2	1	1	0	34
chr11	53319978	53321362	2	2	1	18	0	36
chr11	53560585	53565524	2	2	1	1	0	40
chr11	53565639	53565729	2	2	1	1	0	10
chr11	53586239	53588940	2	2	1	2	0	24
chr11	55337611	55341282	2	2	1	3	0	33
chr11	55345780	55351913	2	2	1	1	0	30
chr11	57383953	57390551	2	2	1	1	0	19
chr11	57698949	57700767	1	1	1	1	0	46
chr11	59618530	59622333	1	1	1	0	1	27
chr11	59861702	59862009	2	2	1	1	0	36
chr11	60609934	60610518	2	2	1	1	0	38
chr11	62275669	62280516	2	2	1	3	0	25
chr11	62280619	62281804	2	2	1	1	0	40
chr11	62292094	62294624	2	2	1	1	0	38
chr11	67080066	67080144	1	1	1	0	1	3
chr11	67105654	67105743	1	1	1	0	1	3
chr11	67188846	67189170	1	1	1	0	1	3
chr11	68675823	68676021	1	1	1	1	0	36
chr11	68794146	68795190	1	1	1	5	4	44
chr11	69287187	69287345	1	1	1	2	0	12
chr11	69730095	69730191	1	1	1	1	0	42
chr11	69805260	69805577	1	1	1	1	0	6
chr11	69808168	69808253	2	2	1	1	0	33
chr11	70552897	70553039	1	1	1	1	0	45
chr11	70572595	70573286	2	2	1	1	0	33
chr11	70775795	70777836	1	1	1	1	0	10
chr11	70795610	70799211	1	1	1	1	0	16
chr11	70906627	70909137	2	2	1	1	0	35
chr11	72621448	72623073	1	1	1	1	0	3
chr11	74581437	74590136	2	2	1	1	0	22
chr11	75301871	75304732	2	2	1	1	0	20
chr11	76941539	76945769	2	2	1	1	0	35
chr11	78071824	78071979	2	2	1	9	0	45
chr11	78072050	78072242	2	2	1	12	0	42
chr11	78129901	78218739	1	1	1	2	0	22
chr11	78391088	78391254	1	1	1	1	0	12
chr11	78391412	78391520	1	1	1	1	0	45
chr11	78392751	78392963	1	1	1	29	0	40
chr11	78430872	78431720	1	1	1	1	0	9
chr11	78431825	78432186	1	1	1	1	0	24
chr11	78854368	78856517	2	2	1	1	0	14
chr11	79913096	79915735	1	1	1	1	0	17
chr11	80362421	80362535	1	1	1	2	0	13
chr11	83182924	83185340	1	1	1	1	0	11
chr11	83193664	83199040	1	1	1	1	0	15
chr11	83288736	83293395	1	1	1	2	0	28
chr11	83390009	83391940	1	1	1	1	0	8
chr11	83595769	83596893	1	1	1	1	0	38
chr11	83640160	83643319	1	1	1	21	0	41
chr11	83651827	83655711	1	1	1	1	0	37
chr11	83846874	83848291	1	1	1	1	0	24
chr11	84167474	84168621	1	1	1	0	1	15
chr11	84727340	84727424	2	2	1	6	0	39
chr11	84727551	84728666	2	2	1	1	0	39
chr11	86593257	86593426	2	2	1	1	0	12
chr11	86595634	86595713	2	2	1	1	0	28
chr11	86662085	86662719	2	2	1	3	0	11
chr11	87872397	87874697	2	2	1	1	0	32
chr11	93750895	93751619	2	2	1	2	0	29
chr11	93751664	93752784	2	2	1	1	0	28
chr11	93815486	93816492	1	1	1	1	0	8
chr11	93840873	93842725	2	2	1	1	0	14
chr11	93843728	93846320	2	2	1	1	0	37
chr11	93887400	93904448	1	1	1	0	1	3
chr11	94920833	94922661	2	2	1	1	0	26
chr11	95937181	95938020	1	1	1	1	0	27
chr11	96680180	96691596	1	1	1	1	0	11
chr11	96923797	96923889	1	1	1	1	0	45
chr11	97054855	97055550	2	2	1	1	0	18
chr11	97602106	97603262	1	1	1	3	0	44
chr11	97603358	97604218	1	1	1	6	0	45
chr11	97638296	97638786	2	2	1	1	0	10
chr11	97668991	97669090	2	2	1	22	0	41
chr11	97669205	97672159	2	2	1	1	0	16
chr11	97920712	97921096	1	1	1	3	0	13
chr11	98695746	98696167	1	1	1	1	0	30
chr11	98857322	98858870	1	1	1	1	0	30
chr11	98932672	98939051	1	1	1	1	0	10
chr11	98939198	98939919	1	1	1	1	0	21
chr11	100210987	100211491	1	1	1	1	0	45
chr11	100383442	100384362	2	2	1	1	0	39
chr11	101297851	101298956	2	2	1	3	0	44
chr11	101302026	101302119	2	2	1	1	0	29
chr11	101334497	101336045	1	1	1	0	3	45
chr11	101336157	101336264	1	1	1	8	0	42
chr11	102086695	102086777	2	2	1	3	0	37
chr11	102201159	102201268	2	2	1	1	0	32
chr11	102919529	102933993	1	1	1	1	0	31
chr11	104413649	104416876	2	2	1	1	0	17
chr11	106049901	106049987	2	2	1	1	0	5
chr11	106093005	106093209	2	2	1	2	0	28
chr11	106104188	106106974	2	2	1	2	0	4
chr11	106153710	106153834	1	1	1	3	0	15
chr11	106676123	106676220	2	2	1	1	0	24
chr11	106880300	106881014	2	2	1	1	0	31
chr11	106969476	106971548	2	2	1	1	0	29
chr11	107504945	107509808	1	1	1	1	0	10
chr11	108286819	108288124	1	1	1	2	0	6
chr11	108300137	108302820	1	1	1	1	0	42
chr11	108303019	108305065	1	1	1	43	0	46
chr11	113552045	113553032	1	1	1	1	0	10
chr11	114559793	114562559	1	1	1	0	5	35
chr11	114562683	114563090	1	1	1	19	0	45
chr11	115306706	115306840	2	2	1	4	0	33
chr11	115306904	115307678	2	2	1	4	0	35
chr11	115899541	115899628	2	2	1	2	0	41
chr11	116182401	116183344	2	2	1	1	0	36
chr11	116968029	116969601	1	1	1	1	0	14
chr11	117657160	117658391	2	2	1	1	0	3
chr11	117658460	117659747	2	2	1	1	0	21
chr11	119990085	119990999	1	1	1	1	0	17
chr11	120452087	120452986	2	2	1	1	0	4
chr11	120501598	120501701	2	2	1	1	0	18
chr11	120501791	120501938	2	2	1	1	0	19
chr11	120502005	120502173	2	2	1	1	0	7
chr11	120509332	120509461	1	3	1	1	0	21
chr11	120600073	120600169	1	1	1	3	0	29
chr11	120616434	120616563	2	2	1	3	0	44
chr11	120617138	120617236	2	2	1	1	0	43
chr11	120708086	120708298	2	2	1	1	0	5
chr11	121470997	121473578	1	1	1	1	0	24
chr11	121473611	121507899	1	1	1	1	0	32
chr12	4700120	4702350	1	1	1	1	0	3
chr12	4876897	4877013	1	1	1	1	0	34
chr12	8030646	8033028	1	1	1	1	0	43
chr12	8033982	8035285	1	1	1	1	0	42
chr12	8044986	8045460	1	1	1	1	0	16
chr12	8052257	8053255	1	1	1	2	0	19
chr12	8053402	8054844	1	1	1	2	0	20
chr12	8055219	8055735	1	1	1	1	0	43
chr12	8277364	8288442	1	1	1	1	0	16
chr12	8986796	8988116	1	1	1	1	0	5
chr12	11333174	11335098	1	1	1	1	0	28
chr12	11340058	11340713	1	1	1	1	0	17
chr12	13293958	13294968	2	2	1	1	0	30
chr12	13294999	13295686	2	2	1	1	0	16
chr12	17598628	17598787	1	1	1	1	0	19
chr12	21218278	21235098	1	1	1	1	0	20
chr12	28681193	28681622	2	2	1	22	0	46
chr12	28681774	28683766	2	2	1	0	1	5
chr12	28683832	28684207	2	2	1	1	0	10
chr12	31382428	31383423	2	2	1	1	0	16
chr12	35560096	35561057	2	2	1	1	0	30
chr12	44354898	44358107	1	1	1	1	0	5
chr12	51844795	51845436	2	2	1	2	0	33
chr12	51845552	51847497	2	2	1	2	0	20
chr12	54732757	54738784	2	2	1	1	0	40
chr12	54981692	54982266	2	2	1	1	0	35
chr12	55345807	55349378	2	2	1	1	0	10
chr12	55461284	55465021	1	1	1	2	0	31
chr12	55536755	55537190	2	2	1	3	0	35
chr12	59193149	59193632	1	1	1	1	0	12
chr12	59201265	59205038	1	1	1	1	0	13
chr12	59209806	59215719	1	1	1	2	0	32
chr12	59217105	59217742	1	1	1	1	0	21
chr12	59217779	59219310	1	1	1	1	0	35
chr12	65109515	65110451	2	2	1	1	0	44
chr12	69204596	69205434	2	2	1	29	0	41
chr12	69205535	69205770	2	2	1	3	0	24
chr12	69363595	69364800	2	2	1	1	0	20
chr12	69364955	69367146	2	2	1	1	0	35
chr12	69387851	69388046	2	2	1	1	0	34
chr12	69609383	69642913	2	2	1	1	0	25
chr12	69700865	69700966	2	2	1	0	1	34
chr12	69700919	69700969	2	2	1	0	1	37
chr12	70240580	70241006	2	2	1	2	0	19
chr12	70253219	70254444	2	2	1	2	0	13
chr12	70269701	70274114	2	2	1	1	0	19
chr12	70511241	70512751	1	1	1	1	0	15
chr12	71033710	71035197	1	1	1	2	0	16
chr12	71035264	71037258	1	1	1	2	0	7
chr12	71039855	71040279	1	1	1	1	0	44
chr12	71040345	71041124	1	1	1	6	0	43
chr12	71110099	71113852	1	1	1	1	0	13
chr12	71207183	71207897	1	1	1	1	0	43
chr12	75540290	75562375	2	2	1	1	0	24
chr12	80994156	80994269	1	1	1	1	0	27
chr12	80995943	80996267	1	1	1	1	0	21
chr12	83715083	83715192	1	1	1	1	0	34
chr12	83718756	83719507	1	1	1	1	0	35
chr12	83719659	83721112	1	1	1	1	0	18
chr12	84355207	84357692	1	1	1	1	0	22
chr12	84357733	84360710	1	1	1	1	0	30
chr12	85029105	85029942	1	1	1	3	0	32
chr12	85972561	85973575	1	1	1	1	0	10
chr12	87494393	87496062	1	1	1	2	0	46
chr12	87496171	87496573	1	1	1	8	0	36
chr12	91799997	91808411	2	2	1	1	0	28
chr12	100081865	100082045	1	1	1	1	0	23
chr12	100172493	100172658	1	1	1	12	0	41
chr12	101934470	101935751	2	2	1	11	0	46
chr12	103408643	103409090	2	2	1	1	0	42
chr12	103694693	103695489	2	2	1	5	4	39
chr12	103729962	103913300	2	2	1	3	0	36
chr12	103730131	103730926	2	2	1	4	4	39
chr12	103786415	103787874	2	2	1	0	1	4
chr12	103820126	103820926	2	2	1	7	0	36
chr12	103821078	103821962	2	2	1	0	1	4
chr12	103822234	103823683	2	2	1	0	1	4
chr12	103861352	103913356	1	1	1	0	2	21
chr12	103861463	103862263	2	2	1	16	0	46
chr12	103862415	103863299	2	2	1	2	1	45
chr12	103863571	103865016	2	2	1	0	1	4
chr12	103913216	103917064	1	3	1	1	0	23
chr12	103913469	103914272	2	2	1	16	0	43
chr12	103914424	103915305	2	2	1	4	0	43
chr12	103915577	103917039	2	2	1	1	0	30
chr12	103998832	104001809	2	2	1	1	0	12
chr12	104309472	104310385	1	1	1	1	0	9
chr12	104310540	104311491	1	1	1	1	0	25
chr12	108760018	108772404	1	1	1	1	0	6
chr12	110618629	110620583	1	1	1	1	0	16
chr12	110659307	110659453	2	2	1	2	0	37
chr12	110660778	110661004	2	2	1	7	0	45
chr12	111506737	111506894	1	1	1	4	0	44
chr12	111507007	111508139	1	1	1	2	0	22
chr12	111508280	111508585	1	1	1	1	0	14
chr12	111927973	111928866	2	2	1	8	0	25
chr12	111928891	111929663	2	2	1	5	0	24
chr12	112614416	112615413	1	1	1	1	0	28
chr12	116218117	116219450	2	2	1	1	0	11
chr12	116297877	116305695	1	1	1	1	0	12
chr13	4253449	4255339	1	1	1	1	0	17
chr13	4318430	4320159	2	2	1	1	0	34
chr13	4484474	4486278	1	1	1	1	0	43
chr13	4499094	4499311	1	1	1	2	0	35
chr13	4499478	4504462	1	1	1	1	0	12
chr13	4504546	4507147	1	1	1	4	0	34
chr13	4643298	4643560	2	2	1	1	0	19
chr13	12474198	12476307	2	2	1	1	0	16
chr13	14786190	14787492	2	2	1	1	0	24
chr13	14787901	14790596	1	1	1	1	0	21
chr13	16189118	16191766	1	1	1	1	0	19
chr13	24042099	24042185	1	1	1	1	0	5
chr13	24600994	24601206	1	3	1	2	0	11
chr13	34350120	34361963	1	1	1	1	0	33
chr13	35059678	35067213	1	1	1	1	0	18
chr13	37818028	37820810	2	2	1	1	0	14
chr13	38176086	38177980	2	2	1	1	0	12
chr13	38375835	38378671	1	1	1	1	0	24
chr13	38389105	38393852	1	1	1	1	0	10
chr13	41165934	41166040	1	1	1	1	0	30
chr13	41348311	41350610	2	2	1	1	0	44
chr13	43552135	43552210	1	1	1	1	0	28
chr13	43552272	43552986	1	1	1	1	0	45
chr13	43708492	43713244	2	2	1	1	0	22
chr13	47242092	47251630	2	2	1	1	0	12
chr13	55568685	55568787	2	2	1	1	0	30
chr13	55783009	55785838	1	1	1	1	0	8
chr13	55793281	55795439	1	1	1	1	0	16
chr13	55814194	55817524	1	1	1	1	0	11
chr13	55923261	55924417	1	1	1	1	0	36
chr13	58541180	58541505	2	2	1	1	0	45
chr13	58544714	58545566	2	2	1	1	0	26
chr13	58545611	58546969	2	2	1	1	0	22
chr13	58547805	58548146	2	2	1	1	0	28
chr13	58548232	58550206	2	2	1	1	0	16
chr13	59756010	59760450	1	1	1	1	0	3
chr13	59932695	59933534	2	2	1	1	0	34
chr13	63020597	63022962	2	2	1	1	0	4
chr13	63023126	63035687	2	2	1	1	0	11
chr13	67048891	67049465	2	2	1	3	0	37
chr13	73468180	73468412	2	2	1	2	0	22
chr13	74487835	74491455	2	2	1	1	0	13
chr13	74498528	74500974	1	1	1	1	0	3
chr13	74678250	74678661	2	2	1	1	0	38
chr13	81940267	81944772	1	1	1	2	0	19
chr13	86193028	86193845	2	2	1	28	0	43
chr13	86193989	86194719	2	2	1	4	0	23
chr13	91071866	91072444	1	1	1	1	0	16
chr13	91072566	91072655	1	1	1	3	0	44
chr13	93754171	93756589	2	2	1	0	3	24
chr13	93756819	93757901	2	2	1	0	1	34
chr13	93761997	93763754	2	2	1	0	2	24
chr13	93763874	93769743	2	2	1	2	0	13
chr13	93769877	93773971	2	2	1	0	1	7
chr13	93803274	93805762	2	2	1	1	0	18
chr13	95768693	95771971	2	2	1	1	0	26
chr13	97267737	97268350	2	2	1	1	0	9
chr13	97270227	97271801	2	2	1	0	1	21
chr13	98447546	98449599	2	2	1	0	1	37
chr13	100872782	100875521	2	2	1	0	3	24
chr13	103885363	103888901	2	2	1	1	0	27
chr13	104933852	104938639	2	2	1	1	0	22
chr13	108217928	108228067	2	2	1	1	0	6
chr13	111573119	111574490	2	2	1	2	0	37
chr13	115096671	115102133	2	2	1	1	0	25
chr13	115105098	115107014	2	2	1	2	0	5
chr13	120061251	120063619	1	3	1	1	0	36
chr13	120162777	120164070	1	1	1	2	0	31
chr13	120240057	120244307	2	2	1	1	0	22
chr14	3050384	3050617	2	2	0	0	1	16
chr14	3050384	3050851	2	2	0	0	1	16
chr14	3050384	3051202	2	2	0	0	1	16
chr14	3050384	3051435	2	2	0	0	1	16
chr14	3050384	3051668	2	2	0	0	1	16
chr14	3050392	3050860	1	1	0	0	1	28
chr14	3050889	3051473	1	1	0	0	1	27
chr14	3050889	3051938	1	1	0	0	1	27
chr14	3050889	3052172	1	1	0	0	1	27
chr14	3050889	3053108	1	1	0	0	1	27
chr14	3050889	3053693	1	1	0	0	1	27
chr14	3050889	3053927	1	1	0	0	1	27
chr14	3050939	3051055	1	1	1	0	6	45
chr14	3050939	3051522	1	1	1	0	2	40
chr14	3050939	3052338	1	1	1	0	7	45
chr14	3051523	3052338	1	1	1	1	1	37
chr14	8114757	8117743	2	2	1	1	0	20
chr14	21095832	21102522	2	2	1	1	0	19
chr14	22878851	23106022	1	1	1	1	0	40
chr14	24542185	24543450	1	1	1	8	0	42
chr14	24543562	24543684	1	1	1	1	0	3
chr14	24543562	24545497	1	1	1	1	0	20
chr14	24543562	24545842	1	1	1	21	0	46
chr14	24545518	24545842	1	1	1	1	0	20
chr14	26151066	26159833	2	2	1	1	0	10
chr14	26816190	26816732	1	1	1	1	0	6
chr14	29695405	29696432	1	1	1	0	1	31
chr14	30533522	30537030	1	1	1	3	0	8
chr14	30618728	30619479	1	1	1	1	0	29
chr14	30618728	30619482	1	1	1	1	0	13
chr14	30619531	30619813	1	1	1	1	0	11
chr14	30623189	30623591	1	1	1	4	0	33
chr14	30630770	30631354	2	2	1	3	0	39
chr14	30634087	30634572	2	2	1	2	0	46
chr14	30640401	30640904	2	2	1	1	0	8
chr14	30643724	30643826	2	2	1	1	0	15
chr14	30651597	30651746	2	2	1	1	0	29
chr14	30653320	30654156	2	2	1	1	0	31
chr14	30737342	30738278	2	2	1	1	0	16
chr14	30768381	30771994	1	1	1	1	0	29
chr14	30774279	30776114	1	1	1	1	0	26
chr14	30789922	30796727	1	1	1	1	0	11
chr14	30956571	30981862	1	1	1	1	0	17
chr14	31330001	31332058	2	2	1	9	0	45
chr14	33967326	33970840	2	2	1	1	0	40
chr14	36620208	36622718	2	2	1	1	0	39
chr14	36622803	36630973	2	2	1	2	0	14
chr14	36844184	36847116	2	2	1	1	0	23
chr14	45581185	45584200	1	1	1	2	0	20
chr14	45619141	45620850	2	2	1	1	0	18
chr14	45620914	45622037	2	2	1	1	0	11
chr14	45720024	45741953	2	2	1	2	0	35
chr14	47963458	47963682	1	1	1	2	0	26
chr14	51153708	51153798	2	2	1	1	0	45
chr14	51188480	51188860	1	1	1	0	2	36
chr14	51201327	51201712	1	1	1	0	2	36
chr14	52145844	52146024	2	2	1	1	0	34
chr14	52146392	52147514	2	2	1	1	0	43
chr14	52414678	52415500	2	2	1	1	0	31
chr14	54664696	54667038	1	1	1	1	0	41
chr14	54666106	54667038	1	1	1	1	0	19
chr14	55134730	55135473	1	1	1	2	0	29
chr14	55260851	55261445	1	1	1	2	0	43
chr14	55825023	55825110	2	2	1	4	0	36
chr14	55896532	55896656	2	2	1	1	0	46
chr14	55901317	55909251	2	2	1	2	0	40
chr14	57031958	57034060	2	2	1	1	0	39
chr14	58161569	58164653	2	2	1	1	0	40
chr14	59829985	59834310	2	2	1	1	0	27
chr14	59834409	59835203	2	2	1	1	0	24
chr14	61783298	61787192	2	2	1	3	0	45
chr14	64522633	64551135	2	2	1	1	0	5
chr14	65802923	65815373	2	2	1	0	1	3
chr14	66209302	66210773	1	1	1	1	0	40
chr14	66210923	66212291	1	1	1	1	0	17
chr14	66218479	66218756	1	1	1	8	0	39
chr14	66322210	66322379	2	2	1	2	0	35
chr14	66322439	66322744	2	2	1	1	0	46
chr14	66323753	66324413	2	2	1	2	0	24
chr14	73600584	73601981	2	2	1	2	0	22
chr14	73831206	73832813	1	1	1	1	0	37
chr14	74983158	74987084	1	3	1	2	0	28
chr14	75479866	75493395	1	1	1	1	0	35
chr14	75498220	75502803	1	1	1	1	0	24
chr14	75515658	75520670	1	1	1	1	0	43
chr14	76083131	76083642	1	1	1	1	0	42
chr14	76084801	76085538	1	1	1	13	0	45
chr14	77305394	77306276	1	1	1	1	0	24
chr14	77329507	77330209	1	1	1	1	0	34
chr14	78063911	78077607	2	2	1	1	0	12
chr14	78081913	78090337	2	2	1	1	0	10
chr14	78090412	78094378	2	2	1	1	0	8
chr14	79804755	79806660	1	1	1	1	0	32
chr14	79862463	79866291	1	1	1	1	0	28
chr14	99338738	99342604	1	1	1	1	0	43
chr14	103513955	103520033	2	2	1	1	0	25
chr14	105532327	105535436	1	1	1	1	0	27
chr14	119210226	119212543	1	1	1	3	0	26
chr14	119212677	119214121	1	1	1	2	0	6
chr14	119214271	119215438	1	1	1	1	0	33
chr14	119235626	119239182	2	4	1	1	0	43
chr14	121183631	121184130	1	1	1	1	0	22
chr14	122392912	122396060	1	1	1	1	0	10
chr14	122419194	122548655	1	1	1	1	0	16
chr15	3357169	3357455	2	2	1	2	0	45
chr15	3377084	3418129	2	2	1	1	0	24
chr15	4784862	4786776	1	1	1	1	0	41
chr15	4784862	4789282	1	1	1	2	0	10
chr15	5146167	5146768	1	1	1	1	0	6
chr15	5146905	5147100	1	1	1	35	1	45
chr15	5147186	5148048	1	1	1	43	1	43
chr15	6487752	6488363	1	1	1	1	0	8
chr15	6526661	6527912	1	1	1	1	0	17
chr15	8368237	8368358	2	2	1	1	0	14
chr15	8388751	8390399	2	2	1	2	0	12
chr15	9335875	9338731	1	1	1	1	0	9
chr15	10449835	10451640	2	2	1	1	0	30
chr15	10461511	10461961	2	2	1	2	0	14
chr15	11392995	11393242	2	2	1	1	0	33
chr15	14524743	14524902	2	2	1	1	0	38
chr15	25778274	25779668	1	1	1	1	0	21
chr15	25969947	25970183	1	1	1	1	0	33
chr15	31441527	31443437	2	2	1	1	0	27
chr15	31591202	31592430	2	2	1	2	0	45
chr15	34123913	34131309	1	1	1	1	0	42
chr15	34131435	34134436	1	1	1	1	0	45
chr15	34440751	34441377	2	2	1	19	0	45
chr15	35932244	35935430	2	2	1	22	0	39
chr15	35935560	35937300	2	2	1	0	2	20
chr15	36596344	36596806	2	2	1	12	0	42
chr15	36596832	36598216	2	2	1	1	0	25
chr15	36596900	36597207	2	2	1	1	0	18
chr15	36597786	36598216	2	2	1	1	0	5
chr15	36600933	36601113	2	2	1	1	0	10
chr15	37004067	37007371	2	2	1	1	0	27
chr15	39710164	39720494	2	2	1	1	0	10
chr15	43113634	43114875	2	2	1	1	2	15
chr15	51706021	51728721	2	2	1	1	0	8
chr15	58071464	58077891	2	2	1	1	0	17
chr15	58772920	58776582	2	2	1	1	0	27
chr15	58842918	58844324	2	2	1	1	0	27
chr15	59193344	59194684	1	1	1	1	0	12
chr15	65733593	65737726	1	1	1	1	0	14
chr15	66487697	66494609	1	1	1	1	0	25
chr15	66494667	66495840	1	1	1	1	0	10
chr15	66504751	66508532	1	1	1	1	0	44
chr15	72964809	72965372	1	1	1	1	0	7
chr15	75762910	75762997	2	2	1	6	0	46
chr15	75767441	75767580	2	2	1	3	0	42
chr15	76133101	76133177	1	1	1	1	0	17
chr15	76180982	76181120	2	2	1	2	0	44
chr15	76314500	76316348	1	1	1	1	0	37
chr15	76480108	76480208	2	2	1	1	0	4
chr15	76480133	76480208	2	2	1	1	0	4
chr15	76583549	76583619	1	1	1	1	0	5
chr15	76790172	76790320	1	1	1	3	0	7
chr15	77274216	77276954	2	2	1	1	0	26
chr15	77843323	77843711	2	2	1	3	0	35
chr15	78977618	78978400	1	1	1	2	0	35
chr15	79030384	79035535	1	1	1	1	0	28
chr15	79035608	79035788	1	1	1	1	0	37
chr15	79962096	79962187	2	2	1	20	0	43
chr15	79962308	79962531	2	2	1	6	0	29
chr15	79962628	79962907	2	2	1	3	0	22
chr15	80669008	80742881	1	1	1	1	0	23
chr15	80683006	80742881	1	1	1	1	0	18
chr15	81249780	81250547	2	2	1	1	0	17
chr15	82234573	82235179	2	2	1	1	0	40
chr15	82235296	82238281	2	2	1	1	0	41
chr15	82255927	82256022	2	2	1	0	3	20
chr15	82287083	82288042	2	4	1	1	0	16
chr15	82287298	82287397	2	2	1	5	0	45
chr15	82287540	82287919	2	2	1	1	0	15
chr15	82339777	82339972	1	1	1	1	0	35
chr15	82340161	82340534	1	1	1	1	0	7
chr15	82340677	82340776	1	1	1	4	0	26
chr15	82674557	82674656	2	2	1	2	3	20
chr15	82674799	82675170	2	2	1	1	0	39
chr15	83206915	83208304	2	2	1	1	0	11
chr15	84095380	84098326	1	1	1	3	0	29
chr15	88620495	88623983	1	1	1	1	0	23
chr15	88708029	88708850	1	1	1	1	0	22
chr15	88982980	88983465	1	1	1	1	0	27
chr15	96330306	96332800	2	2	1	1	0	39
chr15	96332879	96341825	2	2	1	1	0	20
chr15	99065041	99071282	1	1	1	1	0	7
chr15	99303647	99303741	1	1	1	1	0	35
chr15	99305225	99306355	1	1	1	2	0	23
chr15	99885360	99888173	1	1	1	1	0	12
chr15	101939456	101939730	1	1	1	1	0	24
chr15	101939955	101940275	1	1	1	2	0	21
chr15	102094909	102095488	2	2	1	1	0	32
chr15	103154849	103154971	1	1	1	1	0	45
chr16	3858089	3858222	2	2	1	1	0	6
chr16	3867363	3870728	2	2	1	2	0	6
chr16	3870799	3871344	2	2	1	2	0	16
chr16	3909824	3910053	2	2	1	2	0	46
chr16	4434498	4434676	2	2	1	1	0	22
chr16	4574992	4580422	1	1	1	1	0	10
chr16	4825753	4825835	1	1	1	2	0	17
chr16	8423525	8426719	1	1	1	1	0	26
chr16	8431994	8433753	1	1	1	1	0	17
chr16	8522883	8522967	2	2	1	1	0	32
chr16	11053308	11055394	2	2	1	2	0	17
chr16	11055429	11056735	2	2	1	2	0	34
chr16	13960522	13963780	2	2	1	1	0	7
chr16	15647685	15649134	1	1	1	2	0	38
chr16	16164010	16176627	2	2	1	2	0	24
chr16	18646468	18652985	1	1	1	1	0	44
chr16	20471051	20471342	1	1	1	1	0	18
chr16	20478531	20478706	1	1	1	1	0	22
chr16	20500990	20501408	1	1	1	1	0	46
chr16	20502405	20502561	1	1	1	5	0	39
chr16	22713630	22713943	1	1	1	1	0	34
chr16	22715360	22717916	1	1	1	0	1	3
chr16	22716962	22717546	1	1	1	1	0	12
chr16	22748494	22750999	1	1	1	1	0	10
chr16	22804819	22806994	2	2	1	3	0	33
chr16	22822790	22830746	2	2	1	1	0	41
chr16	22896132	22896233	1	1	1	6	0	42
chr16	22896321	22897723	1	1	1	3	0	46
chr16	22897802	22900227	1	1	1	12	0	44
chr16	27254428	27255117	1	1	1	1	0	5
chr16	29467830	29470571	1	1	1	2	0	42
chr16	29884517	29884648	1	1	1	1	0	7
chr16	30960616	30972523	2	2	1	1	0	28
chr16	30972578	30973390	2	2	1	1	0	7
chr16	32286039	32288868	1	1	1	1	0	31
chr16	32698367	32704493	1	1	1	1	0	13
chr16	32876881	32877505	1	1	1	0	2	3
chr16	32876988	32877505	1	1	1	0	2	3
chr16	32877549	32877759	1	1	1	0	2	43
chr16	32877913	32879048	1	1	1	2	2	17
chr16	32879194	32880467	1	1	1	0	14	44
chr16	34817227	34820642	1	1	1	2	0	24
chr16	34922495	34926684	1	1	1	0	2	35
chr16	35120385	35128433	2	2	1	1	0	17
chr16	35803879	35820551	1	1	1	1	0	16
chr16	35864462	35866748	2	2	1	1	0	27
chr16	36705551	36707600	1	1	1	1	0	9
chr16	36707766	36707918	1	1	1	1	0	4
chr16	36728258	36732233	1	1	1	1	0	28
chr16	37468082	37469375	2	2	1	4	5	38
chr16	38169692	38172987	1	1	1	3	0	39
chr16	44202566	44205033	1	1	1	1	0	26
chr16	45583478	45591034	2	2	1	1	0	28
chr16	45598166	45600618	2	2	1	1	0	16
chr16	48835453	48836306	1	1	1	1	0	25
chr16	49718496	49727143	1	1	1	1	0	22
chr16	50040957	50043612	2	2	1	2	0	28
chr16	50151466	50249272	2	2	1	2	0	38
chr16	55787534	55789872	1	1	1	0	1	33
chr16	55790010	55790474	1	1	1	6	0	43
chr16	55790539	55791673	1	1	1	1	24	41
chr16	56957171	56958392	1	1	1	2	0	21
chr16	58291091	58292673	2	2	1	1	0	14
chr16	62555782	62589969	2	2	1	1	0	11
chr16	76868681	76871746	1	1	1	1	0	32
chr16	81240160	81252177	1	1	1	1	0	16
chr16	84624884	84625312	2	2	1	28	0	45
chr16	86567286	86571765	2	2	1	1	0	20
chr16	86567286	86600860	2	2	1	3	0	13
chr16	87268731	87268968	1	1	1	2	0	30
chr16	87272362	87273601	1	1	1	1	0	25
chr16	87280954	87281691	2	2	1	1	0	3
chr16	90021314	90022032	1	1	1	1	0	6
chr16	90022151	90023037	1	1	1	24	0	44
chr16	91185005	91188608	1	1	1	1	0	3
chr16	91444873	91448517	1	1	1	1	0	20
chr16	91448685	91451498	1	1	1	20	0	44
chr16	91457469	91458988	1	1	1	1	0	19
chr16	91486804	91487591	2	2	1	1	0	35
chr16	91722280	91722428	2	2	1	4	0	45
chr16	91722516	91723346	2	2	1	2	0	10
chr16	92107858	92109749	1	1	1	2	0	35
chr16	94165647	94166213	2	2	1	1	0	17
chr16	95781312	95783301	2	2	1	1	0	19
chr16	95832852	95834784	2	2	1	1	0	19
chr17	7225168	7228135	2	2	1	1	0	27
chr17	7252513	7256120	1	1	1	0	1	39
chr17	7263908	7265296	1	1	1	0	2	34
chr17	8347719	8349056	2	2	1	0	2	34
chr17	8356791	8360427	2	2	1	0	1	39
chr17	12867972	12869755	2	2	1	4	0	37
chr17	12869859	12871258	2	2	1	1	0	19
chr17	14027655	14029193	1	1	1	1	0	7
chr17	15165447	15166460	2	2	1	1	0	19
chr17	15713442	15714677	2	2	1	1	0	12
chr17	24027148	24027327	1	1	1	5	0	40
chr17	24027493	24028942	1	1	1	2	0	29
chr17	24029746	24030004	1	1	1	1	0	25
chr17	24900006	24900082	1	1	1	1	0	26
chr17	24919760	24919849	2	2	1	2	0	45
chr17	24940277	24940596	1	1	1	9	0	36
chr17	24940689	24940776	1	1	1	28	1	45
chr17	24941195	24941354	2	2	1	7	0	30
chr17	26003343	26003428	2	2	1	1	0	10
chr17	26447989	26448617	2	4	1	1	0	36
chr17	27341815	27344120	2	2	1	1	0	8
chr17	27344191	27344857	2	2	1	1	0	24
chr17	27849481	27850173	2	2	1	13	0	46
chr17	27850230	27851252	2	2	1	12	0	43
chr17	27972970	27986884	2	2	1	1	0	30
chr17	27987214	28005044	2	2	1	1	0	13
chr17	28549672	28549803	1	1	1	3	0	45
chr17	28609319	28609729	2	2	1	1	0	32
chr17	29551213	29551535	2	2	1	1	0	32
chr17	31740667	31750083	1	1	1	3	0	45
chr17	31866330	31866976	2	2	1	1	0	34
chr17	32416795	32417004	2	2	1	2	0	39
chr17	32432701	32433604	2	2	1	1	0	9
chr17	32632449	32634779	2	2	1	6	0	37
chr17	34042091	34042166	2	2	1	6	0	36
chr17	34042091	34042170	2	2	1	5	0	44
chr17	34042305	34043272	2	2	1	0	1	10
chr17	34044625	34048640	1	1	1	1	0	45
chr17	34048791	34057072	1	1	1	4	0	43
chr17	34171093	34171194	2	2	1	36	0	46
chr17	34171287	34171376	2	2	1	5	0	42
chr17	34171566	34174051	2	2	1	0	1	31
chr17	34215451	34215589	2	2	1	1	0	12
chr17	34245200	34245369	2	2	1	2	0	36
chr17	34962636	34962735	2	2	1	1	0	7
chr17	35075559	35075855	2	2	1	10	0	39
chr17	35075906	35075979	2	2	1	5	0	26
chr17	35234896	35235162	1	1	1	1	0	30
chr17	35348112	35349055	2	2	1	14	0	46
chr17	35349155	35349383	2	2	1	2	0	37
chr17	35349895	35350170	2	2	1	1	0	23
chr17	35365880	35366116	1	1	1	2	0	19
chr17	35472331	35472448	1	1	1	1	0	9
chr17	35784256	35784382	1	1	1	1	0	12
chr17	35979399	35979501	2	2	1	1	0	36
chr17	35979550	35980200	2	2	1	1	0	8
chr17	36201981	36203310	1	1	1	1	0	26
chr17	36272977	36274017	2	2	1	5	0	44
chr17	36274129	36274212	2	2	1	1	0	19
chr17	36276016	36280537	2	2	1	1	0	10
chr17	36566691	36566835	2	2	1	1	0	9
chr17	37265445	37268457	2	2	1	1	0	11
chr17	43116227	43118804	2	2	1	1	0	46
chr17	45730746	45735426	2	4	1	0	1	37
chr17	45879051	45879154	2	2	1	1	0	24
chr17	45881493	45881591	2	2	1	14	0	45
chr17	45881726	45881943	2	2	1	2	0	22
chr17	47035891	47036113	1	1	1	1	0	25
chr17	47036898	47036986	2	2	1	1	0	17
chr17	47037109	47037194	2	2	1	1	0	15
chr17	47133739	47134933	2	2	1	1	0	21
chr17	47997934	47998112	2	2	1	1	0	22
chr17	56322997	56323515	1	1	1	2	0	37
chr17	56375684	56375959	2	2	1	1	0	30
chr17	56406076	56406176	1	1	1	1	0	34
chr17	56470759	56473693	2	4	1	1	0	22
chr17	56915693	56915862	2	2	1	1	0	39
chr17	56921042	56921123	1	1	1	14	0	44
chr17	57028442	57028984	1	1	1	4	0	42
chr17	57511155	57511250	2	2	1	51	0	46
chr17	57511551	57512296	2	2	1	2	0	30
chr17	57512381	57512655	2	2	1	1	0	24
chr17	57513296	57514333	2	2	1	3	0	8
chr17	57517324	57518571	2	4	1	2	0	38
chr17	57519762	57520765	2	2	1	1	0	38
chr17	57524172	57524265	2	2	1	1	0	31
chr17	57527203	57527972	2	2	1	1	0	17
chr17	57528050	57529895	1	3	1	2	0	32
chr17	57531747	57531852	2	2	1	1	0	29
chr17	64982243	64986746	1	1	1	1	0	36
chr17	66386583	66387805	2	2	1	6	0	44
chr17	66387883	66390392	2	2	1	1	0	41
chr17	66390503	66394397	2	2	1	1	0	15
chr17	66396344	66396425	2	2	1	2	0	28
chr17	71282616	71284042	2	2	1	1	0	13
chr17	71960518	71964335	1	1	1	1	0	33
chr17	74880627	74886159	1	1	1	1	0	34
chr17	74925559	74926701	1	1	1	1	0	28
chr17	74947338	74948627	1	1	1	1	0	34
chr17	74959742	74961383	1	1	1	1	0	38
chr17	79229151	79229558	2	2	1	1	0	12
chr17	79282242	79282803	2	2	1	1	0	14
chr17	84138999	84139278	1	3	1	1	0	26
chr17	84139825	84142207	2	2	1	1	0	39
chr17	85330508	85331123	1	1	1	1	0	7
chr17	87125890	87131107	1	1	1	1	0	45
chr18	4993988	5037107	1	1	1	1	0	16
chr18	5037166	5040147	1	1	1	1	0	18
chr18	5040240	5046588	1	1	1	1	0	15
chr18	6214088	6214511	2	2	1	1	0	31
chr18	6222868	6223545	2	2	1	1	0	45
chr18	6223692	6223970	2	2	1	1	0	4
chr18	9960553	9962372	1	1	1	1	0	29
chr18	10079275	10080350	2	2	1	1	0	5
chr18	10080540	10083121	2	2	1	2	0	44
chr18	10083211	10084317	2	2	1	1	0	31
chr18	10084412	10090812	2	2	1	1	0	3
chr18	10095598	10097482	2	2	1	1	0	14
chr18	10101029	10104073	2	2	1	1	0	33
chr18	11793999	11810651	1	1	1	1	0	14
chr18	12777101	12817893	1	1	1	1	0	33
chr18	12831117	12831391	1	1	1	1	0	44
chr18	12891948	12892455	2	2	1	1	0	14
chr18	12896056	12896538	2	2	1	1	0	15
chr18	20706582	20707996	1	1	1	1	0	31
chr18	20798565	20799512	1	1	1	2	0	40
chr18	20799644	20803035	1	1	1	1	0	27
chr18	20803172	20806687	1	1	1	22	0	39
chr18	35039183	35040667	2	2	1	1	0	23
chr18	35070801	35071291	2	4	1	1	0	43
chr18	35071778	35071985	2	2	1	1	0	10
chr18	35072491	35073249	2	2	1	1	0	15
chr18	35285761	35287397	1	1	1	1	0	16
chr18	36565444	36584132	2	2	1	1	0	26
chr18	36711828	36714120	1	1	1	1	0	7
chr18	36774532	36774629	1	1	1	1	0	31
chr18	36774747	36775978	1	1	1	1	0	41
chr18	36776148	36777313	1	1	1	1	0	45
chr18	36884321	36885409	1	1	1	1	0	28
chr18	36890372	36890459	1	1	1	2	0	35
chr18	36919042	36919163	1	1	1	1	0	28
chr18	38025026	38026402	2	2	1	1	0	19
chr18	38026468	38027146	2	2	1	1	0	8
chr18	38589175	38593597	1	1	1	1	0	7
chr18	38593704	38597329	1	1	1	1	0	8
chr18	38973383	38991632	2	2	1	1	0	18
chr18	42421292	42425047	1	1	1	1	0	14
chr18	42681623	42682902	1	1	1	1	0	36
chr18	42694118	42697147	1	1	1	3	0	18
chr18	44487349	44487868	1	1	1	1	0	22
chr18	44563135	44564402	2	2	1	1	0	27
chr18	46848834	46853353	2	2	1	1	0	21
chr18	50261477	50263192	1	1	1	1	0	18
chr18	53351433	53353443	1	1	1	2	0	34
chr18	54081227	54086316	1	1	1	1	0	46
chr18	56713373	56717362	1	1	1	1	0	40
chr18	56717447	56719948	1	1	1	2	0	11
chr18	60426559	60432898	1	1	1	1	0	22
chr18	60909624	60910001	1	1	1	1	0	11
chr18	60910164	60910884	1	1	1	15	0	46
chr18	60910962	60911502	1	1	1	36	0	46
chr18	61708621	61709577	1	1	1	1	0	21
chr18	61709657	61710248	1	1	1	1	0	5
chr18	64644772	64644855	2	2	1	1	0	8
chr18	64644949	64645054	2	2	1	3	0	42
chr18	64645121	64648396	2	2	1	3	0	43
chr18	66126709	66127855	2	2	1	1	0	30
chr18	66127980	66129752	2	2	1	1	0	25
chr18	73934934	73938122	2	2	1	3	0	5
chr18	75134315	75134420	1	1	1	1	0	7
chr18	75134462	75134736	1	1	1	2	0	41
chr18	75134872	75135094	1	1	1	1	0	35
chr18	75135194	75135731	1	1	1	19	0	42
chr18	75135924	75136264	1	1	1	124	0	46
chr18	77027366	77028208	1	1	1	1	0	3
chr18	77232839	77234398	1	1	1	1	0	11
chr18	77869057	77869498	1	1	1	1	0	30
chr18	77869650	77870000	1	1	1	5	0	29
chr18	82675266	82676127	2	2	1	1	0	31
chr18	88889043	88905332	2	2	1	1	0	32
chr19	3337756	3338983	1	1	1	3	0	30
chr19	3635095	3641113	2	4	1	1	0	35
chr19	3946193	3946269	2	2	1	1	0	45
chr19	4057666	4057769	2	2	1	2	0	25
chr19	4085662	4085823	2	2	1	0	7	43
chr19	4090540	4090707	2	2	1	0	7	43
chr19	4875693	4875797	2	2	1	1	0	37
chr19	5329978	5333670	2	2	1	1	0	11
chr19	5333779	5333885	2	2	1	1	0	16
chr19	5337655	5337937	2	2	1	1	0	36
chr19	5338035	5338331	2	2	1	1	0	38
chr19	5430164	5430247	2	2	1	1	0	42
chr19	5533058	5533135	2	2	1	1	0	3
chr19	5652403	5652477	1	1	1	1	0	27
chr19	5652598	5652851	1	1	1	3	0	18
chr19	5851939	5851994	2	2	1	3	0	3
chr19	6108603	6109173	1	1	1	5	0	46
chr19	6109230	6109378	1	1	1	8	0	39
chr19	6884320	6884433	2	2	1	2	0	14
chr19	6884496	6884609	2	2	1	1	0	18
chr19	6955303	6955378	2	2	1	1	0	36
chr19	6955415	6955757	2	2	1	1	0	12
chr19	6965477	6965556	2	2	1	1	0	11
chr19	8321778	8321871	2	2	1	1	0	33
chr19	8849277	8849371	1	1	1	1	0	17
chr19	8849479	8849581	1	1	1	1	0	18
chr19	8849652	8850877	1	1	1	1	0	4
chr19	8852717	8852885	1	1	1	10	0	40
chr19	8866329	8866487	1	1	1	1	0	17
chr19	8892869	8892988	1	1	1	1	0	46
chr19	9962050	9962144	1	1	1	3	0	37
chr19	10184665	10185080	1	1	1	13	0	44
chr19	12755411	12755987	2	2	1	2	0	36
chr19	12756025	12756256	2	2	1	1	0	37
chr19	16737401	16739512	2	2	1	1	0	20
chr19	20600818	20602075	1	1	1	1	0	23
chr19	20614190	20617427	1	1	1	1	0	8
chr19	23664910	23671684	1	1	1	1	0	11
chr19	25399706	25400282	1	1	1	1	0	5
chr19	37306588	37307826	2	2	1	1	0	41
chr19	37565589	37566867	1	1	1	2	0	21
chr19	38105358	38106719	2	2	1	6	0	24
chr19	38106933	38112476	2	2	1	1	0	35
chr19	38112584	38112743	2	2	1	1	0	14
chr19	38112881	38112966	2	2	1	1	0	44
chr19	38202906	38204278	2	2	1	1	0	31
chr19	39275730	39279172	1	1	1	1	0	33
chr19	39279651	39296051	1	1	1	2	0	6
chr19	39296213	39298098	1	1	1	4	0	42
chr19	39597706	39604063	2	2	1	0	1	12
chr19	39677698	39687704	2	2	1	0	1	12
chr19	39755935	39762267	2	2	1	0	1	12
chr19	39981052	39982168	1	1	1	0	1	15
chr19	39983055	39984155	1	1	1	1	0	27
chr19	40018776	40028635	2	2	1	1	0	20
chr19	40078312	40078664	1	1	1	0	1	15
chr19	40153946	40155906	2	2	1	1	0	30
chr19	40172473	40175538	2	2	1	1	0	20
chr19	41229148	41233882	2	2	1	1	0	16
chr19	41919870	41921487	2	2	1	1	0	3
chr19	43803254	43805235	1	1	1	2	0	27
chr19	43810185	43810445	1	1	1	1	0	39
chr19	44383089	44383276	1	1	1	1	0	22
chr19	44391735	44394925	2	2	1	1	0	12
chr19	44395200	44395824	2	2	1	4	0	42
chr19	44538852	44541136	2	2	1	3	0	42
chr19	44541293	44542107	2	2	1	1	0	20
chr19	46121660	46123685	2	2	1	1	0	22
chr19	47072009	47074393	2	2	1	7	14	43
chr19	47074487	47074572	2	2	1	2	0	24
chr19	47074669	47079011	2	2	1	1	0	8
chr19	47851922	47852735	1	1	1	1	0	18
chr19	53607281	53609019	1	1	1	1	0	35
chr19	53611648	53611897	1	1	1	1	0	32
chr19	53612020	53613379	1	1	1	1	0	15
chr19	53613594	53616281	1	1	1	1	0	46
chr19	53891920	53895879	1	1	1	1	0	14
chr19	53895987	53897542	1	1	1	1	0	32
chr19	53897846	53899358	1	1	1	1	0	32
chr19	53914745	53914965	1	1	1	1	0	40
chr19	53917624	53918147	1	1	1	1	0	39
chr19	55267996	55268872	1	1	1	1	0	25
chr19	55269052	55269767	1	1	1	1	0	10
chr19	55280322	55282018	1	1	1	1	0	20
chr19	55905912	55907316	1	1	1	1	0	12
chr19	57369857	57370155	1	1	1	1	0	37
chr19	60752672	60754771	2	2	1	1	0	8
chr19	60758458	60759452	2	2	1	1	0	38
chr19	60760196	60760530	2	2	1	2	0	10
chr19	60760636	60761129	2	2	1	1	0	44
chrX	7665668	7666395	1	1	1	1	0	14
chrX	7762345	7762539	2	2	1	1	0	23
chrX	10178770	10186081	1	1	1	1	0	11
chrX	11913988	11914541	2	2	1	1	0	10
chrX	16606415	16634616	2	2	1	1	0	38
chrX	20248059	20263459	1	1	1	1	0	7
chrX	20418742	20423750	1	1	1	1	0	30
chrX	20426371	20427673	1	1	1	1	0	4
chrX	20481782	20481952	2	2	1	3	0	34
chrX	20818511	20825596	2	2	1	1	0	10
chrX	35444691	35453295	1	1	1	0	1	46
chrX	35862268	35865773	1	1	1	1	0	15
chrX	35865930	35868440	1	1	1	1	0	33
chrX	36060708	36062348	1	1	1	2	0	14
chrX	36060983	36061388	1	1	1	1	0	18
chrX	36061530	36062039	1	1	1	1	0	10
chrX	36346403	36347637	2	2	1	4	0	42
chrX	36451395	36453526	2	2	1	20	0	45
chrX	36453617	36454641	2	2	1	1	0	17
chrX	37690275	37690805	1	1	1	1	0	6
chrX	40903506	40911244	2	2	1	1	0	25
chrX	40911348	40911569	2	2	1	2	0	30
chrX	41300120	41306211	1	1	1	1	0	26
chrX	47593830	47602112	2	2	1	1	0	34
chrX	51142604	51142693	2	2	1	1	0	15
chrX	59307115	59312095	2	2	1	1	0	20
chrX	59315358	59321967	2	2	1	1	0	12
chrX	73315514	73315784	1	1	1	1	0	19
chrX	73316441	73316520	1	1	1	6	0	41
chrX	74150857	74151784	1	1	1	1	0	7
chrX	74490894	74491408	1	1	1	1	0	13
chrX	74491453	74493574	1	1	1	1	0	35
chrX	76702409	76703320	1	1	1	1	0	20
chrX	93456132	93460447	1	1	1	1	0	35
chrX	93579284	93579465	2	2	1	2	0	34
chrX	101228738	101229108	2	2	1	12	0	45
chrX	103327865	103334728	2	2	1	1	0	18
chrX	105063310	105065351	1	1	1	1	0	34
chrX	105246223	105246442	1	1	1	1	0	28
chrX	108051903	108054159	2	2	1	0	1	36
chrX	133486933	133487259	1	1	1	5	0	42
chrX	133487328	133488199	1	1	1	5	0	26
chrX	133488323	133488685	1	1	1	22	0	46
chrX	150668701	150669078	1	1	1	1	0	18
chrX	150692946	150693096	1	1	1	2	0	43
chrX	150806148	150809233	1	1	1	2	0	36
chrX	150809438	150809527	1	1	1	2	0	13
chrX	150817156	150819097	1	1	1	2	0	18
chrX	154107025	154109590	2	2	1	4	0	10
chrX	154109626	154111441	2	2	1	2	0	35
chrX	158907624	158909189	2	2	1	1	0	12
chrX	161555362	161556191	1	1	1	1	0	8
chrX	162739550	162740911	2	2	1	1	0	36
chrX	167454887	167455258	2	2	1	2	0	43
chrY	90748579	90749569	2	2	1	0	1	34
chrY	90748818	90749569	2	2	1	0	1	34
chrY	90804687	90827617	1	1	1	1	0	29
chrM	6865	6894	0	0	1	1	6	42
chrM	15138	15168	2	2	1	51	0	41
GL456383.1	24288	28556	1	1	1	0	1	40
GL456389.1	6514	10583	2	2	1	0	1	15
GL456392.1	22210	22677	1	1	1	0	4	40
GL456392.1	22210	22911	1	1	0	1	0	36
GL456392.1	22210	23501	1	1	1	0	2	35
JH584304.1	58836	59591	2	2	1	2	0	31
JH584304.1	68894	77405	2	2	1	0	1	12
JH584304.1	68894	102653	2	2	1	0	1	12
JH584304.1	68981	73304	1	1	0	0	1	33
JH584304.1	68981	76341	1	1	1	0	1	33
JH584304.1	68981	78444	1	1	1	0	1	33
JH584304.1	68981	79613	1	1	1	0	1	33
JH584304.1	68981	85926	1	1	1	0	1	33
JH584304.1	68981	93175	1	1	1	0	1	33
JH584304.1	68981	98318	1	1	0	0	1	33
JH584304.1	68981	101589	1	1	1	0	1	33
JH584304.1	68981	103692	1	1	1	0	1	33
JH584304.1	68981	104861	1	1	1	0	1	33
JH584304.1	68981	109303	1	1	1	0	1	33
JH584304.1	68981	111174	1	1	1	0	1	33
JH584304.1	69479	78591	2	2	1	0	3	33
JH584304.1	70033	81249	1	1	0	0	1	40
JH584304.1	70414	78591	2	2	1	0	1	4
JH584304.1	70414	86074	2	2	1	0	1	21
JH584304.1	70648	77405	2	2	1	0	1	12
JH584304.1	70648	102653	2	2	1	0	1	12
JH584304.1	71350	78591	2	2	1	0	3	33
JH584304.1	71904	81249	1	1	0	0	1	40
JH584304.1	72285	78591	2	2	1	0	1	4
JH584304.1	72285	86074	2	2	1	0	1	21
JH584304.1	72285	87008	2	2	1	0	1	22
JH584304.1	72519	77405	2	2	1	0	1	12
JH584304.1	72519	102653	2	2	1	0	1	12
JH584304.1	73452	77405	2	2	1	0	1	12
JH584304.1	73452	102653	2	2	1	0	1	12
JH584304.1	73685	78591	2	2	1	0	2	33
JH584304.1	74704	81249	1	1	0	0	1	40
JH584304.1	75085	78591	2	2	1	0	1	4
JH584304.1	75085	86074	2	2	1	0	1	21
JH584304.1	75085	87008	2	2	1	0	1	22
JH584304.1	75085	89348	2	2	1	0	1	6
JH584304.1	75085	89815	2	2	1	0	1	22
JH584304.1	75319	77405	2	2	1	0	1	12
JH584304.1	75319	102653	2	2	1	0	1	12
JH584304.1	75787	78591	2	2	1	0	3	33
JH584304.1	76021	78591	2	2	1	0	3	33
JH584304.1	77423	102653	2	2	1	0	1	12
JH584304.1	77510	78444	1	1	1	0	1	33
JH584304.1	77510	79613	1	1	1	0	1	33
JH584304.1	77510	83354	1	1	0	0	1	37
JH584304.1	77510	85926	1	1	1	0	1	33
JH584304.1	77510	92474	1	1	0	0	1	37
JH584304.1	77510	93175	1	1	1	0	1	33
JH584304.1	77510	98318	1	1	0	0	1	33
JH584304.1	77510	101589	1	1	1	0	1	33
JH584304.1	77510	103692	1	1	1	0	1	33
JH584304.1	77510	104861	1	1	1	0	1	33
JH584304.1	77510	109303	1	1	1	0	1	33
JH584304.1	77510	111174	1	1	1	0	1	33
JH584304.1	77890	102653	2	2	1	0	1	12
JH584304.1	78093	90369	1	1	1	0	1	33
JH584304.1	78093	98085	1	1	1	0	1	33
JH584304.1	78124	78591	2	2	1	0	3	33
JH584304.1	78679	79145	1	1	1	0	4	40
JH584304.1	78679	79613	1	1	1	0	4	35
JH584304.1	78679	81249	1	1	1	0	36	46
JH584304.1	78679	82886	1	1	1	0	6	40
JH584304.1	78679	83354	1	1	0	0	1	37
JH584304.1	78679	85692	1	1	1	0	4	40
JH584304.1	78679	85926	1	1	1	0	4	35
JH584304.1	78679	87095	1	1	1	0	1	28
JH584304.1	78679	88030	1	1	1	0	3	35
JH584304.1	78679	88499	1	1	1	0	3	35
JH584304.1	78679	92006	1	1	1	0	6	40
JH584304.1	78679	92474	1	1	0	0	1	37
JH584304.1	78679	93175	1	1	1	0	4	35
JH584304.1	78679	94812	1	1	1	0	4	40
JH584304.1	78679	101589	1	1	1	0	1	33
JH584304.1	78679	103692	1	1	1	0	1	33
JH584304.1	78679	104861	1	1	1	0	1	33
JH584304.1	78679	109303	1	1	1	0	1	33
JH584304.1	78679	111174	1	1	1	0	1	33
JH584304.1	78912	81249	1	1	0	0	1	40
JH584304.1	79146	84522	1	1	1	0	1	21
JH584304.1	79146	109770	1	1	1	0	1	21
JH584304.1	79380	81249	1	1	1	0	1	9
JH584304.1	79848	102757	1	1	1	0	1	38
JH584304.1	79994	85138	2	2	1	0	1	33
JH584304.1	79994	89348	2	2	1	0	1	6
JH584304.1	79994	94258	2	2	1	0	1	33
JH584304.1	80315	102757	1	1	1	0	1	38
JH584304.1	80695	102653	2	2	1	0	1	12
JH584304.1	81163	102653	2	2	1	0	1	12
JH584304.1	81280	82449	1	1	0	0	1	30
JH584304.1	81280	91569	1	1	0	0	1	30
JH584304.1	81280	107697	1	1	0	0	1	30
JH584304.1	81484	102757	1	1	1	0	1	38
JH584304.1	81484	106497	1	1	1	0	2	33
JH584304.1	81631	86307	2	2	1	0	2	28
JH584304.1	81631	87008	2	2	1	0	1	22
JH584304.1	81631	89348	2	2	1	0	1	6
JH584304.1	81631	89815	2	2	1	0	1	22
JH584304.1	81631	95427	2	2	1	0	2	28
JH584304.1	81631	96128	2	2	1	0	1	22
JH584304.1	81631	97064	2	2	1	0	1	6
JH584304.1	81631	97531	2	2	1	0	1	22
JH584304.1	81952	102757	1	1	1	0	1	38
JH584304.1	82419	106497	1	1	1	0	2	42
JH584304.1	84056	106497	1	1	1	0	1	42
JH584304.1	85226	102757	1	1	1	0	1	38
JH584304.1	86162	102757	1	1	1	0	1	38
JH584304.1	86863	102757	1	1	1	0	1	38
JH584304.1	87243	102653	2	2	1	0	1	12
JH584304.1	87711	102653	2	2	1	0	1	12
JH584304.1	87798	106497	1	1	1	0	2	42
JH584304.1	88178	102653	2	2	1	0	1	12
JH584304.1	88647	102653	2	2	1	0	1	12
JH584304.1	88881	103839	2	2	1	0	3	14
JH584304.1	89115	102653	2	2	1	0	1	12
JH584304.1	90604	102757	1	1	1	0	1	38
JH584304.1	90604	106497	1	1	1	0	2	33
JH584304.1	90751	95427	2	2	1	0	2	28
JH584304.1	90751	96128	2	2	1	0	1	22
JH584304.1	90751	97064	2	2	1	0	1	6
JH584304.1	90751	97531	2	2	1	0	1	22
JH584304.1	90751	103839	2	2	1	0	1	4
JH584304.1	91072	102757	1	1	1	0	1	38
JH584304.1	91305	106497	1	1	1	0	1	9
JH584304.1	91539	106497	1	1	1	0	5	42
JH584304.1	92007	106497	1	1	1	0	1	9
JH584304.1	92856	101970	2	2	1	0	1	22
JH584304.1	93176	106497	1	1	1	0	3	42
JH584304.1	94112	106497	1	1	1	0	1	9
JH584304.1	94346	102757	1	1	1	0	1	38
JH584304.1	95282	102757	1	1	1	0	1	38
JH584304.1	95515	106497	1	1	0	0	1	40
JH584304.1	95983	102757	1	1	1	0	1	38
JH584304.1	96216	106497	1	1	1	0	1	9
JH584304.1	96363	102653	2	2	1	0	1	12
JH584304.1	96597	103839	2	2	1	0	3	14
JH584304.1	96831	102653	2	2	1	0	1	12
JH584304.1	98466	102653	2	2	1	0	1	12
JH584304.1	98699	103839	2	2	1	0	2	33
JH584304.1	99718	106497	1	1	0	0	1	40
JH584304.1	100099	103839	2	2	1	0	1	4
JH584304.1	100099	111322	2	2	1	0	1	21
JH584304.1	100099	112256	2	2	1	0	1	22
JH584304.1	100099	114362	2	2	1	0	1	6
JH584304.1	100333	102653	2	2	1	0	1	12
JH584304.1	101035	103839	2	2	1	0	3	33
JH584304.1	101269	103839	2	2	1	0	3	33
JH584304.1	102758	103692	1	1	1	0	1	33
JH584304.1	102758	104861	1	1	1	0	1	33
JH584304.1	102758	108602	1	1	0	0	1	37
JH584304.1	102758	109303	1	1	1	0	1	33
JH584304.1	102758	111174	1	1	1	0	1	33
JH584304.1	103372	103839	2	2	1	0	3	33
JH584304.1	103927	104393	1	1	1	0	4	40
JH584304.1	103927	104861	1	1	1	0	4	35
JH584304.1	103927	106497	1	1	1	0	36	46
JH584304.1	103927	108134	1	1	1	0	6	40
JH584304.1	103927	108602	1	1	0	0	1	37
JH584304.1	103927	109303	1	1	1	0	4	35
JH584304.1	103927	110940	1	1	1	0	4	40
JH584304.1	103927	111174	1	1	1	0	4	35
JH584304.1	103927	112343	1	1	1	0	1	28
JH584304.1	103927	113513	1	1	1	0	3	35
JH584304.1	104160	106497	1	1	0	0	1	40
JH584304.1	104394	109770	1	1	1	0	1	21
JH584304.1	105242	110386	2	2	1	0	1	33
JH584304.1	105242	114362	2	2	1	0	1	6
JH584304.1	106528	107697	1	1	0	0	1	30
JH584304.1	106879	114362	2	2	1	0	1	6
MU069435.1	1231	1636	1	1	1	1	1	31
