chr1	4844740	4847747	2	2	1	1	0	27
chr1	4854329	4855795	2	2	1	1	0	29
chr1	4937756	4948249	1	1	1	1	0	23
chr1	5214075	5220170	1	1	1	1	0	32
chr1	6314500	6315018	1	1	1	1	0	43
chr1	6318034	6318289	1	1	1	1	0	36
chr1	6338981	6340914	1	1	1	2	0	25
chr1	7233596	7239738	1	1	1	1	0	22
chr1	10097477	10100823	2	2	1	1	0	9
chr1	10115410	10117648	1	3	1	1	0	5
chr1	10251267	10253887	2	2	1	2	0	15
chr1	10253973	10254200	2	2	1	2	0	45
chr1	10254407	10254610	2	2	1	1	0	15
chr1	13646677	13648323	2	2	1	5	0	35
chr1	13648383	13649673	2	2	1	4	0	17
chr1	13697129	13697579	2	2	1	2	0	27
chr1	13708634	13717608	2	2	1	1	0	26
chr1	16171584	16171950	2	2	1	48	2	46
chr1	16201431	16201517	1	1	1	1	0	27
chr1	16713703	16715909	2	2	1	1	0	25
chr1	16776450	16779662	1	1	1	1	0	44
chr1	17086382	17161521	2	2	1	2	0	20
chr1	20594490	20604066	2	2	1	1	0	8
chr1	21330414	21333016	1	1	1	2	0	25
chr1	23915531	23916789	2	2	1	1	0	18
chr1	24654759	24654788	0	0	1	15	12	41
chr1	36459117	36463918	2	2	1	2	0	39
chr1	36731632	36732277	1	1	1	14	0	45
chr1	36739260	36739417	2	2	1	1	0	34
chr1	37918702	37920013	2	2	1	1	0	42
chr1	37936916	37937141	1	1	1	1	0	25
chr1	38037406	38056886	1	1	1	1	0	12
chr1	38057013	38057105	1	1	1	3	0	33
chr1	38058616	38060674	1	1	1	1	0	34
chr1	38060893	38061244	1	1	1	1	0	13
chr1	38061396	38071357	1	1	1	1	0	32
chr1	38071457	38072148	1	1	1	1	0	7
chr1	38072239	38073109	1	3	1	2	0	40
chr1	38090366	38090686	1	1	1	1	0	35
chr1	39035025	39035221	1	1	1	1	0	20
chr1	39409221	39410034	1	1	1	17	0	39
chr1	39410148	39410382	1	1	1	44	3	46
chr1	40334087	40337068	1	1	1	1	0	6
chr1	40337135	40339919	1	1	1	1	0	20
chr1	44038996	44040478	1	1	1	1	0	17
chr1	51803124	51805980	2	2	1	3	0	30
chr1	51803124	51808162	2	2	1	1	0	6
chr1	51836695	51838690	2	2	1	3	0	22
chr1	52191538	52193002	1	1	1	1	0	32
chr1	52904789	52908064	1	1	1	1	0	19
chr1	52908118	52924261	1	1	1	1	0	20
chr1	52953010	52955795	1	1	1	1	0	34
chr1	52955830	52959421	1	1	1	1	0	24
chr1	53236462	53245720	2	2	1	1	0	37
chr1	53362430	53365162	1	1	1	2	0	31
chr1	53389222	53390038	2	2	1	1	0	39
chr1	55042365	55042451	2	2	1	1	0	30
chr1	55042650	55044960	2	2	1	1	0	9
chr1	55118390	55119260	2	2	1	1	0	22
chr1	55119507	55120231	2	2	1	5	0	44
chr1	55122967	55123691	2	2	1	1	0	8
chr1	55128375	55129871	1	1	1	0	3	38
chr1	55129962	55130228	1	1	1	13	0	36
chr1	58069218	58069384	1	1	1	1	0	15
chr1	58160264	58164176	1	1	1	16	0	41
chr1	58164239	58166785	1	1	1	12	0	37
chr1	58166867	58177374	1	1	1	2	0	17
chr1	58186447	58189453	1	1	1	1	0	37
chr1	58198179	58198795	1	1	1	5	0	39
chr1	58211508	58215632	1	1	1	1	0	14
chr1	58233953	58239328	1	1	1	1	0	44
chr1	58437012	58438162	1	1	1	1	0	5
chr1	58440383	58440499	1	1	1	2	0	15
chr1	58440671	58442045	1	1	1	3	0	13
chr1	59694692	59709838	2	2	1	1	0	20
chr1	59745927	59746161	1	1	1	2	0	20
chr1	59746224	59748161	1	1	1	3	0	42
chr1	59903113	59906494	1	1	1	2	0	44
chr1	60234336	60239263	1	1	1	2	0	24
chr1	60311417	60316283	1	1	1	1	0	25
chr1	62822716	62824203	1	1	1	1	0	16
chr1	63217036	63217597	1	1	1	1	0	27
chr1	63218533	63218616	1	1	1	10	0	40
chr1	65200372	65200958	2	2	1	1	0	5
chr1	65207764	65210117	2	2	1	1	0	27
chr1	66870687	66876120	2	2	1	5	0	15
chr1	66884492	66887558	2	2	1	1	0	9
chr1	67183115	67184945	1	1	1	1	0	23
chr1	67187962	67191440	1	1	1	5	0	37
chr1	67196090	67196897	1	1	1	1	0	14
chr1	67200117	67201739	1	1	1	1	0	23
chr1	67201836	67204540	1	1	1	1	0	32
chr1	67205686	67207399	1	1	1	2	0	41
chr1	67207529	67210007	1	1	1	1	0	15
chr1	67213661	67216067	1	1	1	1	0	43
chr1	67216245	67219229	1	1	1	1	0	4
chr1	67219349	67234301	1	1	1	1	0	10
chr1	67243862	67244290	1	1	1	3	0	26
chr1	67251670	67253175	1	1	1	1	0	4
chr1	67259761	67266282	1	1	1	1	0	39
chr1	71609085	71609998	1	1	1	2	0	8
chr1	71626103	71629256	2	2	1	1	0	33
chr1	71629364	71629925	2	2	1	1	0	24
chr1	71630052	71632229	2	2	1	1	0	30
chr1	71632395	71634822	2	2	1	5	0	40
chr1	71638554	71638761	2	2	1	1	0	24
chr1	71641657	71644128	2	2	1	1	0	28
chr1	71644243	71645043	2	2	1	1	0	21
chr1	71651810	71654518	2	2	1	1	0	35
chr1	72364348	72365374	1	1	1	1	0	36
chr1	72433127	72433866	1	1	1	1	0	22
chr1	72750483	72750830	1	1	1	1	0	6
chr1	72750960	72751300	1	3	1	39	0	44
chr1	72751384	72752660	1	1	1	94	40	46
chr1	74290056	74290412	1	1	1	1	0	32
chr1	74301745	74302901	1	1	1	2	0	28
chr1	74303003	74303511	1	1	1	2	0	37
chr1	74303613	74306929	1	1	1	1	0	5
chr1	74319469	74319941	2	2	1	2	0	19
chr1	75148827	75148909	2	2	1	1	0	24
chr1	75157636	75163086	2	2	1	1	0	41
chr1	75285354	75285942	2	2	1	8	0	46
chr1	78585583	78609574	1	1	1	20	7	30
chr1	78585585	78609585	1	1	1	0	1	19
chr1	78585587	78585926	1	1	1	0	1	30
chr1	78585587	78587303	1	1	1	0	1	30
chr1	78585593	78585931	1	1	1	0	1	25
chr1	78585593	78587308	1	1	1	0	1	25
chr1	78585599	78585931	1	1	1	0	1	25
chr1	78585599	78587308	1	1	1	0	1	25
chr1	78677548	78678985	1	1	1	1	0	6
chr1	80247073	80249240	2	2	1	1	0	28
chr1	80254266	80255091	2	2	1	1	0	40
chr1	80570962	80573257	2	2	1	1	0	30
chr1	82728326	82729305	1	1	1	2	0	20
chr1	82836171	82848405	1	1	1	2	0	6
chr1	84717378	84719907	2	2	1	1	0	4
chr1	85310536	85318193	2	2	1	0	3	36
chr1	85999719	86003520	1	1	1	1	0	23
chr1	86056028	86058358	1	1	1	11	0	42
chr1	86058452	86060435	1	1	1	7	0	36
chr1	86060523	86061359	1	1	1	1	0	10
chr1	86064839	86066801	1	1	1	1	0	17
chr1	86278419	86278533	2	2	1	2	0	27
chr1	86281003	86281453	2	2	1	1	0	36
chr1	86282867	86283773	2	2	1	2	0	36
chr1	86284180	86284277	2	2	1	1	0	20
chr1	86284464	86284678	2	2	1	1	0	16
chr1	86454673	86456894	1	1	1	0	1	43
chr1	86457275	86457452	1	1	1	8	0	37
chr1	86457527	86457686	1	1	1	2	0	40
chr1	87368335	87368438	1	1	1	1	0	10
chr1	87717203	87717293	1	1	1	1	0	3
chr1	88345015	88346108	1	1	1	1	0	11
chr1	88346160	88348304	1	1	1	4	0	42
chr1	88348401	88354043	1	1	1	18	0	45
chr1	91228363	91230490	1	1	1	1	0	31
chr1	91303805	91304039	2	2	1	1	0	22
chr1	92367630	92379732	2	2	1	1	0	26
chr1	92565126	92567408	2	2	1	1	0	17
chr1	93065082	93065621	1	1	1	1	0	38
chr1	93071873	93072232	1	1	1	2	0	39
chr1	93335982	93336090	2	2	1	2	0	35
chr1	93351100	93351491	2	2	1	2	0	45
chr1	93368515	93369907	2	2	1	2	0	20
chr1	93369973	93373301	2	2	1	2	0	7
chr1	93744233	93744359	1	1	1	1	0	4
chr1	93744422	93746002	1	1	1	1	0	23
chr1	105949589	105950929	1	1	1	1	0	32
chr1	106717816	106719407	2	2	1	0	1	24
chr1	106719520	106724150	2	2	1	1	0	14
chr1	107047495	107054153	2	2	1	0	1	44
chr1	110353986	110360801	2	2	1	0	1	40
chr1	120041264	120044115	2	2	1	21	0	44
chr1	120044179	120047624	2	2	1	8	0	42
chr1	120047743	120048674	2	2	1	1	0	14
chr1	121233677	121234592	2	2	1	1	0	40
chr1	121481670	121487934	1	1	1	0	1	24
chr1	125322889	125324843	2	2	1	1	0	27
chr1	127657108	127658191	2	2	1	1	0	46
chr1	127847379	127852464	1	1	1	1	0	11
chr1	127855859	127858126	1	1	1	1	0	28
chr1	128081137	128095629	1	1	1	1	0	34
chr1	128186741	128187180	1	1	1	2	0	43
chr1	128187275	128188570	1	1	1	9	0	41
chr1	128188626	128190529	1	1	1	14	0	45
chr1	128343149	128344888	2	2	1	1	0	37
chr1	130570851	130575765	2	2	1	1	0	30
chr1	130775283	130776174	1	1	1	2	0	42
chr1	130776856	130777224	1	1	1	1	0	7
chr1	130777357	130777467	1	1	1	1	0	28
chr1	131091303	131092139	1	1	1	1	0	25
chr1	131098849	131101040	1	1	1	1	0	7
chr1	131849787	131852323	1	1	1	1	0	29
chr1	131852380	131855801	1	1	1	1	0	7
chr1	131855955	131857350	1	1	1	7	0	44
chr1	132422080	132422594	1	1	1	1	0	11
chr1	133293445	133307958	2	2	1	2	0	40
chr1	134282580	134283297	2	2	1	1	0	24
chr1	134288663	134289271	2	2	1	1	0	32
chr1	134350894	134351695	1	1	1	1	0	40
chr1	134358989	134359267	1	1	1	1	0	28
chr1	139429551	139431498	1	1	1	1	0	33
chr1	139431700	139434503	1	1	1	3	0	4
chr1	139450295	139451110	1	1	1	1	0	16
chr1	139475659	139478557	2	2	1	1	0	16
chr1	139659445	139660040	2	2	1	6	0	36
chr1	139660215	139660777	2	2	1	0	1	32
chr1	139661326	139664535	2	2	1	2	0	33
chr1	139664713	139666928	2	2	1	10	0	46
chr1	139667109	139667194	2	2	1	3	0	24
chr1	139668327	139680711	2	2	1	3	2	44
chr1	139680889	139681966	2	2	1	1	0	8
chr1	139749539	139749909	2	2	1	1	2	22
chr1	139842452	139842822	2	2	1	0	2	18
chr1	139868367	139887357	2	2	1	0	2	44
chr1	140028723	140029322	2	2	1	1	0	28
chr1	140029497	140030074	2	2	1	0	1	32
chr1	140030623	140033132	2	2	1	2	0	24
chr1	140033310	140036229	2	2	1	1	0	21
chr1	140036679	140040170	2	2	1	1	0	24
chr1	140040345	140046324	2	2	1	5	0	42
chr1	140046502	140047608	2	2	1	2	0	38
chr1	140064062	140064433	2	2	1	0	2	18
chr1	140435588	140437121	1	1	1	1	0	28
chr1	143617450	143620784	1	1	1	1	0	10
chr1	143675773	143677872	1	1	1	1	0	6
chr1	150274425	150278005	1	1	1	2	0	29
chr1	150278103	150279348	1	1	1	1	0	29
chr1	150283329	150284494	1	1	1	1	0	29
chr1	150284636	150284953	1	1	1	1	0	25
chr1	150285046	150285730	1	1	1	2	0	42
chr1	150285929	150287651	1	1	1	1	0	35
chr1	150297554	150298278	1	1	1	1	0	29
chr1	150300562	150301387	1	1	1	2	0	25
chr1	150325833	150326513	2	2	1	1	0	7
chr1	151769184	151791232	2	2	1	1	0	34
chr1	152644685	152647114	1	1	1	1	0	20
chr1	152720159	152720963	2	2	1	1	0	6
chr1	153097476	153099404	2	2	1	1	0	16
chr1	153341524	153342777	2	2	1	1	0	5
chr1	153634335	153635289	1	1	1	1	0	39
chr1	155440468	155443330	1	1	1	3	0	33
chr1	155443428	155447943	1	1	1	6	0	34
chr1	155654598	155655463	2	2	1	1	0	13
chr1	155819959	155828899	2	2	1	1	0	25
chr1	155906178	155907159	2	2	1	1	0	11
chr1	155907220	155909471	2	2	1	1	0	44
chr1	155909547	155911503	2	2	1	1	0	21
chr1	159147411	159152486	1	1	1	0	1	15
chr1	160054253	160059365	2	2	1	1	0	13
chr1	160059438	160064195	2	2	1	1	0	7
chr1	160066206	160075028	2	2	1	2	0	43
chr1	160821182	160822887	1	1	1	3	0	17
chr1	160823026	160824919	1	1	1	2	0	31
chr1	160825311	160827558	1	1	1	3	0	11
chr1	160827624	160829856	1	1	1	27	0	45
chr1	160863375	160863552	1	1	1	1	0	23
chr1	160863585	160863777	1	1	1	1	0	32
chr1	160863815	160864118	1	1	1	1	0	11
chr1	160864150	160864389	1	1	1	1	0	26
chr1	160865118	160865564	1	1	1	2	0	43
chr1	160865608	160865794	1	1	1	4	0	44
chr1	160865843	160866026	1	1	1	10	0	42
chr1	162526603	162529750	2	2	1	1	0	28
chr1	162548176	162548998	2	2	1	1	0	42
chr1	162548176	162549013	2	2	1	2	0	43
chr1	163222262	163224380	2	2	1	1	0	19
chr1	163979690	163981894	1	1	1	1	0	6
chr1	164014487	164017680	1	1	1	1	0	18
chr1	164035493	164036505	1	1	1	2	0	8
chr1	164036610	164037031	1	1	1	2	0	32
chr1	164045119	164046946	1	1	1	26	0	45
chr1	165250611	165251870	2	2	1	1	0	28
chr1	165302564	165305789	1	1	1	1	0	22
chr1	165307148	165308471	1	1	1	9	0	34
chr1	165598386	165601412	1	1	1	4	0	25
chr1	167136503	167136874	1	1	1	7	0	46
chr1	167136953	167141675	1	1	1	2	0	42
chr1	167195242	167195506	2	4	1	2	0	41
chr1	169797145	169799350	1	1	1	1	0	18
chr1	171052691	171052852	1	1	1	5	0	33
chr1	171052691	171052855	1	1	1	1	0	8
chr1	171052936	171053234	1	1	1	16	0	44
chr1	171053368	171053711	1	1	1	164	0	46
chr1	171053784	171053902	2	2	1	4	0	44
chr1	171053832	171053887	1	1	1	1	0	24
chr1	171062657	171062841	2	2	1	1	0	41
chr1	171247669	171247758	1	1	1	4	0	42
chr1	172014480	172014919	1	1	1	1	0	46
chr1	173764206	173765307	2	2	1	1	0	28
chr1	175429133	175431503	2	2	1	8	0	44
chr1	175485989	175486078	1	1	1	2	0	30
chr1	178149425	178149506	1	1	1	1	0	39
chr1	178149571	178150045	1	1	1	3	0	41
chr1	178156973	178157432	2	2	1	3	0	40
chr1	178157505	178157729	2	2	1	1	0	30
chr1	178158412	178158657	2	4	1	3	0	35
chr1	178158827	178158913	2	2	1	3	0	25
chr1	178159043	178159399	2	2	1	1	0	21
chr1	178160675	178161111	2	2	1	1	0	23
chr1	178161592	178163446	2	2	1	1	0	17
chr1	178163521	178163611	2	2	1	1	0	24
chr1	178163724	178164517	2	2	1	1	0	32
chr1	179605389	179607168	2	2	1	2	0	29
chr1	179620119	179621207	2	2	1	1	0	13
chr1	179623496	179626775	2	2	1	1	0	41
chr1	179788853	179826926	1	1	1	1	0	29
chr1	179900077	179902134	1	1	1	1	0	4
chr1	179922057	179928589	1	1	1	1	0	10
chr1	179928838	179933611	1	1	1	1	0	8
chr1	179995022	179995886	2	2	1	1	0	26
chr1	179996787	179996980	2	2	1	3	0	13
chr1	179997994	179999128	2	2	1	1	0	3
chr1	180006209	180006447	2	2	1	1	0	43
chr1	180055194	180056407	2	2	1	1	0	19
chr1	180055294	180056407	2	2	1	1	0	32
chr1	180822323	180823513	2	2	1	2	0	5
chr1	180989781	180993745	1	1	1	1	0	32
chr1	181005397	181008868	2	2	1	6	0	39
chr1	182286525	182289251	1	1	1	2	0	16
chr1	183112549	183113679	2	2	1	1	0	11
chr1	183115103	183115257	2	2	1	1	0	13
chr1	183115349	183115436	2	2	1	2	0	32
chr1	183116608	183117373	2	2	1	1	0	30
chr1	183117479	183117900	2	2	1	1	0	28
chr1	183119617	183119709	2	2	1	2	0	39
chr1	183120835	183125674	2	2	1	2	0	13
chr1	184520039	184527430	2	2	1	2	0	45
chr1	184546081	184551397	2	2	1	22	0	45
chr1	184551545	184554531	2	2	1	1	0	41
chr1	185106410	185110971	1	1	1	1	0	22
chr1	185128364	185129256	1	1	1	2	0	44
chr1	185139392	185139687	1	1	1	11	0	43
chr1	189612866	189614632	2	2	1	1	0	27
chr1	191087271	191088530	2	2	1	1	0	40
chr1	191508542	191510494	1	1	1	1	0	25
chr1	194781150	194793387	2	2	1	1	0	38
chr1	194786216	194789125	2	2	1	6	0	42
chr1	194789231	194793387	2	2	1	1	0	21
chr2	3326439	3327107	1	1	1	1	0	6
chr2	3512292	3513670	2	2	1	1	0	26
chr2	4927698	4930408	1	1	1	1	0	11
chr2	4935706	4940779	1	1	1	4	0	37
chr2	4940930	4942486	1	1	1	6	0	46
chr2	4942622	4943117	1	1	1	12	0	39
chr2	5550709	5550750	2	2	1	0	1	19
chr2	5550709	5552231	2	2	1	0	1	19
chr2	5956365	5962281	1	1	1	1	0	42
chr2	5962662	5965743	1	1	1	1	0	29
chr2	10060891	10061564	1	1	1	1	0	31
chr2	10060973	10061580	2	2	1	19	0	37
chr2	10061618	10063806	2	2	1	10	0	40
chr2	10064468	10068096	2	2	1	2	0	17
chr2	10099713	10101261	2	2	1	1	1	25
chr2	10110093	10110430	2	2	1	4	0	35
chr2	10113751	10114291	2	4	1	2	0	27
chr2	10114418	10115205	2	2	1	3	0	39
chr2	10120157	10121414	2	2	1	1	0	12
chr2	10121544	10122149	2	2	1	1	0	25
chr2	10122258	10124277	2	2	1	1	0	43
chr2	10128326	10130961	2	2	1	1	0	23
chr2	10245891	10247311	1	1	1	1	0	19
chr2	11602980	11605429	2	2	1	1	0	11
chr2	13585050	13585450	1	1	1	3	0	35
chr2	13585495	13586423	1	1	1	3	0	13
chr2	14031818	14040589	2	2	1	1	0	11
chr2	14298345	14299610	1	1	1	1	0	41
chr2	14299756	14308921	1	1	1	2	0	42
chr2	14308964	14310126	1	1	1	1	0	16
chr2	14312799	14313489	1	1	1	2	0	22
chr2	18298856	18311783	2	2	1	4	0	29
chr2	18311878	18312725	2	2	1	1	0	16
chr2	20857881	20859745	2	2	1	1	0	17
chr2	20891972	20894685	2	2	1	1	0	14
chr2	22478077	22634873	0	0	1	17	0	31
chr2	22478087	22478116	0	0	1	0	13	36
chr2	22989777	23000256	1	1	1	2	0	38
chr2	23000299	23000665	1	1	1	1	0	10
chr2	23084821	23085333	1	1	1	2	0	5
chr2	25356844	25357298	2	2	1	3	0	30
chr2	25356844	25357331	2	2	1	1	0	8
chr2	25357358	25357829	2	2	1	3	0	3
chr2	25365431	25366959	2	2	1	1	0	44
chr2	25388836	25388916	2	2	1	32	0	39
chr2	25388956	25389025	2	2	1	12	0	39
chr2	25389128	25389409	2	2	1	1	0	27
chr2	25450713	25450980	1	1	1	1	0	18
chr2	25451075	25451862	1	1	1	5	0	37
chr2	25474001	25474114	2	2	1	1	0	31
chr2	25474174	25474787	2	2	1	3	0	7
chr2	26306724	26309632	2	2	1	2	0	26
chr2	26311469	26312019	2	2	1	1	0	17
chr2	26474061	26475596	1	1	1	1	0	42
chr2	26802172	26802377	1	1	1	1	0	38
chr2	26802814	26802999	1	1	1	8	0	29
chr2	26803070	26803176	1	1	1	39	1	46
chr2	26803518	26803588	2	2	1	4	0	43
chr2	26803671	26803924	2	2	1	2	0	23
chr2	26805527	26805607	2	2	1	1	0	19
chr2	26815697	26816780	2	2	1	1	0	29
chr2	27079468	27087618	1	3	1	1	0	35
chr2	27079515	27086779	2	4	1	2	4	37
chr2	27086830	27087540	2	2	1	2	0	5
chr2	27117173	27118255	2	2	1	2	0	10
chr2	27339339	27340268	2	2	1	1	0	23
chr2	27343087	27344324	2	2	1	7	0	29
chr2	27344517	27346920	2	2	1	1	0	5
chr2	27855663	27856941	1	1	1	2	0	3
chr2	27856996	27858150	1	1	1	2	0	35
chr2	29048278	29048852	1	1	1	1	0	38
chr2	29785953	29799657	2	2	1	0	3	42
chr2	30067734	30067931	2	2	1	1	0	23
chr2	30075766	30076203	2	2	1	1	0	15
chr2	30857368	30857685	2	2	1	1	0	27
chr2	30867982	30868906	2	2	1	1	0	34
chr2	30871555	30871789	2	2	1	1	0	25
chr2	31360352	31364718	1	1	1	1	0	37
chr2	31369016	31370986	1	1	1	0	1	39
chr2	31378665	31382325	1	1	1	1	0	20
chr2	31383188	31388158	1	1	1	0	1	26
chr2	31388250	31390844	1	1	1	3	2	45
chr2	31391565	31400121	1	1	1	0	1	34
chr2	31400254	31404690	1	1	1	0	1	33
chr2	31404848	31408737	1	1	1	1	0	45
chr2	31408804	31410383	1	1	1	3	9	44
chr2	32461308	32462308	1	1	1	1	0	12
chr2	32853079	32853508	1	1	1	0	1	3
chr2	32853596	32853752	1	1	1	12	0	40
chr2	32853866	32854002	1	1	1	32	2	46
chr2	34322343	34325144	1	1	1	1	0	17
chr2	34590863	34594177	2	2	1	2	0	27
chr2	34662803	34663181	1	1	1	1	0	7
chr2	34663320	34663832	1	1	1	2	0	39
chr2	34663946	34664039	1	1	1	2	0	14
chr2	34664431	34664546	1	1	1	1	0	35
chr2	34664785	34665077	1	1	1	2	0	37
chr2	34665246	34665562	1	1	1	4	0	43
chr2	34772450	34775882	1	1	1	1	0	40
chr2	34887474	34890785	2	2	1	1	0	23
chr2	34903700	34905074	2	2	1	3	0	38
chr2	34905165	34908107	2	2	1	1	0	40
chr2	34918211	34919413	2	2	1	1	0	11
chr2	34924624	34925967	2	2	1	1	0	10
chr2	34940579	34947254	2	2	1	2	0	23
chr2	34947448	34951330	2	2	1	2	0	42
chr2	34971980	34972141	1	3	1	3	0	18
chr2	34972166	34975310	1	3	1	1	0	16
chr2	34972504	34975182	2	2	1	2	0	39
chr2	35043486	35045262	1	1	1	3	0	24
chr2	35072460	35073404	2	2	1	1	0	31
chr2	35073436	35073755	2	2	1	1	0	8
chr2	35081578	35082632	2	2	1	2	0	42
chr2	35082692	35090771	2	2	1	1	0	4
chr2	36038071	36043604	1	1	1	2	0	9
chr2	37385770	37392879	1	1	1	1	0	42
chr2	37486857	37489132	2	2	1	1	0	15
chr2	37489268	37490756	2	2	1	2	0	41
chr2	37494027	37514184	2	2	1	1	0	34
chr2	38414715	38414910	1	1	1	1	0	22
chr2	38478301	38480708	2	2	1	1	0	35
chr2	38532288	38533369	2	2	1	1	0	41
chr2	38891778	38894118	2	2	1	0	15	45
chr2	38894201	38894743	2	2	1	3	0	30
chr2	43970410	43977636	2	2	1	1	0	14
chr2	49900006	49907546	1	1	1	0	3	34
chr2	51998604	51999203	1	1	1	1	0	14
chr2	52145649	52146101	2	2	1	1	0	15
chr2	52162980	52163896	2	2	1	1	0	8
chr2	52193947	52194041	2	2	1	2	0	14
chr2	52200658	52203129	2	2	1	1	0	23
chr2	52203893	52209645	2	2	1	1	0	22
chr2	52215080	52215708	2	2	1	1	0	17
chr2	53030605	53031630	2	2	1	1	0	42
chr2	53031693	53031778	2	2	1	6	0	37
chr2	53031876	53031954	2	2	1	2	0	38
chr2	53032042	53034795	2	2	1	1	0	44
chr2	53043135	53043475	2	2	1	1	0	14
chr2	53043541	53043975	2	2	1	1	0	13
chr2	57254616	57257363	1	1	1	1	0	19
chr2	58664243	58667816	1	1	1	1	0	8
chr2	59742187	59742745	2	2	1	2	0	11
chr2	59767096	59773105	2	2	1	1	0	25
chr2	59773168	59773281	2	2	1	1	0	27
chr2	59773375	59778430	2	2	1	2	0	22
chr2	60037308	60039365	2	2	1	3	0	36
chr2	60075605	60078233	1	1	1	1	0	41
chr2	61614252	61615777	1	1	1	1	0	22
chr2	61615904	61627738	1	1	1	1	0	11
chr2	61627802	61630325	1	1	1	1	0	18
chr2	62190697	62190952	2	2	1	2	0	14
chr2	62195408	62203098	2	2	1	1	0	40
chr2	64760641	64763563	2	2	1	2	0	40
chr2	64932511	64933503	2	2	1	1	0	4
chr2	66587716	66615053	2	2	1	1	0	44
chr2	68986799	68989112	1	1	1	2	0	31
chr2	68989176	68991413	1	3	1	3	0	36
chr2	69122399	69126655	2	2	1	1	0	22
chr2	69136983	69138802	2	2	1	5	0	39
chr2	69564723	69566211	1	1	1	1	0	13
chr2	69566242	69566332	1	1	1	1	0	30
chr2	69579442	69579615	1	1	1	1	0	20
chr2	69697724	69697795	1	1	1	1	0	39
chr2	69697897	69699122	1	1	1	2	0	15
chr2	69700365	69700728	1	1	1	1	0	27
chr2	69700925	69701021	1	1	1	2	0	26
chr2	69701661	69702075	2	2	1	1	0	33
chr2	69702126	69704227	2	2	1	1	0	9
chr2	69704280	69709445	2	2	1	1	0	31
chr2	69846810	69848736	1	1	1	1	0	31
chr2	70579672	70580778	2	2	1	2	0	31
chr2	70600420	70617220	2	2	1	1	0	25
chr2	71059035	71066258	1	1	1	1	0	8
chr2	72924069	72927488	2	2	1	1	0	6
chr2	72972340	72972651	2	2	1	1	0	28
chr2	73115380	73116681	2	2	1	0	1	5
chr2	73739052	73739527	2	2	1	2	0	14
chr2	74381446	74385331	2	2	1	1	0	29
chr2	75491933	75492014	1	1	1	1	0	31
chr2	75492162	75492239	1	1	1	1	0	15
chr2	75492921	75493004	1	1	1	1	0	15
chr2	75493101	75493188	1	1	1	2	0	6
chr2	75493225	75493956	1	1	1	2	0	36
chr2	76467234	76469543	2	2	1	2	0	40
chr2	76673193	76673719	2	2	1	2	0	18
chr2	76678987	76679160	2	2	1	1	0	26
chr2	76684812	76686608	2	2	1	1	0	26
chr2	76694020	76694615	2	2	1	1	0	41
chr2	76698430	76698630	2	2	1	1	0	27
chr2	76768178	76768650	2	2	1	1	0	3
chr2	76779488	76780358	2	2	1	1	0	28
chr2	79481805	79485430	1	1	1	1	0	33
chr2	80355022	80355902	2	2	1	1	0	9
chr2	83488966	83490401	1	1	1	1	0	45
chr2	84439419	84439873	2	2	1	3	0	22
chr2	84515792	84515946	1	1	1	1	0	45
chr2	84516044	84516534	1	1	1	1	0	6
chr2	84555612	84556275	2	4	1	1	0	13
chr2	84600641	84601768	2	2	1	1	0	42
chr2	84871134	84871262	1	1	1	1	0	17
chr2	90295072	90298593	2	2	1	1	0	39
chr2	90583535	90587679	1	1	1	1	0	35
chr2	90677730	90679714	1	1	1	1	0	33
chr2	90694010	90695527	1	1	1	4	0	45
chr2	90725222	90728727	2	2	1	1	0	15
chr2	90885004	90885323	1	1	1	1	0	37
chr2	90889473	90889598	1	1	1	4	0	29
chr2	90893509	90893664	2	2	1	1	0	43
chr2	91455919	91456046	2	2	1	10	0	44
chr2	91458849	91459004	2	2	1	1	0	5
chr2	91459664	91460294	2	2	1	1	0	43
chr2	91460422	91460497	2	2	1	1	0	3
chr2	91465295	91465515	2	2	1	1	0	17
chr2	91465541	91466122	2	2	1	1	0	25
chr2	93875788	93882598	2	2	1	1	0	24
chr2	93947822	93988054	2	2	1	1	0	30
chr2	98492727	98494235	2	2	1	0	11	22
chr2	98492727	98497474	2	2	1	1	3	20
chr2	98493318	98497231	2	2	1	0	2	24
chr2	98493318	98497289	2	2	1	0	3	5
chr2	98493318	98497482	2	2	1	0	72	46
chr2	98494005	98494235	2	2	1	0	1	17
chr2	98496959	98497444	2	2	1	2	1	34
chr2	98496998	98497231	2	2	1	0	15	24
chr2	98496998	98497289	2	2	1	0	3	5
chr2	98496998	98497482	2	2	1	7	83	46
chr2	98497076	98497561	2	2	1	0	2	20
chr2	98497085	98497318	1	1	1	31	23	46
chr2	98497135	98497502	2	2	1	0	1	17
chr2	98497135	98497620	2	2	1	2	0	38
chr2	98497162	98497277	2	2	1	0	2	14
chr2	98497232	98497289	2	2	1	0	3	5
chr2	98497232	98497482	2	2	1	12	62	46
chr2	98497310	98497561	2	2	1	0	2	20
chr2	98497369	98497502	2	2	1	0	1	17
chr2	98497483	98497540	2	2	1	1	0	32
chr2	102608001	102611807	1	1	1	2	0	42
chr2	102922262	102922809	1	1	1	3	0	11
chr2	103284513	103290621	0	0	1	5	0	31
chr2	103285167	103285422	2	2	1	1	0	13
chr2	103287303	103290586	2	2	1	2	0	24
chr2	103290718	103293631	2	2	1	2	0	16
chr2	103597209	103598750	2	2	1	2	0	20
chr2	103613388	103613487	2	2	1	1	0	14
chr2	103613551	103627075	2	2	1	1	0	39
chr2	103883826	103885180	1	1	1	1	0	7
chr2	103941190	103944319	1	1	1	2	0	43
chr2	104593631	104624329	2	2	1	1	0	25
chr2	104596402	104600387	2	2	1	2	0	21
chr2	104830187	104830586	2	2	1	4	0	45
chr2	105761198	105763609	1	1	1	0	1	24
chr2	105794636	105795608	1	1	1	1	0	32
chr2	116356099	116356641	1	1	1	0	1	35
chr2	118702029	118703365	1	1	1	1	0	19
chr2	118705243	118706796	1	1	1	1	0	18
chr2	119212480	119213344	2	2	1	1	0	36
chr2	119259044	119261468	2	2	1	1	0	17
chr2	119505762	119522596	1	1	1	2	0	10
chr2	119522708	119531598	1	1	1	1	0	12
chr2	119536125	119541445	1	1	1	1	0	23
chr2	119790933	119791206	1	1	1	3	0	15
chr2	120199829	120200923	2	2	1	1	0	26
chr2	120369974	120376323	2	2	1	1	0	6
chr2	120376386	120385711	2	2	1	1	0	20
chr2	120398288	120414749	1	1	1	2	0	43
chr2	120780652	120786090	2	2	1	1	0	4
chr2	121257184	121259934	1	1	1	3	0	28
chr2	121260065	121262132	1	1	1	3	0	32
chr2	121266482	121266837	1	1	1	3	0	40
chr2	121266896	121268066	1	1	1	2	0	42
chr2	121279923	121280455	1	1	1	2	0	24
chr2	121288183	121288472	1	1	1	5	0	45
chr2	121288525	121288629	1	1	1	8	0	43
chr2	121807951	121809372	1	1	1	2	0	27
chr2	121859206	121859288	1	1	1	1	0	41
chr2	121859393	121871636	1	1	1	2	2	32
chr2	121871692	121872062	1	1	1	2	1	13
chr2	121878032	121880967	1	1	1	0	5	28
chr2	121881130	121882222	1	1	1	0	3	12
chr2	121939312	121942196	2	2	1	1	0	31
chr2	121981633	121982127	1	1	1	1	0	19
chr2	121982157	121983131	1	1	1	13	0	29
chr2	122095327	122095787	2	2	1	1	0	24
chr2	122629549	122634269	1	1	1	1	0	30
chr2	122634324	122639957	1	1	1	1	0	8
chr2	122650053	122651200	1	1	1	2	0	13
chr2	125592362	125593648	2	2	1	1	0	44
chr2	125594901	125599113	2	2	1	1	0	37
chr2	125599520	125600085	2	2	1	1	0	27
chr2	126406757	126409666	1	1	1	2	0	38
chr2	126409792	126416621	1	1	1	1	0	43
chr2	126416817	126419779	1	1	1	2	0	28
chr2	126419871	126420768	1	1	1	10	0	39
chr2	126428303	126429679	1	1	1	4	0	26
chr2	126560085	126561944	1	1	1	1	0	17
chr2	126671211	126672048	2	2	1	1	0	23
chr2	126672184	126673116	2	2	1	1	0	37
chr2	126736026	126736063	1	3	1	2	0	33
chr2	126768298	126768736	2	2	1	1	0	13
chr2	126934067	126937005	1	1	1	2	0	24
chr2	127052786	127053519	1	1	1	1	0	6
chr2	127112801	127126014	1	1	1	1	0	36
chr2	127433872	127436363	1	1	1	1	0	20
chr2	127633753	127634053	2	2	1	2	0	12
chr2	128688720	128690924	1	1	1	1	0	23
chr2	130121358	130121475	2	2	1	2	0	7
chr2	130121358	130122182	2	2	1	1	0	27
chr2	130126169	130126301	2	2	1	1	0	23
chr2	130360944	130361291	1	1	1	1	0	45
chr2	131055191	131055375	1	1	1	1	0	21
chr2	132398897	132400526	2	2	1	2	0	28
chr2	132406632	132410539	2	2	1	1	0	22
chr2	132689046	132691785	1	1	1	1	0	22
chr2	135212522	135228013	1	1	1	1	0	39
chr2	136723560	136727392	2	2	1	1	0	27
chr2	139980975	139990672	2	2	1	1	0	39
chr2	143789850	143790255	2	2	1	1	0	42
chr2	143794196	143795153	2	2	1	1	0	30
chr2	143796745	143796876	2	2	1	1	0	29
chr2	143806821	143807416	2	2	1	1	0	16
chr2	143810556	143811329	2	2	1	1	0	18
chr2	143828090	143830067	2	2	1	3	0	43
chr2	143832187	143852918	2	2	1	8	0	46
chr2	146777805	146783929	1	1	1	1	0	15
chr2	146798217	146811463	1	1	1	1	0	10
chr2	146811508	146811876	1	1	1	1	0	38
chr2	146871549	146871646	1	1	1	2	0	41
chr2	146871705	146871788	1	1	1	3	0	23
chr2	152092532	152096129	1	1	1	1	0	33
chr2	153159605	153162194	1	1	1	1	0	6
chr2	153184785	153187037	2	2	1	2	0	31
chr2	153461433	153462365	2	2	1	1	0	22
chr2	154719740	154720389	2	2	1	1	0	26
chr2	154726367	154729623	2	2	1	11	0	45
chr2	154729728	154730102	2	2	1	5	0	35
chr2	154730281	154734609	2	2	1	2	0	26
chr2	154902501	154904068	2	2	1	0	1	43
chr2	155662032	155664756	2	2	1	1	0	35
chr2	155821767	155823302	1	1	1	1	0	29
chr2	155858723	155858808	1	1	1	1	0	31
chr2	155859773	155859990	1	1	1	4	0	39
chr2	155986510	155987521	1	1	1	4	0	32
chr2	156014943	156019255	2	2	1	2	0	3
chr2	156019306	156020799	2	2	1	2	0	32
chr2	156019306	156021096	2	2	1	1	0	21
chr2	156021161	156021806	2	2	1	3	0	43
chr2	156130000	156134385	1	1	1	2	0	38
chr2	160488183	160488527	1	1	1	1	0	25
chr2	160488553	160512019	1	1	1	1	0	25
chr2	160512123	160524570	1	1	1	1	0	36
chr2	160524695	160526367	1	1	1	2	0	20
chr2	160526424	160529567	1	1	1	1	0	32
chr2	160529664	160532196	1	1	1	1	0	5
chr2	160532273	160535615	1	1	1	1	0	7
chr2	160600050	160601373	1	1	1	1	0	9
chr2	160613546	160621320	2	2	1	1	0	22
chr2	160884053	160894307	2	2	1	1	0	24
chr2	163377697	163378250	2	4	1	2	0	34
chr2	163856050	163857150	1	1	1	1	0	23
chr2	164268158	164270812	2	2	1	1	0	28
chr2	164344599	164348302	1	1	1	1	0	38
chr2	164348469	164348569	1	1	1	1	0	20
chr2	164407859	164410254	1	1	1	1	0	13
chr2	164619254	164619391	2	2	1	5	0	42
chr2	164734691	164734797	2	2	1	2	0	42
chr2	166797033	166801942	2	2	1	3	0	36
chr2	166853389	166863209	2	2	1	0	1	43
chr2	166853891	166856257	2	2	1	0	3	17
chr2	166873362	166873470	1	1	1	1	0	35
chr2	166873574	166875482	1	1	1	1	0	34
chr2	168052557	168053285	2	2	1	3	0	31
chr2	168059697	168061139	2	2	1	1	0	26
chr2	168061166	168061956	2	2	1	1	0	17
chr2	168582166	168582746	1	3	1	1	0	26
chr2	169728507	169912187	1	1	1	1	0	26
chr2	172995141	172996115	1	1	1	1	0	41
chr2	174269776	174270370	2	2	1	1	0	42
chr2	174303015	174304292	2	2	1	17	0	42
chr2	175130287	175132412	2	2	1	0	2	41
chr2	175169060	175169264	2	2	1	0	1	31
chr2	175227857	175229982	2	2	1	0	4	41
chr2	175266617	175266821	2	2	1	0	1	31
chr2	175325490	175327615	2	2	1	0	3	41
chr2	175442925	175443129	1	1	1	0	1	31
chr2	175479764	175481889	1	1	1	0	4	41
chr2	175540484	175540688	1	1	1	0	1	31
chr2	175577336	175579461	1	1	1	0	2	41
chr2	175707166	175709291	1	1	1	0	4	41
chr2	175767889	175768093	1	1	1	0	1	31
chr2	176128818	176130943	2	2	1	0	2	41
chr2	176167595	176167799	2	2	1	0	1	31
chr2	176226399	176228524	2	2	1	0	4	41
chr2	176317159	176317363	2	2	1	0	1	31
chr2	176376027	176378152	2	2	1	0	3	41
chr2	176887290	176887494	2	2	1	0	1	31
chr2	176919213	176920366	2	2	1	0	1	18
chr2	176920428	176920629	2	2	1	0	1	13
chr2	177079803	177080953	2	2	1	0	1	18
chr2	177081015	177081219	2	2	1	0	1	13
chr2	177198829	177199035	1	1	1	0	1	13
chr2	177199097	177200246	1	1	1	0	1	18
chr2	177409964	177410168	1	1	1	0	1	13
chr2	177410230	177411379	1	1	1	0	1	18
chr2	179577805	179580203	2	2	1	1	0	33
chr2	179678367	179678730	2	2	1	4	0	44
chr2	179678794	179679175	2	2	1	10	0	40
chr2	179715027	179719796	1	1	1	1	0	14
chr2	179817750	179817866	1	1	1	2	0	45
chr2	179899477	179899580	1	1	1	2	0	6
chr2	179899645	179899778	1	1	1	7	0	44
chr2	179899851	179900022	1	1	1	17	0	44
chr2	179900079	179900170	1	1	1	16	3	43
chr2	181001355	181001431	2	2	1	1	0	19
chr2	181243325	181249912	1	1	1	2	0	40
chr2	181250082	181257769	1	1	1	2	0	15
chr2	181292971	181294226	1	1	1	1	0	37
chr3	3000055	3009407	1	1	1	1	0	38
chr3	3537131	3551210	1	1	1	0	1	35
chr3	8867475	8965045	2	2	1	2	0	45
chr3	9503959	9504844	2	2	1	1	0	20
chr3	10080634	10081126	1	1	1	2	0	11
chr3	10380362	10381162	2	2	1	1	0	22
chr3	10411298	10412224	2	2	1	2	0	18
chr3	14615516	14616447	1	1	1	1	0	7
chr3	14627622	14628018	1	1	1	1	0	17
chr3	14671469	14672236	2	2	1	2	0	38
chr3	14672354	14674600	2	2	1	0	1	28
chr3	14912474	14915225	2	2	1	1	0	29
chr3	14928666	14929309	1	1	1	2	0	14
chr3	14929508	14931862	1	1	1	1	0	23
chr3	14931982	14933408	1	1	1	3	0	39
chr3	14933502	14934294	1	1	1	1	0	38
chr3	14934358	14935101	1	1	1	2	0	28
chr3	14935258	14936601	1	1	1	1	0	44
chr3	14937077	14937251	1	1	1	1	0	46
chr3	18126918	18133468	2	2	1	1	0	37
chr3	19271588	19272325	1	1	1	1	0	12
chr3	20018692	20020402	1	1	1	1	0	4
chr3	20020613	20022203	1	1	1	1	0	12
chr3	20028094	20029025	1	1	1	2	0	7
chr3	20036267	20037556	1	1	1	1	0	11
chr3	20037686	20039723	1	1	1	2	0	11
chr3	20039831	20041522	1	1	1	3	0	20
chr3	20042237	20043216	1	1	1	4	0	39
chr3	20043383	20046672	1	1	1	18	0	42
chr3	20043383	20046674	1	1	1	1	0	24
chr3	28772981	28773468	1	1	1	3	0	35
chr3	28861008	28861335	1	1	1	1	0	29
chr3	30847533	30854279	1	1	1	2	0	30
chr3	30854389	30855208	1	1	1	2	0	42
chr3	30855315	30863970	1	1	1	27	0	43
chr3	32592582	32596954	1	1	1	1	0	31
chr3	32782677	32784229	2	2	1	1	0	14
chr3	32799092	32800596	1	1	1	2	0	33
chr3	32800664	32801876	1	1	1	1	0	12
chr3	32801939	32802609	1	1	1	2	0	42
chr3	32802717	32805177	1	1	1	5	0	37
chr3	34103473	34104223	1	1	1	1	0	5
chr3	34104303	34108370	1	1	1	1	0	13
chr3	34118469	34123065	1	1	1	1	0	19
chr3	34131674	34132923	2	2	1	7	7	45
chr3	34132995	34133353	2	2	1	6	0	40
chr3	34133434	34134232	2	2	1	1	0	21
chr3	34134307	34134379	2	2	1	1	0	34
chr3	36917498	36918535	1	1	1	1	0	38
chr3	40733866	40735991	1	1	1	1	0	42
chr3	40736130	40738660	1	1	1	2	0	18
chr3	40905120	40916042	1	1	1	2	0	16
chr3	40905386	40916042	1	1	1	1	0	38
chr3	40916102	40916603	1	1	1	6	0	43
chr3	40916664	40918402	1	1	1	3	0	18
chr3	40918578	40921799	1	1	1	2	0	40
chr3	51313041	51314756	2	2	1	20	4	43
chr3	51314834	51315565	2	2	1	4	0	36
chr3	51345865	51349326	1	1	1	2	0	43
chr3	51367582	51368504	1	1	1	7	0	28
chr3	54602629	54603904	1	1	1	1	0	6
chr3	54603941	54604371	1	1	1	1	0	36
chr3	58366804	58367428	1	1	1	1	0	43
chr3	59939363	59943231	1	1	1	1	0	25
chr3	59944758	59945759	1	1	1	1	0	26
chr3	62399854	62401150	2	2	1	2	0	25
chr3	63897770	63897937	1	1	1	1	0	36
chr3	63898104	63900611	1	1	1	1	0	35
chr3	63923019	63924053	1	1	1	0	3	28
chr3	64360229	64367414	1	1	1	0	3	28
chr3	64512058	64513092	1	1	1	0	1	12
chr3	66903924	66989868	1	1	1	1	0	42
chr3	66990043	67088161	1	1	1	3	0	16
chr3	67088199	67113758	1	1	1	3	0	37
chr3	68923591	68923984	1	1	1	1	0	17
chr3	68935052	68935151	1	1	1	2	0	31
chr3	75428092	75428337	2	2	1	1	0	13
chr3	75440902	75448466	2	2	1	0	1	37
chr3	75794148	75797828	2	2	1	1	0	7
chr3	75813857	75815436	2	2	1	1	0	26
chr3	81869611	81870031	2	2	1	1	0	40
chr3	81870090	81871228	2	2	1	1	0	43
chr3	81871341	81874291	2	2	1	1	0	36
chr3	81874400	81875391	2	2	1	2	0	34
chr3	81881719	81882630	2	2	1	1	0	17
chr3	81882737	81882965	2	2	1	1	0	7
chr3	82915290	82915459	1	1	1	1	0	22
chr3	82915505	82915680	1	1	1	1	0	25
chr3	82915865	82915954	1	1	1	2	0	15
chr3	82920349	82921444	1	1	1	3	0	41
chr3	82921615	82922141	1	1	1	77	0	45
chr3	82933576	82935828	1	1	1	1	0	3
chr3	82936573	82937491	1	1	1	1	0	36
chr3	82949852	82950562	2	2	1	1	0	21
chr3	82949942	82950538	2	2	1	9	0	43
chr3	82951210	82951525	2	2	1	4	0	17
chr3	82951640	82952179	2	2	1	3	0	36
chr3	82952408	82953308	2	2	1	9	0	45
chr3	82953493	82953960	2	2	1	15	0	42
chr3	82954156	82956987	2	2	1	3	0	37
chr3	82978691	82979417	1	1	1	1	0	32
chr3	83830405	83831294	2	2	1	1	0	3
chr3	83842245	83843303	2	2	1	1	0	36
chr3	84165600	84166631	2	2	1	1	0	41
chr3	84435106	84436476	2	2	1	1	0	26
chr3	86045418	86045789	2	2	1	27	0	46
chr3	86045900	86046346	2	2	1	5	0	38
chr3	87829534	87829694	1	1	1	1	0	15
chr3	87965546	87965633	2	2	1	1	0	41
chr3	88457312	88458002	2	2	1	7	0	35
chr3	88753887	88761908	1	1	1	1	0	13
chr3	88766367	88770798	1	1	1	1	0	27
chr3	89001151	89001537	2	2	1	3	0	43
chr3	89001837	89002166	2	2	1	1	0	21
chr3	89002410	89002660	2	2	1	1	0	39
chr3	89154436	89156380	1	1	1	1	0	21
chr3	89156448	89156877	1	1	1	2	0	30
chr3	89299814	89304579	1	1	1	2	0	41
chr3	89299814	89305265	1	1	1	1	0	35
chr3	89960427	89960814	1	1	1	1	0	41
chr3	89995784	89997103	1	1	1	0	1	5
chr3	90120061	90120240	2	2	1	34	0	46
chr3	90120352	90120499	2	2	1	6	0	34
chr3	90418672	90419302	2	2	1	1	0	26
chr3	90423350	90431659	1	1	1	1	0	33
chr3	90692249	90697416	2	2	1	0	1	42
chr3	90831303	90836086	2	2	1	0	1	42
chr3	94408579	94409476	2	2	1	2	0	21
chr3	94610887	94611028	1	1	1	0	1	26
chr3	94680571	94680806	2	2	1	1	0	46
chr3	94791752	94791981	2	2	1	14	0	45
chr3	94792071	94792227	2	2	1	4	0	17
chr3	94850058	94851149	1	1	1	1	0	14
chr3	94851243	94851385	1	1	1	0	1	26
chr3	94942322	94942548	2	2	1	1	0	22
chr3	95218919	95220371	2	2	1	1	0	26
chr3	95952070	95952205	1	1	1	0	1	36
chr3	95952070	95952273	1	1	1	0	1	36
chr3	95952138	95952205	1	1	1	0	1	36
chr3	95952138	95952273	1	1	1	0	1	36
chr3	96797306	96798118	2	2	1	1	0	27
chr3	97083110	97083646	1	1	1	1	0	10
chr3	97654080	97654832	2	2	1	3	0	35
chr3	97684624	97685260	1	1	1	1	0	35
chr3	97700173	97700460	2	2	1	1	0	22
chr3	98204451	98204693	1	1	1	1	0	6
chr3	98208996	98209937	1	1	1	1	0	11
chr3	98210064	98210480	1	1	1	1	0	34
chr3	98529484	98537369	2	2	1	1	0	17
chr3	100563591	100591876	2	2	1	2	0	30
chr3	101484327	101486309	2	2	1	1	0	17
chr3	101486968	101487089	2	2	1	1	0	10
chr3	101487236	101488462	2	2	1	1	0	13
chr3	102936529	102946007	1	1	1	1	0	7
chr3	102963794	102964201	1	1	1	8	0	45
chr3	103671898	103676713	2	2	1	1	0	32
chr3	104560904	104562763	1	1	1	1	0	12
chr3	104788280	104790108	1	1	1	1	0	25
chr3	105859033	105861333	2	2	1	0	1	29
chr3	105861498	105863211	2	2	1	3	0	27
chr3	108179694	108187050	1	1	1	0	1	25
chr3	108334298	108334575	2	2	1	1	0	10
chr3	108334706	108335489	2	2	1	1	0	18
chr3	108344896	108352312	2	2	1	4	0	15
chr3	108568812	108569247	1	1	1	2	0	17
chr3	108812651	108815102	2	2	1	1	0	33
chr3	113349823	113351741	2	2	1	2	0	42
chr3	113355381	113355472	2	2	1	1	0	30
chr3	113355596	113356276	2	2	1	1	0	25
chr3	116282988	116286631	2	2	1	1	0	30
chr3	116538585	116540028	2	2	1	1	0	29
chr3	116547013	116548521	2	2	1	1	0	32
chr3	116720933	116721049	2	2	1	1	0	3
chr3	116721084	116721223	2	2	1	1	0	34
chr3	116746787	116762146	2	2	1	1	0	33
chr3	117594643	117623225	2	2	1	1	0	14
chr3	118355964	118404093	1	1	1	2	0	44
chr3	118604917	118611393	1	1	1	1	0	14
chr3	118692986	118710721	1	1	1	1	0	30
chr3	119108581	119205782	1	1	1	1	0	45
chr3	121553959	121555063	2	2	1	1	0	34
chr3	121590135	121608657	2	2	1	1	0	35
chr3	121786094	121786181	1	1	1	4	0	28
chr3	121786263	121786390	1	1	1	1	0	12
chr3	122039761	122049193	1	1	1	1	0	34
chr3	122070460	122072394	1	1	1	1	0	45
chr3	122340725	122342804	2	2	1	1	0	12
chr3	122362465	122363243	2	2	1	1	0	41
chr3	122746356	122746828	2	2	1	1	0	10
chr3	123301310	123301465	2	2	1	1	0	16
chr3	123301512	123301760	2	2	1	1	0	30
chr3	126391154	126392714	1	1	1	1	0	39
chr3	127340219	127340302	2	2	1	0	1	6
chr3	129652473	129655614	1	1	1	2	0	4
chr3	129655642	129655778	1	1	1	2	0	21
chr3	129655800	129658989	1	1	1	2	0	7
chr3	129662234	129666489	1	1	1	1	1	5
chr3	130425500	130427056	1	1	1	1	0	4
chr3	130490128	130496964	2	2	1	1	0	32
chr3	130520609	130522396	2	2	1	69	48	45
chr3	130522501	130522699	2	2	1	16	0	46
chr3	130522800	130522877	2	2	1	1	0	31
chr3	131084957	131087165	2	2	1	1	0	7
chr3	132392754	132400143	1	1	1	1	0	21
chr3	133026762	133028332	1	1	1	1	0	28
chr3	133028378	133032408	1	1	1	1	0	19
chr3	133082350	133083607	1	1	1	1	0	21
chr3	137795669	137795792	2	2	1	1	0	34
chr3	137817513	137818220	2	2	1	1	0	4
chr3	137821903	137822167	2	2	1	1	0	29
chr3	137835704	137836587	2	4	1	1	0	31
chr3	137992714	137994509	1	1	1	1	0	6
chr3	137994646	137995562	1	1	1	2	0	11
chr3	137995702	137996295	1	1	1	122	0	45
chr3	138087691	138088771	1	1	1	1	0	26
chr3	138088914	138091594	1	1	1	6	0	38
chr3	138133862	138134797	1	1	1	1	0	35
chr3	138134937	138136485	1	1	1	8	0	42
chr3	138159639	138160428	1	1	1	3	0	3
chr3	138160568	138160845	1	1	1	8	0	42
chr3	142440422	142443532	1	1	1	1	0	40
chr3	144411367	144412358	2	2	1	1	0	41
chr3	144418490	144425742	2	2	1	1	0	23
chr3	144854839	144856720	1	1	1	2	0	35
chr3	145300436	145301878	1	1	1	1	0	9
chr3	145301957	145306212	1	1	1	1	0	5
chr3	146209155	146211088	1	1	1	0	3	27
chr3	146292802	146294822	2	2	1	1	0	25
chr3	146333640	146336287	1	1	1	1	0	15
chr3	151925875	151926101	1	1	1	1	0	7
chr3	151959441	151960921	2	2	1	1	0	11
chr3	152026381	152027986	2	2	1	1	0	17
chr3	153638773	153641931	2	2	1	2	0	37
chr3	153643421	153644190	2	2	1	2	0	9
chr3	153644292	153644533	2	2	1	1	0	37
chr3	157242224	157243223	1	1	1	1	0	41
chr3	157611942	157612956	2	2	1	1	0	7
chr3	157717841	157717946	2	2	1	1	0	45
chr3	157718513	157719588	2	2	1	1	0	24
chr3	157722091	157723446	2	2	1	1	0	39
chr4	3834684	3834935	2	2	1	1	0	5
chr4	3942820	3943387	1	1	1	1	0	8
chr4	8146217	8169595	2	2	1	2	0	43
chr4	8578038	8578470	1	1	1	1	0	13
chr4	8578564	8582381	1	1	1	1	0	34
chr4	8582494	8604373	1	1	1	1	0	17
chr4	8753149	8785341	1	1	1	1	0	14
chr4	8826565	8826883	1	1	1	1	0	19
chr4	8833996	8838550	1	1	1	1	0	9
chr4	11051226	11053431	2	2	1	1	0	4
chr4	11053489	11059011	2	2	1	1	0	10
chr4	12957172	13001039	1	1	1	1	0	40
chr4	15111303	15140224	2	2	1	1	0	19
chr4	15140250	15148817	2	2	1	1	0	25
chr4	15919095	15919193	2	2	1	6	0	46
chr4	15919257	15919831	2	2	1	2	0	45
chr4	15929875	15930913	2	2	1	1	0	24
chr4	16333696	16336821	1	1	1	0	1	42
chr4	19536626	19540740	2	2	1	2	0	35
chr4	19588686	19595069	1	1	1	1	0	38
chr4	19605537	19606084	1	1	1	3	0	44
chr4	19635343	19638604	2	2	1	1	0	24
chr4	19662260	19672418	2	2	1	1	0	21
chr4	19672544	19673155	2	2	1	2	0	29
chr4	21860992	21861986	1	1	1	1	0	31
chr4	21870406	21871437	1	1	1	1	0	18
chr4	21871609	21873585	1	1	1	1	0	3
chr4	25254690	25254770	2	2	1	3	0	46
chr4	31964383	31974822	1	1	1	1	0	43
chr4	32631167	32631805	1	1	1	2	0	13
chr4	32631881	32634767	1	1	1	2	0	4
chr4	34551274	34562311	1	1	1	1	0	3
chr4	34657242	34659490	1	1	1	2	0	10
chr4	34659555	34659983	1	1	1	2	0	18
chr4	40270848	40272809	2	2	1	7	0	40
chr4	40272855	40277652	2	2	1	7	0	35
chr4	40722634	40723702	1	1	1	1	0	20
chr4	40723845	40723972	1	1	1	1	0	28
chr4	40724151	40726104	1	1	1	0	1	14
chr4	41757279	41757459	1	1	1	1	0	10
chr4	41758239	41758502	1	1	1	1	0	43
chr4	41769655	41769843	2	2	1	1	0	43
chr4	42983150	42983363	2	2	1	1	0	24
chr4	42985267	42985931	2	2	1	1	0	22
chr4	42988765	42990745	2	2	1	1	0	10
chr4	43028294	43028937	2	2	1	2	0	37
chr4	43029067	43029278	2	2	1	2	0	5
chr4	43495622	43495696	1	1	1	2	0	19
chr4	43555985	43556288	2	2	1	1	0	42
chr4	43650493	43650707	1	1	1	1	0	28
chr4	43654412	43654512	2	2	1	1	0	7
chr4	43654821	43654905	2	2	1	1	0	18
chr4	44019992	44025448	1	1	1	4	0	31
chr4	44985396	44986285	1	1	1	1	0	5
chr4	44986356	44990580	1	3	1	1	0	17
chr4	44989051	44990376	1	1	1	1	0	23
chr4	45023780	45039088	2	2	1	0	1	46
chr4	45882861	45884541	1	1	1	1	0	43
chr4	46169244	46169944	1	1	1	3	0	30
chr4	46175416	46183117	2	2	1	1	0	33
chr4	47480233	47482974	1	1	1	1	0	25
chr4	48194710	48196802	2	2	1	1	0	18
chr4	48204286	48205117	2	2	1	1	0	15
chr4	49536462	49538748	1	1	1	2	0	37
chr4	49536889	49538127	2	2	1	1	0	8
chr4	49538328	49538717	2	2	1	1	0	43
chr4	49541292	49542793	2	2	1	1	0	10
chr4	49542849	49543656	2	2	1	1	0	41
chr4	49543869	49544796	2	2	1	1	0	13
chr4	53017208	53020181	1	1	1	1	0	17
chr4	53034084	53035336	2	2	1	1	0	7
chr4	55350428	55366776	1	1	1	1	0	12
chr4	56784638	56786587	2	2	1	2	0	40
chr4	57943968	57945146	2	2	1	8	0	45
chr4	57945213	57950838	2	2	1	2	0	40
chr4	58800321	58801732	2	2	1	2	0	12
chr4	58801805	58803669	2	2	1	1	0	21
chr4	58869555	58872588	2	2	1	1	0	14
chr4	59017823	59020058	1	1	1	1	0	13
chr4	59020530	59022560	1	1	1	1	0	22
chr4	59956923	60066587	1	1	1	0	971	39
chr4	59956923	60136049	1	1	1	0	971	39
chr4	59957058	59957844	2	2	1	0	1	14
chr4	60066570	60069743	2	2	1	0	1	36
chr4	60066579	60066622	1	1	1	0	2	27
chr4	60066615	60477136	2	2	1	0	7	32
chr4	60066615	60716487	2	2	1	0	7	32
chr4	60066711	60067784	2	2	1	0	3	19
chr4	60066723	60067509	2	2	1	0	781	46
chr4	60067461	60067509	2	2	1	0	3	8
chr4	60067548	60068213	1	3	0	0	1	27
chr4	60067556	60067719	2	2	1	0	506	45
chr4	60067556	60068164	2	2	1	0	1	24
chr4	60067822	60068164	2	2	1	0	157	44
chr4	60068276	60068900	2	2	1	0	141	45
chr4	60068972	60069732	2	2	1	1	0	41
chr4	60068975	60069732	2	2	1	3	30	46
chr4	60069867	60070204	2	2	1	15	119	44
chr4	60135990	60136088	1	1	1	0	2	19
chr4	60136041	60136084	1	1	1	0	2	27
chr4	60136041	60137680	1	1	1	0	2	20
chr4	60136041	60220369	1	1	1	0	2	20
chr4	60136077	60477136	2	2	1	0	7	32
chr4	60136077	60716487	2	2	1	0	7	32
chr4	60136173	60137248	2	2	1	0	3	19
chr4	60136185	60136974	2	2	1	0	781	46
chr4	60136926	60136974	2	2	1	0	3	8
chr4	60136987	60139320	1	3	1	0	10	17
chr4	60137013	60137675	1	3	0	0	1	27
chr4	60137021	60137183	2	2	1	0	695	46
chr4	60137021	60137626	2	2	1	0	1	24
chr4	60137286	60137626	2	2	1	0	188	44
chr4	60137738	60138386	2	2	1	0	119	45
chr4	60138461	60139218	2	2	1	0	45	40
chr4	60139353	60139690	2	2	1	0	23	45
chr4	60218678	60218776	1	1	1	0	2	19
chr4	60218729	60218772	1	1	1	0	2	27
chr4	60218765	60477136	2	2	1	0	7	32
chr4	60218765	60716487	2	2	1	0	7	32
chr4	60218861	60219936	2	2	1	0	3	19
chr4	60218873	60219661	2	2	1	1	781	46
chr4	60219613	60219661	2	2	1	0	3	8
chr4	60219674	60222003	1	3	1	0	10	17
chr4	60219700	60220364	1	3	0	0	1	27
chr4	60219708	60219871	2	2	1	0	694	46
chr4	60219708	60220315	2	2	1	0	1	24
chr4	60219974	60220315	2	2	1	0	188	44
chr4	60220427	60221059	2	2	1	0	116	45
chr4	60221134	60221901	2	2	1	0	1	5
chr4	60222036	60222373	2	2	1	0	116	45
chr4	60374190	60477136	2	2	1	0	7	32
chr4	60374190	60716487	2	2	1	0	7	32
chr4	60374298	60375086	2	2	1	1	392	46
chr4	60375038	60375086	2	2	1	0	3	8
chr4	60375099	60377419	1	3	1	0	11	17
chr4	60375125	60375786	1	3	0	0	1	27
chr4	60375133	60375295	2	2	1	0	694	46
chr4	60375133	60375737	2	2	1	0	1	24
chr4	60375398	60375737	2	2	1	0	188	44
chr4	60375849	60376485	2	2	1	0	138	45
chr4	60376557	60377317	2	2	1	0	2	35
chr4	60376560	60377317	2	2	1	0	31	41
chr4	60377452	60377789	2	2	1	0	227	45
chr4	60396084	60396859	1	1	1	1	0	38
chr4	60454069	60454167	1	1	1	0	2	19
chr4	60454120	60454163	1	1	1	0	2	27
chr4	60454156	60477136	2	2	1	0	7	32
chr4	60454156	60716487	2	2	1	0	7	32
chr4	60454252	60455329	2	2	1	0	3	19
chr4	60454264	60455054	2	2	1	0	781	46
chr4	60455006	60455054	2	2	1	0	2	3
chr4	60455093	60455758	1	3	0	0	1	27
chr4	60455101	60455264	2	2	1	0	505	45
chr4	60455101	60455709	2	2	1	0	1	24
chr4	60455367	60455709	2	2	1	0	157	44
chr4	60455821	60456437	2	2	1	0	119	45
chr4	60456512	60457280	2	2	1	0	45	40
chr4	60457415	60457752	2	2	1	3	180	45
chr4	60475542	60476974	1	1	1	0	1	4
chr4	60534317	60534415	1	1	1	0	2	19
chr4	60534368	60534411	1	1	1	0	2	27
chr4	60534368	60536005	1	1	1	0	2	20
chr4	60534368	60614573	1	1	1	3	1799	45
chr4	60534368	60616212	1	1	1	0	2	20
chr4	60534404	60716487	2	2	1	0	7	32
chr4	60534500	60535573	2	2	1	0	3	19
chr4	60534512	60535299	2	2	1	0	781	46
chr4	60535251	60535299	2	2	1	0	3	8
chr4	60535338	60536000	1	3	0	0	1	27
chr4	60535346	60535508	2	2	1	0	691	46
chr4	60535346	60535951	2	2	1	0	1	24
chr4	60535611	60535951	2	2	1	0	188	44
chr4	60536063	60536677	2	2	1	0	138	45
chr4	60536752	60537519	2	2	1	0	44	46
chr4	60537654	60537991	2	2	1	0	224	45
chr4	60614574	60614617	1	1	1	0	2	27
chr4	60614574	60616212	1	1	1	0	1	31
chr4	60614706	60615780	2	2	1	0	3	19
chr4	60614718	60615506	2	2	1	0	781	46
chr4	60615458	60615506	2	2	1	0	3	8
chr4	60615519	60617830	1	3	1	0	11	17
chr4	60615545	60616207	1	3	0	0	1	27
chr4	60615553	60615715	2	2	1	0	694	46
chr4	60615553	60616158	2	2	1	0	1	24
chr4	60615818	60616158	2	2	1	0	188	44
chr4	60616270	60616886	2	2	1	0	119	45
chr4	60616961	60617728	2	2	1	0	45	40
chr4	60617863	60618200	2	2	1	0	227	45
chr4	60693490	60693533	1	1	1	0	2	27
chr4	60693526	60716487	2	2	1	0	7	32
chr4	60693622	60694698	2	2	1	0	3	19
chr4	60693634	60694423	2	2	1	0	781	46
chr4	60694375	60694423	2	2	1	0	2	3
chr4	60694462	60695127	1	3	0	0	1	27
chr4	60694470	60694633	2	2	1	0	505	45
chr4	60694470	60695078	2	2	1	0	1	24
chr4	60694736	60695078	2	2	1	0	158	44
chr4	60695190	60695803	2	2	1	0	120	45
chr4	60695878	60696646	2	2	1	0	45	40
chr4	60696781	60697118	2	2	1	0	115	45
chr4	60773643	60773741	1	1	1	0	2	19
chr4	60773650	60777396	1	1	1	1	0	35
chr4	60773694	60773737	1	1	1	0	2	27
chr4	60773694	60775331	1	1	1	0	2	20
chr4	60773826	60774899	2	2	1	0	3	19
chr4	60773838	60774625	2	2	1	0	781	46
chr4	60774577	60774625	2	2	1	0	3	8
chr4	60774664	60775326	1	3	0	0	1	27
chr4	60774672	60774834	2	2	1	0	691	46
chr4	60774672	60775277	2	2	1	0	1	24
chr4	60774937	60775277	2	2	1	0	188	44
chr4	60775389	60776004	2	2	1	0	139	45
chr4	60776079	60776846	2	2	1	0	44	46
chr4	60776981	60777318	2	2	1	0	227	45
chr4	61180365	61180463	1	1	1	0	2	19
chr4	61180416	61180459	1	1	1	0	2	27
chr4	61180416	61182057	1	1	1	0	2	20
chr4	61180416	61257784	1	1	1	0	2	20
chr4	61180548	61181623	2	2	1	0	3	19
chr4	61180560	61181349	2	2	1	0	781	46
chr4	61181301	61181349	2	2	1	0	3	8
chr4	61181362	61183693	1	3	1	0	11	17
chr4	61181388	61182052	1	3	0	0	1	27
chr4	61181396	61181558	2	2	1	0	694	46
chr4	61181396	61182003	2	2	1	0	1	24
chr4	61181661	61182003	2	2	1	0	188	44
chr4	61182115	61182749	2	2	1	0	19	15
chr4	61182824	61183591	2	2	1	0	1	14
chr4	61183726	61184063	2	2	1	0	209	45
chr4	61256095	61256193	1	1	1	0	2	19
chr4	61256146	61256189	1	1	1	0	2	27
chr4	61256146	61257784	1	1	1	0	2	20
chr4	61256146	61355773	1	1	1	0	2	20
chr4	61256278	61257352	2	2	1	0	3	19
chr4	61256290	61257078	2	2	1	0	781	46
chr4	61257030	61257078	2	2	1	0	3	8
chr4	61257091	61259422	1	3	1	0	11	17
chr4	61257117	61257779	1	3	0	0	1	27
chr4	61257125	61257287	2	2	1	0	694	46
chr4	61257125	61257730	2	2	1	0	1	24
chr4	61257390	61257730	2	2	1	0	188	44
chr4	61257842	61258478	2	2	1	0	120	45
chr4	61258553	61259320	2	2	1	7	20	45
chr4	61259455	61259792	2	2	1	0	144	45
chr4	61354134	61354177	1	1	1	0	2	27
chr4	61354266	61355339	2	2	1	0	3	19
chr4	61354278	61355064	2	2	1	0	781	46
chr4	61355103	61355768	1	3	0	0	1	27
chr4	61355111	61355274	2	2	1	0	505	45
chr4	61355111	61355719	2	2	1	0	1	24
chr4	61355377	61355719	2	2	1	0	158	44
chr4	61355831	61356459	2	2	1	0	120	45
chr4	61356534	61357301	2	2	1	0	45	40
chr4	61357436	61357773	2	2	1	2	23	45
chr4	61433887	61433985	1	1	1	0	2	19
chr4	61433938	61433981	1	1	1	0	2	27
chr4	61433938	61435573	1	1	1	0	1	31
chr4	61434070	61435141	2	2	1	0	3	19
chr4	61434082	61434867	2	2	1	0	781	46
chr4	61434819	61434867	2	2	1	0	3	8
chr4	61434906	61435568	1	3	0	0	1	27
chr4	61434914	61435076	2	2	1	0	691	46
chr4	61434914	61435519	2	2	1	0	1	24
chr4	61435179	61435519	2	2	1	0	188	44
chr4	61435631	61436247	2	2	1	0	139	45
chr4	61436319	61437089	2	2	1	0	2	35
chr4	61436322	61437089	2	2	1	0	31	41
chr4	61437224	61437561	2	2	1	4	103	45
chr4	61438681	61440166	1	1	1	0	1	44
chr4	61510266	61513440	2	2	1	0	1	36
chr4	61510275	61510318	1	1	1	0	2	27
chr4	61510275	61511911	1	1	1	0	1	31
chr4	61510419	61511205	2	2	1	24	2	46
chr4	61511157	61511205	2	2	1	0	3	8
chr4	61511218	61513531	1	3	1	0	11	17
chr4	61511252	61511414	2	2	1	3	689	46
chr4	61511252	61511857	2	2	1	1	1	24
chr4	61511517	61511857	2	2	1	2	117	44
chr4	61511969	61512587	2	2	1	0	98	45
chr4	61512662	61513429	2	2	1	0	30	46
chr4	61513564	61513901	2	2	1	0	209	45
chr4	61588472	61588570	1	1	1	0	2	19
chr4	61588477	61591750	1	1	1	1	0	40
chr4	61588523	61588566	1	1	1	0	2	27
chr4	61588655	61589730	2	2	1	0	3	19
chr4	61588667	61589456	2	2	1	0	781	46
chr4	61589408	61589456	2	2	1	0	3	8
chr4	61589495	61590157	1	3	0	0	1	27
chr4	61589503	61589665	2	2	1	9	671	46
chr4	61589503	61590108	2	2	1	1	1	24
chr4	61589768	61590108	2	2	1	0	187	44
chr4	61590220	61590848	2	2	1	0	139	45
chr4	61590920	61591691	2	2	1	0	2	35
chr4	61590923	61591691	2	2	1	0	31	41
chr4	61591826	61592163	2	2	1	0	228	45
chr4	61696619	61696717	1	1	1	0	2	19
chr4	61696670	61696713	1	1	1	0	2	27
chr4	61696802	61697877	2	2	1	0	3	19
chr4	61696814	61697603	2	2	1	0	781	46
chr4	61697555	61697603	2	2	1	0	3	8
chr4	61697616	61699929	1	3	1	0	11	17
chr4	61697642	61698304	1	3	0	0	1	27
chr4	61697650	61697812	2	2	1	0	694	46
chr4	61697650	61698255	2	2	1	0	1	24
chr4	61697915	61698255	2	2	1	0	187	44
chr4	61698367	61698995	2	2	1	0	139	45
chr4	61699067	61699827	2	2	1	0	2	35
chr4	61699070	61699827	2	2	1	0	31	41
chr4	61699962	61700299	2	2	1	0	228	45
chr4	61701416	61702889	1	1	1	0	1	44
chr4	61718495	61719274	1	1	1	6	2	42
chr4	61749807	61750578	2	2	1	0	3	30
chr4	61750625	61750788	2	2	1	0	9	32
chr4	61775692	61776029	2	2	1	0	197	44
chr4	61801109	61801446	0	0	1	0	5	16
chr4	61875412	61875575	2	2	1	0	35	40
chr4	61876111	61876734	2	2	1	0	15	44
chr4	61876809	61877578	2	2	1	0	15	45
chr4	61877713	61878049	2	2	1	0	78	45
chr4	61929705	61930632	2	2	1	1	0	38
chr4	61968586	61969802	2	2	1	2	0	18
chr4	61968724	61969508	2	2	1	104	1	46
chr4	61969555	61969718	2	2	1	26	35	42
chr4	61969821	61970137	2	2	1	23	0	46
chr4	61970249	61970872	2	2	1	1	15	44
chr4	61970947	61971716	2	2	1	0	15	45
chr4	61971851	61972187	2	2	1	0	78	45
chr4	62001862	62003060	2	2	1	1	0	29
chr4	62001909	62002753	2	2	1	3	0	24
chr4	62001965	62002753	2	2	1	58	0	45
chr4	62001965	62002784	2	2	1	34	1	45
chr4	62002831	62002995	2	2	1	120	0	45
chr4	62002831	62002999	2	2	1	2	1	32
chr4	62003098	62003440	2	2	1	39	0	45
chr4	62003552	62004195	2	2	1	24	0	44
chr4	62004270	62005036	2	2	1	33	0	42
chr4	62005171	62005360	2	2	1	32	0	42
chr4	62066215	62066378	2	2	1	43	0	46
chr4	62066481	62066820	2	2	1	2	0	30
chr4	62066932	62067590	2	2	1	6	0	44
chr4	62067665	62068431	2	2	1	4	0	39
chr4	62427548	62428341	2	2	1	7	0	40
chr4	62442674	62442986	2	2	1	2	0	6
chr4	63061638	63061903	2	2	1	225	0	46
chr4	63062078	63062387	2	2	1	3	0	44
chr4	63062556	63063501	2	2	1	4	0	36
chr4	63063584	63066938	2	2	1	1	0	26
chr4	63067758	63068564	2	2	1	1	0	8
chr4	63068682	63069690	2	2	1	2	0	5
chr4	63069768	63070820	2	2	1	3	0	12
chr4	63239775	63241684	1	1	1	1	0	42
chr4	63263729	63264276	1	1	1	2	0	45
chr4	63264385	63264518	1	1	1	2	0	45
chr4	63264623	63266206	1	1	1	31	0	42
chr4	63282503	63283921	1	1	1	1	0	5
chr4	68349410	68365072	2	2	1	0	1	31
chr4	75863264	75865279	2	2	1	2	0	11
chr4	81213822	81215523	2	2	1	1	0	5
chr4	83383388	83384944	2	2	1	1	0	33
chr4	83392620	83394518	2	2	1	1	0	11
chr4	86747904	86754616	1	1	1	1	0	23
chr4	86774251	86774382	2	2	1	1	0	32
chr4	86774594	86774964	2	2	1	2	0	44
chr4	89090622	89095039	1	1	1	2	0	11
chr4	92079728	92079821	2	2	1	0	1	6
chr4	94460089	94462218	2	2	1	1	0	40
chr4	94463472	94466623	2	2	1	2	0	40
chr4	95657767	95688793	1	1	1	1	0	35
chr4	96519087	96522384	2	2	1	1	0	29
chr4	96529686	96546828	2	2	1	1	0	17
chr4	96546990	96547717	2	2	1	1	0	5
chr4	98919599	98920359	2	2	1	1	0	17
chr4	98919737	98920322	1	1	1	3	0	23
chr4	98920434	98921489	1	1	1	1	0	11
chr4	98925874	98926069	1	1	1	10	0	36
chr4	99818816	99819240	1	1	1	1	0	38
chr4	101020174	101020854	2	2	1	1	0	32
chr4	101034954	101036651	2	2	1	3	0	19
chr4	102997441	102998033	1	1	1	4	0	35
chr4	103006403	103007730	1	1	1	1	0	29
chr4	103007826	103012683	1	1	1	1	0	6
chr4	103012812	103016878	1	1	1	1	0	5
chr4	103017019	103019619	1	1	1	1	0	40
chr4	104623674	104631589	2	2	1	2	0	26
chr4	104641729	104643997	1	1	1	3	0	34
chr4	104647913	104648991	1	1	1	5	0	43
chr4	104672978	104673069	1	3	1	2	0	34
chr4	104685278	104703091	2	2	1	1	0	23
chr4	104867735	104870484	1	1	1	2	0	15
chr4	105076702	105088093	1	1	1	1	0	3
chr4	106173071	106173258	2	2	1	1	0	7
chr4	106219697	106219884	1	1	1	2	0	14
chr4	106265233	106266008	1	1	1	1	0	24
chr4	107049741	107050495	1	1	1	1	0	19
chr4	107750609	107752069	1	1	1	1	0	18
chr4	107752136	107754067	1	1	1	1	0	8
chr4	107901789	107912678	2	2	1	0	1	15
chr4	107902043	107904786	2	2	1	0	1	19
chr4	107904867	107912635	2	2	1	1	3	46
chr4	107912766	107921082	2	2	1	0	4	43
chr4	107921186	107928453	2	2	1	0	4	35
chr4	107928608	107931552	2	2	1	2	0	23
chr4	107944360	107948433	2	2	1	1	0	26
chr4	107948521	107950020	2	2	1	1	0	38
chr4	107950085	107955218	2	2	1	3	0	22
chr4	107955346	107959487	2	2	1	13	0	43
chr4	107959553	107962240	2	2	1	5	0	22
chr4	108035616	108036103	1	1	1	1	0	12
chr4	108758904	108761060	1	1	1	0	2	33
chr4	108959790	108975091	2	2	1	0	2	29
chr4	115183980	115184410	1	1	1	3	0	21
chr4	115184518	115184611	1	1	1	0	4	4
chr4	115290233	115290663	1	1	1	2	0	40
chr4	115290771	115290864	1	1	1	0	4	4
chr4	115924370	115927059	2	2	1	3	0	36
chr4	115927955	115932112	2	2	1	2	0	16
chr4	116013419	116015348	1	1	1	1	0	8
chr4	116431812	116436443	1	1	1	1	0	4
chr4	116436517	116438446	1	1	1	1	0	15
chr4	116448529	116450002	1	1	1	1	0	11
chr4	116458991	116459288	2	2	1	2	0	33
chr4	116493867	116494958	2	2	1	14	0	42
chr4	116495046	116495172	2	2	1	1	0	7
chr4	116495246	116496157	2	2	1	1	0	12
chr4	116498340	116499054	2	2	1	1	0	3
chr4	116542858	116544603	1	1	1	4	1	38
chr4	116849923	116850022	2	2	1	1	0	4
chr4	117011185	117011495	2	2	1	21	0	41
chr4	117011626	117011834	2	2	1	5	0	34
chr4	117531992	117532217	2	2	1	1	0	15
chr4	117743343	117743472	2	2	1	1	0	41
chr4	117751855	117751940	2	2	1	1	0	44
chr4	118219695	118219780	1	1	1	4	0	41
chr4	118269690	118269860	1	1	1	1	0	22
chr4	118482883	118483016	1	1	1	1	0	27
chr4	119135565	119136130	2	2	1	8	0	40
chr4	119138850	119139342	2	2	1	2	0	14
chr4	120826862	120829086	2	2	1	2	0	15
chr4	120834235	120839323	2	2	1	1	0	37
chr4	120840390	120842391	2	2	1	1	0	42
chr4	123184132	123184663	1	1	1	0	1	30
chr4	123405039	123405598	2	2	1	1	0	44
chr4	123405695	123405839	2	2	1	2	0	11
chr4	123405960	123406554	2	2	1	4	0	41
chr4	123606720	123609656	2	2	1	0	7	35
chr4	123803760	123804885	1	1	1	1	0	32
chr4	124572780	124573494	2	2	1	2	0	32
chr4	124623343	124625163	1	1	1	1	0	45
chr4	124948021	124948976	1	1	1	2	0	34
chr4	125398534	125398692	2	2	1	0	1	27
chr4	126059411	126060723	2	2	1	2	0	10
chr4	126060868	126061262	2	2	1	1	0	31
chr4	126065675	126067236	2	2	1	0	1	13
chr4	126069241	126069976	2	2	1	1	0	42
chr4	126070150	126071654	2	2	1	2	0	35
chr4	126072351	126073704	2	2	1	0	1	20
chr4	126920021	126920561	1	1	1	1	0	37
chr4	126921312	126923619	1	1	1	1	0	4
chr4	126929648	126930355	1	1	1	1	0	17
chr4	128887230	128892926	1	1	1	1	0	31
chr4	128902023	128904355	1	1	1	1	0	40
chr4	129235617	129236913	1	1	1	1	0	16
chr4	129236967	129238004	1	1	1	1	0	23
chr4	129238042	129240596	1	1	1	0	1	9
chr4	129411302	129411585	2	2	1	2	0	23
chr4	129485928	129486059	2	2	1	7	0	33
chr4	129486153	129486789	2	2	1	1	0	43
chr4	129738986	129740257	1	1	1	1	0	39
chr4	129740333	129741506	1	1	1	1	0	29
chr4	130223468	130230870	2	2	1	1	0	15
chr4	132012433	132016625	1	1	1	1	0	23
chr4	132085596	132087785	2	2	1	1	0	41
chr4	132097227	132097836	2	2	1	1	0	23
chr4	132271434	132271967	1	1	1	1	0	44
chr4	132272063	132273947	1	1	1	3	0	11
chr4	132274020	132277687	1	1	1	1	0	27
chr4	132913064	132916388	1	1	1	1	0	20
chr4	133260016	133261789	2	4	1	1	0	25
chr4	133261854	133262820	2	2	1	1	0	15
chr4	133262887	133262978	2	2	1	1	0	11
chr4	134654130	134654241	1	1	1	6	0	29
chr4	135049811	135051224	2	2	1	1	0	39
chr4	135068347	135069680	2	4	1	2	0	43
chr4	135069885	135071174	2	2	1	2	0	36
chr4	135071291	135071809	2	2	1	1	0	4
chr4	135525743	135528312	1	1	1	1	0	44
chr4	135648462	135650277	1	1	1	1	0	39
chr4	135686098	135687287	1	1	1	1	0	31
chr4	135696629	135696738	2	2	1	1	0	11
chr4	135777328	135777590	2	2	1	88	0	45
chr4	135777702	135778481	2	2	1	50	0	45
chr4	135778614	135778924	2	2	1	2	0	40
chr4	135779032	135779877	2	2	1	2	0	8
chr4	135981120	135981775	1	1	1	3	0	15
chr4	135998691	136000954	1	1	1	3	0	22
chr4	136001027	136002090	1	1	1	12	0	45
chr4	136038401	136043671	1	1	1	2	0	27
chr4	137048504	137056023	2	2	1	1	0	31
chr4	137898603	137899883	1	1	1	2	0	22
chr4	137949500	137950800	1	1	1	2	0	34
chr4	139041603	139041777	1	1	1	1	0	30
chr4	140158943	140159102	1	1	1	1	0	36
chr4	140703528	140704688	1	1	1	6	0	40
chr4	140704812	140706335	1	1	1	24	0	46
chr4	141196349	141196693	2	2	1	1	0	36
chr4	141364796	141366986	2	2	1	1	0	27
chr4	141485735	141486308	1	1	1	1	0	12
chr4	148688276	148688712	1	1	1	7	0	40
chr4	148701302	148702022	2	2	1	1	0	19
chr4	149298210	149298535	2	2	1	1	0	21
chr4	149309696	149310719	2	2	1	2	0	22
chr4	149575374	149579937	1	1	1	0	1	46
chr4	150328832	150329571	1	1	1	1	0	36
chr4	150331225	150331907	1	1	1	1	0	29
chr4	150981929	150985464	2	2	1	2	0	14
chr4	152414586	152416736	1	1	1	7	0	45
chr4	155711347	155713152	1	1	1	1	0	4
chr4	155713281	155714650	1	1	1	1	0	18
chr4	155724147	155724233	1	1	1	1	0	13
chr4	155917255	155917347	1	1	1	2	0	41
chr4	156330424	156331133	1	1	1	1	0	7
chr5	3604737	3607743	1	1	1	1	0	11
chr5	3607823	3608472	1	1	1	1	0	15
chr5	3608548	3608660	1	1	1	1	0	21
chr5	3659978	3660178	1	1	1	1	0	3
chr5	3685911	3686770	1	1	1	1	0	22
chr5	4006313	4007623	1	1	1	1	0	37
chr5	4096942	4100154	1	1	1	1	0	24
chr5	4101100	4101209	1	1	1	2	0	11
chr5	4136593	4141883	2	2	1	0	3	5
chr5	8114617	8117532	1	1	1	1	0	24
chr5	8959274	8960618	1	1	1	1	0	12
chr5	8988657	8989833	1	1	1	2	0	23
chr5	8996120	8997296	1	1	1	0	1	3
chr5	9018767	9018869	2	2	1	1	0	40
chr5	9026110	9027454	2	2	1	1	0	32
chr5	9033798	9037767	2	2	1	1	0	4
chr5	9037893	9038103	2	2	1	1	0	42
chr5	9039731	9043505	2	2	1	1	0	6
chr5	16815143	16816817	1	1	1	1	0	28
chr5	21234883	21260646	2	2	1	1	0	3
chr5	21961889	21961977	1	1	1	2	0	20
chr5	21962408	21962762	2	2	1	1	0	19
chr5	21971704	21973434	2	2	1	2	0	38
chr5	22115115	22115810	2	2	1	2	0	12
chr5	23687510	23690344	1	1	1	3	0	39
chr5	23690610	23691299	1	1	1	1	0	34
chr5	24044827	24046707	2	2	1	6	0	39
chr5	24046757	24048968	2	2	1	4	0	45
chr5	24646260	24646333	2	2	1	1	0	9
chr5	25558407	25559332	2	2	1	1	0	13
chr5	28540869	28541971	1	1	1	1	0	33
chr5	29941115	29953342	1	1	1	0	2	32
chr5	29969529	29970503	1	1	1	0	1	46
chr5	30324500	30324670	1	3	1	1	0	34
chr5	30325801	30326335	2	2	1	1	0	16
chr5	30337295	30339055	2	2	1	1	0	45
chr5	30346050	30347716	2	2	1	1	0	33
chr5	30349296	30350232	2	2	1	3	0	42
chr5	31085860	31086864	1	3	1	1	0	28
chr5	31345439	31346912	2	2	1	1	0	21
chr5	31347806	31347925	2	2	1	1	0	39
chr5	31352824	31353089	1	1	1	2	0	20
chr5	31353117	31355899	1	1	1	2	0	27
chr5	31410769	31410896	2	2	1	2	0	28
chr5	31450831	31451029	2	2	1	1	0	28
chr5	31456127	31456901	1	1	1	1	0	16
chr5	31456971	31457342	1	1	1	1	0	7
chr5	31482066	31483700	1	1	1	1	0	31
chr5	31610558	31622789	1	1	1	1	0	8
chr5	31691550	31692201	1	3	1	1	0	4
chr5	31773832	31779720	1	1	1	2	0	9
chr5	33374165	33374587	2	2	1	1	0	8
chr5	33899957	33900985	2	2	1	1	0	21
chr5	33901125	33902359	2	2	1	1	0	44
chr5	34331366	34331430	1	3	1	1	0	16
chr5	34331470	34331547	1	3	1	1	0	37
chr5	34508183	34508574	1	1	1	1	0	19
chr5	34795996	34796234	2	2	1	1	0	11
chr5	34809763	34811226	2	2	1	4	0	46
chr5	35187435	35187811	1	1	1	2	0	25
chr5	35187966	35189214	1	1	1	2	0	11
chr5	35204609	35205500	1	1	1	2	0	20
chr5	37458996	37460528	2	2	1	1	0	11
chr5	38424629	38426402	1	1	1	1	0	24
chr5	41983945	41984451	2	2	1	3	0	41
chr5	45600920	45601988	2	2	1	1	0	19
chr5	45662190	45663515	1	1	1	1	0	4
chr5	45668560	45669222	1	1	1	1	0	37
chr5	51615626	51620047	2	2	1	1	0	30
chr5	52910592	52911978	1	1	1	1	0	44
chr5	53013233	53014149	1	1	1	1	0	30
chr5	53014207	53014512	1	1	1	1	0	5
chr5	64979701	64980221	1	1	1	1	0	14
chr5	65437158	65442191	2	2	1	1	0	37
chr5	65468507	65470300	2	2	1	1	0	3
chr5	65470377	65476747	2	2	1	1	0	13
chr5	65545785	65545904	2	2	1	60	0	45
chr5	65546023	65546413	2	2	1	14	0	42
chr5	65546495	65546820	2	2	1	2	0	36
chr5	65547827	65548081	2	2	1	1	0	26
chr5	65561582	65562672	1	1	1	2	0	31
chr5	65575952	65577591	2	2	1	1	0	6
chr5	65580126	65580503	2	2	1	1	0	32
chr5	65580994	65581384	2	2	1	2	0	26
chr5	65581487	65584758	2	2	1	2	0	35
chr5	65751892	65752217	1	1	1	1	0	39
chr5	69721991	69722772	1	1	1	1	0	22
chr5	73305566	73352328	2	2	1	1	0	28
chr5	74755873	74756499	1	1	1	1	0	11
chr5	76414264	76414646	2	2	1	1	0	6
chr5	77063913	77065880	2	2	1	1	0	39
chr5	77073728	77074637	2	2	1	1	0	29
chr5	77114253	77114494	1	1	1	2	0	24
chr5	77142579	77142682	1	1	1	1	0	20
chr5	77142761	77143624	1	1	1	4	0	36
chr5	77145430	77146038	1	1	1	1	0	18
chr5	77471566	77473585	1	1	1	1	0	17
chr5	77496266	77496926	1	1	1	2	0	19
chr5	86952451	86963487	1	1	1	2	0	7
chr5	87067329	87067463	2	2	1	1	0	43
chr5	87228949	87229368	2	2	1	1	0	26
chr5	87273352	87275536	2	2	1	0	2	8
chr5	87276268	87283952	2	2	1	1	0	46
chr5	87388899	87390131	2	2	1	0	2	8
chr5	87473606	87474932	2	2	1	1	0	8
chr5	87475629	87477395	2	2	1	1	0	25
chr5	87477528	87479076	2	2	1	4	0	28
chr5	87706442	87707619	2	2	1	2	0	14
chr5	87707747	87711728	2	2	1	3	0	29
chr5	88783135	88785050	1	1	1	1	0	16
chr5	88813801	88818034	2	2	1	2	0	26
chr5	89565548	89569916	2	2	1	260	0	46
chr5	89569976	89573895	2	2	1	83	0	46
chr5	89574029	89582809	2	2	1	2	0	8
chr5	89582908	89583377	2	2	1	6	0	45
chr5	89583508	89586104	2	2	1	1	0	37
chr5	89586308	89587391	2	2	1	4	0	39
chr5	89587522	89589060	2	2	1	9	0	33
chr5	89589156	89589421	2	2	1	9	0	41
chr5	89589555	89591263	2	2	1	1	0	7
chr5	89591476	89593156	2	2	1	3	0	45
chr5	89594429	89605519	2	2	1	1	0	24
chr5	90401802	90402498	2	2	1	3	0	17
chr5	90402671	90406292	2	2	1	8	0	43
chr5	90406410	90407943	2	2	1	1	0	23
chr5	90609638	90610558	1	1	1	4	0	39
chr5	90610692	90611842	1	1	1	5	0	39
chr5	90612055	90612711	1	1	1	4	0	43
chr5	90612845	90613732	1	1	1	1	0	11
chr5	90613831	90615202	1	1	1	3	0	32
chr5	90615333	90616339	1	1	1	6	0	35
chr5	90616532	90624329	1	3	1	8	130	15
chr5	90616555	90617360	1	1	1	7	0	34
chr5	90617494	90618599	1	1	1	19	0	43
chr5	90618698	90619863	1	1	1	13	0	44
chr5	90620003	90620319	1	1	1	15	0	44
chr5	90620415	90623155	1	3	1	8	0	36
chr5	90620544	90622425	1	1	1	56	0	44
chr5	90622559	90623127	1	1	1	804	0	46
chr5	90623196	90624318	1	1	1	4342	44	46
chr5	90699337	90700403	1	1	1	5	0	44
chr5	90700462	90701261	1	1	1	26	0	43
chr5	92335205	92335556	1	1	1	1	0	45
chr5	92437684	92437779	2	2	1	1	0	34
chr5	92609944	92633055	2	2	1	1	0	18
chr5	96107821	96108072	1	1	1	1	0	35
chr5	96410003	96412059	1	1	1	1	0	32
chr5	100182844	100183962	2	2	1	1	0	43
chr5	100185589	100185671	2	2	1	2	0	30
chr5	100185841	100186578	2	2	1	1	0	44
chr5	100533162	100533986	2	2	1	1	0	23
chr5	100950977	100951835	1	1	1	3	0	25
chr5	100951896	100952197	1	1	1	7	0	31
chr5	104113758	104114836	2	2	1	1	0	17
chr5	104114975	104116563	2	2	1	2	0	41
chr5	104116671	104118627	2	2	1	1	0	5
chr5	106044470	106053780	1	1	1	1	0	21
chr5	107936161	107938227	2	2	1	1	0	39
chr5	107943724	107945678	2	2	1	1	0	5
chr5	107947127	107957455	2	2	1	3	0	13
chr5	107961473	107963476	2	2	1	1	0	21
chr5	107963575	107963667	2	2	1	6	0	35
chr5	107963758	107964639	2	2	1	2	0	45
chr5	108051735	108052582	1	1	1	1	0	25
chr5	108052761	108055054	1	1	1	0	5	27
chr5	108055144	108055762	1	1	1	51	0	45
chr5	108248850	108251885	1	1	1	1	0	4
chr5	108581204	108581596	2	2	1	46	0	45
chr5	108581204	108581891	2	2	1	2	0	34
chr5	108581696	108581891	2	2	1	25	0	45
chr5	108581947	108582191	2	2	1	3	0	24
chr5	108732245	108733206	2	2	1	1	0	35
chr5	108740259	108744620	2	2	1	1	0	12
chr5	108772958	108777366	2	2	1	1	0	24
chr5	109886877	109887064	2	2	1	1	0	22
chr5	110352910	110353642	1	1	1	1	0	41
chr5	110875445	110877688	2	2	1	2	0	23
chr5	110877179	110877688	2	2	1	7	0	24
chr5	110877830	110881584	2	2	1	4	0	43
chr5	110977078	110978801	2	2	1	1	0	22
chr5	114098534	114098617	2	2	1	1	0	31
chr5	114569202	114570405	2	2	1	2	0	43
chr5	115288186	115288266	2	2	1	2	0	38
chr5	115483986	115486623	2	2	1	1	0	20
chr5	115644928	115653832	1	1	1	1	0	45
chr5	115700626	115701341	1	1	1	5	1	43
chr5	117250945	117253736	2	2	1	1	0	24
chr5	117493697	117494191	1	3	1	1	0	23
chr5	120621254	120621637	1	1	1	1	0	44
chr5	121035088	121035242	2	2	1	1	0	28
chr5	121300886	121301200	2	2	1	2	0	42
chr5	121343727	121343816	1	1	1	2	0	28
chr5	121343919	121344729	1	1	1	2	0	36
chr5	121346639	121346844	1	1	1	15	0	29
chr5	121552660	121552864	1	1	1	1	0	13
chr5	121575769	121576790	1	1	1	5	0	38
chr5	121663303	121663725	2	2	1	2	0	27
chr5	121705893	121706050	0	0	1	3	0	31
chr5	121706087	121706988	2	2	1	5	0	45
chr5	121707104	121708666	2	2	1	4	0	37
chr5	121708825	121710079	2	2	1	0	1	4
chr5	121708825	121713958	2	2	1	0	1	4
chr5	121713268	121713958	2	2	1	1	0	10
chr5	121923930	121924396	1	1	1	5	0	28
chr5	121924468	121933000	1	1	1	6	0	40
chr5	122638877	122638993	2	2	1	1	0	18
chr5	122639012	122639630	2	2	1	1	0	6
chr5	123310152	123310232	2	2	1	2	0	43
chr5	123314026	123314154	2	2	1	2	0	20
chr5	123314318	123315591	2	2	1	2	0	41
chr5	123316336	123317428	2	2	1	1	0	4
chr5	123747409	123749884	2	2	1	4	0	43
chr5	123755886	123759858	2	2	1	1	0	39
chr5	123760016	123760818	2	2	1	1	0	19
chr5	123852794	123855046	2	2	1	1	0	34
chr5	124046278	124053253	1	1	1	2	0	20
chr5	124053274	124055262	1	1	1	2	0	20
chr5	124065201	124065312	1	1	1	1	0	21
chr5	124530117	124530636	2	2	1	1	0	11
chr5	124534110	124536474	2	2	1	5	0	39
chr5	124538250	124538770	2	2	1	2	0	29
chr5	125464366	125465049	2	2	1	1	0	32
chr5	125566961	125571970	1	1	1	1	0	32
chr5	129627952	129631506	1	1	1	1	0	14
chr5	129866252	129866880	1	1	1	1	0	18
chr5	129867752	129868532	1	1	1	2	0	12
chr5	129868644	129868845	1	1	1	3	0	19
chr5	129910238	129911269	2	2	1	6	4	34
chr5	129911421	129912774	2	2	1	0	2	23
chr5	129928274	129929185	1	1	1	0	2	23
chr5	130040542	130040705	2	2	1	7	0	44
chr5	130040972	130041497	2	4	1	1	0	11
chr5	130045215	130047150	2	2	1	2	0	22
chr5	130364255	130369459	1	1	1	1	0	26
chr5	134225447	134226088	1	1	1	2	0	29
chr5	134226118	134230244	1	1	1	2	0	25
chr5	134389130	134389807	2	2	1	0	1	16
chr5	134389130	134392035	2	2	1	0	1	16
chr5	135259189	135260453	1	1	1	5	0	42
chr5	135463184	135463860	2	2	1	2	0	4
chr5	135759233	135759697	1	1	1	1	0	20
chr5	137294169	137294248	2	2	1	1	0	20
chr5	137979883	137983387	1	1	1	1	0	16
chr5	138181477	138181575	2	2	1	1	0	9
chr5	138621251	138634425	1	1	1	1	0	40
chr5	139349919	139441171	2	2	1	1	0	26
chr5	140411210	140412191	1	1	1	1	0	14
chr5	142889697	142889821	2	2	1	13	1	46
chr5	142890538	142890991	2	2	1	1	0	5
chr5	143493242	143493850	2	2	1	1	0	39
chr5	143949910	143951516	2	2	1	3	0	23
chr5	145068327	145069668	2	2	1	2	0	37
chr5	145069791	145071874	2	2	1	1	0	21
chr5	145073804	145076776	2	2	1	2	0	6
chr5	145120678	145121341	2	2	1	24	0	44
chr5	145377330	145378763	2	2	1	0	2	21
chr5	145731278	145731544	2	2	1	0	1	10
chr5	145791973	145795530	2	2	1	3	0	29
chr5	145795694	145797121	2	2	1	1	2	21
chr5	145799318	145801734	2	2	1	3	0	37
chr5	145801805	145802693	2	2	1	1	0	11
chr5	145802822	145805345	2	2	1	1	0	40
chr5	145805495	145805765	2	2	1	3	1	33
chr5	145805855	145805933	2	2	1	1	0	8
chr5	145806048	145810241	2	2	1	9	0	40
chr5	145810342	145812231	2	2	1	3	0	28
chr5	145812285	145814447	2	2	1	6	0	20
chr5	145814542	145816515	2	2	1	5	0	26
chr5	145928374	145929697	2	2	1	4	0	43
chr5	145931789	145935296	2	2	1	1	0	41
chr5	145933022	145935296	2	2	1	2	0	34
chr5	145938312	145939840	2	2	1	1	0	45
chr5	146771073	146771257	1	1	1	0	1	30
chr5	146771915	146772373	1	1	1	8	0	36
chr5	146772525	146772673	1	1	1	40	1	45
chr5	148985724	148986536	2	2	1	5	0	40
chr5	149125284	149130649	1	1	1	1	0	35
chr5	149138700	149141078	1	1	1	1	0	35
chr5	150497542	150499714	2	2	1	1	0	31
chr5	150701777	150702675	1	1	1	1	0	21
chr6	3201492	3201519	1	1	1	1	0	39
chr6	4078037	4079960	2	2	1	3	0	34
chr6	5111054	5113600	1	1	1	1	0	40
chr6	5168497	5171740	2	2	1	3	0	36
chr6	5181566	5184745	2	2	1	1	0	18
chr6	5218313	5221601	2	2	1	1	0	30
chr6	6109340	6109936	2	2	1	1	0	44
chr6	6131769	6152407	2	2	1	2	0	32
chr6	6558492	6560407	2	2	1	1	0	21
chr6	11900591	11905200	2	2	1	19	3	46
chr6	11905262	11906018	2	2	1	1	0	10
chr6	11906108	11907322	2	2	1	1	0	17
chr6	12047944	12080995	1	1	1	1	0	12
chr6	17654169	17656236	1	1	1	1	0	11
chr6	21851145	21852010	2	2	1	1	0	35
chr6	21950109	21952127	1	1	1	1	0	18
chr6	22121056	22122255	1	1	1	1	0	44
chr6	22322348	22328553	2	2	1	1	0	44
chr6	23073090	23074526	2	2	1	1	0	42
chr6	24518824	24519190	2	2	1	18	0	42
chr6	24519257	24522657	2	2	1	9	0	36
chr6	24626862	24629923	2	2	1	5	0	24
chr6	24629948	24633835	2	2	1	5	0	24
chr6	24633933	24634570	2	2	1	1	0	32
chr6	28241657	28242975	2	2	1	1	0	45
chr6	28626189	28668556	1	1	1	1	0	21
chr6	29160195	29164489	2	2	1	1	0	7
chr6	29297984	29298118	1	1	1	0	1	39
chr6	29372670	29374397	1	1	1	1	0	16
chr6	29467974	29470065	1	1	1	1	0	13
chr6	29880643	29883621	1	1	1	1	0	3
chr6	31143574	31157956	2	2	1	1	0	30
chr6	31313793	31314164	1	1	1	1	0	13
chr6	32769862	32780824	2	2	1	1	0	11
chr6	37892233	37896308	1	1	1	1	0	42
chr6	38531999	38534786	1	1	1	1	0	20
chr6	38562075	38566110	1	1	1	2	0	33
chr6	38566222	38568222	1	1	1	1	0	42
chr6	38568367	38569553	1	1	1	1	0	32
chr6	38570405	38575719	1	1	1	1	0	26
chr6	38580404	38585087	1	1	1	1	0	35
chr6	38674892	38676292	1	1	1	1	0	24
chr6	39573530	39575199	1	1	1	5	0	41
chr6	39575296	39576325	1	1	1	17	0	45
chr6	39575300	39576325	1	1	1	6	0	32
chr6	39782546	39787797	2	2	1	0	1	18
chr6	40454946	40457786	1	1	1	3	2	43
chr6	42226867	42227163	1	1	1	1	0	29
chr6	47496714	47497726	1	1	1	1	0	13
chr6	47529423	47531057	2	2	1	1	0	10
chr6	47775533	47776119	2	2	1	1	0	35
chr6	47785278	47790150	2	2	1	1	0	20
chr6	48404814	48418880	2	2	1	1	0	23
chr6	48546740	48546874	2	2	1	73	0	45
chr6	48546994	48547177	2	2	1	6	0	29
chr6	48546997	48547177	2	2	1	1	0	11
chr6	48547274	48548716	2	2	1	1	0	8
chr6	48548822	48549021	2	2	1	1	0	3
chr6	48549225	48549527	2	2	1	2	0	45
chr6	50171709	50173102	1	1	1	1	0	26
chr6	50173623	50175133	1	1	1	1	0	17
chr6	50542366	50542471	2	2	1	1	0	10
chr6	51438414	51438899	2	2	1	1	0	18
chr6	51438414	51440390	2	2	1	1	0	42
chr6	51439036	51440390	2	2	1	1	0	39
chr6	51442222	51443121	2	2	1	1	0	34
chr6	51443686	51443885	2	2	1	1	0	39
chr6	51444276	51446650	2	2	1	1	0	33
chr6	51447720	51448795	1	1	1	0	1	41
chr6	51448849	51452210	1	1	1	0	1	26
chr6	52524048	52525799	2	2	1	1	0	41
chr6	52704287	52706265	1	1	1	1	0	22
chr6	52713984	52714066	1	1	1	5	0	36
chr6	52714158	52716528	1	1	1	1	0	21
chr6	52721340	52723654	1	1	1	1	0	38
chr6	52723756	52728069	1	1	1	8	0	33
chr6	52728196	52730289	1	1	1	1	0	35
chr6	57492744	57499733	2	2	1	2	0	18
chr6	57584693	57587787	1	1	1	1	0	37
chr6	57637147	57639050	1	1	1	1	0	6
chr6	58617613	58632622	1	1	1	1	0	42
chr6	58646324	58648994	1	1	1	1	0	37
chr6	58667605	58669227	1	1	1	1	0	22
chr6	58916383	58917105	2	2	1	1	0	4
chr6	58933161	58933638	2	2	1	1	0	44
chr6	67249012	67249122	1	1	1	2	0	8
chr6	67249012	67249140	1	1	1	1	0	8
chr6	67249923	67254744	1	1	1	1	0	5
chr6	67258806	67260886	1	1	1	4	0	38
chr6	71176978	71178591	1	1	1	36	0	46
chr6	71178765	71180070	1	1	1	516	0	45
chr6	71180164	71181887	1	1	1	2952	0	46
chr6	71538061	71551098	1	1	1	1	0	11
chr6	71858216	71858489	2	2	1	1	0	5
chr6	72362637	72365244	2	2	1	1	0	34
chr6	72584017	72584224	1	1	1	1	0	32
chr6	72869528	72869737	1	3	1	1	0	25
chr6	73252373	73253664	1	1	1	8	0	35
chr6	81941339	81942687	2	2	1	1	0	13
chr6	83033416	83033522	1	1	1	1	0	28
chr6	83034376	83034478	1	1	1	3	0	37
chr6	83057612	83057690	1	1	1	1	0	19
chr6	83101759	83101991	2	2	1	1	0	33
chr6	83167264	83167402	1	1	1	1	0	15
chr6	83328372	83330023	1	1	1	1	0	19
chr6	83330113	83335128	1	1	1	2	0	32
chr6	83923346	83924800	1	1	1	2	0	15
chr6	85110812	85111084	2	2	1	1	0	27
chr6	85421320	85421899	1	1	1	1	0	34
chr6	85842445	85843208	2	4	1	0	1	14
chr6	85876073	85876804	2	4	1	0	1	14
chr6	85887260	85887981	2	4	1	3	0	21
chr6	85888003	85892515	2	2	1	3	0	21
chr6	85892773	85898404	1	1	1	1	0	26
chr6	86353602	86355714	1	1	1	0	4	29
chr6	86373103	86373954	2	2	1	1	0	36
chr6	86640083	86645519	2	2	1	1	0	10
chr6	86658686	86659837	2	2	1	1	0	46
chr6	86659959	86661428	2	2	1	1	0	41
chr6	87002643	87005276	1	1	1	4	0	34
chr6	87063871	87090394	2	2	1	1	0	30
chr6	87821139	87822103	2	2	1	1	0	16
chr6	87822303	87822446	2	2	1	1	0	25
chr6	88061777	88065331	1	1	1	3	0	33
chr6	88353394	88423187	2	2	1	1	0	10
chr6	90321239	90322290	1	1	1	1	0	41
chr6	90546923	90547765	1	1	1	3	0	26
chr6	90560243	90566318	1	1	1	1	0	3
chr6	90566413	90567719	1	1	1	1	0	38
chr6	90567820	90568782	1	1	1	1	0	36
chr6	90568882	90571464	1	1	1	1	0	5
chr6	90573956	90575167	1	1	1	2	0	43
chr6	90575368	90575868	1	1	1	3	0	24
chr6	91857343	91858227	1	1	1	1	0	16
chr6	91865232	91867774	1	1	1	1	0	17
chr6	91869980	91870386	1	1	1	1	0	42
chr6	91870482	91872194	1	1	1	1	0	3
chr6	95451279	95451454	1	3	1	0	5	24
chr6	95572735	95632438	2	2	1	0	2	4
chr6	97137562	97138328	2	2	1	2	0	30
chr6	97138522	97140479	2	2	1	1	0	44
chr6	97178959	97180434	2	2	1	0	1	14
chr6	97282337	97283439	2	2	1	1	0	41
chr6	98907196	98912234	2	2	1	1	0	42
chr6	99412307	99497557	2	2	1	1	0	29
chr6	100843045	100843217	1	1	1	1	0	26
chr6	108540512	108541446	1	1	1	0	1	24
chr6	108831410	108832427	1	1	1	3	0	29
chr6	109482270	109529015	2	2	1	1	0	18
chr6	113466752	113468613	1	1	1	1	0	37
chr6	113712170	113713332	2	2	1	2	0	9
chr6	114754041	114835951	1	1	1	1	0	20
chr6	115782650	115783946	2	2	1	7	3	44
chr6	115784129	115784762	2	2	1	1	0	38
chr6	115937824	115939301	2	2	1	1	0	28
chr6	116195684	116196913	1	1	1	2	0	17
chr6	116196962	116197497	1	1	1	2	0	37
chr6	116197606	116198776	1	1	1	1	0	34
chr6	116231455	116232009	1	1	1	1	0	5
chr6	116627807	116628653	1	1	1	1	0	15
chr6	118373268	118373723	2	2	1	1	0	8
chr6	118373798	118375034	2	2	1	1	0	10
chr6	118375117	118380049	2	2	1	1	0	24
chr6	119720443	119726798	2	2	1	1	0	44
chr6	119946532	119947818	2	2	1	3	0	37
chr6	120351949	120359877	1	1	1	1	0	3
chr6	120697924	120708220	1	1	1	1	0	8
chr6	120785433	120795294	2	2	1	3	0	39
chr6	120795361	120799548	2	2	1	2	0	34
chr6	120950609	120959492	2	2	1	1	0	23
chr6	121761715	121762789	1	1	1	0	5	33
chr6	121817203	121817960	1	1	1	9	0	36
chr6	121818121	121818230	1	1	1	2	0	32
chr6	121818284	121826404	1	1	1	1	0	7
chr6	121827314	121828347	1	1	1	2	0	10
chr6	121828436	121833242	1	1	1	13	0	42
chr6	121833361	121833504	1	1	1	13	0	33
chr6	121833615	121834294	1	1	1	2	0	39
chr6	121838236	121838462	1	1	1	1	0	32
chr6	121842843	121847450	1	1	1	3	0	44
chr6	121847610	121848263	1	1	1	1	0	16
chr6	121857560	121857790	1	1	1	1	0	16
chr6	121857866	121858640	1	1	1	1	0	41
chr6	121861649	121862762	1	1	1	0	5	33
chr6	121862854	121863503	1	1	1	2	1	35
chr6	121863573	121864373	1	1	1	8	0	36
chr6	121864441	121865867	2	2	1	1	14	22
chr6	121864477	121865521	1	1	1	63	2	42
chr6	121865564	121865871	1	1	1	122	16	45
chr6	121929387	121930329	1	1	1	0	5	33
chr6	121985449	121986240	1	1	1	0	2	7
chr6	121986401	121986546	1	1	1	0	2	44
chr6	121986600	121999985	1	1	1	0	1	22
chr6	122000433	122000813	1	1	1	0	1	19
chr6	122000899	122001906	1	1	1	3	0	38
chr6	122001995	122012935	1	1	1	4	0	41
chr6	122049210	122049692	1	1	1	1	0	7
chr6	122049745	122051595	1	1	1	1	0	33
chr6	122058634	122059657	1	1	1	0	5	33
chr6	122059749	122060390	1	1	1	0	5	32
chr6	122060460	122061275	1	1	1	5	3	37
chr6	122061379	122062426	1	1	1	13	0	42
chr6	122062469	122062782	1	1	1	22	0	40
chr6	122116505	122116612	1	1	1	1	0	18
chr6	122154704	122155496	1	1	1	0	2	7
chr6	122155657	122155800	1	1	1	0	2	44
chr6	122155854	122169216	1	1	1	0	1	22
chr6	122169664	122170044	1	1	1	0	1	19
chr6	122207746	122208379	1	1	1	2	0	3
chr6	122208444	122209725	1	1	1	2	0	25
chr6	122217389	122218162	1	1	1	1	0	39
chr6	122219330	122220714	1	1	1	1	0	17
chr6	122221222	122222267	1	1	1	0	5	33
chr6	122222359	122223002	1	1	1	0	5	32
chr6	122223072	122223872	1	1	1	0	3	9
chr6	122223976	122225023	1	1	1	1	0	10
chr6	122225066	122225380	1	1	1	3	0	39
chr6	122225066	122226780	1	1	1	1	0	40
chr6	122226835	122232630	1	1	1	1	0	39
chr6	124511433	124512191	2	2	1	1	0	14
chr6	124691923	124692022	1	1	1	1	0	32
chr6	124692127	124692544	1	5	1	1	0	4
chr6	124697872	124698042	2	2	1	1	0	4
chr6	124716377	124717481	2	2	1	2	0	42
chr6	124881564	124881800	2	2	1	1	0	41
chr6	124891196	124891370	2	2	1	5	0	23
chr6	124891677	124891880	2	2	1	1	0	20
chr6	124911383	124911548	1	1	1	2	0	43
chr6	125074229	125077430	1	1	1	2	0	34
chr6	125077553	125077761	1	1	1	2	0	42
chr6	125082034	125082138	1	1	1	1	0	31
chr6	125139065	125139174	2	2	1	14	0	41
chr6	126799153	126801898	2	2	1	2	0	22
chr6	126801966	126804502	2	2	1	2	0	29
chr6	127107451	127116065	2	2	1	1	0	15
chr6	128407844	128409384	2	2	1	1	0	5
chr6	128411836	128412676	2	2	1	1	0	32
chr6	128460690	128461826	2	2	1	144	0	43
chr6	128461869	128462520	2	2	1	55	0	43
chr6	128462624	128463080	2	2	1	13	0	41
chr6	128463150	128463855	2	2	1	4	0	17
chr6	128463947	128464365	2	2	1	2	0	17
chr6	128464497	128464843	2	2	1	1	0	12
chr6	128465063	128465868	2	2	1	2	0	21
chr6	128466111	128466644	2	2	1	2	0	25
chr6	128466823	128466981	2	2	1	1	0	40
chr6	128468219	128468458	2	2	1	2	0	40
chr6	128472283	128472862	2	2	1	2	1	43
chr6	128490861	128493035	2	2	1	2	0	36
chr6	128496479	128498063	2	2	1	2	0	33
chr6	128498149	128498978	2	2	1	1	0	24
chr6	128499148	128499702	2	2	1	1	0	4
chr6	128500480	128500739	2	2	1	3	0	20
chr6	128500793	128500932	2	2	1	3	0	19
chr6	128502262	128503541	2	2	1	1	0	41
chr6	128516983	128517224	2	2	1	1	0	6
chr6	128517313	128517966	2	2	1	1	0	37
chr6	128518067	128519797	2	2	1	1	0	16
chr6	129209911	129210026	2	2	1	1	0	45
chr6	129515652	129518064	1	1	1	1	0	29
chr6	134997650	134998411	1	1	1	1	0	5
chr6	135115062	135129818	2	2	1	1	0	38
chr6	136802546	136802998	2	2	1	2	0	11
chr6	136803108	136805017	2	2	1	1	0	14
chr6	137813882	137814113	1	1	1	4	0	29
chr6	138124814	138127765	1	1	1	2	0	19
chr6	140370183	140372223	1	1	1	1	0	40
chr6	140482490	140489445	1	1	1	2	0	31
chr6	140516197	140518590	1	1	1	1	0	35
chr6	141601145	141602514	1	1	1	1	0	6
chr6	141602662	141603233	1	1	1	1	0	29
chr6	141603333	141609303	1	1	1	2	0	25
chr6	141616985	141617867	1	1	1	2	0	29
chr6	141622112	141627035	1	1	1	3	0	40
chr6	141627101	141628929	1	1	1	10	0	45
chr6	141629048	141631115	1	1	1	20	0	46
chr6	141752907	141755007	2	2	1	1	0	35
chr6	142368558	142369119	2	2	1	3	0	26
chr6	142536230	142540434	2	2	1	1	0	42
chr6	142713664	142716248	1	1	1	1	0	7
chr6	143150844	143166603	2	2	1	0	1	3
chr6	146013256	146013874	2	2	1	1	0	14
chr6	146231097	146231205	2	2	1	2	0	28
chr6	146298563	146307255	2	2	1	1	0	6
chr6	146307301	146316818	2	2	1	1	0	41
chr6	146316915	146319100	2	2	1	2	0	37
chr6	146928995	146931058	1	1	1	1	0	21
chr6	147491978	147492066	1	1	1	1	0	29
chr6	148083238	148083385	2	2	1	5	0	40
chr6	148706220	148707882	2	2	1	3	0	11
chr7	3622507	3622999	1	1	1	19	0	46
chr7	3623474	3623745	2	2	1	1	0	28
chr7	3708919	3709649	1	1	1	3	1	21
chr7	4013846	4031705	2	2	1	2	0	36
chr7	4510612	4511472	2	2	1	1	0	19
chr7	4635244	4635339	2	2	1	1	0	17
chr7	4788279	4792003	2	2	1	4	0	25
chr7	4796626	4797062	1	1	1	5	0	28
chr7	4797182	4797416	1	1	1	49	0	45
chr7	12657009	12659318	1	1	1	1	0	12
chr7	12659529	12659663	1	1	1	3	0	42
chr7	12659793	12660322	1	1	1	26	0	46
chr7	12660422	12660498	1	1	1	100	0	45
chr7	12722580	12722659	2	2	1	4	0	24
chr7	12723480	12724893	2	2	1	1	0	18
chr7	12725267	12727241	2	2	1	3	0	20
chr7	12766130	12766215	2	2	1	4	0	46
chr7	12766278	12766361	2	2	1	1	0	28
chr7	13045027	13045120	1	1	1	1	0	15
chr7	14147723	14150142	2	2	1	1	0	36
chr7	14150238	14157361	2	2	1	3	0	28
chr7	14157489	14159272	2	2	1	2	0	19
chr7	15671815	15672098	2	2	1	7	1	46
chr7	15672156	15672276	2	2	1	12	0	45
chr7	15672354	15672835	2	2	1	3	0	45
chr7	15672903	15673013	2	2	1	1	0	25
chr7	15673190	15673378	2	2	1	1	0	31
chr7	15675736	15676099	2	2	1	1	0	22
chr7	16100832	16102433	2	2	1	1	0	20
chr7	16187096	16188045	1	1	1	1	0	44
chr7	16188139	16189085	1	1	1	2	0	9
chr7	18627216	18628033	2	4	1	1	0	31
chr7	18875225	18877110	2	2	1	1	0	44
chr7	18885323	18886400	1	1	1	1	2	13
chr7	19119872	19120631	1	1	1	1	0	8
chr7	19215282	19218523	1	1	1	1	0	13
chr7	19405774	19407153	2	2	1	4	0	24
chr7	19412135	19412188	1	1	1	14	0	33
chr7	19412238	19412534	2	2	1	46	1	45
chr7	19412238	19412605	2	2	1	2	1	35
chr7	19423562	19425812	2	2	1	537	0	46
chr7	19425961	19426335	2	2	1	10	0	41
chr7	19426412	19426533	2	2	1	1	0	5
chr7	19430244	19430348	1	1	1	1	0	12
chr7	19430263	19430648	2	2	1	0	1	6
chr7	19430263	19430958	2	2	1	1	0	33
chr7	19430279	19430491	1	1	1	1	0	16
chr7	19430314	19430496	2	2	1	155	10	17
chr7	19430368	19430847	2	2	1	19	3	45
chr7	19430437	19430517	2	2	1	2	0	28
chr7	19430497	19430517	2	2	1	1	1	37
chr7	19430509	19430958	2	2	0	0	3	12
chr7	19430518	19430579	2	2	1	1	0	44
chr7	19431029	19431403	2	2	1	9	0	32
chr7	19431573	19432112	2	2	1	4	0	39
chr7	19513722	19514697	2	2	1	1	0	20
chr7	24272555	24272649	1	1	1	1	0	39
chr7	24307894	24308147	1	1	1	5	0	40
chr7	24584632	24584876	1	1	1	2	0	25
chr7	24584978	24587706	1	1	1	0	2	28
chr7	24587891	24588331	1	1	1	44	2	45
chr7	24588387	24589165	1	1	1	40	2	45
chr7	24669435	24669511	2	2	1	1	0	33
chr7	25163326	25164273	2	2	1	1	1	30
chr7	25164306	25165741	2	2	1	1	0	30
chr7	25217611	25218583	2	2	1	0	1	11
chr7	26734224	26734735	1	1	1	1	0	11
chr7	26734878	26735889	1	1	1	2	0	30
chr7	26824429	26828615	1	1	1	1	0	8
chr7	26886790	26888290	2	2	1	1	0	33
chr7	27162121	27165144	1	1	1	2	0	19
chr7	27336436	27336516	1	1	1	1	0	26
chr7	27741346	27741525	2	2	1	1	0	8
chr7	27742152	27742233	2	2	1	1	0	37
chr7	28030955	28037776	2	2	1	1	0	15
chr7	28037861	28038119	2	2	1	1	0	31
chr7	28051699	28051787	1	1	1	2	0	31
chr7	28051836	28051918	1	1	1	8	0	34
chr7	28458630	28459251	2	2	1	4	0	29
chr7	28484865	28485088	1	1	1	1	0	30
chr7	28530713	28530813	1	1	1	1	0	26
chr7	28531293	28531428	1	1	1	3	0	35
chr7	28595661	28596300	2	2	1	2	0	3
chr7	28670864	28671956	2	2	1	3	0	45
chr7	28672083	28673573	2	2	1	2	0	15
chr7	28874173	28874835	2	2	1	1	0	4
chr7	28878641	28879701	2	2	1	1	0	34
chr7	28947160	28947321	2	2	1	1	0	19
chr7	29884785	29885336	1	1	1	1	0	45
chr7	29923773	29923897	2	2	1	1	0	31
chr7	29927126	29930550	2	2	1	1	0	42
chr7	29932407	29932491	1	1	1	2	0	35
chr7	29932544	29932709	1	1	1	4	0	45
chr7	30012133	30013343	1	1	1	1	0	28
chr7	30210649	30212234	1	1	1	3	0	42
chr7	30316588	30322839	2	2	1	14	0	44
chr7	30427329	30427411	2	2	1	4	0	44
chr7	30622181	30623470	2	2	1	1	0	16
chr7	30642007	30642089	2	2	1	28	0	45
chr7	30642150	30643321	2	2	1	7	0	33
chr7	30657327	30657413	2	2	1	37	0	46
chr7	30751206	30751357	2	2	1	5	0	30
chr7	30751241	30751357	2	2	1	16	0	45
chr7	30751413	30751552	2	2	1	5	0	34
chr7	30751603	30752449	2	2	1	4	0	37
chr7	30752487	30752824	2	2	1	4	0	32
chr7	30753351	30753730	2	2	1	1	0	32
chr7	33902316	33903453	2	2	1	0	1	8
chr7	33928422	33928707	2	2	1	1	0	32
chr7	34003664	34003729	2	2	1	1	0	40
chr7	34980906	34982995	2	2	1	2	0	38
chr7	34983094	34984140	2	2	1	1	0	6
chr7	35341611	35342039	2	2	1	2	0	23
chr7	35342112	35343048	2	2	1	1	0	29
chr7	43093629	43101764	1	1	1	1	0	22
chr7	43104005	43105902	1	1	1	1	0	42
chr7	43106062	43106993	1	1	1	19	0	45
chr7	43860599	43860973	1	1	1	2	0	45
chr7	44116758	44117066	1	1	1	2	0	12
chr7	44461987	44462700	2	4	1	1	0	35
chr7	44511852	44511922	1	1	1	3	0	31
chr7	44512619	44512802	2	2	1	4	0	23
chr7	44528939	44529350	2	2	1	2	0	44
chr7	44626408	44626927	2	2	1	1	0	10
chr7	44726354	44726735	1	1	1	1	0	31
chr7	44771983	44772252	2	2	1	9	0	46
chr7	44775433	44775574	2	4	1	7	0	7
chr7	44775457	44775538	2	2	1	91	0	45
chr7	44775662	44775901	2	2	1	6	0	33
chr7	44775962	44776132	2	2	1	1	0	23
chr7	44794459	44794899	2	2	1	1	0	36
chr7	44809249	44809365	1	1	1	4	0	43
chr7	45044240	45044932	2	2	1	2	0	25
chr7	45071430	45071515	2	2	1	3	0	41
chr7	45071631	45071808	2	2	1	1	0	6
chr7	45107455	45107547	1	1	1	6	0	42
chr7	45107471	45107629	1	1	1	0	1	27
chr7	45107708	45107958	2	2	1	4	0	46
chr7	45108085	45108507	2	2	1	3	0	17
chr7	45108655	45108953	2	2	1	1	0	7
chr7	45369912	45370137	1	1	1	37	0	46
chr7	45645272	45646078	2	2	1	1	0	12
chr7	46498515	46499601	1	1	1	1	0	20
chr7	46542309	46550774	2	2	1	0	1	36
chr7	51547121	51576150	1	1	1	1	0	42
chr7	55527536	55527626	1	1	1	1	0	26
chr7	55700697	55717731	1	1	1	2	0	14
chr7	55763022	55763145	1	1	1	1	0	27
chr7	58936781	58938153	1	1	1	1	0	31
chr7	58953560	58954557	1	1	1	16	0	45
chr7	59633243	59634772	2	2	1	1	1	25
chr7	64028594	64030677	2	2	1	1	0	43
chr7	64986895	64989897	2	2	1	2	0	34
chr7	64992468	64993362	2	2	1	1	0	9
chr7	65338700	65339715	1	1	1	1	0	17
chr7	65454081	65455654	1	1	1	1	0	26
chr7	65729538	65730079	1	1	1	1	0	29
chr7	65730215	65733147	1	1	1	3	0	36
chr7	65733255	65736694	1	1	1	2	0	34
chr7	66917953	66945122	2	2	1	2	0	40
chr7	66966731	66999616	2	2	1	1	0	36
chr7	73076966	73077403	2	2	1	1	0	23
chr7	73102976	73104076	2	2	1	2	0	44
chr7	73121638	73122759	2	2	1	1	0	38
chr7	73158590	73158626	1	1	1	1	0	39
chr7	73205082	73205602	2	2	1	1	0	9
chr7	73205669	73207786	2	2	1	1	0	17
chr7	75345415	75347049	1	1	1	1	0	34
chr7	75347183	75354112	1	1	1	1	0	7
chr7	79877135	79877741	2	2	1	1	0	28
chr7	80565653	80565922	2	2	1	2	0	12
chr7	80992598	80993482	2	2	1	34	0	46
chr7	80993549	80994058	2	2	1	9	0	42
chr7	81230596	81230914	1	1	1	3	0	45
chr7	81241597	81241754	1	1	1	1	0	13
chr7	82402930	82411642	1	1	1	1	0	32
chr7	84234553	84238038	2	2	1	30	0	44
chr7	84251400	84254850	2	2	1	1	0	42
chr7	84267172	84270075	2	2	1	2	0	45
chr7	84270121	84281863	2	2	1	1	0	21
chr7	89568216	89569280	2	2	1	1	0	11
chr7	89569400	89572771	2	2	1	1	0	13
chr7	89840962	89844862	1	1	1	1	0	5
chr7	97056217	97056825	1	1	1	5	0	44
chr7	97319081	97320009	1	1	1	1	0	14
chr7	97320090	97323787	1	1	1	2	0	35
chr7	99128159	99128480	2	2	1	51	2	45
chr7	99128535	99130903	2	2	1	0	2	3
chr7	99489091	99493906	2	2	1	7	0	44
chr7	99987701	99990237	2	2	1	1	0	27
chr7	100209125	100214400	2	2	1	1	0	4
chr7	100994895	100995098	1	1	1	2	0	22
chr7	100995166	100995453	0	0	1	3	0	31
chr7	101058372	101058497	1	1	1	1	0	13
chr7	101058562	101060126	1	1	1	1	0	6
chr7	103995952	103997134	2	2	1	1	0	27
chr7	104061523	104070641	2	2	1	1	0	18
chr7	104070665	104078327	2	2	1	1	0	23
chr7	105240933	105248542	1	3	1	1	0	21
chr7	105241149	105241286	2	2	1	6	0	37
chr7	105241450	105241532	2	2	1	2	0	25
chr7	105241664	105244277	2	2	1	2	0	43
chr7	105249082	105249214	2	2	1	1	0	23
chr7	107285181	107296773	1	1	1	2	0	28
chr7	109119201	109119674	1	1	1	1	0	23
chr7	109119850	109120807	1	1	1	0	15	32
chr7	109638461	109639812	1	1	1	1	0	39
chr7	110674649	110674793	2	2	1	1	0	24
chr7	111786588	111788816	1	1	1	1	0	23
chr7	112929165	112931816	2	2	1	1	0	36
chr7	113816947	113818760	2	2	1	1	0	21
chr7	113834271	113836021	2	2	1	2	0	26
chr7	113865780	113866355	2	2	1	2	0	29
chr7	114134068	114135265	1	1	1	1	0	40
chr7	115143889	115149244	2	2	1	1	0	16
chr7	115376494	115400603	2	2	1	1	0	39
chr7	115692761	115698674	1	1	1	1	0	23
chr7	115702556	115703446	1	1	1	2	0	36
chr7	115930819	115931613	2	2	1	28	0	46
chr7	115931715	115932163	2	2	1	9	0	38
chr7	116103720	116108689	1	1	1	2	0	45
chr7	117708417	117709155	2	2	1	19	0	41
chr7	117709242	117714007	2	2	1	0	1	11
chr7	117714088	117714331	2	2	1	5	0	36
chr7	117719634	117720383	2	2	1	9	0	42
chr7	118439925	118440418	1	1	1	1	0	15
chr7	119258424	119259786	1	1	1	1	0	25
chr7	120256894	120258243	1	1	1	8	0	45
chr7	121690187	121690808	2	2	1	11	0	38
chr7	121692928	121695831	2	2	1	0	1	33
chr7	122723556	122723890	1	1	1	3	0	45
chr7	123063539	123064331	1	1	1	1	0	41
chr7	125071402	125085509	2	2	1	1	0	10
chr7	125261620	125261748	2	2	1	2	0	43
chr7	125295730	125298120	2	2	1	1	0	17
chr7	125298265	125298515	2	2	1	1	0	31
chr7	126088613	126089814	1	1	1	1	0	41
chr7	126146253	126146356	2	2	1	6	0	39
chr7	126146520	126146606	2	2	1	1	0	12
chr7	126151511	126155454	2	2	1	1	0	27
chr7	126161863	126162175	2	2	1	1	0	7
chr7	126162470	126162798	2	2	1	1	0	46
chr7	126163778	126163874	2	2	1	1	0	39
chr7	126272428	126272588	2	2	1	1	0	3
chr7	126295453	126295726	1	1	1	6	0	30
chr7	126485488	126488062	2	2	1	2	0	13
chr7	126586838	126587489	2	2	1	1	0	21
chr7	127304348	127304898	2	2	1	3	0	35
chr7	127398643	127399113	2	4	1	1	0	45
chr7	127514475	127514550	1	1	1	1	0	31
chr7	127580728	127580962	1	1	1	1	0	14
chr7	129207534	129208240	1	1	1	1	0	3
chr7	130110989	130112540	2	2	1	2	0	12
chr7	130134423	130135306	2	2	1	1	0	20
chr7	131031847	131033665	1	1	1	3	0	21
chr7	132163642	132164315	2	2	1	1	0	45
chr7	132461063	132466691	1	1	1	2	0	22
chr7	136723358	136729613	1	1	1	1	0	11
chr7	138470237	138471418	1	1	1	2	0	45
chr7	139686291	139687996	2	2	1	3	0	37
chr7	139690557	139691608	2	2	1	1	0	31
chr7	139693047	139696219	2	2	1	1	0	23
chr7	140343941	140344712	1	1	1	2	0	35
chr7	140344873	140349008	1	1	1	1	0	14
chr7	140349159	140349476	1	1	1	1	0	6
chr7	140349638	140349964	1	1	1	7	0	31
chr7	140350142	140350854	1	1	1	6	0	41
chr7	140350997	140352931	1	1	1	6	0	34
chr7	140353120	140353542	1	1	1	5	0	31
chr7	140353685	140354470	1	1	1	1	0	23
chr7	140487265	140487469	1	1	1	2	0	18
chr7	140487265	140487703	1	1	1	1	0	18
chr7	140487619	140487752	1	1	1	17	0	43
chr7	140499730	140500598	1	1	1	1	0	26
chr7	140523626	140524557	1	1	1	1	0	38
chr7	140740479	140740562	2	2	1	3	0	42
chr7	140843294	140843368	2	2	1	1	0	18
chr7	140936154	140936237	1	1	1	1	0	20
chr7	140982243	140982656	1	1	1	1	0	24
chr7	141028688	141030916	1	1	1	8	1	30
chr7	141031016	141031144	1	1	1	27	0	43
chr7	141076060	141076283	2	2	1	1	0	26
chr7	141930908	141931069	2	2	1	2	0	34
chr7	142065111	142065201	1	1	1	1	0	28
chr7	142066103	142066268	1	1	1	1	0	42
chr7	142066360	142068062	1	1	1	3	0	41
chr7	142068104	142069512	1	1	1	3	0	4
chr7	142091078	142094255	1	1	1	0	2	27
chr7	142619044	142619679	1	1	1	1	0	22
chr7	142620090	142620397	1	1	1	1	0	21
chr7	143050790	143051046	1	1	1	1	0	17
chr7	143118803	143122051	2	2	1	1	0	30
chr7	144071484	144072885	2	2	1	1	0	34
chr8	3201007	3201287	2	2	1	1	0	27
chr8	3660220	3660310	2	2	1	1	0	5
chr8	3672626	3673223	1	1	1	1	0	5
chr8	3692056	3692645	1	1	1	1	0	46
chr8	3707392	3709670	1	1	1	1	0	13
chr8	4318381	4319854	2	2	1	2	0	18
chr8	4324233	4325842	2	2	1	1	0	29
chr8	8733974	8739976	2	2	1	2	0	8
chr8	10951790	10952967	1	1	1	1	0	37
chr8	11453405	11454963	1	1	1	1	0	36
chr8	11455000	11456812	1	1	1	1	0	16
chr8	13080772	13082184	1	1	1	1	0	32
chr8	13087908	13089492	1	1	1	1	0	4
chr8	13100862	13103355	1	1	1	1	0	32
chr8	13931200	13931562	2	2	1	1	0	25
chr8	18929745	18931753	1	1	1	1	0	26
chr8	22695798	22696792	1	1	1	3	0	37
chr8	22696883	22697872	1	1	1	2	0	39
chr8	22880089	22885728	2	2	1	1	0	14
chr8	23067200	23067564	2	4	1	0	1	38
chr8	23067619	23068058	2	2	1	1	0	14
chr8	23068117	23069007	2	2	1	1	0	20
chr8	23069159	23070355	2	2	1	0	1	5
chr8	26258438	26259309	2	2	1	1	0	37
chr8	26307537	26307631	2	2	1	1	0	40
chr8	26525266	26528049	2	2	1	1	0	45
chr8	26528151	26529696	2	2	1	1	0	35
chr8	26529780	26534267	2	2	1	2	0	29
chr8	27521800	27521954	1	1	1	1	0	34
chr8	34107174	34109149	1	1	1	2	0	25
chr8	34128631	34131877	2	2	1	1	0	45
chr8	34171593	34172620	1	1	1	1	0	30
chr8	34274215	34279419	2	2	1	2	0	32
chr8	34274215	34285109	2	2	1	2	0	41
chr8	35385629	35407849	2	2	1	1	0	13
chr8	41451501	41452472	2	2	1	1	0	33
chr8	41453904	41455341	2	2	1	1	0	31
chr8	41644718	41649994	2	2	1	1	0	40
chr8	41729190	41732787	1	1	1	2	0	9
chr8	41736784	41739001	1	1	1	1	0	42
chr8	41746854	41757023	1	1	1	2	0	25
chr8	41782063	41783669	1	1	1	1	0	25
chr8	41852694	41853798	2	2	1	1	0	11
chr8	41853904	41860681	2	2	1	1	0	41
chr8	45723131	45723688	2	2	1	1	0	19
chr8	45725449	45726512	2	2	1	1	0	35
chr8	45726689	45728444	2	2	1	1	0	28
chr8	45747170	45747778	2	2	1	1	0	40
chr8	45760146	45761416	2	2	1	2	0	22
chr8	45768758	45770703	2	2	1	1	0	36
chr8	46194617	46198456	1	1	1	1	0	20
chr8	46448700	46449738	1	1	1	4	0	44
chr8	46983513	46984006	1	1	1	1	0	20
chr8	46984124	46984824	1	1	1	2	0	30
chr8	46986505	46986601	1	1	1	1	0	38
chr8	57959836	57963121	1	1	1	1	0	4
chr8	60987670	60988760	1	1	1	1	0	22
chr8	60988826	60993088	1	1	1	1	0	5
chr8	60993196	60996555	1	1	1	1	0	7
chr8	60996658	60998256	1	1	1	3	0	39
chr8	61366210	61372373	2	2	1	1	0	17
chr8	61394449	61435809	2	2	1	1	0	38
chr8	61969069	61969568	2	2	1	1	0	10
chr8	68841350	68853954	2	2	1	1	0	36
chr8	70250487	70250590	1	1	1	1	0	21
chr8	70250647	70251036	1	1	1	1	0	15
chr8	70347061	70347153	2	2	1	7	0	38
chr8	70347226	70347891	2	2	1	1	0	44
chr8	70523910	70524171	1	1	1	1	0	33
chr8	70597785	70598460	1	1	1	1	0	8
chr8	70765431	70765508	1	1	1	23	0	40
chr8	70957160	70957633	2	2	1	1	0	4
chr8	70957711	70958405	2	2	1	1	0	11
chr8	70961179	70961945	2	2	1	2	0	15
chr8	71348152	71348243	2	2	1	28	0	43
chr8	71348354	71348559	2	2	1	1	0	14
chr8	71348957	71350002	2	2	1	0	2	24
chr8	71708765	71709102	2	2	1	1	0	37
chr8	71821948	71822170	1	1	1	3	0	29
chr8	71987125	71987315	2	2	1	6	0	27
chr8	71987437	71988429	2	2	1	1	0	11
chr8	71988470	71989002	2	2	1	1	0	40
chr8	72000279	72000405	1	1	1	3	0	12
chr8	72928448	72929683	1	1	1	1	0	23
chr8	72958275	72959406	2	2	1	1	0	31
chr8	72959603	72960970	2	2	1	1	0	4
chr8	72973705	72973784	1	1	1	1	0	44
chr8	72975826	72976025	1	1	1	1	0	29
chr8	73151468	73151693	1	3	1	1	0	37
chr8	73466117	73466357	1	1	1	1	0	45
chr8	79994845	79995761	2	2	1	2	0	16
chr8	80386092	80387666	1	1	1	1	0	13
chr8	81428865	81431233	2	2	1	0	1	34
chr8	81431967	81432075	2	2	1	2	0	24
chr8	81435435	81435741	2	2	1	1	0	11
chr8	81435856	81436284	2	2	1	1	0	11
chr8	81437306	81438285	2	2	1	1	0	7
chr8	81443231	81444150	2	2	1	2	0	10
chr8	84297628	84298061	1	1	1	3	0	35
chr8	84299953	84300039	2	2	1	1	0	37
chr8	84300085	84300499	2	2	1	1	0	10
chr8	84707465	84707800	1	1	1	1	0	34
chr8	85435307	85440394	2	2	1	4	0	46
chr8	85440487	85448271	2	2	1	9	0	43
chr8	85559270	85560736	1	1	1	1	0	10
chr8	85562304	85562383	2	2	1	1	0	24
chr8	85568795	85569230	1	3	1	5	0	42
chr8	85568945	85569164	2	4	1	2	0	25
chr8	85569474	85569572	2	2	1	15	0	43
chr8	85569666	85570693	2	2	1	1	0	19
chr8	85571413	85571499	2	2	1	1	0	35
chr8	85613683	85615155	2	2	1	1	0	44
chr8	85823684	85824030	1	1	1	6	0	44
chr8	86031951	86032845	1	1	1	1	0	8
chr8	86136520	86138741	2	2	1	1	0	21
chr8	86275327	86275510	2	2	1	2	0	41
chr8	86449378	86452142	2	2	1	1	0	25
chr8	87361548	87363106	1	1	1	2	0	42
chr8	89059653	89060365	2	2	1	1	0	28
chr8	89088339	89088533	2	2	1	1	0	35
chr8	91683343	91699752	1	1	1	2	0	42
chr8	93827355	93830746	2	2	1	1	0	23
chr8	93835202	93844931	2	2	1	1	0	46
chr8	93845043	93846895	2	2	1	1	0	11
chr8	93847001	93849727	2	2	1	3	0	5
chr8	93849882	93851086	2	2	1	1	0	30
chr8	93921710	93924295	2	2	1	1	0	20
chr8	93983229	93983491	2	2	1	1	0	33
chr8	93983565	93984884	2	2	1	1	0	24
chr8	93989754	93989947	2	2	1	1	0	9
chr8	93996756	93998458	2	2	1	1	0	38
chr8	94000886	94001869	2	2	1	1	0	8
chr8	94046585	94049558	2	2	1	3	0	8
chr8	95580792	95581398	1	1	1	1	0	32
chr8	96180072	96182485	2	2	1	1	0	6
chr8	96447114	96447270	2	2	1	1	0	16
chr8	96451294	96452642	2	2	1	0	1	20
chr8	96460978	96462313	2	2	1	1	0	25
chr8	105243367	105244538	2	2	1	2	0	14
chr8	105367198	105367599	2	2	1	1	0	44
chr8	105465385	105465661	1	1	1	1	0	26
chr8	105465803	105465921	1	1	1	1	0	8
chr8	105466003	105466238	1	1	1	1	0	3
chr8	105467467	105467861	1	1	1	5	0	36
chr8	105660387	105661078	1	1	1	1	0	3
chr8	105780081	105780175	1	1	1	1	0	10
chr8	105780081	105782210	1	1	1	1	0	5
chr8	105782292	105783015	1	1	1	2	0	20
chr8	105784174	105784886	2	2	1	2	0	36
chr8	105784243	105784367	1	1	1	1	0	34
chr8	105784447	105784539	1	1	1	1	0	23
chr8	105819606	105819698	1	1	1	2	0	24
chr8	106662780	106663327	2	2	1	1	0	7
chr8	106666292	106666618	1	1	1	1	0	35
chr8	107913058	107914048	1	1	1	1	0	40
chr8	110301798	110301877	2	6	1	5	2	36
chr8	110303412	110303761	2	2	1	1	0	30
chr8	110304195	110305641	2	2	1	1	0	8
chr8	110399274	110402007	2	2	1	1	0	27
chr8	110721313	110726261	2	2	1	2	1	35
chr8	110721332	110721800	1	1	1	1	0	30
chr8	111769018	111769294	1	1	1	1	0	5
chr8	112345944	112348227	1	1	1	1	0	11
chr8	114738893	114739706	2	2	1	1	0	27
chr8	115648368	115650067	1	1	1	1	0	42
chr8	118183697	118186067	1	1	1	3	0	33
chr8	118390572	118391725	2	2	1	1	0	12
chr8	120040934	120050133	1	1	1	1	0	22
chr8	120887152	120887953	1	1	1	2	0	30
chr8	121384988	121385266	2	2	1	1	0	30
chr8	121385362	121385743	2	2	1	1	0	21
chr8	121400092	121400709	1	1	1	8	0	32
chr8	122643247	122644726	2	2	1	1	0	16
chr8	123208269	123208334	1	1	1	1	0	39
chr8	123829726	123829921	1	1	1	1	0	12
chr8	123830096	123830636	1	1	1	5	0	29
chr8	123830694	123831782	1	1	1	3	17	44
chr8	124108301	124109265	1	1	1	1	0	16
chr8	124204787	124207087	1	1	1	2	0	32
chr8	125252532	125253838	1	1	1	1	0	44
chr8	125567246	125568032	2	2	1	1	0	3
chr8	125568120	125568425	2	2	1	1	0	33
chr8	127661810	127663789	2	2	1	1	1	30
chr8	129182023	129184430	2	2	1	8	0	36
chr8	129184470	129189009	2	2	1	1	0	19
chr8	129184470	129199535	2	2	1	8	0	39
chr8	129184470	129199705	2	2	1	1	0	35
chr8	129224573	129224985	1	1	1	2	0	18
chr9	3000149	3025492	2	2	1	0	2	18
chr9	3000149	3027131	2	2	1	0	2	27
chr9	3000559	3007226	2	2	1	0	1	41
chr9	3000559	3009411	2	2	1	0	1	41
chr9	3000559	3012395	2	2	1	0	1	42
chr9	3000559	3012864	2	2	1	0	1	41
chr9	3000559	3025492	2	2	1	0	3	30
chr9	3000588	3007255	1	1	1	0	4	44
chr9	3000588	3009440	1	1	1	0	4	44
chr9	3000588	3012893	1	1	1	0	4	44
chr9	3000793	3000968	2	2	1	0	1	29
chr9	3000793	3001202	2	2	1	0	1	39
chr9	3000793	3001436	2	2	1	0	1	29
chr9	3000793	3002721	2	2	1	0	1	29
chr9	3000793	3007578	2	2	1	0	1	29
chr9	3000793	3009997	2	2	1	0	1	29
chr9	3000793	3013450	2	2	1	0	1	29
chr9	3000793	3025492	2	2	1	0	1	18
chr9	3000969	3007226	2	2	1	0	1	41
chr9	3000969	3009411	2	2	1	0	1	41
chr9	3000969	3012395	2	2	1	0	1	42
chr9	3000969	3012864	2	2	1	0	1	41
chr9	3000969	3025492	2	2	1	0	2	30
chr9	3000998	3007255	1	1	1	0	4	44
chr9	3000998	3009440	1	1	1	0	4	44
chr9	3000998	3012893	1	1	1	0	4	44
chr9	3001203	3001436	2	2	1	0	1	30
chr9	3001203	3002721	2	2	1	0	1	30
chr9	3001203	3007226	2	2	1	0	1	41
chr9	3001203	3007578	2	2	1	0	1	30
chr9	3001203	3009411	2	2	1	0	1	41
chr9	3001203	3009997	2	2	1	0	1	30
chr9	3001203	3012395	2	2	1	0	1	42
chr9	3001203	3012864	2	2	1	0	1	41
chr9	3001203	3013450	2	2	1	0	1	30
chr9	3001203	3025492	2	2	1	0	1	18
chr9	3001437	3025492	2	2	1	0	3	30
chr9	3001466	3007255	1	1	1	0	4	44
chr9	3001466	3009440	1	1	1	0	4	44
chr9	3001466	3012893	1	1	1	0	4	44
chr9	3001524	3009617	1	1	0	0	1	25
chr9	3001524	3013070	1	1	0	0	1	25
chr9	3001699	3007255	1	1	1	0	1	33
chr9	3001699	3009440	1	1	1	0	1	33
chr9	3001699	3012893	1	1	1	0	1	33
chr9	3001737	3005887	1	1	1	0	2	30
chr9	3001737	3007235	1	1	1	0	2	30
chr9	3001737	3009420	1	1	1	0	2	30
chr9	3001737	3011759	1	1	1	0	2	30
chr9	3001737	3012873	1	1	1	0	2	30
chr9	3002138	3002721	2	2	1	0	2	27
chr9	3002138	3002954	2	2	0	0	1	23
chr9	3002138	3007578	2	2	1	0	2	27
chr9	3002138	3009997	2	2	1	0	2	27
chr9	3002138	3010230	2	2	0	0	1	23
chr9	3002138	3013450	2	2	1	0	2	27
chr9	3002138	3013683	2	2	0	0	1	23
chr9	3002138	3023389	2	2	0	0	1	23
chr9	3002138	3025025	2	2	0	0	1	23
chr9	3002138	3036254	2	2	0	0	1	23
chr9	3002372	3002721	2	2	1	0	5	30
chr9	3002372	3007578	2	2	1	0	5	30
chr9	3002372	3009997	2	2	1	0	5	30
chr9	3002372	3013450	2	2	1	0	5	30
chr9	3002751	3007255	1	1	1	0	3	46
chr9	3002751	3009440	1	1	1	0	3	46
chr9	3002751	3012893	1	1	1	0	3	46
chr9	3002809	3009617	1	1	0	0	1	25
chr9	3002809	3013070	1	1	0	0	1	25
chr9	3002984	3007255	1	1	1	0	1	33
chr9	3002984	3009440	1	1	1	0	1	33
chr9	3002984	3012893	1	1	1	0	1	33
chr9	3003423	3007226	2	2	1	0	1	41
chr9	3003423	3007578	2	2	1	0	1	30
chr9	3003423	3009411	2	2	1	0	1	41
chr9	3003423	3009997	2	2	1	0	1	30
chr9	3003423	3012395	2	2	1	0	1	42
chr9	3003423	3012864	2	2	1	0	1	41
chr9	3003423	3013450	2	2	1	0	1	30
chr9	3003423	3025492	2	2	1	0	2	18
chr9	3003657	3007226	2	2	1	0	1	41
chr9	3003657	3009411	2	2	1	0	1	41
chr9	3003657	3012395	2	2	1	0	1	42
chr9	3003657	3012864	2	2	1	0	1	41
chr9	3003657	3025492	2	2	1	0	1	18
chr9	3004768	3007226	2	2	1	0	1	41
chr9	3004768	3009411	2	2	1	0	1	41
chr9	3004768	3012395	2	2	1	0	1	42
chr9	3004768	3012864	2	2	1	0	1	41
chr9	3004768	3019999	2	2	1	0	1	42
chr9	3005236	3025492	2	2	1	0	1	18
chr9	3005236	3036021	2	2	1	0	3	18
chr9	3005879	3007578	2	2	1	0	1	29
chr9	3005879	3009997	2	2	1	0	1	29
chr9	3005879	3013450	2	2	1	0	1	29
chr9	3005879	3025492	2	2	1	0	1	18
chr9	3006289	3007578	2	2	1	0	1	17
chr9	3006289	3009997	2	2	1	0	1	17
chr9	3006289	3010230	2	2	0	0	1	23
chr9	3006289	3013450	2	2	1	0	1	17
chr9	3006289	3013683	2	2	0	0	1	23
chr9	3006289	3023389	2	2	0	0	1	23
chr9	3006289	3025025	2	2	0	0	1	23
chr9	3006289	3036254	2	2	0	0	1	23
chr9	3006523	3007226	2	2	1	0	1	41
chr9	3006523	3010230	2	2	0	0	1	23
chr9	3006523	3013683	2	2	0	0	1	23
chr9	3006523	3022745	2	2	1	0	1	21
chr9	3006523	3023389	2	2	0	0	1	23
chr9	3006523	3025025	2	2	0	0	1	23
chr9	3006523	3036254	2	2	0	0	1	23
chr9	3006843	3009617	1	1	0	0	1	25
chr9	3006843	3013070	1	1	0	0	1	25
chr9	3007608	3009440	1	1	1	0	3	46
chr9	3007608	3012893	1	1	1	0	3	46
chr9	3007666	3009617	1	1	0	0	1	25
chr9	3007666	3013070	1	1	0	0	1	25
chr9	3008046	3009411	2	2	1	0	1	41
chr9	3008046	3012395	2	2	1	0	1	42
chr9	3008046	3012864	2	2	1	0	1	41
chr9	3008046	3019999	2	2	1	0	1	42
chr9	3008046	3025492	2	2	1	0	1	18
chr9	3008690	3025492	2	2	1	0	1	18
chr9	3008690	3036021	2	2	1	0	3	18
chr9	3009764	3009997	2	2	1	0	3	38
chr9	3009764	3010230	2	2	1	0	2	38
chr9	3009764	3013450	2	2	1	0	3	38
chr9	3009764	3013683	2	2	1	0	2	38
chr9	3009764	3024090	2	2	1	0	3	38
chr9	3009764	3025025	2	2	1	0	2	38
chr9	3009764	3025492	2	2	1	0	2	38
chr9	3010027	3012893	1	1	1	0	3	46
chr9	3010085	3013070	1	1	0	0	1	25
chr9	3010260	3012893	1	1	1	0	1	33
chr9	3011108	3025492	2	2	1	0	1	18
chr9	3011108	3036021	2	2	1	0	3	18
chr9	3011751	3013450	2	2	1	0	1	29
chr9	3011751	3024090	2	2	1	0	1	29
chr9	3011751	3025492	2	2	1	0	1	18
chr9	3012161	3013450	2	2	1	0	1	17
chr9	3012161	3013683	2	2	0	0	1	23
chr9	3012161	3023389	2	2	0	0	1	23
chr9	3012161	3024090	2	2	1	0	1	17
chr9	3012161	3025025	2	2	0	0	1	23
chr9	3012161	3036254	2	2	0	0	1	23
chr9	3012395	3012864	2	2	1	0	1	41
chr9	3012395	3013683	2	2	0	0	1	23
chr9	3012395	3022745	2	2	1	0	1	21
chr9	3012395	3023389	2	2	0	0	1	23
chr9	3012395	3025025	2	2	0	0	1	23
chr9	3012395	3036254	2	2	0	0	1	23
chr9	3013217	3013450	2	2	1	0	3	38
chr9	3013217	3013683	2	2	1	0	2	38
chr9	3013217	3024090	2	2	1	0	3	38
chr9	3013217	3025025	2	2	1	0	2	38
chr9	3013217	3025492	2	2	1	0	2	38
chr9	3013217	3029003	2	2	1	0	2	38
chr9	3014152	3019999	2	2	1	0	1	42
chr9	3014152	3024090	2	2	1	0	1	30
chr9	3014152	3025492	2	2	1	0	2	18
chr9	3014152	3027131	2	2	1	0	2	27
chr9	3014152	3029003	2	2	1	0	1	30
chr9	3014854	3019999	2	2	1	0	1	42
chr9	3014854	3025492	2	2	1	0	1	18
chr9	3016608	3019999	2	2	1	0	1	42
chr9	3016608	3025492	2	2	1	0	1	18
chr9	3016608	3032395	2	2	1	0	1	34
chr9	3017018	3032395	2	2	1	0	1	34
chr9	3017485	3019999	2	2	1	0	1	42
chr9	3017485	3025492	2	2	1	0	1	18
chr9	3017485	3032395	2	2	1	0	1	34
chr9	3017895	3032395	2	2	1	0	1	34
chr9	3018362	3024090	2	2	1	0	1	29
chr9	3018362	3025492	2	2	1	0	1	18
chr9	3018362	3029003	2	2	1	0	1	29
chr9	3018362	3032863	2	2	1	0	1	29
chr9	3018596	3019999	2	2	1	0	1	42
chr9	3018596	3032395	2	2	1	0	1	34
chr9	3019064	3025492	2	2	1	0	1	18
chr9	3019064	3036021	2	2	1	0	3	18
chr9	3019356	3020932	2	2	1	0	3	39
chr9	3019356	3023389	2	2	0	0	1	23
chr9	3019356	3025025	2	2	0	0	1	23
chr9	3019356	3025726	2	2	1	0	3	39
chr9	3019356	3028067	2	2	1	0	3	39
chr9	3019356	3031225	2	2	1	0	3	39
chr9	3019356	3032629	2	2	1	0	3	39
chr9	3019356	3033096	2	2	0	0	1	23
chr9	3019356	3034909	2	2	1	0	3	39
chr9	3019356	3036254	2	2	0	0	1	23
chr9	3019765	3023389	2	2	0	0	1	23
chr9	3019765	3024090	2	2	1	0	1	17
chr9	3019765	3025025	2	2	0	0	1	23
chr9	3019765	3032863	2	2	1	0	1	17
chr9	3019765	3033096	2	2	0	0	1	23
chr9	3019765	3036254	2	2	0	0	1	23
chr9	3019999	3022745	2	2	1	0	1	21
chr9	3019999	3023389	2	2	0	0	1	23
chr9	3019999	3025025	2	2	0	0	1	23
chr9	3019999	3033096	2	2	0	0	1	23
chr9	3019999	3036254	2	2	0	0	1	23
chr9	3020933	3024090	2	2	1	0	1	30
chr9	3020933	3025492	2	2	1	0	2	18
chr9	3020933	3027131	2	2	1	0	2	27
chr9	3020933	3029003	2	2	1	0	1	30
chr9	3020933	3032395	2	2	1	0	1	34
chr9	3020933	3032863	2	2	1	0	1	30
chr9	3020933	3035377	2	2	1	0	1	30
chr9	3020933	3036021	2	2	1	0	4	30
chr9	3021635	3025492	2	2	1	0	1	18
chr9	3021635	3032395	2	2	1	0	1	34
chr9	3022045	3032395	2	2	1	0	1	34
chr9	3022132	3026750	1	1	1	2	0	45
chr9	3022512	3024090	2	2	1	0	2	29
chr9	3022512	3029003	2	2	1	0	1	29
chr9	3022512	3032863	2	2	1	0	2	29
chr9	3022512	3035377	2	2	1	0	1	29
chr9	3022512	3036021	2	2	1	0	4	29
chr9	3022980	3023623	2	2	1	0	1	9
chr9	3022980	3024090	2	2	1	0	1	9
chr9	3022980	3025492	2	2	1	0	1	18
chr9	3022980	3032863	2	2	1	0	1	9
chr9	3022980	3036021	2	2	1	0	3	18
chr9	3023624	3032395	2	2	1	0	1	34
chr9	3024188	3031090	1	1	1	0	1	28
chr9	3024559	3032395	2	2	1	0	1	34
chr9	3025727	3032395	2	2	1	0	1	34
chr9	3025727	3036021	2	2	1	0	3	18
chr9	3025873	3033476	1	1	0	0	1	34
chr9	3025961	3032395	2	2	1	0	1	34
chr9	3026429	3032395	2	2	1	0	1	34
chr9	3026664	3033096	2	2	0	0	1	23
chr9	3026664	3036254	2	2	0	0	1	23
chr9	3027132	3029003	2	2	1	0	1	29
chr9	3027132	3032863	2	2	1	0	1	29
chr9	3027132	3035377	2	2	1	0	1	29
chr9	3027132	3036021	2	2	1	0	4	29
chr9	3027219	3027334	1	1	1	0	1	19
chr9	3027219	3028738	1	1	1	0	1	19
chr9	3027219	3030379	1	1	1	0	1	19
chr9	3027249	3033447	1	1	1	0	2	45
chr9	3027600	3032395	2	2	1	0	1	34
chr9	3027834	3032395	2	2	1	0	1	34
chr9	3028536	3029003	2	2	1	0	1	29
chr9	3028536	3032863	2	2	1	0	1	29
chr9	3028536	3035377	2	2	1	0	1	29
chr9	3028536	3036021	2	2	1	0	4	29
chr9	3028623	3028738	1	1	1	0	1	19
chr9	3028623	3030379	1	1	1	0	1	19
chr9	3028653	3033447	1	1	1	0	2	45
chr9	3029473	3032395	2	2	1	0	1	34
chr9	3029708	3032863	2	2	1	0	1	29
chr9	3029708	3035377	2	2	1	0	1	29
chr9	3029708	3036021	2	2	1	0	4	29
chr9	3029795	3030379	1	1	1	0	1	19
chr9	3029825	3033447	1	1	1	0	2	45
chr9	3030176	3032863	2	2	1	0	1	29
chr9	3030176	3035377	2	2	1	0	1	29
chr9	3030176	3036021	2	2	1	0	4	29
chr9	3030294	3033447	1	1	1	0	2	45
chr9	3030645	3032395	2	2	1	0	1	34
chr9	3030879	3031693	2	2	1	0	3	20
chr9	3030879	3032395	2	2	1	0	1	34
chr9	3030879	3032863	2	2	1	0	1	30
chr9	3030879	3035377	2	2	1	0	1	30
chr9	3030879	3036021	2	2	1	0	4	30
chr9	3031694	3032863	2	2	1	0	1	29
chr9	3031694	3035377	2	2	1	0	1	29
chr9	3031694	3036021	2	2	1	0	4	29
chr9	3031811	3033447	1	1	1	0	2	45
chr9	3032162	3032395	2	2	1	0	1	34
chr9	3032396	3032863	2	2	1	0	6	44
chr9	3032396	3033096	2	2	1	0	4	38
chr9	3032396	3035377	2	2	1	0	6	44
chr9	3032396	3035612	2	2	1	0	1	18
chr9	3032396	3036021	2	2	1	0	5	44
chr9	3032396	3036254	2	2	1	0	4	38
chr9	3032396	3036719	2	2	1	0	1	18
chr9	3032630	3036021	2	2	1	0	3	18
chr9	3032630	3036953	2	2	1	0	1	30
chr9	3032630	3037655	2	2	1	0	1	30
chr9	3032630	3038123	2	2	1	0	1	30
chr9	3033974	3034441	2	2	1	0	1	9
chr9	3033974	3036021	2	2	1	0	3	18
chr9	3034676	3035377	2	2	1	0	1	30
chr9	3034676	3036021	2	2	1	0	4	30
chr9	3034910	3036021	2	2	1	0	3	18
chr9	3034910	3036953	2	2	1	0	1	30
chr9	3034910	3037655	2	2	1	0	1	30
chr9	3034910	3038123	2	2	1	0	1	30
chr9	3036342	3037976	1	1	1	0	1	40
chr9	3036342	3038210	1	1	1	0	1	40
chr9	3037422	3038123	2	2	1	0	3	20
chr9	3418776	3421285	1	1	1	1	0	29
chr9	4296840	4299297	2	2	1	1	0	8
chr9	9033582	9035509	2	2	1	2	0	44
chr9	9046636	9048888	2	2	1	1	0	16
chr9	14419266	14421495	1	1	1	4	0	39
chr9	15206056	15209138	2	2	1	2	0	17
chr9	20556786	20556917	1	1	1	3	0	23
chr9	20556956	20557911	1	1	1	6	0	31
chr9	20780233	20780625	1	1	1	1	0	6
chr9	20780750	20780899	1	1	1	1	0	26
chr9	20805739	20805928	2	2	1	10	0	44
chr9	20806036	20806128	2	2	1	3	0	7
chr9	20819258	20819767	2	2	1	1	0	13
chr9	20919196	20919789	1	1	1	1	0	5
chr9	21552382	21553720	1	1	1	5	0	43
chr9	21668490	21668585	2	2	1	1	0	18
chr9	21685354	21691111	1	3	1	1	0	41
chr9	21919670	21921452	1	1	1	1	0	12
chr9	21922550	21925336	1	1	1	1	0	13
chr9	22360151	22361097	2	2	1	8	0	40
chr9	22361160	22365074	2	2	1	4	0	37
chr9	22365167	22368668	2	2	1	1	0	27
chr9	26918248	26918453	1	1	1	1	0	39
chr9	26952852	26955791	1	1	1	1	0	28
chr9	31064796	31068990	2	2	1	1	0	30
chr9	31309941	31310444	1	1	1	2	0	12
chr9	35123808	35124015	1	1	1	8	0	43
chr9	36694141	36695763	2	2	1	1	0	7
chr9	40715992	40716227	1	1	1	4	0	42
chr9	41879967	41880939	2	2	1	1	0	5
chr9	42912403	42912741	2	2	1	1	0	27
chr9	44291908	44292112	1	1	1	2	0	29
chr9	44320167	44321250	1	1	1	0	27	42
chr9	44321350	44321442	1	1	1	35	11	44
chr9	44661731	44662512	2	2	1	3	0	34
chr9	44711031	44712890	2	2	1	1	0	21
chr9	44726043	44727891	2	2	1	2	0	39
chr9	44752382	44752859	2	2	1	1	0	7
chr9	44824765	44825948	2	2	1	0	7	26
chr9	45721207	45729275	2	2	1	1	0	12
chr9	45782933	45783168	2	2	1	1	0	40
chr9	45802242	45807382	2	2	1	1	0	29
chr9	45819950	45820557	1	1	1	1	0	36
chr9	46140298	46140413	1	1	1	4	0	40
chr9	46140568	46141102	1	1	1	9	0	43
chr9	46141242	46141607	2	2	1	34	4	26
chr9	46144642	46145714	2	2	1	4	0	37
chr9	47759597	47761569	1	1	1	1	0	37
chr9	48380247	48383119	2	2	1	3	0	14
chr9	48383174	48384331	2	2	1	3	0	26
chr9	48405688	48406454	2	2	1	1	0	38
chr9	48514862	48516104	2	2	1	1	0	29
chr9	50519237	50520671	2	2	1	2	0	30
chr9	50520726	50521599	2	2	1	1	0	14
chr9	50547855	50548755	2	2	1	1	0	14
chr9	50604992	50606770	2	2	1	1	0	36
chr9	51854950	51859876	2	2	1	8	0	45
chr9	51959733	51972131	1	1	1	1	0	19
chr9	51972204	51974877	1	1	1	1	0	17
chr9	51974962	51976159	1	1	1	3	0	43
chr9	51978745	51979429	1	1	1	1	0	39
chr9	51980204	51980914	1	1	1	11	0	43
chr9	51981079	51984453	1	1	1	9	0	43
chr9	51992480	51993742	1	1	1	4	0	42
chr9	53028590	53060802	2	2	1	1	0	15
chr9	53060860	53068470	2	2	1	1	0	20
chr9	53071318	53115358	2	2	1	1	0	15
chr9	53500574	53502606	2	2	1	1	0	9
chr9	53532584	53533157	2	2	1	1	0	10
chr9	53554127	53555786	2	2	1	3	0	26
chr9	54283646	54285997	2	2	1	1	0	46
chr9	54631759	54634872	2	2	1	1	0	20
chr9	54635560	54637917	2	2	1	1	0	13
chr9	54637946	54638670	2	2	1	1	0	28
chr9	54811522	54813852	1	1	1	1	0	9
chr9	54860126	54863645	1	1	1	1	0	17
chr9	54863672	54864094	1	1	1	1	0	11
chr9	54864219	54864918	1	1	1	9	0	41
chr9	55361922	55394052	1	1	1	2	0	35
chr9	55362047	55368903	2	2	1	4	0	42
chr9	55368985	55372077	2	2	1	2	0	8
chr9	55372144	55389556	2	2	1	2	0	22
chr9	55714405	55714889	2	2	1	1	0	9
chr9	55765477	55765691	2	2	1	2	0	30
chr9	57437646	57438951	1	1	1	1	0	6
chr9	57439076	57439564	1	1	1	21	0	43
chr9	57584806	57586269	2	2	1	1	0	38
chr9	57587623	57588276	2	2	1	1	0	5
chr9	61820804	61821169	2	2	1	4	0	45
chr9	62248837	62279001	1	1	1	1	0	7
chr9	62279152	62279343	1	1	1	1	0	33
chr9	64083499	64085663	1	1	1	1	5	27
chr9	64084353	64084602	1	1	1	1	0	35
chr9	64084760	64085002	1	1	1	1	0	9
chr9	64085300	64085504	1	1	1	3	0	25
chr9	65740731	65746216	2	2	1	1	0	45
chr9	65970365	65972768	1	1	1	1	0	7
chr9	66854222	66854868	1	1	1	1	0	7
chr9	66854980	66856610	1	1	1	10	0	46
chr9	66878219	66878457	2	2	1	3	0	43
chr9	66935450	66936945	2	2	1	1	0	36
chr9	66940147	66941157	2	2	1	1	0	22
chr9	67249446	67251347	2	2	1	1	0	28
chr9	70488151	70488582	1	1	1	1	0	15
chr9	70488747	70491213	1	1	1	1	0	30
chr9	70705691	70709354	2	2	1	11	0	45
chr9	70711097	70719951	2	2	1	1	0	7
chr9	71562680	71563327	2	2	1	1	0	39
chr9	71628984	71630815	2	2	1	1	0	25
chr9	72577399	72578511	1	1	1	1	0	3
chr9	72578586	72584596	1	1	1	2	0	34
chr9	72628944	72632298	1	1	1	1	0	29
chr9	72647511	72648909	1	1	1	1	0	18
chr9	72648970	72649934	1	1	1	1	0	33
chr9	72650043	72650821	1	1	1	1	0	3
chr9	72650919	72653688	1	1	1	3	0	20
chr9	72653762	72654407	1	1	1	2	0	30
chr9	74945006	74945188	1	1	1	1	0	25
chr9	74959638	74963916	1	1	1	5	0	42
chr9	75356785	75357769	1	1	1	2	0	45
chr9	75363058	75364339	1	1	1	2	0	36
chr9	77993283	77993556	2	2	1	1	0	4
chr9	78138013	78139499	1	1	1	0	2	9
chr9	78148941	78149734	1	1	1	2	0	20
chr9	78249221	78254370	2	2	1	0	2	9
chr9	78249221	78262940	2	2	1	2	0	20
chr9	78386141	78386239	2	2	1	5	0	45
chr9	78386475	78386559	2	2	1	1	0	14
chr9	78387971	78388920	2	2	1	2	0	7
chr9	79662888	79663558	2	2	1	9	0	44
chr9	79665862	79666921	2	2	1	1	0	10
chr9	79682534	79683434	2	2	1	1	0	45
chr9	79683523	79684505	2	2	1	1	0	14
chr9	80018736	80021008	1	1	1	1	0	35
chr9	80048189	80049364	1	1	1	1	0	16
chr9	80049434	80049526	1	1	1	1	0	7
chr9	80049678	80050931	1	1	1	1	0	3
chr9	80173536	80176908	1	1	1	1	0	45
chr9	80188874	80188964	1	1	1	1	0	22
chr9	80189043	80190736	1	1	1	1	0	3
chr9	80195499	80197147	1	1	1	1	0	41
chr9	80201257	80203924	1	1	1	1	0	3
chr9	80203964	80206427	1	1	1	2	0	39
chr9	82782907	82785176	2	2	1	1	0	16
chr9	83894673	83951157	1	1	1	1	0	3
chr9	88343845	88344288	2	2	1	1	0	19
chr9	88345214	88346700	2	2	1	0	2	15
chr9	88739925	88740278	2	2	1	1	0	32
chr9	89950527	89953871	1	1	1	2	0	46
chr9	89974456	89975786	2	2	1	2	0	21
chr9	89978658	89979424	2	2	1	1	0	10
chr9	89979514	89979916	2	2	1	1	0	26
chr9	89979943	89982495	2	2	1	1	0	26
chr9	89982577	89984352	2	2	1	0	12	42
chr9	89984440	89985707	2	2	1	1	0	44
chr9	89984440	89989287	2	2	1	1	6	29
chr9	89989356	89992178	2	2	1	1	1	23
chr9	92173192	92177567	1	1	1	1	0	7
chr9	95346535	95348598	2	2	1	3	0	27
chr9	95348710	95354095	2	2	1	2	0	45
chr9	95357351	95358159	2	2	1	1	0	39
chr9	95374445	95375150	2	2	1	1	0	3
chr9	95375285	95375755	2	2	1	1	0	41
chr9	95382873	95384592	2	2	1	1	0	46
chr9	95753250	95753486	1	1	1	1	0	12
chr9	95852865	95855331	1	1	1	1	0	39
chr9	95915747	95917687	1	1	1	1	0	22
chr9	96169776	96172632	1	1	1	1	0	6
chr9	96177181	96179679	1	1	1	2	0	33
chr9	96215748	96217431	2	2	1	1	0	7
chr9	98459581	98461033	1	1	1	4	0	46
chr9	102507088	102511212	1	1	1	1	0	42
chr9	103086278	103087693	2	2	1	264	0	45
chr9	103087878	103089010	2	2	1	12	0	40
chr9	103089196	103092391	2	2	1	17	0	38
chr9	103092457	103093012	2	2	1	6	0	46
chr9	103093143	103094561	2	2	1	11	0	38
chr9	103094733	103096421	2	2	1	5	0	16
chr9	103096455	103097000	2	2	1	5	0	33
chr9	103097092	103098091	2	2	1	2	0	38
chr9	103098244	103099249	2	2	1	7	0	43
chr9	103099428	103100133	2	2	1	3	0	34
chr9	103100313	103100782	2	2	1	3	0	41
chr9	103102375	103103159	2	2	1	1	0	5
chr9	103127779	103140246	1	1	1	2	0	20
chr9	103127862	103128989	2	2	1	42	0	46
chr9	103129177	103131838	2	2	1	2	0	31
chr9	103132024	103133763	2	2	1	1	0	31
chr9	103233229	103233478	2	2	1	1	0	11
chr9	103233633	103237074	2	2	1	2	0	29
chr9	103233639	103237074	2	2	1	0	1	7
chr9	103241251	103242252	2	2	1	2	1	19
chr9	103880361	103881912	1	1	1	2	0	28
chr9	103924886	103926432	2	2	1	2	0	29
chr9	103968930	103972719	1	1	1	1	0	21
chr9	104086587	104089959	2	2	1	1	0	15
chr9	106112750	106113638	2	2	1	2	0	20
chr9	106306839	106307168	1	3	1	1	0	13
chr9	106307214	106307506	1	1	1	2	0	37
chr9	106307572	106308267	1	1	1	1	0	24
chr9	107449675	107449837	2	2	1	2	0	23
chr9	107623380	107626906	2	2	1	1	0	32
chr9	107664598	107664977	2	2	1	1	0	7
chr9	107860563	107861015	1	1	1	1	0	9
chr9	107961594	107961691	1	1	1	1	0	30
chr9	107961832	107961972	1	1	1	1	0	10
chr9	108176658	108176943	1	1	1	1	0	5
chr9	108176961	108179385	1	1	1	1	0	17
chr9	108216758	108216975	1	1	1	2	0	43
chr9	108392432	108392994	1	1	1	4	0	34
chr9	108442445	108442525	1	1	1	1	0	34
chr9	108605480	108610308	1	1	1	1	0	8
chr9	108766225	108771151	1	1	1	1	0	16
chr9	108773957	108774427	1	1	1	2	0	39
chr9	108777010	108777612	1	1	1	1	0	29
chr9	108778083	108778502	1	1	1	4	0	43
chr9	108828044	108828180	1	1	1	1	0	44
chr9	108911295	108911394	2	2	1	0	1	17
chr9	109927928	109938093	2	2	1	1	0	16
chr9	110033395	110035066	1	1	1	1	0	15
chr9	110182233	110191461	1	1	1	1	0	40
chr9	111065084	111068790	2	2	1	1	0	44
chr9	114618814	114619705	2	2	1	5	0	33
chr9	117876702	117878377	1	1	1	2	0	11
chr9	118381032	118382502	1	1	1	1	0	32
chr9	119741536	119742693	1	1	1	1	0	16
chr9	119748821	119749622	1	1	1	1	0	8
chr9	119960232	119960465	1	1	1	31	0	45
chr9	121221118	121260544	1	1	1	1	0	40
chr9	121575657	121577096	1	1	1	1	0	37
chr9	121678756	121679253	2	2	1	12	0	34
chr9	121679389	121681556	2	2	1	0	1	4
chr9	123136346	123136798	1	1	1	9	1	8
chr9	123136415	123136791	2	2	1	0	1	15
chr9	123398075	123399013	1	3	1	1	0	14
chr9	123529169	123529934	2	2	1	1	0	15
chr9	123537204	123538618	2	2	1	1	0	13
chr9	123538691	123540100	2	2	1	1	0	7
chr9	123621815	123623789	2	2	1	1	0	13
chr10	4368632	4372081	2	2	1	0	1	25
chr10	7686223	7690427	1	1	1	1	0	44
chr10	11037972	11038552	1	1	1	1	0	16
chr10	12539283	12540690	2	2	1	1	0	13
chr10	12596687	12601954	2	2	1	1	0	45
chr10	12619950	12620975	2	2	1	1	0	3
chr10	13108421	13109893	2	2	1	1	0	14
chr10	13115710	13121154	2	2	1	2	0	21
chr10	13121312	13122745	2	2	1	1	0	10
chr10	13422226	13428569	2	2	1	1	0	24
chr10	20208008	20208141	1	1	1	1	0	39
chr10	21253378	21256728	1	1	1	1	0	12
chr10	21870941	21871372	1	1	1	1	0	44
chr10	22248258	22249675	1	1	1	1	0	13
chr10	23661172	23661473	2	2	1	47	0	44
chr10	23661576	23661799	2	2	1	18	0	44
chr10	24650838	24652658	2	2	1	1	0	24
chr10	24681833	24683343	2	2	1	1	0	24
chr10	24791678	24791925	2	2	1	2	0	39
chr10	24792063	24792252	2	2	1	2	0	21
chr10	24792768	24793810	2	2	1	1	0	29
chr10	25447007	25447120	1	1	1	1	0	35
chr10	29330326	29375927	2	2	1	1	0	25
chr10	30484420	30486312	2	2	1	4	0	38
chr10	33877787	33878419	2	2	1	3	0	32
chr10	33878564	33884988	2	2	1	4	0	24
chr10	34180976	34186296	2	2	1	1	0	33
chr10	39701255	39703705	1	1	1	2	0	28
chr10	40165466	40166113	2	2	1	3	0	43
chr10	40712361	40717349	2	2	1	1	0	18
chr10	40727066	40728492	2	2	1	1	0	21
chr10	41116640	41127712	2	2	1	3	0	17
chr10	42637885	42659437	1	1	1	2	0	29
chr10	42679979	42681071	1	1	1	1	0	12
chr10	42686922	42688431	1	1	1	3	0	40
chr10	42688492	42688660	1	1	1	3	0	37
chr10	42692466	42699876	1	1	1	1	0	34
chr10	42703978	42704886	1	1	1	1	0	14
chr10	42705036	42706308	1	1	1	2	0	12
chr10	50468994	50480846	1	1	1	1	0	31
chr10	50480979	50484015	1	1	1	1	0	20
chr10	53177778	53188603	2	2	1	2	0	32
chr10	55613473	55624594	2	2	1	0	1	40
chr10	57372379	57373592	1	1	1	1	0	14
chr10	58091394	58091650	1	1	1	1	0	30
chr10	58091705	58092641	1	1	1	2	0	22
chr10	58092727	58094062	1	1	1	2	0	42
chr10	58094131	58103788	1	1	1	1	0	34
chr10	58112520	58114608	1	1	1	1	0	22
chr10	58116519	58117178	1	1	1	1	0	25
chr10	59732324	59733312	1	1	1	1	0	11
chr10	60134898	60138194	2	2	1	1	0	31
chr10	61501246	61502689	1	1	1	1	0	12
chr10	61525685	61527063	1	1	1	1	0	11
chr10	61674488	61675856	2	2	1	1	0	18
chr10	61675896	61679346	2	2	1	1	0	35
chr10	62586473	62586715	2	2	1	1	0	8
chr10	62589193	62592261	2	2	1	2	0	19
chr10	62851494	62851580	2	2	1	2	0	28
chr10	62883347	62883720	1	1	1	3	0	24
chr10	67111434	67120875	2	2	1	1	0	9
chr10	67937924	67954080	2	2	1	1	0	20
chr10	68987319	68991267	1	1	1	1	0	26
chr10	69125556	69125650	2	2	1	1	0	17
chr10	71069283	71070694	2	2	1	1	0	5
chr10	71071444	71072745	2	2	1	1	0	39
chr10	75264177	75265795	1	1	1	1	0	41
chr10	75368204	75371094	1	1	1	1	0	4
chr10	75581232	75582321	2	2	1	1	0	39
chr10	75607341	75608571	2	2	1	2	0	36
chr10	75695378	75695520	2	2	1	5	1	33
chr10	75695378	75695596	2	2	1	1	1	38
chr10	75772266	75773441	2	4	1	2	0	43
chr10	75772280	75773140	1	1	1	1	0	19
chr10	75773234	75773452	2	4	1	1	0	12
chr10	75773289	75773408	1	1	1	51	0	45
chr10	76239709	76240255	2	2	1	1	0	29
chr10	76891662	76893202	2	2	1	1	0	33
chr10	76893236	76894532	2	2	1	1	0	16
chr10	76906885	76907144	2	2	1	3	0	11
chr10	76907181	76907437	2	2	1	3	0	36
chr10	76916699	76916982	2	2	1	1	0	9
chr10	76917060	76921100	2	2	1	1	0	32
chr10	77433823	77434468	2	4	1	1	0	38
chr10	77442176	77445645	1	1	1	2	0	17
chr10	77823832	77824720	1	1	1	1	0	33
chr10	78109610	78109905	2	2	1	5	0	41
chr10	78237801	78238258	2	2	1	4	0	20
chr10	78238279	78238443	2	2	1	3	0	20
chr10	79521202	79523682	1	1	1	1	0	17
chr10	79545975	79546093	1	1	1	1	0	35
chr10	79546237	79546471	1	1	1	1	0	6
chr10	79546504	79546673	1	1	1	1	0	32
chr10	79546755	79547089	1	1	1	2	0	3
chr10	79547115	79547327	1	1	1	2	0	25
chr10	79547372	79547726	1	3	1	2	0	20
chr10	79572118	79572200	2	2	1	2	0	25
chr10	79695790	79695950	1	1	1	1	0	20
chr10	79802105	79802178	1	1	1	1	0	39
chr10	79813098	79813670	1	3	1	1	0	20
chr10	79890954	79891756	1	1	1	0	1	12
chr10	79963935	79965738	1	1	1	1	0	32
chr10	79981293	79981509	2	4	1	1	0	27
chr10	80088992	80089493	1	1	1	1	0	13
chr10	80091847	80092469	1	1	1	2	0	42
chr10	80120384	80121083	1	1	1	1	0	12
chr10	80129711	80129800	1	1	1	21	0	41
chr10	80169969	80170943	1	1	1	1	0	25
chr10	80238990	80239969	2	2	1	31	6	44
chr10	80419603	80420000	1	1	1	1	0	35
chr10	80475498	80475601	1	1	1	1	0	34
chr10	80548042	80548429	2	2	1	3	0	17
chr10	80550157	80550941	2	4	1	2	0	5
chr10	80551014	80551704	2	2	1	2	0	14
chr10	80664631	80664704	1	1	1	3	0	5
chr10	80736385	80736457	2	2	1	2	0	32
chr10	80924451	80925140	2	2	1	11	0	44
chr10	80925279	80925910	2	2	1	2	0	39
chr10	80955216	80955323	1	1	1	1	0	11
chr10	81013714	81013886	1	1	1	1	0	22
chr10	81015094	81015179	1	1	1	1	0	23
chr10	81015286	81015377	1	1	1	2	0	3
chr10	81016992	81017061	1	1	1	1	0	8
chr10	81017245	81017326	1	1	1	1	0	12
chr10	81017432	81018257	1	3	1	1	0	44
chr10	81108794	81108882	1	1	1	1	0	29
chr10	81109224	81109482	2	2	1	1	0	6
chr10	81109530	81109636	2	2	1	1	0	39
chr10	81184451	81184719	2	2	1	2	0	23
chr10	81223278	81224044	1	1	1	2	0	41
chr10	81236906	81239185	2	2	1	3	0	31
chr10	82204793	82236587	1	1	1	1	0	41
chr10	82590930	82592535	2	2	1	1	0	33
chr10	83427048	83427552	1	1	1	1	0	44
chr10	83446931	83447006	2	2	1	1	0	10
chr10	83447064	83447313	2	2	1	1	0	25
chr10	84950329	84950448	1	1	1	1	0	45
chr10	86526993	86527492	2	2	1	7	0	44
chr10	86527613	86528003	2	2	1	2	0	32
chr10	86528160	86528249	2	2	1	1	0	38
chr10	86528329	86529240	2	2	1	2	0	14
chr10	86530484	86531340	2	2	1	1	0	13
chr10	86532700	86534182	2	2	1	1	0	29
chr10	86534303	86534447	2	2	1	24	0	43
chr10	86534560	86537560	2	2	1	6	0	36
chr10	86539466	86540157	2	2	1	1	0	30
chr10	86540261	86541170	2	2	1	4	0	40
chr10	87412076	87414121	1	1	1	1	0	17
chr10	87749663	87766536	1	1	1	2	0	18
chr10	87751212	87766536	1	1	1	3	0	39
chr10	87751250	87766536	1	1	1	1	0	18
chr10	88308847	88311194	2	4	1	3	0	12
chr10	88308847	88311287	2	2	1	4	0	33
chr10	88311399	88312209	2	2	1	1	0	30
chr10	88571842	88572952	1	1	1	2	0	42
chr10	88627039	88627545	2	2	1	1	0	16
chr10	89290811	89292392	2	2	1	1	0	16
chr10	89316490	89319245	2	2	1	1	0	34
chr10	89477973	89481323	2	2	1	3	0	16
chr10	90985621	90987570	2	2	1	1	0	43
chr10	92555492	92558184	2	2	1	2	0	21
chr10	93328441	93330472	1	1	1	2	0	42
chr10	93330613	93332444	1	1	1	1	0	13
chr10	93334717	93334817	1	1	1	1	0	15
chr10	93334877	93336478	1	1	1	5	0	22
chr10	93361869	93363054	2	2	1	1	0	33
chr10	93419393	93419891	2	2	1	6	0	33
chr10	93419957	93423859	2	2	1	2	1	42
chr10	93698896	93701268	2	2	1	2	0	19
chr10	93716001	93722855	2	2	1	5	0	13
chr10	93722961	93725399	2	2	1	2	0	30
chr10	93722964	93725399	2	2	1	3	0	34
chr10	94034993	94035811	1	1	1	3	0	38
chr10	94039238	94056542	1	1	1	0	1	22
chr10	94634010	94635132	2	2	1	1	0	7
chr10	95316840	95326107	2	2	1	3	0	35
chr10	95385726	95387310	2	2	1	2	0	34
chr10	95387356	95388347	2	2	1	2	0	13
chr10	95832955	95838748	1	1	1	2	0	34
chr10	95862034	95862418	1	1	1	1	0	32
chr10	95862750	95862913	1	1	1	2	0	19
chr10	97330977	97342354	1	1	1	1	0	30
chr10	97349600	97353322	1	1	1	1	0	34
chr10	98804987	98815565	1	1	1	2	0	21
chr10	98823229	98826923	1	1	1	3	0	46
chr10	98827065	98829728	1	1	1	2	0	28
chr10	100395554	100397101	1	1	1	1	0	15
chr10	100404772	100407924	1	1	1	1	0	12
chr10	105601153	105601824	2	2	1	1	0	38
chr10	105681311	105682877	1	1	1	4	0	12
chr10	108089357	108095616	1	1	1	2	0	32
chr10	108095708	108096696	1	1	1	2	0	25
chr10	108227594	108245323	1	1	1	1	0	9
chr10	111040702	111060532	1	1	1	1	0	28
chr10	111060570	111069413	1	1	1	1	0	27
chr10	111326031	111326237	1	1	1	1	0	17
chr10	115054560	115055056	2	2	1	1	0	11
chr10	115057591	115065029	2	2	1	1	0	24
chr10	115680041	115685247	1	1	1	1	0	9
chr10	116208882	116216736	1	1	1	1	0	37
chr10	116216858	116219757	1	1	1	3	0	30
chr10	116887182	116888920	2	2	1	1	0	16
chr10	117053205	117053333	2	2	1	1	0	35
chr10	120064109	120067107	1	1	1	0	1	8
chr10	126880739	126880894	1	1	1	4	0	41
chr10	126880997	126881147	1	1	1	1	0	37
chr10	126933991	126934209	2	2	1	3	0	46
chr10	126935861	126935953	2	2	1	1	0	33
chr10	127008446	127009143	2	2	1	4	0	19
chr10	127236063	127280144	1	1	1	1	0	39
chr10	127353533	127353688	1	3	1	1	0	29
chr10	127354250	127354339	2	2	1	1	0	5
chr10	127374158	127374623	2	2	1	1	0	34
chr10	127380557	127381403	2	2	1	1	0	24
chr10	127723541	127724169	2	2	1	1	0	38
chr10	127882676	127883526	1	1	1	1	0	32
chr10	127883997	127884113	1	1	1	4	0	23
chr10	127884237	127884361	1	1	1	14	0	37
chr10	127925028	127925887	1	1	1	3	0	18
chr10	127954525	127954823	1	1	1	3	0	43
chr10	127969237	127969509	2	2	1	3	0	30
chr10	127969595	127969996	2	2	1	1	0	18
chr10	128037239	128037427	1	1	1	1	0	14
chr10	128037487	128039691	1	1	1	1	0	19
chr10	128041134	128042740	1	1	1	1	0	12
chr10	128105869	128105946	1	1	1	1	0	39
chr10	128150186	128150316	1	1	1	1	0	20
chr10	128162543	128162886	1	1	1	9	0	45
chr10	128304740	128304874	1	1	1	1	0	36
chr10	128319525	128319947	1	1	1	4	0	21
chr10	128326903	128327927	2	2	1	0	19	43
chr10	128328006	128328097	2	2	1	1	0	21
chr10	128395227	128395306	2	2	1	1	0	46
chr10	128460506	128461075	2	2	1	74	0	45
chr10	128513178	128513719	1	1	1	0	1	35
chr10	128689121	128708289	1	1	1	0	1	38
chr10	128748171	128748306	1	1	1	1	0	29
chr10	128748391	128748543	1	1	1	0	2	33
chr10	128755977	128756427	2	2	1	5	0	45
chr11	3074125	3075787	1	1	1	1	0	10
chr11	3925815	3926034	1	1	1	3	0	34
chr11	4041569	4044481	1	3	1	1	0	27
chr11	4047152	4047291	2	2	1	2	0	19
chr11	4047175	4047291	2	2	1	1	0	42
chr11	4048436	4053387	2	2	1	1	0	4
chr11	4053558	4053673	2	2	1	1	0	15
chr11	4652221	4654156	2	2	1	1	0	26
chr11	5022942	5028472	2	2	1	2	0	23
chr11	6369286	6369477	1	1	1	1	0	30
chr11	6378433	6379095	2	2	1	1	0	41
chr11	6565767	6566557	2	2	1	1	0	21
chr11	11772294	11774848	2	2	1	1	0	20
chr11	11774869	11779101	2	2	1	1	0	20
chr11	11814513	11814893	2	2	1	1	0	45
chr11	16451808	16454735	2	2	1	0	34	46
chr11	16454839	16456372	2	2	1	0	21	42
chr11	16456473	16458103	2	2	1	1	1	30
chr11	16819361	16820975	1	1	1	1	0	25
chr11	16821093	16821582	1	1	1	3	0	40
chr11	16821710	16821801	1	1	1	2	0	9
chr11	16822937	16824959	1	1	1	2	0	37
chr11	16828260	16831463	1	1	1	1	0	45
chr11	16831555	16833455	1	1	1	1	0	13
chr11	16833614	16837140	1	1	1	1	0	18
chr11	16840055	16841177	1	1	1	1	0	37
chr11	16854461	16855347	1	1	1	1	0	29
chr11	20022589	20027187	2	2	1	1	0	12
chr11	21241160	21242023	1	1	1	2	0	16
chr11	21272130	21273198	2	2	1	1	0	26
chr11	21304407	21320186	2	2	1	4	0	27
chr11	21304407	21321014	2	2	1	1	0	24
chr11	21508552	21509191	2	2	1	1	0	7
chr11	22952931	22953136	1	1	1	1	0	45
chr11	23217764	23221132	1	1	1	1	0	5
chr11	23270749	23283438	1	1	1	2	0	22
chr11	23313189	23313790	1	1	1	1	0	3
chr11	23382697	23383179	1	1	1	1	0	11
chr11	23526823	23531595	2	2	1	1	0	10
chr11	23538735	23539950	2	2	1	2	0	33
chr11	23539984	23543425	2	2	1	2	0	6
chr11	26419769	26420876	1	1	1	1	0	27
chr11	26420949	26421324	1	1	1	1	0	33
chr11	29159487	29161115	1	1	1	1	0	43
chr11	29463677	29464431	2	2	1	1	0	22
chr11	29490273	29490608	1	1	1	1	0	45
chr11	29492510	29494269	1	1	1	1	0	44
chr11	29496030	29496290	2	2	1	18	0	41
chr11	29496423	29496702	2	2	1	2	0	33
chr11	30059153	30059870	2	2	1	1	0	35
chr11	30060923	30062826	2	2	1	2	0	16
chr11	30063995	30064675	2	2	1	2	0	24
chr11	30089463	30090470	2	2	1	2	0	27
chr11	30763753	30765227	1	1	1	1	0	13
chr11	30765293	30765557	1	1	1	1	0	14
chr11	30791623	30791990	1	1	1	1	0	11
chr11	30793589	30795179	1	1	1	1	0	44
chr11	30815590	30824117	1	1	1	3	0	28
chr11	30898209	30898299	2	2	1	1	0	27
chr11	30900624	30900740	2	2	1	2	0	19
chr11	30900819	30901306	2	2	1	3	0	17
chr11	32233802	32233923	1	1	1	0	1	37
chr11	32234129	32234262	1	1	1	0	4	39
chr11	32246619	32246740	1	1	1	0	1	37
chr11	32246946	32247079	1	1	1	0	4	39
chr11	33107049	33109933	2	2	1	5	0	29
chr11	33109996	33110333	2	2	1	4	0	20
chr11	33110441	33110827	2	2	1	1	0	22
chr11	35706572	35707463	2	2	1	1	0	36
chr11	35707574	35708176	2	2	1	1	0	13
chr11	35724134	35725263	2	2	1	1	0	5
chr11	40575662	40576053	2	2	1	2	0	24
chr11	40641887	40642087	2	2	1	1	0	13
chr11	43311236	43311933	2	2	1	7	0	40
chr11	43330145	43331437	1	1	1	2	0	14
chr11	43331507	43332047	1	1	1	2	0	9
chr11	45720598	45720756	2	2	1	0	1	27
chr11	45777367	45778212	1	1	1	1	0	31
chr11	45781627	45784697	1	1	1	1	0	41
chr11	46561846	46567136	2	2	1	1	0	23
chr11	46567174	46568032	2	2	1	4	0	37
chr11	48695124	48696371	1	1	1	6	0	41
chr11	48696483	48696806	1	1	1	43	0	43
chr11	49986808	49990072	1	1	1	1	0	7
chr11	49990167	49992697	1	1	1	1	0	21
chr11	49990167	49995375	1	1	1	1	0	12
chr11	50093862	50096849	2	2	1	1	0	7
chr11	50188222	50188943	2	2	1	4	0	36
chr11	50198490	50199136	2	2	1	1	0	17
chr11	50199219	50199614	2	2	1	1	0	40
chr11	50270792	50272285	1	1	1	1	0	16
chr11	50767583	50768104	1	1	1	1	0	35
chr11	51492306	51492576	2	2	1	1	0	39
chr11	51496457	51497166	2	2	1	1	0	3
chr11	53152643	53153090	2	2	1	1	0	9
chr11	53153827	53155860	2	2	1	1	0	19
chr11	53155969	53156750	2	2	1	1	0	27
chr11	53157946	53159316	2	2	1	3	0	24
chr11	53319978	53321362	2	2	1	28	0	43
chr11	53319978	53321481	2	4	1	1	0	34
chr11	53475273	53477661	1	1	1	2	0	5
chr11	53489659	53491837	1	1	1	1	0	38
chr11	53565823	53566728	2	2	1	2	0	37
chr11	54808752	54809431	2	2	1	1	0	17
chr11	55286440	55286626	2	2	1	2	0	21
chr11	55337611	55341282	2	2	1	6	0	43
chr11	55337611	55345706	2	2	1	1	0	46
chr11	55382881	55384273	1	1	1	1	0	13
chr11	57931582	57932303	1	1	1	2	0	45
chr11	57949404	57950119	1	3	1	3	0	41
chr11	58004921	58006090	1	1	1	1	0	23
chr11	58210781	58213425	2	2	1	1	0	8
chr11	59099500	59099645	1	1	1	1	0	12
chr11	59100027	59100133	1	1	1	1	0	3
chr11	59100220	59100798	1	1	1	1	0	15
chr11	59861702	59862009	2	2	1	1	0	19
chr11	59865006	59867664	2	2	1	2	0	20
chr11	60692415	60692741	2	2	1	2	0	19
chr11	61235355	61239484	2	2	1	1	0	40
chr11	61750622	61750791	1	3	1	1	0	16
chr11	62208857	62210191	2	2	1	1	0	14
chr11	62275669	62280516	2	2	1	8	0	43
chr11	62280619	62281804	2	2	1	5	0	36
chr11	62281860	62283330	2	2	1	4	0	43
chr11	62289264	62292026	2	2	1	1	0	39
chr11	62495293	62495480	1	1	1	1	0	4
chr11	65610430	65626017	2	2	1	3	0	20
chr11	67102066	67102154	1	1	1	2	0	25
chr11	67112252	67112338	1	1	1	1	0	9
chr11	67146783	67147012	1	1	1	1	0	26
chr11	67550935	67552876	1	1	1	1	0	45
chr11	68793269	68794004	1	1	1	1	0	7
chr11	68794146	68795190	1	1	1	13	20	44
chr11	69254970	69255517	2	2	1	7	0	40
chr11	69287187	69287345	1	1	1	4	0	24
chr11	69480077	69480398	1	1	1	1	0	19
chr11	69730095	69730191	1	1	1	3	0	41
chr11	69805260	69805577	1	1	1	1	0	7
chr11	69807594	69808059	0	0	1	3	0	32
chr11	69808328	69808422	2	2	1	1	0	9
chr11	69880393	69880802	1	1	1	1	0	5
chr11	69901263	69901350	2	2	1	1	0	42
chr11	69902273	69902361	2	2	1	2	0	43
chr11	69948197	69948312	1	1	1	2	0	28
chr11	70418150	70418262	1	1	1	4	0	45
chr11	70535748	70535864	2	2	1	1	0	7
chr11	70538936	70540046	1	1	1	1	0	12
chr11	70553099	70553188	1	1	1	2	0	43
chr11	70795610	70799211	1	1	1	2	0	42
chr11	70834149	70834704	2	2	1	1	0	19
chr11	70865867	70868483	1	1	1	1	0	15
chr11	72098595	72099078	1	1	1	2	0	10
chr11	74568569	74570283	2	2	1	5	0	36
chr11	74580010	74581035	2	2	1	1	0	25
chr11	74581111	74581351	2	2	1	2	0	37
chr11	74581437	74590136	2	2	1	2	0	36
chr11	74792993	74794645	1	1	1	1	0	7
chr11	75328382	75328863	2	2	1	1	0	31
chr11	75383209	75383322	1	1	1	1	0	26
chr11	75623918	75642706	1	1	1	2	0	30
chr11	76945827	76967479	2	2	1	2	0	37
chr11	77774138	77774604	2	2	1	1	0	37
chr11	78071824	78071979	2	2	1	58	1	46
chr11	78072050	78072242	2	2	1	45	1	45
chr11	78123408	78123500	2	2	1	1	0	7
chr11	78391088	78391254	1	1	1	1	0	18
chr11	78391412	78391520	1	1	1	5	0	42
chr11	78391674	78392399	1	1	1	2	0	38
chr11	78392629	78393124	1	1	1	1	0	22
chr11	78392751	78392963	1	1	1	71	1	46
chr11	78431825	78432186	1	1	1	5	0	24
chr11	78856913	78857702	2	2	1	1	0	41
chr11	79913096	79915735	1	1	1	1	0	29
chr11	79999464	80000189	1	1	1	2	0	4
chr11	80118159	80124207	1	1	1	1	0	19
chr11	80282819	80285111	1	1	1	1	0	42
chr11	80353498	80355839	1	1	1	1	0	22
chr11	80355903	80360627	1	1	1	1	0	7
chr11	80361504	80362277	1	1	1	1	0	3
chr11	80362421	80362535	1	1	1	4	0	16
chr11	82610261	82610760	2	2	1	2	0	17
chr11	83182924	83185340	1	1	1	1	0	13
chr11	83193664	83199040	1	1	1	1	0	42
chr11	83390009	83391940	1	1	1	1	0	8
chr11	83395931	83397243	1	1	1	1	0	28
chr11	83637950	83640058	1	1	1	6	0	28
chr11	83640160	83643319	1	1	1	67	0	45
chr11	83651827	83655711	1	1	1	1	0	39
chr11	83846266	83846797	1	1	1	1	0	43
chr11	83846874	83848291	1	1	1	2	0	31
chr11	83848364	83850272	1	1	1	1	0	46
chr11	84313846	84333391	2	2	1	2	1	41
chr11	84727340	84727424	2	2	1	10	0	39
chr11	84727551	84728666	2	2	1	4	0	25
chr11	85087083	85088891	2	2	1	1	0	15
chr11	86103628	86103716	2	2	1	2	0	37
chr11	86392281	86404372	2	2	1	1	0	40
chr11	86526133	86534323	2	2	1	1	0	19
chr11	86595634	86595713	2	2	1	2	0	13
chr11	87018321	87020541	1	1	1	1	0	41
chr11	87633938	87634071	1	1	1	1	0	40
chr11	88901800	88904301	1	1	1	1	0	44
chr11	93750895	93751619	2	2	1	1	0	14
chr11	93840873	93842725	2	2	1	2	1	40
chr11	93842839	93843625	2	2	1	1	0	26
chr11	93887400	93904448	1	1	1	1	0	36
chr11	93982720	93983163	1	1	1	1	0	35
chr11	93991014	93992916	1	1	1	2	0	24
chr11	94186907	94187709	2	2	1	1	0	18
chr11	94187994	94188584	2	2	1	2	0	35
chr11	94188747	94190781	2	2	1	1	0	10
chr11	94450431	94452065	2	2	1	1	0	40
chr11	94453745	94460135	2	2	1	1	0	9
chr11	94920833	94922661	2	2	1	1	0	6
chr11	95566513	95568876	1	1	1	0	2	9
chr11	95570623	95570718	0	0	1	0	3	33
chr11	95964045	95964348	2	2	1	3	0	22
chr11	96680180	96691596	1	1	1	1	0	9
chr11	96924326	96924491	1	1	1	2	0	10
chr11	97602106	97603262	1	1	1	4	1	27
chr11	97603358	97604218	1	1	1	13	0	39
chr11	97647047	97648398	2	2	1	1	0	3
chr11	97668991	97669090	2	2	1	65	0	44
chr11	97669205	97672159	2	2	1	6	1	42
chr11	97920712	97921096	1	1	1	5	0	32
chr11	98581480	98581741	1	1	1	1	0	33
chr11	98687431	98689965	1	1	1	1	0	14
chr11	98932672	98939051	1	1	1	3	0	36
chr11	98939198	98939919	1	1	1	2	0	26
chr11	98940055	98942270	1	1	1	1	0	13
chr11	100211656	100211773	1	1	1	1	0	5
chr11	100211876	100212142	1	1	1	4	0	26
chr11	100410632	100411116	2	2	1	1	0	11
chr11	100784812	100784989	2	2	1	1	0	15
chr11	101053699	101055501	1	3	1	1	0	45
chr11	101147780	101148726	1	1	1	1	0	13
chr11	101185991	101186120	2	2	1	1	0	32
chr11	101297851	101298956	2	2	1	2	0	15
chr11	101333632	101334326	1	1	1	1	0	37
chr11	101334497	101336045	1	1	1	0	1	18
chr11	101336157	101336264	1	1	1	34	0	45
chr11	102086695	102086777	2	2	1	5	0	35
chr11	102091360	102092058	2	4	1	1	0	17
chr11	102199636	102199719	2	2	1	1	0	46
chr11	102294967	102295277	2	2	1	1	0	11
chr11	105962821	105963356	1	1	1	1	0	17
chr11	106093320	106093553	2	2	1	1	0	30
chr11	106093613	106094363	2	2	1	1	0	3
chr11	106101289	106102498	2	2	1	1	0	33
chr11	106102607	106103906	2	2	1	1	0	40
chr11	106153518	106153622	1	1	1	1	0	30
chr11	106153710	106153834	1	1	1	9	0	40
chr11	106155382	106155497	2	2	1	1	0	18
chr11	106402938	106404412	2	2	1	1	0	23
chr11	106659298	106663477	2	2	1	2	0	27
chr11	106675351	106675705	2	2	1	1	0	44
chr11	106675879	106675961	2	2	1	1	0	28
chr11	106676123	106676220	2	2	1	2	0	29
chr11	106721884	106724570	2	2	1	1	0	41
chr11	106732622	106736808	2	2	1	1	0	41
chr11	107039061	107085749	2	2	1	1	0	39
chr11	107379899	107382606	1	1	1	3	0	40
chr11	107384342	107385455	1	1	1	1	0	22
chr11	107504945	107509808	1	1	1	1	0	10
chr11	108295714	108298116	1	1	1	2	0	13
chr11	108298306	108299956	1	1	1	1	0	13
chr11	108300137	108302820	1	1	1	4	0	19
chr11	108303019	108305065	1	1	1	150	0	46
chr11	108902587	108902724	2	2	1	1	0	29
chr11	109541900	109544604	1	1	1	1	0	3
chr11	109836685	109837070	2	2	1	2	0	13
chr11	109837134	109837890	2	2	1	3	0	16
chr11	109848085	109852619	2	2	1	1	0	29
chr11	109920886	109921106	2	2	1	1	0	6
chr11	110022701	110025005	2	2	1	1	0	46
chr11	113583329	113585337	1	1	1	1	0	41
chr11	114559641	114559731	1	1	1	3	0	7
chr11	114559793	114562559	1	1	1	3	19	43
chr11	114562683	114563090	1	1	1	38	0	43
chr11	115068204	115069875	1	1	1	1	0	41
chr11	115069917	115070832	1	1	1	1	0	8
chr11	115306706	115306840	2	2	1	13	0	46
chr11	115306904	115307678	2	2	1	1	0	23
chr11	115914362	115914450	2	2	1	1	0	40
chr11	116072085	116072135	2	2	1	0	1	21
chr11	116072085	116072337	2	2	1	0	1	21
chr11	116072085	116072388	2	2	1	0	1	21
chr11	116072186	116072337	2	2	1	0	1	21
chr11	116072186	116072388	2	2	1	0	1	21
chr11	116072316	116072365	2	2	1	0	1	43
chr11	116072316	116072416	2	2	1	0	1	43
chr11	116089208	116089421	2	2	1	1	0	26
chr11	116180112	116180350	2	2	1	1	0	18
chr11	118083288	118084440	2	2	1	1	0	28
chr11	118153331	118153860	2	2	1	1	0	26
chr11	118154669	118155523	2	2	1	1	0	42
chr11	118170134	118170641	2	2	1	2	0	10
chr11	119179386	119179485	2	4	1	2	0	8
chr11	119240448	119240802	2	2	1	1	0	37
chr11	120428877	120428942	1	1	1	1	0	42
chr11	120451262	120451527	2	2	1	2	0	30
chr11	120453372	120453480	2	2	1	1	0	24
chr11	120454555	120454641	2	2	1	1	0	23
chr11	120454747	120458743	2	2	1	1	0	31
chr11	120502240	120502453	2	2	1	3	0	45
chr11	120600073	120600169	1	1	1	7	0	41
chr11	120616434	120616563	2	2	1	1	0	17
chr11	121232042	121240057	2	2	1	2	0	8
chr11	121394847	121395641	1	1	1	1	0	15
chr11	121500254	121500806	1	1	1	1	0	20
chr12	3299871	3302611	2	2	1	2	0	27
chr12	3303359	3306866	2	2	1	1	0	44
chr12	4944680	4952219	2	2	1	2	0	40
chr12	4952273	4957348	2	2	1	1	0	11
chr12	4993264	4994905	1	1	1	1	0	25
chr12	8033183	8033825	1	1	1	2	0	35
chr12	8039496	8040242	1	1	1	1	0	42
chr12	8040455	8040705	1	1	1	1	0	3
chr12	8041527	8042864	1	1	1	2	0	5
chr12	8051945	8052068	1	1	1	1	0	34
chr12	8052257	8053255	1	1	1	1	0	17
chr12	8055219	8055735	1	1	1	4	0	43
chr12	8063203	8063715	1	1	1	2	0	25
chr12	8064118	8065014	1	1	1	1	0	19
chr12	8984773	8984865	1	1	1	1	0	8
chr12	8986083	8986696	1	1	1	1	0	16
chr12	8986796	8988116	1	1	1	2	0	4
chr12	11330404	11332360	1	1	1	1	0	41
chr12	11348344	11349259	1	1	1	2	0	41
chr12	13269630	13270347	2	2	1	1	0	15
chr12	13294999	13295686	2	2	1	2	0	22
chr12	13295751	13296026	2	2	1	4	0	44
chr12	13296079	13299104	2	2	1	1	0	10
chr12	17007511	17008119	1	1	1	1	0	43
chr12	17016695	17018211	1	1	1	1	0	25
chr12	17021321	17022661	1	1	1	2	0	7
chr12	17324004	17324384	1	1	1	1	0	40
chr12	21218278	21235098	1	1	1	1	0	11
chr12	21235245	21249544	1	1	1	1	0	15
chr12	21363865	21364648	1	1	1	1	0	40
chr12	25045009	25047230	1	1	1	2	0	8
chr12	28681193	28681622	2	2	1	53	0	44
chr12	28681774	28683766	2	2	1	1	3	36
chr12	28683832	28684207	2	2	1	1	0	18
chr12	28684352	28685414	2	2	1	0	2	32
chr12	28878864	28897555	1	1	1	1	0	30
chr12	31384056	31384611	2	2	1	1	0	43
chr12	31390381	31390862	2	2	1	1	0	36
chr12	40787560	40795657	1	1	1	1	0	36
chr12	40827265	40829121	1	1	1	1	0	23
chr12	41750541	42001763	1	1	1	1	0	14
chr12	44354898	44358107	1	1	1	4	0	44
chr12	51461707	51462297	1	1	1	1	0	45
chr12	51492520	51494354	1	1	1	1	0	28
chr12	51494424	51496689	1	1	1	1	0	38
chr12	51814561	51815311	2	2	1	1	0	7
chr12	51841368	51841521	2	2	1	2	0	43
chr12	51844795	51845436	2	2	1	1	0	3
chr12	51845552	51847497	2	2	1	3	0	20
chr12	54814928	54817503	2	2	1	4	0	46
chr12	54814928	54830187	2	2	1	1	0	3
chr12	54967931	54969227	2	2	1	1	0	35
chr12	55001627	55021888	2	2	1	1	0	6
chr12	55136065	55136920	1	1	1	0	1	12
chr12	55137013	55138033	1	1	1	0	1	35
chr12	55138119	55142599	1	1	1	0	2	43
chr12	55211125	55211980	1	1	1	0	1	12
chr12	55212073	55213093	1	1	1	0	1	35
chr12	55213179	55217659	1	1	1	0	2	43
chr12	55286189	55287044	1	1	1	0	1	12
chr12	55287137	55288157	1	1	1	0	1	35
chr12	55288243	55292723	1	1	1	0	2	43
chr12	55459151	55461188	1	1	1	2	0	44
chr12	55536755	55537190	2	2	1	4	0	43
chr12	55537452	55537555	2	2	1	2	0	12
chr12	55809523	55817403	2	2	1	2	0	44
chr12	59148391	59151260	1	1	1	3	0	44
chr12	59151348	59154621	1	1	1	1	0	6
chr12	59182982	59184366	1	1	1	1	0	20
chr12	59184389	59184483	1	1	1	1	0	22
chr12	59184573	59191484	1	1	1	1	0	25
chr12	59193744	59194637	1	1	1	3	0	35
chr12	59206424	59206961	1	1	1	1	0	44
chr12	59207053	59209666	1	1	1	4	0	26
chr12	59215822	59217043	1	1	1	1	0	28
chr12	59217105	59217742	1	1	1	1	0	3
chr12	59217779	59219310	1	1	1	1	0	22
chr12	65039415	65042279	1	1	1	1	0	14
chr12	65104688	65106644	1	1	1	1	0	33
chr12	65112579	65113415	2	2	1	1	0	11
chr12	65115884	65116724	2	2	1	2	0	24
chr12	65116827	65120588	2	2	1	2	0	33
chr12	69204596	69205434	2	2	1	34	0	42
chr12	69205535	69205770	2	2	1	14	0	43
chr12	69356814	69356926	1	1	1	1	0	25
chr12	69363595	69364800	2	2	1	2	0	19
chr12	69367344	69368874	2	2	1	1	0	8
chr12	69387831	69388046	2	2	1	1	0	15
chr12	69387851	69388046	2	2	1	3	0	44
chr12	69628012	69629049	2	2	1	1	0	28
chr12	69700919	69700969	2	2	1	1	0	35
chr12	70061731	70064346	2	2	1	1	0	38
chr12	70237931	70240512	2	2	1	1	0	5
chr12	70241142	70242277	2	2	1	1	0	39
chr12	70247053	70248042	2	2	1	1	0	28
chr12	71033710	71035197	1	1	1	0	1	41
chr12	71037306	71039786	1	1	1	1	0	20
chr12	71039855	71040279	1	1	1	5	0	44
chr12	71040345	71041124	1	1	1	8	0	38
chr12	71083964	71084044	1	1	1	2	0	33
chr12	71108403	71109866	1	1	1	1	0	36
chr12	71119506	71121709	1	1	1	1	0	9
chr12	71220014	71222696	1	1	1	1	0	20
chr12	71569516	71580467	1	1	1	1	0	45
chr12	71993912	71994166	1	1	1	2	0	43
chr12	72141642	72146820	1	1	1	1	0	16
chr12	72652678	72652744	1	1	1	1	0	38
chr12	73214927	73217367	1	1	1	1	0	42
chr12	75506564	75509075	2	2	1	1	0	18
chr12	75977924	75980611	1	1	1	1	0	37
chr12	76335783	76336204	1	1	1	2	0	13
chr12	76340212	76340913	1	1	1	1	0	15
chr12	76341022	76341128	1	1	1	1	0	21
chr12	76361876	76364380	1	1	1	1	0	36
chr12	76364475	76366354	1	1	1	7	0	30
chr12	78890385	78891999	2	2	1	2	0	14
chr12	78894608	78895169	2	2	1	1	0	24
chr12	78924018	78926724	1	1	1	1	0	35
chr12	78928004	78930031	1	1	1	1	0	6
chr12	80994369	80994569	1	1	1	1	0	38
chr12	80994640	80995868	1	1	1	0	1	33
chr12	80995943	80996267	1	1	1	1	0	37
chr12	80996379	80996493	1	1	1	1	0	15
chr12	81527777	81531670	2	2	1	1	0	18
chr12	83695030	83698060	1	1	1	1	0	17
chr12	83700921	83701927	2	2	1	1	0	22
chr12	83706383	83707081	1	1	1	1	0	34
chr12	83707136	83707368	1	1	1	1	0	4
chr12	83707453	83710752	1	1	1	1	0	21
chr12	83715083	83715192	1	1	1	1	0	3
chr12	83715283	83718681	1	1	1	1	0	20
chr12	83718756	83719507	1	1	1	1	0	6
chr12	83719659	83721112	1	1	1	9	0	46
chr12	84419592	84420452	1	1	1	3	0	25
chr12	84483284	84483502	2	2	1	1	0	21
chr12	84488920	84490502	2	2	1	1	0	27
chr12	84490563	84497662	2	4	1	1	0	5
chr12	85029105	85029942	1	1	1	4	0	45
chr12	85080809	85087346	1	1	1	1	0	22
chr12	85091299	85095582	1	1	1	1	0	4
chr12	85096802	85097062	1	1	1	1	0	12
chr12	85104077	85107036	1	1	1	1	0	11
chr12	85158306	85162046	1	1	1	1	0	33
chr12	85162096	85165132	1	1	1	1	0	10
chr12	85372147	85374162	2	2	1	1	0	36
chr12	85404311	85404361	0	0	1	3	0	45
chr12	86892971	86893177	2	6	1	0	1	27
chr12	87315120	87316648	1	1	1	1	0	38
chr12	87320273	87320364	1	1	1	1	0	31
chr12	87496171	87496573	1	1	1	13	0	44
chr12	87500725	87502359	2	2	1	1	0	40
chr12	87506261	87507176	2	2	1	2	0	22
chr12	91542566	91553473	2	2	1	1	0	39
chr12	98730238	98740503	1	1	1	1	0	22
chr12	98946145	98948716	1	1	1	1	0	17
chr12	99175826	99185856	2	2	1	1	0	5
chr12	100079412	100081096	1	1	1	1	0	13
chr12	100087407	100089316	1	1	1	2	0	21
chr12	100116310	100117484	2	2	1	1	0	8
chr12	100169978	100171871	1	1	1	1	0	40
chr12	100171979	100172356	1	1	1	9	0	30
chr12	100172493	100172658	1	1	1	48	0	46
chr12	101022087	101024582	2	2	1	1	0	41
chr12	101889464	101892742	2	2	1	1	0	38
chr12	101934470	101935751	2	2	1	19	0	32
chr12	101935897	101941918	2	2	1	1	0	5
chr12	101956339	101963077	1	1	1	2	0	28
chr12	103583056	103593015	2	2	1	1	0	25
chr12	103613010	103620574	1	1	1	1	0	38
chr12	103694449	103698817	1	1	1	0	1	18
chr12	103694693	103695489	2	2	1	12	6	36
chr12	103695641	103696508	2	2	1	1	0	36
chr12	103698852	103704355	2	2	1	0	2	45
chr12	103730131	103730926	2	2	1	10	6	36
chr12	103730972	103732007	1	1	1	0	1	38
chr12	103731078	103731958	2	2	1	3	0	28
chr12	103784307	103785107	2	2	1	1	1	26
chr12	103786415	103787874	2	2	1	0	2	37
chr12	103819882	103824281	1	1	1	0	1	18
chr12	103819882	103865614	1	1	1	0	1	18
chr12	103819957	103861294	2	2	1	1	1	15
chr12	103820126	103820926	2	2	1	9	0	30
chr12	103821078	103821962	2	2	1	3	1	38
chr12	103822234	103823683	2	2	1	0	2	37
chr12	103824316	103829780	2	2	1	0	2	45
chr12	103861219	103865614	1	1	1	0	1	18
chr12	103861463	103862263	2	2	1	31	1	46
chr12	103862415	103863299	2	2	1	3	1	46
chr12	103863571	103865016	2	2	1	0	2	37
chr12	103865649	103871117	2	2	1	0	2	45
chr12	103913226	103915322	1	1	1	2	0	19
chr12	103913469	103914272	2	2	1	27	0	44
chr12	103913469	103915305	2	2	1	1	0	39
chr12	103914318	103915354	1	1	1	0	1	38
chr12	103914424	103915305	2	2	1	5	0	44
chr12	103915577	103917039	2	2	1	2	0	43
chr12	103917672	103923115	2	2	1	2	0	22
chr12	103997467	103998683	2	2	1	4	0	38
chr12	104307410	104309197	1	1	1	0	3	38
chr12	104309472	104310385	1	1	1	3	0	31
chr12	104310540	104311491	1	1	1	1	0	4
chr12	104355972	104357714	1	1	1	0	3	38
chr12	104743401	104746980	2	2	1	1	0	41
chr12	105775692	105775782	1	1	1	2	0	14
chr12	105801044	105803023	1	1	1	1	0	27
chr12	108760018	108772404	1	1	1	2	0	33
chr12	108860257	108863834	1	1	1	1	0	26
chr12	110632856	110632996	1	1	1	1	0	18
chr12	110659307	110659453	2	2	1	5	0	39
chr12	110659602	110659745	2	2	1	1	0	19
chr12	110660778	110661004	2	2	1	11	1	45
chr12	110661139	110661485	2	2	1	5	0	41
chr12	111066473	111068063	1	1	1	3	0	43
chr12	111506737	111506894	1	1	1	15	0	40
chr12	111507007	111508139	1	1	1	5	0	22
chr12	111594349	111594623	1	1	1	1	0	25
chr12	111927973	111928866	2	2	1	14	0	24
chr12	111928891	111929663	2	2	1	6	0	24
chr12	111929788	111933357	2	2	1	3	0	15
chr12	112604717	112606045	1	1	1	1	0	37
chr12	112606196	112607391	1	1	1	1	0	4
chr12	112948445	112949099	2	2	1	1	0	21
chr12	113117133	113117237	1	1	1	1	0	6
chr12	113117285	113117394	1	1	1	1	0	39
chr13	3588344	3598862	1	1	1	1	0	25
chr13	3607058	3609991	1	1	1	1	0	16
chr13	3612038	3614539	1	1	1	1	0	43
chr13	3614914	3614995	1	1	1	1	0	40
chr13	4244201	4244675	1	1	1	1	0	43
chr13	4247111	4247799	1	1	1	3	0	25
chr13	4253449	4255339	1	1	1	1	0	3
chr13	4318430	4320159	2	2	1	2	0	38
chr13	4486447	4488488	1	1	1	1	0	27
chr13	4488606	4496350	1	1	1	1	0	32
chr13	4497130	4498983	1	1	1	1	0	28
chr13	4499094	4499311	1	1	1	1	0	44
chr13	4499478	4504462	1	1	1	7	0	45
chr13	4504546	4507147	1	1	1	12	1	44
chr13	4537225	4540188	2	2	1	1	0	34
chr13	4657558	4659083	2	2	1	1	0	7
chr13	6619402	6620637	1	1	1	1	0	26
chr13	9028665	9029464	2	2	1	2	0	28
chr13	9029517	9029937	2	2	1	1	0	26
chr13	9035764	9037284	2	2	1	1	0	6
chr13	9739285	9739487	2	2	1	1	0	3
chr13	12425489	12426100	1	1	1	1	0	23
chr13	12453652	12455015	1	1	1	0	1	3
chr13	12581060	12589700	1	1	1	1	0	46
chr13	14307101	14310752	1	1	1	1	0	45
chr13	14319952	14328000	1	1	1	1	0	36
chr13	14328078	14329565	1	1	1	1	0	32
chr13	14794010	14795309	1	1	1	1	0	36
chr13	16189118	16191766	1	1	1	1	0	19
chr13	17901837	17902651	2	2	1	2	0	5
chr13	18057087	18063091	2	2	1	2	0	26
chr13	18205000	18205364	2	4	1	0	1	38
chr13	18994722	18995736	1	1	1	1	0	26
chr13	24023649	24026399	1	1	1	2	0	15
chr13	24030428	24030860	1	1	1	1	0	18
chr13	24042099	24042185	1	1	1	3	0	29
chr13	25002175	25004697	2	2	1	2	0	10
chr13	25177172	25177652	2	2	1	1	0	46
chr13	34014901	34151947	0	0	1	71	31	46
chr13	34102880	34106908	2	2	1	1	0	17
chr13	35059678	35067213	1	1	1	3	0	20
chr13	35070827	35072106	1	1	1	1	0	26
chr13	35162050	35162632	2	2	1	1	0	8
chr13	38401472	38404663	1	3	1	1	0	37
chr13	38405370	38410849	1	1	1	3	0	25
chr13	41161613	41161686	1	1	1	4	0	20
chr13	41343594	41345363	2	2	1	1	0	32
chr13	41389751	41390249	1	1	1	1	0	23
chr13	41918269	41920811	2	2	1	3	0	32
chr13	42209019	42276635	1	1	1	1	0	28
chr13	43552135	43552210	1	1	1	3	0	33
chr13	43552272	43552986	1	1	1	1	0	27
chr13	43553046	43554068	1	1	1	1	0	3
chr13	43555054	43555237	1	1	1	1	0	46
chr13	46840975	46842534	2	2	1	1	0	20
chr13	46932470	46934101	2	2	1	1	0	38
chr13	46934141	46938721	2	2	1	1	0	15
chr13	46964298	46966204	2	2	1	1	0	25
chr13	47178954	47180727	2	2	1	1	0	19
chr13	47180773	47182357	2	2	1	1	0	28
chr13	47251820	47252818	2	2	1	3	0	15
chr13	47253745	47255098	2	2	1	3	0	38
chr13	49348534	49349079	1	1	1	1	0	11
chr13	49536730	49538446	1	1	1	1	0	26
chr13	49810230	49812171	1	1	1	1	0	11
chr13	49818946	49820830	1	1	1	2	0	18
chr13	49820967	49823184	1	1	1	2	0	45
chr13	51819511	51824842	1	1	1	1	0	28
chr13	54732787	54732957	1	1	1	1	0	14
chr13	55188437	55198553	2	2	1	1	0	29
chr13	55361131	55361873	1	1	1	1	0	6
chr13	55381844	55386502	1	1	1	1	0	29
chr13	55566080	55566164	2	2	1	2	0	40
chr13	55568074	55568159	2	2	1	2	0	38
chr13	55568685	55568787	2	2	1	1	0	9
chr13	55787748	55793183	1	1	1	1	0	30
chr13	55795606	55798227	1	1	1	1	0	30
chr13	55817663	55818016	1	1	1	1	0	42
chr13	55862658	55865604	1	1	1	2	0	6
chr13	55880881	55888268	1	1	1	1	0	24
chr13	55923261	55924417	1	1	1	2	0	38
chr13	56222206	56230932	2	2	1	4	0	38
chr13	56244045	56252114	2	2	1	1	0	12
chr13	56694708	56696129	2	2	1	1	0	16
chr13	58346885	58363097	2	2	1	1	0	14
chr13	58407326	58411011	2	2	1	1	0	9
chr13	58529824	58530221	2	2	1	1	0	19
chr13	58548232	58550206	2	2	1	1	0	16
chr13	59773412	59775691	1	1	1	1	0	23
chr13	59778518	59780761	1	1	1	2	0	29
chr13	59920674	59929831	2	2	1	1	0	38
chr13	59926630	59926950	2	2	1	1	0	20
chr13	59927016	59929831	2	2	1	1	0	6
chr13	59930158	59932578	2	2	1	1	0	40
chr13	59962769	59963359	2	2	1	1	0	7
chr13	59964202	59964471	2	2	1	1	0	36
chr13	60867577	60867924	1	1	1	2	0	42
chr13	62154717	62273775	2	2	1	0	2	15
chr13	63012982	63015152	2	2	1	1	0	19
chr13	63020597	63022962	2	2	1	1	0	3
chr13	64268496	64270132	2	2	1	1	0	15
chr13	64270167	64276999	2	2	1	1	0	34
chr13	64332573	64333086	1	1	1	1	0	36
chr13	64512015	64513018	2	2	1	2	0	43
chr13	67048891	67049465	2	2	1	7	0	42
chr13	69742861	69743034	2	2	1	2	0	43
chr13	69775776	69777653	1	1	1	1	0	20
chr13	69777836	69778120	1	1	1	1	0	30
chr13	69786648	69807563	1	1	1	2	0	39
chr13	70763536	70765215	2	2	1	1	0	31
chr13	73468180	73468412	2	2	1	13	0	45
chr13	73468536	73475534	2	2	1	1	0	44
chr13	73753150	73754340	1	1	1	1	0	21
chr13	73763343	73764081	1	1	1	2	0	45
chr13	74471293	74471959	2	2	1	2	0	45
chr13	74475478	74476415	2	2	1	1	0	9
chr13	74476535	74479417	2	2	1	1	0	22
chr13	74479590	74480217	2	2	1	3	0	42
chr13	74555176	74555334	2	2	1	0	2	27
chr13	74814350	74814562	1	1	1	1	0	38
chr13	74872981	74873482	2	2	1	1	0	5
chr13	74873585	74875393	2	2	1	1	0	34
chr13	74876549	74879197	2	2	1	1	0	39
chr13	74879246	74880212	2	2	1	1	0	5
chr13	74883451	74884863	2	2	1	1	0	6
chr13	74894224	74894701	2	2	1	2	0	32
chr13	76254498	76256311	1	1	1	1	0	12
chr13	78060551	78060604	1	3	1	1	0	16
chr13	81038318	81038652	1	1	1	1	0	44
chr13	81835296	81837315	2	2	1	1	0	34
chr13	84427294	84427476	1	3	1	1	0	37
chr13	85360034	85360858	1	1	1	4	0	27
chr13	86193028	86193845	2	2	1	97	0	46
chr13	86193973	86194719	2	2	1	3	0	30
chr13	86193989	86194719	2	2	1	15	0	44
chr13	90149204	90210127	2	2	1	1	0	38
chr13	91071866	91072444	1	1	1	1	0	39
chr13	91072566	91072655	1	1	1	22	0	46
chr13	91920600	91920878	1	1	1	1	0	25
chr13	91920943	91922951	1	1	1	1	0	3
chr13	91932527	91932749	1	1	1	1	0	37
chr13	92386447	92393202	2	2	1	1	0	9
chr13	92393311	92400228	2	2	1	1	0	34
chr13	92630472	92631442	2	2	1	1	0	16
chr13	93284174	93285388	2	2	1	2	0	35
chr13	93322406	93322810	2	2	1	1	0	36
chr13	93571928	93575946	2	2	1	1	0	39
chr13	93579190	93589314	2	2	1	2	0	33
chr13	93754171	93756589	2	2	1	0	4	24
chr13	93761470	93761804	2	2	1	0	1	5
chr13	93761997	93763754	2	2	1	3	1	28
chr13	93763874	93769743	2	2	1	6	0	41
chr13	93769877	93773971	2	2	1	0	1	24
chr13	93803274	93805762	2	2	1	2	0	41
chr13	93854221	93857066	1	1	1	2	0	13
chr13	93880936	93888727	1	1	1	1	0	29
chr13	95768693	95771971	2	2	1	1	0	21
chr13	95807946	95809492	2	2	1	1	0	14
chr13	95867967	95869398	2	2	1	1	0	22
chr13	96655696	96678834	2	2	1	1	0	33
chr13	97270227	97271801	2	2	1	0	1	11
chr13	97272217	97274262	2	2	1	0	1	6
chr13	97313098	97313304	2	2	1	1	0	12
chr13	98900271	98901012	2	2	1	1	0	20
chr13	98901058	98912328	2	2	1	1	0	27
chr13	98926024	98926239	2	2	1	2	0	3
chr13	98985763	98986615	2	2	1	1	0	26
chr13	98986692	98989362	2	2	1	2	0	27
chr13	100261474	100263094	1	1	1	2	0	37
chr13	100264514	100264722	1	1	1	2	0	38
chr13	100759427	100760927	2	2	1	1	0	26
chr13	100767676	100769389	2	2	1	1	0	5
chr13	100769830	100769958	2	2	1	1	0	17
chr13	100872782	100875521	2	2	1	0	2	41
chr13	101823816	101824008	2	2	1	1	0	19
chr13	103881438	103885266	2	2	1	1	0	3
chr13	103885363	103888901	2	2	1	1	0	25
chr13	103975999	103977661	2	2	1	1	0	12
chr13	104198361	104205702	2	2	1	1	0	33
chr13	104970829	104973872	1	1	1	2	0	33
chr13	110534421	110534507	1	1	1	1	0	31
chr13	112639407	112640238	1	1	1	1	0	4
chr13	113069764	113072002	1	1	1	3	0	41
chr13	113072132	113076906	1	1	1	1	0	35
chr13	113101275	113101748	1	1	1	1	0	46
chr13	114425403	114444352	2	2	1	3	0	11
chr13	114444427	114453392	2	2	1	1	0	36
chr13	114961231	114961746	1	1	1	1	0	10
chr13	114961898	114962693	1	1	1	2	0	42
chr13	119614391	119615963	1	1	1	1	0	10
chr13	120162170	120162611	1	1	1	2	0	14
chr14	3050333	3050860	1	1	1	0	1	43
chr14	3050333	3051444	1	1	1	0	1	43
chr14	3050384	3050617	2	2	1	1	5	29
chr14	3050384	3050851	2	2	1	8	12	44
chr14	3050384	3051202	2	2	0	0	1	42
chr14	3050384	3051435	2	2	1	0	11	44
chr14	3050919	3051736	1	1	1	0	1	17
chr14	3050939	3051055	1	1	1	0	1	45
chr14	3050939	3051987	1	1	1	0	1	45
chr14	3050939	3052338	1	1	1	0	2	45
chr14	3051001	3053453	2	2	1	0	1	21
chr14	3051523	3052338	1	1	1	0	1	9
chr14	3052435	3053313	1	1	1	0	2	43
chr14	3052786	3053313	1	1	1	0	2	43
chr14	6041290	6044297	2	2	1	2	0	21
chr14	6063034	6069266	2	2	1	1	0	12
chr14	6069373	6069635	2	2	1	1	0	36
chr14	8114394	8114689	2	2	1	3	0	22
chr14	8357238	8357376	1	1	1	3	0	45
chr14	8515225	8516224	1	1	1	2	0	45
chr14	8882795	8910095	1	1	1	0	2	36
chr14	10232735	10243308	2	2	1	1	0	12
chr14	14414303	14419864	2	2	1	2	0	21
chr14	20559569	20565590	2	2	1	1	0	9
chr14	21473658	21497881	1	1	1	1	0	12
chr14	21888687	21890486	1	1	1	1	0	9
chr14	22878851	23106022	1	1	1	1	0	18
chr14	24542185	24543450	1	1	1	26	0	46
chr14	24543562	24543684	1	1	1	0	1	3
chr14	24543562	24544119	1	1	1	1	0	6
chr14	24543562	24545842	1	1	1	81	0	46
chr14	25888951	25889319	2	2	1	1	0	28
chr14	26181366	26183415	2	2	1	2	0	40
chr14	27220502	27220680	2	2	1	1	0	33
chr14	29692074	29693744	1	1	1	3	0	32
chr14	29695405	29696432	1	1	1	0	3	33
chr14	30282642	30287444	1	1	1	1	0	37
chr14	30532363	30533345	1	1	1	1	0	39
chr14	30617125	30617360	1	1	1	1	0	45
chr14	30618728	30619482	1	1	1	1	0	20
chr14	30619847	30619936	1	1	1	1	0	10
chr14	30622997	30623091	1	1	1	1	0	12
chr14	30623189	30623591	1	1	1	9	0	39
chr14	30630770	30631354	2	2	1	2	0	15
chr14	30631831	30633881	2	2	1	2	0	34
chr14	30651597	30651746	2	2	1	1	0	29
chr14	30653320	30654156	2	2	1	1	0	11
chr14	30758017	30760889	1	1	1	1	0	32
chr14	30789922	30796727	1	1	1	4	0	46
chr14	30828306	30829065	1	1	1	1	0	37
chr14	30846567	30850589	2	2	1	3	0	36
chr14	30861161	30861253	2	2	1	1	0	13
chr14	31330001	31332058	2	2	1	18	0	45
chr14	31902628	31911100	2	2	1	0	1	7
chr14	31915905	31920925	2	2	1	0	1	36
chr14	31931632	31932411	1	1	1	1	0	25
chr14	34033300	34041838	1	1	1	3	0	36
chr14	34041920	34043724	1	1	1	7	0	34
chr14	34058534	34060716	1	1	1	1	0	33
chr14	34060841	34061883	1	1	1	1	0	4
chr14	34061976	34064075	1	1	1	1	0	35
chr14	34396318	34398910	1	1	1	2	0	15
chr14	34399432	34413638	1	1	1	1	0	16
chr14	34417063	34444220	1	1	1	1	0	44
chr14	36620208	36622718	2	2	1	2	0	40
chr14	36622803	36630973	2	2	1	1	0	43
chr14	36663222	36690498	2	2	1	1	0	20
chr14	36855761	36857151	2	2	1	1	0	19
chr14	40724485	40725997	2	2	1	1	0	5
chr14	40827218	40827303	1	1	1	2	0	23
chr14	45567390	45568286	1	1	1	1	0	41
chr14	45720024	45741953	2	2	1	8	0	32
chr14	47933029	47938076	1	1	1	1	0	28
chr14	47952180	47957652	1	1	1	1	0	10
chr14	51153875	51154070	2	2	1	1	0	46
chr14	52145844	52146024	2	2	1	2	0	44
chr14	52315021	52318716	2	2	1	1	0	42
chr14	52414502	52414611	2	2	1	1	0	41
chr14	52414678	52415500	2	2	1	1	0	31
chr14	52415614	52415740	2	2	1	3	0	5
chr14	52415815	52416930	2	2	1	3	0	13
chr14	52418626	52418993	2	2	1	1	0	34
chr14	52419141	52419613	2	2	1	1	0	42
chr14	52524447	52524757	1	1	1	2	0	23
chr14	52551005	52551364	1	3	1	1	0	44
chr14	54664696	54666040	1	1	1	1	0	22
chr14	54666106	54667038	1	1	1	3	0	46
chr14	54881282	54881397	2	2	1	1	0	38
chr14	54883201	54883907	2	2	1	2	0	28
chr14	55134497	55134577	1	1	1	1	0	33
chr14	55134730	55135473	1	1	1	6	0	42
chr14	55229452	55229696	2	2	1	1	0	40
chr14	55260851	55261445	1	1	1	1	0	46
chr14	55801242	55801509	1	1	1	1	0	39
chr14	55816071	55817051	1	1	1	1	0	20
chr14	55817085	55817227	1	1	1	1	0	33
chr14	55818596	55818757	1	1	1	1	0	18
chr14	55825023	55825110	2	2	1	18	0	45
chr14	55825198	55825496	2	2	1	3	0	40
chr14	55825552	55825689	2	2	1	1	0	36
chr14	55866445	55866523	2	2	1	3	0	8
chr14	55901317	55909251	2	2	1	1	0	30
chr14	56914076	56916020	1	1	1	1	0	11
chr14	56996172	56999290	2	2	1	2	0	14
chr14	57031958	57034060	2	2	1	1	0	32
chr14	57181695	57183947	1	1	1	1	0	32
chr14	59829985	59834310	2	2	1	1	0	23
chr14	59834409	59835203	2	2	1	1	0	26
chr14	61112757	61140816	1	1	1	1	0	38
chr14	61608425	61610406	2	2	1	1	0	18
chr14	62931124	62933147	2	2	1	1	0	20
chr14	64964636	64965661	1	1	1	2	0	28
chr14	64995034	64995999	1	1	1	3	0	35
chr14	66093977	66094142	1	1	1	2	0	42
chr14	66209302	66210773	1	1	1	2	0	23
chr14	66210923	66212291	1	1	1	1	0	5
chr14	66218479	66218756	1	1	1	9	0	26
chr14	66224269	66237444	2	4	1	3	0	21
chr14	66237469	66240039	2	2	1	3	0	24
chr14	66322210	66322379	2	2	1	3	0	42
chr14	66322439	66322744	2	2	1	1	0	20
chr14	66324517	66325748	2	2	1	1	0	34
chr14	66325783	66326954	2	2	1	1	0	6
chr14	66327030	66330247	2	2	1	1	0	32
chr14	66339692	66341174	2	2	1	1	0	24
chr14	67225225	67226583	2	2	1	0	1	39
chr14	67226959	67231325	2	2	1	0	1	17
chr14	68024333	68027668	2	2	1	2	0	32
chr14	70728148	70728790	2	2	1	2	0	20
chr14	72804925	72806281	2	2	1	1	0	17
chr14	73416004	73419898	1	1	1	1	0	14
chr14	73600584	73601981	2	2	1	8	0	38
chr14	73602133	73603191	2	2	1	1	0	16
chr14	74982187	74982989	1	1	1	1	0	19
chr14	74983158	74987084	1	3	1	8	0	34
chr14	75479866	75493395	1	1	1	2	0	44
chr14	75498220	75502803	1	1	1	4	0	41
chr14	75502906	75505488	1	1	1	2	0	29
chr14	75505594	75508128	1	1	1	1	0	30
chr14	75547243	75553320	1	1	1	1	0	30
chr14	75562045	75564983	1	1	1	1	0	9
chr14	75567218	75567508	1	1	1	1	0	26
chr14	76083131	76083642	1	1	1	2	0	42
chr14	76083834	76084133	1	1	1	1	0	17
chr14	76084240	76084683	1	1	1	6	0	46
chr14	76084801	76085538	1	1	1	31	0	45
chr14	76742282	76742688	1	1	1	2	0	31
chr14	77305394	77306276	1	1	1	2	0	33
chr14	78063911	78077607	2	2	1	2	0	12
chr14	78077679	78081835	2	2	1	1	0	15
chr14	79580760	79582334	2	2	1	2	0	43
chr14	79804755	79806660	1	1	1	1	0	33
chr14	79840341	79840909	1	1	1	1	0	17
chr14	79840927	79844685	1	1	1	1	0	17
chr14	79844718	79846395	1	1	1	1	0	14
chr14	79847788	79857148	1	1	1	1	0	8
chr14	79862463	79866291	1	1	1	5	0	34
chr14	101903326	101903947	1	1	1	1	0	12
chr14	101932654	101933337	1	1	1	2	0	32
chr14	102715309	102731064	2	2	1	0	1	17
chr14	103380405	103380578	2	2	1	1	0	24
chr14	119210226	119212543	1	1	1	2	0	38
chr14	119212677	119214121	1	1	1	13	0	46
chr14	119214271	119215438	1	1	1	1	0	22
chr14	122419194	122548655	1	1	1	3	0	36
chr14	122927580	122929591	1	1	1	1	0	18
chr15	3304359	3305048	1	1	1	1	0	17
chr15	3306757	3308583	1	1	1	6	0	18
chr15	3357169	3357455	2	2	1	10	0	42
chr15	4764751	4769240	1	1	1	1	0	21
chr15	4769383	4784722	1	1	1	1	0	5
chr15	4784862	4789282	1	1	1	2	0	18
chr15	4820675	4822166	1	1	1	1	0	44
chr15	5146167	5146768	1	1	1	2	0	40
chr15	5146905	5147100	1	1	1	118	1	45
chr15	5147186	5148048	1	1	1	150	3	46
chr15	6519450	6520841	1	1	1	2	0	16
chr15	6521021	6526431	1	1	1	3	0	25
chr15	6521021	6527912	1	1	1	2	0	13
chr15	6526661	6527912	1	1	1	6	0	34
chr15	6684039	6684176	2	2	1	1	0	46
chr15	6684113	6684208	0	0	1	0	3	33
chr15	8184537	8186169	1	1	1	1	0	8
chr15	8388751	8390399	2	2	1	4	0	44
chr15	8390497	8391201	2	2	1	1	0	31
chr15	9335875	9338731	1	1	1	2	0	30
chr15	9338831	9351185	1	1	1	1	0	5
chr15	10314360	10317588	1	1	1	1	0	10
chr15	10326632	10345743	1	1	1	1	0	23
chr15	10461511	10461961	2	2	1	2	0	17
chr15	10571646	10572416	2	2	1	1	0	28
chr15	11388305	11388383	2	2	1	1	0	24
chr15	11392436	11392872	2	2	1	1	0	12
chr15	11984384	11986541	2	2	1	1	0	22
chr15	11986651	11991044	2	2	1	3	0	36
chr15	12153084	12154531	1	1	1	1	0	23
chr15	12154652	12156348	1	1	1	3	0	44
chr15	12889813	12890119	1	1	1	1	0	34
chr15	25776519	25778166	1	1	1	1	0	10
chr15	25778274	25779668	1	1	1	1	0	20
chr15	25966804	25968492	1	1	1	1	0	37
chr15	27752868	27753797	2	2	1	1	0	28
chr15	31591202	31592430	2	2	1	8	0	45
chr15	34083560	34099629	1	1	1	8	0	36
chr15	34121659	34123813	1	1	1	1	0	42
chr15	34123913	34131309	1	1	1	3	0	26
chr15	34131435	34134436	1	1	1	4	0	43
chr15	34134545	34136832	1	1	1	2	0	12
chr15	34136974	34139886	1	1	1	1	0	11
chr15	34440751	34441377	2	2	1	45	0	44
chr15	34441509	34442780	2	2	1	0	1	7
chr15	35932244	35935430	2	2	1	63	0	46
chr15	35935560	35937300	2	2	1	0	3	34
chr15	36175623	36176899	1	1	1	0	1	15
chr15	36596344	36596806	2	2	1	8	0	37
chr15	36596900	36597207	2	2	1	7	0	45
chr15	36601654	36603089	2	2	1	1	0	4
chr15	36775824	36776489	2	2	1	1	0	39
chr15	36776614	36790927	2	2	1	0	1	28
chr15	37001168	37002082	2	2	1	1	0	14
chr15	38499086	38500541	2	2	1	2	0	25
chr15	39008650	39010067	1	1	1	5	0	36
chr15	39648111	39656622	2	2	1	2	0	38
chr15	43113634	43114875	2	2	1	3	1	42
chr15	54702933	54707774	2	2	1	2	0	39
chr15	54726079	54727133	2	2	1	1	0	35
chr15	54745599	54746368	2	2	1	1	0	44
chr15	54987963	54988091	1	3	1	2	0	41
chr15	55201919	55205076	1	1	1	1	0	6
chr15	55397734	55402425	2	2	1	1	0	24
chr15	55402548	55403518	2	2	1	1	0	15
chr15	57743461	57746830	2	2	1	1	0	7
chr15	58772920	58776582	2	2	1	1	0	11
chr15	58809315	58811123	1	1	1	8	0	39
chr15	58842918	58844324	2	2	1	2	0	32
chr15	58844410	58926866	2	2	1	4	0	38
chr15	65723025	65724809	1	1	1	1	0	30
chr15	66487697	66494609	1	1	1	2	0	35
chr15	74829727	74830117	1	1	1	1	0	19
chr15	75762910	75762997	2	2	1	11	0	42
chr15	75763106	75763195	2	2	1	3	0	45
chr15	75767441	75767580	2	2	1	13	0	43
chr15	76072826	76072907	2	2	1	1	0	32
chr15	76180982	76181120	2	2	1	2	0	22
chr15	76336379	76336446	1	1	1	1	0	40
chr15	76479643	76479738	0	0	1	0	2	3
chr15	76479654	76479738	1	1	1	2	2	24
chr15	76480133	76480208	2	2	1	1	0	39
chr15	76480348	76480419	2	2	1	3	0	7
chr15	76506551	76506670	2	2	1	1	0	43
chr15	76583549	76583619	1	1	1	2	0	42
chr15	76588597	76588675	2	2	1	1	0	45
chr15	76790172	76790320	1	1	1	10	0	38
chr15	76968407	76969777	2	2	1	1	0	7
chr15	77274216	77276954	2	2	1	9	0	45
chr15	77651076	77651330	2	2	1	1	0	21
chr15	77843323	77843711	2	2	1	8	0	43
chr15	78324573	78324807	2	2	1	1	0	22
chr15	78349544	78352625	2	2	1	1	0	15
chr15	78814005	78814197	1	1	1	1	0	9
chr15	78822151	78824265	1	1	1	1	0	33
chr15	78977618	78978400	1	1	1	2	0	34
chr15	79035608	79035788	1	1	1	1	0	44
chr15	79422933	79423018	2	2	1	1	0	23
chr15	79428058	79430395	2	2	1	1	0	44
chr15	79545726	79549846	1	1	1	1	0	28
chr15	79556216	79556417	1	1	1	3	0	34
chr15	79962096	79962187	2	2	1	38	0	45
chr15	79962308	79962531	2	2	1	7	0	39
chr15	79962628	79962907	2	2	1	3	0	44
chr15	79963010	79963890	2	2	1	2	0	43
chr15	80145332	80145497	2	2	1	2	0	27
chr15	80643832	80668939	1	1	1	2	0	8
chr15	80669008	80742881	1	1	1	3	0	22
chr15	81259108	81261888	2	2	1	1	0	27
chr15	81272602	81273851	2	2	1	2	0	42
chr15	81276524	81283685	2	2	1	2	0	5
chr15	81355224	81358043	1	1	1	2	0	38
chr15	81358130	81359286	1	1	1	2	0	35
chr15	81504319	81505262	1	1	1	1	0	4
chr15	82232242	82233043	1	1	1	1	0	41
chr15	82234573	82235179	2	2	1	7	0	41
chr15	82255927	82256022	2	2	1	0	4	22
chr15	82287298	82287397	2	2	1	8	0	45
chr15	82287540	82287919	2	2	1	2	0	25
chr15	82288446	82288628	2	2	1	1	0	14
chr15	82288806	82289435	2	2	1	2	0	20
chr15	82339777	82339972	1	1	1	1	0	14
chr15	82340161	82340534	1	1	1	2	0	29
chr15	82340677	82340776	1	1	1	5	0	44
chr15	82342987	82343826	2	2	1	1	0	39
chr15	82524468	82524548	2	2	1	1	0	26
chr15	82573107	82575718	1	3	1	1	0	15
chr15	82644286	82644385	2	2	1	1	0	45
chr15	82674557	82674656	2	2	1	2	4	41
chr15	83002376	83003385	2	2	1	2	0	15
chr15	83037770	83037829	2	4	1	1	0	31
chr15	83037826	83044304	2	2	1	1	0	38
chr15	84086560	84086969	1	1	1	2	0	8
chr15	84095380	84098326	1	1	1	9	0	36
chr15	85346669	85347121	1	1	1	1	0	9
chr15	88601266	88613526	2	2	1	1	0	25
chr15	89007683	89007767	2	2	1	1	0	17
chr15	89043309	89043429	2	2	1	1	0	17
chr15	89262076	89262302	2	2	1	1	0	16
chr15	90818747	90819837	2	2	1	2	0	18
chr15	90856919	90864997	2	2	1	1	0	12
chr15	90879837	90881745	2	2	1	1	0	25
chr15	90881929	90882035	2	2	1	1	0	5
chr15	93284168	93285457	2	2	1	3	0	13
chr15	93285741	93288931	2	2	1	1	0	36
chr15	96329727	96330204	2	2	1	1	0	25
chr15	96330306	96332800	2	2	1	3	0	45
chr15	96896422	96897369	2	2	1	1	0	40
chr15	96906619	96906743	2	2	1	2	0	39
chr15	98635832	98683533	2	2	1	0	1	20
chr15	99303840	99304032	1	1	1	2	0	39
chr15	99304113	99304457	1	1	1	4	0	31
chr15	99304559	99305148	1	1	1	5	0	31
chr15	99305225	99306355	1	1	1	7	0	28
chr15	99624609	99625525	1	1	1	1	0	29
chr15	99753812	99818953	2	2	1	4	1	37
chr15	99885360	99888173	1	1	1	1	0	23
chr15	100572599	100573204	2	2	1	1	0	37
chr15	101939955	101940275	1	1	1	5	0	43
chr15	102002149	102003106	1	1	1	1	0	34
chr15	102003213	102003411	1	1	1	1	0	10
chr15	102234921	102235252	1	1	1	1	0	32
chr15	102235285	102236956	1	1	1	1	0	17
chr15	102237253	102239707	1	1	1	2	0	31
chr15	102245946	102246070	1	1	1	1	0	20
chr15	102571564	102573488	2	2	1	0	1	24
chr15	103148956	103149506	1	1	1	1	0	26
chr15	103154849	103154971	1	1	1	1	0	34
chr16	3858089	3858222	2	2	1	1	0	17
chr16	3872774	3873660	2	2	1	2	0	44
chr16	3909824	3910053	2	2	1	4	0	39
chr16	3932828	3933641	2	2	1	1	0	38
chr16	4434498	4434676	2	2	1	2	0	38
chr16	4583754	4583841	1	1	1	1	0	27
chr16	4825934	4826069	1	1	1	1	0	39
chr16	4854340	4854782	2	2	1	1	0	7
chr16	4854922	4865597	2	2	1	1	0	23
chr16	4866651	4867669	2	2	1	3	0	25
chr16	4873229	4879845	1	1	1	1	0	3
chr16	4880939	4881536	1	1	1	2	0	17
chr16	4890048	4890170	1	1	1	1	0	36
chr16	10089875	10094736	2	2	1	0	2	46
chr16	11014261	11014336	2	2	1	2	0	42
chr16	11040618	11041075	2	2	1	1	0	10
chr16	11053308	11055394	2	2	1	6	0	34
chr16	11055429	11056735	2	2	1	5	0	36
chr16	12943296	12944258	1	1	1	1	0	6
chr16	15633968	15634434	1	1	1	1	0	30
chr16	16087637	16090032	1	1	1	5	0	29
chr16	16701428	16702102	1	1	1	1	0	37
chr16	16906554	16906598	0	0	1	3	0	37
chr16	17098485	17098580	2	4	1	2	0	31
chr16	17245006	17246006	1	1	1	1	0	18
chr16	17897133	17897775	2	2	1	1	0	25
chr16	17898940	17899394	2	2	1	1	0	28
chr16	18058824	18059608	2	2	1	1	0	23
chr16	18059738	18063064	2	2	1	2	0	37
chr16	18226248	18226330	2	2	1	1	0	33
chr16	18645857	18646385	1	1	1	1	0	3
chr16	18646468	18652985	1	1	1	2	0	44
chr16	20098836	20101472	2	2	1	3	0	37
chr16	20324091	20324211	1	1	1	1	0	18
chr16	20361045	20361388	1	1	1	1	0	27
chr16	20478531	20478706	1	1	1	1	0	45
chr16	20500329	20500486	1	1	1	1	0	35
chr16	20500990	20501408	1	1	1	6	0	46
chr16	20502405	20502561	1	1	1	7	0	35
chr16	20507616	20507720	1	1	1	1	0	21
chr16	20511355	20511574	2	4	1	1	0	40
chr16	21857419	21859189	1	1	1	2	0	39
chr16	22713186	22713544	1	1	1	2	0	10
chr16	22714108	22715257	1	1	1	2	0	10
chr16	22715360	22716877	1	1	1	1	0	19
chr16	22715360	22717916	1	1	1	0	2	3
chr16	22716962	22717546	1	1	1	1	0	13
chr16	22717957	22718076	2	2	1	2	0	19
chr16	22748494	22750999	1	1	1	5	0	28
chr16	22758279	22758388	2	2	1	1	0	12
chr16	22776298	22777910	1	1	1	1	0	4
chr16	22778013	22779491	1	1	1	1	0	33
chr16	22804819	22806994	2	2	1	6	2	24
chr16	22819366	22822681	2	2	1	1	0	10
chr16	22879244	22880360	1	1	1	1	0	18
chr16	22886618	22887967	1	1	1	3	0	45
chr16	22888076	22892107	1	1	1	4	0	45
chr16	22892183	22900288	2	4	1	1	0	31
chr16	22892193	22893382	1	1	1	2	0	35
chr16	22893556	22896023	1	1	1	2	0	44
chr16	22896132	22896233	1	1	1	14	0	41
chr16	22896321	22897723	1	1	1	10	0	39
chr16	22897802	22900227	1	1	1	37	2	45
chr16	22929474	22929875	1	1	1	1	0	29
chr16	22932858	22932936	2	2	1	1	0	40
chr16	24796071	24797942	1	1	1	1	0	22
chr16	27254428	27255117	1	1	1	1	0	5
chr16	29427285	29429485	1	1	1	1	0	36
chr16	29439352	29439588	1	1	1	1	0	17
chr16	29447632	29448443	1	1	1	1	0	4
chr16	29449013	29467754	1	1	1	1	0	22
chr16	29467830	29470571	1	1	1	1	0	35
chr16	30928551	30929318	2	2	1	2	0	7
chr16	31079487	31080047	2	2	1	1	0	31
chr16	32104368	32107936	1	1	1	4	0	21
chr16	32711784	32715454	1	1	1	1	0	34
chr16	32877549	32877759	1	1	1	1	0	8
chr16	32877913	32879048	1	1	1	5	4	33
chr16	32878806	32879048	1	1	1	1	0	37
chr16	32879194	32880467	1	1	1	1	44	45
chr16	33071972	33084628	1	1	1	1	0	7
chr16	33848480	33849009	2	2	1	1	0	28
chr16	34759383	34773148	1	1	1	1	0	14
chr16	34792393	34797254	1	1	1	1	0	26
chr16	34896065	34920125	1	1	1	0	1	21
chr16	34922495	34926684	1	1	1	1	0	19
chr16	35217909	35218646	2	2	1	2	0	40
chr16	35258551	35269772	2	2	1	1	0	35
chr16	35768725	35773932	1	1	1	1	0	18
chr16	35910331	35912203	1	1	1	3	0	5
chr16	36707766	36707918	1	1	1	1	0	16
chr16	37437214	37439219	1	1	1	2	0	11
chr16	37442316	37444618	1	1	1	1	0	42
chr16	37468082	37469375	2	2	1	17	24	42
chr16	38167570	38169602	1	1	1	2	0	11
chr16	38169692	38172987	1	1	1	7	0	42
chr16	43183540	43283309	1	1	1	1	0	9
chr16	43283350	43390043	1	1	1	1	0	40
chr16	43390145	43397392	1	1	1	1	0	17
chr16	43833401	43849041	2	2	1	2	0	24
chr16	43978310	43979825	1	1	1	1	0	32
chr16	44019385	44020976	1	1	1	1	0	32
chr16	44033100	44035777	1	1	1	2	0	18
chr16	44564232	44565757	2	2	1	1	0	16
chr16	44992117	44995611	1	1	1	1	0	17
chr16	45227675	45229218	2	2	1	1	0	17
chr16	45796809	45800598	2	2	1	1	0	15
chr16	49718496	49727143	1	1	1	2	0	12
chr16	49727176	49731231	1	1	1	3	0	32
chr16	50040957	50043612	2	2	1	2	0	12
chr16	55786986	55787422	1	1	1	1	0	43
chr16	55787534	55789872	1	1	1	0	1	30
chr16	55790010	55790474	1	1	1	24	1	46
chr16	55790539	55791673	1	1	1	13	44	44
chr16	55842493	55844586	2	2	1	0	1	3
chr16	56953614	56955015	1	1	1	2	0	16
chr16	56955143	56957060	1	1	1	1	0	28
chr16	56957171	56958392	1	1	1	1	0	24
chr16	56977142	56980470	0	0	1	3	0	34
chr16	56977530	56977846	2	2	1	1	0	5
chr16	57211604	57247624	1	1	1	1	0	16
chr16	58493810	58494742	1	1	1	1	0	39
chr16	59370913	59372534	2	2	1	1	0	20
chr16	60933678	60941043	2	2	1	0	1	40
chr16	62627011	62632211	2	2	1	1	0	38
chr16	64673389	64675913	1	1	1	1	0	36
chr16	70325899	70357911	1	5	1	1	0	9
chr16	78133260	78156098	1	1	1	1	0	25
chr16	84515273	84517157	2	2	1	3	0	45
chr16	84517206	84520725	2	2	1	2	0	40
chr16	84624884	84625312	2	2	1	58	0	45
chr16	84625438	84628216	2	2	1	6	0	32
chr16	84654063	84654267	1	1	1	3	0	14
chr16	86567286	86595895	2	2	1	1	0	33
chr16	86571911	86595895	2	2	1	2	0	15
chr16	87267338	87268599	1	1	1	1	0	18
chr16	87268731	87268968	1	1	1	1	0	16
chr16	87271562	87272304	1	1	1	1	0	5
chr16	87272362	87273601	1	1	1	2	0	30
chr16	87279905	87279994	1	1	1	2	0	6
chr16	87280954	87281691	2	2	1	5	0	25
chr16	90017818	90019667	1	3	1	1	2	25
chr16	90019765	90021243	1	1	1	5	0	18
chr16	90021314	90022032	1	1	1	10	0	33
chr16	90022151	90023037	1	1	1	71	0	45
chr16	90047326	90048762	2	2	1	1	0	5
chr16	91185005	91188608	1	1	1	2	0	20
chr16	91448685	91451498	1	1	1	29	0	44
chr16	91468354	91472288	1	1	1	1	0	7
chr16	91722280	91722428	2	2	1	16	0	43
chr16	91722516	91723346	2	2	1	1	0	6
chr16	91722516	91725786	2	2	1	3	0	17
chr16	91723460	91723740	2	2	1	1	0	6
chr16	91725898	91727241	2	2	1	1	0	19
chr16	92107858	92109749	1	1	1	5	0	11
chr16	94165647	94166213	2	2	1	1	0	45
chr16	94227690	94228649	1	1	1	2	0	42
chr16	94240209	94243329	1	1	1	1	0	5
chr16	94249008	94251878	1	1	1	2	0	44
chr16	95781312	95783301	2	2	1	4	0	37
chr16	95804555	95805059	2	2	1	0	1	31
chr16	95804555	95809919	2	2	1	0	1	31
chr16	95809415	95809919	2	2	1	0	1	31
chr17	3219682	3221377	1	1	1	3	0	14
chr17	5958975	5968654	1	1	1	1	0	14
chr17	6182069	6182227	1	1	1	0	2	27
chr17	7162586	7162742	1	1	1	0	1	27
chr17	7209357	7212805	1	1	1	1	0	25
chr17	7259194	7262027	1	1	1	0	1	19
chr17	7262074	7263832	1	1	1	0	1	20
chr17	7263908	7265296	1	1	1	0	1	28
chr17	8347719	8349056	2	2	1	0	1	28
chr17	8349132	8350874	2	2	1	0	1	20
chr17	8350921	8353735	2	2	1	0	1	19
chr17	8515789	8515969	1	1	1	1	0	23
chr17	12601105	12603280	1	1	1	1	0	18
chr17	12603388	12607376	1	1	1	1	0	46
chr17	12610757	12611961	1	1	1	2	0	42
chr17	12633172	12637523	1	1	1	1	0	37
chr17	12637670	12637852	1	1	1	2	0	9
chr17	12867972	12869755	2	2	1	6	0	40
chr17	12869386	12869755	2	2	1	1	0	41
chr17	12869859	12871258	2	2	1	1	0	10
chr17	12871372	12875824	2	2	1	1	0	5
chr17	12881531	12881650	2	2	1	1	0	17
chr17	13130637	13132656	2	2	1	1	0	10
chr17	13145420	13146224	2	2	1	1	0	17
chr17	14024397	14027541	1	1	1	2	0	25
chr17	14027655	14029193	1	1	1	2	0	15
chr17	14027655	14029196	1	1	1	1	0	27
chr17	14038541	14042527	1	1	1	1	0	34
chr17	14042640	14043552	1	1	1	1	0	31
chr17	15175429	15176245	2	2	1	2	0	16
chr17	15209229	15210808	1	1	1	0	1	38
chr17	15209656	15241025	1	1	1	0	1	17
chr17	15240597	15242176	1	1	1	0	1	38
chr17	15271902	15273475	1	1	1	0	1	38
chr17	15696468	15697576	2	2	1	2	0	37
chr17	15987767	15988827	1	1	1	1	0	22
chr17	21643580	21647593	1	1	1	1	0	13
chr17	24026177	24027039	1	1	1	2	0	18
chr17	24027148	24027327	1	1	1	4	0	42
chr17	24027493	24028942	1	1	1	8	0	33
chr17	24029021	24029386	1	1	1	1	0	12
chr17	24029450	24029712	1	1	1	1	0	17
chr17	24043954	24046441	2	2	1	5	0	37
chr17	24656585	24657922	1	1	1	2	0	35
chr17	24940277	24940596	1	1	1	18	0	36
chr17	24940689	24940776	1	1	1	100	0	46
chr17	24941195	24941354	2	2	1	13	0	45
chr17	24941495	24941628	2	2	1	1	0	3
chr17	24941768	24943160	2	2	1	1	0	16
chr17	24954816	24954973	1	1	1	1	0	16
chr17	25069643	25071704	1	1	1	3	0	22
chr17	25072671	25073054	1	1	1	2	0	40
chr17	25080389	25082650	1	1	1	1	0	26
chr17	25082731	25083166	1	1	1	2	0	37
chr17	25319728	25319862	2	2	1	1	0	17
chr17	25453491	25453590	2	2	1	1	0	28
chr17	25453864	25453953	2	2	1	1	0	34
chr17	25875088	25881487	1	1	1	2	0	38
chr17	26095537	26095634	1	1	1	1	0	30
chr17	26095714	26095923	1	1	1	4	0	23
chr17	26485368	26486188	1	1	1	1	0	31
chr17	27157151	27157391	2	2	1	2	0	35
chr17	27341815	27344120	2	2	1	4	0	20
chr17	27849481	27850173	2	2	1	40	0	45
chr17	27849481	27851252	2	2	1	1	0	7
chr17	27850230	27851252	2	2	1	19	1	43
chr17	27851331	27853045	2	2	1	0	6	46
chr17	27972970	27986884	2	2	1	3	0	30
chr17	28548497	28549498	1	1	1	0	1	41
chr17	28549672	28549803	1	1	1	2	0	25
chr17	28819869	28821661	2	2	1	1	0	18
chr17	29219116	29226684	2	2	1	2	0	41
chr17	29517740	29520329	1	1	1	6	0	44
chr17	29714134	29714268	1	1	1	0	1	39
chr17	29923444	29924244	2	2	1	1	0	17
chr17	30812049	30813088	2	2	1	3	0	43
chr17	30816847	30819012	2	2	1	0	2	23
chr17	30819154	30822993	2	2	1	2	0	24
chr17	30823077	30831441	2	2	1	1	0	5
chr17	31662883	31667340	1	1	1	1	0	24
chr17	31740667	31750083	1	1	1	1	0	38
chr17	31818618	31821759	1	1	1	1	0	41
chr17	32432701	32433604	2	2	1	2	0	13
chr17	32555003	32555080	2	2	1	1	0	26
chr17	32632449	32634779	2	2	1	11	0	40
chr17	33130541	33130628	2	2	1	1	0	19
chr17	33850438	33850515	1	1	1	1	0	28
chr17	33879289	33882198	2	2	1	1	0	9
chr17	33888053	33888142	2	2	1	1	0	6
chr17	33967565	33967840	2	2	1	2	0	43
chr17	33968952	33979196	2	2	1	0	1	21
chr17	34042091	34042166	2	2	1	39	0	46
chr17	34042091	34042170	2	2	1	14	0	44
chr17	34042305	34043272	2	2	1	1	3	42
chr17	34043321	34043407	2	2	1	1	0	15
chr17	34048791	34057072	1	1	1	4	0	40
chr17	34158086	34158512	2	2	1	4	0	9
chr17	34171093	34171194	2	2	1	91	0	43
chr17	34171287	34171376	2	2	1	23	0	42
chr17	34171566	34174051	2	2	1	0	2	32
chr17	34174151	34174591	2	2	1	2	0	3
chr17	34215478	34215589	2	2	1	1	0	10
chr17	34216535	34218244	2	2	1	0	1	5
chr17	34245200	34245369	2	2	1	1	0	28
chr17	34245445	34245636	2	2	1	1	0	11
chr17	34245680	34245824	2	2	1	1	0	38
chr17	34247372	34247443	2	2	1	1	0	27
chr17	34332807	34332905	2	2	1	5	0	35
chr17	34401326	34402062	2	2	1	1	0	26
chr17	34487459	34488068	1	1	1	1	0	14
chr17	34947602	34947738	2	2	1	6	10	44
chr17	34948640	34948777	2	2	1	0	1	18
chr17	34949469	34949597	2	2	1	1	0	39
chr17	35028316	35028452	2	2	1	0	10	44
chr17	35029354	35029474	2	2	1	0	1	18
chr17	35061058	35061787	2	2	1	1	0	33
chr17	35073775	35075063	1	1	1	4	0	25
chr17	35075433	35076194	2	2	1	13	0	18
chr17	35075559	35075855	2	2	1	32	0	43
chr17	35075906	35075979	2	2	1	6	0	28
chr17	35076113	35076194	2	2	1	1	0	32
chr17	35076296	35076467	2	2	1	2	0	44
chr17	35076798	35077012	2	2	1	1	0	21
chr17	35077131	35077473	2	2	1	1	0	38
chr17	35081707	35095438	2	4	1	2	0	23
chr17	35234896	35235162	1	1	1	3	0	11
chr17	35280576	35280766	1	1	1	0	1	4
chr17	35280602	35280766	1	1	1	0	1	4
chr17	35348112	35349055	2	2	1	37	0	45
chr17	35349155	35349383	2	2	1	7	0	42
chr17	35350326	35350585	2	2	1	2	0	39
chr17	35365330	35366116	1	1	1	2	0	34
chr17	35365880	35366116	1	1	1	1	0	20
chr17	35382023	35383710	2	2	1	1	0	11
chr17	35472331	35472448	1	1	1	2	0	9
chr17	35483091	35484759	1	1	1	1	0	7
chr17	35485280	35485457	1	1	1	1	0	9
chr17	35781503	35785290	2	4	1	1	7	22
chr17	35781999	35783979	1	1	1	1	0	15
chr17	35784256	35784382	1	1	1	1	0	17
chr17	35784698	35785037	1	1	1	3	0	29
chr17	36218117	36218629	1	1	1	1	0	44
chr17	36237172	36237291	1	1	1	3	0	8
chr17	36237770	36237865	1	1	1	1	0	37
chr17	36270885	36271005	2	2	1	1	0	33
chr17	36272977	36274017	2	2	1	9	0	44
chr17	36274572	36274649	2	2	1	3	0	15
chr17	36341124	36341262	2	2	1	1	0	17
chr17	36350267	36351116	2	2	1	1	0	14
chr17	37149732	37151535	2	4	1	1	0	13
chr17	37260878	37262314	2	2	1	1	0	6
chr17	40155982	40158982	1	1	1	1	0	13
chr17	40157540	40158208	1	1	1	1	0	25
chr17	40157615	40157709	2	2	1	2	0	22
chr17	40158099	40158124	0	0	1	5	0	32
chr17	43156371	43163258	2	2	1	3	0	43
chr17	43632116	43634735	1	1	1	1	0	41
chr17	45718965	45719261	2	2	1	3	0	23
chr17	45880053	45880165	2	2	1	1	0	9
chr17	45880753	45881183	2	2	1	2	0	36
chr17	45881493	45881591	2	2	1	40	0	43
chr17	45881726	45881943	2	2	1	1	0	40
chr17	45971907	45972148	2	2	1	1	0	9
chr17	46335447	46336272	2	2	1	4	0	41
chr17	46552817	46553059	1	1	1	1	0	7
chr17	46711018	46713659	1	1	1	1	0	7
chr17	47034376	47036261	2	4	1	1	0	19
chr17	47035891	47036113	1	1	1	1	0	27
chr17	47036898	47036986	2	2	1	2	0	21
chr17	47037109	47037194	2	2	1	1	0	9
chr17	47037338	47037531	2	2	1	2	0	43
chr17	47274122	47274613	2	2	1	1	0	3
chr17	47274717	47275682	2	2	1	4	0	26
chr17	47275736	47277066	2	2	1	1	0	35
chr17	53786637	53790848	1	1	1	1	0	11
chr17	53970678	53972433	1	1	1	1	0	19
chr17	56322997	56323515	1	1	1	7	0	37
chr17	56375684	56375959	2	2	1	3	0	20
chr17	56376614	56376690	2	2	1	1	0	32
chr17	56876023	56878209	2	2	1	1	0	7
chr17	56878320	56878399	2	2	1	2	0	38
chr17	56916024	56916639	2	2	1	1	0	36
chr17	56920681	56920906	1	1	1	2	0	29
chr17	56921042	56921123	1	1	1	26	0	46
chr17	56921388	56924904	2	4	1	1	0	23
chr17	56921564	56921635	2	2	1	1	0	15
chr17	56922416	56922503	2	2	1	1	0	35
chr17	56924933	56925317	2	2	1	1	0	28
chr17	57028442	57028984	1	1	1	4	0	24
chr17	57511155	57511250	2	2	1	133	0	46
chr17	57511387	57511466	2	2	1	2	0	28
chr17	57511551	57512296	2	2	1	2	0	10
chr17	57512381	57512655	2	2	1	4	0	40
chr17	57512746	57513189	2	2	1	1	0	16
chr17	57514424	57514531	2	2	1	1	0	31
chr17	57514620	57516238	2	2	1	1	0	10
chr17	57516502	57516588	2	2	1	1	0	5
chr17	57516649	57517164	2	2	1	1	0	27
chr17	57517324	57518571	2	4	1	5	0	34
chr17	57518736	57519604	2	2	1	3	0	35
chr17	57519762	57520765	2	2	1	1	0	28
chr17	57521836	57522113	2	2	1	1	0	24
chr17	57522190	57522728	2	2	1	1	0	28
chr17	57525672	57525797	2	2	1	1	0	40
chr17	57527203	57527972	2	2	1	6	0	37
chr17	57528174	57528322	2	2	1	1	0	27
chr17	57529019	57529195	2	2	1	1	0	43
chr17	57529352	57529788	2	2	1	2	0	9
chr17	57531179	57531286	2	2	1	2	0	25
chr17	57531414	57531643	2	2	1	2	0	41
chr17	64620114	64638790	2	2	1	2	0	27
chr17	64966070	64973731	1	1	1	1	0	42
chr17	65019469	65020556	1	1	1	1	0	39
chr17	65021708	65038198	1	1	1	1	0	4
chr17	65040861	65041928	1	1	1	1	0	10
chr17	66161195	66164656	2	2	1	1	0	7
chr17	66171728	66174526	2	2	1	2	0	11
chr17	66386583	66387805	2	2	1	11	0	41
chr17	66387883	66390392	2	2	1	2	0	25
chr17	71239190	71239276	1	1	1	1	0	42
chr17	71660553	71665131	2	2	1	1	0	23
chr17	71755628	71755726	2	2	1	1	0	32
chr17	74216339	74217160	2	2	1	1	0	37
chr17	74915181	74916053	1	1	1	1	0	31
chr17	74916732	74917989	1	1	1	2	0	21
chr17	74922353	74925430	1	1	1	1	0	22
chr17	74959047	74959611	1	1	1	1	0	26
chr17	74959742	74961383	1	1	1	4	0	35
chr17	74969814	74975753	1	1	1	1	0	27
chr17	79139015	79141524	2	2	1	1	0	8
chr17	79148739	79149541	1	1	1	1	0	12
chr17	79151330	79152572	1	1	1	1	0	45
chr17	79227273	79227405	1	1	1	2	0	8
chr17	79227447	79227977	2	2	1	1	0	14
chr17	79228210	79229063	2	2	1	1	0	3
chr17	79229151	79229558	2	2	1	1	0	18
chr17	79230001	79230664	2	2	1	1	0	43
chr17	79980003	79989061	1	1	1	1	0	28
chr17	79989112	80000519	1	1	1	1	0	14
chr17	80164676	80167215	2	2	1	1	0	14
chr17	80603079	80604682	1	1	1	1	0	35
chr17	80900444	80900519	2	2	1	1	0	37
chr17	83717638	83729034	1	1	1	1	0	32
chr17	83732861	83734651	1	1	1	1	0	23
chr17	87333104	87335126	1	1	1	1	0	7
chr17	87335193	87338435	1	1	1	1	0	19
chr17	87741484	87742503	2	2	1	1	0	14
chr17	87743139	87743218	2	2	1	1	0	29
chr17	88298059	88298151	1	1	1	1	0	15
chr18	4993988	5037107	1	1	1	4	0	13
chr18	5037166	5040147	1	1	1	8	0	33
chr18	5040240	5046588	1	1	1	1	0	4
chr18	6033258	6034449	2	2	1	1	0	33
chr18	6214088	6214511	2	2	1	1	0	33
chr18	6222868	6223545	2	2	1	2	0	41
chr18	6223692	6223970	2	2	1	2	0	34
chr18	6783193	6784569	1	1	1	1	0	29
chr18	9958247	9959097	1	1	1	1	0	38
chr18	9987665	9989690	1	3	1	1	0	6
chr18	9997775	10000494	2	2	1	1	0	12
chr18	10080540	10083121	2	2	1	3	0	43
chr18	10083211	10084317	2	2	1	3	0	45
chr18	10084412	10090812	2	2	1	3	0	25
chr18	10090979	10092128	2	2	1	1	0	42
chr18	10106458	10112343	2	2	1	1	0	20
chr18	10112393	10116773	2	2	1	1	0	40
chr18	12191701	12191982	2	2	1	1	0	25
chr18	12777101	12817893	1	1	1	2	0	45
chr18	12817943	12820008	1	1	1	6	0	34
chr18	12866113	12867943	1	1	1	1	0	7
chr18	12868049	12869036	1	1	1	1	0	39
chr18	12869076	12869730	1	1	1	1	0	3
chr18	12895750	12895965	2	2	1	2	0	40
chr18	13004242	13015252	2	2	1	1	0	28
chr18	16734844	16755184	2	2	1	1	0	29
chr18	20798565	20799512	1	1	1	3	0	46
chr18	20799599	20806779	1	1	1	1	0	25
chr18	20799638	20806826	2	4	1	1	2	22
chr18	20799644	20803035	1	1	1	6	0	42
chr18	20803172	20806687	1	1	1	52	0	44
chr18	20806945	20817722	1	1	1	1	0	22
chr18	24825681	24828930	1	1	1	1	0	21
chr18	24833015	24834442	1	1	1	1	0	12
chr18	32019848	32020749	1	1	1	1	0	10
chr18	32221439	32222441	1	1	1	2	0	16
chr18	32222560	32223481	1	1	1	1	0	38
chr18	32325024	32329892	1	1	1	2	0	45
chr18	32333092	32336078	1	1	1	1	0	29
chr18	32998972	32999240	1	1	1	2	0	5
chr18	34195130	34205309	1	1	1	0	1	12
chr18	34480222	34482687	2	2	1	1	0	41
chr18	34746350	34747500	2	2	1	1	0	7
chr18	34932413	34936502	1	1	1	1	0	35
chr18	34964617	34966363	1	1	1	2	0	40
chr18	35046747	35047052	2	2	1	1	0	9
chr18	35071778	35071985	2	2	1	2	0	31
chr18	35072491	35073249	2	2	1	1	0	29
chr18	35073368	35073892	2	2	1	3	0	33
chr18	35315607	35355117	1	1	1	2	0	25
chr18	35715140	35715768	1	1	1	3	0	9
chr18	35717935	35720683	1	1	1	1	0	9
chr18	35731813	35743923	1	1	1	2	0	37
chr18	35746556	35749251	1	1	1	1	0	20
chr18	35788746	35792666	1	1	1	1	0	44
chr18	35934421	35938570	1	1	1	0	1	9
chr18	36584300	36587505	2	2	1	1	0	23
chr18	36773414	36774629	1	1	1	1	0	25
chr18	36774747	36775978	1	1	1	3	0	27
chr18	36801902	36803056	2	2	1	1	0	28
chr18	36875712	36877233	2	2	1	5	0	39
chr18	36887692	36888484	1	1	1	1	0	23
chr18	36889984	36890336	1	1	1	1	0	16
chr18	36890372	36890459	1	1	1	1	0	35
chr18	38027263	38028234	2	2	1	1	0	3
chr18	38593704	38597313	1	1	1	1	0	40
chr18	38593704	38597329	1	1	1	5	0	34
chr18	39557553	39561669	2	2	1	2	0	36
chr18	42065827	42068232	2	2	1	1	0	35
chr18	42335784	42343084	2	2	1	1	0	12
chr18	42347936	42349916	2	2	1	1	0	34
chr18	42376955	42377813	2	2	1	1	0	15
chr18	42407548	42408143	1	1	1	1	0	22
chr18	42685693	42686472	1	1	1	2	0	36
chr18	42694118	42697147	1	1	1	3	0	23
chr18	46848834	46853353	2	2	1	1	0	45
chr18	46891182	46912254	1	1	1	0	1	21
chr18	50261477	50263192	1	1	1	3	0	41
chr18	50279645	50288193	1	1	1	2	0	23
chr18	50306797	50310238	1	1	1	1	0	28
chr18	50311081	50312113	1	1	1	1	0	32
chr18	53351255	53351360	1	3	1	1	0	5
chr18	56625072	56630391	1	1	1	1	0	7
chr18	56660080	56661348	2	2	1	1	0	21
chr18	56661425	56664561	2	2	1	2	0	29
chr18	56665667	56667261	2	2	1	1	0	23
chr18	56713373	56717362	1	1	1	1	0	35
chr18	56717447	56719948	1	1	1	1	0	16
chr18	60345242	60378446	1	1	1	2	0	43
chr18	60422940	60426455	1	1	1	1	0	27
chr18	60909624	60910001	1	1	1	1	0	14
chr18	60910164	60910884	1	1	1	46	1	46
chr18	60910962	60911502	1	1	1	91	0	46
chr18	60943147	60943399	1	1	1	1	0	36
chr18	61701462	61702534	1	1	1	1	0	8
chr18	61702634	61704944	1	1	1	1	0	38
chr18	61708621	61709577	1	1	1	4	0	36
chr18	63797404	63804652	2	2	1	1	0	38
chr18	64474584	64519630	2	4	1	1	0	22
chr18	64644772	64644855	2	2	1	1	0	17
chr18	64644949	64645054	2	2	1	2	0	6
chr18	64648477	64649486	2	2	1	1	0	13
chr18	64688298	64689911	2	2	1	1	0	5
chr18	64738472	64793770	2	2	1	1	0	30
chr18	66126709	66127855	2	2	1	5	0	45
chr18	67538585	67540335	2	2	1	3	0	6
chr18	70755793	70758734	1	1	1	2	0	12
chr18	74934439	74937071	1	1	1	1	0	29
chr18	74937227	74938925	1	1	1	2	0	35
chr18	75134315	75134420	1	1	1	4	0	38
chr18	75134462	75134736	1	1	1	1	0	21
chr18	75134872	75135094	1	1	1	4	0	26
chr18	75135194	75135731	1	1	1	30	1	43
chr18	75135924	75136264	1	1	1	342	0	46
chr18	77027366	77028208	1	1	1	1	0	16
chr18	77846062	77846169	2	2	1	1	0	21
chr18	77846218	77847136	2	2	1	1	0	23
chr18	77863556	77865218	1	1	1	1	0	7
chr18	77866599	77866778	1	1	1	1	0	15
chr18	77869650	77870000	1	1	1	11	0	43
chr18	80961094	80977038	2	2	1	1	0	46
chr18	84895987	84897627	1	1	1	3	0	12
chr19	3946193	3946269	2	2	1	1	0	14
chr19	3948876	3948979	2	2	1	1	0	42
chr19	3959075	3959152	2	2	1	1	0	22
chr19	4051894	4052024	1	3	1	1	0	16
chr19	4057666	4057769	2	2	1	18	0	45
chr19	4085662	4085823	2	2	1	0	23	43
chr19	4085932	4086687	2	2	1	6	0	42
chr19	4086792	4087103	2	2	1	3	2	43
chr19	4090540	4090707	2	2	1	0	23	43
chr19	4091086	4091397	2	2	1	0	2	22
chr19	4117675	4119035	2	2	1	1	0	37
chr19	5142251	5142329	1	1	1	3	0	26
chr19	5329978	5333670	2	2	1	2	0	24
chr19	5333779	5333885	2	2	1	1	0	4
chr19	5336977	5337096	2	2	1	2	0	13
chr19	5337655	5337937	2	2	1	1	0	23
chr19	5338035	5338331	2	2	1	2	0	38
chr19	5430164	5430247	2	2	1	1	0	18
chr19	5430370	5430465	2	2	1	1	0	22
chr19	5514460	5514952	1	1	1	3	0	42
chr19	5652403	5652477	1	1	1	6	0	45
chr19	5652598	5652851	1	1	1	5	0	40
chr19	5760726	5760820	2	2	1	1	0	45
chr19	5808889	5808967	2	2	1	1	0	31
chr19	5851995	5852331	2	2	1	1	0	3
chr19	6108603	6109173	1	1	1	4	0	37
chr19	6109230	6109378	1	1	1	17	0	35
chr19	6424929	6426325	1	1	1	1	0	17
chr19	6453117	6453461	1	1	1	2	0	45
chr19	6884163	6884914	2	4	1	1	0	45
chr19	6884320	6884433	2	2	1	4	0	44
chr19	6955303	6955378	2	2	1	7	0	37
chr19	6955415	6955757	2	2	1	1	0	36
chr19	6966956	6967048	2	2	1	1	0	37
chr19	7174590	7174896	1	1	1	1	0	40
chr19	7174979	7175066	1	1	1	3	0	35
chr19	7175102	7175277	1	1	1	3	0	27
chr19	8315344	8321871	2	2	1	1	0	25
chr19	8322087	8322684	2	2	1	1	0	22
chr19	8770769	8770989	2	2	1	2	0	8
chr19	8802758	8803335	1	1	1	2	0	43
chr19	8803465	8804007	1	1	1	1	0	7
chr19	8825526	8825827	1	1	1	2	0	21
chr19	8849277	8849371	1	1	1	2	0	32
chr19	8849479	8849581	1	1	1	2	0	36
chr19	8849652	8850877	1	1	1	1	0	4
chr19	8852717	8852885	1	1	1	13	0	42
chr19	8866329	8866487	1	1	1	1	0	17
chr19	8946871	8947207	1	1	1	1	0	15
chr19	9961692	9961923	1	1	1	7	0	35
chr19	9962050	9962144	1	1	1	5	0	43
chr19	10041679	10042049	2	2	1	5	0	38
chr19	10181629	10183787	1	1	1	1	0	33
chr19	10184665	10185080	1	1	1	17	0	46
chr19	10480494	10494343	2	2	1	1	0	29
chr19	10570601	10570689	2	2	1	3	0	19
chr19	10570724	10570827	2	2	1	1	0	34
chr19	10875258	10876346	1	1	1	2	0	32
chr19	11025458	11025642	2	2	1	1	0	43
chr19	11748232	11750238	1	1	1	1	0	23
chr19	12623775	12625366	1	1	1	1	0	35
chr19	12753827	12754223	2	2	1	1	0	8
chr19	12754359	12755305	2	2	1	1	0	8
chr19	12755411	12755987	2	2	1	4	0	25
chr19	12756025	12756256	2	2	1	3	0	33
chr19	14445636	14493722	2	2	1	1	0	17
chr19	14493740	14495135	2	2	1	1	0	17
chr19	16688306	16692412	2	2	1	1	0	39
chr19	16692492	16697692	2	2	1	1	0	11
chr19	16737053	16737304	2	2	1	1	0	9
chr19	18616973	18617249	1	1	1	1	0	7
chr19	18617299	18618487	1	1	1	1	0	21
chr19	20599066	20620265	2	2	1	1	0	33
chr19	20608215	20611712	1	3	1	3	0	10
chr19	20611878	20614031	1	1	1	1	0	28
chr19	20617503	20620257	1	1	1	1	0	3
chr19	20673775	20677261	2	2	1	1	0	45
chr19	20685699	20686761	2	2	1	1	0	36
chr19	23237152	23238696	2	2	1	1	0	9
chr19	24918200	24920046	2	2	1	1	0	13
chr19	24920094	24925432	2	2	1	1	0	32
chr19	25070389	25073612	2	2	1	1	0	19
chr19	25162305	25165700	1	1	1	1	0	25
chr19	28998308	28998592	1	3	1	1	0	37
chr19	29000347	29003611	2	2	1	1	0	45
chr19	29003731	29004570	2	2	1	1	0	14
chr19	30211556	30212330	1	1	1	1	0	17
chr19	30215856	30216550	1	1	1	1	0	40
chr19	31888637	31895283	1	1	1	2	0	45
chr19	31895523	31898221	1	1	1	2	0	45
chr19	32795461	32797242	1	1	1	2	0	34
chr19	34488422	34500821	2	2	1	1	0	45
chr19	34798624	34799112	2	2	1	1	0	17
chr19	34799290	34804519	2	2	1	1	0	21
chr19	37248237	37248903	2	2	1	1	0	21
chr19	38105358	38106719	2	2	1	25	0	45
chr19	38106933	38112476	2	2	1	1	0	34
chr19	38112881	38112966	2	2	1	1	0	44
chr19	38726484	38727691	1	1	1	1	0	29
chr19	38806590	38807536	2	2	1	1	0	41
chr19	39275730	39279172	1	1	1	3	0	44
chr19	39279651	39296051	1	1	1	6	0	43
chr19	39296213	39298098	1	1	1	23	0	44
chr19	39313538	39317547	1	1	1	1	0	26
chr19	39317690	39318695	1	1	1	1	0	6
chr19	39605934	39614564	2	2	1	0	1	36
chr19	39627187	39628300	2	2	1	0	1	14
chr19	39628462	39631714	2	2	1	1	0	38
chr19	39677698	39687704	2	2	1	1	1	18
chr19	39687847	39691772	2	2	1	3	0	33
chr19	39691961	39700855	2	2	1	0	1	36
chr19	39755935	39762267	2	2	1	0	1	4
chr19	39766546	39775202	2	2	1	0	1	36
chr19	39839661	39848259	2	2	1	0	1	36
chr19	39864835	39865949	2	2	1	0	1	14
chr19	40060051	40060498	2	2	1	0	1	7
chr19	40078312	40078664	1	1	1	2	0	43
chr19	40078828	40078989	1	1	1	1	0	11
chr19	40079140	40079388	1	1	1	0	1	7
chr19	40079550	40080647	1	1	1	1	0	6
chr19	40099862	40101877	1	1	1	1	0	24
chr19	40153946	40155906	2	2	1	4	0	37
chr19	40156068	40168804	2	2	1	1	0	34
chr19	41229148	41233882	2	2	1	2	0	19
chr19	41233961	41235081	2	2	1	1	0	20
chr19	41235243	41236344	2	2	1	1	0	25
chr19	43777504	43778225	1	1	1	1	0	13
chr19	44027692	44029185	2	2	1	1	0	21
chr19	44029276	44036073	2	2	1	1	0	10
chr19	44044635	44047489	2	2	1	1	0	14
chr19	44062980	44063869	2	2	1	1	0	20
chr19	44075499	44076354	2	2	1	2	0	45
chr19	44076479	44077113	2	2	1	2	0	40
chr19	44386558	44388580	2	2	1	1	0	5
chr19	44395200	44395824	2	2	1	7	0	32
chr19	44538852	44541136	2	2	1	19	0	43
chr19	44541293	44542107	2	2	1	1	0	29
chr19	44981078	44981172	1	1	1	2	0	16
chr19	45736491	45736602	2	2	1	3	0	5
chr19	45736720	45736984	2	2	1	1	0	23
chr19	46121695	46122439	1	1	1	1	0	8
chr19	46122461	46123634	1	1	1	1	0	21
chr19	46250272	46250872	1	1	1	1	0	43
chr19	46253807	46254025	1	1	1	3	0	33
chr19	46254167	46254463	1	1	1	1	0	23
chr19	46319420	46319490	2	2	1	1	0	32
chr19	47072009	47074393	2	2	1	7	21	43
chr19	47074487	47074572	2	2	1	5	0	45
chr19	47074669	47079011	2	2	1	2	0	15
chr19	53369826	53371987	2	2	1	2	0	27
chr19	53610338	53611034	1	1	1	1	0	18
chr19	53613594	53616281	1	1	1	2	0	36
chr19	53627237	53627757	1	1	1	1	0	25
chr19	53891920	53895879	1	1	1	3	0	33
chr19	53895987	53897542	1	1	1	4	0	20
chr19	53910563	53914636	1	1	1	1	0	31
chr19	53917624	53918147	1	1	1	1	0	39
chr19	55279651	55279849	1	1	1	1	0	19
chr19	55280322	55282018	1	1	1	2	0	10
chr19	55283955	55284797	1	1	1	1	0	9
chr19	55907477	55907942	1	1	1	1	0	15
chr19	56564717	56576601	1	1	1	1	0	35
chr19	57369857	57370155	1	1	1	2	0	13
chr19	57841836	57841996	1	1	1	2	0	37
chr19	58226979	58227685	2	2	1	1	0	13
chr19	58322121	58322371	2	2	1	1	0	29
chr19	59026823	59030293	2	2	1	2	0	6
chr19	59030389	59039265	2	2	1	2	0	17
chr19	59303793	59316182	2	2	1	1	0	28
chr19	60757331	60758303	2	2	1	3	0	29
chr19	60758458	60759452	2	2	1	6	0	45
chr19	60759576	60760081	2	2	1	1	0	4
chr19	60760196	60760530	2	2	1	2	0	14
chr19	60760636	60761129	2	2	1	2	0	40
chr19	61115506	61115875	2	2	1	1	0	34
chrX	8053159	8056317	2	2	1	1	0	32
chrX	10175300	10178631	1	1	1	7	0	44
chrX	10178770	10186081	1	1	1	8	0	43
chrX	10450377	10451735	1	1	1	1	0	13
chrX	11913988	11914541	2	2	1	2	0	6
chrX	12529069	12530738	2	2	1	1	0	21
chrX	13027774	13027861	1	1	1	1	0	11
chrX	13147397	13150416	1	1	1	2	0	42
chrX	16589229	16590898	2	2	1	2	0	35
chrX	20416113	20416601	1	1	1	1	0	9
chrX	20416781	20418558	1	1	1	1	0	32
chrX	20423967	20425593	1	1	1	1	0	23
chrX	20426371	20427673	1	1	1	2	0	24
chrX	20481782	20481952	2	2	1	4	0	23
chrX	20482084	20483298	2	2	1	1	0	39
chrX	20547754	20548141	1	1	1	1	0	37
chrX	20818263	20818446	2	2	1	2	0	30
chrX	35865930	35868440	1	1	1	3	0	40
chrX	36061530	36062039	1	1	1	1	0	4
chrX	36145400	36146251	1	1	1	1	0	9
chrX	36346403	36347637	2	2	1	11	1	39
chrX	36347742	36348777	2	2	1	0	1	34
chrX	36368181	36372567	2	2	1	2	0	4
chrX	36451395	36453526	2	2	1	48	0	45
chrX	36453617	36454641	2	2	1	1	0	6
chrX	37510729	37513143	2	2	1	1	0	12
chrX	37514304	37519794	2	2	1	1	0	32
chrX	37519918	37520726	2	2	1	2	0	17
chrX	40895592	40895910	2	2	1	1	0	4
chrX	40896049	40901335	2	2	1	3	0	32
chrX	40901372	40902826	2	2	1	3	0	27
chrX	40911348	40911569	2	2	1	3	0	45
chrX	40916336	40919569	2	2	1	1	0	16
chrX	41187760	41188713	1	1	1	1	0	28
chrX	41191074	41193667	1	1	1	1	0	24
chrX	41355153	41358257	1	1	1	1	0	22
chrX	47364066	47366098	1	1	1	2	0	7
chrX	47564066	47564439	2	2	1	1	0	13
chrX	47564637	47566576	2	2	1	1	0	29
chrX	47570983	47571598	2	2	1	1	0	24
chrX	47573513	47574334	2	2	1	1	0	30
chrX	47586088	47586210	2	2	1	1	0	32
chrX	47588749	47593686	2	2	1	1	0	25
chrX	47593830	47602112	2	2	1	6	0	44
chrX	48129508	48140608	2	2	1	1	0	40
chrX	52789968	52797434	2	2	1	1	0	35
chrX	52797470	52797739	2	2	1	1	0	8
chrX	59322150	59322736	2	2	1	1	0	44
chrX	59325464	59326016	2	2	1	4	0	42
chrX	59352638	59355075	2	2	1	1	0	32
chrX	70275068	70276677	1	1	1	1	0	20
chrX	70432367	70435295	1	1	1	1	0	36
chrX	72822778	72823071	2	2	1	4	0	27
chrX	72823133	72823219	2	2	1	1	0	6
chrX	72834031	72834259	1	1	1	3	0	44
chrX	73315514	73315784	1	1	1	1	0	19
chrX	73316441	73316520	1	1	1	22	0	43
chrX	73411193	73411306	2	2	1	6	0	41
chrX	74149988	74150777	1	1	1	1	0	37
chrX	74150857	74151784	1	1	1	2	0	15
chrX	74448825	74453151	2	2	1	1	0	19
chrX	93124467	93124942	2	2	1	1	0	40
chrX	93224919	93237596	2	2	1	0	1	32
chrX	93240051	93240893	2	2	1	2	0	5
chrX	93579284	93579465	2	2	1	6	0	25
chrX	99858509	99858813	1	1	1	1	0	12
chrX	100429026	100429091	2	2	1	1	0	46
chrX	100603551	100605679	1	1	1	1	0	7
chrX	101170743	101171098	1	1	1	2	0	42
chrX	101228738	101229108	2	2	1	31	0	46
chrX	101231609	101231899	2	2	1	1	0	11
chrX	104931446	104932598	2	2	1	1	0	10
chrX	105063310	105065351	1	1	1	1	0	27
chrX	107840453	107841634	2	2	1	1	0	31
chrX	133486933	133487259	1	1	1	7	0	46
chrX	133487328	133488199	1	1	1	20	6	46
chrX	133488323	133488685	1	1	1	53	0	46
chrX	137982973	137983819	2	2	1	2	0	42
chrX	141115380	141116665	2	2	1	1	0	24
chrX	150382581	150403859	1	1	1	1	0	22
chrX	150674173	150674735	1	1	1	1	0	33
chrX	150689360	150689946	1	1	1	1	0	20
chrX	150692946	150693096	1	1	1	1	0	43
chrX	150716127	150717276	1	1	1	1	0	10
chrX	150785439	150786356	1	1	1	2	0	38
chrX	150817156	150819097	1	1	1	1	0	43
chrX	150820694	150824322	1	1	1	1	0	44
chrX	150844400	150844721	1	1	1	1	0	8
chrX	154107025	154109590	2	2	1	8	0	37
chrX	154109626	154111441	2	2	1	4	0	29
chrX	155798476	155798651	1	3	1	0	5	24
chrX	158161586	158162725	1	1	1	2	0	33
chrX	158162759	158168524	1	3	1	2	0	21
chrX	161565321	161567317	2	2	1	0	2	26
chrX	161569688	161570554	2	2	1	3	0	39
chrX	161666083	161671064	2	2	1	1	0	13
chrX	162737479	162739467	2	2	1	1	0	17
chrX	165174055	165174886	2	2	1	1	0	35
chrX	167454887	167456723	2	2	1	1	0	27
chrX	169013681	169013716	2	2	1	1	0	19
chrY	1189391	1197205	2	2	1	1	0	44
chrY	90804687	90827617	1	1	1	11	1	45
chrY	90804950	90827617	1	1	1	1	0	36
chrM	6864	11532	1	1	1	1	0	12
chrM	11442	11470	2	2	1	26	1	13
chrM	14205	15137	2	2	1	2	0	34
chrM	15138	15168	2	2	1	125	3	44
GL456383.1	160	1210	1	1	1	0	1	32
GL456383.1	160	12060	1	1	1	0	1	32
GL456383.1	805	1210	1	1	1	0	1	32
GL456383.1	805	12060	1	1	1	0	1	32
GL456383.1	2396	12060	1	1	1	0	1	32
GL456383.1	7030	12060	1	1	1	0	1	32
GL456383.1	9241	12060	1	1	1	0	1	32
GL456392.1	22210	22677	1	1	1	1	5	45
GL456392.1	22210	23501	1	1	1	0	2	26
GL456392.1	22357	22590	2	2	1	1	0	29
GL456392.1	22386	23208	2	2	1	1	0	31
GL456392.1	22736	23091	1	1	1	2	2	46
JH584304.1	58836	59591	2	2	1	6	0	42
JH584304.1	68981	80314	1	1	1	0	1	29
JH584304.1	68981	81249	1	1	1	0	10	33
JH584304.1	68981	81951	1	1	1	0	1	29
JH584304.1	69332	80314	1	1	1	0	1	29
JH584304.1	69332	81249	1	1	1	0	7	38
JH584304.1	69332	81951	1	1	1	0	1	29
JH584304.1	69479	79058	2	2	1	0	1	40
JH584304.1	69479	85605	2	2	1	0	1	40
JH584304.1	69742	84756	1	1	0	0	1	13
JH584304.1	70033	81249	1	1	1	0	2	25
JH584304.1	70715	76438	1	1	1	0	1	24
JH584304.1	70715	101686	1	1	1	0	1	24
JH584304.1	70851	81249	1	1	1	0	2	28
JH584304.1	71203	80314	1	1	1	0	1	29
JH584304.1	71203	81249	1	1	1	0	7	38
JH584304.1	71203	81951	1	1	1	0	1	29
JH584304.1	71203	86862	1	1	1	0	1	29
JH584304.1	71350	79058	2	2	1	0	1	40
JH584304.1	71350	85605	2	2	1	0	1	40
JH584304.1	71613	84756	1	1	0	0	1	13
JH584304.1	71904	81249	1	1	1	0	2	25
JH584304.1	72548	87563	1	1	1	0	1	40
JH584304.1	72586	76438	1	1	1	0	1	24
JH584304.1	72586	101686	1	1	1	0	1	24
JH584304.1	72722	81249	1	1	1	0	2	28
JH584304.1	72956	81249	1	1	1	0	2	28
JH584304.1	73074	80547	1	1	1	0	2	33
JH584304.1	73074	82184	1	1	1	0	2	33
JH584304.1	73267	80277	2	2	1	0	3	24
JH584304.1	73267	81914	2	2	1	0	3	24
JH584304.1	73267	86825	2	2	1	0	3	24
JH584304.1	73267	91034	2	2	1	0	3	24
JH584304.1	73267	95945	2	2	1	0	3	24
JH584304.1	73267	105525	2	2	1	0	3	24
JH584304.1	73267	107162	2	2	1	0	3	24
JH584304.1	73267	112073	2	2	1	0	3	24
JH584304.1	73481	87563	1	1	1	0	1	40
JH584304.1	74188	81667	1	1	1	0	3	38
JH584304.1	74238	76575	1	1	1	0	4	30
JH584304.1	74704	81249	1	1	1	0	2	25
JH584304.1	75348	87563	1	1	1	0	1	40
JH584304.1	75386	76438	1	1	1	0	1	24
JH584304.1	75386	101686	1	1	1	0	1	24
JH584304.1	75522	81249	1	1	1	0	2	28
JH584304.1	75787	79058	2	2	1	0	1	40
JH584304.1	75787	85605	2	2	1	0	1	40
JH584304.1	76021	79058	2	2	1	0	1	40
JH584304.1	76021	85605	2	2	1	0	1	40
JH584304.1	76576	81249	1	1	1	0	3	26
JH584304.1	76752	84756	1	1	0	0	1	13
JH584304.1	77452	84756	1	1	1	0	1	16
JH584304.1	77452	86628	1	1	1	0	1	16
JH584304.1	77452	87563	1	1	1	0	1	40
JH584304.1	77452	88264	1	1	1	0	1	16
JH584304.1	77452	93876	1	1	1	0	1	16
JH584304.1	77452	95748	1	1	1	0	1	16
JH584304.1	77452	110004	1	1	1	0	1	16
JH584304.1	77452	111876	1	1	1	0	1	16
JH584304.1	77452	113278	1	1	1	0	1	16
JH584304.1	77490	101686	1	1	1	0	1	24
JH584304.1	77510	80314	1	1	1	0	1	29
JH584304.1	77510	81249	1	1	1	0	19	41
JH584304.1	77510	81951	1	1	1	0	1	29
JH584304.1	77510	86862	1	1	1	0	1	29
JH584304.1	77510	106497	1	1	1	0	3	38
JH584304.1	77626	81249	1	1	1	0	2	28
JH584304.1	77744	80547	1	1	1	0	2	33
JH584304.1	77744	82184	1	1	1	0	2	33
JH584304.1	77744	91304	1	1	1	0	2	33
JH584304.1	77919	87563	1	1	1	0	1	40
JH584304.1	77977	80314	1	1	1	0	1	29
JH584304.1	77977	81951	1	1	1	0	1	29
JH584304.1	77977	86862	1	1	1	0	1	29
JH584304.1	78629	81667	1	1	1	0	3	38
JH584304.1	78629	90787	1	1	1	0	3	38
JH584304.1	78659	101686	1	1	1	0	1	24
JH584304.1	78679	80314	1	1	1	0	1	29
JH584304.1	78679	81249	1	1	1	0	46	45
JH584304.1	78679	81951	1	1	1	0	1	29
JH584304.1	78679	82886	1	1	1	0	1	9
JH584304.1	78679	86862	1	1	1	0	1	29
JH584304.1	78679	92006	1	1	1	0	1	9
JH584304.1	78679	106497	1	1	1	0	6	38
JH584304.1	78912	81249	1	1	1	0	2	25
JH584304.1	79146	79379	1	1	1	0	1	24
JH584304.1	79146	82886	1	1	1	0	2	24
JH584304.1	79146	89668	1	1	1	0	1	24
JH584304.1	79146	92006	1	1	1	0	2	24
JH584304.1	79146	97384	1	1	1	0	1	24
JH584304.1	79146	100653	1	1	1	0	1	24
JH584304.1	79146	101121	1	1	1	0	1	24
JH584304.1	79146	101823	1	1	1	0	1	24
JH584304.1	79146	102991	1	1	1	0	1	24
JH584304.1	79146	108134	1	1	1	0	1	24
JH584304.1	79293	85605	2	2	1	0	1	40
JH584304.1	79293	94725	2	2	1	0	1	40
JH584304.1	79828	101686	1	1	1	0	1	24
JH584304.1	79848	84991	1	1	1	0	1	26
JH584304.1	79848	94111	1	1	1	0	1	26
JH584304.1	79848	110239	1	1	1	0	1	26
JH584304.1	79994	82097	2	2	1	0	2	34
JH584304.1	79994	83501	2	2	1	0	2	29
JH584304.1	79994	89348	2	2	1	0	2	29
JH584304.1	79994	91217	2	2	1	0	2	34
JH584304.1	79994	92621	2	2	1	0	2	29
JH584304.1	79994	99164	2	2	1	0	1	29
JH584304.1	79994	103371	2	2	1	0	1	30
JH584304.1	80002	87719	1	1	1	0	2	26
JH584304.1	80002	103848	1	1	1	0	2	26
JH584304.1	80002	112967	1	1	1	0	2	26
JH584304.1	80023	87563	1	1	1	0	1	40
JH584304.1	81016	81249	1	1	1	0	3	25
JH584304.1	81464	101686	1	1	1	0	1	24
JH584304.1	81484	84991	1	1	1	0	1	26
JH584304.1	81484	94111	1	1	1	0	1	26
JH584304.1	81484	110239	1	1	1	0	1	26
JH584304.1	81631	82097	2	2	1	0	3	34
JH584304.1	81631	83501	2	2	1	0	3	29
JH584304.1	81631	86307	2	2	1	0	1	19
JH584304.1	81631	89348	2	2	1	0	3	29
JH584304.1	81631	91217	2	2	1	0	3	34
JH584304.1	81631	92621	2	2	1	0	3	29
JH584304.1	81631	95427	2	2	1	0	1	19
JH584304.1	81631	97064	2	2	1	0	3	29
JH584304.1	81631	99164	2	2	1	0	2	29
JH584304.1	81631	103371	2	2	1	0	1	30
JH584304.1	81631	111555	2	2	1	0	1	19
JH584304.1	81639	87719	1	1	1	0	2	26
JH584304.1	81639	103848	1	1	1	0	2	26
JH584304.1	81639	112967	1	1	1	0	2	26
JH584304.1	81660	87563	1	1	1	0	1	40
JH584304.1	82135	90787	1	1	1	0	2	33
JH584304.1	82399	101686	1	1	1	0	1	24
JH584304.1	83539	90787	1	1	1	0	3	38
JH584304.1	84036	101686	1	1	1	0	1	24
JH584304.1	84290	106497	1	1	0	0	1	27
JH584304.1	85206	101686	1	1	1	0	1	24
JH584304.1	85693	89668	1	1	1	0	1	24
JH584304.1	85693	92006	1	1	1	0	2	24
JH584304.1	85693	97384	1	1	1	0	1	24
JH584304.1	85693	100653	1	1	1	0	2	24
JH584304.1	85693	101121	1	1	1	0	2	24
JH584304.1	85693	101823	1	1	1	0	1	24
JH584304.1	85693	102991	1	1	1	0	1	24
JH584304.1	85693	108134	1	1	1	0	1	24
JH584304.1	86142	101686	1	1	1	0	1	24
JH584304.1	86162	94111	1	1	1	0	1	26
JH584304.1	86162	110239	1	1	1	0	1	26
JH584304.1	86542	87008	2	2	1	0	2	29
JH584304.1	86542	87710	2	2	1	0	1	29
JH584304.1	86542	112958	2	2	1	0	1	29
JH584304.1	86550	87017	1	1	1	0	1	27
JH584304.1	86550	87719	1	1	1	0	1	27
JH584304.1	86550	103848	1	1	1	0	1	27
JH584304.1	86550	112967	1	1	1	0	1	27
JH584304.1	86629	91304	1	1	1	0	2	33
JH584304.1	87046	90787	1	1	1	0	3	38
JH584304.1	87778	101686	1	1	1	0	1	24
JH584304.1	90137	106497	1	1	0	0	1	27
JH584304.1	90584	101686	1	1	1	0	1	24
JH584304.1	90604	94111	1	1	1	0	1	26
JH584304.1	90604	110239	1	1	1	0	1	26
JH584304.1	90751	91217	2	2	1	0	3	34
JH584304.1	90751	92621	2	2	1	0	3	29
JH584304.1	90751	95427	2	2	1	0	1	19
JH584304.1	90751	97064	2	2	1	0	3	29
JH584304.1	90751	99164	2	2	1	0	2	29
JH584304.1	90751	103371	2	2	1	0	1	30
JH584304.1	90751	103839	2	2	1	0	3	29
JH584304.1	90751	111555	2	2	1	0	1	19
JH584304.1	90759	103848	1	1	1	0	2	26
JH584304.1	90759	112967	1	1	1	0	2	26
JH584304.1	90838	106497	1	1	1	0	3	26
JH584304.1	91255	106915	1	1	1	0	2	33
JH584304.1	91519	101686	1	1	1	0	1	24
JH584304.1	92241	106497	1	1	1	0	2	25
JH584304.1	92659	106915	1	1	1	0	3	38
JH584304.1	93156	101686	1	1	1	0	1	24
JH584304.1	93410	106497	1	1	0	0	1	27
JH584304.1	94259	94725	2	2	1	0	1	40
JH584304.1	94259	97064	2	2	1	0	2	32
JH584304.1	94259	99164	2	2	1	0	1	32
JH584304.1	94259	103839	2	2	1	0	1	32
JH584304.1	94259	104306	2	2	1	0	1	40
JH584304.1	94259	108749	2	2	1	0	2	32
JH584304.1	94326	101686	1	1	1	0	1	24
JH584304.1	94579	106497	1	1	1	0	2	25
JH584304.1	94813	97384	1	1	1	0	1	24
JH584304.1	94813	100653	1	1	1	0	2	24
JH584304.1	94813	101121	1	1	1	0	2	24
JH584304.1	94813	101823	1	1	1	0	1	24
JH584304.1	94813	102991	1	1	1	0	2	24
JH584304.1	94813	108134	1	1	1	0	2	24
JH584304.1	95262	101686	1	1	1	0	1	24
JH584304.1	95282	110239	1	1	1	0	1	26
JH584304.1	95515	106497	1	1	1	0	2	25
JH584304.1	95662	96128	2	2	1	0	2	29
JH584304.1	95662	112958	2	2	1	0	1	29
JH584304.1	95670	96137	1	1	1	0	1	27
JH584304.1	95670	103848	1	1	1	0	1	27
JH584304.1	95670	112967	1	1	1	0	1	27
JH584304.1	95749	105795	1	1	1	0	2	33
JH584304.1	95749	107432	1	1	1	0	2	33
JH584304.1	96166	106915	1	1	1	0	3	38
JH584304.1	96684	106497	1	1	1	0	2	25
JH584304.1	97853	106497	1	1	0	0	1	27
JH584304.1	98495	112811	1	1	1	0	1	40
JH584304.1	99202	106915	1	1	1	0	3	38
JH584304.1	99252	101823	1	1	1	0	4	30
JH584304.1	99718	106497	1	1	1	0	2	25
JH584304.1	100099	105241	2	2	1	0	1	16
JH584304.1	100099	106878	2	2	1	0	1	12
JH584304.1	100362	112811	1	1	1	0	1	40
JH584304.1	100400	101686	1	1	1	0	1	24
JH584304.1	100536	106497	1	1	1	0	2	28
JH584304.1	100888	105562	1	1	1	0	1	29
JH584304.1	100888	106497	1	1	1	0	7	38
JH584304.1	100888	107199	1	1	1	0	1	29
JH584304.1	100888	112110	1	1	1	0	1	29
JH584304.1	101035	104306	2	2	1	0	1	40
JH584304.1	101035	110853	2	2	1	0	1	40
JH584304.1	101269	104306	2	2	1	0	1	40
JH584304.1	101269	110853	2	2	1	0	1	40
JH584304.1	101824	106497	1	1	1	0	3	26
JH584304.1	102000	110004	1	1	0	0	1	13
JH584304.1	102700	110004	1	1	1	0	1	16
JH584304.1	102700	111876	1	1	1	0	1	16
JH584304.1	102700	112811	1	1	1	0	1	40
JH584304.1	102700	113278	1	1	1	0	1	16
JH584304.1	102758	105562	1	1	1	0	1	29
JH584304.1	102758	106497	1	1	1	0	19	41
JH584304.1	102758	107199	1	1	1	0	1	29
JH584304.1	102758	112110	1	1	1	0	1	29
JH584304.1	102874	106497	1	1	1	0	2	28
JH584304.1	102992	105795	1	1	1	0	2	33
JH584304.1	102992	107432	1	1	1	0	2	33
JH584304.1	103167	112811	1	1	1	0	1	40
JH584304.1	103225	105562	1	1	1	0	1	29
JH584304.1	103225	107199	1	1	1	0	1	29
JH584304.1	103225	112110	1	1	1	0	1	29
JH584304.1	103877	106915	1	1	1	0	3	38
JH584304.1	103927	105562	1	1	1	0	1	29
JH584304.1	103927	106497	1	1	1	0	46	45
JH584304.1	103927	107199	1	1	1	0	1	29
JH584304.1	103927	108134	1	1	1	0	1	9
JH584304.1	103927	112110	1	1	1	0	1	29
JH584304.1	104160	106497	1	1	1	0	2	25
JH584304.1	104394	104627	1	1	1	0	1	24
JH584304.1	104394	108134	1	1	1	0	2	24
JH584304.1	104541	110853	2	2	1	0	1	40
JH584304.1	104628	106497	1	1	0	0	1	27
JH584304.1	105096	110239	1	1	1	0	1	26
JH584304.1	105242	107345	2	2	1	0	2	34
JH584304.1	105242	108749	2	2	1	0	2	29
JH584304.1	105242	114362	2	2	1	0	2	29
JH584304.1	105250	112967	1	1	1	0	2	26
JH584304.1	105271	112811	1	1	1	0	1	40
JH584304.1	106264	106497	1	1	1	0	3	25
JH584304.1	106732	110239	1	1	1	0	1	26
JH584304.1	106879	107345	2	2	1	0	2	34
JH584304.1	106879	108749	2	2	1	0	2	29
JH584304.1	106879	114362	2	2	1	0	2	29
JH584304.1	106887	112967	1	1	1	0	2	26
JH584304.1	106908	112811	1	1	1	0	1	40
JH584304.1	111790	112256	2	2	1	0	2	29
JH584304.1	111790	112958	2	2	1	0	1	29
JH584304.1	111798	112265	1	1	1	0	1	27
JH584304.1	111798	112967	1	1	1	0	1	27
