chr1	4928200	4937692	1	1	1	0	1	43
chr1	4948356	4956966	1	1	1	0	2	35
chr1	6304312	6304452	1	1	1	1	0	44
chr1	6320392	6331153	1	1	1	1	0	43
chr1	6342996	6344421	1	1	1	1	0	43
chr1	7233596	7239738	1	1	1	1	0	29
chr1	10012381	10012547	2	2	1	1	0	38
chr1	10115410	10117648	1	3	1	1	0	32
chr1	10117752	10128944	1	1	1	1	0	24
chr1	10145172	10147396	1	1	1	2	0	41
chr1	10251267	10253887	2	2	1	2	0	45
chr1	10259179	10259446	2	2	1	1	0	38
chr1	13646677	13648323	2	2	1	1	0	21
chr1	13648383	13649673	2	2	1	2	0	46
chr1	13697662	13700288	2	2	1	1	0	43
chr1	13700438	13708454	2	2	1	1	0	14
chr1	16171584	16171950	2	2	1	31	1	44
chr1	16172161	16172713	2	2	1	3	0	36
chr1	16713703	16715909	2	2	1	1	0	27
chr1	16758844	16761907	1	1	1	1	0	10
chr1	20594490	20604066	2	2	1	2	0	8
chr1	21333149	21335066	1	1	1	2	0	30
chr1	23905379	23915454	2	2	1	2	0	5
chr1	23915531	23916789	2	2	1	10	0	42
chr1	23916876	23930940	2	2	1	6	0	44
chr1	24654768	24654808	0	0	0	0	3	41
chr1	30860396	30863290	2	2	1	1	2	26
chr1	36196583	36197188	2	2	1	1	0	31
chr1	36731366	36731531	1	1	1	1	0	31
chr1	36731632	36732277	1	1	1	7	0	30
chr1	36838485	36840905	2	2	1	2	0	22
chr1	36841034	36843548	2	2	1	3	0	39
chr1	38037406	38056886	1	1	1	1	1	39
chr1	38057013	38057105	1	1	1	1	0	30
chr1	38058616	38060674	1	1	1	9	0	32
chr1	38060893	38061244	1	1	1	4	0	43
chr1	38072239	38073109	1	3	1	1	0	35
chr1	38073185	38075073	1	1	1	1	0	28
chr1	38084588	38084728	1	1	1	1	0	35
chr1	39407337	39409094	1	1	1	0	1	21
chr1	39409221	39410034	1	1	1	14	0	36
chr1	39410148	39410382	1	1	1	48	0	45
chr1	44022753	44029670	1	1	1	1	0	42
chr1	51790456	51794801	2	2	1	1	0	20
chr1	51803124	51805980	2	2	1	2	0	36
chr1	51806068	51808162	2	2	1	2	0	19
chr1	51833558	51836157	2	2	1	1	0	34
chr1	51836695	51838690	2	2	1	4	0	34
chr1	52161881	52162272	1	1	1	1	0	32
chr1	53362430	53365162	1	1	1	1	0	31
chr1	55042365	55042451	2	2	1	1	0	8
chr1	55053722	55055534	2	2	1	2	0	28
chr1	55117085	55117585	1	3	1	2	0	16
chr1	55118390	55119260	2	2	1	1	0	13
chr1	55119507	55120231	2	2	1	3	0	45
chr1	55121311	55122225	2	4	1	1	0	40
chr1	55123945	55125924	2	2	1	1	0	42
chr1	55127572	55128209	1	1	1	1	0	18
chr1	55128375	55129871	1	1	1	0	2	38
chr1	55129962	55130228	1	1	1	14	0	35
chr1	57429918	57430607	2	2	1	1	0	35
chr1	57918776	57921864	1	1	1	1	0	20
chr1	58108006	58109199	1	1	1	1	0	42
chr1	58143667	58144123	1	1	1	1	0	40
chr1	58160264	58164176	1	1	1	12	0	32
chr1	58164239	58166785	1	1	1	5	0	37
chr1	58198179	58198795	1	1	1	1	0	33
chr1	58198919	58202507	1	1	1	2	0	34
chr1	58433435	58436834	1	1	1	2	0	26
chr1	58437012	58438162	1	1	1	1	0	38
chr1	58440002	58440272	1	1	1	1	0	7
chr1	58440383	58440499	1	1	1	1	0	37
chr1	58443514	58444193	1	1	1	1	0	5
chr1	58453661	58453748	2	2	1	2	0	5
chr1	58522863	58532015	2	2	1	1	0	10
chr1	58532048	58532819	2	2	1	1	0	32
chr1	58958006	58958379	2	2	1	1	0	32
chr1	59626303	59626601	2	2	1	0	2	41
chr1	59748296	59749653	1	1	1	1	0	31
chr1	60117401	60119677	2	2	1	4	0	31
chr1	60121556	60121667	2	2	1	2	0	38
chr1	60234336	60239263	1	1	1	4	0	35
chr1	60309589	60311291	1	1	1	1	0	38
chr1	60311417	60316283	1	1	1	1	0	10
chr1	60402517	60405807	1	1	1	1	0	6
chr1	60522500	60532696	2	2	1	1	0	13
chr1	62383300	62384028	1	1	1	1	0	43
chr1	63217036	63217597	1	1	1	1	0	45
chr1	63218533	63218616	1	1	1	8	0	31
chr1	63554800	63567916	1	1	1	2	0	7
chr1	65033128	65033373	2	4	1	0	3	19
chr1	65197902	65198011	1	1	1	1	0	30
chr1	65207764	65210117	2	2	1	2	0	46
chr1	65210410	65214389	2	2	1	1	0	39
chr1	66870687	66876120	2	2	1	2	0	27
chr1	67042717	67043497	2	2	1	2	0	39
chr1	67044126	67046026	2	2	1	1	0	33
chr1	67179026	67182023	1	1	1	1	0	26
chr1	67182169	67183024	1	1	1	1	0	16
chr1	67191531	67195291	1	1	1	2	0	28
chr1	67200117	67201739	1	1	1	2	0	44
chr1	67204731	67205527	1	1	1	1	0	35
chr1	67205686	67207399	1	1	1	2	0	28
chr1	67207529	67210007	1	1	1	2	0	43
chr1	67213661	67216067	1	1	1	1	0	32
chr1	67216245	67219229	1	1	1	2	0	3
chr1	67219349	67234301	1	1	1	3	0	44
chr1	67248833	67251561	1	1	1	1	0	46
chr1	67251670	67253175	1	1	1	1	0	3
chr1	67267508	67268547	1	1	1	1	0	11
chr1	71626103	71629256	2	2	1	1	0	4
chr1	71632395	71634822	2	2	1	6	0	42
chr1	71671322	71676410	2	2	1	1	0	26
chr1	71681291	71682118	2	2	1	1	0	3
chr1	71688485	71689720	2	2	1	1	0	41
chr1	72378257	72379147	1	1	1	1	0	35
chr1	72750483	72750830	1	1	1	0	1	34
chr1	72750960	72751300	1	3	1	34	0	45
chr1	72751384	72752660	1	1	1	84	27	45
chr1	72888864	72891156	1	1	1	1	0	11
chr1	74088298	74089004	1	1	1	1	0	20
chr1	74285274	74287290	1	1	1	1	0	35
chr1	74303003	74303511	1	1	1	5	0	28
chr1	74303613	74306929	1	1	1	2	0	31
chr1	74775196	74775839	1	1	1	1	0	32
chr1	74776551	74776701	1	1	1	1	0	7
chr1	75121748	75121902	1	1	1	1	0	5
chr1	75146276	75146408	1	1	1	1	0	7
chr1	75148403	75148510	1	1	1	3	0	36
chr1	75148633	75148757	2	2	1	1	0	22
chr1	75149610	75150188	2	2	1	2	0	5
chr1	75285354	75285942	2	2	1	2	0	24
chr1	78585585	78586113	1	1	1	1	0	14
chr1	82836171	82848405	1	1	1	1	0	6
chr1	85310536	85318193	2	2	1	0	1	30
chr1	85440645	85440834	1	1	1	0	1	14
chr1	86056028	86058358	1	1	1	8	0	38
chr1	86058452	86060435	1	1	1	12	0	38
chr1	86064839	86066801	1	1	1	1	0	30
chr1	86278419	86278533	2	2	1	4	0	37
chr1	86280042	86280231	2	2	1	1	0	13
chr1	86281003	86281453	2	2	1	1	0	36
chr1	86282867	86283773	2	2	1	1	0	34
chr1	86284464	86284678	2	2	1	3	0	26
chr1	86285946	86286927	2	2	1	1	0	14
chr1	86454673	86456894	1	1	1	1	1	41
chr1	86456967	86457177	1	1	1	3	0	22
chr1	86457527	86457686	1	1	1	3	0	43
chr1	86672551	86673062	1	1	1	1	0	25
chr1	87877750	87877880	2	2	1	1	0	30
chr1	88346160	88348304	1	1	1	2	0	42
chr1	88348401	88354043	1	1	1	20	0	45
chr1	91033020	91035019	1	1	1	2	0	44
chr1	91236538	91237518	1	1	1	1	0	28
chr1	91248538	91248731	2	2	1	1	0	13
chr1	92367630	92379732	2	2	1	1	0	5
chr1	92565126	92567408	2	2	1	2	0	39
chr1	93068129	93069035	1	1	1	2	0	33
chr1	93069132	93069789	1	1	1	1	0	34
chr1	93282168	93285478	1	1	1	2	0	18
chr1	93335982	93336090	2	2	1	1	0	6
chr1	93355359	93355869	2	2	1	1	0	4
chr1	93355975	93357099	2	2	1	1	0	26
chr1	93358893	93359033	2	2	1	3	0	29
chr1	93368515	93369907	2	2	1	2	0	20
chr1	93369973	93373301	2	2	1	2	0	7
chr1	93426869	93426994	1	1	1	1	0	34
chr1	97813512	97822085	2	2	1	2	0	26
chr1	105284631	105289313	1	1	1	1	0	36
chr1	105284683	105289313	1	1	1	1	0	13
chr1	105949589	105950929	1	1	1	1	0	44
chr1	120041264	120044115	2	2	1	13	0	46
chr1	120044179	120047624	2	2	1	7	0	42
chr1	121493898	121495519	2	2	1	1	0	5
chr1	127846027	127847304	1	1	1	1	0	16
chr1	128186741	128187180	1	1	1	5	0	43
chr1	128187275	128188570	1	1	1	7	0	43
chr1	128188626	128190529	1	1	1	9	0	40
chr1	128306615	128314853	2	2	1	2	0	41
chr1	128319111	128333102	2	2	1	1	0	36
chr1	130575958	130576120	2	2	1	2	0	42
chr1	130691354	130691763	2	2	1	1	0	20
chr1	130775283	130776174	1	1	1	5	0	39
chr1	130776856	130777224	1	1	1	4	0	43
chr1	130777357	130777467	1	1	1	1	0	6
chr1	130777527	130779578	1	1	1	1	0	27
chr1	131095978	131098673	1	1	1	3	0	27
chr1	131098849	131101040	1	1	1	1	0	25
chr1	131339701	131364412	2	2	1	1	0	6
chr1	131741729	131742117	1	1	1	1	0	45
chr1	131743850	131743992	1	3	1	1	0	26
chr1	131846793	131849680	1	1	1	3	0	29
chr1	131852380	131855801	1	1	1	1	0	26
chr1	131855955	131857350	1	1	1	4	0	45
chr1	131855955	131857353	1	1	1	4	0	33
chr1	131857501	131858771	1	1	1	1	0	11
chr1	132924448	132929020	2	2	1	1	0	39
chr1	132931629	132936874	2	2	1	1	0	25
chr1	132936931	132938802	2	2	1	1	0	11
chr1	133061354	133064400	1	1	1	1	0	32
chr1	133531815	133534238	2	2	1	2	0	39
chr1	134005103	134005257	2	2	1	1	0	41
chr1	134275933	134277820	2	2	1	2	0	6
chr1	135233956	135236872	2	2	1	1	0	15
chr1	135679551	135679853	2	4	1	1	0	17
chr1	138779912	138781308	2	2	1	1	0	34
chr1	139626030	139629536	2	2	1	1	0	12
chr1	139659445	139660040	2	2	1	1	0	4
chr1	139660215	139660777	2	2	1	0	4	18
chr1	139660215	139661148	2	2	1	0	2	3
chr1	139660988	139661148	2	2	1	2	0	18
chr1	139661326	139664535	2	2	1	1	0	38
chr1	139664713	139666928	2	2	1	7	1	40
chr1	139667109	139667194	2	2	1	3	0	37
chr1	139668327	139680711	2	2	1	0	1	26
chr1	139811117	139811844	2	2	1	0	1	37
chr1	139842452	139842822	2	2	1	0	1	44
chr1	139868367	139887357	2	2	1	0	1	26
chr1	140028723	140029322	2	2	1	2	0	31
chr1	140029497	140030074	2	2	1	0	4	18
chr1	140029497	140030445	2	2	1	0	2	3
chr1	140033310	140036229	2	2	1	0	1	28
chr1	140036410	140036495	2	2	1	1	0	3
chr1	140036682	140040170	2	2	1	0	1	37
chr1	140040345	140046324	2	2	1	1	0	30
chr1	140046502	140047608	2	2	1	2	0	46
chr1	140047792	140063884	2	2	1	1	0	15
chr1	140064062	140064433	2	2	1	0	1	44
chr1	140090875	140110902	2	2	1	1	0	19
chr1	147544587	147553311	1	1	1	1	0	35
chr1	150238640	150239241	2	2	1	1	0	35
chr1	150269410	150270949	1	1	1	1	0	6
chr1	150278103	150279348	1	1	1	2	0	13
chr1	150283161	150283240	1	1	1	1	0	23
chr1	150283329	150284494	1	1	1	2	0	20
chr1	150284636	150284953	1	1	1	1	0	25
chr1	150285046	150285730	1	1	1	2	0	12
chr1	150290301	150290416	1	1	1	3	0	21
chr1	150290566	150291819	1	1	1	1	0	45
chr1	150293268	150293698	1	1	1	1	0	39
chr1	150299733	150300413	1	1	1	1	0	12
chr1	150332089	150336402	2	2	1	1	0	25
chr1	152417133	152417961	1	1	1	2	0	46
chr1	153635423	153636520	1	1	1	2	0	16
chr1	155443428	155447943	1	1	1	2	0	24
chr1	155906178	155907159	2	2	1	1	0	22
chr1	155907220	155908360	2	2	1	1	0	22
chr1	156728207	156729355	2	2	1	1	0	3
chr1	159154772	159156171	1	1	1	0	1	45
chr1	159170422	159172390	1	1	1	0	1	43
chr1	160219794	160269392	2	2	1	1	0	26
chr1	160825311	160827558	1	1	1	2	0	37
chr1	160827624	160829856	1	1	1	13	0	43
chr1	160863585	160863777	1	1	1	3	0	26
chr1	160863815	160864118	1	1	1	1	0	30
chr1	160864423	160866026	1	1	1	1	0	4
chr1	160864886	160865074	1	1	1	1	0	8
chr1	160865118	160865564	1	1	1	6	0	41
chr1	160865608	160865794	1	1	1	11	1	43
chr1	160865843	160866026	1	1	1	14	1	39
chr1	161069420	161071144	2	2	1	1	0	14
chr1	162505028	162505578	2	2	1	2	0	45
chr1	162520194	162520304	2	2	1	1	0	15
chr1	162526603	162529750	2	2	1	1	0	34
chr1	162538399	162540872	2	2	1	1	0	27
chr1	162549109	162550678	2	2	1	1	0	4
chr1	164035493	164036505	1	1	1	2	0	8
chr1	164042096	164044935	1	1	1	1	0	39
chr1	164045119	164046946	1	1	1	22	0	45
chr1	165047764	165050097	2	2	1	1	0	4
chr1	165302564	165308471	1	1	1	1	0	30
chr1	165305875	165307035	1	1	1	1	0	23
chr1	165307148	165308471	1	1	1	7	0	43
chr1	165598386	165601412	1	1	1	8	0	36
chr1	167136503	167136874	1	1	1	3	0	40
chr1	167153590	167157735	1	1	1	1	0	5
chr1	167192219	167193343	1	1	1	1	0	16
chr1	167200212	167201361	2	2	1	1	0	44
chr1	171045301	171046157	1	1	1	3	0	12
chr1	171052691	171052852	1	1	1	5	0	31
chr1	171052691	171052855	1	1	1	2	1	28
chr1	171052691	171052867	1	1	1	1	0	33
chr1	171052914	171053756	1	1	1	2	1	40
chr1	171052936	171053234	1	1	1	16	0	44
chr1	171053368	171053711	1	1	1	182	0	46
chr1	171053784	171053902	2	2	1	5	0	30
chr1	171053803	171053909	2	4	1	1	0	30
chr1	171170366	171171005	2	2	1	1	0	34
chr1	171247669	171247758	1	1	1	2	0	45
chr1	172001651	172003049	1	1	1	1	0	24
chr1	172102297	172103484	2	2	1	2	0	36
chr1	175429133	175431503	2	2	1	3	0	40
chr1	175431658	175433620	2	2	1	2	0	38
chr1	175471163	175488365	2	2	1	1	1	22
chr1	177612565	177623777	2	2	1	1	0	46
chr1	178025857	178065477	1	1	1	1	0	3
chr1	178156973	178157432	2	2	1	1	0	41
chr1	178157505	178157729	2	2	1	2	0	19
chr1	178158412	178158657	2	4	1	1	0	36
chr1	178163724	178164517	2	2	1	1	0	23
chr1	179922057	179928589	1	1	1	2	0	19
chr1	179928838	179933611	1	1	1	2	0	36
chr1	179996787	179996980	2	2	1	2	0	36
chr1	180055294	180056407	2	2	1	1	0	22
chr1	180406934	180408097	1	1	1	3	0	22
chr1	180803847	180819497	2	2	1	0	1	5
chr1	180818084	180819497	2	2	1	0	1	5
chr1	180989740	180993811	2	2	1	2	0	34
chr1	181005397	181008868	2	2	1	4	0	43
chr1	181011962	181013512	2	2	1	1	0	41
chr1	183113782	183114963	2	2	1	2	0	45
chr1	183115103	183115257	2	2	1	1	0	32
chr1	183115493	183116294	2	2	1	2	0	12
chr1	183116608	183117373	2	2	1	1	0	36
chr1	183143476	183146987	2	2	1	1	0	43
chr1	183189544	183190053	1	1	1	1	0	14
chr1	184520039	184527430	2	2	1	4	0	29
chr1	184546081	184551397	2	2	1	11	0	44
chr1	184551545	184554531	2	2	1	3	0	38
chr1	184554604	184554685	2	2	1	1	0	9
chr1	185105255	185106314	1	1	1	2	0	41
chr1	185106410	185110971	1	1	1	4	0	29
chr1	185111935	185113996	1	1	1	1	0	22
chr1	185117308	185118442	1	1	1	1	0	36
chr1	185126671	185128226	1	1	1	2	0	16
chr1	185129465	185130590	1	1	1	1	0	15
chr1	185139392	185139687	1	1	1	8	0	44
chr1	191086173	191086727	2	2	1	7	0	43
chr1	191508542	191510494	1	1	1	2	0	37
chr1	192922725	192922834	2	2	1	2	0	10
chr1	194781150	194793387	2	2	1	1	0	16
chr1	194786216	194789125	2	2	1	7	0	30
chr2	4723104	4725291	1	1	1	1	0	20
chr2	4935706	4940779	1	1	1	9	0	44
chr2	4940930	4942486	1	1	1	2	0	38
chr2	4942622	4943117	1	1	1	2	0	41
chr2	5045085	5047257	2	2	1	1	0	22
chr2	5907862	5908770	2	2	1	1	0	31
chr2	5956365	5962281	1	1	1	2	0	23
chr2	10060973	10061580	2	2	1	20	0	37
chr2	10061618	10063806	2	2	1	16	0	37
chr2	10063904	10064311	2	2	1	1	0	8
chr2	10095175	10096528	1	1	1	1	0	26
chr2	10103379	10106885	2	2	1	1	0	32
chr2	10107024	10107595	2	2	1	2	0	27
chr2	10111646	10114291	2	4	1	2	0	34
chr2	10113751	10114291	2	4	1	1	0	31
chr2	11591777	11592531	2	2	1	1	0	17
chr2	11601607	11602862	2	2	1	1	0	34
chr2	13585495	13586423	1	1	1	2	0	3
chr2	13586510	13587283	1	1	1	2	0	3
chr2	14031818	14040589	2	2	1	0	1	31
chr2	18127160	18128529	1	1	1	2	0	7
chr2	18222137	18224261	2	2	1	1	0	38
chr2	18311878	18312725	2	2	1	1	0	7
chr2	18686735	18687033	1	1	1	1	0	23
chr2	18850790	18852244	2	2	1	1	0	16
chr2	20855197	20857848	2	2	1	1	0	7
chr2	20858295	20904889	2	2	1	1	0	14
chr2	20904742	20904837	2	2	1	0	7	43
chr2	22478077	22634873	0	0	1	15	2	30
chr2	22478087	22478116	0	0	1	24	6	42
chr2	22965623	22968155	1	1	1	1	0	41
chr2	22980595	22984300	1	1	1	2	0	26
chr2	23000299	23000665	1	1	1	2	0	38
chr2	23002694	23005483	1	1	1	1	0	42
chr2	23046744	23050203	1	1	1	1	0	19
chr2	24864694	24864899	2	2	1	2	0	33
chr2	25224505	25228124	1	1	1	1	0	4
chr2	25388836	25388916	2	2	1	31	0	39
chr2	25388956	25389025	2	2	1	15	0	39
chr2	25389128	25389409	2	2	1	1	0	46
chr2	25451075	25451862	1	1	1	1	0	4
chr2	25474174	25474787	2	2	1	1	0	26
chr2	26001644	26002233	1	1	1	1	0	25
chr2	26306724	26309632	2	2	1	1	0	28
chr2	26802814	26802999	1	1	1	3	0	39
chr2	26803070	26803176	1	1	1	43	0	40
chr2	26803518	26803588	2	2	1	4	0	38
chr2	26803671	26803924	2	2	1	3	0	43
chr2	26814544	26814964	2	2	1	3	0	25
chr2	26815009	26815619	2	2	1	2	0	37
chr2	27353605	27353900	2	2	1	1	0	45
chr2	27631216	27631775	1	1	1	1	0	16
chr2	29959443	29959529	1	1	1	1	0	28
chr2	30949030	30972985	2	2	1	1	0	17
chr2	31364783	31366897	1	1	1	1	0	11
chr2	31369016	31370986	1	1	1	0	1	29
chr2	31377219	31377354	1	3	1	1	0	39
chr2	31382397	31383156	1	1	1	4	0	18
chr2	31383188	31388158	1	1	1	8	0	31
chr2	31388250	31390844	1	1	1	1	0	19
chr2	31391565	31400121	1	1	1	0	2	30
chr2	31404848	31408737	1	1	1	5	5	44
chr2	31408804	31410383	1	1	1	3	15	42
chr2	31488713	31490464	1	1	1	1	0	45
chr2	31870593	31872622	1	1	1	1	0	32
chr2	32461308	32462308	1	1	1	2	0	12
chr2	32852685	32852996	1	1	1	1	0	17
chr2	32853079	32853508	1	1	1	3	0	34
chr2	32853596	32853752	1	1	1	7	1	39
chr2	32853866	32854002	1	1	1	24	4	42
chr2	34322343	34325144	1	1	1	1	0	23
chr2	34663320	34663832	1	1	1	1	0	3
chr2	34663946	34664039	1	1	1	1	0	30
chr2	34664785	34665077	1	1	1	2	0	38
chr2	34665246	34665562	1	1	1	1	0	26
chr2	34873823	34874709	2	2	1	2	0	36
chr2	34893540	34896111	2	2	1	2	0	45
chr2	34900090	34903007	2	2	1	2	0	37
chr2	34903700	34905074	2	2	1	1	0	34
chr2	34921989	34922108	2	2	1	1	0	43
chr2	34924624	34925967	2	2	1	2	0	36
chr2	34935953	34940415	2	2	1	1	0	22
chr2	34940579	34947254	2	2	1	1	0	28
chr2	34972504	34975182	2	2	1	1	0	21
chr2	34976176	34976442	2	2	1	2	0	25
chr2	34988093	34990866	2	2	1	1	0	20
chr2	35076753	35079911	2	2	1	1	0	41
chr2	37514603	37515189	2	2	1	1	0	10
chr2	38478301	38480708	2	2	1	2	0	18
chr2	38532288	38533369	2	2	1	1	0	13
chr2	38891778	38894118	2	2	1	1	11	45
chr2	38894201	38894743	2	2	1	2	0	30
chr2	38931365	38937034	2	2	1	1	0	11
chr2	38937147	38937608	2	2	1	1	0	29
chr2	43561424	43562682	1	1	1	3	0	25
chr2	44884672	44886037	2	2	1	1	0	34
chr2	50182966	50186263	2	2	1	1	0	23
chr2	51849005	51850582	2	2	1	1	0	44
chr2	51997013	51997649	1	1	1	2	0	5
chr2	52145649	52146101	2	2	1	1	0	10
chr2	52174367	52175966	2	2	1	2	0	14
chr2	52200658	52203129	2	2	1	1	0	18
chr2	52203238	52203787	2	2	1	1	0	9
chr2	53029283	53030472	2	2	1	1	0	12
chr2	53030605	53031630	2	2	1	2	0	28
chr2	53031693	53031778	2	2	1	4	0	32
chr2	53034892	53035244	2	2	1	2	0	35
chr2	53035749	53035835	2	2	1	3	0	16
chr2	53040784	53041690	2	2	1	3	0	25
chr2	53041842	53042457	2	2	1	1	0	9
chr2	53043541	53043975	2	2	1	1	0	41
chr2	53044085	53046634	2	2	1	1	0	6
chr2	58353169	58358525	2	2	1	1	0	6
chr2	59168046	59169062	1	1	1	6	0	43
chr2	59732336	59733502	2	2	1	1	0	14
chr2	59747843	59748782	2	2	1	1	0	34
chr2	59773375	59778430	2	2	1	4	0	43
chr2	60074015	60075555	1	1	1	2	0	24
chr2	60075605	60078233	1	1	1	1	0	19
chr2	60102557	60114403	2	2	1	1	0	30
chr2	60592664	60593579	2	2	1	1	0	44
chr2	61444143	61457249	1	1	1	1	0	29
chr2	61607125	61614176	1	1	1	1	0	28
chr2	61614252	61615777	1	1	1	2	0	43
chr2	61615904	61627738	1	1	1	1	0	11
chr2	61627802	61630325	1	1	1	1	0	18
chr2	62175465	62178161	2	2	1	1	0	27
chr2	62191061	62193005	2	2	1	1	0	38
chr2	62193051	62195271	2	2	1	1	0	9
chr2	64966891	64981322	2	2	1	1	0	30
chr2	68989176	68991413	1	3	1	1	0	12
chr2	69115136	69115553	2	2	1	1	0	30
chr2	69285271	69285803	2	2	1	1	0	25
chr2	69517485	69520406	2	2	1	1	0	25
chr2	69579442	69579615	1	1	1	2	0	23
chr2	69696638	69696831	1	1	1	1	0	28
chr2	69697007	69697615	1	1	1	1	0	40
chr2	69697724	69697795	1	1	1	1	0	32
chr2	69701178	69701465	1	1	1	1	0	40
chr2	70508959	70509775	1	1	1	2	0	11
chr2	70575984	70576277	2	2	1	1	0	11
chr2	70600420	70617220	2	2	1	1	0	42
chr2	71042190	71044782	1	1	1	1	0	18
chr2	71042419	71044782	1	1	1	2	0	8
chr2	71703910	71705749	1	1	1	1	0	36
chr2	73115380	73116681	2	2	1	0	1	5
chr2	73116768	73117952	2	2	1	0	5	46
chr2	73145937	73148589	1	1	1	1	0	25
chr2	73161502	73166054	1	1	1	1	0	39
chr2	73738903	73739537	2	2	1	2	0	31
chr2	73739052	73739527	2	2	1	1	0	15
chr2	75492162	75492239	1	1	1	1	0	34
chr2	75494059	75495371	1	1	1	0	1	32
chr2	75495495	75495577	1	1	1	2	0	27
chr2	76202502	76203903	1	1	1	1	0	15
chr2	76616850	76616960	2	2	1	1	0	18
chr2	76649161	76651459	2	2	1	1	0	30
chr2	76672181	76673114	2	2	1	1	0	16
chr2	76673193	76673719	2	2	1	1	0	29
chr2	76680432	76680649	2	2	1	1	0	13
chr2	76680725	76680913	2	2	1	1	0	39
chr2	76688035	76688247	2	2	1	1	0	19
chr2	76693204	76693617	2	2	1	2	0	25
chr2	76695642	76697501	2	2	1	1	0	5
chr2	76776901	76777040	2	2	1	1	0	19
chr2	83488966	83490401	1	1	1	3	0	43
chr2	84263529	84264585	2	2	1	2	0	8
chr2	84439419	84439873	2	2	1	1	0	4
chr2	84499742	84500330	2	2	1	1	0	25
chr2	84500735	84500826	2	2	1	1	0	17
chr2	84515792	84515946	1	1	1	1	0	11
chr2	84596172	84597618	2	2	1	1	0	31
chr2	84600255	84600436	2	2	1	1	0	37
chr2	84875925	84876027	1	1	1	3	0	41
chr2	84876117	84876596	1	1	1	1	0	13
chr2	90576171	90577039	1	1	1	2	0	9
chr2	90680049	90683183	1	1	1	2	0	27
chr2	90683211	90683394	1	1	1	2	0	27
chr2	90694010	90695527	1	1	1	5	0	45
chr2	90725222	90728727	2	2	1	2	1	29
chr2	90729107	90732706	2	2	1	1	0	26
chr2	90888501	90889390	1	1	1	3	0	44
chr2	90889473	90889598	1	1	1	2	0	11
chr2	90970972	90973100	2	2	1	1	0	9
chr2	91036623	91037061	1	1	1	1	0	22
chr2	91093289	91093403	1	1	1	1	0	28
chr2	91455757	91455838	1	1	1	1	0	32
chr2	91455919	91456046	2	2	1	9	0	42
chr2	91456118	91458666	2	2	1	1	0	36
chr2	91460612	91460853	2	2	1	2	0	29
chr2	92209681	92210754	1	1	1	2	0	25
chr2	92210820	92211380	1	1	1	1	0	3
chr2	93252274	93260289	2	2	1	2	0	28
chr2	93864007	93864271	2	2	1	2	0	34
chr2	93947822	93988054	2	2	1	1	0	30
chr2	94244132	94248600	2	2	1	1	0	40
chr2	98492704	98493201	2	2	1	3	0	16
chr2	98493279	98497444	2	2	1	0	3	13
chr2	98493318	98497289	2	2	0	0	2	23
chr2	98493318	98497482	2	2	1	0	112	46
chr2	98496939	98497424	2	2	1	2	1	35
chr2	98496959	98497444	2	2	1	0	6	20
chr2	98496998	98497231	2	2	1	0	23	27
chr2	98496998	98497289	2	2	0	0	2	23
chr2	98496998	98497482	2	2	1	13	147	46
chr2	98497017	98497250	2	2	1	2	7	30
chr2	98497047	98497281	2	2	1	1	0	16
chr2	98497076	98497502	2	2	1	0	1	38
chr2	98497076	98497620	2	2	1	0	1	37
chr2	98497085	98497318	1	1	1	31	19	46
chr2	98497135	98497250	2	2	1	3	3	40
chr2	98497135	98497386	2	2	1	0	1	33
chr2	98497135	98497502	2	2	1	0	1	17
chr2	98497135	98497620	2	2	1	0	1	33
chr2	98497193	98497444	2	2	1	0	5	20
chr2	98497232	98497482	2	2	1	11	83	46
chr2	98497310	98497502	2	2	1	0	1	38
chr2	98497310	98497620	2	2	1	0	1	37
chr2	98497369	98497502	2	2	1	0	1	17
chr2	98497369	98497620	2	2	1	0	4	35
chr2	98497561	98497620	2	2	1	0	1	37
chr2	102922262	102922809	1	1	1	2	0	24
chr2	103287303	103290586	2	2	1	1	0	40
chr2	103304786	103307093	2	2	1	1	0	26
chr2	103602193	103603013	2	2	1	1	0	14
chr2	103613388	103613487	2	2	1	1	0	46
chr2	103911444	103921348	1	1	1	2	0	35
chr2	104553300	104553383	2	2	1	2	0	15
chr2	104830187	104830586	2	2	1	2	0	22
chr2	110095960	110098572	2	2	1	2	0	30
chr2	110122954	110134086	2	2	1	1	0	10
chr2	113884344	113912537	1	1	1	1	0	12
chr2	114003229	114005572	2	2	1	1	0	17
chr2	118273708	118276740	1	1	1	1	0	19
chr2	118702029	118703365	1	1	1	1	0	24
chr2	118998355	119000156	1	1	1	1	0	10
chr2	119003167	119009832	2	2	1	2	0	12
chr2	119262494	119263671	2	2	1	1	0	45
chr2	119391285	119397130	1	1	1	1	0	7
chr2	119536125	119541445	1	1	1	3	0	31
chr2	120369974	120385711	2	2	1	1	0	13
chr2	120376386	120385711	2	2	1	1	0	39
chr2	120747008	120748301	2	2	1	2	0	26
chr2	120748355	120751858	2	2	1	2	0	29
chr2	121257184	121259934	1	1	1	1	0	44
chr2	121260065	121262132	1	1	1	2	0	25
chr2	121264181	121264465	1	1	1	1	0	34
chr2	121264575	121265269	1	1	1	2	0	46
chr2	121265399	121266401	1	1	1	2	0	22
chr2	121266482	121266837	1	1	1	6	0	44
chr2	121266896	121268066	1	1	1	4	0	29
chr2	121288183	121288472	1	1	1	2	0	37
chr2	121288525	121288629	1	1	1	9	0	46
chr2	121859393	121871636	1	1	1	1	4	32
chr2	121871692	121872062	1	1	1	2	3	33
chr2	121878032	121880967	1	1	1	0	1	16
chr2	121881130	121882222	1	1	1	0	2	41
chr2	121978286	121981353	1	1	1	1	0	7
chr2	121981633	121982127	1	1	1	1	0	29
chr2	121982157	121983131	1	1	1	12	0	29
chr2	122090837	122093668	1	1	1	1	0	35
chr2	122093791	122094521	1	1	1	1	0	36
chr2	122561285	122562435	1	1	1	1	0	32
chr2	122646026	122649492	1	1	1	1	0	25
chr2	122650053	122651200	1	1	1	2	0	21
chr2	125684632	125686729	2	2	1	1	0	40
chr2	126406757	126409666	1	1	1	1	0	23
chr2	126409792	126416621	1	1	1	3	0	43
chr2	126416817	126419779	1	1	1	1	0	42
chr2	126419871	126420768	1	1	1	10	0	41
chr2	126420968	126422825	1	1	1	1	0	11
chr2	126428303	126429679	1	1	1	4	0	33
chr2	126495643	126500389	2	2	1	1	0	17
chr2	126593113	126594191	1	1	1	1	0	5
chr2	126651051	126651716	1	1	1	1	0	36
chr2	126768298	126768736	2	2	1	1	0	29
chr2	127278327	127278465	2	2	1	1	0	12
chr2	127278554	127278656	2	2	1	1	0	6
chr2	127433872	127436363	1	1	1	1	0	31
chr2	127633753	127634053	2	2	1	1	0	41
chr2	128809757	128833010	1	1	1	1	0	37
chr2	130013864	130014522	2	2	1	3	0	26
chr2	130119545	130119768	1	1	1	1	0	24
chr2	130374100	130375003	1	1	1	1	0	42
chr2	130496070	130497105	2	2	1	1	0	43
chr2	130496243	130496581	2	2	1	1	0	11
chr2	130500632	130503656	2	2	1	1	0	26
chr2	130503759	130503996	2	4	1	1	0	39
chr2	132093679	132093822	2	2	1	1	0	39
chr2	132146877	132147072	1	1	1	1	0	17
chr2	132376155	132376617	2	2	1	1	0	36
chr2	132388894	132389476	2	2	1	1	0	34
chr2	132396001	132398854	2	2	1	2	0	34
chr2	132406632	132410539	2	2	1	1	0	31
chr2	132652429	132652908	2	2	1	4	0	36
chr2	134440786	134441929	2	2	1	1	0	35
chr2	139962826	139965450	2	2	1	2	0	21
chr2	140044870	140045207	1	1	1	1	0	14
chr2	142581532	142582828	2	2	1	1	0	24
chr2	143757568	143780304	1	1	1	4	0	46
chr2	143796745	143796876	2	2	1	1	0	34
chr2	143796958	143797033	2	2	1	2	0	32
chr2	143798781	143799474	2	2	1	1	0	22
chr2	143832187	143852918	2	2	1	2	0	19
chr2	146182371	146183897	2	2	1	1	0	28
chr2	146866747	146867114	1	1	1	1	0	35
chr2	146867227	146868300	1	1	1	2	0	14
chr2	146871705	146871788	1	1	1	1	0	15
chr2	146910776	146916804	1	1	1	1	0	16
chr2	152092532	152096129	1	1	1	4	1	36
chr2	153029352	153029450	1	1	1	1	0	11
chr2	154726367	154729623	2	2	1	6	0	16
chr2	154729728	154730102	2	2	1	12	0	39
chr2	154730281	154734609	2	2	1	5	0	45
chr2	154902501	154904068	2	2	1	0	2	37
chr2	154980193	155005312	1	1	1	1	0	19
chr2	155859773	155859990	1	1	1	2	0	13
chr2	155986510	155987521	1	1	1	4	0	35
chr2	156014943	156019255	2	2	1	1	0	3
chr2	156019306	156020799	2	2	1	3	0	43
chr2	156130000	156134385	1	1	1	1	0	37
chr2	156941424	156943240	2	2	1	2	0	42
chr2	156941424	156943640	2	2	1	2	0	43
chr2	157892134	157900571	1	1	1	3	0	11
chr2	160488183	160488527	1	1	1	1	0	14
chr2	160488553	160512019	1	1	1	1	0	25
chr2	160512123	160524570	1	1	1	1	0	24
chr2	160524695	160526367	1	1	1	1	0	4
chr2	160526424	160529567	1	1	1	3	0	35
chr2	160529664	160532196	1	1	1	2	0	39
chr2	160532273	160535615	1	1	1	2	0	39
chr2	160544744	160545491	1	1	1	4	0	40
chr2	160599204	160599891	1	1	1	1	0	35
chr2	163325526	163383422	2	2	1	2	0	38
chr2	164268158	164270812	2	2	1	1	0	38
chr2	164619254	164619391	2	2	1	3	0	34
chr2	165694069	165717624	2	2	1	1	0	35
chr2	165815344	165821400	2	2	1	1	0	16
chr2	166775978	166822734	2	2	1	0	1	32
chr2	166791750	166792150	2	2	1	1	0	7
chr2	167816811	167817228	1	1	1	1	0	34
chr2	168052557	168053285	2	2	1	3	0	18
chr2	170056678	170092364	2	2	1	0	1	45
chr2	170056678	170092562	2	2	1	0	1	45
chr2	170358611	170360592	1	1	1	1	0	5
chr2	172308252	172308348	1	1	1	1	0	14
chr2	172995406	172995727	1	1	1	1	0	3
chr2	172999882	172999984	1	1	1	1	0	6
chr2	173962461	173962740	1	1	1	1	0	17
chr2	174187312	174188064	2	4	1	1	0	38
chr2	174187851	174188034	1	1	1	1	0	4
chr2	174303015	174304292	2	2	1	17	0	39
chr2	174304423	174305757	2	2	1	2	0	6
chr2	175977239	175977443	1	1	1	0	1	23
chr2	175977505	175978659	1	1	1	0	1	5
chr2	176609305	176610459	2	2	1	0	1	5
chr2	176610521	176610725	2	2	1	0	1	23
chr2	177079803	177080953	2	2	1	0	1	5
chr2	177081015	177081219	2	2	1	0	1	23
chr2	177409964	177410168	1	1	1	0	1	23
chr2	177410230	177411379	1	1	1	0	1	5
chr2	179678367	179678730	2	2	1	11	0	46
chr2	179678794	179679175	2	2	1	8	0	45
chr2	179681273	179684070	2	2	1	1	0	26
chr2	179817750	179817866	1	1	1	2	0	6
chr2	179899477	179899580	1	1	1	1	0	4
chr2	179899645	179899778	1	1	1	9	0	46
chr2	179899851	179900022	1	1	1	16	0	42
chr2	179900079	179900170	1	1	1	24	0	45
chr2	179902974	179903308	2	2	1	1	0	22
chr2	180236789	180237485	1	1	1	1	0	12
chr2	180326970	180329268	2	2	1	1	0	18
chr2	181296756	181297214	1	1	1	1	0	12
chr3	10077779	10080030	1	1	1	0	1	6
chr3	10380362	10381162	2	2	1	1	0	10
chr3	14616588	14619363	1	1	1	2	0	21
chr3	14671469	14672236	2	2	1	3	0	34
chr3	14672354	14674600	2	2	1	0	2	44
chr3	14674718	14676076	2	2	1	1	0	37
chr3	14915320	14916737	2	2	1	1	0	20
chr3	14929508	14931862	1	1	1	2	0	41
chr3	14931982	14933408	1	1	1	1	0	18
chr3	14933502	14934294	1	1	1	3	0	36
chr3	14934358	14935101	1	1	1	5	0	40
chr3	14935258	14936601	1	1	1	5	0	23
chr3	20018692	20020402	1	1	1	1	0	33
chr3	20020613	20022203	1	1	1	1	0	11
chr3	20037686	20039723	1	1	1	3	0	21
chr3	20041740	20042096	1	1	1	3	0	43
chr3	20042237	20043216	1	1	1	4	0	42
chr3	20043383	20046672	1	1	1	21	0	45
chr3	22245698	22246183	1	1	1	1	0	21
chr3	22246248	22246333	1	1	1	1	0	7
chr3	28771681	28772817	1	1	1	4	0	42
chr3	28772981	28773468	1	1	1	9	0	43
chr3	28861008	28861335	1	1	1	5	0	42
chr3	30854389	30855208	1	1	1	7	0	45
chr3	30855315	30863970	1	1	1	22	0	44
chr3	32567342	32568532	1	1	1	2	0	32
chr3	32799092	32800596	1	1	1	3	0	13
chr3	32800664	32801876	1	1	1	4	0	38
chr3	32802717	32805177	1	1	1	3	0	37
chr3	32985892	32987288	1	1	1	1	0	15
chr3	34093729	34095211	1	1	1	1	0	24
chr3	34100253	34100585	1	1	1	2	0	30
chr3	34101898	34103301	1	1	1	1	0	20
chr3	34131674	34132923	2	2	1	12	10	45
chr3	34132995	34133353	2	2	1	3	0	46
chr3	36128606	36129391	1	1	1	3	0	6
chr3	36617407	36619366	1	1	1	1	0	30
chr3	40905120	40916042	1	1	1	1	0	34
chr3	40905386	40916042	1	1	1	1	0	42
chr3	40916102	40916603	1	1	1	2	0	43
chr3	40916224	40916603	1	1	1	1	0	3
chr3	40916664	40918402	1	1	1	2	0	24
chr3	51172428	51174173	2	2	1	1	0	12
chr3	51313041	51314756	2	2	1	25	0	45
chr3	51314834	51315565	2	2	1	4	0	22
chr3	51367582	51368504	1	1	1	4	0	40
chr3	53765417	53766662	2	2	1	1	0	10
chr3	53766696	53767654	2	2	1	1	0	33
chr3	53767695	53768635	2	2	1	1	0	9
chr3	54600835	54602548	1	1	1	1	0	4
chr3	54602629	54603904	1	1	1	1	0	8
chr3	55036011	55042830	1	1	1	1	0	28
chr3	58460104	58462955	1	1	1	1	0	43
chr3	58463073	58463993	1	1	1	1	0	19
chr3	58464060	58464541	1	1	1	1	0	4
chr3	59945932	59946903	1	1	1	2	0	16
chr3	62399854	62401150	2	2	1	2	0	34
chr3	62408490	62409394	2	2	1	2	0	46
chr3	63252675	63253474	1	1	1	1	0	13
chr3	63923019	63924053	1	1	1	0	1	17
chr3	64360229	64367414	1	1	1	0	1	17
chr3	64512058	64513092	1	1	1	0	1	17
chr3	65295252	65298745	2	2	1	2	0	25
chr3	68926659	68928568	1	1	1	3	0	28
chr3	69009582	69034064	2	2	1	1	0	42
chr3	75786025	75793581	2	2	1	1	0	23
chr3	75794148	75797828	2	2	1	3	0	28
chr3	75810637	75813705	2	2	1	2	0	16
chr3	79509793	79510337	1	1	1	3	0	9
chr3	79522454	79523230	2	2	1	1	0	26
chr3	81866252	81867776	2	2	1	1	0	37
chr3	81867868	81868739	2	2	1	1	0	17
chr3	81870090	81871228	2	2	1	1	0	29
chr3	81874400	81875391	2	2	1	3	0	46
chr3	81879015	81881627	2	2	1	1	0	41
chr3	81881719	81882630	2	2	1	2	0	4
chr3	82915290	82915459	1	1	1	3	0	46
chr3	82915505	82915680	1	1	1	1	0	9
chr3	82915865	82915954	1	1	1	2	0	40
chr3	82916049	82917370	1	1	1	1	0	15
chr3	82917897	82918651	1	1	1	1	0	27
chr3	82918837	82920070	1	1	1	3	0	40
chr3	82921615	82922141	1	1	1	86	0	46
chr3	82937638	82938139	1	1	1	1	0	32
chr3	82949942	82950538	2	2	1	4	0	26
chr3	82951210	82951525	2	2	1	11	0	43
chr3	82951640	82952179	2	2	1	6	0	44
chr3	82952408	82953308	2	2	1	11	0	32
chr3	82953493	82953960	2	2	1	15	0	42
chr3	82954156	82956987	2	2	1	4	0	44
chr3	82978691	82979417	1	1	1	1	0	40
chr3	84435106	84436476	2	2	1	1	0	10
chr3	85559723	85561030	1	1	1	1	0	40
chr3	86045418	86045789	2	2	1	27	0	46
chr3	86045900	86046346	2	2	1	1	0	21
chr3	86049109	86049814	2	2	1	1	0	23
chr3	86907382	86908709	2	2	1	1	0	30
chr3	87822283	87822927	1	3	1	1	0	44
chr3	88390721	88391133	2	2	1	1	0	9
chr3	88457312	88458002	2	2	1	4	0	45
chr3	88684822	88691614	1	1	1	0	1	39
chr3	88744828	88753694	1	1	1	0	1	39
chr3	88753887	88761908	1	1	1	1	0	25
chr3	88833669	88834317	2	2	1	1	0	38
chr3	88835675	88835753	2	2	1	1	0	42
chr3	89001151	89001537	2	2	1	9	0	26
chr3	89001673	89001758	2	2	1	1	0	33
chr3	89001837	89002166	2	2	1	4	0	37
chr3	89156448	89156877	1	1	1	10	0	42
chr3	89310422	89316285	1	1	1	1	0	32
chr3	89946324	89951006	2	2	1	4	0	43
chr3	89987171	89993752	1	1	1	1	0	22
chr3	89995052	89995707	1	1	1	3	0	32
chr3	90120061	90120240	2	2	1	23	0	46
chr3	90120352	90120499	2	2	1	5	0	44
chr3	90423350	90431659	1	1	1	1	0	12
chr3	90521212	90521497	1	1	1	1	0	11
chr3	94373191	94374191	2	2	1	1	0	12
chr3	94409537	94410162	2	2	1	1	0	34
chr3	94410292	94410765	2	2	1	1	0	36
chr3	94607020	94607244	1	1	1	1	0	43
chr3	94609706	94609787	1	1	1	0	1	3
chr3	94609910	94610793	1	1	1	0	1	6
chr3	94610887	94611028	1	1	1	0	1	35
chr3	94611148	94611360	1	1	1	1	0	12
chr3	94791752	94791981	2	2	1	17	0	45
chr3	94792071	94792227	2	2	1	1	0	8
chr3	94849854	94849935	1	1	1	0	1	3
chr3	94850058	94851149	1	1	1	0	1	6
chr3	94851243	94851385	1	1	1	0	1	35
chr3	94940296	94940792	2	2	1	2	0	9
chr3	94940858	94940943	2	2	1	2	0	20
chr3	95359941	95367687	1	1	1	2	0	45
chr3	95593612	95641461	2	4	1	1	0	14
chr3	95770245	95777805	2	2	1	1	0	30
chr3	95785662	95832279	1	1	1	1	0	41
chr3	96537678	96537792	1	1	1	1	0	25
chr3	96538885	96539004	1	1	1	2	0	24
chr3	97083110	97083646	1	1	1	2	0	10
chr3	97546319	97548983	1	1	1	5	0	4
chr3	98198658	98203451	1	1	1	1	0	45
chr3	98648922	98649758	1	5	1	2	0	23
chr3	100489474	100495033	2	2	1	1	0	28
chr3	100524373	100527344	2	2	1	2	0	20
chr3	101483659	101485380	1	1	1	1	0	14
chr3	101498555	101498655	2	2	1	2	0	26
chr3	102927986	102936104	1	1	1	1	0	24
chr3	102938383	102940457	2	4	1	1	0	25
chr3	102954242	102954329	1	1	1	1	0	42
chr3	102963794	102964201	1	1	1	4	0	39
chr3	103822470	103835666	1	1	1	1	0	33
chr3	103996985	104002380	2	2	1	1	0	43
chr3	107805379	107805481	1	1	1	2	0	25
chr3	107849731	107850017	2	2	1	1	0	24
chr3	107850083	107850560	2	2	1	1	0	3
chr3	107922180	107922260	2	2	1	2	0	6
chr3	107922357	107923643	2	2	1	1	0	44
chr3	108179694	108187050	1	1	1	1	1	26
chr3	108344896	108352312	2	2	1	3	0	43
chr3	108568812	108569247	1	1	1	1	0	12
chr3	108812079	108812426	2	2	1	1	0	27
chr3	109434863	109435590	1	1	1	1	0	21
chr3	113349823	113351741	2	2	1	5	0	33
chr3	113358716	113363030	2	2	1	1	0	42
chr3	113363707	113368252	2	2	1	1	0	31
chr3	113413817	113414757	2	2	1	1	0	36
chr3	116282988	116286631	2	2	1	1	0	13
chr3	116430040	116434035	2	2	1	1	0	12
chr3	116538585	116540028	2	2	1	1	0	29
chr3	116696641	116696717	1	1	1	1	0	13
chr3	116720933	116721049	2	2	1	1	0	34
chr3	116721084	116721223	2	2	1	1	0	20
chr3	118692986	118710721	1	1	1	1	0	8
chr3	119108581	119205782	1	1	1	2	0	27
chr3	120949707	120949835	2	2	1	1	0	5
chr3	121552776	121562285	0	0	1	4	0	36
chr3	121553959	121555063	2	2	1	1	0	10
chr3	121555121	121558649	2	2	1	1	0	25
chr3	121562391	121562815	2	2	1	1	0	24
chr3	121786263	121786390	1	1	1	1	0	41
chr3	122039761	122049193	1	1	1	3	0	22
chr3	122049260	122052855	1	1	1	3	0	17
chr3	122078153	122078705	1	1	1	1	0	38
chr3	122689129	122690385	1	1	1	1	0	25
chr3	122692458	122692879	1	1	1	1	0	7
chr3	123301310	123301465	2	2	1	4	0	36
chr3	123301512	123301760	2	2	1	4	0	27
chr3	127340219	127340302	2	2	1	0	4	33
chr3	127616963	127630797	2	2	1	1	0	29
chr3	129086935	129092478	2	2	1	1	0	40
chr3	129618859	129619196	2	2	1	1	0	17
chr3	129623141	129624243	2	2	1	1	0	7
chr3	129638578	129640483	2	2	1	2	0	42
chr3	129652118	129652361	1	1	1	2	0	43
chr3	129659047	129661855	1	1	1	2	0	34
chr3	130520609	130522396	2	2	1	44	63	45
chr3	130522501	130522699	2	2	1	17	0	42
chr3	130522800	130522877	2	2	1	2	0	34
chr3	131043581	131065524	2	2	1	1	0	14
chr3	135165842	135168710	1	1	1	1	0	18
chr3	137633172	137633707	1	1	1	1	0	44
chr3	137814930	137817404	2	2	1	1	0	23
chr3	137988285	137988375	1	1	1	2	0	24
chr3	137988596	137992452	1	1	1	2	0	20
chr3	137992714	137994509	1	1	1	1	0	13
chr3	137994646	137995562	1	1	1	5	0	33
chr3	137995702	137996295	1	1	1	122	0	45
chr3	138088914	138091594	1	1	1	5	0	40
chr3	138088914	138091611	1	1	1	2	0	29
chr3	138121311	138123885	1	1	1	1	0	27
chr3	138125090	138126385	1	1	1	1	0	16
chr3	138134937	138136485	1	1	1	4	0	40
chr3	138160568	138160845	1	1	1	6	0	43
chr3	142008127	142008298	1	5	1	1	0	19
chr3	142009741	142010057	2	2	1	2	0	33
chr3	142444073	142445633	1	1	1	5	0	18
chr3	142444073	142449831	1	1	1	1	0	34
chr3	144412493	144414993	2	2	1	2	0	14
chr3	145284286	145288283	1	1	1	1	0	8
chr3	146209155	146211088	1	1	1	0	4	32
chr3	146331634	146333555	1	1	1	2	0	35
chr3	146333640	146336287	1	1	1	1	0	13
chr3	146461516	146463461	2	2	1	1	0	14
chr3	146463524	146518392	2	2	1	1	0	16
chr3	151925669	151925772	1	1	1	2	0	43
chr3	152076055	152079022	1	1	1	1	0	24
chr3	153615236	153615897	2	2	1	1	0	7
chr3	153638773	153641931	2	2	1	3	0	9
chr3	153643421	153644190	2	2	1	1	0	9
chr3	154302922	154310528	1	1	1	1	0	27
chr3	157242224	157243223	1	1	1	1	0	33
chr3	157600465	157602828	2	2	1	2	0	3
chr3	157616578	157619236	2	2	1	1	0	42
chr3	157717841	157717946	2	2	1	2	0	35
chr3	157718041	157719588	2	2	1	0	1	3
chr3	157718513	157719588	2	2	1	3	1	43
chr3	157722091	157723446	2	2	1	2	0	34
chr4	3834684	3834935	2	2	1	3	0	28
chr4	3835010	3835191	2	2	1	1	0	6
chr4	3942820	3943387	1	1	1	2	0	7
chr4	7410794	7419213	1	1	1	0	1	37
chr4	8221675	8237918	2	2	1	1	0	40
chr4	8578038	8578470	1	1	1	2	0	13
chr4	8578564	8582381	1	1	1	2	0	43
chr4	11051226	11053431	2	2	1	4	0	39
chr4	11053489	11059011	2	2	1	1	0	16
chr4	15919095	15919193	2	2	1	3	0	25
chr4	15922558	15924253	2	2	1	1	0	41
chr4	15929875	15930913	2	2	1	1	0	41
chr4	15989116	15991181	1	1	1	2	0	45
chr4	15991232	15992433	1	1	1	2	0	32
chr4	19535299	19536526	2	2	1	2	0	15
chr4	19536626	19540740	2	2	1	2	0	43
chr4	19580508	19586775	1	1	1	1	0	45
chr4	19605537	19606084	1	1	1	2	0	15
chr4	19618358	19619155	2	2	1	1	0	22
chr4	19627774	19627871	2	2	1	1	0	43
chr4	19672528	19673155	2	2	1	1	0	33
chr4	19672544	19673155	2	2	1	1	0	33
chr4	21860992	21861986	1	1	1	2	0	37
chr4	25254690	25254770	2	2	1	1	0	24
chr4	25262327	25265422	2	2	1	3	0	39
chr4	32756516	32757736	1	1	1	1	0	36
chr4	32759963	32760421	1	1	1	1	2	44
chr4	33246508	33247947	2	2	1	3	0	41
chr4	34571019	34571728	2	2	1	2	0	5
chr4	40208923	40209878	2	2	1	1	0	26
chr4	40269720	40270037	1	1	1	2	0	39
chr4	40270848	40272809	2	2	1	1	0	25
chr4	40272855	40277652	2	2	1	1	0	23
chr4	40277746	40279157	2	2	1	1	0	38
chr4	40723845	40723972	1	1	1	1	0	3
chr4	40724151	40726104	1	1	1	0	1	30
chr4	40936677	40937131	2	2	1	2	0	33
chr4	41769655	41769843	2	2	1	1	0	36
chr4	42996069	42996231	2	2	1	1	0	15
chr4	43514862	43518229	2	2	1	1	0	27
chr4	43532086	43532191	2	2	1	1	0	35
chr4	43555175	43555268	2	2	1	1	0	18
chr4	43555755	43555854	2	2	1	3	0	44
chr4	43654412	43654512	2	2	1	8	0	35
chr4	44989051	44990376	1	1	1	1	0	27
chr4	45882861	45884541	1	1	1	1	0	3
chr4	46029808	46034295	1	1	1	1	0	19
chr4	46155827	46183117	2	2	1	2	0	45
chr4	46451350	46460089	1	1	1	1	0	11
chr4	46470008	46471397	1	1	1	2	0	14
chr4	46499143	46500065	1	1	1	1	0	24
chr4	47480233	47482974	1	1	1	2	1	29
chr4	48196906	48204143	2	2	1	1	0	32
chr4	48208814	48211649	2	2	1	1	0	31
chr4	49538328	49538717	2	2	1	1	0	6
chr4	49538893	49539712	2	2	1	1	0	34
chr4	52449432	52449610	1	1	1	1	0	9
chr4	53061582	53062389	2	2	1	3	0	3
chr4	53078115	53079570	2	2	1	2	0	25
chr4	53563222	53565396	1	1	1	1	0	20
chr4	57943968	57945146	2	2	1	11	0	41
chr4	57945213	57950838	2	2	1	6	0	27
chr4	59017823	59020058	1	1	1	1	0	21
chr4	59020530	59022560	1	1	1	1	0	22
chr4	59956895	60066560	1	1	1	0	22	36
chr4	59956895	60136022	1	1	1	0	22	36
chr4	59956895	60218710	1	1	1	0	21	36
chr4	59956895	60374135	1	1	1	0	21	36
chr4	59956895	60454101	1	1	1	0	21	36
chr4	59956895	60534349	1	1	1	2	28	36
chr4	59956895	60614555	1	1	0	0	6	18
chr4	59956895	60693471	1	1	1	0	21	36
chr4	59956895	60773675	1	1	1	0	22	36
chr4	59956895	61180397	1	1	1	0	22	36
chr4	59956895	61256127	1	1	1	0	22	36
chr4	59956895	61354115	1	1	1	0	22	36
chr4	59956895	61510256	1	1	0	0	6	18
chr4	59956895	61588504	1	1	0	0	6	18
chr4	59956895	61696651	1	1	1	0	21	36
chr4	59957058	59957844	2	2	1	0	1	14
chr4	60006235	60007019	1	1	1	1	0	24
chr4	60006235	60089377	1	1	1	2	1	42
chr4	60066579	60068218	1	1	1	0	1	45
chr4	60066615	60477136	2	2	1	0	4	32
chr4	60066615	60716487	2	2	1	0	4	32
chr4	60066667	60067509	2	2	1	0	12	38
chr4	60066723	60067482	2	2	1	0	1	34
chr4	60066723	60067509	2	2	1	0	446	46
chr4	60067448	60067784	2	2	1	1	14	30
chr4	60067556	60067719	2	2	1	0	439	46
chr4	60067822	60068164	2	2	1	0	157	44
chr4	60068276	60068900	2	2	1	1	141	45
chr4	60068972	60069732	2	2	1	2	0	10
chr4	60068975	60069732	2	2	1	4	40	41
chr4	60069867	60070204	2	2	1	9	124	45
chr4	60136046	60137267	2	2	1	0	1	18
chr4	60136077	60477136	2	2	1	0	4	32
chr4	60136077	60716487	2	2	1	0	4	32
chr4	60136129	60136974	2	2	1	0	12	38
chr4	60136185	60136974	2	2	1	0	446	46
chr4	60136913	60137248	2	2	1	0	14	30
chr4	60137021	60137183	2	2	1	0	754	46
chr4	60137286	60137626	2	2	1	0	211	44
chr4	60137738	60138386	2	2	1	0	108	45
chr4	60138461	60139218	2	2	1	0	33	36
chr4	60139353	60139690	2	2	1	0	17	38
chr4	60218817	60219661	2	2	1	0	12	38
chr4	60218873	60219661	2	2	1	0	446	46
chr4	60219600	60219936	2	2	1	0	14	30
chr4	60219708	60219871	2	2	1	0	754	46
chr4	60219974	60220315	2	2	1	0	210	44
chr4	60220427	60221059	2	2	1	0	107	45
chr4	60221134	60221901	2	2	1	0	4	10
chr4	60222036	60222373	2	2	1	0	120	44
chr4	60243838	60244001	1	1	1	0	1	7
chr4	60374298	60375086	2	2	1	3	189	46
chr4	60375025	60375360	2	2	1	0	14	30
chr4	60375133	60375295	2	2	1	0	754	46
chr4	60375398	60375737	2	2	1	0	209	44
chr4	60375849	60376485	2	2	1	0	139	45
chr4	60376560	60377317	2	2	1	0	42	45
chr4	60377452	60377789	2	2	1	0	219	44
chr4	60395874	60396037	1	1	1	0	1	7
chr4	60454156	60477136	2	2	1	0	2	32
chr4	60454208	60455054	2	2	1	0	12	38
chr4	60454264	60455027	2	2	1	0	1	34
chr4	60454264	60455054	2	2	1	0	446	46
chr4	60455101	60455264	2	2	1	0	438	46
chr4	60455367	60455709	2	2	1	0	156	44
chr4	60455821	60456437	2	2	1	0	108	45
chr4	60456512	60457280	2	2	1	0	33	36
chr4	60457415	60457752	2	2	1	1	177	44
chr4	60534368	60614573	1	1	1	5	1847	41
chr4	60534373	60535592	2	2	1	0	1	18
chr4	60534404	60716487	2	2	1	0	4	32
chr4	60534456	60535299	2	2	1	0	12	38
chr4	60534512	60535299	2	2	1	0	446	46
chr4	60535238	60535573	2	2	1	0	14	30
chr4	60535346	60535508	2	2	1	0	753	46
chr4	60535611	60535951	2	2	1	0	210	44
chr4	60536063	60536677	2	2	1	0	139	45
chr4	60536752	60537519	2	2	1	0	41	45
chr4	60537654	60537991	2	2	1	0	219	44
chr4	60614574	60616212	1	1	1	0	1	45
chr4	60614574	60693489	1	1	1	2	7623	46
chr4	60614662	60615506	2	2	1	9	2	38
chr4	60614718	60615506	2	2	1	0	446	46
chr4	60615445	60615780	2	2	1	0	14	30
chr4	60615553	60615715	2	2	1	0	754	46
chr4	60615818	60616158	2	2	1	0	209	44
chr4	60616270	60616886	2	2	1	0	108	45
chr4	60616961	60617728	2	2	1	0	33	36
chr4	60617863	60618200	2	2	1	0	219	44
chr4	60693526	60716487	2	2	1	0	2	32
chr4	60693578	60694423	2	2	1	0	12	38
chr4	60693634	60694396	2	2	1	0	1	34
chr4	60693634	60694423	2	2	1	0	446	46
chr4	60694470	60694633	2	2	1	0	438	46
chr4	60694736	60695078	2	2	1	0	156	44
chr4	60695190	60695803	2	2	1	0	108	45
chr4	60695878	60696646	2	2	1	0	33	36
chr4	60696781	60697118	2	2	1	0	119	44
chr4	60773699	60774918	2	2	1	0	1	18
chr4	60773782	60774625	2	2	1	0	12	38
chr4	60773838	60774625	2	2	1	0	446	46
chr4	60774564	60774899	2	2	1	0	14	30
chr4	60774672	60774834	2	2	1	0	753	46
chr4	60774937	60775277	2	2	1	0	210	44
chr4	60775389	60776004	2	2	1	0	139	45
chr4	60776079	60776846	2	2	1	0	41	45
chr4	60776981	60777318	2	2	1	0	219	44
chr4	61180421	61181642	2	2	1	0	1	18
chr4	61180504	61181349	2	2	1	0	12	38
chr4	61180560	61181349	2	2	1	0	446	46
chr4	61181288	61181623	2	2	1	0	14	30
chr4	61181396	61181558	2	2	1	0	754	46
chr4	61181661	61182003	2	2	1	0	210	44
chr4	61182115	61182749	2	2	1	0	24	15
chr4	61182824	61183591	2	2	1	0	4	14
chr4	61183726	61184063	2	2	1	0	200	44
chr4	61184204	61199529	2	2	1	0	1	17
chr4	61256151	61257371	2	2	1	0	1	18
chr4	61256234	61257078	2	2	1	0	12	38
chr4	61256290	61257078	2	2	1	0	446	46
chr4	61257017	61257352	2	2	1	0	14	30
chr4	61257125	61257287	2	2	1	0	754	46
chr4	61257390	61257730	2	2	1	0	210	44
chr4	61257842	61258478	2	2	1	0	108	45
chr4	61258553	61259320	2	2	1	5	11	40
chr4	61259455	61259792	2	2	1	0	144	44
chr4	61281227	61281390	1	1	1	0	1	7
chr4	61354134	61355773	1	1	1	0	1	45
chr4	61354222	61355064	2	2	1	0	12	38
chr4	61354278	61355037	2	2	1	0	1	34
chr4	61354278	61355064	2	2	1	0	446	46
chr4	61355111	61355274	2	2	1	0	439	46
chr4	61355377	61355719	2	2	1	0	157	44
chr4	61355831	61356459	2	2	1	0	108	45
chr4	61356534	61357301	2	2	1	0	33	36
chr4	61357436	61357773	2	2	1	1	17	38
chr4	61433938	61435573	1	1	1	0	1	45
chr4	61434026	61434867	2	2	1	0	1	38
chr4	61434082	61434867	2	2	1	0	446	46
chr4	61434806	61435141	2	2	1	0	14	30
chr4	61434914	61435076	2	2	1	0	753	46
chr4	61435179	61435519	2	2	1	0	210	44
chr4	61435631	61436247	2	2	1	0	139	45
chr4	61436322	61437089	2	2	1	0	42	45
chr4	61437224	61437561	2	2	1	6	104	44
chr4	61437702	61452420	2	2	1	0	1	17
chr4	61510275	61511911	1	1	1	0	1	45
chr4	61510275	61696669	1	1	1	0	7471	46
chr4	61510363	61511205	2	2	1	3	2	38
chr4	61510419	61511205	2	2	1	24	0	45
chr4	61511144	61511479	2	2	1	0	14	30
chr4	61511252	61511414	2	2	1	0	744	46
chr4	61511517	61511857	2	2	1	4	126	44
chr4	61511969	61512587	2	2	1	2	98	45
chr4	61512662	61513429	2	2	1	0	41	41
chr4	61513564	61513901	2	2	1	0	200	44
chr4	61588523	61696669	1	1	1	1	7165	44
chr4	61588611	61589456	2	2	1	0	1	38
chr4	61588667	61589456	2	2	1	0	446	46
chr4	61589395	61589730	2	2	1	0	14	30
chr4	61589469	61619769	1	3	1	2	1	37
chr4	61589503	61589665	2	2	1	7	726	46
chr4	61589768	61590108	2	2	1	0	210	44
chr4	61590220	61590848	2	2	1	0	139	45
chr4	61590923	61591691	2	2	1	0	42	45
chr4	61591826	61592163	2	2	1	0	220	44
chr4	61619592	61619755	1	1	1	0	1	7
chr4	61696758	61697603	2	2	1	0	12	38
chr4	61696814	61697603	2	2	1	0	446	46
chr4	61697542	61697877	2	2	1	0	14	30
chr4	61697650	61697812	2	2	1	0	754	46
chr4	61697915	61698255	2	2	1	1	209	44
chr4	61698367	61698995	2	2	1	0	139	45
chr4	61699070	61699827	2	2	1	0	42	45
chr4	61699962	61700299	2	2	1	0	220	44
chr4	61700440	61715672	2	2	1	0	1	17
chr4	61718495	61719274	1	1	1	3	1	31
chr4	61749807	61750578	2	2	1	0	2	43
chr4	61750625	61750788	2	2	1	0	14	33
chr4	61775692	61776029	2	2	1	0	198	45
chr4	61801109	61801446	0	0	1	0	4	16
chr4	61867320	61968564	2	2	1	3	0	38
chr4	61875412	61875575	2	2	1	0	40	42
chr4	61876111	61876734	2	2	1	0	13	44
chr4	61876809	61877578	2	2	1	0	24	42
chr4	61877713	61878049	2	2	1	0	74	45
chr4	61947833	61969783	2	2	1	1	0	19
chr4	61968724	61969508	2	2	1	95	1	46
chr4	61969555	61969718	2	2	1	31	40	42
chr4	61969821	61970137	2	2	1	24	0	45
chr4	61970249	61970872	2	2	1	0	13	44
chr4	61970947	61971716	2	2	1	0	24	42
chr4	61971851	61972187	2	2	1	0	74	45
chr4	62001965	62002753	2	2	1	47	0	41
chr4	62001965	62002784	2	2	1	37	1	46
chr4	62002831	62002995	2	2	1	101	0	45
chr4	62002831	62002999	2	2	1	4	0	31
chr4	62003098	62003440	2	2	1	26	0	43
chr4	62003552	62004195	2	2	1	18	0	45
chr4	62004270	62005036	2	2	1	29	0	45
chr4	62005171	62005360	2	2	1	48	0	42
chr4	62066215	62066378	2	2	1	39	0	46
chr4	62066481	62066820	2	2	1	2	0	5
chr4	62066932	62067590	2	2	1	5	0	44
chr4	62067665	62068431	2	2	1	7	0	45
chr4	62068566	62068890	2	2	1	2	0	31
chr4	62240515	62241433	2	2	1	2	0	19
chr4	62427548	62428341	2	2	1	11	0	39
chr4	63061638	63061903	2	2	1	228	0	45
chr4	63061638	63061926	2	2	1	3	0	33
chr4	63062078	63062387	2	2	1	5	0	34
chr4	63062556	63063501	2	2	1	1	0	16
chr4	63063584	63066938	2	2	1	1	0	35
chr4	63066986	63067655	2	2	1	2	0	27
chr4	63067758	63068564	2	2	1	3	0	14
chr4	63220659	63221270	1	1	1	1	0	36
chr4	63263449	63263657	1	1	1	2	0	44
chr4	63264385	63264518	1	1	1	3	0	24
chr4	63264623	63266206	1	1	1	38	0	45
chr4	63266378	63272171	1	1	1	0	30	22
chr4	75863264	75865279	2	2	1	3	0	7
chr4	75865416	75868887	2	2	1	1	0	30
chr4	76093216	76093314	2	4	1	1	0	21
chr4	76165136	76243416	2	2	1	1	0	26
chr4	82228629	82238710	2	2	1	1	0	34
chr4	83188898	83189353	2	2	1	1	0	23
chr4	83383388	83384944	2	2	1	2	0	41
chr4	86585520	86586603	2	2	1	4	0	41
chr4	86774251	86774382	2	2	1	1	0	38
chr4	86774594	86774964	2	2	1	2	0	44
chr4	92079728	92079821	2	2	1	0	4	33
chr4	94462321	94463402	2	2	1	1	0	42
chr4	94474668	94474989	2	2	1	1	0	43
chr4	95737914	95811161	1	1	1	2	0	8
chr4	95811224	95814959	1	1	1	2	0	8
chr4	95905263	95905824	1	1	1	1	0	32
chr4	95905926	95907839	1	1	1	1	0	37
chr4	96517884	96518947	2	2	1	2	0	44
chr4	96524170	96529508	2	2	1	1	0	11
chr4	96529686	96546828	2	2	1	1	0	42
chr4	96546990	96547717	2	2	1	1	0	17
chr4	96551512	96552037	2	2	1	1	0	29
chr4	98919737	98920322	1	1	1	3	0	28
chr4	98920434	98921489	1	1	1	2	0	44
chr4	98925874	98926069	1	1	1	11	0	35
chr4	99655814	99657730	2	2	1	1	0	28
chr4	99657779	99668998	2	2	1	1	0	16
chr4	99669059	99670113	2	2	1	2	0	38
chr4	100336445	100338802	1	1	1	1	0	10
chr4	101015144	101016010	2	4	1	2	0	23
chr4	101034954	101036651	2	2	1	3	0	21
chr4	101046400	101048671	2	2	1	1	0	33
chr4	102998099	103000330	1	1	1	1	0	42
chr4	103012812	103016878	1	1	1	1	0	28
chr4	103030978	103042018	2	2	1	1	0	22
chr4	104641729	104643997	1	1	1	4	0	30
chr4	104647913	104648991	1	1	1	5	0	28
chr4	104650589	104657531	1	1	1	1	0	22
chr4	104685278	104703091	2	2	1	1	0	43
chr4	104836284	104843452	1	1	1	1	0	34
chr4	104843488	104845346	1	1	1	1	0	8
chr4	104861143	104867647	1	1	1	2	0	20
chr4	106292252	106293529	1	1	1	1	0	32
chr4	106418595	106421597	1	1	1	1	0	18
chr4	106443185	106443541	1	1	1	1	0	12
chr4	107022887	107034761	2	2	1	2	0	44
chr4	107207736	107216803	1	1	1	2	0	7
chr4	107902043	107904786	2	2	1	0	1	32
chr4	107921186	107928453	2	2	1	0	5	42
chr4	107928608	107931552	2	2	1	4	0	34
chr4	107931661	107942351	2	2	1	1	0	37
chr4	107944360	107948433	2	2	1	2	0	35
chr4	107948521	107950020	2	2	1	1	0	28
chr4	107950085	107955218	2	2	1	2	0	22
chr4	107955346	107959487	2	2	1	9	1	46
chr4	107959553	107962240	2	2	1	9	0	33
chr4	108348662	108352346	1	1	1	2	0	9
chr4	108430089	108432565	2	2	1	1	0	39
chr4	108675442	108676332	2	2	1	1	0	39
chr4	108919798	108920562	2	2	1	1	0	36
chr4	109510309	109511222	2	2	1	2	0	19
chr4	114820630	114822079	2	2	1	1	0	6
chr4	115183980	115184410	1	1	1	2	0	43
chr4	115289764	115290077	1	1	1	1	0	26
chr4	115705560	115714228	1	1	1	1	0	17
chr4	115924370	115927059	2	2	1	2	0	17
chr4	116462192	116462880	2	2	1	1	0	30
chr4	116493867	116494958	2	2	1	20	0	45
chr4	116495046	116495172	2	2	1	1	0	15
chr4	116502791	116508535	2	2	1	1	0	13
chr4	116542858	116544603	1	1	1	2	0	34
chr4	116550203	116550913	1	1	1	1	0	6
chr4	116704158	116714190	2	2	1	0	1	25
chr4	116713075	116714190	2	2	1	0	1	25
chr4	116848496	116848589	2	2	1	1	0	36
chr4	116848691	116848817	2	2	1	1	0	20
chr4	117011185	117011495	2	2	1	29	0	46
chr4	117011626	117011834	2	2	1	0	1	23
chr4	117012011	117012204	2	2	1	6	0	42
chr4	117531992	117532217	2	2	1	4	0	24
chr4	117725712	117725795	2	4	1	1	0	13
chr4	118219695	118219780	1	1	1	2	0	41
chr4	118290339	118290677	2	2	1	1	0	10
chr4	118404514	118404777	1	1	1	0	1	35
chr4	118404514	118405042	1	1	1	0	1	35
chr4	118404602	118404777	1	1	1	0	1	35
chr4	118404602	118405042	1	1	1	0	1	35
chr4	118404690	118404777	1	1	1	0	1	35
chr4	118404690	118405042	1	1	1	0	1	35
chr4	118404867	118405042	1	1	1	0	1	35
chr4	118482883	118483016	1	1	1	2	0	42
chr4	119135565	119136130	2	2	1	2	0	18
chr4	119138850	119139342	2	2	1	2	0	35
chr4	120826862	120829086	2	2	1	1	0	17
chr4	120834235	120839323	2	2	1	3	0	29
chr4	120839403	120840303	2	2	1	1	0	9
chr4	123606720	123609656	2	2	1	0	4	32
chr4	123744871	123744894	1	1	1	1	0	44
chr4	124572780	124573494	2	2	1	1	0	3
chr4	124576117	124576205	2	2	1	2	0	14
chr4	124622032	124622111	1	1	1	2	0	12
chr4	124946649	124947247	1	1	1	1	0	38
chr4	124948021	124948976	1	1	1	1	0	39
chr4	125398534	125398692	2	2	1	0	1	36
chr4	125398616	125398708	2	2	1	0	1	14
chr4	126069241	126069976	2	2	1	1	0	12
chr4	126578038	126580821	1	1	1	1	0	14
chr4	126601397	126603271	1	1	1	1	0	26
chr4	126917563	126919647	1	1	1	2	0	22
chr4	126921312	126923619	1	1	1	3	0	41
chr4	126930443	126930724	1	1	1	2	0	34
chr4	129238042	129240596	1	1	1	0	1	6
chr4	129411302	129411585	2	2	1	1	0	26
chr4	129485928	129486059	2	2	1	5	0	33
chr4	129486153	129486789	2	2	1	2	0	25
chr4	129525148	129525383	2	2	1	1	0	20
chr4	129736556	129738854	1	1	1	1	0	9
chr4	130221132	130223366	2	2	1	3	0	31
chr4	131695287	131701994	2	2	1	1	0	26
chr4	131734733	131802490	2	2	1	0	1	4
chr4	131734733	131802512	2	2	1	0	1	4
chr4	131914259	131931442	2	2	1	4	0	43
chr4	132037816	132038144	1	1	1	2	0	30
chr4	132265600	132269092	1	1	1	0	1	41
chr4	132269150	132271366	1	1	1	2	0	43
chr4	132271434	132271967	1	1	1	1	0	12
chr4	132272063	132273947	1	1	1	0	1	3
chr4	132274020	132277687	1	1	1	0	1	15
chr4	132827136	132828708	2	2	1	0	1	30
chr4	132903924	132912279	1	1	1	1	0	28
chr4	132913064	132916388	1	1	1	6	0	32
chr4	133260625	133260716	2	2	1	1	0	21
chr4	133609915	133618729	1	1	1	0	2	38
chr4	133876073	133879414	2	2	1	1	0	10
chr4	134254874	134256399	2	2	1	1	0	26
chr4	134538630	134539850	2	2	1	2	0	7
chr4	134652744	134654045	1	1	1	1	0	11
chr4	134653462	134654045	1	1	1	2	0	8
chr4	134654130	134654241	1	1	1	7	0	35
chr4	134662776	134663293	1	1	1	1	0	27
chr4	135049811	135051224	2	2	1	1	0	43
chr4	135071981	135074045	2	2	1	1	0	32
chr4	135074169	135074425	2	2	1	1	0	8
chr4	135583603	135585615	1	1	1	1	0	4
chr4	135585783	135586152	1	1	1	1	0	14
chr4	135599766	135600205	2	2	1	1	0	43
chr4	135664334	135666384	1	1	1	2	0	7
chr4	135777328	135777590	2	2	1	123	0	46
chr4	135777702	135778481	2	2	1	41	0	46
chr4	135778614	135778924	2	2	1	3	0	22
chr4	135779032	135779877	2	2	1	1	0	11
chr4	135981120	135981775	1	1	1	2	0	40
chr4	135985298	135991757	1	1	1	1	0	7
chr4	135998691	136000954	1	1	1	3	0	11
chr4	136001027	136002090	1	1	1	12	0	38
chr4	136063759	136066486	1	1	1	1	0	10
chr4	136288472	136295883	2	2	1	2	0	19
chr4	136295979	136297768	2	2	1	1	0	35
chr4	137048504	137056023	2	2	1	3	0	13
chr4	137339100	137340992	1	1	1	1	0	20
chr4	137949500	137950800	1	1	1	1	0	10
chr4	137950961	137953199	1	1	1	1	0	6
chr4	138036765	138036900	1	1	1	1	0	37
chr4	138182663	138184028	1	1	1	1	0	24
chr4	139007896	139014339	1	1	1	1	0	30
chr4	139041799	139045678	2	2	1	1	0	20
chr4	139213459	139216477	1	1	1	1	0	29
chr4	140701092	140703425	1	1	1	1	0	21
chr4	140703536	140706442	2	2	1	1	0	38
chr4	140704812	140706335	1	1	1	17	0	37
chr4	141196349	141196693	2	2	1	1	0	26
chr4	141342018	141342255	2	2	1	1	0	24
chr4	142907562	142914349	2	2	1	1	0	27
chr4	142907562	142921230	2	2	1	1	0	4
chr4	144650602	144653704	1	1	1	1	0	8
chr4	144898316	144898647	2	2	1	1	0	5
chr4	146209546	146214922	1	1	1	2	0	26
chr4	146500588	146502756	1	1	1	1	0	20
chr4	147880185	147891546	2	2	1	1	0	25
chr4	147974734	147979019	2	2	1	1	0	24
chr4	148664988	148665558	1	1	1	1	0	38
chr4	148665621	148666214	1	1	1	1	0	27
chr4	148688276	148688712	1	1	1	4	0	38
chr4	148701302	148702022	2	2	1	1	0	16
chr4	149242553	149244515	2	4	1	1	0	29
chr4	149351741	149354318	2	2	1	4	0	45
chr4	149575374	149579937	1	1	1	0	2	41
chr4	150328832	150329571	1	1	1	1	0	19
chr4	150329795	150331026	1	1	1	1	0	32
chr4	150331225	150331907	1	1	1	0	1	12
chr4	152140683	152142247	1	1	1	1	0	4
chr4	152414586	152416736	1	1	1	14	0	45
chr4	154981055	154981496	2	2	1	1	0	11
chr4	155159486	155160045	2	2	1	1	0	22
chr4	155576038	155600087	1	1	1	1	0	13
chr4	155600137	155611869	1	1	1	1	0	30
chr4	155723100	155724050	1	1	1	1	0	24
chr4	155724147	155724233	1	1	1	1	0	24
chr4	155835056	155835324	2	2	1	1	0	24
chr4	155835382	155835893	2	2	1	1	0	11
chr4	155840196	155840517	2	2	1	1	0	36
chr4	155917255	155917347	1	1	1	5	0	38
chr4	156039794	156039878	1	1	1	1	0	22
chr4	156080976	156083854	1	1	1	1	0	11
chr4	156330424	156331133	1	1	1	1	0	36
chr5	3604737	3607743	1	1	1	1	0	23
chr5	3607823	3608472	1	1	1	1	0	16
chr5	3611090	3614240	1	1	1	1	0	7
chr5	3614328	3615702	1	1	1	2	0	31
chr5	3659978	3660178	1	1	1	1	0	29
chr5	3674131	3674419	1	1	1	1	0	12
chr5	4006313	4007623	1	1	1	3	0	44
chr5	4080053	4082680	1	1	1	1	0	29
chr5	4094071	4094798	1	1	1	2	0	45
chr5	4127968	4129658	1	1	1	1	0	29
chr5	4150272	4151177	2	2	1	2	0	23
chr5	6470789	6520766	2	2	1	1	0	41
chr5	8980904	8984155	1	1	1	2	0	38
chr5	9008458	9008968	1	1	1	1	0	7
chr5	9019127	9019915	2	2	1	1	0	27
chr5	9028292	9033688	2	2	1	1	0	41
chr5	9038286	9039605	2	2	1	2	0	40
chr5	9043642	9046451	2	2	1	2	0	43
chr5	9046548	9047103	2	2	1	2	0	34
chr5	21110921	21113104	2	2	1	2	0	16
chr5	21125161	21132617	2	2	1	1	0	36
chr5	21234883	21260646	2	2	1	1	0	18
chr5	21961674	21961812	1	1	1	1	0	26
chr5	21961889	21961977	1	1	1	2	0	34
chr5	21962408	21962762	2	2	1	2	0	31
chr5	21973557	21973643	2	2	1	1	0	18
chr5	22008461	22008544	1	1	1	1	0	26
chr5	23687510	23690344	1	1	1	4	0	29
chr5	23690610	23691299	1	1	1	4	0	21
chr5	23698506	23700983	1	1	1	1	0	29
chr5	24044827	24046707	2	2	1	9	0	43
chr5	24046757	24048968	2	2	1	3	0	45
chr5	24625327	24625490	2	2	1	1	0	24
chr5	24913859	24913986	1	1	1	1	0	4
chr5	25550037	25552358	2	2	1	2	0	9
chr5	28544307	28547392	1	1	1	1	0	41
chr5	30324511	30324667	2	4	1	1	0	45
chr5	30339175	30339976	2	2	1	2	0	41
chr5	30347837	30349156	2	2	1	2	0	42
chr5	30349296	30350232	2	2	1	1	0	5
chr5	30383718	30383794	1	1	1	1	0	45
chr5	31082200	31084365	1	1	1	1	0	12
chr5	31088417	31088512	2	4	1	2	0	12
chr5	31113679	31115231	2	2	1	1	0	8
chr5	31464763	31465098	1	1	1	2	0	25
chr5	31685029	31685386	1	1	1	1	0	36
chr5	31773832	31779720	1	1	1	1	0	7
chr5	31782001	31805064	2	2	1	1	0	21
chr5	33416689	33418352	2	2	1	1	0	35
chr5	33899957	33900985	2	2	1	1	0	11
chr5	34795996	34796234	2	2	1	2	0	11
chr5	34809226	34809639	2	2	1	1	0	11
chr5	34809763	34811226	2	2	1	1	0	4
chr5	34811362	34811779	2	2	1	2	0	20
chr5	36964555	36965129	2	2	1	1	0	40
chr5	41952463	41955380	2	2	1	1	0	45
chr5	41957150	41957232	2	2	1	1	0	10
chr5	41957309	41958102	2	2	1	1	0	6
chr5	41983945	41984451	2	2	1	1	0	16
chr5	45932864	45933761	2	2	1	2	0	32
chr5	53793400	53799365	1	1	1	0	2	3
chr5	62864072	62872075	2	2	1	2	0	22
chr5	64095377	64125988	2	2	1	1	0	21
chr5	65420490	65421585	2	2	1	1	0	26
chr5	65442297	65445232	2	2	1	2	0	29
chr5	65460552	65468383	2	2	1	3	0	43
chr5	65545785	65545904	2	2	1	46	1	44
chr5	65546023	65546413	2	2	1	9	0	44
chr5	65546495	65546820	2	2	1	2	0	34
chr5	65580994	65581384	2	2	1	1	0	30
chr5	65607775	65610528	2	2	1	4	0	40
chr5	65694890	65723331	1	1	1	0	1	3
chr5	65705487	65717105	1	1	1	1	5	40
chr5	65749319	65751762	1	1	1	2	0	37
chr5	65776396	65776962	2	4	1	1	0	43
chr5	67154590	67155989	1	1	1	2	0	46
chr5	67473189	67484195	1	1	1	1	0	36
chr5	67507255	67509994	1	1	1	1	0	13
chr5	69735496	69736850	2	2	1	1	0	44
chr5	72917751	72920906	2	2	1	2	0	26
chr5	73464097	73467616	1	1	1	1	0	28
chr5	73485054	73486609	2	2	1	1	0	37
chr5	73680088	73688846	1	1	1	1	0	34
chr5	74706822	74707355	1	1	1	1	0	42
chr5	76122506	76123369	2	2	1	1	0	26
chr5	76414264	76414646	2	2	1	1	0	6
chr5	77128474	77130081	1	1	1	1	0	32
chr5	77130114	77131964	1	1	1	1	0	27
chr5	77132090	77132180	1	1	1	2	0	34
chr5	77132239	77135713	1	1	1	1	0	20
chr5	77142761	77143624	1	1	1	5	0	37
chr5	77143763	77144498	1	1	1	2	0	13
chr5	77471566	77473585	1	1	1	1	0	12
chr5	77496266	77496926	1	1	1	3	0	12
chr5	77497347	77499074	2	2	1	1	0	7
chr5	86957200	86963487	1	1	1	2	0	30
chr5	87069867	87072406	2	2	1	1	0	33
chr5	87273352	87275536	2	2	1	6	0	44
chr5	87284085	87285062	2	2	1	1	0	13
chr5	87285212	87287441	2	2	1	2	0	37
chr5	87704894	87706346	2	2	1	1	0	45
chr5	87706442	87707619	2	2	1	1	0	33
chr5	87707747	87711728	2	2	1	1	0	21
chr5	87711827	87712568	2	2	1	1	0	39
chr5	88818171	88819020	2	2	1	1	0	25
chr5	89232578	89270260	1	1	1	2	0	45
chr5	89565548	89569916	2	2	1	249	0	46
chr5	89568713	89569916	2	2	1	1	0	31
chr5	89569976	89573895	2	2	1	78	0	44
chr5	89574029	89582809	2	2	1	3	1	34
chr5	89582908	89583377	2	2	1	9	0	37
chr5	89583508	89586104	2	2	1	3	0	45
chr5	89586308	89587391	2	2	1	3	0	25
chr5	89587522	89589060	2	2	1	4	0	40
chr5	89589156	89589421	2	2	1	14	0	46
chr5	89589555	89591263	2	2	1	9	0	33
chr5	89591476	89593156	2	2	1	4	0	37
chr5	89593290	89594358	2	2	1	2	0	41
chr5	89594429	89605519	2	2	1	8	0	34
chr5	89603394	89605519	2	2	1	1	0	33
chr5	90402671	90406292	2	2	1	7	0	44
chr5	90406410	90407943	2	2	1	2	0	31
chr5	90608873	90609579	1	1	1	1	0	36
chr5	90609638	90610558	1	1	1	1	0	8
chr5	90610692	90611842	1	1	1	9	0	46
chr5	90612055	90612711	1	1	1	2	0	27
chr5	90612845	90613732	1	1	1	4	0	15
chr5	90613831	90615202	1	1	1	8	0	26
chr5	90615333	90616339	1	1	1	8	0	43
chr5	90616555	90617360	1	1	1	9	0	44
chr5	90617494	90618599	1	1	1	10	0	44
chr5	90618698	90619863	1	1	1	8	0	32
chr5	90619986	90624323	2	2	1	1	0	41
chr5	90620003	90620319	1	1	1	18	0	44
chr5	90620007	90623164	1	1	1	1	0	31
chr5	90620544	90622425	1	1	1	48	0	46
chr5	90622460	90622525	1	3	1	3	0	34
chr5	90622475	90624339	2	2	1	1	0	28
chr5	90622559	90623127	1	1	1	750	0	46
chr5	90623196	90624318	1	1	1	4433	47	46
chr5	90672782	90673364	1	1	1	1	0	13
chr5	90698246	90699203	1	1	1	2	0	26
chr5	90699337	90700403	1	1	1	2	0	17
chr5	90700462	90701261	1	1	1	13	0	38
chr5	92203362	92204127	2	2	1	2	0	31
chr5	92335205	92335556	1	1	1	3	0	39
chr5	92343294	92346194	1	1	1	1	0	39
chr5	92592144	92594162	2	2	1	1	0	43
chr5	92608802	92609795	2	2	1	1	0	42
chr5	96246173	96254074	2	2	1	1	0	42
chr5	96410003	96412059	1	1	1	2	0	22
chr5	100110472	100111589	2	2	1	1	0	17
chr5	100112661	100113880	2	2	1	1	0	22
chr5	100185589	100185671	2	2	1	2	0	29
chr5	100577098	100577184	2	2	1	1	0	16
chr5	100598868	100600130	2	2	1	1	0	10
chr5	100704462	100707617	2	2	1	2	0	31
chr5	100951896	100952197	1	1	1	8	0	35
chr5	102629729	102648616	1	1	1	1	0	31
chr5	104113758	104114836	2	2	1	1	0	19
chr5	104137771	104138396	2	2	1	1	0	18
chr5	105366447	105366774	2	2	1	1	0	37
chr5	105421154	105422052	2	2	1	1	0	16
chr5	107960278	107961411	2	2	1	1	0	25
chr5	107961473	107963476	2	2	1	1	0	7
chr5	107963575	107963667	2	2	1	6	0	36
chr5	107963758	107964639	2	2	1	3	0	31
chr5	108050004	108051134	1	1	1	0	1	41
chr5	108051735	108052582	1	1	1	1	0	33
chr5	108052761	108055054	1	1	1	0	2	40
chr5	108055144	108055762	1	1	1	38	0	45
chr5	108055144	108055836	1	1	1	0	2	25
chr5	108581204	108581596	2	2	1	60	0	44
chr5	108581204	108581891	2	2	1	1	0	6
chr5	108581696	108581891	2	2	1	25	0	44
chr5	108581947	108582191	2	2	1	5	0	31
chr5	110357839	110360096	1	1	1	1	0	7
chr5	110422495	110425520	2	2	1	1	0	26
chr5	110877179	110877688	2	2	1	4	0	37
chr5	110877830	110881584	2	2	1	2	0	36
chr5	113913390	113914831	1	1	1	1	0	34
chr5	113957664	113957753	1	1	1	1	0	45
chr5	114808651	114812114	2	2	1	1	0	7
chr5	115248462	115248621	1	1	1	1	0	34
chr5	115483986	115486623	2	2	1	6	0	46
chr5	115700626	115701341	1	1	1	6	0	43
chr5	115939729	115939873	1	1	1	2	0	40
chr5	117271841	117323591	1	1	1	2	0	36
chr5	117410345	117411737	1	1	1	2	0	35
chr5	117515479	117515507	2	2	1	1	0	25
chr5	120618417	120618640	1	1	1	1	0	13
chr5	120618781	120618871	1	1	1	1	0	9
chr5	120619746	120621128	1	1	1	1	0	11
chr5	121292590	121300771	2	2	1	2	0	8
chr5	121300886	121301200	2	2	1	2	0	35
chr5	121345259	121346453	1	1	1	0	2	17
chr5	121346639	121346844	1	1	1	7	0	22
chr5	121500608	121500780	1	1	1	2	0	9
chr5	121575769	121576790	1	1	1	3	0	38
chr5	121663303	121663725	2	2	1	1	0	22
chr5	121705894	121713958	2	2	1	1	0	34
chr5	121706087	121706988	2	2	1	5	0	45
chr5	121707104	121708666	2	2	1	2	0	38
chr5	121710245	121710738	2	2	1	1	0	10
chr5	121817990	121820842	1	1	1	2	0	16
chr5	121923930	121924396	1	1	1	1	0	17
chr5	121924468	121933000	1	1	1	1	0	25
chr5	121977925	121978217	2	4	1	1	0	39
chr5	122242969	122243050	1	1	1	1	0	36
chr5	122243100	122244733	1	1	1	1	0	7
chr5	122500335	122500867	1	1	1	2	0	35
chr5	122543242	122543931	1	1	1	1	0	25
chr5	123309490	123310128	1	3	1	1	0	26
chr5	123310152	123310232	2	2	1	6	0	39
chr5	123310350	123312413	2	2	1	3	0	16
chr5	123314026	123314154	2	2	1	1	0	22
chr5	123314318	123315591	2	2	1	1	0	45
chr5	123316336	123317428	2	2	1	1	0	8
chr5	123317519	123318709	2	2	1	1	0	16
chr5	123750002	123755398	2	2	1	1	0	43
chr5	123760016	123760818	2	2	1	1	0	36
chr5	123760903	123761275	2	2	1	1	0	11
chr5	123871699	123874621	2	2	1	1	0	14
chr5	123874745	123877554	2	2	1	1	0	29
chr5	124046278	124053253	1	1	1	1	0	20
chr5	124053274	124055262	1	1	1	2	0	21
chr5	124055348	124060242	1	1	1	3	0	45
chr5	124065201	124065312	1	1	1	1	0	22
chr5	124139612	124139693	1	1	1	1	0	31
chr5	124255963	124256047	1	1	1	2	0	24
chr5	124520069	124522529	2	2	1	1	0	19
chr5	124531070	124531863	2	2	1	1	0	17
chr5	124532059	124533957	2	2	1	1	0	23
chr5	124534110	124536474	2	2	1	1	0	23
chr5	124685067	124687143	1	1	1	0	1	23
chr5	125128123	125132796	2	2	1	1	0	17
chr5	125508831	125510998	2	2	1	1	0	37
chr5	127721532	127727746	1	1	1	4	0	38
chr5	129867752	129868532	1	1	1	1	0	40
chr5	129910238	129911269	2	2	1	6	4	26
chr5	130040542	130040705	2	2	1	14	0	44
chr5	130040813	130040890	2	2	1	1	0	37
chr5	130040972	130041497	2	4	1	1	0	38
chr5	130258468	130260595	1	1	1	2	0	44
chr5	130698481	130851713	1	1	1	1	0	30
chr5	134356629	134364990	1	1	1	0	4	41
chr5	134386751	134387841	2	2	1	1	0	28
chr5	135259189	135260453	1	1	1	2	0	43
chr5	135818632	135818930	1	1	1	1	0	30
chr5	136392190	136398971	2	2	1	1	0	36
chr5	137011272	137011371	2	2	1	2	0	15
chr5	137070732	137071917	2	2	1	1	0	15
chr5	137297146	137297819	2	2	1	1	0	7
chr5	137297935	137298015	2	2	1	1	0	36
chr5	137892627	137893444	2	2	1	2	0	10
chr5	138095842	138098851	1	1	1	1	0	11
chr5	138159760	138159935	1	1	1	3	0	13
chr5	138161872	138161997	1	1	1	1	0	23
chr5	138743735	138744855	1	1	1	1	0	26
chr5	139324131	139324494	2	4	1	1	0	45
chr5	140411210	140412191	1	1	1	1	0	10
chr5	142889697	142889821	2	2	1	13	1	39
chr5	143306231	143307523	2	2	1	1	0	45
chr5	143699593	143700356	2	2	1	1	0	11
chr5	144192723	144200818	1	1	1	1	0	36
chr5	145041328	145041507	1	1	1	1	0	40
chr5	145068327	145069668	2	2	1	4	0	37
chr5	145069791	145071874	2	2	1	3	0	45
chr5	145073804	145076776	2	2	1	2	0	6
chr5	145120678	145121341	2	2	1	25	0	45
chr5	145121459	145123935	2	2	1	2	0	40
chr5	145496028	145499556	2	2	1	0	2	11
chr5	145631413	145634946	2	2	1	0	2	11
chr5	145791973	145795530	2	2	1	1	2	24
chr5	145797349	145799156	2	2	1	1	0	32
chr5	145799318	145801734	2	2	1	2	0	41
chr5	145801805	145802693	2	2	1	2	0	28
chr5	145802822	145805345	2	2	1	4	0	26
chr5	145805495	145805765	2	2	1	3	0	43
chr5	145806048	145810241	2	2	1	3	0	28
chr5	145810342	145812231	2	2	1	3	0	28
chr5	145812285	145814447	2	2	1	2	0	13
chr5	145814542	145816515	2	2	1	5	0	41
chr5	145918357	145921679	2	2	1	1	0	9
chr5	145926778	145928245	2	2	1	2	0	11
chr5	145928374	145929697	2	2	1	1	0	42
chr5	145929847	145931674	2	2	1	1	0	11
chr5	145930172	145931674	2	2	1	0	1	31
chr5	145931789	145935296	2	2	1	1	0	41
chr5	145933022	145935296	2	2	1	1	0	32
chr5	146016216	146022566	1	1	1	1	0	6
chr5	146031271	146033061	1	1	1	0	1	31
chr5	146157295	146158029	2	2	1	1	0	44
chr5	146771073	146771257	1	1	1	0	1	35
chr5	146771915	146772373	1	1	1	5	0	41
chr5	146772525	146772673	1	1	1	27	0	43
chr5	147038114	147047457	1	1	1	0	1	45
chr5	147806324	147809375	1	1	1	1	0	9
chr5	147809470	147812273	1	1	1	2	0	15
chr5	148985724	148986536	2	2	1	5	0	41
chr5	149547062	149548433	2	2	1	1	0	21
chr5	150496458	150497464	2	2	1	1	0	9
chr5	150497542	150499714	2	2	1	1	0	6
chr6	4078037	4079960	2	2	1	1	0	35
chr6	4691641	4694021	2	2	1	1	0	16
chr6	5168497	5171740	2	2	1	1	0	21
chr6	5185354	5186933	2	2	1	1	0	31
chr6	6152524	6180970	2	2	1	1	0	10
chr6	6558492	6560407	2	2	1	3	0	19
chr6	8224725	8226843	1	1	1	1	0	22
chr6	11900591	11905200	2	2	1	19	0	46
chr6	11905262	11906018	2	2	1	2	0	27
chr6	11926837	11933251	1	1	1	1	0	10
chr6	11992117	11997024	1	1	1	1	0	42
chr6	17657252	17660747	1	1	1	1	0	25
chr6	22309453	22318932	2	2	1	1	0	44
chr6	23073090	23074526	2	2	1	1	0	25
chr6	23599510	23626491	2	2	1	2	0	18
chr6	24518824	24519190	2	2	1	10	0	43
chr6	24519257	24522657	2	2	1	8	0	40
chr6	24519257	24527271	2	2	1	1	0	11
chr6	24624389	24625052	2	2	1	1	0	16
chr6	24625096	24626692	2	2	1	1	0	33
chr6	24626862	24629923	2	2	1	3	0	31
chr6	24629948	24633835	2	2	1	3	0	24
chr6	28480642	28512833	1	1	1	2	0	17
chr6	28527000	28527575	1	1	1	1	0	18
chr6	29131341	29131625	2	2	1	1	0	37
chr6	29139626	29143552	2	2	1	1	0	12
chr6	29366206	29366915	1	1	1	1	0	21
chr6	29568993	29571034	2	2	1	1	0	27
chr6	29906759	29908345	1	1	1	2	0	26
chr6	31375890	31395865	1	1	1	2	0	26
chr6	31451456	31454861	1	1	1	1	0	19
chr6	31454992	31466269	1	1	1	1	0	21
chr6	32945254	32985417	2	2	1	1	0	36
chr6	34723026	34730377	1	1	1	1	0	17
chr6	34730524	34732568	1	1	1	3	0	23
chr6	35237399	35238093	1	1	1	1	0	26
chr6	38289420	38293255	2	2	1	1	0	45
chr6	38429907	38438409	1	1	1	1	0	41
chr6	38440002	38440488	1	1	1	1	0	29
chr6	38528844	38531914	1	1	1	1	0	17
chr6	38528844	38547444	1	1	1	1	0	7
chr6	38542658	38545781	1	1	1	0	1	35
chr6	38562075	38566110	1	1	1	1	0	30
chr6	39147245	39147702	2	2	1	2	0	4
chr6	39573530	39575199	1	1	1	7	0	46
chr6	39575296	39576325	1	1	1	12	0	45
chr6	39575300	39576325	1	1	1	9	0	45
chr6	40453770	40454856	1	1	1	1	0	16
chr6	40454946	40457786	1	1	1	5	2	44
chr6	42226867	42227163	1	1	1	3	0	41
chr6	44769954	44770049	2	2	1	0	7	43
chr6	47485323	47485906	1	1	1	2	0	9
chr6	47496714	47497726	1	1	1	1	0	29
chr6	48404814	48418880	2	2	1	1	0	23
chr6	48501119	48509244	1	1	1	1	0	12
chr6	48546740	48546874	2	2	1	75	0	45
chr6	48546905	48549102	2	2	1	1	0	30
chr6	48546994	48547177	2	2	1	7	0	26
chr6	48546997	48547177	2	2	1	1	0	29
chr6	48547274	48548716	2	2	1	2	0	32
chr6	48548822	48549021	2	2	1	2	0	38
chr6	48821114	48821601	1	1	1	2	0	28
chr6	49059861	49061436	1	1	1	1	0	32
chr6	50155501	50157155	1	1	1	4	0	44
chr6	50542366	50542471	2	2	1	1	0	43
chr6	51439036	51440390	2	2	1	2	0	17
chr6	51442222	51443121	2	2	1	1	0	29
chr6	51447720	51448795	1	1	1	0	1	40
chr6	52599946	52607173	2	2	1	2	0	43
chr6	52710335	52713834	1	1	1	1	0	13
chr6	52714158	52716528	1	1	1	2	0	17
chr6	52723756	52728069	1	1	1	2	0	22
chr6	52728196	52730289	1	1	1	1	0	13
chr6	52742089	52742857	1	3	1	2	0	34
chr6	54962987	54963817	2	2	1	1	0	39
chr6	56680395	56681607	2	2	1	0	1	4
chr6	58641544	58642088	1	1	1	1	0	20
chr6	58649100	58651552	1	1	1	1	0	21
chr6	58667605	58669227	1	1	1	2	0	16
chr6	58917303	58921105	2	2	1	1	0	7
chr6	67249923	67254744	1	1	1	2	0	32
chr6	67254923	67258631	1	1	1	2	0	17
chr6	67258806	67260886	1	1	1	11	0	29
chr6	68925574	68947986	0	0	1	0	3	31
chr6	71176899	71180094	2	2	1	1	0	35
chr6	71176978	71178591	1	1	1	42	0	45
chr6	71178765	71180070	1	1	1	590	0	46
chr6	71180164	71181887	1	1	1	2925	0	46
chr6	71569177	71570858	2	2	1	1	0	23
chr6	71572638	71573639	2	2	1	1	0	41
chr6	71793272	71794588	2	2	1	1	0	9
chr6	71838091	71839328	1	1	1	2	0	10
chr6	71884674	71884777	2	2	1	2	0	17
chr6	71884831	71885617	2	2	1	2	0	22
chr6	72405611	72405779	1	1	1	2	0	22
chr6	73241004	73241212	1	1	1	2	0	42
chr6	73252373	73253664	1	1	1	2	0	36
chr6	83033626	83033739	1	1	1	1	0	24
chr6	83034376	83034478	1	1	1	7	0	40
chr6	83175644	83176169	1	1	1	3	0	9
chr6	83540901	83541162	2	2	1	1	0	7
chr6	83622353	83622877	2	2	1	1	0	14
chr6	83791852	83808252	2	2	1	1	0	31
chr6	85887260	85887619	2	2	1	1	0	35
chr6	85901505	85904222	1	1	1	1	0	40
chr6	85904967	85905757	1	1	1	1	0	36
chr6	86353602	86355714	1	1	1	0	3	38
chr6	86540520	86541257	1	1	1	1	0	32
chr6	86657969	86658572	2	2	1	1	0	14
chr6	86658686	86659837	2	2	1	1	0	21
chr6	86714806	86718817	2	2	1	1	0	43
chr6	87002643	87005276	1	1	1	1	0	4
chr6	88800280	88802738	1	3	1	1	0	36
chr6	88815944	88816166	2	2	1	1	0	46
chr6	88816754	88817691	2	2	1	1	0	29
chr6	88817748	88817819	2	2	1	1	0	7
chr6	90244545	90265205	2	2	1	1	0	36
chr6	90338533	90340088	1	1	1	2	0	27
chr6	90340138	90341084	1	3	1	2	0	16
chr6	90536974	90539600	1	1	1	1	0	13
chr6	90546923	90547765	1	1	1	3	0	9
chr6	90547886	90548848	1	1	1	1	0	19
chr6	90566413	90567719	1	1	1	1	0	17
chr6	90568882	90571464	1	1	1	1	0	5
chr6	90573628	90576084	1	1	1	1	0	35
chr6	90575368	90575868	1	1	1	2	0	11
chr6	91469347	91469823	2	2	1	2	0	28
chr6	91487641	91492687	2	2	1	2	0	3
chr6	91869980	91870386	1	1	1	3	0	38
chr6	91870482	91872194	1	1	1	1	0	14
chr6	93662679	93663557	2	2	1	1	0	24
chr6	93663619	93663762	2	2	1	1	0	7
chr6	95572735	95632438	2	2	1	0	1	4
chr6	97133931	97135006	2	2	1	2	0	18
chr6	97137297	97137491	2	2	1	1	0	44
chr6	97145852	97147286	2	2	1	1	0	32
chr6	97285130	97285574	2	2	1	1	0	32
chr6	98907196	98912234	2	2	1	1	0	42
chr6	106756003	106756146	1	1	1	1	0	41
chr6	108316584	108326558	1	1	1	1	0	13
chr6	113094579	113095218	1	1	1	1	0	14
chr6	113466752	113468613	1	1	1	1	0	37
chr6	114754041	114835951	1	1	1	1	0	32
chr6	114981481	114987767	2	2	1	1	0	30
chr6	115595415	115595556	2	2	1	1	0	45
chr6	115782650	115783946	2	2	1	11	0	38
chr6	115784129	115784762	2	2	1	1	0	41
chr6	116001899	116019831	2	2	1	1	0	5
chr6	116194805	116195621	1	1	1	1	0	22
chr6	116218584	116221550	1	1	1	2	0	38
chr6	116225120	116231050	1	1	1	1	0	32
chr6	116231455	116232009	1	1	1	0	1	5
chr6	116236218	116237451	1	1	1	1	0	12
chr6	118531227	118533156	2	2	1	1	0	23
chr6	119720443	119726798	2	2	1	1	0	16
chr6	119750863	119754948	2	2	1	1	0	19
chr6	119946532	119947818	2	2	1	8	0	42
chr6	119949818	119967052	2	2	1	2	0	17
chr6	120341740	120343530	1	1	1	1	0	19
chr6	120395700	120396360	1	1	1	3	0	36
chr6	120407242	120408773	1	1	1	1	0	18
chr6	120732605	120733509	1	1	1	2	0	29
chr6	121313945	121314252	1	1	1	3	0	26
chr6	121314277	121314614	1	3	1	1	0	23
chr6	121761715	121762789	1	1	1	0	2	28
chr6	121817203	121817960	1	1	1	7	0	45
chr6	121818121	121818230	1	1	1	3	0	41
chr6	121818284	121826404	1	1	1	2	0	21
chr6	121826426	121826682	1	1	1	1	0	21
chr6	121827314	121828347	1	1	1	4	0	20
chr6	121828436	121833242	1	1	1	13	0	40
chr6	121828436	121833246	1	1	1	1	0	37
chr6	121833361	121833504	1	1	1	2	0	27
chr6	121847610	121848263	1	1	1	5	0	46
chr6	121853431	121855443	1	1	1	1	0	44
chr6	121856347	121857402	1	1	1	1	0	44
chr6	121857866	121858640	1	1	1	3	0	27
chr6	121861362	121861520	1	1	1	1	0	19
chr6	121861649	121862762	1	1	1	0	5	37
chr6	121862854	121863503	1	1	1	2	0	44
chr6	121863573	121864373	1	1	1	7	0	27
chr6	121864441	121865867	2	2	1	1	9	38
chr6	121864477	121865521	1	1	1	84	0	42
chr6	121865564	121865871	1	1	1	121	9	44
chr6	121929387	121930329	1	1	1	0	5	37
chr6	121932029	121933067	1	1	1	0	2	34
chr6	121985449	121986240	1	1	1	0	3	36
chr6	122000899	122001906	1	1	1	4	0	42
chr6	122001995	122012935	1	1	1	1	0	12
chr6	122058346	122058505	1	1	1	1	0	32
chr6	122058634	122059657	1	1	1	0	4	37
chr6	122059749	122060390	1	1	1	0	2	38
chr6	122060460	122061275	1	1	1	2	1	36
chr6	122061379	122062426	1	1	1	19	0	31
chr6	122062469	122062782	1	1	1	21	0	42
chr6	122115514	122116344	1	1	1	0	2	36
chr6	122116505	122116612	1	1	1	1	0	26
chr6	122118810	122121206	0	0	1	3	0	36
chr6	122154704	122155496	1	1	1	0	3	36
chr6	122170130	122184855	1	1	1	3	0	33
chr6	122219330	122220714	1	1	1	1	0	21
chr6	122221222	122222267	1	1	1	0	4	37
chr6	122222359	122223002	1	1	1	0	2	38
chr6	122223072	122223872	1	1	1	0	1	5
chr6	122223976	122225023	1	1	1	4	2	40
chr6	122225066	122225380	1	1	1	6	0	42
chr6	122226835	122226955	1	1	1	1	0	27
chr6	124380867	124381588	2	2	1	1	0	38
chr6	124514446	124517279	2	2	1	1	0	6
chr6	124693394	124693568	1	1	1	1	0	7
chr6	124697872	124698042	2	2	1	1	0	43
chr6	124716377	124717481	2	2	1	1	0	26
chr6	124891196	124891370	2	2	1	2	0	31
chr6	124891430	124891597	2	2	1	2	0	34
chr6	124891677	124891880	2	2	1	2	0	25
chr6	124891953	124894522	2	2	1	2	0	39
chr6	125077553	125077740	1	1	1	2	0	36
chr6	125077553	125077761	1	1	1	2	0	22
chr6	125082034	125082138	1	1	1	1	0	3
chr6	125087334	125090427	1	1	1	1	0	12
chr6	125098993	125099085	1	1	1	1	0	42
chr6	125099246	125099439	1	1	1	1	0	43
chr6	125099512	125099780	1	1	1	1	0	23
chr6	125139065	125139174	2	2	1	13	0	38
chr6	125339831	125340004	2	2	1	1	0	39
chr6	126804599	126809434	2	2	1	2	0	21
chr6	128407844	128409384	2	2	1	1	0	34
chr6	128410255	128410488	2	2	1	2	0	28
chr6	128460690	128461821	2	2	1	2	0	27
chr6	128460690	128461826	2	2	1	168	0	44
chr6	128461869	128462520	2	2	1	85	0	43
chr6	128462624	128463080	2	2	1	10	0	37
chr6	128463150	128463855	2	2	1	2	0	43
chr6	128465063	128465868	2	2	1	1	0	35
chr6	128466823	128466981	2	2	1	2	0	40
chr6	128467057	128467485	2	2	1	1	0	11
chr6	128468636	128469119	2	2	1	2	0	19
chr6	128472283	128472862	2	2	1	1	0	43
chr6	128489347	128490698	2	2	1	1	0	39
chr6	128493890	128496354	2	2	1	1	0	24
chr6	128493894	128496354	2	2	1	8	0	45
chr6	128496479	128498063	2	2	1	2	0	45
chr6	128498149	128498978	2	2	1	2	0	22
chr6	128499148	128499702	2	2	1	1	0	9
chr6	128501087	128502077	2	2	1	3	0	14
chr6	128517313	128517966	2	2	1	1	0	28
chr6	128619204	128619291	2	2	1	1	0	15
chr6	128623757	128623982	2	2	1	0	1	39
chr6	131262689	131264998	2	2	1	1	0	34
chr6	133082569	133087755	1	1	1	3	0	18
chr6	136801422	136802513	2	2	1	1	0	32
chr6	136802546	136802998	2	2	1	3	0	13
chr6	136803108	136805017	2	2	1	1	0	31
chr6	137756656	137757727	1	1	1	1	0	31
chr6	137807304	137813731	1	1	1	1	0	16
chr6	138124814	138127765	1	1	1	2	0	28
chr6	138127861	138133129	1	1	1	3	0	46
chr6	140480289	140482373	1	1	1	1	0	20
chr6	141601145	141602514	1	1	1	5	0	31
chr6	141602662	141603233	1	1	1	2	0	34
chr6	141603333	141609303	1	1	1	2	0	44
chr6	141615608	141615647	1	1	1	1	0	24
chr6	141615771	141615791	0	0	1	5	0	38
chr6	141616985	141617867	1	1	1	1	0	18
chr6	141618040	141621929	1	1	1	1	0	30
chr6	141622112	141627035	1	1	1	1	0	40
chr6	141627101	141628929	1	1	1	8	0	34
chr6	141629048	141631115	1	1	1	17	0	44
chr6	141770927	141771967	2	2	1	0	1	6
chr6	141871477	141878151	2	2	1	1	1	31
chr6	141882233	141885688	2	2	1	1	0	37
chr6	142198976	142200094	2	2	1	0	1	6
chr6	142368558	142369119	2	2	1	1	0	27
chr6	142368558	142369246	2	2	1	1	0	34
chr6	142394229	142395155	2	2	1	1	0	44
chr6	142585044	142585173	2	2	1	1	0	45
chr6	142640345	142643404	2	2	1	1	0	14
chr6	142710436	142713529	1	1	1	0	1	7
chr6	145878562	145878657	1	1	1	0	6	43
chr6	146927136	146927652	1	1	1	1	0	31
chr6	147477079	147491884	1	1	1	1	0	42
chr6	148083238	148083385	2	2	1	1	0	9
chr6	148092384	148096692	2	2	1	1	0	42
chr6	148703488	148706119	2	2	1	1	0	39
chr7	3620691	3622428	1	1	1	1	0	9
chr7	3622507	3622999	1	1	1	16	0	33
chr7	3666861	3668314	2	2	1	1	0	12
chr7	3708919	3709649	1	1	1	2	0	36
chr7	4639273	4642512	2	2	1	1	0	5
chr7	4788279	4792003	2	2	1	1	0	31
chr7	4796626	4797062	1	1	1	2	0	42
chr7	4797182	4797416	1	1	1	47	0	45
chr7	7287274	7290644	2	2	1	2	0	25
chr7	12657009	12659318	1	1	1	1	0	20
chr7	12659529	12659663	1	1	1	2	0	39
chr7	12659793	12660322	1	1	1	14	0	46
chr7	12660422	12660498	1	1	1	96	0	46
chr7	12722384	12725212	2	4	1	1	0	17
chr7	12722580	12722659	2	2	1	5	0	23
chr7	12728966	12730157	2	2	1	1	0	39
chr7	12766130	12766215	2	2	1	2	0	45
chr7	12766493	12766568	2	2	1	1	0	28
chr7	12767970	12768561	2	2	1	1	0	32
chr7	14147723	14150142	2	2	1	1	0	26
chr7	14150238	14157361	2	2	1	5	0	43
chr7	15671815	15672098	2	2	1	5	0	31
chr7	15672156	15672276	2	2	1	9	0	40
chr7	15672354	15672835	2	2	1	2	0	19
chr7	15675736	15676099	2	2	1	2	0	22
chr7	15679280	15679754	2	2	1	1	0	36
chr7	15937215	15937498	2	2	1	1	0	7
chr7	18881077	18882300	2	2	1	2	0	21
chr7	19405552	19407195	2	2	1	1	0	41
chr7	19405774	19407153	2	2	1	2	0	8
chr7	19407305	19407471	2	2	1	4	0	40
chr7	19412135	19412188	1	1	1	13	0	19
chr7	19412238	19412534	2	2	1	52	1	45
chr7	19412238	19412605	2	2	1	1	1	45
chr7	19412668	19415229	2	2	1	3	0	35
chr7	19423562	19425812	2	2	1	506	0	46
chr7	19423562	19426335	2	2	1	1	0	13
chr7	19425961	19426335	2	2	1	15	0	44
chr7	19430235	19430585	1	3	1	2	0	14
chr7	19430244	19430356	1	1	1	15	2	16
chr7	19430244	19430526	1	1	1	3	0	37
chr7	19430263	19430648	2	2	1	0	1	6
chr7	19430304	19430325	2	2	1	1	0	46
chr7	19430314	19430496	2	2	1	161	2	44
chr7	19430506	19430967	1	1	1	1	0	21
chr7	19431029	19431403	2	2	1	11	0	35
chr7	19431573	19432112	2	2	1	5	0	44
chr7	19513722	19514697	2	2	1	2	0	20
chr7	20226608	20230304	1	1	1	0	1	24
chr7	22181256	22184952	1	1	1	0	1	24
chr7	24307383	24307776	1	1	1	2	0	42
chr7	24307894	24308147	1	1	1	4	0	30
chr7	24584978	24587706	1	1	1	0	2	22
chr7	24587891	24588331	1	1	1	47	0	45
chr7	24588387	24589165	1	1	1	56	0	45
chr7	24927251	24929577	1	1	1	1	0	23
chr7	25163326	25164273	2	2	1	0	2	26
chr7	25217611	25218583	2	2	1	0	2	26
chr7	25396698	25403549	1	1	1	1	0	38
chr7	26540550	26541152	1	1	1	1	0	5
chr7	26633046	26633553	2	2	1	0	1	7
chr7	26734224	26734735	1	1	1	0	1	7
chr7	26734878	26735889	1	1	1	1	0	5
chr7	26828777	26829141	1	1	1	2	0	45
chr7	26829319	26829718	1	1	1	1	0	8
chr7	26832041	26832640	1	1	1	2	0	23
chr7	27159026	27165257	2	6	1	1	0	22
chr7	27159078	27161991	1	1	1	3	0	27
chr7	27162121	27165144	1	1	1	1	0	10
chr7	27741346	27741525	2	2	1	1	0	21
chr7	27741582	27741763	2	2	1	1	0	27
chr7	27878469	27878555	1	1	1	3	0	45
chr7	28050519	28051601	1	1	1	0	1	38
chr7	28051699	28051787	1	1	1	1	0	40
chr7	28051836	28051918	1	1	1	12	0	46
chr7	28476325	28476420	1	1	1	1	0	8
chr7	28530886	28531141	1	1	1	1	0	6
chr7	28531293	28531428	1	1	1	5	0	40
chr7	28670864	28671956	2	2	1	6	0	40
chr7	28672083	28673573	2	2	1	3	0	10
chr7	28783060	28785136	2	2	1	1	0	28
chr7	28947160	28947321	2	2	1	3	0	36
chr7	28958014	28958823	2	2	1	3	0	44
chr7	29716688	29721642	1	1	1	1	0	24
chr7	29884785	29885336	1	1	1	1	0	23
chr7	29932249	29932331	1	1	1	1	0	30
chr7	29932407	29932491	1	1	1	4	0	37
chr7	29932544	29932709	1	1	1	5	0	37
chr7	30193940	30212363	2	2	1	1	0	40
chr7	30316588	30322839	2	2	1	7	0	43
chr7	30427329	30427411	2	2	1	1	0	26
chr7	30641826	30641971	0	0	1	3	0	30
chr7	30642007	30642089	2	2	1	49	0	45
chr7	30642150	30643321	2	2	1	11	0	39
chr7	30657327	30657413	2	2	1	34	0	46
chr7	30751206	30751357	2	2	1	1	0	30
chr7	30751241	30751357	2	2	1	8	0	41
chr7	30751413	30751552	2	2	1	6	0	44
chr7	30751603	30752449	2	2	1	2	0	26
chr7	30808618	30810138	2	2	1	1	0	10
chr7	34984249	34986547	2	2	1	1	0	41
chr7	35342112	35343048	2	2	1	0	2	43
chr7	35343141	35343775	2	2	1	1	0	29
chr7	42157122	42158211	1	1	1	1	0	43
chr7	43104005	43105902	1	1	1	2	0	46
chr7	43106062	43106932	1	1	1	1	0	9
chr7	43106062	43106993	1	1	1	16	0	36
chr7	44116758	44117066	1	1	1	2	0	46
chr7	44151267	44153060	2	2	1	1	0	20
chr7	44511852	44511922	1	1	1	2	0	38
chr7	44512619	44512802	2	2	1	2	0	20
chr7	44512869	44512958	2	2	1	2	0	8
chr7	44528939	44529350	2	2	1	1	0	7
chr7	44711956	44722913	1	1	1	1	0	38
chr7	44751610	44751837	2	2	1	1	0	3
chr7	44771983	44772252	2	2	1	20	0	46
chr7	44772383	44772586	2	2	1	1	0	6
chr7	44775433	44775574	2	4	1	8	0	6
chr7	44775457	44775538	2	2	1	90	0	46
chr7	44775662	44775901	2	2	1	13	0	44
chr7	44775962	44776132	2	2	1	5	0	32
chr7	44809249	44809365	1	1	1	6	0	45
chr7	45041750	45044082	2	2	1	1	0	11
chr7	45071430	45071515	2	2	1	1	0	39
chr7	45107416	45107454	1	3	1	16	0	20
chr7	45107455	45107547	1	1	1	4	1	14
chr7	45107471	45107629	1	1	1	0	1	36
chr7	45107708	45107958	2	2	1	9	0	39
chr7	45108085	45108507	2	2	1	5	0	24
chr7	45108655	45108953	2	2	1	1	0	38
chr7	45235801	45236682	2	4	1	1	0	39
chr7	45369443	45369717	1	1	1	1	0	21
chr7	45369912	45370137	1	1	1	30	0	45
chr7	46498515	46499601	1	1	1	1	0	11
chr7	46504707	46504809	2	4	1	1	0	44
chr7	46540910	46542105	2	2	1	0	1	28
chr7	48480455	48482309	2	2	1	1	0	45
chr7	49023933	49024225	1	1	1	1	0	20
chr7	51557940	51558485	2	4	1	2	0	24
chr7	51649526	51653093	2	2	1	1	0	6
chr7	51653734	51655485	2	2	1	2	0	23
chr7	55717847	55722040	1	1	1	1	0	16
chr7	58938310	58938454	1	1	1	1	0	25
chr7	58953560	58954557	1	1	1	8	0	46
chr7	64034118	64035426	2	2	1	1	0	32
chr7	64992468	64993362	2	2	1	2	0	15
chr7	65338700	65339715	1	1	1	2	0	7
chr7	65720414	65720979	1	1	1	1	0	11
chr7	65729538	65730079	1	1	1	1	0	20
chr7	65730215	65733147	1	1	1	8	0	40
chr7	65733255	65736694	1	1	1	2	0	18
chr7	66917953	66945122	2	2	1	1	0	6
chr7	67916869	67919875	2	2	1	1	0	11
chr7	68389282	68389632	2	2	1	2	0	12
chr7	73094083	73096882	2	2	1	1	0	18
chr7	73101588	73102846	2	2	1	1	0	15
chr7	73119477	73121544	2	2	1	3	0	44
chr7	73121638	73122759	2	2	1	1	0	5
chr7	73157662	73163837	2	2	1	1	0	43
chr7	73158590	73158626	1	1	1	1	0	39
chr7	73163900	73165473	2	2	1	2	0	25
chr7	73187968	73198363	1	1	1	0	2	3
chr7	78786590	78791392	2	2	1	1	0	36
chr7	80044337	80046206	2	2	1	0	2	41
chr7	80992598	80993482	2	2	1	35	0	46
chr7	80993549	80994058	2	2	1	7	0	39
chr7	80994165	80994604	2	2	1	1	0	16
chr7	81239274	81241509	1	1	1	4	0	34
chr7	81241597	81241754	1	1	1	1	0	14
chr7	82330684	82332212	1	1	1	2	0	12
chr7	84234553	84238038	2	2	1	20	1	45
chr7	84251400	84254850	2	2	1	1	0	24
chr7	84270121	84281863	2	2	1	1	0	31
chr7	84281965	84283092	2	2	1	1	0	39
chr7	84283618	84338953	2	2	1	2	0	34
chr7	89568216	89569280	2	2	1	1	0	30
chr7	89809799	89810467	1	1	1	1	0	38
chr7	89818484	89819786	1	1	1	1	0	41
chr7	90100144	90100750	2	2	1	2	0	21
chr7	90104728	90106279	2	2	1	1	0	30
chr7	96706753	96708992	1	1	1	1	0	46
chr7	97049565	97056072	1	1	1	1	0	10
chr7	97056217	97056825	1	1	1	6	0	38
chr7	97199949	97207337	2	2	1	1	0	20
chr7	97320090	97323787	1	1	1	1	0	37
chr7	97326620	97328141	1	1	1	1	0	26
chr7	98806387	98807359	2	2	1	1	0	20
chr7	99128159	99128480	2	2	1	52	0	45
chr7	99129271	99130903	2	2	1	0	1	3
chr7	99489091	99493906	2	2	1	4	0	41
chr7	99748744	99749626	2	2	1	2	0	30
chr7	100198590	100199746	2	2	1	1	0	19
chr7	100991853	100992390	1	1	1	1	0	40
chr7	100992490	100995386	0	0	1	3	0	42
chr7	100994895	100995098	1	1	1	0	1	6
chr7	101888375	101889244	1	3	1	1	0	19
chr7	102850190	102927440	0	0	1	0	3	33
chr7	103461992	103462645	2	2	1	0	7	36
chr7	103476001	103476654	2	2	1	0	7	36
chr7	104079434	104084788	2	2	1	1	0	39
chr7	105241149	105241286	2	2	1	4	0	40
chr7	105241450	105241532	2	2	1	1	0	5
chr7	105244407	105244666	2	2	1	1	0	23
chr7	105248586	105248868	2	2	1	1	0	12
chr7	105392271	105392432	2	2	1	6	0	37
chr7	107281062	107285066	1	1	1	2	0	39
chr7	107315905	107316911	1	1	1	1	0	43
chr7	108540215	108540667	1	1	1	2	0	42
chr7	109119850	109120807	1	1	1	0	21	45
chr7	109648901	109649986	1	1	1	1	0	37
chr7	109650441	109650528	1	1	1	1	0	43
chr7	110629520	110632897	1	1	1	1	0	11
chr7	110645811	110645969	1	1	1	3	0	31
chr7	110674449	110674543	2	2	1	1	0	16
chr7	110677761	110678499	2	2	1	2	0	24
chr7	110678603	110679388	2	2	1	1	0	13
chr7	110679530	110680105	2	2	1	1	0	19
chr7	111682372	111683063	1	1	1	1	0	34
chr7	111707912	111709151	1	1	1	1	0	4
chr7	113832593	113834173	2	2	1	2	0	13
chr7	113834271	113836021	2	2	1	2	0	26
chr7	114117656	114118746	1	1	1	1	0	26
chr7	114134068	114135265	1	1	1	3	0	41
chr7	114304531	114304604	2	2	1	0	2	25
chr7	115930819	115931613	2	2	1	22	0	43
chr7	115931715	115932163	2	2	1	4	0	39
chr7	116135268	116139179	1	1	1	1	0	10
chr7	116139262	116139676	1	1	1	1	0	33
chr7	117708417	117709155	2	2	1	16	1	44
chr7	117709242	117714007	2	2	1	1	4	20
chr7	117719634	117720383	2	2	1	10	0	46
chr7	117720469	117721148	2	2	1	4	0	36
chr7	117832021	117832735	2	4	1	2	0	24
chr7	118452564	118454845	2	2	1	1	0	19
chr7	120256894	120258243	1	1	1	3	2	37
chr7	121687562	121690808	2	2	1	2	0	21
chr7	121690187	121690808	2	2	1	13	0	44
chr7	121690909	121692839	2	2	1	0	1	35
chr7	122582231	122584215	1	1	1	1	0	18
chr7	122723556	122723890	1	1	1	5	0	42
chr7	122723939	122742972	1	1	1	4	0	36
chr7	126146253	126146356	2	2	1	2	0	16
chr7	126161863	126162175	2	2	1	1	0	23
chr7	126162283	126162414	2	2	1	1	0	9
chr7	126171559	126171642	2	2	1	1	0	41
chr7	126271491	126271741	1	1	1	1	0	26
chr7	126272428	126272588	2	2	1	2	0	42
chr7	126295272	126295354	1	1	1	1	0	13
chr7	126295453	126295726	1	1	1	5	0	29
chr7	126485488	126488062	2	2	1	1	0	46
chr7	126793103	126793186	2	2	1	1	0	7
chr7	126813156	126813262	1	1	1	1	0	33
chr7	127121302	127124464	1	1	1	2	0	16
chr7	127304348	127304898	2	2	1	4	0	44
chr7	127433010	127451668	2	2	1	0	2	35
chr7	127439356	127451675	2	2	1	0	2	28
chr7	127445798	127447559	1	1	1	1	0	43
chr7	127447840	127447922	1	1	1	1	0	46
chr7	127524436	127524758	1	1	1	3	0	21
chr7	127571943	127573571	1	1	1	1	0	23
chr7	127579419	127580362	1	1	1	1	0	18
chr7	128045671	128046004	2	2	1	1	0	21
chr7	128381462	128385151	1	1	1	1	0	36
chr7	130109430	130110736	2	2	1	2	0	28
chr7	130110989	130112540	2	2	1	1	0	41
chr7	130112645	130115491	2	2	1	1	0	17
chr7	130135592	130137253	2	2	1	1	0	8
chr7	130144541	130147624	2	2	1	1	0	21
chr7	131030365	131031675	1	1	1	1	0	23
chr7	132478447	132480257	1	1	1	1	0	12
chr7	137061025	137061209	1	1	1	1	0	23
chr7	137061272	137063074	1	1	1	2	0	41
chr7	137066237	137069661	1	1	1	0	1	27
chr7	138448434	138470138	1	1	1	1	0	10
chr7	139679536	139679791	2	2	1	4	0	29
chr7	139679620	139679791	2	2	1	1	0	13
chr7	139686291	139687996	2	2	1	6	0	41
chr7	139690020	139690451	2	2	1	1	0	44
chr7	139693047	139696219	2	2	1	2	0	9
chr7	140349159	140349476	1	1	1	2	0	31
chr7	140349638	140349964	1	1	1	4	0	31
chr7	140350142	140350854	1	1	1	3	0	39
chr7	140353120	140353542	1	1	1	2	0	31
chr7	140353685	140354470	1	1	1	5	0	41
chr7	140479003	140480144	2	2	1	1	0	30
chr7	140487265	140487469	1	1	1	2	0	30
chr7	140487619	140487703	1	1	1	2	0	11
chr7	140487619	140487752	1	1	1	8	0	38
chr7	140740347	140742392	2	2	1	1	0	34
chr7	140797931	140798002	1	1	1	1	0	31
chr7	140981983	140982096	1	1	1	1	0	41
chr7	140982243	140982656	1	1	1	2	0	26
chr7	141028688	141030916	1	1	1	2	0	31
chr7	141031016	141031144	1	1	1	22	0	46
chr7	141031016	141031147	1	1	1	3	0	32
chr7	141053318	141054940	2	2	1	0	1	12
chr7	141142340	141168198	1	1	1	2	0	12
chr7	141929722	141930108	1	3	1	8	0	39
chr7	141997820	141997951	1	1	1	2	0	18
chr7	143046633	143052889	2	4	1	1	0	21
chr7	143050790	143051046	1	1	1	1	0	17
chr7	143115664	143116697	2	2	1	1	0	18
chr7	143173168	143181534	2	2	1	2	0	4
chr7	144071484	144072885	2	2	1	2	0	44
chr8	3660220	3660310	2	2	1	1	0	4
chr8	3672429	3672592	1	1	1	2	0	21
chr8	3672626	3673223	1	1	1	1	0	33
chr8	3692056	3692645	1	1	1	1	0	18
chr8	4320026	4324136	2	2	1	1	0	41
chr8	8717417	8731383	2	2	1	2	0	14
chr8	8731468	8733747	2	2	1	3	0	18
chr8	8733974	8739976	2	2	1	1	0	40
chr8	11292818	11294340	2	2	1	1	0	31
chr8	13080582	13080657	1	1	1	2	0	15
chr8	13082326	13083375	1	1	1	2	0	33
chr8	13165574	13171676	1	5	1	1	0	20
chr8	13190317	13192492	1	1	1	1	0	12
chr8	15569844	15569942	2	2	1	0	7	43
chr8	20555835	20576529	1	1	1	1	0	32
chr8	22708305	22708414	1	1	1	2	0	35
chr8	22869459	22870853	2	2	1	1	0	17
chr8	22911057	22913701	1	1	1	0	2	41
chr8	25056144	25066165	2	2	1	2	0	39
chr8	25472139	25480282	2	2	1	1	0	24
chr8	26307537	26307631	2	2	1	1	0	40
chr8	26528151	26529696	2	2	1	1	0	26
chr8	26551475	26557877	2	2	1	1	0	34
chr8	26558698	26560101	2	2	1	1	0	36
chr8	31651864	31653058	2	2	1	1	0	16
chr8	33814622	33819129	2	2	1	1	0	19
chr8	34105856	34107054	1	1	1	1	0	18
chr8	34107174	34109149	1	1	1	2	0	9
chr8	34128631	34131877	2	2	1	1	0	11
chr8	34274215	34279419	2	2	1	1	0	41
chr8	35310190	35314434	2	2	1	1	0	12
chr8	40084436	40085760	2	2	1	1	0	34
chr8	41353249	41355535	1	1	1	3	0	23
chr8	41644718	41650350	2	2	1	1	0	31
chr8	41709148	41710827	1	1	1	1	0	22
chr8	41729190	41732787	1	1	1	1	0	35
chr8	45725449	45726512	2	2	1	1	0	9
chr8	45729192	45729286	2	2	1	1	0	33
chr8	45735874	45736247	2	2	1	2	0	22
chr8	46433530	46433609	1	1	1	2	0	27
chr8	46448700	46449738	1	1	1	4	0	40
chr8	46981690	46983423	1	1	1	1	0	17
chr8	46984124	46984824	1	1	1	3	0	28
chr8	47290874	47297855	1	1	1	1	0	10
chr8	47960772	47963905	2	2	1	1	0	34
chr8	56770862	56772027	1	1	1	1	0	41
chr8	60996658	60998256	1	1	1	5	0	46
chr8	61366210	61372373	2	2	1	1	0	32
chr8	61372591	61375823	2	2	1	1	0	22
chr8	61391682	61394290	2	2	1	1	0	8
chr8	61966559	61968236	2	2	1	1	0	5
chr8	65172216	65173375	2	2	1	1	0	44
chr8	65202207	65202728	2	2	1	1	0	32
chr8	69347391	69348313	1	1	1	1	0	4
chr8	69926286	69926818	2	2	1	0	1	11
chr8	70347061	70347153	2	2	1	5	0	38
chr8	70347226	70347891	2	2	1	1	0	22
chr8	70347971	70354191	2	2	1	1	0	27
chr8	70765431	70765508	1	1	1	9	0	43
chr8	70785130	70785269	2	4	1	2	0	16
chr8	70961179	70961945	2	2	1	1	0	36
chr8	70962033	70962170	2	2	1	1	0	28
chr8	71130527	71130603	1	1	1	3	0	13
chr8	71211884	71212036	2	2	1	1	0	12
chr8	71348152	71348243	2	2	1	39	0	46
chr8	71348354	71348559	2	2	1	2	1	44
chr8	71348690	71348776	2	2	1	2	0	14
chr8	71348957	71350002	2	2	1	0	2	28
chr8	71821948	71822170	1	1	1	2	0	18
chr8	71924891	71926418	1	1	1	1	0	4
chr8	71926481	71927131	1	3	1	1	0	12
chr8	71987125	71987315	2	2	1	2	0	44
chr8	71989079	71989771	2	2	1	1	0	19
chr8	72047846	72048700	1	1	1	3	0	33
chr8	72897412	72898521	1	1	1	1	0	10
chr8	72898593	72900295	1	1	1	1	0	11
chr8	72975826	72976025	1	1	1	1	0	7
chr8	73459643	73460487	1	1	1	2	0	32
chr8	73466117	73466357	1	1	1	1	0	43
chr8	75796435	75796660	2	2	1	0	1	39
chr8	79534875	79536575	2	2	1	3	0	38
chr8	80023281	80032231	1	1	1	1	0	9
chr8	80414193	80414292	2	2	1	1	0	42
chr8	81427758	81428756	2	2	1	1	0	23
chr8	81428865	81431233	2	2	1	0	2	30
chr8	81435435	81435741	2	2	1	1	0	32
chr8	81436396	81437185	2	2	1	2	0	4
chr8	81446434	81447316	2	2	1	1	0	42
chr8	83897425	83897476	2	2	1	1	0	36
chr8	84297628	84298061	1	1	1	5	0	34
chr8	84298565	84298641	2	2	1	2	0	38
chr8	84299576	84299656	2	2	1	1	0	42
chr8	85435307	85440394	2	2	1	1	0	14
chr8	85440487	85442769	2	2	1	1	0	10
chr8	85440487	85448271	2	2	1	3	0	40
chr8	85568795	85569230	1	3	1	7	0	38
chr8	85569474	85569572	2	2	1	10	0	41
chr8	85569666	85570693	2	2	1	5	2	38
chr8	85823684	85824030	1	1	1	2	0	44
chr8	85824586	85825251	1	1	1	1	0	18
chr8	86010836	86012969	2	2	1	2	0	22
chr8	86136520	86138741	2	2	1	1	0	40
chr8	86138925	86153488	2	2	1	1	0	6
chr8	86266037	86266678	2	2	1	1	0	26
chr8	86445557	86449259	2	2	1	1	0	31
chr8	87360629	87361424	1	1	1	2	0	45
chr8	87363271	87364530	1	1	1	1	0	13
chr8	89088339	89088533	2	2	1	1	0	32
chr8	91616788	91618360	2	2	1	0	1	30
chr8	91705628	91710089	1	1	1	1	0	32
chr8	91711034	91712686	1	1	1	1	0	27
chr8	93825810	93825918	1	1	1	1	0	26
chr8	93825977	93827281	2	2	1	4	0	35
chr8	93827355	93830746	2	2	1	5	0	35
chr8	93847001	93849727	2	2	1	1	0	16
chr8	93901807	93902793	2	2	1	1	0	21
chr8	93983565	93984884	2	2	1	1	0	46
chr8	93998593	94000740	2	2	1	1	0	5
chr8	94782293	94782671	1	1	1	1	0	24
chr8	95315542	95315938	2	2	1	1	0	35
chr8	95329059	95349461	1	1	1	1	0	11
chr8	95380960	95385331	1	1	1	3	0	29
chr8	96180072	96182485	2	2	1	2	0	6
chr8	96593600	96596099	2	2	1	0	1	4
chr8	105251077	105252911	2	2	1	1	0	28
chr8	105467467	105467861	1	1	1	2	0	25
chr8	105780081	105784677	1	1	1	0	1	35
chr8	105780081	105819836	1	1	1	0	1	35
chr8	105780317	105782210	1	1	1	1	0	16
chr8	105784447	105784539	1	1	1	3	0	43
chr8	105813344	105813453	1	1	1	1	0	44
chr8	106671041	106671153	2	2	1	0	1	9
chr8	107736598	107737923	1	1	1	1	0	4
chr8	110292696	110295521	1	1	1	1	0	3
chr8	110301798	110301877	2	6	1	2	3	26
chr8	110399274	110402007	2	2	1	1	0	27
chr8	110408827	110409229	2	2	1	1	0	17
chr8	110722852	110723425	1	1	1	1	0	23
chr8	110810416	110810975	1	1	1	1	0	35
chr8	111605755	111606264	1	1	1	2	0	40
chr8	111606358	111607226	1	1	1	1	0	44
chr8	111607263	111608798	1	1	1	1	0	31
chr8	112568623	112571725	2	2	1	1	0	8
chr8	112728520	112729142	2	2	1	1	0	33
chr8	120072473	120074774	1	1	1	3	0	30
chr8	120170273	120170316	2	2	1	1	0	14
chr8	120658657	120663269	1	1	1	2	0	35
chr8	121400092	121400709	1	1	1	8	0	40
chr8	123103540	123110138	1	1	1	1	0	20
chr8	123208269	123208350	1	1	1	1	0	3
chr8	123301767	123301875	2	2	1	1	0	28
chr8	123341127	123342129	1	1	1	1	0	6
chr8	123830096	123830636	1	1	1	9	0	44
chr8	123830694	123831782	1	1	1	3	13	36
chr8	123959055	123960476	2	2	1	1	0	42
chr8	124100804	124108138	1	1	1	1	0	38
chr8	124108301	124109265	1	1	1	4	0	27
chr8	124207176	124207809	1	1	1	1	0	8
chr8	125568120	125568425	2	2	1	2	0	16
chr8	125568522	125569101	2	2	1	2	0	39
chr8	125588011	125589623	2	2	1	1	0	19
chr8	129182023	129183286	2	2	1	1	0	30
chr8	129182023	129184430	2	2	1	6	0	39
chr8	129184470	129199535	2	2	1	7	0	37
chr8	129202776	129203608	1	1	1	1	0	19
chr8	129224573	129224985	1	1	1	1	0	24
chr8	129225083	129227102	1	1	1	1	0	17
chr8	129433641	129436733	1	1	1	1	0	18
chr8	129446956	129448864	1	1	1	1	0	22
chr8	129450910	129452500	1	1	1	2	0	38
chr8	129452668	129458503	1	1	1	2	0	10
chr9	3000072	3029161	2	2	1	0	2	39
chr9	3000072	3035535	2	2	1	0	2	39
chr9	3000149	3000325	2	2	0	0	1	25
chr9	3000149	3006756	2	2	0	0	1	25
chr9	3000149	3025492	2	2	1	0	2	31
chr9	3000149	3035846	2	2	1	1	0	12
chr9	3000392	3005712	1	1	1	0	1	42
chr9	3000392	3011584	1	1	1	0	1	42
chr9	3000412	3032014	1	1	1	0	1	38
chr9	3000559	3002954	2	2	1	0	6	40
chr9	3000559	3004533	2	2	1	0	3	39
chr9	3000559	3018361	2	2	1	0	1	21
chr9	3000559	3025492	2	2	1	0	2	31
chr9	3000626	3005712	1	1	1	0	1	42
chr9	3000626	3011584	1	1	1	0	1	42
chr9	3000646	3032014	1	1	1	0	1	38
chr9	3000793	3000968	2	2	1	0	2	41
chr9	3000793	3001436	2	2	1	0	2	41
chr9	3000793	3002721	2	2	1	0	2	41
chr9	3000793	3007578	2	2	1	0	2	41
chr9	3000793	3009997	2	2	1	0	2	41
chr9	3000793	3013450	2	2	1	0	2	41
chr9	3000969	3002954	2	2	1	0	6	40
chr9	3000969	3004533	2	2	1	0	3	39
chr9	3000969	3018361	2	2	1	0	1	21
chr9	3000969	3025492	2	2	1	0	2	31
chr9	3001036	3005712	1	1	1	0	1	42
chr9	3001036	3011584	1	1	1	0	1	42
chr9	3001203	3001436	2	2	1	1	5	38
chr9	3001203	3002721	2	2	1	0	2	13
chr9	3001203	3002954	2	2	1	0	5	40
chr9	3001203	3004533	2	2	1	0	3	39
chr9	3001203	3007578	2	2	1	0	2	13
chr9	3001203	3009997	2	2	1	0	2	13
chr9	3001203	3013450	2	2	1	0	2	13
chr9	3001203	3018361	2	2	1	0	1	21
chr9	3001203	3025492	2	2	1	0	2	31
chr9	3001232	3007255	1	1	1	0	4	42
chr9	3001232	3009440	1	1	1	0	4	42
chr9	3001232	3012893	1	1	1	0	4	42
chr9	3001437	3002954	2	2	1	0	5	37
chr9	3001437	3004533	2	2	1	0	2	30
chr9	3001437	3018361	2	2	1	0	1	30
chr9	3001504	3005712	1	1	1	0	1	42
chr9	3001504	3011584	1	1	1	0	1	42
chr9	3001524	3027452	1	1	1	0	1	44
chr9	3001524	3032014	1	1	1	0	3	46
chr9	3002138	3002721	2	2	1	0	9	26
chr9	3002138	3007578	2	2	1	0	9	26
chr9	3002138	3009997	2	2	1	0	9	26
chr9	3002138	3013450	2	2	1	0	9	26
chr9	3002372	3002721	2	2	1	0	2	38
chr9	3002372	3007578	2	2	1	0	2	38
chr9	3002372	3009997	2	2	1	0	2	38
chr9	3002372	3010230	2	2	1	0	1	38
chr9	3002372	3013450	2	2	1	0	2	38
chr9	3002372	3013683	2	2	1	0	1	38
chr9	3002459	3006375	1	1	1	0	1	36
chr9	3002459	3012247	1	1	1	0	1	36
chr9	3002459	3019851	1	1	1	0	1	36
chr9	3002575	3006375	1	1	1	0	1	27
chr9	3002575	3012247	1	1	1	0	1	27
chr9	3002722	3004533	2	2	1	0	1	17
chr9	3002789	3005712	1	1	1	0	1	42
chr9	3002789	3011584	1	1	1	0	1	42
chr9	3002809	3027452	1	1	1	0	1	44
chr9	3002809	3032014	1	1	1	0	3	46
chr9	3003423	3004533	2	2	1	0	3	39
chr9	3003423	3007578	2	2	1	0	1	13
chr9	3003423	3009997	2	2	1	0	1	13
chr9	3003423	3013450	2	2	1	0	1	13
chr9	3003423	3018361	2	2	1	0	3	39
chr9	3003423	3025492	2	2	1	0	2	31
chr9	3003452	3007255	1	1	1	0	4	42
chr9	3003452	3009440	1	1	1	0	4	42
chr9	3003452	3012893	1	1	1	0	4	42
chr9	3003657	3025492	2	2	1	0	2	31
chr9	3004154	3006375	1	1	1	0	2	36
chr9	3004154	3012247	1	1	1	0	2	36
chr9	3004154	3019851	1	1	1	0	2	36
chr9	3004388	3006375	1	1	1	0	2	36
chr9	3004388	3012247	1	1	1	0	2	36
chr9	3004388	3019851	1	1	1	0	2	36
chr9	3004768	3018361	2	2	1	0	2	39
chr9	3005879	3007578	2	2	1	0	2	41
chr9	3005879	3009997	2	2	1	0	2	41
chr9	3005879	3013450	2	2	1	0	2	41
chr9	3006142	3026750	1	1	1	0	1	25
chr9	3006172	3007109	2	2	1	0	4	22
chr9	3006172	3009294	2	2	1	0	4	22
chr9	3006172	3012747	2	2	1	0	4	22
chr9	3006172	3015380	2	2	1	0	4	22
chr9	3006172	3017134	2	2	1	0	4	22
chr9	3006172	3018011	2	2	1	0	4	22
chr9	3006289	3007578	2	2	1	0	1	20
chr9	3006289	3009997	2	2	1	0	1	20
chr9	3006289	3013450	2	2	1	0	1	20
chr9	3006523	3007578	2	2	1	0	8	26
chr9	3006523	3009997	2	2	1	0	8	26
chr9	3006523	3013450	2	2	1	0	8	26
chr9	3006823	3011584	1	1	1	0	1	42
chr9	3006823	3019189	1	1	1	0	1	42
chr9	3006843	3026750	1	1	1	0	1	25
chr9	3006843	3027452	1	1	1	0	1	44
chr9	3006843	3032014	1	1	1	0	3	46
chr9	3007227	3007578	2	2	0	0	1	38
chr9	3007227	3009997	2	2	0	0	1	38
chr9	3007227	3010230	2	2	0	0	1	38
chr9	3007227	3013450	2	2	0	0	1	38
chr9	3007227	3013683	2	2	0	0	1	38
chr9	3007646	3011584	1	1	1	0	1	42
chr9	3007646	3019189	1	1	1	0	1	42
chr9	3007666	3027452	1	1	1	0	1	44
chr9	3007666	3032014	1	1	1	0	3	46
chr9	3008046	3025492	2	2	1	0	2	31
chr9	3008543	3012247	1	1	1	0	2	36
chr9	3008543	3019851	1	1	1	0	2	36
chr9	3008543	3024411	1	1	1	0	1	15
chr9	3009412	3009997	2	2	0	0	1	38
chr9	3009412	3010230	2	2	0	0	1	38
chr9	3009412	3013450	2	2	0	0	1	38
chr9	3009412	3013683	2	2	0	0	1	38
chr9	3009412	3025492	2	2	0	0	1	38
chr9	3009648	3010581	1	1	1	0	2	22
chr9	3009648	3014034	1	1	1	0	2	22
chr9	3009648	3020815	1	1	1	0	2	22
chr9	3009831	3011584	1	1	1	0	1	42
chr9	3009831	3019189	1	1	1	0	1	42
chr9	3009851	3012247	1	1	1	0	2	36
chr9	3009851	3019851	1	1	1	0	2	36
chr9	3009851	3024411	1	1	1	0	1	15
chr9	3010065	3011584	1	1	1	0	1	42
chr9	3010065	3019189	1	1	1	0	1	42
chr9	3010085	3027452	1	1	1	0	1	44
chr9	3010085	3032014	1	1	1	0	3	46
chr9	3010961	3012247	1	1	1	0	2	36
chr9	3010961	3019851	1	1	1	0	2	36
chr9	3010961	3024411	1	1	1	0	1	15
chr9	3011751	3013450	2	2	1	0	2	41
chr9	3011751	3024090	2	2	1	0	2	41
chr9	3011751	3025492	2	2	1	0	2	32
chr9	3012014	3026750	1	1	1	0	1	25
chr9	3012044	3012747	2	2	1	0	4	22
chr9	3012044	3015380	2	2	1	0	4	22
chr9	3012044	3017134	2	2	1	0	4	22
chr9	3012044	3018011	2	2	1	0	4	22
chr9	3012044	3024441	2	2	1	0	4	22
chr9	3012161	3013450	2	2	1	0	1	20
chr9	3012161	3024090	2	2	1	0	1	20
chr9	3012190	3012893	1	1	1	0	1	42
chr9	3012395	3013450	2	2	1	0	8	26
chr9	3012395	3024090	2	2	1	0	8	26
chr9	3012865	3013450	2	2	0	0	1	38
chr9	3012865	3013683	2	2	0	0	1	38
chr9	3012865	3025492	2	2	0	0	1	38
chr9	3012865	3029003	2	2	0	0	1	38
chr9	3013101	3014034	1	1	1	0	2	22
chr9	3013101	3020815	1	1	1	0	2	22
chr9	3013284	3019189	1	1	1	0	1	42
chr9	3013304	3019851	1	1	1	0	2	36
chr9	3013304	3024411	1	1	1	0	1	15
chr9	3013518	3019189	1	1	1	0	1	42
chr9	3013538	3027452	1	1	1	0	2	44
chr9	3013538	3032014	1	1	1	0	3	46
chr9	3014152	3018361	2	2	1	0	3	39
chr9	3014152	3024090	2	2	1	0	1	13
chr9	3014152	3025492	2	2	1	0	2	31
chr9	3014473	3019851	1	1	1	0	1	36
chr9	3014854	3025492	2	2	1	0	2	31
chr9	3015351	3019851	1	1	1	0	1	27
chr9	3015585	3019851	1	1	1	0	2	36
chr9	3015731	3024090	2	2	1	0	2	39
chr9	3015731	3029003	2	2	1	0	2	39
chr9	3015731	3032863	2	2	1	0	2	39
chr9	3015731	3035377	2	2	1	0	2	39
chr9	3015731	3036021	2	2	1	0	2	39
chr9	3016227	3019851	1	1	1	0	1	36
chr9	3016227	3032014	1	1	1	0	1	26
chr9	3016608	3025492	2	2	1	0	2	31
chr9	3017105	3019851	1	1	1	0	2	36
chr9	3017339	3019851	1	1	1	0	2	36
chr9	3017485	3025492	2	2	1	0	2	31
chr9	3017982	3019851	1	1	1	0	2	36
chr9	3018216	3019851	1	1	1	0	2	36
chr9	3018362	3024090	2	2	1	0	2	41
chr9	3018362	3025492	2	2	1	0	2	32
chr9	3018362	3029003	2	2	1	0	2	41
chr9	3018362	3032863	2	2	1	0	2	41
chr9	3018663	3019189	1	1	1	0	1	42
chr9	3018683	3019851	1	1	1	0	2	36
chr9	3018683	3024411	1	1	1	0	1	15
chr9	3019356	3024090	2	2	1	0	1	20
chr9	3019356	3029003	2	2	1	0	1	20
chr9	3019356	3032863	2	2	1	0	1	20
chr9	3019356	3035377	2	2	1	0	1	20
chr9	3019618	3026750	1	1	1	0	1	25
chr9	3019648	3024441	2	2	1	0	4	22
chr9	3019765	3024090	2	2	1	0	1	20
chr9	3019765	3029003	2	2	1	0	1	20
chr9	3019765	3032863	2	2	1	0	1	20
chr9	3019765	3035377	2	2	1	0	1	20
chr9	3019765	3036021	2	2	1	0	1	20
chr9	3019999	3024090	2	2	1	0	8	26
chr9	3019999	3029003	2	2	1	0	8	26
chr9	3019999	3032863	2	2	1	0	8	26
chr9	3019999	3035377	2	2	1	0	8	26
chr9	3019999	3036021	2	2	1	0	8	26
chr9	3020319	3027452	1	1	1	0	2	44
chr9	3020319	3032014	1	1	1	0	3	46
chr9	3020933	3024090	2	2	1	0	1	13
chr9	3020933	3025492	2	2	1	0	2	31
chr9	3020933	3032863	2	2	1	0	1	13
chr9	3021254	3032014	1	1	1	0	1	26
chr9	3021635	3025492	2	2	1	0	2	31
chr9	3022512	3024090	2	2	1	0	2	41
chr9	3022512	3029003	2	2	1	0	2	41
chr9	3022512	3032863	2	2	1	0	2	41
chr9	3022512	3035377	2	2	1	0	2	41
chr9	3022512	3036021	2	2	1	0	2	41
chr9	3022599	3024411	1	1	1	0	1	15
chr9	3023477	3024411	1	1	1	0	1	15
chr9	3023711	3024411	1	1	1	0	1	15
chr9	3023945	3027452	1	1	1	0	2	44
chr9	3023945	3032014	1	1	1	0	2	46
chr9	3024178	3026750	1	1	1	0	1	25
chr9	3024178	3027452	1	1	1	0	2	44
chr9	3024178	3032014	1	1	1	0	3	46
chr9	3024188	3031090	1	1	1	0	2	18
chr9	3024880	3027452	1	1	1	0	2	44
chr9	3024880	3032014	1	1	1	0	2	46
chr9	3025113	3027452	1	1	1	0	2	44
chr9	3025580	3027452	1	1	1	0	2	44
chr9	3025580	3032014	1	1	1	0	2	46
chr9	3025727	3032863	2	2	1	0	1	13
chr9	3025873	3027511	1	1	1	0	2	32
chr9	3025873	3030556	1	1	1	0	2	32
chr9	3025873	3032073	1	1	1	0	2	32
chr9	3025873	3033476	1	1	1	0	7	45
chr9	3025873	3034353	1	1	1	0	2	32
chr9	3025873	3035055	1	1	1	1	5	41
chr9	3025873	3037099	1	1	1	0	1	32
chr9	3025873	3037801	1	1	1	0	1	32
chr9	3026048	3032014	1	1	1	0	1	26
chr9	3026664	3029003	2	2	1	0	1	20
chr9	3026664	3032863	2	2	1	0	1	20
chr9	3026664	3035377	2	2	1	0	1	20
chr9	3026664	3036021	2	2	1	0	1	20
chr9	3027132	3032629	2	2	0	0	1	43
chr9	3027132	3034909	2	2	0	0	1	43
chr9	3027921	3032014	1	1	1	0	1	26
chr9	3028155	3032014	1	1	1	0	1	26
chr9	3028536	3032629	2	2	0	0	1	43
chr9	3028536	3034909	2	2	0	0	1	43
chr9	3028857	3029794	1	1	1	0	1	4
chr9	3029708	3032863	2	2	1	0	1	38
chr9	3029708	3035377	2	2	1	0	1	38
chr9	3029708	3036021	2	2	1	0	1	38
chr9	3030176	3032629	2	2	0	0	1	43
chr9	3030176	3032863	2	2	1	0	1	34
chr9	3030176	3034909	2	2	0	0	1	43
chr9	3030176	3035377	2	2	1	0	1	34
chr9	3030176	3036021	2	2	1	0	1	34
chr9	3031313	3032014	1	1	1	0	2	38
chr9	3031694	3032629	2	2	0	0	1	43
chr9	3031694	3034909	2	2	0	0	1	43
chr9	3032464	3033923	1	1	0	1	0	45
chr9	3032630	3032863	2	2	1	0	2	36
chr9	3032630	3035377	2	2	1	0	1	36
chr9	3032630	3036021	2	2	1	0	1	36
chr9	3034910	3035377	2	2	1	0	1	36
chr9	3034910	3036021	2	2	1	0	1	36
chr9	3410077	3411328	1	1	1	3	0	24
chr9	3411452	3417868	1	1	1	1	0	17
chr9	7205401	7206719	1	1	1	1	0	40
chr9	9115763	9155303	2	2	1	2	0	46
chr9	9155366	9180027	2	2	1	1	0	36
chr9	9180124	9238630	2	2	1	1	0	16
chr9	14419266	14421495	1	1	1	4	0	41
chr9	14483009	14483970	2	2	1	1	0	3
chr9	15206056	15209138	2	2	1	1	0	28
chr9	15226428	15226678	1	1	1	1	0	26
chr9	15226737	15228184	1	1	1	1	0	8
chr9	18213480	18215578	1	1	1	1	0	44
chr9	20556556	20556701	1	1	1	1	0	38
chr9	20556786	20556917	1	1	1	1	0	38
chr9	20556956	20557911	1	1	1	4	0	32
chr9	20689827	20689960	2	2	1	1	0	9
chr9	20690015	20690096	2	2	1	1	0	29
chr9	20805739	20805928	2	2	1	15	0	44
chr9	20806036	20806128	2	2	1	6	0	36
chr9	21179966	21180598	1	1	1	1	0	26
chr9	21306765	21307315	1	1	1	1	0	26
chr9	21500855	21500930	2	2	1	1	0	22
chr9	21552382	21553720	1	1	1	3	0	44
chr9	21576212	21577059	1	1	1	1	0	10
chr9	21832646	21837286	2	2	1	2	0	22
chr9	21921899	21922462	1	1	1	3	0	19
chr9	22038145	22038508	1	1	1	1	0	21
chr9	22360151	22361097	2	2	1	5	0	37
chr9	22361160	22365074	2	2	1	2	0	26
chr9	25210840	25212707	1	1	1	2	0	43
chr9	25212834	25215012	1	1	1	1	0	22
chr9	26917744	26918096	1	1	1	1	0	8
chr9	31062269	31063132	2	2	1	1	0	27
chr9	31064796	31068990	2	2	1	1	0	35
chr9	31081930	31083229	2	2	1	2	0	14
chr9	31280271	31280474	2	2	1	0	1	28
chr9	32649656	32664094	1	1	1	1	0	5
chr9	35123808	35124015	1	1	1	6	0	39
chr9	35216614	35216847	1	1	1	0	10	40
chr9	36676477	36678845	2	2	1	1	0	5
chr9	36687607	36693433	1	1	1	1	0	19
chr9	37565733	37566317	2	2	1	1	0	27
chr9	40713424	40713713	1	1	1	2	0	43
chr9	40713920	40714034	1	1	1	1	0	36
chr9	40715992	40716227	1	1	1	6	0	42
chr9	42911359	42911652	2	2	1	1	0	7
chr9	44303316	44303519	2	4	1	1	0	33
chr9	44319381	44319982	1	1	1	1	0	10
chr9	44320167	44321250	1	1	1	1	23	43
chr9	44321350	44321442	1	1	1	49	4	44
chr9	44747537	44747847	2	2	1	1	0	8
chr9	44754720	44756685	2	2	1	1	0	33
chr9	44824765	44825948	2	2	1	0	9	44
chr9	44826110	44831907	2	2	1	0	1	20
chr9	45777960	45778797	2	2	1	1	0	42
chr9	45807524	45809729	2	2	1	2	0	30
chr9	46140035	46140235	1	1	1	2	0	17
chr9	46140298	46140413	1	1	1	2	0	17
chr9	46140568	46141102	1	1	1	10	0	34
chr9	46141242	46141607	2	2	1	33	2	32
chr9	46141566	46141722	2	2	1	2	33	40
chr9	46144642	46145714	2	2	1	5	0	45
chr9	46146025	46146556	2	2	1	4	0	33
chr9	46154232	46154708	1	1	1	1	0	32
chr9	46154427	46154680	2	2	1	1	0	44
chr9	46180624	46181065	1	1	1	1	0	33
chr9	47759597	47761569	1	1	1	1	0	6
chr9	48380247	48383119	2	2	1	1	0	19
chr9	48383174	48384331	2	2	1	2	0	22
chr9	48390694	48391706	2	2	1	1	0	44
chr9	50444554	50444771	1	1	1	1	0	38
chr9	50519237	50520671	2	2	1	1	0	17
chr9	50520726	50521599	2	2	1	2	0	27
chr9	50547855	50548755	2	2	1	1	0	39
chr9	51854950	51859876	2	2	1	7	2	44
chr9	51959733	51972131	1	1	1	1	0	20
chr9	51974962	51976159	1	1	1	3	0	19
chr9	51980204	51980914	1	1	1	7	0	31
chr9	51981079	51984453	1	1	1	10	0	38
chr9	51992480	51993742	1	1	1	6	0	42
chr9	53493966	53494736	2	2	1	1	0	22
chr9	53494895	53496139	2	2	1	2	0	35
chr9	54631759	54634872	2	2	1	1	0	22
chr9	54635560	54637917	2	2	1	1	0	12
chr9	54804907	54806671	1	1	1	1	0	32
chr9	54814208	54816025	1	1	1	1	0	34
chr9	54863672	54864094	1	1	1	1	0	11
chr9	54864219	54864918	1	1	1	2	0	7
chr9	55075592	55083474	1	1	1	1	0	43
chr9	55362047	55368903	2	2	1	4	0	42
chr9	55368985	55372077	2	2	1	1	0	34
chr9	55372144	55389556	2	2	1	1	0	12
chr9	55394795	55396113	2	2	1	1	0	11
chr9	55714405	55714889	2	2	1	1	0	17
chr9	56148629	56164810	2	2	1	1	0	39
chr9	57049200	57049278	1	1	1	2	0	4
chr9	57439076	57439564	1	1	1	33	0	42
chr9	57587623	57588276	2	2	1	1	0	20
chr9	58535212	58547951	1	1	1	1	0	29
chr9	61820700	61821681	1	1	1	1	0	36
chr9	61820804	61821169	2	2	1	1	0	34
chr9	61821245	61821638	2	2	1	1	0	18
chr9	62279467	62280766	1	1	1	1	0	16
chr9	62284646	62284835	1	1	1	1	0	31
chr9	64085300	64085504	1	1	1	2	0	8
chr9	64217628	64217723	2	2	1	1	0	35
chr9	64983171	64985244	1	1	1	2	0	36
chr9	65762767	65764605	2	2	1	1	0	42
chr9	66341586	66341692	1	1	1	2	0	11
chr9	66346567	66347077	1	1	1	2	0	38
chr9	66854980	66855920	1	1	1	2	0	20
chr9	66854980	66856610	1	1	1	11	0	38
chr9	66878219	66878457	2	2	1	4	0	17
chr9	66930724	66938310	2	2	1	1	0	17
chr9	66935450	66936945	2	2	1	1	0	3
chr9	66938381	66938733	2	2	1	1	0	44
chr9	67299887	67300856	2	2	1	1	0	27
chr9	67880219	67880563	1	1	1	1	0	34
chr9	69910950	69914345	1	1	1	1	0	30
chr9	70451340	70466318	1	1	1	1	0	12
chr9	70466384	70469057	1	1	1	1	0	15
chr9	70486714	70487233	1	1	1	1	0	18
chr9	70488151	70488582	1	1	1	3	0	5
chr9	70512572	70514739	2	2	1	2	0	16
chr9	70552229	70563554	2	2	1	2	0	7
chr9	70705691	70709354	2	2	1	11	0	44
chr9	71552936	71557503	2	2	1	1	0	16
chr9	72577399	72578511	1	1	1	1	0	3
chr9	72578586	72584596	1	1	1	1	0	15
chr9	72638559	72638659	1	1	1	1	0	20
chr9	72638719	72639873	1	1	1	1	0	13
chr9	72647511	72648909	1	1	1	1	0	14
chr9	72648970	72649934	1	1	1	1	0	18
chr9	72650919	72653688	1	1	1	3	0	41
chr9	72653762	72654407	1	1	1	5	0	35
chr9	72913175	72917578	1	1	1	1	0	18
chr9	74945006	74945188	1	1	1	1	0	25
chr9	74959638	74963916	1	1	1	6	0	41
chr9	75353459	75354246	2	2	1	0	3	46
chr9	75356785	75357769	1	1	1	3	0	45
chr9	75368386	75373475	1	1	1	3	0	23
chr9	77993283	77993556	2	2	1	1	0	10
chr9	77993653	77994455	2	2	1	2	0	25
chr9	78148941	78149734	1	1	1	0	1	41
chr9	78175424	78176217	1	1	1	0	1	41
chr9	78239501	78241042	2	2	1	1	0	7
chr9	78249221	78262940	2	2	1	1	0	46
chr9	78372285	78377912	1	1	1	2	0	34
chr9	78381187	78382077	1	1	1	1	0	23
chr9	78386141	78386239	2	2	1	3	0	28
chr9	78386475	78386559	2	2	1	4	0	30
chr9	78386817	78386905	2	2	1	4	0	25
chr9	78478391	78481931	2	2	1	2	0	31
chr9	79662888	79663558	2	2	1	7	0	38
chr9	79663644	79665771	2	2	1	3	0	45
chr9	80046430	80048099	1	1	1	1	0	32
chr9	80049678	80050931	1	1	1	2	0	30
chr9	80193715	80195289	1	1	1	1	0	5
chr9	80200836	80201226	1	1	1	2	0	30
chr9	80201257	80203924	1	1	1	2	0	13
chr9	86494020	86495593	2	2	1	0	2	46
chr9	89978658	89979424	2	2	1	1	0	18
chr9	89979514	89979916	2	2	1	5	0	26
chr9	89979943	89982495	2	2	1	4	1	26
chr9	89982577	89984352	2	2	1	1	13	46
chr9	89984440	89989287	2	2	1	1	10	45
chr9	89989356	89992178	2	2	1	2	1	23
chr9	89992226	89996588	2	2	1	1	0	34
chr9	95346535	95348598	2	2	1	2	0	5
chr9	95348710	95354095	2	2	1	1	0	33
chr9	95372309	95373143	2	2	1	1	0	21
chr9	95375285	95375755	2	2	1	1	0	8
chr9	95846257	95849764	1	1	1	2	0	16
chr9	95873341	95877152	1	1	1	1	0	30
chr9	96217516	96220711	2	2	1	1	0	9
chr9	96220763	96222254	2	2	1	1	0	32
chr9	96488250	96493434	2	2	1	1	0	35
chr9	98468200	98469092	1	1	1	1	0	43
chr9	98469459	98469604	1	1	1	2	0	39
chr9	98470980	98472087	2	2	1	2	0	31
chr9	100411437	100416184	1	1	1	1	1	43
chr9	100668750	100678756	1	1	1	1	0	19
chr9	100762947	100769432	1	1	1	1	0	16
chr9	100864860	100866425	2	2	1	1	0	20
chr9	102763328	102765668	1	1	1	1	0	24
chr9	103067621	103068267	2	2	1	1	0	3
chr9	103086278	103087693	2	2	1	262	0	46
chr9	103087878	103089010	2	2	1	9	0	43
chr9	103089196	103092391	2	2	1	18	0	32
chr9	103092457	103093012	2	2	1	7	0	42
chr9	103093143	103094561	2	2	1	5	0	37
chr9	103094733	103096421	2	2	1	3	0	33
chr9	103096455	103097000	2	2	1	2	0	11
chr9	103097092	103098091	2	2	1	2	0	23
chr9	103098244	103099249	2	2	1	10	0	41
chr9	103099428	103100133	2	2	1	5	0	39
chr9	103100839	103102241	2	2	1	1	0	11
chr9	103103337	103104036	2	2	1	1	0	14
chr9	103104146	103105094	2	2	1	4	0	26
chr9	103127862	103128989	2	2	1	37	0	44
chr9	103129177	103131838	2	2	1	1	0	10
chr9	103140385	103143401	2	2	1	2	0	26
chr9	103143459	103144830	2	2	1	2	0	19
chr9	105338278	105341824	2	2	1	1	0	14
chr9	105341861	105343781	2	2	1	1	0	36
chr9	106306776	106307168	1	1	1	1	0	39
chr9	106306839	106307168	1	3	1	1	0	26
chr9	106307214	106307506	1	1	1	2	0	21
chr9	106307572	106308267	1	1	1	3	1	37
chr9	107422587	107422689	1	1	1	2	0	10
chr9	107491915	107492810	2	2	1	2	0	33
chr9	107532367	107532454	2	2	1	1	0	42
chr9	107532580	107532783	2	2	1	1	0	30
chr9	107533877	107534828	2	2	1	2	0	41
chr9	107535102	107535192	2	2	1	1	0	21
chr9	107535952	107536130	2	2	1	1	0	40
chr9	107536664	107542368	2	2	1	0	1	3
chr9	107651007	107651790	2	2	1	2	0	14
chr9	107664598	107664977	2	2	1	1	0	29
chr9	107666905	107668203	2	2	1	1	0	20
chr9	108216758	108216975	1	1	1	1	0	7
chr9	108392432	108392994	1	1	1	6	0	42
chr9	108439580	108439990	1	1	1	1	0	20
chr9	108442445	108442525	1	1	1	1	0	8
chr9	108442610	108442696	1	1	1	5	0	43
chr9	108443275	108443357	2	2	1	1	0	24
chr9	108549746	108554782	1	1	1	1	0	16
chr9	108778083	108778502	1	1	1	3	0	35
chr9	110026859	110031570	1	1	1	1	0	29
chr9	110033395	110035066	1	1	1	1	0	17
chr9	110232770	110243762	2	2	1	0	1	20
chr9	110814212	110816134	2	2	1	1	0	33
chr9	111086560	111087556	2	2	1	1	0	4
chr9	111087630	111090546	2	2	1	1	0	15
chr9	113735294	113737754	1	1	1	1	0	7
chr9	113785882	113787665	1	1	1	1	0	24
chr9	114618814	114619705	2	2	1	4	0	34
chr9	117870027	117876480	1	1	1	1	0	27
chr9	117876702	117878377	1	1	1	1	0	21
chr9	118364543	118365826	1	1	1	1	0	26
chr9	118366012	118367944	1	1	1	2	0	23
chr9	118381032	118382502	1	1	1	1	0	34
chr9	118977482	118977801	2	2	1	1	0	35
chr9	118978086	118978338	2	2	1	0	1	21
chr9	119178167	119178419	1	1	1	0	1	21
chr9	119178704	119179023	1	1	1	1	0	9
chr9	119959963	119960065	1	1	1	1	0	4
chr9	119960232	119960465	1	1	1	22	0	46
chr9	120401929	120402641	1	1	1	3	0	33
chr9	120786734	120786824	1	1	1	2	0	28
chr9	120786947	120787657	1	1	1	1	0	8
chr9	120787719	120788374	1	1	1	1	0	23
chr9	121274960	121275755	1	1	1	1	0	46
chr9	121575657	121577096	1	1	1	1	0	15
chr9	121678756	121679253	2	2	1	14	0	44
chr9	121743549	121743733	1	3	1	1	0	26
chr9	122961106	122964963	1	1	1	2	0	31
chr9	123136346	123136798	1	1	1	4	0	7
chr9	123339641	123345839	1	1	1	1	0	4
chr9	123411452	123414151	1	1	1	1	0	45
chr9	123414222	123414349	1	1	1	1	0	23
chr9	123656243	123657240	2	2	1	1	0	10
chr10	5073137	5073654	2	2	1	3	0	20
chr10	5103309	5103862	2	2	1	1	0	42
chr10	5165345	5165668	2	2	1	1	0	40
chr10	5287334	5289224	2	2	1	1	0	45
chr10	7674322	7675316	1	1	1	1	0	11
chr10	11037972	11038552	1	1	1	1	0	16
chr10	12596687	12601954	2	2	1	1	0	44
chr10	12619950	12620975	2	2	1	2	0	10
chr10	13422226	13428569	2	2	1	1	0	30
chr10	19984053	19986463	1	1	1	1	0	40
chr10	20208008	20209137	1	1	1	3	0	39
chr10	21183679	21212865	1	1	1	1	0	9
chr10	21225286	21227825	1	1	1	2	0	25
chr10	22058015	22059453	1	1	1	0	1	26
chr10	22058015	22249675	1	1	1	0	1	26
chr10	22248258	22249675	1	1	1	0	1	26
chr10	23661172	23661473	2	2	1	46	0	46
chr10	23661576	23661799	2	2	1	15	0	41
chr10	24649971	24650680	2	2	1	1	0	14
chr10	24654724	24660687	2	2	1	1	0	24
chr10	24791678	24791925	2	2	1	2	0	12
chr10	24792358	24792672	2	2	1	1	0	44
chr10	24792768	24793810	2	2	1	2	0	36
chr10	24793971	24796520	2	2	1	1	0	45
chr10	24798592	24803209	2	2	1	1	0	45
chr10	30073223	30074461	2	2	1	1	0	32
chr10	30484420	30486312	2	2	1	3	0	40
chr10	30484420	30487643	2	2	1	1	0	15
chr10	33015280	33033008	1	1	1	1	0	22
chr10	33872845	33877132	2	2	1	1	2	42
chr10	33878564	33884988	2	2	1	3	0	43
chr10	33885120	33888067	2	2	1	1	0	26
chr10	34275814	34282541	2	2	1	2	0	26
chr10	41398004	41399168	1	1	1	1	0	26
chr10	42686922	42688431	1	1	1	3	0	17
chr10	42688492	42688660	1	1	1	4	0	40
chr10	42688835	42691050	1	1	1	1	0	20
chr10	42691210	42692363	1	1	1	1	0	18
chr10	42703978	42704886	1	1	1	1	0	44
chr10	44170671	44179562	1	1	1	1	0	12
chr10	58092727	58094062	1	1	1	2	0	31
chr10	58094131	58103788	1	1	1	1	0	3
chr10	58103894	58105083	1	1	1	1	0	38
chr10	58112520	58114608	1	1	1	3	0	22
chr10	58300351	58300886	1	1	1	1	0	18
chr10	59849597	59877942	1	1	1	1	0	28
chr10	60135838	60135926	1	1	1	1	0	36
chr10	60925196	60927842	1	1	1	2	0	27
chr10	61501246	61502689	1	1	1	2	0	11
chr10	61525685	61527063	1	1	1	2	0	43
chr10	62478734	62479075	2	2	1	1	0	6
chr10	62586473	62586715	2	2	1	1	0	8
chr10	62586796	62587521	2	2	1	2	0	32
chr10	62589193	62592261	2	2	1	1	0	46
chr10	62596059	62599218	2	2	1	4	0	32
chr10	62778499	62780093	1	1	1	6	0	36
chr10	62883347	62883720	1	1	1	1	0	30
chr10	62902403	62903207	1	1	1	1	0	10
chr10	66849566	66850680	2	2	1	3	0	41
chr10	71070845	71071372	2	2	1	1	0	20
chr10	75274046	75275687	1	1	1	1	0	3
chr10	75581232	75582321	2	2	1	2	0	33
chr10	75607341	75608571	2	2	1	2	0	31
chr10	75608748	75609049	2	2	1	1	0	5
chr10	75667929	75668228	2	2	1	2	0	44
chr10	75695378	75695520	2	2	1	3	0	19
chr10	75773289	75773408	1	1	1	48	0	45
chr10	76895013	76895091	2	2	1	1	0	39
chr10	76895858	76896202	2	2	1	1	0	38
chr10	76908803	76909573	2	2	1	1	0	16
chr10	77433890	77434468	2	4	1	1	0	12
chr10	77445775	77449813	1	1	1	1	0	42
chr10	78005260	78005428	2	2	1	1	0	45
chr10	78109610	78109905	2	2	1	7	0	43
chr10	79545975	79546093	1	1	1	1	0	35
chr10	79546755	79547089	1	1	1	2	0	25
chr10	79547115	79547327	1	1	1	4	0	25
chr10	79572118	79572200	2	2	1	1	0	26
chr10	79594475	79598480	2	2	1	1	0	39
chr10	79598164	79598315	2	2	1	1	0	8
chr10	79728084	79728258	1	1	1	1	0	19
chr10	79890954	79891756	1	1	1	1	0	21
chr10	79891934	79892019	1	1	1	1	1	38
chr10	80062641	80064155	1	1	1	1	0	39
chr10	80090971	80091757	1	1	1	1	0	34
chr10	80091847	80092469	1	1	1	3	0	33
chr10	80094292	80094773	2	2	1	1	0	13
chr10	80129711	80129800	1	1	1	33	0	44
chr10	80166180	80169336	1	1	1	1	0	33
chr10	80169969	80170943	1	1	1	2	0	6
chr10	80238990	80239969	2	2	1	25	19	43
chr10	80240121	80242529	2	2	1	0	1	24
chr10	80474799	80474918	1	1	1	1	0	5
chr10	80548042	80548429	2	2	1	1	0	28
chr10	80549465	80549806	2	2	1	1	0	12
chr10	80664631	80664704	1	1	1	2	0	40
chr10	80689664	80690451	2	2	1	1	0	27
chr10	80924451	80925140	2	2	1	6	0	39
chr10	80925279	80925910	2	2	1	2	0	26
chr10	81016992	81017061	1	1	1	1	0	8
chr10	81017432	81018257	1	3	1	1	0	36
chr10	81018090	81018262	2	4	1	1	0	19
chr10	81108794	81108882	1	1	1	1	0	16
chr10	81109224	81109482	2	2	1	2	0	41
chr10	81109530	81109636	2	2	1	1	0	4
chr10	81236906	81239185	2	2	1	3	0	43
chr10	81322401	81323273	1	1	1	1	0	38
chr10	81401581	81401915	1	1	1	1	0	29
chr10	82190216	82204404	1	1	1	1	0	33
chr10	82474711	82477149	1	1	1	2	0	30
chr10	82711531	82713099	1	1	1	2	0	44
chr10	83200380	83201567	1	1	1	1	0	35
chr10	83382789	83385325	1	1	1	1	0	42
chr10	83422585	83424020	1	1	1	1	0	17
chr10	83427048	83427552	1	1	1	1	0	3
chr10	83438763	83438989	2	2	1	2	0	17
chr10	86526993	86527492	2	2	1	6	0	45
chr10	86527613	86528003	2	2	1	3	0	31
chr10	86528160	86528249	2	2	1	2	0	30
chr10	86528329	86529240	2	2	1	1	0	14
chr10	86534303	86534447	2	2	1	23	0	43
chr10	86534560	86537560	2	2	1	8	0	38
chr10	86538890	86539323	2	2	1	1	0	37
chr10	86540261	86541170	2	2	1	1	0	40
chr10	86660138	86661018	1	1	1	1	0	40
chr10	87412076	87414121	1	1	1	1	0	27
chr10	87414849	87417709	1	1	1	4	0	45
chr10	87417826	87419393	1	1	1	2	0	40
chr10	87700750	87749480	1	1	1	1	0	35
chr10	87749663	87751159	1	1	1	4	0	33
chr10	87751212	87766536	1	1	1	4	0	38
chr10	88308847	88311194	2	4	1	4	0	38
chr10	88308847	88311287	2	2	1	3	0	44
chr10	88598798	88600535	2	2	1	2	0	15
chr10	89257458	89258076	2	2	1	1	0	6
chr10	89258141	89262269	2	2	1	1	0	22
chr10	89314739	89316352	2	2	1	1	0	44
chr10	89562623	89564015	2	2	1	1	0	31
chr10	90952987	90953074	2	2	1	1	0	8
chr10	92550053	92552027	2	2	1	1	0	16
chr10	93053952	93057448	1	1	1	1	0	29
chr10	93057506	93060797	1	1	1	1	0	6
chr10	93333485	93334620	1	1	1	1	0	22
chr10	93334877	93336478	1	1	1	1	0	45
chr10	93336560	93339123	1	1	1	2	0	34
chr10	93360365	93361707	2	2	1	1	0	31
chr10	93361869	93363054	2	2	1	1	0	14
chr10	93419393	93419891	2	2	1	5	0	42
chr10	93419957	93423859	2	2	1	3	0	6
chr10	93716001	93722855	2	2	1	5	0	32
chr10	93722961	93725399	2	2	1	1	0	24
chr10	93722964	93725399	2	2	1	5	0	44
chr10	94624699	94625565	1	1	1	2	0	20
chr10	95316840	95326107	2	2	1	6	0	42
chr10	95387356	95388347	2	2	1	1	0	45
chr10	95388459	95399523	2	2	1	3	0	21
chr10	95614932	95616370	1	1	1	1	0	18
chr10	95616489	95627545	1	1	1	1	0	14
chr10	95872628	95873275	1	1	1	3	0	34
chr10	98827065	98829728	1	1	1	1	0	6
chr10	98829768	98830507	1	1	1	1	0	39
chr10	100404772	100407924	1	1	1	1	0	7
chr10	100408005	100408741	1	1	1	1	0	5
chr10	105681311	105682877	1	1	1	1	0	5
chr10	108070005	108075965	1	1	1	1	0	37
chr10	108076041	108076639	1	1	1	1	0	16
chr10	108095708	108096696	1	1	1	4	0	33
chr10	108478260	108526744	2	2	1	1	0	31
chr10	111326031	111326237	1	1	1	1	0	19
chr10	111326319	111326869	1	1	1	1	0	13
chr10	111330155	111330655	1	1	1	1	0	30
chr10	111330686	111330911	1	1	1	1	0	30
chr10	111331237	111331900	1	1	1	1	0	30
chr10	111331967	111332614	1	1	1	1	0	27
chr10	111431112	111435081	1	1	1	0	1	3
chr10	111432083	111435081	1	1	1	0	1	3
chr10	111434978	111435081	1	1	1	0	1	3
chr10	111444613	111446899	1	1	1	1	0	43
chr10	111813143	111813219	1	1	1	1	0	22
chr10	115057591	115065029	2	2	1	1	0	9
chr10	115226972	115233909	1	1	1	1	0	40
chr10	116208882	116216736	1	1	1	4	0	37
chr10	116216858	116219757	1	1	1	3	0	39
chr10	116887182	116888920	2	2	1	3	0	39
chr10	117051742	117053116	2	2	1	1	0	8
chr10	117053427	117056237	2	2	1	1	0	43
chr10	117660580	117681735	2	2	1	1	0	36
chr10	120059788	120060524	1	1	1	1	0	27
chr10	121387499	121388104	2	2	1	2	0	36
chr10	121388415	121388933	2	2	1	1	0	19
chr10	121388974	121389649	2	2	1	2	0	35
chr10	121389727	121389807	2	2	1	2	0	16
chr10	122854143	122856208	2	2	1	1	0	18
chr10	122969035	122982698	2	2	1	1	0	22
chr10	124997363	124999454	1	1	1	1	0	43
chr10	126933991	126934209	2	2	1	5	0	40
chr10	126935861	126935953	2	2	1	1	0	17
chr10	127009576	127009673	2	2	1	1	0	4
chr10	127009678	127009777	2	2	1	1	0	4
chr10	127110680	127110862	1	1	1	1	0	24
chr10	127132310	127132409	2	2	1	2	0	33
chr10	127739611	127745613	1	1	1	2	0	14
chr10	127872430	127882036	1	1	1	1	0	34
chr10	127883997	127884113	1	1	1	1	0	7
chr10	127884237	127884361	1	1	1	14	0	45
chr10	127922066	127922166	1	1	1	1	0	38
chr10	127925028	127925887	1	1	1	5	0	32
chr10	127952277	127952415	1	1	1	1	0	18
chr10	127952627	127954423	1	1	1	1	0	5
chr10	127954525	127954823	1	1	1	3	0	32
chr10	128042873	128043166	1	1	1	1	0	10
chr10	128045039	128045156	1	1	1	1	0	33
chr10	128162137	128162445	1	1	1	2	0	15
chr10	128162543	128162886	1	1	1	10	0	40
chr10	128304740	128304874	1	1	1	1	0	38
chr10	128326903	128327927	2	2	1	0	13	33
chr10	128328006	128328097	2	2	1	1	0	26
chr10	128328272	128328470	2	2	1	1	0	26
chr10	128328615	128329407	2	2	1	1	0	13
chr10	128329436	128329677	2	2	1	1	0	28
chr10	128399575	128401608	2	2	1	2	0	4
chr10	128460506	128461075	2	2	1	51	0	46
chr10	128461207	128461931	2	2	1	12	0	44
chr10	128657841	128669180	1	1	1	0	1	7
chr10	128669281	128674312	1	1	1	0	3	4
chr10	128689121	128708289	1	1	1	0	1	28
chr10	128708380	128713201	1	1	1	0	1	35
chr10	128748391	128748543	1	1	1	1	0	13
chr10	128755977	128756427	2	2	1	2	0	40
chr11	3074125	3075787	1	1	1	1	0	10
chr11	3206713	3209305	2	2	1	1	0	22
chr11	4047102	4047334	1	3	1	1	0	26
chr11	4833254	4833367	1	1	1	1	0	45
chr11	4839987	4841402	1	1	1	1	0	39
chr11	4876237	4878674	1	1	1	3	0	22
chr11	6369286	6369477	1	1	1	1	0	25
chr11	11764518	11765210	2	2	1	1	0	10
chr11	16451808	16454735	2	2	1	0	36	46
chr11	16454839	16456372	2	2	1	0	19	43
chr11	16813081	16817230	1	1	1	1	0	42
chr11	16821710	16821801	1	1	1	1	0	9
chr11	16822937	16824959	1	1	1	2	0	24
chr11	16840055	16841177	1	1	1	1	0	27
chr11	17902329	17902582	2	2	1	1	0	15
chr11	20041368	20044229	2	2	1	1	0	26
chr11	21304407	21320186	2	2	1	2	0	4
chr11	21304407	21321014	2	2	1	2	0	35
chr11	21514217	21515823	2	2	1	1	0	36
chr11	22951691	22952166	1	1	1	1	0	19
chr11	22952931	22953136	1	1	1	3	0	33
chr11	23314513	23317338	1	1	1	1	0	29
chr11	23338561	23338663	1	1	1	1	0	12
chr11	23437223	23438208	1	1	1	1	0	33
chr11	23572530	23574935	2	2	1	2	0	16
chr11	29088605	29089223	1	1	1	1	0	34
chr11	29089276	29089947	1	1	1	1	0	6
chr11	29161256	29161606	1	1	1	2	0	28
chr11	29171986	29172433	2	2	1	1	0	7
chr11	29480155	29480580	1	1	1	1	0	42
chr11	29480693	29483225	1	1	1	3	0	39
chr11	29483398	29483831	1	1	1	1	0	22
chr11	29490273	29490608	1	1	1	1	0	28
chr11	29496030	29496290	2	2	1	8	0	35
chr11	29496423	29496702	2	2	1	3	0	15
chr11	29496789	29497205	2	4	1	1	0	3
chr11	30062912	30063855	2	2	1	2	0	26
chr11	30063995	30064675	2	2	1	2	0	43
chr11	30089463	30090470	2	2	1	2	0	27
chr11	30782631	30784085	1	1	1	1	0	35
chr11	30787492	30788884	1	1	1	1	0	44
chr11	30793589	30795179	1	1	1	1	0	43
chr11	30815590	30824117	1	1	1	2	0	44
chr11	30881849	30884671	2	2	1	1	0	4
chr11	30884748	30884981	2	2	1	1	0	12
chr11	30885060	30885367	2	2	1	1	0	42
chr11	30900624	30900740	2	2	1	1	0	13
chr11	32234129	32234262	1	1	1	1	4	35
chr11	32246946	32247079	1	1	1	1	4	35
chr11	33107049	33109933	2	2	1	3	0	28
chr11	33109996	33110333	2	2	1	4	0	21
chr11	33110922	33111105	2	2	1	2	0	19
chr11	35668648	35669402	1	1	1	1	0	38
chr11	35699419	35699921	2	2	1	1	0	13
chr11	35719641	35723998	2	2	1	1	0	10
chr11	35730072	35731136	2	2	1	1	0	34
chr11	40576141	40578427	2	2	1	1	0	42
chr11	40624982	40626844	1	1	1	1	0	44
chr11	43311236	43311933	2	2	1	5	0	31
chr11	43312093	43313719	2	2	1	1	0	6
chr11	43330145	43331437	1	1	1	1	0	13
chr11	43331507	43332047	1	1	1	1	0	10
chr11	43335658	43336010	1	1	1	5	0	43
chr11	43336083	43336185	1	1	1	1	0	17
chr11	43628843	43629623	2	2	1	1	0	35
chr11	44349149	44351547	2	2	1	0	1	30
chr11	45720598	45720756	2	2	1	0	1	36
chr11	45720680	45720772	2	2	1	0	1	14
chr11	45777367	45778212	1	1	1	1	0	40
chr11	46561846	46567136	2	2	1	3	0	29
chr11	48695124	48696371	1	1	1	5	0	44
chr11	48696483	48696806	1	1	1	25	0	45
chr11	50188222	50188943	2	2	1	5	0	32
chr11	50198490	50199136	2	2	1	2	0	40
chr11	50201695	50202430	2	2	1	5	0	45
chr11	50796985	50801262	2	2	1	1	0	29
chr11	51495359	51495485	2	2	1	1	0	35
chr11	52133488	52134441	1	1	1	1	0	36
chr11	52267371	52267474	1	1	1	1	0	15
chr11	53153827	53155860	2	2	1	2	0	29
chr11	53295430	53297407	1	1	1	1	0	16
chr11	53297503	53298706	1	1	1	1	0	24
chr11	53313277	53313576	2	2	1	4	0	16
chr11	53319978	53321362	2	2	1	37	0	46
chr11	53474840	53475097	1	1	1	1	0	16
chr11	53575129	53576976	2	2	1	1	0	22
chr11	54631377	54647231	2	2	1	1	0	7
chr11	54757427	54760673	1	1	1	1	0	11
chr11	54882271	54883112	2	2	1	1	0	30
chr11	54898764	54899935	2	2	1	2	0	32
chr11	55337611	55341282	2	2	1	10	0	38
chr11	57931582	57932303	1	1	1	1	0	35
chr11	59100027	59100133	1	1	1	2	0	41
chr11	59587850	59618377	1	1	1	1	0	10
chr11	59643887	59645818	1	1	1	1	0	8
chr11	59861702	59862009	2	2	1	1	0	34
chr11	59862085	59864893	2	2	1	2	0	14
chr11	60695235	60697771	2	2	1	1	0	25
chr11	60838015	60840746	1	1	1	1	0	34
chr11	61141869	61144449	2	2	1	1	0	34
chr11	61668666	61670499	2	2	1	1	0	6
chr11	61744185	61745312	2	2	1	2	0	36
chr11	62216456	62217931	2	2	1	1	0	3
chr11	62275669	62280516	2	2	1	5	0	37
chr11	62280619	62281804	2	2	1	11	0	44
chr11	62281860	62283330	2	2	1	1	0	40
chr11	62283510	62285963	2	2	1	1	0	35
chr11	62289264	62292026	2	2	1	1	0	9
chr11	62292094	62294624	2	2	1	1	0	33
chr11	62495293	62495480	1	1	1	3	0	32
chr11	65610430	65626017	2	2	1	1	0	21
chr11	65707407	65712755	1	1	1	1	0	14
chr11	67093144	67093258	1	1	1	2	0	13
chr11	67143527	67143798	1	1	1	1	0	41
chr11	67146560	67146657	1	1	1	1	0	39
chr11	68000205	68094531	1	1	1	6	0	42
chr11	68794146	68795190	1	1	1	14	14	45
chr11	68980854	68981475	1	1	1	1	0	19
chr11	69238688	69239218	2	2	1	2	0	3
chr11	69250865	69250997	2	2	1	1	0	14
chr11	69254970	69255517	2	2	1	8	0	45
chr11	69287187	69287345	1	1	1	9	0	27
chr11	69290676	69290765	2	2	1	1	0	20
chr11	69480077	69480398	1	1	1	1	0	29
chr11	69729778	69730013	1	1	1	1	0	4
chr11	69730095	69730191	1	1	1	3	0	35
chr11	69805260	69805577	1	1	1	1	0	11
chr11	69806939	69807023	1	1	1	1	0	4
chr11	69808848	69809976	2	2	1	1	0	44
chr11	69882629	69883190	1	1	1	3	0	35
chr11	69883270	69883407	1	1	1	1	0	4
chr11	69901263	69901350	2	2	1	1	0	43
chr11	69901427	69901523	2	2	1	1	0	27
chr11	69902273	69902361	2	2	1	1	0	33
chr11	70129841	70130481	2	2	1	1	0	25
chr11	70331102	70331581	1	1	1	3	0	20
chr11	70418150	70418262	1	1	1	5	0	29
chr11	70542796	70542849	1	1	1	1	0	15
chr11	70775795	70777836	1	1	1	4	0	43
chr11	70795610	70799211	1	1	1	1	0	32
chr11	70834149	70834704	2	2	1	2	0	43
chr11	70835389	70835498	2	2	1	1	0	9
chr11	70856659	70858673	2	2	1	1	0	3
chr11	72338709	72338781	1	1	1	1	0	17
chr11	73074046	73074218	2	2	1	1	0	29
chr11	74555753	74555832	1	1	1	1	0	16
chr11	74568569	74570283	2	2	1	1	0	38
chr11	74581111	74581351	2	2	1	4	0	36
chr11	74581437	74590136	2	2	1	1	0	3
chr11	75301220	75301659	2	2	1	1	0	15
chr11	75323642	75323962	2	2	1	1	0	22
chr11	75328382	75328863	2	2	1	1	0	19
chr11	75490563	75490615	2	2	1	0	4	46
chr11	75623918	75642706	1	1	1	5	0	38
chr11	75646507	75647642	1	1	1	1	0	23
chr11	76125352	76128494	2	2	1	1	0	3
chr11	76843416	76845335	1	1	1	1	0	33
chr11	76862805	76877301	1	1	1	1	0	24
chr11	77441827	77444498	2	2	1	1	0	40
chr11	77656543	77668060	1	1	1	1	0	16
chr11	77727309	77731506	1	1	1	1	0	43
chr11	77744229	77744577	1	1	1	1	0	16
chr11	77948207	77948313	1	1	1	1	0	32
chr11	78071824	78071979	2	2	1	39	1	46
chr11	78072050	78072242	2	2	1	39	2	46
chr11	78072420	78073628	2	2	1	0	1	14
chr11	78122028	78122598	2	2	1	1	0	43
chr11	78122684	78122843	2	2	1	1	0	34
chr11	78124510	78136373	2	2	1	1	0	21
chr11	78157546	78157761	1	1	1	1	0	13
chr11	78157830	78157922	1	1	1	3	0	31
chr11	78391412	78391520	1	1	1	4	0	14
chr11	78391674	78392399	1	1	1	4	0	46
chr11	78392751	78392963	1	1	1	64	0	46
chr11	78430872	78431720	1	1	1	3	0	20
chr11	78431825	78432186	1	1	1	5	0	36
chr11	78854368	78856517	2	2	1	1	0	21
chr11	79878775	79880009	2	2	1	3	0	37
chr11	80362421	80362535	1	1	1	4	0	45
chr11	81872780	81874458	2	2	1	1	0	17
chr11	83193664	83199040	1	1	1	4	0	41
chr11	83199101	83207245	1	1	1	1	0	27
chr11	83281165	83281900	1	3	1	2	0	26
chr11	83393679	83395071	1	1	1	2	0	12
chr11	83595000	83595619	1	1	1	1	0	34
chr11	83637950	83640058	1	1	1	13	0	40
chr11	83640160	83643319	1	1	1	49	0	45
chr11	83846266	83846797	1	1	1	1	0	13
chr11	83846874	83848291	1	1	1	2	0	29
chr11	84313846	84333391	2	2	1	2	0	25
chr11	84713993	84716193	2	2	1	1	0	19
chr11	84725410	84727190	2	2	1	1	0	6
chr11	84727334	84727424	2	2	1	2	0	22
chr11	84727340	84727424	2	2	1	9	0	44
chr11	84727551	84728666	2	2	1	3	0	36
chr11	84731002	84731086	2	2	1	1	0	27
chr11	85245802	85250450	1	1	1	1	0	19
chr11	86407018	86408408	2	2	1	1	0	35
chr11	86593598	86594489	2	2	1	1	0	44
chr11	86628105	86648073	2	2	1	1	0	27
chr11	87020644	87028415	1	1	1	1	0	36
chr11	87028457	87031310	1	1	1	1	0	15
chr11	87967201	87969228	1	1	1	2	0	29
chr11	88101057	88101475	1	1	1	1	0	26
chr11	93750895	93751619	2	2	1	1	0	16
chr11	93773000	93774492	2	2	1	3	0	24
chr11	93840873	93842725	2	2	1	5	0	28
chr11	93850340	93851493	2	2	1	3	0	26
chr11	93974826	93977072	1	1	1	2	0	29
chr11	93977204	93980424	1	1	1	1	0	5
chr11	93991014	93992916	1	1	1	1	0	19
chr11	93992985	93997459	1	1	1	1	0	5
chr11	94187994	94188584	2	2	1	1	0	25
chr11	94919623	94919747	2	2	1	1	0	39
chr11	95198154	95203346	2	2	1	0	2	41
chr11	95278754	95279905	1	1	1	1	0	5
chr11	95936837	95946322	2	2	1	0	1	32
chr11	95964045	95964348	2	2	1	2	0	36
chr11	97602106	97603262	1	1	1	3	0	9
chr11	97603358	97604218	1	1	1	15	0	41
chr11	97638296	97638786	2	2	1	1	0	42
chr11	97668991	97669090	2	2	1	54	0	44
chr11	97669205	97672159	2	2	1	6	0	44
chr11	97672289	97672631	2	2	1	1	0	13
chr11	97920712	97921096	1	1	1	10	0	44
chr11	98793461	98793980	1	1	1	1	0	21
chr11	98932672	98939051	1	1	1	1	0	3
chr11	99110573	99111480	2	2	1	3	0	23
chr11	100210987	100211491	1	1	1	1	0	6
chr11	100211876	100212142	1	1	1	8	1	35
chr11	100607678	100608667	2	2	1	1	0	25
chr11	100909469	100911298	1	1	1	1	0	44
chr11	101144634	101144856	1	1	1	1	0	9
chr11	101297851	101298956	2	2	1	2	0	10
chr11	101334497	101336045	1	1	1	0	7	42
chr11	101336157	101336264	1	1	1	30	0	44
chr11	101337552	101338086	1	1	1	1	2	46
chr11	102086695	102086777	2	2	1	3	0	17
chr11	102087499	102087884	2	2	1	1	0	18
chr11	102201159	102201268	2	2	1	1	0	15
chr11	102918248	102918974	2	2	1	1	0	3
chr11	104412415	104413548	2	2	1	1	0	39
chr11	106115145	106115609	1	1	1	1	0	26
chr11	106153518	106153622	1	1	1	1	0	6
chr11	106153710	106153834	1	1	1	8	0	34
chr11	106154946	106155020	2	2	1	1	0	12
chr11	106402938	106404412	2	2	1	2	0	32
chr11	106404539	106410707	2	2	1	1	0	26
chr11	106410841	106420087	2	2	1	2	0	13
chr11	106420188	106424696	2	2	1	1	0	6
chr11	106674845	106674926	2	2	1	1	0	39
chr11	106674989	106675239	2	2	1	1	0	22
chr11	106675351	106675705	2	2	1	2	0	9
chr11	106676123	106676220	2	2	1	1	0	3
chr11	106881198	106881464	2	2	1	1	0	25
chr11	106967528	106968485	2	2	1	1	0	23
chr11	106968625	106969345	2	2	1	2	0	11
chr11	106971681	106972041	2	2	1	1	0	33
chr11	107379899	107382606	1	1	1	2	0	45
chr11	108286819	108288124	1	1	1	2	0	37
chr11	108300137	108302820	1	1	1	4	0	38
chr11	108303019	108305065	1	1	1	159	0	45
chr11	108902587	108902724	2	2	1	1	0	17
chr11	109950788	109969573	2	2	1	1	0	23
chr11	109950873	109953847	2	2	1	1	0	8
chr11	110107482	110109036	2	2	1	1	0	28
chr11	110121374	110122880	2	2	1	1	0	32
chr11	110123050	110124520	2	2	1	1	0	38
chr11	111459612	111459807	2	2	1	1	0	19
chr11	114559436	114559606	1	1	1	1	0	16
chr11	114559641	114559731	1	1	1	3	0	25
chr11	114559793	114562559	1	1	1	2	12	39
chr11	114562683	114563090	1	1	1	44	0	44
chr11	115171654	115172243	1	1	1	2	0	31
chr11	115297414	115300305	1	1	1	2	0	32
chr11	115306706	115306840	2	2	1	10	0	34
chr11	115306904	115307678	2	2	1	1	0	4
chr11	115391511	115392830	2	2	1	0	1	14
chr11	115536781	115537535	2	2	1	2	0	31
chr11	115633245	115639896	2	2	1	0	4	34
chr11	115899541	115899628	2	2	1	1	0	17
chr11	116022957	116023245	2	2	1	1	0	37
chr11	116069671	116070433	2	2	1	1	0	42
chr11	116072847	116080240	2	2	1	1	0	35
chr11	116162806	116164751	2	2	1	1	0	38
chr11	116180112	116180350	2	2	1	1	0	22
chr11	116182401	116183344	2	2	1	1	0	36
chr11	116363150	116363769	2	2	1	2	0	10
chr11	116436023	116436150	2	2	1	1	0	26
chr11	117247536	117250244	1	1	1	1	0	39
chr11	117677006	117723904	2	2	1	0	1	23
chr11	119175426	119175830	1	1	1	1	0	38
chr11	119374842	119376830	1	1	1	3	0	8
chr11	119990085	119990999	1	1	1	2	0	28
chr11	120453074	120453189	2	2	1	2	0	45
chr11	120453602	120454030	2	2	1	1	0	36
chr11	120454555	120454641	2	2	1	1	0	37
chr11	120502005	120502173	2	2	1	1	0	10
chr11	120502910	120503288	2	2	1	1	0	12
chr11	120600073	120600169	1	1	1	9	0	42
chr11	120616434	120616563	2	2	1	10	0	42
chr11	120698008	120698700	2	2	1	1	0	37
chr12	8030646	8033028	1	1	1	1	0	8
chr12	8039496	8040242	1	1	1	1	0	15
chr12	8048710	8050859	1	1	1	3	0	40
chr12	8053402	8054844	1	1	1	1	0	17
chr12	8055219	8055735	1	1	1	7	0	43
chr12	8986083	8986696	1	1	1	3	0	37
chr12	8986796	8988116	1	1	1	5	0	40
chr12	11330404	11332360	1	1	1	1	0	31
chr12	11335219	11335311	1	1	1	3	0	24
chr12	11345085	11347150	1	1	1	2	0	38
chr12	11348344	11349259	1	1	1	1	0	14
chr12	13295751	13296026	2	2	1	1	0	28
chr12	16872209	16874570	1	1	1	1	0	17
chr12	17015173	17015468	1	1	1	1	0	42
chr12	17324004	17324384	1	1	1	1	0	40
chr12	17329721	17330378	1	1	1	1	0	16
chr12	21368048	21369770	1	1	1	1	0	40
chr12	25055218	25058057	1	1	1	1	0	34
chr12	26536032	26536337	2	2	1	1	0	37
chr12	28681193	28681622	2	2	1	73	0	45
chr12	28681774	28683766	2	2	1	0	5	39
chr12	28683832	28684207	2	2	1	4	1	44
chr12	31392813	31393373	2	2	1	1	0	25
chr12	31540541	31541510	2	2	1	1	0	41
chr12	31969678	31975679	1	1	1	1	0	27
chr12	31978725	31980680	2	2	1	1	0	26
chr12	33487144	33487691	1	1	1	1	0	39
chr12	36142309	36142965	2	2	1	1	0	39
chr12	41223487	41224334	2	2	1	1	0	22
chr12	41750541	42001763	1	1	1	2	0	38
chr12	44354898	44358107	1	1	1	1	0	18
chr12	51459427	51460877	1	1	1	3	0	18
chr12	51699629	51702184	2	2	1	1	0	33
chr12	51801887	51803829	2	2	1	2	0	35
chr12	51806225	51807796	2	2	1	1	0	3
chr12	51814561	51815311	2	2	1	2	0	7
chr12	51845552	51847497	2	2	1	2	0	37
chr12	54228491	54230665	2	2	1	3	0	13
chr12	54732757	54738784	2	2	1	1	0	26
chr12	54738881	54739559	2	2	1	1	0	43
chr12	54817626	54830187	2	2	1	1	0	9
chr12	55345807	55349378	2	2	1	1	0	10
chr12	55461284	55465021	1	1	1	2	0	23
chr12	55536755	55537190	2	2	1	7	0	43
chr12	59115783	59115901	1	1	1	1	0	7
chr12	59142701	59148256	1	1	1	1	0	7
chr12	59148391	59151260	1	1	1	4	0	44
chr12	59151348	59154621	1	1	1	1	0	9
chr12	59166594	59182849	1	1	1	1	0	29
chr12	59184573	59191484	1	1	1	2	0	17
chr12	59193149	59193632	1	1	1	1	0	19
chr12	59193744	59194637	1	1	1	2	0	36
chr12	59194710	59196249	1	1	1	1	0	39
chr12	59206424	59206961	1	1	1	4	0	39
chr12	59207053	59209666	1	1	1	4	0	31
chr12	59209806	59215719	1	1	1	1	0	25
chr12	59215822	59217043	1	1	1	2	0	36
chr12	59217105	59217742	1	1	1	3	0	24
chr12	59217779	59219310	1	1	1	2	0	15
chr12	65090899	65094886	1	1	1	1	0	20
chr12	65112579	65113415	2	2	1	1	0	8
chr12	65113552	65115775	2	2	1	1	0	7
chr12	65115884	65116724	2	2	1	1	0	6
chr12	69204596	69205434	2	2	1	41	1	45
chr12	69205535	69205770	2	2	1	5	0	42
chr12	69229940	69230756	2	2	1	1	0	18
chr12	69364955	69367146	2	2	1	1	0	45
chr12	69387851	69388046	2	2	1	3	0	45
chr12	69388425	69390902	2	2	1	1	0	40
chr12	70240580	70241006	2	2	1	1	0	33
chr12	70242486	70243744	2	2	1	2	0	15
chr12	70245319	70246415	2	2	1	2	0	33
chr12	70254557	70257800	2	2	1	1	0	17
chr12	71006817	71008640	1	1	1	1	0	12
chr12	71035264	71037258	1	1	1	0	1	38
chr12	71039855	71040279	1	1	1	5	0	36
chr12	71040345	71041124	1	1	1	7	4	27
chr12	71084140	71086612	1	1	1	1	0	25
chr12	71108403	71109866	1	1	1	1	0	26
chr12	71119506	71121709	1	1	1	1	0	21
chr12	71199572	71201535	1	1	1	1	0	34
chr12	71403568	71409010	1	1	1	1	0	46
chr12	71993912	71994166	1	1	1	1	0	11
chr12	71999334	72006579	1	1	1	1	0	31
chr12	72264263	72266030	2	2	1	1	0	18
chr12	72697392	72699008	2	2	1	1	0	30
chr12	72706271	72711402	2	2	1	2	0	22
chr12	73214927	73217367	1	1	1	1	0	15
chr12	75506564	75509075	2	2	1	1	0	45
chr12	75968024	75969698	1	1	1	3	0	44
chr12	75972497	75973229	1	1	1	1	0	3
chr12	76028836	76030733	1	1	1	1	0	7
chr12	76111062	76113286	1	1	1	1	0	10
chr12	76358758	76361174	1	1	1	1	0	7
chr12	76364475	76366354	1	1	1	1	0	25
chr12	78273616	78390125	1	1	1	1	0	38
chr12	78397766	78397911	2	2	1	1	0	23
chr12	78729589	78730551	1	1	1	1	0	32
chr12	78894608	78895169	2	2	1	1	0	43
chr12	78904119	78908192	2	2	1	1	0	17
chr12	79223025	79229426	2	2	1	2	0	6
chr12	80994640	80995868	1	1	1	0	1	44
chr12	80995943	80996267	1	1	1	3	0	24
chr12	81521424	81527704	2	2	1	1	0	45
chr12	83689524	83691172	1	1	1	1	0	19
chr12	83698219	83706196	1	1	1	1	0	3
chr12	83706401	83707081	1	1	1	1	0	44
chr12	83707453	83710752	1	1	1	1	0	6
chr12	83715083	83715192	1	1	1	1	0	23
chr12	83715283	83718681	1	1	1	1	0	24
chr12	83719659	83721112	1	1	1	4	0	45
chr12	84431095	84431921	2	2	1	1	0	33
chr12	85029105	85029942	1	1	1	4	0	42
chr12	85091299	85095582	1	1	1	2	0	16
chr12	85095646	85095906	1	1	1	1	0	15
chr12	85175216	85176565	1	1	1	1	0	41
chr12	86892971	86893177	2	6	1	0	1	38
chr12	87490797	87494333	1	1	1	1	0	41
chr12	87494393	87496062	1	1	1	2	0	34
chr12	87496171	87496573	1	1	1	14	0	43
chr12	87500725	87502359	2	2	1	1	0	23
chr12	87502502	87503621	2	2	1	1	0	19
chr12	91797624	91798342	2	2	1	1	0	11
chr12	99257561	99307680	2	2	1	2	0	32
chr12	100078644	100079314	1	1	1	1	0	4
chr12	100079412	100081096	1	1	1	2	0	34
chr12	100117594	100125798	2	2	1	1	0	26
chr12	100169978	100171871	1	1	1	1	0	44
chr12	100171979	100172356	1	1	1	2	0	36
chr12	100172493	100172658	1	1	1	35	0	44
chr12	100882488	100882688	1	1	1	2	0	45
chr12	101934470	101935751	2	2	1	17	0	44
chr12	101949785	101951479	1	1	1	1	0	14
chr12	101956339	101963077	1	1	1	1	0	6
chr12	103694582	103730018	1	1	1	0	1	44
chr12	103694693	103695489	2	2	1	22	3	46
chr12	103695641	103696508	2	2	1	2	0	33
chr12	103696780	103698219	2	2	1	3	0	15
chr12	103730131	103730926	2	2	1	15	3	46
chr12	103731078	103731958	2	2	1	1	0	39
chr12	103732230	103733674	2	2	1	2	0	17
chr12	103820126	103820926	2	2	1	14	0	44
chr12	103821078	103821962	2	2	1	6	1	14
chr12	103822234	103823683	2	2	1	0	1	8
chr12	103861352	103913356	1	1	1	0	2	21
chr12	103861463	103862263	2	2	1	22	0	46
chr12	103862415	103863299	2	2	1	1	1	36
chr12	103863571	103865016	2	2	1	0	1	8
chr12	103913236	103917326	0	0	1	4	0	43
chr12	103913469	103914272	2	2	1	24	0	44
chr12	103914424	103915305	2	2	1	2	0	33
chr12	103915577	103917039	2	2	1	4	0	42
chr12	103997467	103998683	2	2	1	1	0	3
chr12	104304805	104306752	1	1	1	1	0	4
chr12	104307410	104309197	1	1	1	2	5	35
chr12	104309472	104310385	1	1	1	6	0	31
chr12	104310540	104311491	1	1	1	6	0	33
chr12	104355972	104357714	1	1	1	0	5	25
chr12	104997085	104998218	2	2	1	1	0	14
chr12	105775692	105775782	1	1	1	2	0	9
chr12	105801044	105803023	1	1	1	0	2	3
chr12	106009152	106017193	1	1	1	1	0	27
chr12	108077567	108078388	2	2	1	1	0	8
chr12	108126641	108129231	2	2	1	1	0	23
chr12	110618099	110618184	1	1	1	1	0	38
chr12	110659307	110659453	2	2	1	12	0	42
chr12	110660778	110661004	2	2	1	13	1	41
chr12	110661139	110661485	2	2	1	2	0	39
chr12	111066473	111068063	1	1	1	1	0	9
chr12	111281007	111283892	2	2	1	1	0	44
chr12	111312058	111343530	2	2	1	2	0	7
chr12	111506317	111506563	1	1	1	1	0	16
chr12	111506737	111506894	1	1	1	20	0	36
chr12	111507007	111508139	1	1	1	5	0	36
chr12	111510096	111510962	1	1	1	1	0	20
chr12	111570999	111581829	1	1	1	1	0	26
chr12	111581879	111584751	1	1	1	2	0	17
chr12	111584818	111589678	1	1	1	1	0	17
chr12	111594349	111594623	1	1	1	1	0	44
chr12	111608469	111608675	1	1	1	1	0	44
chr12	111769718	111770114	1	1	1	2	0	20
chr12	111927973	111928866	2	2	1	15	0	24
chr12	111928891	111929663	2	2	1	15	0	24
chr12	112923979	112924729	2	2	1	1	0	17
chr12	113108114	113108429	1	1	1	1	0	11
chr12	113117285	113117394	1	1	1	1	0	43
chr12	113385307	113385585	2	2	1	2	0	42
chr12	116303288	116305695	1	1	1	1	0	8
chr13	3614914	3614995	1	1	1	2	0	10
chr13	4247910	4248476	1	1	1	1	0	25
chr13	4296885	4298076	1	1	1	2	0	3
chr13	4318430	4320159	2	2	1	1	0	8
chr13	4488606	4497006	1	1	1	1	0	24
chr13	4499094	4499311	1	1	1	1	0	32
chr13	4499478	4504462	1	1	1	3	0	38
chr13	4504546	4507147	1	1	1	11	1	42
chr13	4537225	4540188	2	2	1	1	0	44
chr13	4652797	4657389	2	2	1	1	0	19
chr13	6610735	6611988	1	1	1	1	0	38
chr13	6619402	6620637	1	1	1	1	0	26
chr13	9027470	9028563	2	2	1	2	0	40
chr13	9028665	9029464	2	2	1	1	0	31
chr13	9035356	9035673	2	2	1	1	0	30
chr13	9035764	9037284	2	2	1	2	0	27
chr13	12455876	12462027	2	2	1	2	0	35
chr13	14328078	14329565	1	1	1	2	0	17
chr13	14799846	14799933	1	1	1	4	0	23
chr13	17729055	17752074	2	2	1	1	0	41
chr13	17837410	17846285	2	2	1	2	0	24
chr13	17894211	17895672	2	2	1	1	0	13
chr13	17901837	17902651	2	2	1	1	0	41
chr13	17941192	17946885	2	2	1	2	0	31
chr13	18057087	18063091	2	2	1	4	0	40
chr13	18063267	18067706	2	2	1	1	0	20
chr13	18975820	18978496	1	1	1	1	0	7
chr13	18978563	18994601	1	1	1	1	0	19
chr13	20392345	20393308	1	1	1	1	0	42
chr13	23999083	23999168	1	1	1	1	0	33
chr13	24652627	24653753	1	1	1	2	0	38
chr13	25020170	25020837	1	1	1	1	0	16
chr13	25020930	25022129	1	1	1	2	0	21
chr13	34166533	34169298	1	1	1	1	0	9
chr13	34248017	34257658	1	1	1	1	0	34
chr13	34347233	34361963	1	1	1	1	0	5
chr13	35162050	35162632	2	2	1	1	0	23
chr13	38244069	38244730	1	1	1	1	0	39
chr13	41165934	41166040	1	1	1	1	0	3
chr13	41340464	41340904	2	2	1	1	0	11
chr13	41918269	41920811	2	2	1	2	0	37
chr13	43552272	43552986	1	1	1	1	0	36
chr13	43553046	43554068	1	1	1	2	0	29
chr13	43554098	43554328	1	1	1	2	0	6
chr13	43695206	43697931	2	2	1	4	0	33
chr13	45023293	45023387	1	1	1	0	3	43
chr13	47178849	47180727	2	2	1	1	0	19
chr13	47178954	47180727	2	2	1	1	0	4
chr13	47180773	47182357	2	2	1	2	0	40
chr13	47201479	47202653	1	1	1	1	0	24
chr13	47242092	47251630	2	2	1	1	0	17
chr13	47251820	47252818	2	2	1	2	0	20
chr13	49349561	49349638	2	2	1	1	0	43
chr13	49808712	49810150	1	1	1	2	0	37
chr13	54726782	54726951	1	1	1	1	0	24
chr13	54732787	54732957	1	1	1	1	0	14
chr13	54800034	54803218	1	1	1	1	0	23
chr13	55472258	55472339	1	1	1	1	0	6
chr13	55472419	55472642	1	1	1	1	0	7
chr13	55510053	55510200	2	2	1	1	0	5
chr13	55793281	55795439	1	1	1	5	0	23
chr13	55799971	55800725	1	1	1	1	0	41
chr13	55818167	55821753	1	1	1	1	0	30
chr13	55923261	55924417	1	1	1	2	0	46
chr13	56222206	56230932	2	2	1	2	1	43
chr13	56237671	56243936	2	2	1	1	0	26
chr13	56244045	56252114	2	2	1	3	0	34
chr13	56785031	56785833	1	1	1	2	0	25
chr13	56785859	56786529	1	1	1	2	0	25
chr13	58346885	58363097	2	2	1	2	0	17
chr13	58407326	58411011	2	2	1	1	0	28
chr13	58547805	58548146	2	2	1	2	0	18
chr13	59756659	59757292	1	1	1	1	0	36
chr13	59757408	59760450	1	1	1	1	0	24
chr13	59930158	59932578	2	2	1	1	0	41
chr13	59955980	59957191	2	2	1	2	0	46
chr13	60749687	60750238	1	1	1	1	0	40
chr13	63020597	63022962	2	2	1	5	0	45
chr13	63701955	63702575	2	2	1	1	0	35
chr13	64268496	64270132	2	2	1	1	0	34
chr13	64270167	64276999	2	2	1	1	0	24
chr13	64512015	64513018	2	2	1	2	0	7
chr13	64513137	64514292	2	2	1	3	1	38
chr13	67048891	67049465	2	2	1	7	0	42
chr13	69734855	69742920	2	2	1	0	1	27
chr13	69734855	69743034	2	2	1	0	1	27
chr13	73468180	73468412	2	2	1	9	0	34
chr13	74320364	74321414	2	2	1	1	0	29
chr13	74453770	74457802	2	2	1	1	0	46
chr13	74555176	74555334	2	2	1	0	1	36
chr13	74555258	74555350	2	2	1	0	1	14
chr13	74842953	74844009	2	2	1	1	0	34
chr13	74872981	74873482	2	2	1	1	0	9
chr13	74883451	74884863	2	2	1	1	0	15
chr13	74886418	74887955	2	2	1	2	0	37
chr13	74894224	74894701	2	2	1	1	0	40
chr13	74946838	74956554	2	2	1	1	0	6
chr13	75914340	75917657	1	1	1	1	0	15
chr13	77251744	77252652	2	2	1	1	0	4
chr13	83668600	83723656	1	1	1	1	0	44
chr13	85360034	85360858	1	1	1	1	0	21
chr13	85372438	85373600	2	2	1	1	0	15
chr13	86193028	86193845	2	2	1	106	1	46
chr13	86193028	86193898	2	2	1	0	4	46
chr13	86193989	86194719	2	2	1	13	0	45
chr13	90249062	90252493	1	1	1	1	0	24
chr13	91072566	91072655	1	1	1	26	0	45
chr13	91954280	91955728	2	2	1	0	1	41
chr13	92001768	92003856	2	2	1	1	0	32
chr13	92504809	92521232	1	1	1	2	0	32
chr13	93754171	93756589	2	2	1	0	4	30
chr13	93756819	93757901	2	2	1	0	1	38
chr13	93761997	93763754	2	2	1	0	6	46
chr13	93763874	93769743	2	2	1	6	0	43
chr13	93769877	93773971	2	2	1	0	1	29
chr13	93803274	93805762	2	2	1	1	0	27
chr13	93852184	93854062	1	1	1	1	0	28
chr13	94925511	94968867	1	1	1	1	0	18
chr13	94973703	94979157	1	1	1	1	0	17
chr13	95505077	95505904	2	2	1	1	0	9
chr13	95768693	95771971	2	2	1	2	0	11
chr13	95805026	95807736	2	2	1	1	0	13
chr13	95867967	95869398	2	2	1	6	0	25
chr13	95952979	95956225	1	3	1	3	0	41
chr13	96739665	96746281	1	1	1	1	0	18
chr13	97270227	97271801	2	2	1	0	4	39
chr13	97272217	97274262	2	2	1	0	2	29
chr13	97313410	97313563	2	2	1	1	0	13
chr13	98399985	98402658	1	1	1	1	0	10
chr13	98912426	98913896	2	2	1	2	0	38
chr13	98913996	98921283	2	2	1	1	0	36
chr13	98937719	98940118	1	1	1	0	1	9
chr13	98986692	98989362	2	2	1	2	0	12
chr13	100198015	100200866	2	2	1	1	0	13
chr13	100200998	100202384	2	2	1	2	0	3
chr13	100214622	100215166	2	2	1	1	0	38
chr13	100766091	100767563	2	2	1	1	0	17
chr13	100769830	100769958	2	2	1	1	0	17
chr13	100950015	100950190	2	2	1	1	0	23
chr13	101826006	101826988	2	2	1	1	0	8
chr13	101894548	101904484	2	2	1	1	0	35
chr13	103885363	103888901	2	2	1	3	0	34
chr13	103889211	103889532	2	2	1	1	0	11
chr13	103981496	103982011	2	2	1	1	0	10
chr13	104020769	104022648	2	2	1	1	0	8
chr13	104969506	104970755	1	1	1	4	0	20
chr13	104970829	104973872	1	1	1	3	0	34
chr13	107086294	107086376	1	1	1	1	0	21
chr13	108189489	108217886	2	2	1	1	0	5
chr13	108217928	108228067	2	2	1	1	0	22
chr13	114425403	114444352	2	2	1	1	0	21
chr13	114957483	114961102	1	1	1	1	0	15
chr13	114961898	114962693	1	1	1	1	0	5
chr13	115105098	115107014	2	2	1	1	0	5
chr13	119588383	119592231	1	1	1	1	0	42
chr13	120249701	120250395	2	2	1	0	1	4
chr14	3050384	3050617	2	2	1	0	3	13
chr14	3050384	3050851	2	2	1	4	18	38
chr14	3050384	3051435	2	2	1	0	10	38
chr14	3050384	3053071	2	2	1	0	3	13
chr14	3050392	3050860	1	1	1	1	0	24
chr14	3050852	3053304	2	2	1	0	1	28
chr14	3050939	3051055	1	1	1	0	7	37
chr14	3050939	3052338	1	1	1	0	7	37
chr14	3051902	3053304	2	2	1	0	1	43
chr14	3052135	3053304	2	2	1	0	1	28
chr14	3052925	3053508	1	1	1	1	0	32
chr14	4191393	4192889	2	2	1	1	0	6
chr14	4809943	4811128	1	1	1	1	0	46
chr14	6051427	6052727	2	2	1	1	0	35
chr14	6055862	6056006	2	2	1	1	0	17
chr14	6069373	6069635	2	2	1	2	0	18
chr14	6071157	6071841	2	2	1	1	0	36
chr14	6074357	6076430	2	2	1	1	0	8
chr14	6158905	6159271	2	2	1	1	0	36
chr14	8357238	8357376	1	1	1	3	0	26
chr14	8516353	8516600	1	1	1	2	0	36
chr14	8519632	8520435	1	1	1	3	0	38
chr14	14339170	14347380	2	2	1	4	0	39
chr14	20508751	20510226	2	2	1	1	0	25
chr14	20533310	20533617	2	2	1	1	0	14
chr14	20773916	20775003	1	3	1	1	0	21
chr14	21088254	21089195	2	2	1	0	1	27
chr14	21142510	21153887	1	1	1	2	0	8
chr14	21153942	21219867	1	1	1	2	0	15
chr14	21368252	21368645	1	1	1	2	0	16
chr14	21431686	21473570	1	1	1	1	0	10
chr14	21473658	21497881	1	1	1	1	0	38
chr14	21888687	21890486	1	1	1	2	0	9
chr14	21898737	21898846	2	2	1	1	0	18
chr14	24542185	24543450	1	1	1	37	0	42
chr14	24543562	24545497	1	1	1	2	1	20
chr14	24543562	24545842	1	1	1	61	0	46
chr14	24545518	24545842	1	1	1	1	0	20
chr14	25888951	25889319	2	2	1	1	0	32
chr14	25925332	25925945	2	2	1	3	0	34
chr14	25926006	25926221	2	2	1	1	0	4
chr14	26149472	26150942	2	2	1	1	0	4
chr14	26181110	26181196	2	2	1	2	0	42
chr14	26183554	26184730	2	2	1	1	0	13
chr14	26329787	26333121	1	1	1	1	0	22
chr14	27183743	27186002	1	1	1	1	0	15
chr14	27375441	27375662	1	1	1	1	0	29
chr14	27634938	27688352	1	1	1	2	0	28
chr14	29693829	29695317	1	1	1	0	1	43
chr14	29713713	29714917	1	1	1	2	0	21
chr14	30294288	30295293	1	1	1	1	0	44
chr14	30620054	30621276	1	1	1	1	0	13
chr14	30622997	30623091	1	1	1	2	0	17
chr14	30623189	30623591	1	1	1	9	0	37
chr14	30630770	30631354	2	2	1	2	0	38
chr14	30631831	30633881	2	2	1	3	0	45
chr14	30634869	30635117	2	2	1	1	0	8
chr14	30635151	30636005	2	2	1	1	0	3
chr14	30636009	30636609	2	2	1	1	0	3
chr14	30722861	30723161	2	2	1	1	0	39
chr14	30738865	30739013	2	2	1	1	0	28
chr14	30739125	30739232	2	2	1	1	0	12
chr14	30739371	30739764	2	2	1	1	0	17
chr14	30789922	30796727	1	1	1	5	0	27
chr14	30827488	30828094	1	1	1	1	0	16
chr14	30846567	30850589	2	2	1	3	0	40
chr14	30861161	30861253	2	2	1	2	0	32
chr14	31330001	31332058	2	2	1	24	0	42
chr14	31332246	31336160	2	2	1	1	0	17
chr14	34033300	34041838	1	1	1	6	0	37
chr14	34041920	34043724	1	1	1	3	0	37
chr14	34064139	34065560	1	1	1	2	0	25
chr14	34414692	34416961	1	1	1	1	0	12
chr14	36622803	36630973	2	2	1	1	0	28
chr14	40720942	40724392	2	2	1	1	0	16
chr14	40827218	40827303	1	1	1	3	0	30
chr14	40827218	40827468	1	1	1	1	0	9
chr14	40876575	40879101	1	1	1	1	0	30
chr14	45523546	45525189	2	2	1	1	0	18
chr14	45720024	45741953	2	2	1	4	0	32
chr14	47016490	47017569	2	2	1	1	0	22
chr14	47792099	47796630	2	2	1	1	0	42
chr14	47796674	47798077	2	2	1	1	0	7
chr14	47886897	47901212	1	1	1	1	0	15
chr14	51061748	51061961	2	2	1	1	0	11
chr14	52145629	52145786	2	2	1	1	0	27
chr14	52145844	52146024	2	2	1	1	0	8
chr14	52146112	52146330	2	2	1	1	0	33
chr14	52149004	52150779	2	2	1	0	2	3
chr14	52149004	52150932	2	4	1	0	2	6
chr14	52312894	52313069	2	2	1	1	0	38
chr14	52313184	52314859	2	2	1	1	0	26
chr14	52411589	52412698	2	2	1	1	0	38
chr14	52415614	52415740	2	2	1	1	0	10
chr14	52415815	52416930	2	2	1	1	0	8
chr14	52440075	52441333	2	2	1	3	0	16
chr14	52524447	52524757	1	1	1	1	0	13
chr14	54664696	54666040	1	1	1	2	0	31
chr14	54664696	54667038	1	1	1	1	0	41
chr14	54666106	54667038	1	1	1	4	0	46
chr14	54880506	54881180	2	2	1	1	0	43
chr14	54881282	54881397	2	2	1	1	0	22
chr14	54903092	54904529	2	2	1	1	0	10
chr14	54904619	54916697	2	2	1	1	0	26
chr14	55134497	55134577	1	1	1	1	0	17
chr14	55134730	55135473	1	1	1	5	0	29
chr14	55208268	55208833	2	2	1	1	0	25
chr14	55211524	55212098	2	2	1	1	0	8
chr14	55260664	55260792	1	1	1	1	0	11
chr14	55260851	55261445	1	1	1	3	0	23
chr14	55817085	55817227	1	1	1	1	0	21
chr14	55817291	55817387	1	1	1	1	0	8
chr14	55825023	55825110	2	2	1	15	2	46
chr14	55825198	55825496	2	2	1	3	0	27
chr14	55825970	55826757	2	2	1	1	0	31
chr14	55862637	55862732	1	1	1	1	0	22
chr14	55900955	55901268	2	2	1	1	0	22
chr14	55901317	55909251	2	2	1	1	0	22
chr14	56823210	56823339	1	1	1	1	0	41
chr14	56906022	56909861	1	1	1	1	0	15
chr14	56910018	56911347	1	1	1	1	0	20
chr14	56912197	56913978	1	1	1	1	0	17
chr14	57175133	57175861	1	1	1	3	0	18
chr14	57338229	57341925	2	2	1	1	0	24
chr14	58181128	58182841	2	2	1	1	0	19
chr14	58182890	58191592	2	2	1	1	0	11
chr14	58209247	58236486	2	2	1	1	0	14
chr14	62931124	62933147	2	2	1	1	0	11
chr14	63389953	63394007	2	2	1	1	0	9
chr14	64952930	64954922	1	1	1	1	0	44
chr14	64982412	64983747	1	1	1	1	0	10
chr14	65815529	65818196	2	2	1	1	0	44
chr14	66093977	66094142	1	1	1	5	0	21
chr14	66097665	66102578	1	1	1	1	0	22
chr14	66209302	66210773	1	1	1	2	0	21
chr14	66217330	66218302	1	1	1	3	0	26
chr14	66218479	66218756	1	1	1	11	0	41
chr14	66322210	66322379	2	2	1	3	0	26
chr14	66322439	66322744	2	2	1	3	0	22
chr14	66323753	66324413	2	2	1	3	0	44
chr14	66325783	66326954	2	2	1	2	0	25
chr14	66327030	66330247	2	2	1	1	0	33
chr14	66347725	66354159	2	2	1	4	0	43
chr14	73416004	73419898	1	1	1	1	0	40
chr14	73600584	73601981	2	2	1	3	0	31
chr14	73819258	73828196	1	1	1	1	0	30
chr14	73831206	73832813	1	1	1	1	0	11
chr14	74978696	74979453	1	1	1	1	0	38
chr14	74983158	74987084	1	3	1	5	0	28
chr14	75452004	75452548	1	1	1	1	0	39
chr14	75498220	75502803	1	1	1	1	0	8
chr14	75508240	75509940	1	1	1	1	0	17
chr14	76083834	76084133	1	1	1	1	0	18
chr14	76084240	76084683	1	1	1	2	0	28
chr14	76084801	76085538	1	1	1	40	0	45
chr14	77305394	77306276	1	1	1	1	0	21
chr14	78736436	78739629	2	2	1	1	0	46
chr14	79263518	79275564	1	1	1	1	0	14
chr14	79331231	79331637	1	1	1	1	0	20
chr14	79580760	79582334	2	2	1	2	0	18
chr14	79656727	79660836	1	1	1	1	0	7
chr14	79804755	79806660	1	1	1	1	0	36
chr14	79832900	79834187	1	1	1	1	0	5
chr14	79862463	79866291	1	1	1	4	0	35
chr14	99318819	99320085	2	2	1	1	0	39
chr14	99332777	99334192	2	2	1	1	0	20
chr14	99338738	99342604	1	1	1	1	0	35
chr14	101891656	101903196	1	1	1	1	0	4
chr14	101903326	101903947	1	1	1	2	0	7
chr14	102134021	102135992	1	1	1	2	0	24
chr14	103534401	103534615	2	2	1	1	0	9
chr14	105368994	105369317	2	2	1	1	0	15
chr14	105397411	105397930	2	2	1	1	0	24
chr14	119210226	119212543	1	1	1	6	0	46
chr14	119212677	119214121	1	1	1	9	0	46
chr14	119214271	119215438	1	1	1	3	0	34
chr14	122344848	122361127	1	1	1	1	0	38
chr14	122392912	122396060	1	1	1	4	0	23
chr14	122419194	122548655	1	1	1	1	0	32
chr14	122548843	122608652	1	1	1	1	0	20
chr15	3304359	3305048	1	1	1	5	0	46
chr15	3305262	3306638	1	1	1	2	0	39
chr15	3306757	3308583	1	1	1	3	0	38
chr15	3357169	3357455	2	2	1	20	0	42
chr15	3363008	3370400	2	2	1	6	0	39
chr15	3370574	3375990	2	2	1	1	0	24
chr15	3376015	3376953	2	2	1	1	0	24
chr15	4172355	4177046	1	1	1	1	0	34
chr15	4784862	4789282	1	1	1	6	0	44
chr15	5146167	5146768	1	1	1	3	0	37
chr15	5146905	5147100	1	1	1	149	3	46
chr15	5147186	5148048	1	1	1	113	8	46
chr15	6496947	6512521	1	1	1	2	0	13
chr15	6519450	6520841	1	1	1	1	0	17
chr15	6521021	6526431	1	1	1	2	0	5
chr15	6526661	6527912	1	1	1	5	0	35
chr15	7159308	7183867	1	1	1	1	0	15
chr15	7207456	7208279	1	1	1	1	0	35
chr15	8112067	8123159	2	2	1	1	0	26
chr15	8364755	8366337	2	2	1	1	0	10
chr15	8368237	8368358	2	2	1	2	0	14
chr15	8388751	8390399	2	2	1	3	0	36
chr15	8390497	8391201	2	2	1	2	0	24
chr15	9100291	9103070	1	1	1	1	0	32
chr15	9178447	9182571	1	1	1	1	0	7
chr15	9338831	9351185	1	1	1	1	0	12
chr15	9362069	9365231	1	1	1	1	0	4
chr15	9365464	9367333	1	1	1	1	0	25
chr15	10380783	10381419	1	1	1	1	0	6
chr15	10451684	10452291	2	2	1	1	0	9
chr15	10452451	10454855	2	2	1	1	0	3
chr15	12842254	12842385	1	1	1	1	0	16
chr15	25964437	25966718	1	3	1	1	0	45
chr15	31441527	31443437	2	2	1	2	0	27
chr15	31591202	31592430	2	2	1	6	0	14
chr15	33028329	33032522	1	1	1	1	0	23
chr15	33083469	33212961	1	1	1	3	0	38
chr15	34083560	34099629	1	1	1	6	0	41
chr15	34123913	34131309	1	1	1	2	0	20
chr15	34131435	34134436	1	1	1	1	0	37
chr15	34440751	34441377	2	2	1	20	0	41
chr15	34486826	34487887	2	2	1	1	0	23
chr15	35932244	35935430	2	2	1	47	0	44
chr15	35935560	35937300	2	2	1	4	3	36
chr15	36596344	36596806	2	2	1	14	2	43
chr15	36596900	36597207	2	2	1	4	0	31
chr15	36601252	36601558	2	2	1	2	0	37
chr15	36601654	36603089	2	2	1	2	0	23
chr15	37001168	37002082	2	2	1	2	0	16
chr15	37992427	37996798	2	2	1	1	0	7
chr15	38015393	38018522	2	2	1	1	0	39
chr15	38018721	38019131	2	2	1	1	0	18
chr15	38676358	38677762	1	1	1	1	0	38
chr15	38683254	38687047	1	1	1	1	0	26
chr15	39648111	39656622	2	2	1	1	0	4
chr15	39687705	39690259	2	2	1	2	0	42
chr15	43113634	43114875	2	2	1	2	0	11
chr15	44491931	44493500	1	1	1	2	0	12
chr15	44493609	44500159	1	1	1	1	0	8
chr15	51706021	51728721	2	2	1	1	0	8
chr15	58292133	58293594	1	1	1	1	0	30
chr15	58772920	58776582	2	2	1	2	0	45
chr15	58805788	58808116	1	1	1	1	0	10
chr15	58808310	58809200	1	1	1	1	0	15
chr15	58809315	58811123	1	1	1	5	0	25
chr15	64030854	64032070	2	2	1	1	0	17
chr15	66452038	66466655	1	1	1	2	0	34
chr15	66494667	66495840	1	1	1	1	0	5
chr15	73048782	73049318	1	3	1	1	0	13
chr15	75762910	75762997	2	2	1	11	0	45
chr15	75767441	75767580	2	2	1	9	0	43
chr15	76072986	76073070	2	2	1	1	0	8
chr15	76180982	76181120	2	2	1	3	0	27
chr15	76218405	76218489	1	1	1	1	0	31
chr15	76229414	76229676	1	1	1	2	0	38
chr15	76229778	76229854	1	1	1	2	0	14
chr15	76336694	76337025	1	1	1	1	0	26
chr15	76480108	76480208	2	2	1	2	0	4
chr15	76480133	76480208	2	2	1	3	0	30
chr15	76506551	76506670	2	2	1	1	0	43
chr15	76533380	76540559	2	2	1	1	0	12
chr15	76581876	76582039	1	1	1	1	0	4
chr15	76790172	76790320	1	1	1	8	0	36
chr15	77253811	77254371	2	2	1	2	0	19
chr15	77274216	77276954	2	2	1	6	0	44
chr15	77277060	77277606	2	2	1	1	0	21
chr15	77653810	77653966	2	2	1	1	0	44
chr15	77843323	77843711	2	2	1	9	0	39
chr15	78284231	78289438	2	2	1	1	0	21
chr15	78324945	78326481	2	2	1	1	0	33
chr15	78919262	78919456	1	1	1	4	0	21
chr15	78977618	78978400	1	1	1	1	0	5
chr15	79556216	79556417	1	1	1	3	0	29
chr15	79962096	79962187	2	2	1	33	0	44
chr15	79962308	79962531	2	2	1	1	0	15
chr15	79962628	79962907	2	2	1	1	0	34
chr15	79964052	79964566	2	2	1	1	0	30
chr15	80595690	80668939	1	1	1	2	0	25
chr15	80643832	80668939	1	1	1	1	0	42
chr15	80669008	80742291	1	1	1	3	0	20
chr15	81249780	81250547	2	2	1	1	0	10
chr15	81255776	81259004	2	2	1	2	0	4
chr15	81276524	81283685	2	2	1	3	0	33
chr15	81358130	81359286	1	1	1	7	0	41
chr15	81518286	81520378	1	1	1	2	0	19
chr15	81520436	81520966	1	1	1	2	0	16
chr15	81594755	81595674	2	2	1	1	0	6
chr15	82230330	82233160	0	0	1	3	0	41
chr15	82232242	82233043	1	1	1	2	0	30
chr15	82234573	82235179	2	2	1	15	0	44
chr15	82235296	82238281	2	2	1	2	0	19
chr15	82255927	82256022	2	2	1	1	1	34
chr15	82276749	82277959	2	2	1	0	1	18
chr15	82287298	82287397	2	2	1	6	1	44
chr15	82287540	82287919	2	2	1	2	0	35
chr15	82289597	82289686	2	2	1	1	0	44
chr15	82336842	82337798	1	1	1	0	1	18
chr15	82339777	82339972	1	1	1	1	0	21
chr15	82340161	82340534	1	1	1	4	1	35
chr15	82340677	82340776	1	1	1	5	1	45
chr15	82500414	82500513	2	2	1	0	1	23
chr15	82524468	82524548	2	2	1	2	0	38
chr15	82574425	82574562	2	2	1	1	0	4
chr15	82662311	82662410	2	2	1	0	1	11
chr15	82674557	82674656	2	2	1	4	1	41
chr15	82674799	82675170	2	2	1	1	0	44
chr15	82760651	82771567	1	1	1	1	0	23
chr15	83044391	83044538	2	2	1	1	0	22
chr15	84084919	84086430	1	1	1	1	0	15
chr15	84087042	84088209	1	1	1	2	0	39
chr15	84095380	84098326	1	1	1	8	0	29
chr15	85637583	85637698	1	1	1	2	0	41
chr15	88708029	88708850	1	1	1	1	0	12
chr15	89007683	89007767	2	2	1	3	0	20
chr15	89008457	89008734	2	2	1	1	0	3
chr15	89008792	89008915	2	2	1	1	0	32
chr15	89042524	89042627	2	2	1	1	0	20
chr15	89261793	89261934	2	2	1	1	0	17
chr15	90850642	90851398	2	2	1	1	0	5
chr15	90856919	90864997	2	2	1	3	0	35
chr15	90865202	90868936	2	2	1	3	0	38
chr15	93284168	93285457	2	2	1	0	1	3
chr15	93289040	93289334	2	2	1	1	0	37
chr15	96329727	96330204	2	2	1	2	0	40
chr15	96332879	96341825	2	2	1	1	0	29
chr15	96427948	96447245	2	2	1	1	0	38
chr15	96896422	96897369	2	2	1	1	0	17
chr15	96906619	96906743	2	2	1	2	0	45
chr15	97594507	97596796	2	2	1	1	0	11
chr15	97599093	97601082	2	2	1	1	0	40
chr15	99213451	99213603	1	1	1	1	0	6
chr15	99304113	99304457	1	1	1	2	0	37
chr15	99304559	99305148	1	1	1	3	0	42
chr15	99305225	99306355	1	1	1	6	0	44
chr15	99884075	99885283	1	1	1	1	0	5
chr15	101939456	101939730	1	1	1	2	0	6
chr15	101939955	101940275	1	1	1	16	0	45
chr15	102002149	102003106	1	1	1	3	0	34
chr15	102003485	102003687	1	1	1	1	0	21
chr15	102237253	102239707	1	1	1	5	0	34
chr15	102245946	102246070	1	1	1	1	0	20
chr15	102399239	102406923	1	1	1	1	0	32
chr15	102571564	102573488	2	2	1	0	1	20
chr15	103114106	103121498	2	2	1	1	0	36
chr15	103154849	103154971	1	1	1	3	0	30
chr16	3858089	3858222	2	2	1	1	0	7
chr16	3909824	3910053	2	2	1	5	0	37
chr16	3943627	3944330	2	2	1	4	0	20
chr16	4434498	4434676	2	2	1	7	0	26
chr16	4760159	4760556	2	2	1	1	0	9
chr16	4825919	4826069	1	1	1	1	0	24
chr16	4828018	4828330	2	2	1	2	0	27
chr16	4847418	4848048	2	2	1	1	0	18
chr16	4848106	4849750	2	2	1	1	0	17
chr16	4881641	4882211	1	1	1	1	0	32
chr16	8306692	8307965	1	1	1	1	0	13
chr16	8511644	8511733	2	2	1	1	0	36
chr16	8516715	8517006	2	2	1	1	0	33
chr16	8523049	8523949	2	2	1	2	0	25
chr16	10354649	10355301	2	2	1	1	0	29
chr16	11012576	11014137	2	2	1	1	0	6
chr16	11014261	11014336	2	2	1	2	0	40
chr16	11053308	11055394	2	2	1	3	0	34
chr16	11055429	11056735	2	2	1	5	0	36
chr16	13652659	13652998	1	1	1	1	0	10
chr16	15549487	15551844	1	1	1	1	0	45
chr16	16287707	16292090	2	2	1	1	0	29
chr16	17745157	17745230	2	2	1	1	0	40
chr16	18058824	18059608	2	2	1	3	0	24
chr16	18070011	18071275	1	1	1	0	1	3
chr16	18296608	18297607	1	1	1	1	0	20
chr16	18646468	18652985	1	1	1	3	0	14
chr16	20101571	20101673	2	2	1	1	0	41
chr16	20470602	20470993	1	1	1	1	0	25
chr16	20471051	20471342	1	1	1	1	0	10
chr16	20500990	20501408	1	1	1	2	0	35
chr16	20501556	20502167	1	1	1	1	0	14
chr16	20502405	20502561	1	1	1	6	0	31
chr16	20502667	20502771	1	1	1	1	0	39
chr16	20504706	20504900	1	1	1	1	0	40
chr16	20505128	20505262	1	1	1	1	0	46
chr16	20506026	20506130	1	1	1	1	0	34
chr16	20507803	20507941	1	1	1	1	0	35
chr16	21850915	21855219	1	1	1	1	0	21
chr16	22713186	22713544	1	1	1	1	0	10
chr16	22713630	22713943	1	1	1	1	0	13
chr16	22714108	22715257	1	1	1	1	0	32
chr16	22715360	22716877	1	1	1	1	0	30
chr16	22715360	22717916	1	1	1	0	2	3
chr16	22748060	22748382	1	3	1	2	0	31
chr16	22748494	22750999	1	1	1	2	0	5
chr16	22772520	22773195	1	1	1	1	0	38
chr16	22773287	22774789	1	1	1	1	0	45
chr16	22778013	22779491	1	1	1	2	0	34
chr16	22804819	22806994	2	2	1	1	1	12
chr16	22822790	22830746	2	2	1	1	0	21
chr16	22877389	22879132	1	1	1	2	0	33
chr16	22879244	22880360	1	1	1	4	0	29
chr16	22880443	22886444	1	1	1	2	0	23
chr16	22886618	22887967	1	1	1	4	0	39
chr16	22888076	22892107	1	1	1	1	0	12
chr16	22893556	22896023	1	1	1	1	0	19
chr16	22896132	22896233	1	1	1	9	0	45
chr16	22896321	22897723	1	1	1	12	0	40
chr16	22897802	22900227	1	1	1	44	2	39
chr16	22930647	22931100	1	1	1	1	0	45
chr16	22932858	22932936	2	2	1	1	0	21
chr16	23012318	23019735	1	1	1	2	0	44
chr16	27257128	27263293	1	1	1	1	0	45
chr16	29449013	29467754	1	1	1	1	0	25
chr16	29883355	29883462	1	1	1	1	0	3
chr16	31073552	31077154	2	2	1	0	1	45
chr16	31775248	31775756	1	1	1	1	0	46
chr16	31839085	31840591	2	2	1	2	0	41
chr16	32274130	32280818	1	1	1	1	0	45
chr16	32282001	32285257	1	1	1	1	0	22
chr16	32796220	32799765	1	1	1	1	0	18
chr16	32876881	32877505	1	1	1	0	1	3
chr16	32876988	32877505	1	1	1	0	1	3
chr16	32877549	32877759	1	1	1	0	1	43
chr16	32877913	32879048	1	1	1	11	5	45
chr16	32878806	32879048	1	1	1	1	0	37
chr16	32879194	32880467	1	1	1	1	40	45
chr16	33071972	33084628	1	1	1	1	0	7
chr16	34750321	34759295	1	1	1	2	0	43
chr16	34809376	34815443	1	1	1	1	0	28
chr16	34922495	34926684	1	1	1	0	2	23
chr16	35230825	35231296	2	2	1	1	0	4
chr16	35284793	35286900	2	2	1	2	0	46
chr16	35864462	35866748	2	2	1	1	0	24
chr16	36706591	36707600	1	1	1	2	0	24
chr16	36708069	36709733	1	1	1	1	0	17
chr16	37442316	37444618	1	1	1	2	0	46
chr16	37468082	37469375	2	2	1	4	26	46
chr16	38167570	38169602	1	1	1	1	0	35
chr16	38169692	38172987	1	1	1	9	0	40
chr16	38225989	38227953	2	2	1	2	0	23
chr16	38323035	38325773	2	2	1	1	0	44
chr16	44029256	44033002	1	1	1	3	0	41
chr16	45003340	45004044	1	1	1	1	0	36
chr16	45577609	45578479	2	2	1	2	0	41
chr16	48768940	48770363	2	2	1	3	0	7
chr16	52072010	52073487	2	2	1	1	0	22
chr16	55786802	55786909	1	1	1	1	0	13
chr16	55786986	55787422	1	1	1	1	0	3
chr16	55790010	55790474	1	1	1	18	0	46
chr16	55790539	55791673	1	1	1	10	57	43
chr16	55838891	55842417	2	2	1	1	0	14
chr16	55842493	55844586	2	2	1	1	0	3
chr16	56533204	56537547	2	2	1	1	0	11
chr16	56955143	56957060	1	1	1	4	0	44
chr16	56957171	56958392	1	1	1	1	0	22
chr16	56980509	56981492	2	2	1	1	0	12
chr16	57211656	57211751	1	1	1	0	7	43
chr16	64672600	64673161	1	1	1	1	0	18
chr16	78122212	78125841	1	1	1	1	0	44
chr16	78133260	78156098	1	1	1	1	0	36
chr16	81412796	81418228	1	1	1	1	0	30
chr16	84515273	84517157	2	2	1	2	0	30
chr16	84517206	84520725	2	2	1	5	0	38
chr16	84624884	84625312	2	2	1	79	2	45
chr16	84625438	84628216	2	2	1	4	0	40
chr16	84628396	84630707	2	2	1	1	0	20
chr16	87163169	87164352	1	1	1	1	0	19
chr16	87176732	87177554	2	2	1	2	0	34
chr16	87183501	87183529	2	2	1	0	1	29
chr16	87183501	87183557	2	2	1	0	1	29
chr16	87183501	87183641	2	2	1	0	1	29
chr16	87183501	87183669	2	2	1	0	1	29
chr16	87183501	87183753	2	2	1	0	1	29
chr16	87183501	87183781	2	2	1	0	1	29
chr16	87205775	87206189	2	2	1	2	0	38
chr16	87267338	87268599	1	1	1	1	0	18
chr16	87268731	87268968	1	1	1	1	0	16
chr16	87270074	87271469	1	1	1	1	0	6
chr16	87272362	87273601	1	1	1	1	0	25
chr16	87280954	87281691	2	2	1	6	0	42
chr16	90017818	90019667	1	3	1	0	1	25
chr16	90021314	90022032	1	1	1	3	0	35
chr16	90022151	90023037	1	1	1	55	0	43
chr16	90047326	90048762	2	2	1	2	0	5
chr16	91448685	91451498	1	1	1	18	0	44
chr16	91461233	91461521	1	1	1	1	0	28
chr16	91468354	91472288	1	1	1	1	0	19
chr16	91722280	91722428	2	2	1	13	0	43
chr16	91722516	91723346	2	2	1	2	1	39
chr16	92107858	92109749	1	1	1	3	0	16
chr16	94226048	94227009	1	1	1	1	0	44
chr16	95781220	95785047	1	1	1	1	0	31
chr16	95781312	95783301	2	2	1	4	0	38
chr16	95837252	95839090	2	2	1	1	0	6
chr16	95928404	95928510	2	2	1	1	0	30
chr16	95928541	95928631	2	2	1	1	0	30
chr16	97660777	97669791	2	2	1	1	0	13
chr17	3227999	3228429	1	1	1	2	0	3
chr17	5978572	5980844	1	1	1	2	0	34
chr17	6182053	6182145	1	1	1	0	1	14
chr17	6182069	6182227	1	1	1	0	1	36
chr17	7162570	7162660	1	1	1	0	1	14
chr17	7162586	7162742	1	1	1	0	1	36
chr17	8515464	8515655	1	1	1	1	0	16
chr17	12624153	12627876	1	1	1	1	0	24
chr17	12630489	12633064	1	1	1	3	0	22
chr17	12633172	12637523	1	1	1	1	0	6
chr17	12867972	12869755	2	2	1	8	0	39
chr17	13142298	13142416	1	1	1	1	0	25
chr17	13148559	13153707	2	2	1	0	1	30
chr17	13171257	13175105	2	2	1	0	1	30
chr17	13232500	13233912	1	1	1	2	0	17
chr17	14027655	14029193	1	1	1	1	0	29
chr17	14027655	14029196	1	1	1	1	0	35
chr17	15165447	15166460	2	2	1	1	0	33
chr17	15209229	15210808	1	1	1	0	1	38
chr17	15240597	15242176	1	1	1	0	1	38
chr17	15271902	15273475	1	1	1	0	1	38
chr17	15696468	15697576	2	2	1	4	0	34
chr17	15742292	15743064	2	2	1	1	0	34
chr17	21229371	21231937	1	1	1	1	0	13
chr17	23668133	23683030	1	1	1	0	1	41
chr17	23947383	23977178	1	1	1	0	1	39
chr17	23971836	23972071	1	3	1	2	0	19
chr17	24027148	24027327	1	1	1	5	0	30
chr17	24027493	24028942	1	1	1	13	0	42
chr17	24043954	24046441	2	2	1	6	1	43
chr17	24046548	24047817	2	2	1	1	0	38
chr17	24298117	24298465	2	2	1	2	0	44
chr17	24375060	24375544	2	2	1	1	0	38
chr17	24938582	24938833	2	2	1	1	0	8
chr17	24939706	24939942	1	1	1	2	0	36
chr17	24940277	24940596	1	1	1	22	0	42
chr17	24940689	24940776	1	1	1	100	1	45
chr17	24941195	24941354	2	2	1	9	0	43
chr17	25082731	25083166	1	1	1	3	0	37
chr17	25875088	25881487	1	1	1	1	0	7
chr17	26063288	26063373	2	2	1	2	0	19
chr17	26095537	26095634	1	1	1	3	0	41
chr17	26095714	26095923	1	1	1	7	0	18
chr17	26121001	26121053	1	1	1	0	4	46
chr17	26145556	26149508	1	3	1	1	0	23
chr17	26344539	26345244	1	1	1	1	0	38
chr17	27157151	27157391	2	2	1	1	0	46
chr17	27341815	27344120	2	2	1	3	1	43
chr17	27849481	27850173	2	2	1	40	1	46
chr17	27850230	27851252	2	2	1	19	5	45
chr17	27851331	27853045	2	2	1	2	1	34
chr17	27987214	28005044	2	2	1	1	0	8
chr17	28549579	28549956	1	3	1	0	3	19
chr17	28549672	28549803	1	1	1	7	0	34
chr17	28819869	28821661	2	2	1	1	0	19
chr17	29517740	29520329	1	1	1	2	0	33
chr17	29923444	29924244	2	2	1	3	0	32
chr17	30439119	30439318	2	2	1	1	0	15
chr17	30813201	30815347	2	2	1	0	1	28
chr17	30819154	30822993	2	2	1	0	1	43
chr17	31740667	31750083	1	1	1	4	0	45
chr17	31834533	31835019	2	2	1	3	0	16
chr17	32064410	32070239	1	3	1	2	0	37
chr17	32432701	32433604	2	2	1	6	0	39
chr17	32530069	32531259	2	2	1	1	0	39
chr17	32632449	32634779	2	2	1	19	0	42
chr17	34042091	34042166	2	2	1	22	0	44
chr17	34042091	34042170	2	2	1	4	0	44
chr17	34042091	34042191	2	2	1	1	0	38
chr17	34042305	34043272	2	2	1	0	2	18
chr17	34043655	34044574	1	1	1	2	0	36
chr17	34048791	34057072	1	1	1	4	0	37
chr17	34158086	34158512	2	2	1	2	0	33
chr17	34158638	34158721	2	2	1	3	0	33
chr17	34171093	34171194	2	2	1	101	0	46
chr17	34171287	34171376	2	2	1	39	0	36
chr17	34171566	34174051	2	2	1	0	1	42
chr17	34174151	34174591	2	2	1	1	0	19
chr17	34215180	34216434	1	1	1	1	9	16
chr17	34215478	34215589	2	2	1	1	0	10
chr17	34215629	34215800	2	2	1	1	0	12
chr17	34216132	34216258	2	2	1	1	0	30
chr17	34245200	34245369	2	2	1	1	0	20
chr17	34248958	34249063	2	2	1	4	0	7
chr17	34332807	34332905	2	2	1	7	0	42
chr17	34419890	34420151	1	1	1	1	0	43
chr17	34947602	34947738	2	2	1	2	1	36
chr17	34948473	34948549	2	2	1	1	0	39
chr17	34950144	34951143	2	2	1	1	0	20
chr17	34952751	34952845	2	2	1	1	0	18
chr17	34955110	34955213	2	2	1	1	0	23
chr17	35028316	35028452	2	2	1	0	1	36
chr17	35035508	35035696	2	2	1	2	0	16
chr17	35035768	35035871	2	2	1	2	0	5
chr17	35058582	35058666	2	2	1	2	0	3
chr17	35073775	35075063	1	1	1	4	0	43
chr17	35075559	35075855	2	2	1	27	0	45
chr17	35075906	35075979	2	2	1	13	0	43
chr17	35076113	35076194	2	2	1	3	0	22
chr17	35076296	35076467	2	2	1	2	0	22
chr17	35076798	35077012	2	2	1	2	0	24
chr17	35077131	35077473	2	2	1	1	0	37
chr17	35335402	35336671	2	2	1	2	0	17
chr17	35348112	35349055	2	2	1	29	0	45
chr17	35349155	35349383	2	2	1	3	0	43
chr17	35365880	35366116	1	1	1	1	0	8
chr17	35390170	35390389	2	2	1	2	0	24
chr17	35472331	35472448	1	1	1	1	0	9
chr17	35483091	35484759	1	1	1	1	0	4
chr17	35485491	35485663	1	1	1	2	0	3
chr17	35485703	35485841	1	1	1	2	0	39
chr17	35781543	35781722	1	1	1	1	0	11
chr17	35784256	35784382	1	1	1	3	0	45
chr17	35784487	35784664	1	1	1	1	0	12
chr17	35784698	35785037	1	1	1	1	0	38
chr17	36272977	36274017	2	2	1	5	0	44
chr17	36274129	36274212	2	2	1	3	0	41
chr17	36299146	36299412	1	1	1	1	0	43
chr17	36341124	36341262	2	2	1	1	0	30
chr17	36341293	36341469	2	2	1	1	0	7
chr17	36566691	36566835	2	2	1	1	0	28
chr17	37260878	37262314	2	2	1	1	0	13
chr17	40157603	40158803	2	4	1	1	0	31
chr17	41244107	41245273	2	2	1	1	0	17
chr17	43163420	43187203	2	2	1	1	0	29
chr17	45718965	45719261	2	2	1	1	0	20
chr17	45830741	45831211	1	1	1	4	0	28
chr17	45878874	45879344	1	1	1	4	0	30
chr17	45879489	45879783	2	2	1	1	0	31
chr17	45880753	45881183	2	2	1	1	0	44
chr17	45881469	45882804	2	2	1	2	0	7
chr17	45881493	45881591	2	2	1	33	0	43
chr17	45881726	45881943	2	2	1	5	0	39
chr17	45882838	45884092	2	2	1	1	0	13
chr17	47036898	47036986	2	2	1	4	0	26
chr17	47037338	47037531	2	2	1	1	0	14
chr17	47037643	47038190	2	2	1	1	0	38
chr17	47268341	47270389	2	2	1	1	0	36
chr17	47274717	47275682	2	2	1	1	0	3
chr17	47275736	47277066	2	2	1	1	0	30
chr17	47299710	47301917	2	2	1	1	0	28
chr17	47686968	47688684	1	1	1	0	2	11
chr17	51040247	51040317	2	2	1	1	0	18
chr17	53786637	53790848	1	1	1	2	0	11
chr17	56322997	56323515	1	1	1	5	0	37
chr17	56375684	56375959	2	2	1	1	0	17
chr17	56376614	56376690	2	2	1	2	0	32
chr17	56377986	56379400	2	2	1	1	0	31
chr17	56406076	56406176	1	1	1	1	0	34
chr17	56423890	56424082	2	2	1	1	0	29
chr17	56485346	56486363	2	2	1	1	0	4
chr17	56486426	56489664	2	2	1	2	0	38
chr17	56489716	56490738	2	2	1	2	0	3
chr17	56914842	56915637	2	2	1	3	0	40
chr17	56915693	56915845	2	2	1	1	0	6
chr17	56920681	56920906	1	1	1	1	0	9
chr17	56921042	56921123	1	1	1	27	0	45
chr17	57017963	57018625	1	3	1	1	0	39
chr17	57028442	57028984	1	1	1	5	0	44
chr17	57300554	57302877	1	1	1	1	0	21
chr17	57511111	57517274	1	3	1	1	0	31
chr17	57511155	57511250	2	2	1	130	0	46
chr17	57511387	57511466	2	2	1	2	0	35
chr17	57511551	57512296	2	2	1	4	0	38
chr17	57512381	57512655	2	2	1	1	0	20
chr17	57512746	57513189	2	2	1	1	0	21
chr17	57513296	57514333	2	2	1	3	0	23
chr17	57516502	57516588	2	2	1	1	0	42
chr17	57516649	57517164	2	2	1	1	0	33
chr17	57517324	57518571	2	4	1	2	0	37
chr17	57518736	57519604	2	2	1	2	0	29
chr17	57521836	57522113	2	2	1	3	0	6
chr17	57522190	57522728	2	2	1	3	0	10
chr17	57525672	57525797	2	2	1	2	0	29
chr17	57527203	57527972	2	2	1	4	0	25
chr17	57528395	57528888	2	2	1	3	0	42
chr17	57529019	57529195	2	2	1	1	0	43
chr17	57529352	57529788	2	2	1	4	0	16
chr17	57542582	57542649	2	2	1	1	0	29
chr17	64600020	64604718	2	2	1	1	0	18
chr17	64932447	64943478	1	1	1	1	0	17
chr17	65899367	65900434	2	2	1	1	0	25
chr17	65900539	65901896	2	2	1	1	0	11
chr17	66161195	66164656	2	2	1	3	0	44
chr17	66164789	66165967	2	2	1	3	0	19
chr17	66171728	66174526	2	2	1	3	0	34
chr17	66386583	66387805	2	2	1	15	0	40
chr17	66387883	66390392	2	2	1	4	0	34
chr17	66390503	66394397	2	2	1	1	0	40
chr17	66814969	66816973	2	2	1	0	2	45
chr17	74901997	74903851	1	1	1	1	0	7
chr17	74921428	74922214	1	1	1	1	0	37
chr17	74959047	74959611	1	1	1	1	0	16
chr17	74984375	74996212	1	1	1	1	0	40
chr17	75106407	75136486	1	1	1	1	0	43
chr17	79146643	79147506	1	1	1	1	0	26
chr17	79164098	79165929	2	2	1	1	0	25
chr17	79238926	79239538	2	2	1	1	0	10
chr17	79279270	79279831	2	2	1	1	0	18
chr17	80716170	80721027	2	2	1	1	0	32
chr17	80721146	80722371	2	2	1	1	0	44
chr17	80961339	80961840	2	4	1	1	0	26
chr17	83717638	83729034	1	1	1	1	0	31
chr17	84867598	84871245	1	1	1	1	0	26
chr17	85038664	85039176	2	2	1	1	0	32
chr17	87743139	87743218	2	2	1	1	0	10
chr17	88298059	88298151	1	1	1	3	0	22
chr18	5099711	5103574	1	1	1	1	0	20
chr18	6222868	6223545	2	2	1	8	0	44
chr18	6778557	6783119	1	1	1	1	0	27
chr18	6783193	6784569	1	1	1	4	0	45
chr18	7561873	7626728	2	2	1	1	0	12
chr18	9874935	9876987	1	1	1	1	0	34
chr18	10080540	10083121	2	2	1	4	0	27
chr18	10083211	10084317	2	2	1	4	0	9
chr18	10084412	10090812	2	2	1	4	0	38
chr18	10092224	10093907	2	2	1	1	0	25
chr18	10093978	10095412	2	2	1	2	0	24
chr18	10097644	10099256	2	2	1	2	0	41
chr18	10101029	10104073	2	2	1	1	0	26
chr18	10106458	10112343	2	2	1	2	0	18
chr18	10112393	10116773	2	2	1	1	0	25
chr18	10804801	10808033	1	1	1	1	0	10
chr18	12270093	12270296	1	1	1	2	0	31
chr18	12352411	12354862	2	2	1	1	0	7
chr18	12817943	12820008	1	1	1	3	0	45
chr18	12820138	12822829	1	1	1	1	0	29
chr18	12895750	12895965	2	2	1	9	0	42
chr18	12896056	12896538	2	2	1	1	0	44
chr18	16755325	16757207	2	2	1	1	0	37
chr18	20798565	20799512	1	1	1	11	0	35
chr18	20799644	20803035	1	1	1	6	0	45
chr18	20803172	20806687	1	1	1	58	0	46
chr18	23883617	23884636	2	2	1	1	0	26
chr18	24764609	24765815	1	1	1	1	0	28
chr18	24829070	24832909	1	1	1	1	0	40
chr18	31987081	31988114	1	1	1	1	0	26
chr18	32018524	32019069	1	1	1	2	0	5
chr18	32022194	32026042	1	1	1	2	0	39
chr18	32258266	32260445	2	2	1	2	0	15
chr18	32325024	32329892	1	1	1	2	0	45
chr18	34480222	34482687	2	2	1	1	0	41
chr18	34746350	34747500	2	2	1	1	0	41
chr18	35014414	35027573	2	2	1	0	1	43
chr18	35071778	35071985	2	2	1	2	0	4
chr18	35072491	35073249	2	2	1	2	0	42
chr18	35073368	35073892	2	2	1	4	0	28
chr18	35399963	35402091	2	2	1	1	0	6
chr18	35712071	35712318	1	1	1	1	0	36
chr18	35714776	35714971	1	1	1	1	0	6
chr18	35934421	35938570	1	1	1	0	1	24
chr18	36774747	36775978	1	1	1	2	0	18
chr18	36776148	36777313	1	1	1	1	0	45
chr18	36800713	36800843	2	2	1	1	0	31
chr18	36875712	36877233	2	2	1	2	0	24
chr18	36877341	36877472	2	2	1	2	0	45
chr18	36882039	36882266	1	1	1	1	0	14
chr18	36888559	36888749	1	1	1	1	0	11
chr18	36888808	36889600	1	1	1	1	0	23
chr18	36928218	36929089	1	1	1	3	0	15
chr18	36929164	36929551	1	1	1	3	0	3
chr18	38026468	38027146	2	2	1	1	0	21
chr18	38078829	38085523	2	2	1	1	0	25
chr18	38593704	38597313	1	1	1	1	0	20
chr18	38593704	38597329	1	1	1	2	0	41
chr18	42407614	42408015	2	2	1	2	0	11
chr18	42685693	42686472	1	1	1	3	0	36
chr18	44974487	44977352	1	1	1	1	0	5
chr18	46407776	46413746	2	2	1	1	0	9
chr18	46848834	46853353	2	2	1	1	0	31
chr18	46891182	46912254	1	1	1	0	1	17
chr18	49973580	49976852	1	1	1	4	0	44
chr18	50303859	50305094	1	1	1	1	0	30
chr18	50311081	50312113	1	1	1	1	0	19
chr18	53336192	53342659	1	1	1	1	0	37
chr18	53346031	53349452	1	1	1	0	1	34
chr18	53351255	53351360	1	3	1	1	0	23
chr18	53351433	53353443	1	1	1	1	0	19
chr18	56660080	56661348	2	2	1	2	0	38
chr18	56670371	56671772	2	2	1	1	0	7
chr18	56671815	56675296	2	2	1	1	0	6
chr18	56709121	56713251	1	1	1	1	0	21
chr18	56713373	56717362	1	1	1	1	0	40
chr18	60345242	60378446	1	1	1	5	0	40
chr18	60910164	60910884	1	1	1	37	0	46
chr18	60910962	60911502	1	1	1	92	0	45
chr18	61708621	61709577	1	1	1	1	0	32
chr18	61709657	61710248	1	1	1	1	0	18
chr18	63797404	63804652	2	2	1	2	0	39
chr18	64644772	64644855	2	2	1	5	0	17
chr18	64644949	64645054	2	2	1	8	1	36
chr18	64645121	64648396	2	2	1	6	1	34
chr18	64648480	64649486	2	2	1	1	0	35
chr18	64738472	64761645	2	2	1	1	0	39
chr18	64738472	64793770	2	2	1	1	0	11
chr18	65949950	65950530	1	1	1	3	0	30
chr18	66126279	66126649	2	2	1	4	0	8
chr18	66126709	66127855	2	2	1	7	0	40
chr18	66127980	66129752	2	2	1	3	0	28
chr18	66131554	66131636	2	2	1	1	0	13
chr18	66131792	66135444	2	2	1	1	0	14
chr18	67742399	67787128	2	2	1	1	0	12
chr18	74352310	74352453	1	1	1	1	0	34
chr18	74925551	74926357	1	1	1	2	0	30
chr18	74926475	74928201	1	1	1	1	0	14
chr18	74934439	74937071	1	1	1	2	0	45
chr18	74937227	74938925	1	1	1	1	0	22
chr18	74938948	74939065	1	1	1	1	0	12
chr18	75134315	75134420	1	1	1	3	0	30
chr18	75134462	75134736	1	1	1	3	0	34
chr18	75134872	75135094	1	1	1	5	0	42
chr18	75135194	75135731	1	1	1	31	0	42
chr18	75135924	75136264	1	1	1	302	7	46
chr18	77017913	77027263	1	1	1	2	0	14
chr18	77027366	77028208	1	1	1	2	0	32
chr18	77232839	77234398	1	1	1	1	0	26
chr18	77869650	77870000	1	1	1	9	0	42
chr18	80463846	80477380	2	2	1	1	0	19
chr18	84889759	84891264	1	1	1	1	0	15
chr18	84895987	84897627	1	1	1	1	0	28
chr19	3337039	3337702	1	1	1	1	0	26
chr19	3855054	3857224	1	1	1	1	0	31
chr19	4057666	4057769	2	2	1	13	0	46
chr19	4058510	4058593	2	2	1	2	0	25
chr19	4059534	4059825	2	2	1	1	0	8
chr19	4085587	4090465	1	1	1	0	1	30
chr19	4085662	4085823	2	2	1	0	26	45
chr19	4085932	4086687	2	2	1	3	0	40
chr19	4087192	4087289	2	2	1	0	1	37
chr19	4090540	4090707	2	2	1	0	26	45
chr19	4091486	4091583	2	2	1	0	1	37
chr19	4177121	4177548	1	1	1	1	0	6
chr19	4670989	4671067	1	1	1	3	0	36
chr19	4671296	4671648	2	2	1	1	0	13
chr19	4875902	4875971	2	2	1	1	0	21
chr19	5013694	5014701	1	1	1	1	0	10
chr19	5142251	5142329	1	1	1	1	0	45
chr19	5329399	5329497	2	2	1	1	0	38
chr19	5329641	5329869	2	2	1	1	0	42
chr19	5333976	5334602	2	2	1	1	0	10
chr19	5337655	5337937	2	2	1	1	0	6
chr19	5430164	5430247	2	2	1	4	0	37
chr19	5473004	5473358	2	2	1	2	0	12
chr19	5514460	5514952	1	1	1	2	0	30
chr19	5533220	5533482	2	2	1	1	0	24
chr19	5652403	5652477	1	1	1	1	0	25
chr19	5652598	5652851	1	1	1	8	0	45
chr19	5714789	5715142	1	3	1	2	0	23
chr19	5808889	5808967	2	2	1	1	0	35
chr19	5851939	5851994	2	2	1	1	0	3
chr19	6108603	6109173	1	1	1	7	0	30
chr19	6109230	6109378	1	1	1	23	0	40
chr19	6113104	6113353	2	2	1	1	0	39
chr19	6116445	6116528	2	2	1	1	0	16
chr19	6130926	6132742	2	4	1	1	0	23
chr19	6453117	6453461	1	1	1	1	0	30
chr19	6884320	6884433	2	2	1	1	0	6
chr19	6884496	6884609	2	2	1	1	0	4
chr19	6928199	6928766	1	1	1	1	0	30
chr19	6955303	6955378	2	2	1	2	0	32
chr19	6955415	6955757	2	2	1	1	0	30
chr19	6955805	6955925	2	2	1	1	0	6
chr19	6956039	6956340	2	2	1	1	0	26
chr19	7011673	7012014	2	2	1	1	0	37
chr19	7174979	7175066	1	1	1	2	0	35
chr19	7175102	7175277	1	1	1	5	0	33
chr19	8039774	8040651	2	2	1	1	0	3
chr19	8313186	8314086	2	2	1	4	0	45
chr19	8347569	8363755	2	2	1	1	0	45
chr19	8803465	8804007	1	1	1	1	0	7
chr19	8825526	8825827	1	1	1	4	0	41
chr19	8851211	8851502	1	1	1	1	0	21
chr19	8851552	8852637	1	1	1	1	0	22
chr19	8852717	8852885	1	1	1	13	0	44
chr19	8866613	8867366	1	1	1	1	0	41
chr19	8867465	8867774	1	1	1	1	0	23
chr19	8947352	8949870	1	1	1	0	1	44
chr19	8955074	8955307	1	1	1	3	0	46
chr19	9960348	9961544	1	1	1	2	0	23
chr19	9961692	9961923	1	1	1	2	0	10
chr19	9962050	9962144	1	1	1	6	0	42
chr19	9962054	9962307	1	1	1	2	0	43
chr19	10041679	10042049	2	2	1	4	0	30
chr19	10183898	10184527	1	1	1	2	0	7
chr19	10184665	10185080	1	1	1	18	0	43
chr19	11012966	11013101	2	2	1	1	0	5
chr19	12754359	12755305	2	2	1	5	0	35
chr19	12755411	12755987	2	2	1	5	0	37
chr19	12756025	12756256	2	2	1	5	0	35
chr19	20602190	20606417	1	1	1	1	0	19
chr19	20606521	20608029	1	1	1	2	0	46
chr19	20608215	20611712	1	3	1	1	0	26
chr19	20617503	20620257	1	1	1	1	0	9
chr19	23220155	23221218	2	2	1	2	0	17
chr19	23653644	23653712	1	1	1	1	0	39
chr19	25359747	25386449	1	1	1	1	0	19
chr19	26629123	26631740	1	1	1	1	0	34
chr19	27367714	27371637	2	2	1	1	0	15
chr19	27401745	27403195	2	2	1	2	0	34
chr19	31886327	31888505	1	1	1	1	0	30
chr19	31888637	31895283	1	1	1	6	0	41
chr19	31904606	31909824	1	1	1	3	0	42
chr19	36849159	36849822	1	1	1	1	0	42
chr19	36867449	36868140	1	1	1	1	0	6
chr19	37291472	37292232	2	2	1	1	0	20
chr19	38105358	38106719	2	2	1	12	0	42
chr19	38112584	38112743	2	2	1	1	0	11
chr19	38112881	38112966	2	2	1	1	0	26
chr19	38190038	38193143	2	2	1	1	0	13
chr19	38202906	38204278	2	2	1	2	0	31
chr19	38792975	38795530	2	2	1	1	0	18
chr19	39275730	39279172	1	1	1	1	0	34
chr19	39279651	39296051	1	1	1	7	0	38
chr19	39296213	39298098	1	1	1	15	1	44
chr19	39310137	39313349	1	1	1	0	1	3
chr19	39317690	39318695	1	1	1	10	0	28
chr19	39597706	39604063	2	2	1	0	2	13
chr19	39627187	39628300	2	2	1	0	1	37
chr19	39628432	39631714	2	2	1	0	1	23
chr19	39677698	39687704	2	2	1	1	2	23
chr19	39724152	39727496	2	2	1	0	1	23
chr19	39727647	39727819	2	2	1	1	0	19
chr19	39755935	39762267	2	2	1	0	2	13
chr19	39864835	39865949	2	2	1	0	1	37
chr19	39981052	39982168	1	1	1	0	2	27
chr19	40060051	40060498	2	2	1	0	2	39
chr19	40078312	40078664	1	1	1	0	2	27
chr19	40078312	40099719	1	1	1	1	0	25
chr19	40079140	40079388	1	1	1	0	2	39
chr19	40079550	40080647	1	1	1	4	0	38
chr19	40080825	40085160	1	1	1	1	0	45
chr19	40085303	40086398	1	1	1	2	0	10
chr19	40086587	40099719	1	1	1	1	0	43
chr19	40153946	40155906	2	2	1	2	0	25
chr19	41229148	41233882	2	2	1	3	0	37
chr19	41296971	41309940	2	2	1	1	0	33
chr19	43795704	43797088	1	1	1	1	0	15
chr19	43810185	43810445	1	1	1	1	0	19
chr19	43816447	43818250	1	1	1	1	0	13
chr19	43954754	43956891	2	2	1	2	0	3
chr19	44070435	44071024	2	2	1	1	0	7
chr19	44085767	44085880	2	2	1	1	0	37
chr19	44386558	44388580	2	2	1	1	0	10
chr19	44395200	44395824	2	2	1	7	0	32
chr19	44538852	44541136	2	2	1	18	0	44
chr19	44541293	44542107	2	2	1	2	0	9
chr19	44542208	44543369	2	2	1	1	0	41
chr19	46072283	46072450	1	1	1	1	0	37
chr19	46121695	46122439	1	1	1	1	0	32
chr19	46254167	46254463	1	1	1	2	0	6
chr19	46319420	46319490	2	2	1	1	0	45
chr19	46880741	46880943	2	2	1	1	0	34
chr19	47072009	47074393	2	2	1	9	23	43
chr19	47074487	47074572	2	2	1	4	0	42
chr19	47626207	47627314	1	1	1	1	0	27
chr19	53607281	53609019	1	1	1	1	0	23
chr19	53611648	53611897	1	1	1	2	0	8
chr19	53613594	53616281	1	1	1	1	0	9
chr19	53897846	53899358	1	1	1	2	0	29
chr19	53915077	53915624	1	1	1	3	0	18
chr19	55277333	55279577	1	1	1	1	0	34
chr19	55280322	55282018	1	1	1	2	0	10
chr19	55282163	55282633	1	1	1	1	0	17
chr19	55283955	55284797	1	1	1	3	0	22
chr19	55908051	55912327	1	1	1	1	0	3
chr19	56352842	56353823	2	2	1	2	0	46
chr19	56789432	56789598	2	2	1	1	0	9
chr19	59030389	59039265	2	2	1	1	0	15
chr19	59039327	59049062	2	2	1	1	0	16
chr19	60751703	60752469	2	2	1	3	0	41
chr19	60757331	60758303	2	2	1	5	0	32
chr19	60758458	60759452	2	2	1	8	0	45
chr19	60760636	60761129	2	2	1	3	0	44
chrX	7666581	7666774	1	1	1	1	0	11
chrX	8009991	8010086	2	2	1	1	0	26
chrX	10166708	10169499	1	1	1	2	0	13
chrX	10175300	10178631	1	1	1	6	0	38
chrX	10178770	10186081	1	1	1	15	0	42
chrX	13027172	13027552	1	1	1	1	0	16
chrX	13147397	13150416	1	1	1	2	0	38
chrX	16605425	16606309	2	2	1	2	0	20
chrX	20423967	20425593	1	1	1	1	0	33
chrX	20425726	20426215	1	1	1	1	0	11
chrX	20426371	20427673	1	1	1	1	0	44
chrX	20818263	20818446	2	2	1	2	0	36
chrX	35415768	35419195	1	1	1	1	0	27
chrX	35865930	35868440	1	1	1	1	0	9
chrX	36059495	36060495	1	1	1	1	0	15
chrX	36346403	36347637	2	2	1	5	1	45
chrX	36359476	36360510	2	2	1	1	0	33
chrX	36394712	36400164	1	1	1	1	0	31
chrX	36451395	36453526	2	2	1	49	0	45
chrX	36453617	36454641	2	2	1	6	1	29
chrX	37494449	37513143	2	2	1	1	0	11
chrX	37510729	37513143	2	2	1	2	0	37
chrX	37622606	37625998	2	2	1	1	0	23
chrX	40895440	40895521	2	2	1	1	0	5
chrX	40896049	40901335	2	2	1	1	0	13
chrX	40912424	40912510	2	2	1	2	0	3
chrX	40970878	40986668	2	2	1	1	0	42
chrX	41290872	41294922	1	1	1	1	0	39
chrX	47361994	47362566	1	1	1	1	0	23
chrX	49043336	49055362	2	2	1	0	1	41
chrX	49649884	49651556	2	2	1	1	0	14
chrX	52789968	52797434	2	2	1	1	0	35
chrX	52797470	52797739	2	2	1	1	0	8
chrX	59073910	59074253	1	1	1	1	0	7
chrX	59322150	59322736	2	2	1	1	0	16
chrX	59325464	59326016	2	2	1	5	0	41
chrX	59326169	59326927	2	2	1	3	0	22
chrX	59327090	59335253	2	2	1	1	0	32
chrX	59349693	59352556	2	2	1	1	0	45
chrX	66457115	66477124	1	1	1	1	0	22
chrX	71960000	71960293	2	2	1	2	0	19
chrX	72833727	72833964	1	1	1	2	0	19
chrX	72834031	72834259	1	1	1	13	0	41
chrX	73316441	73316520	1	1	1	11	0	43
chrX	73358570	73359032	1	1	1	3	0	21
chrX	74149988	74150777	1	1	1	2	0	12
chrX	74150857	74151784	1	1	1	1	0	16
chrX	74493752	74499157	1	1	1	1	0	15
chrX	74493752	74499161	1	1	1	2	0	39
chrX	74834693	74834890	2	2	1	1	0	32
chrX	88535510	88540313	1	1	1	0	1	43
chrX	92649020	92649453	2	2	1	1	0	44
chrX	93579284	93579465	2	2	1	2	0	46
chrX	93580595	93580899	2	2	1	1	0	22
chrX	93580963	93581147	2	2	1	1	0	7
chrX	100716180	100716648	1	1	1	1	0	7
chrX	101228738	101229108	2	2	1	41	0	46
chrX	101543559	101548004	2	2	1	1	0	18
chrX	101548058	101548559	2	2	1	1	0	21
chrX	104905207	104905894	2	4	1	2	0	39
chrX	104911530	104918165	2	2	1	1	0	23
chrX	105012842	105013675	1	1	1	1	0	32
chrX	105015086	105017790	2	2	1	2	0	28
chrX	105023087	105027315	2	2	1	1	0	17
chrX	105063310	105065351	1	1	1	2	0	24
chrX	108049678	108051767	2	2	1	1	0	19
chrX	124456266	124471367	1	1	1	0	1	46
chrX	133486933	133487259	1	1	1	1	0	35
chrX	133487328	133488199	1	1	1	17	0	45
chrX	133488323	133488685	1	1	1	38	0	44
chrX	141123086	141124330	2	2	1	1	0	29
chrX	149823055	149825958	2	2	1	0	1	14
chrX	150589857	150618219	1	1	1	1	0	14
chrX	150689360	150689946	1	1	1	1	0	5
chrX	150786522	150786648	1	1	1	1	0	43
chrX	150809767	150810689	1	1	1	1	0	44
chrX	150810949	150811036	1	1	1	1	0	44
chrX	150817156	150819097	1	1	1	2	0	18
chrX	154107025	154109590	2	2	1	19	0	36
chrX	154109626	154111441	2	2	1	12	0	35
chrX	154113422	154115351	2	2	1	1	0	24
chrX	158165776	158168403	1	1	1	1	0	17
chrX	161543704	161544570	1	1	1	1	0	22
chrX	161569688	161570554	2	2	1	1	0	24
chrX	161570675	161573607	2	2	1	0	1	13
chrX	161666083	161671064	2	2	1	4	0	41
chrX	162737479	162739467	2	2	1	1	0	33
chrX	162739550	162740911	2	2	1	1	0	13
chrX	167819863	168003193	1	1	1	2	0	41
chrX	168794060	168801698	1	1	1	0	1	5
chrX	169091046	169091285	2	2	1	2	0	23
chrY	140872	143764	1	3	1	0	1	19
chrY	260455	263370	2	4	1	0	1	19
chrY	899958	900478	1	1	1	1	0	46
chrY	87448800	87461966	1	1	1	1	0	16
chrY	90797249	90804593	1	1	1	0	1	5
chrY	90804687	90827617	1	1	1	5	0	32
chrY	90804950	90827617	1	1	1	1	0	13
chrM	6846	6886	0	0	0	0	3	36
chrM	15087	15137	2	2	1	1	0	24
chrM	15087	15168	2	2	1	1	0	16
chrM	15138	15168	2	2	1	143	1	41
GL456389.1	8186	10553	1	1	0	0	1	42
GL456389.1	8186	10787	1	1	0	0	1	42
GL456390.1	15466	19502	2	2	1	1	0	41
GL456392.1	8814	19472	2	2	1	1	0	27
GL456392.1	22210	22677	1	1	1	1	1	33
GL456392.1	22210	23501	1	1	1	0	1	25
JH584304.1	58836	59591	2	2	1	3	0	29
JH584304.1	60370	60603	2	2	1	0	1	13
JH584304.1	60489	60603	2	2	1	0	1	13
JH584304.1	68660	78591	2	2	1	0	4	29
JH584304.1	68660	85138	2	2	0	0	1	21
JH584304.1	68660	94258	2	2	0	0	1	21
JH584304.1	68660	110386	2	2	0	0	1	21
JH584304.1	68843	83685	1	1	1	0	1	35
JH584304.1	68981	80314	1	1	1	0	1	28
JH584304.1	68981	81951	1	1	1	0	1	28
JH584304.1	68981	86862	1	1	1	0	1	28
JH584304.1	68981	95982	1	1	1	0	1	28
JH584304.1	68981	105562	1	1	1	0	1	28
JH584304.1	68981	107199	1	1	1	0	1	28
JH584304.1	68981	112110	1	1	1	0	1	28
JH584304.1	69332	80314	1	1	1	0	1	28
JH584304.1	69332	81951	1	1	1	0	1	28
JH584304.1	69332	86862	1	1	1	0	1	28
JH584304.1	69332	95982	1	1	1	0	1	28
JH584304.1	69332	105562	1	1	1	0	1	28
JH584304.1	69332	107199	1	1	1	0	1	28
JH584304.1	69332	112110	1	1	1	0	1	28
JH584304.1	69721	85381	1	1	1	0	1	28
JH584304.1	69721	94501	1	1	1	0	1	28
JH584304.1	69721	110629	1	1	1	0	1	28
JH584304.1	70414	78591	2	2	1	0	4	29
JH584304.1	70414	85138	2	2	0	0	2	24
JH584304.1	70414	94258	2	2	0	0	1	21
JH584304.1	70414	110386	2	2	0	0	1	21
JH584304.1	70597	83685	1	1	1	0	1	35
JH584304.1	71203	80314	1	1	1	0	1	28
JH584304.1	71203	81951	1	1	1	0	1	28
JH584304.1	71203	86862	1	1	1	0	1	28
JH584304.1	71203	95982	1	1	1	0	1	28
JH584304.1	71203	105562	1	1	1	0	1	28
JH584304.1	71203	107199	1	1	1	0	1	28
JH584304.1	71203	112110	1	1	1	0	1	28
JH584304.1	71592	85381	1	1	1	0	1	28
JH584304.1	71592	94501	1	1	1	0	1	28
JH584304.1	71592	110629	1	1	1	0	1	28
JH584304.1	72285	78591	2	2	1	0	4	29
JH584304.1	72285	85138	2	2	0	0	2	24
JH584304.1	72285	94258	2	2	0	0	1	21
JH584304.1	72285	110386	2	2	0	0	1	21
JH584304.1	72468	83685	1	1	1	0	1	35
JH584304.1	73452	74150	2	2	1	0	7	34
JH584304.1	73452	76722	2	2	1	0	2	34
JH584304.1	73452	78591	2	2	1	0	7	34
JH584304.1	73452	83501	2	2	1	0	6	34
JH584304.1	73452	85138	2	2	0	0	2	24
JH584304.1	73452	89348	2	2	1	0	7	34
JH584304.1	73452	94258	2	2	0	0	1	21
JH584304.1	73452	110386	2	2	0	0	1	21
JH584304.1	74188	81667	1	1	1	0	3	43
JH584304.1	74218	83276	1	1	1	0	1	38
JH584304.1	75085	78591	2	2	1	0	4	29
JH584304.1	75085	85138	2	2	0	0	2	24
JH584304.1	75085	94258	2	2	0	0	1	21
JH584304.1	75085	110386	2	2	0	0	1	21
JH584304.1	75268	83685	1	1	1	0	1	35
JH584304.1	76556	83276	1	1	1	0	1	38
JH584304.1	76556	92396	1	1	1	0	1	38
JH584304.1	76731	85381	1	1	1	0	1	28
JH584304.1	76731	94501	1	1	1	0	1	28
JH584304.1	76731	110629	1	1	1	0	1	28
JH584304.1	77510	77743	1	1	1	0	1	15
JH584304.1	77510	80314	1	1	1	0	1	28
JH584304.1	77510	81249	1	1	1	0	29	46
JH584304.1	77510	81951	1	1	1	0	1	28
JH584304.1	77510	82886	1	1	1	0	1	15
JH584304.1	77510	86862	1	1	1	0	1	28
JH584304.1	77510	92006	1	1	1	0	1	15
JH584304.1	77510	95982	1	1	1	0	1	28
JH584304.1	77510	100887	1	1	1	0	2	36
JH584304.1	77510	105562	1	1	1	0	1	28
JH584304.1	77510	107199	1	1	1	0	1	28
JH584304.1	77510	112110	1	1	1	0	1	28
JH584304.1	78211	81249	1	1	1	0	2	31
JH584304.1	78629	81667	1	1	1	0	3	43
JH584304.1	78629	90787	1	1	1	0	3	43
JH584304.1	78679	79145	1	1	1	0	3	26
JH584304.1	78679	80547	1	1	1	0	3	19
JH584304.1	78679	81249	1	1	1	0	108	46
JH584304.1	78679	82184	1	1	1	0	3	19
JH584304.1	78679	82886	1	1	1	0	1	15
JH584304.1	78679	85692	1	1	1	0	3	26
JH584304.1	78679	91304	1	1	1	0	3	19
JH584304.1	78679	92006	1	1	1	0	1	15
JH584304.1	78679	94812	1	1	1	0	3	26
JH584304.1	78679	103224	1	1	1	0	3	19
JH584304.1	78679	105795	1	1	1	0	3	19
JH584304.1	78679	107432	1	1	1	0	3	19
JH584304.1	79059	86307	2	2	1	0	3	24
JH584304.1	79848	81249	1	1	1	0	4	43
JH584304.1	79994	85138	2	2	0	0	2	24
JH584304.1	79994	94258	2	2	0	0	2	24
JH584304.1	79994	110386	2	2	0	0	1	21
JH584304.1	80023	84756	1	1	1	0	1	21
JH584304.1	80023	85225	1	1	1	0	1	21
JH584304.1	80023	93876	1	1	1	0	1	21
JH584304.1	80023	94345	1	1	1	0	1	21
JH584304.1	80023	110004	1	1	1	0	1	21
JH584304.1	80023	110473	1	1	1	0	1	21
JH584304.1	80315	81249	1	1	1	0	2	30
JH584304.1	80672	83011	1	1	1	0	1	29
JH584304.1	80672	92131	1	1	1	0	1	29
JH584304.1	80672	108259	1	1	1	0	1	29
JH584304.1	81280	90400	1	1	1	0	1	28
JH584304.1	81484	82184	1	1	1	0	4	41
JH584304.1	81631	82331	2	2	0	0	1	43
JH584304.1	81631	85138	2	2	0	0	2	24
JH584304.1	81631	86307	2	2	1	0	3	24
JH584304.1	81631	94258	2	2	0	0	2	24
JH584304.1	81631	95427	2	2	1	0	3	24
JH584304.1	81631	110386	2	2	0	0	1	21
JH584304.1	81660	84756	1	1	1	0	1	21
JH584304.1	81660	85225	1	1	1	0	1	21
JH584304.1	81660	93876	1	1	1	0	1	21
JH584304.1	81660	94345	1	1	1	0	1	21
JH584304.1	81660	110004	1	1	1	0	1	21
JH584304.1	81660	110473	1	1	1	0	1	21
JH584304.1	83539	90787	1	1	1	0	5	43
JH584304.1	84270	92396	1	1	1	0	1	38
JH584304.1	84270	102738	1	1	0	0	1	19
JH584304.1	84270	103907	1	1	0	0	1	19
JH584304.1	85606	86307	2	2	1	0	3	24
JH584304.1	85606	95427	2	2	1	0	3	24
JH584304.1	86395	86628	1	1	1	0	2	37
JH584304.1	86395	90837	1	1	1	0	2	37
JH584304.1	86395	95748	1	1	1	0	2	37
JH584304.1	86629	106497	1	1	0	0	1	23
JH584304.1	87243	94258	2	2	0	0	1	24
JH584304.1	88178	89348	2	2	1	0	7	34
JH584304.1	88178	92621	2	2	1	0	6	34
JH584304.1	88178	94258	2	2	0	0	2	24
JH584304.1	88178	97064	2	2	1	0	7	34
JH584304.1	88178	99164	2	2	1	0	7	34
JH584304.1	88178	101970	2	2	1	0	2	34
JH584304.1	88178	103839	2	2	1	0	7	34
JH584304.1	88178	110386	2	2	0	0	1	21
JH584304.1	88647	89348	2	2	1	0	7	34
JH584304.1	88647	92621	2	2	1	0	6	34
JH584304.1	88647	94258	2	2	0	0	2	24
JH584304.1	88647	97064	2	2	1	0	7	34
JH584304.1	88647	99164	2	2	1	0	7	34
JH584304.1	88647	101970	2	2	1	0	2	34
JH584304.1	88647	103839	2	2	1	0	7	34
JH584304.1	88647	110386	2	2	0	0	1	21
JH584304.1	89182	92396	1	1	1	0	1	38
JH584304.1	89416	92396	1	1	1	0	1	38
JH584304.1	89583	103839	2	2	1	0	5	31
JH584304.1	90117	92396	1	1	1	0	1	38
JH584304.1	90117	102738	1	1	0	0	1	19
JH584304.1	90117	103907	1	1	0	0	1	19
JH584304.1	90604	91304	1	1	1	0	4	41
JH584304.1	90604	106497	1	1	1	0	3	41
JH584304.1	90751	91451	2	2	0	0	1	43
JH584304.1	90751	94258	2	2	0	0	2	24
JH584304.1	90751	95427	2	2	1	0	3	24
JH584304.1	90751	102904	2	2	1	0	2	16
JH584304.1	90751	103839	2	2	1	2	5	29
JH584304.1	90751	104540	2	2	1	0	3	21
JH584304.1	90751	110386	2	2	0	0	1	21
JH584304.1	90780	93876	1	1	1	0	1	21
JH584304.1	90780	94345	1	1	1	0	1	21
JH584304.1	90780	110004	1	1	1	0	1	21
JH584304.1	90780	110473	1	1	1	0	1	21
JH584304.1	91072	106497	1	1	1	0	2	30
JH584304.1	91539	106497	1	1	1	0	5	37
JH584304.1	92659	106915	1	1	1	0	5	43
JH584304.1	92856	103839	2	2	1	0	6	31
JH584304.1	92942	97384	1	1	1	0	1	45
JH584304.1	92942	100653	1	1	1	0	1	45
JH584304.1	92942	101121	1	1	1	0	1	45
JH584304.1	92942	101355	1	1	1	0	1	45
JH584304.1	92942	101823	1	1	1	0	1	45
JH584304.1	92942	102991	1	1	1	0	1	45
JH584304.1	92942	103458	1	1	1	0	1	45
JH584304.1	92942	106497	1	1	1	0	3	31
JH584304.1	92942	108134	1	1	1	0	1	45
JH584304.1	93176	106497	1	1	1	0	6	37
JH584304.1	93390	102738	1	1	0	0	1	19
JH584304.1	93390	103907	1	1	0	0	1	19
JH584304.1	93390	108524	1	1	1	0	1	38
JH584304.1	94346	106497	1	1	1	0	4	43
JH584304.1	94726	95427	2	2	1	0	3	24
JH584304.1	95282	106497	1	1	1	0	4	43
JH584304.1	95515	95748	1	1	1	0	2	37
JH584304.1	95515	103926	1	1	1	0	2	37
JH584304.1	95515	106965	1	1	1	0	2	37
JH584304.1	95749	106497	1	1	0	0	1	23
JH584304.1	95983	106497	1	1	1	0	2	30
JH584304.1	96363	110386	2	2	0	0	1	24
JH584304.1	96898	108524	1	1	1	0	1	38
JH584304.1	97132	108524	1	1	1	0	1	38
JH584304.1	97299	103839	2	2	1	0	5	31
JH584304.1	97833	102738	1	1	0	0	1	19
JH584304.1	97833	103907	1	1	0	0	1	19
JH584304.1	97833	108524	1	1	1	0	1	38
JH584304.1	98466	99164	2	2	1	0	7	34
JH584304.1	98466	101970	2	2	1	0	2	34
JH584304.1	98466	103839	2	2	1	0	7	34
JH584304.1	98466	108749	2	2	1	0	6	34
JH584304.1	98466	110386	2	2	0	0	2	24
JH584304.1	98466	114362	2	2	1	0	7	34
JH584304.1	99202	106915	1	1	1	0	3	43
JH584304.1	99232	108524	1	1	1	0	1	38
JH584304.1	100099	103839	2	2	1	0	4	29
JH584304.1	100099	110386	2	2	0	0	2	24
JH584304.1	100282	108933	1	1	1	0	1	35
JH584304.1	100888	105562	1	1	1	0	1	28
JH584304.1	100888	107199	1	1	1	0	1	28
JH584304.1	100888	112110	1	1	1	0	1	28
JH584304.1	101804	108524	1	1	1	0	1	38
JH584304.1	101979	110629	1	1	1	0	1	28
JH584304.1	102758	102991	1	1	1	0	1	15
JH584304.1	102758	105562	1	1	1	0	1	28
JH584304.1	102758	106497	1	1	1	0	29	46
JH584304.1	102758	107199	1	1	1	0	1	28
JH584304.1	102758	108134	1	1	1	0	1	15
JH584304.1	102758	112110	1	1	1	0	1	28
JH584304.1	103459	106497	1	1	1	0	2	31
JH584304.1	103877	106915	1	1	1	0	3	43
JH584304.1	103927	104393	1	1	1	0	3	26
JH584304.1	103927	105795	1	1	1	0	3	19
JH584304.1	103927	106497	1	1	1	1	108	46
JH584304.1	103927	107432	1	1	1	0	3	19
JH584304.1	103927	108134	1	1	1	0	1	15
JH584304.1	103927	110940	1	1	1	0	3	26
JH584304.1	104307	111555	2	2	1	0	3	24
JH584304.1	105096	106497	1	1	1	0	4	43
JH584304.1	105242	110386	2	2	0	0	2	24
JH584304.1	105271	110004	1	1	1	0	1	21
JH584304.1	105271	110473	1	1	1	0	1	21
JH584304.1	105563	106497	1	1	1	0	2	30
JH584304.1	105920	108259	1	1	1	0	1	29
JH584304.1	106732	107432	1	1	1	0	4	41
JH584304.1	106879	110386	2	2	0	0	2	24
JH584304.1	106908	110004	1	1	1	0	1	21
JH584304.1	106908	110473	1	1	1	0	1	21
JH584304.1	110854	111555	2	2	1	0	3	24
JH584304.1	111643	111876	1	1	1	0	2	37
JH584304.1	113661	114362	2	2	1	0	6	34
MU069435.1	1231	1636	1	1	1	2	1	15
