chr1	10102	10178	2	2	1	0	4	45
chr1	15039	15795	2	2	1	0	1	18
chr1	185560	186316	2	2	1	0	1	18
chr1	186470	187128	2	2	1	0	1	43
chr1	501621	502186	2	2	1	1	0	40
chr1	944378	948121	1	1	1	1	0	34
chr1	1218634	1218768	2	2	1	2	0	45
chr1	1312950	1313034	2	2	1	1	0	40
chr1	1325103	1326835	1	1	1	1	0	14
chr1	1373903	1373999	2	2	1	31	0	46
chr1	1482304	1482544	1	1	1	1	0	39
chr1	1534387	1534579	1	1	1	1	0	17
chr1	1543988	1544862	2	2	1	3	0	42
chr1	1642509	1645125	2	2	1	0	3	31
chr1	1655485	1657374	2	2	1	1	1	26
chr1	1709641	1712263	2	2	1	0	3	31
chr1	1719456	1721595	2	2	1	2	0	24
chr1	1721712	1722707	2	2	1	0	1	26
chr1	1837990	1867053	1	1	1	1	0	27
chr1	2304586	2306019	1	1	1	1	0	44
chr1	2402343	2403034	1	1	1	3	0	42
chr1	3631658	3632212	2	2	1	1	0	33
chr1	3775484	3775794	1	1	1	1	0	20
chr1	3829998	3831045	2	2	1	1	0	7
chr1	6186817	6192929	2	2	1	0	33	45
chr1	6193055	6197651	2	2	1	5	1	35
chr1	6197757	6199561	2	2	1	1	0	37
chr1	6237849	6238220	1	1	1	1	0	7
chr1	6318579	6327298	2	2	1	2	0	11
chr1	6640058	6644557	2	2	1	2	0	11
chr1	6825211	6871756	1	1	1	1	0	9
chr1	7091372	7249490	1	1	1	1	0	34
chr1	7962876	7965323	1	1	1	1	0	29
chr1	7969405	7970893	1	1	1	1	0	17
chr1	8656442	8703054	2	4	1	1	0	44
chr1	8861430	8862886	2	2	1	1	0	36
chr1	8864093	8865284	2	2	1	1	0	5
chr1	8866502	8867116	2	2	1	5	0	29
chr1	8868058	8870451	2	2	1	1	0	10
chr1	8870511	8871890	2	2	1	1	0	10
chr1	8871987	8874823	2	2	1	1	0	37
chr1	9567362	9570257	1	1	1	0	1	22
chr1	10214505	10254600	1	1	1	1	0	27
chr1	10296666	10296896	1	1	1	1	0	6
chr1	10836583	10848080	1	1	1	0	1	46
chr1	11012744	11013715	1	1	1	1	0	6
chr1	11020600	11022123	1	1	1	1	0	37
chr1	11054886	11054961	2	2	1	1	0	28
chr1	11066749	11068007	2	2	1	5	0	39
chr1	11068085	11068644	2	2	1	3	0	34
chr1	11068707	11069558	2	2	1	1	0	24
chr1	11675175	11675657	2	2	1	1	0	40
chr1	11725827	11726387	2	2	1	1	0	3
chr1	11816681	11817972	1	1	1	1	0	13
chr1	11920333	11922635	2	2	1	2	0	36
chr1	12002104	12003991	1	1	1	1	0	3
chr1	12031404	12031721	1	1	1	1	0	31
chr1	12314328	12318071	1	1	1	1	0	31
chr1	12460397	12497499	1	1	1	1	0	17
chr1	13742158	13749360	1	1	1	1	0	21
chr1	15573725	15574756	2	2	1	1	0	12
chr1	16396313	16396557	2	2	1	1	0	3
chr1	16580281	16621057	2	2	1	0	2	37
chr1	16586580	16621057	2	2	1	0	2	37
chr1	16635169	16642766	2	2	1	1	0	41
chr1	17027866	17028599	2	2	1	1	0	29
chr1	17410052	17412121	2	2	1	1	0	21
chr1	19086271	19086678	2	2	1	1	0	5
chr1	19099678	19100375	2	2	1	1	0	30
chr1	19231423	19232623	2	2	1	1	0	6
chr1	19258554	19258680	1	1	1	1	0	9
chr1	19307102	19307313	2	2	1	1	0	14
chr1	19339618	19344357	2	2	1	1	0	3
chr1	19344435	19345186	2	2	1	2	0	16
chr1	19345253	19356634	2	2	1	1	0	45
chr1	19356752	19357421	2	2	1	1	0	42
chr1	19597110	19622099	1	1	1	1	0	28
chr1	19622148	19623473	1	1	1	4	0	20
chr1	19623584	19626386	1	1	1	11	0	31
chr1	20348359	20348591	1	1	1	1	0	32
chr1	20605040	20613841	1	1	1	1	0	18
chr1	20652529	20652620	2	2	1	1	0	4
chr1	20776751	20779811	2	2	1	1	0	45
chr1	20862333	20864475	2	2	1	1	0	24
chr1	20973100	20980333	2	2	1	2	0	43
chr1	21679440	21680807	2	2	1	1	0	10
chr1	21703619	21704261	2	2	1	1	0	23
chr1	21721167	21721649	2	2	1	4	0	33
chr1	21721765	21723897	2	2	1	1	0	31
chr1	21753120	21756545	2	2	1	1	0	17
chr1	22081795	22086438	1	1	1	0	1	19
chr1	23056039	23057483	1	1	1	1	0	43
chr1	23057566	23059072	1	1	1	1	0	14
chr1	23068682	23069060	1	1	1	2	0	45
chr1	23212934	23213402	2	4	1	2	0	37
chr1	23318689	23321527	2	2	1	1	0	42
chr1	23321664	23323555	2	2	1	2	0	43
chr1	23691830	23692608	1	1	1	2	0	9
chr1	23692760	23693806	1	1	1	12	0	33
chr1	23693914	23694659	1	1	1	29	0	45
chr1	23694792	23695797	1	1	1	290	0	45
chr1	23695909	23696343	1	1	1	406	0	46
chr1	23714361	23721137	2	2	1	1	0	20
chr1	23869472	23881057	2	2	1	0	1	36
chr1	23959999	23960928	1	1	1	1	0	34
chr1	23971627	23971849	2	2	1	1	0	37
chr1	24646074	24646666	1	1	1	1	0	37
chr1	24646790	24648858	1	1	1	18	0	46
chr1	24649030	24649970	1	1	1	4	0	24
chr1	24651613	24652433	1	3	1	5	0	42
chr1	24670316	24671385	1	1	1	1	0	19
chr1	24745626	24797741	1	1	1	1	0	13
chr1	24907728	24907752	2	2	1	0	1	20
chr1	24907728	24907877	2	2	1	0	1	20
chr1	24907728	24907927	2	2	1	0	1	20
chr1	24907728	24907977	2	2	1	0	1	20
chr1	24907778	24907877	2	2	0	0	1	19
chr1	24907778	24907927	2	2	0	0	1	19
chr1	24907778	24907977	2	2	0	0	1	19
chr1	24907903	24907927	2	2	0	0	1	19
chr1	24907903	24907977	2	2	0	0	1	19
chr1	24907953	24907977	2	2	0	0	1	19
chr1	25229124	25232103	2	2	1	1	0	7
chr1	25458893	25484115	1	1	1	1	0	24
chr1	25484275	25485612	1	1	1	1	0	27
chr1	25901683	25903640	2	2	1	3	0	41
chr1	25903814	25904663	2	2	1	3	0	37
chr1	26322057	26322163	2	2	1	1	0	33
chr1	26438285	26442730	1	1	1	1	0	18
chr1	26472628	26473482	1	1	1	2	0	31
chr1	26473528	26473702	1	1	1	1	0	30
chr1	26474136	26474571	1	1	1	2	0	42
chr1	26474668	26475112	1	1	1	9	0	43
chr1	26775708	26779022	1	1	1	1	0	28
chr1	26921930	26924088	1	1	1	2	0	16
chr1	26941661	26941752	1	1	1	1	0	41
chr1	26943066	26945389	1	1	1	1	0	17
chr1	26945687	26946129	1	1	1	1	0	38
chr1	27416103	27418268	2	2	1	3	0	31
chr1	28203823	28205257	2	2	1	2	0	15
chr1	28205350	28208341	2	2	1	1	0	44
chr1	28208414	28209971	2	2	1	7	0	44
chr1	28210067	28210570	2	2	1	6	0	42
chr1	28210638	28214939	2	2	1	3	0	21
chr1	28214997	28228921	2	2	1	1	0	17
chr1	28229024	28232920	2	2	1	1	0	10
chr1	28236271	28236360	1	1	1	1	0	33
chr1	28236453	28237836	1	1	1	5	0	29
chr1	28392942	28407409	1	1	1	1	0	34
chr1	28407464	28459084	1	1	1	1	0	4
chr1	28571339	28571866	1	1	1	2	0	30
chr1	28571901	28577499	1	1	1	3	0	28
chr1	28578681	28579532	2	2	1	4	0	42
chr1	28579588	28579911	2	2	1	2	0	31
chr1	28618031	28621913	2	2	1	1	0	27
chr1	28630298	28650889	2	2	1	1	0	21
chr1	28737683	28738258	1	1	1	1	0	22
chr1	28743987	28768928	1	1	1	18	0	40
chr1	29150193	29154695	2	2	1	1	0	30
chr1	29154911	29159373	2	2	1	1	0	35
chr1	29185379	29185881	1	3	1	1	0	36
chr1	30933343	30936642	2	2	1	1	0	23
chr1	31310165	31318166	1	1	1	1	0	39
chr1	31337276	31338956	1	1	1	1	0	3
chr1	31346741	31348828	1	1	1	5	0	19
chr1	31348975	31364031	1	1	1	4	0	43
chr1	31369558	31372941	2	2	1	1	0	13
chr1	31908961	31910037	2	2	1	1	0	28
chr1	32037044	32037834	1	1	1	1	0	46
chr1	32038620	32039514	1	1	1	1	0	3
chr1	32039574	32042526	1	1	1	1	0	30
chr1	32160704	32161946	1	1	1	1	0	38
chr1	32204380	32204597	1	1	1	2	0	23
chr1	32204621	32205193	1	1	1	4	0	23
chr1	32249215	32249398	2	2	1	1	0	16
chr1	32331807	32332089	1	1	1	1	0	32
chr1	32621949	32627507	2	2	1	7	0	34
chr1	32627545	32631826	2	2	1	3	0	37
chr1	32627545	32634767	2	2	1	2	0	25
chr1	32631880	32633644	2	2	1	5	0	43
chr1	32633728	32633950	2	2	1	1	0	35
chr1	32634793	32650432	2	2	1	2	0	5
chr1	32679699	32680525	1	1	1	1	0	12
chr1	32679818	32680525	1	1	1	1	0	3
chr1	32779524	32780084	2	2	1	1	0	4
chr1	32787076	32791161	2	2	1	1	0	22
chr1	32797844	32806481	2	2	1	1	0	21
chr1	32817690	32825312	1	1	1	1	0	30
chr1	33145494	33145658	2	2	1	1	0	39
chr1	34957589	34958012	1	1	1	1	0	36
chr1	35097567	35104294	1	1	1	2	0	35
chr1	35176472	35177318	2	2	1	3	0	33
chr1	35176475	35177318	2	2	1	8	0	46
chr1	35177400	35177988	2	2	1	5	0	26
chr1	35187123	35187202	2	2	1	1	0	33
chr1	35189088	35189185	2	2	1	7	0	40
chr1	35189383	35190497	2	2	1	4	0	27
chr1	35190594	35190693	2	2	1	1	0	20
chr1	35603375	35605232	2	2	1	3	0	31
chr1	35605283	35609245	2	2	1	1	0	11
chr1	35609409	35631273	2	2	1	1	0	14
chr1	35749812	35751249	2	2	1	2	0	12
chr1	35751507	35753744	2	2	1	1	0	17
chr1	35763322	35764265	2	2	1	2	0	43
chr1	35765327	35769846	2	2	1	2	0	23
chr1	36282701	36286367	1	1	1	1	0	22
chr1	36287271	36289059	1	3	1	6	0	30
chr1	36291547	36292597	1	1	1	2	0	27
chr1	36293936	36296582	1	1	1	5	0	41
chr1	36301697	36303795	1	1	1	2	0	19
chr1	36431883	36432421	2	2	1	1	0	24
chr1	36455926	36456186	2	2	1	13	0	44
chr1	36460777	36461263	2	2	1	1	0	24
chr1	36461313	36462087	2	2	1	1	0	19
chr1	37567008	37567672	2	2	1	8	0	44
chr1	37567765	37568274	2	2	1	1	0	4
chr1	37568358	37568850	2	2	1	4	0	20
chr1	37574457	37574664	2	2	1	1	0	39
chr1	37592807	37593761	2	2	1	1	0	23
chr1	37693034	37695909	1	1	1	1	0	34
chr1	37958264	37960119	2	2	1	1	0	33
chr1	37974359	37975505	1	1	1	2	0	22
chr1	37976954	37978719	2	2	1	1	0	16
chr1	37979534	37980585	2	2	1	1	0	40
chr1	38300438	38311252	2	2	1	1	0	15
chr1	38864715	38866879	2	2	1	2	0	7
chr1	38867611	38873017	2	2	1	1	0	41
chr1	39028941	39034391	1	1	1	13	0	45
chr1	39283516	39284065	1	1	1	1	0	3
chr1	39322716	39322909	1	1	1	1	0	12
chr1	39324346	39324645	1	1	1	1	0	16
chr1	39372597	39378460	1	1	1	1	0	21
chr1	39378524	39379202	1	1	1	1	0	8
chr1	39434633	39435557	1	1	1	1	0	43
chr1	39439501	39441002	1	1	1	1	0	9
chr1	39447588	39447691	1	1	1	2	0	16
chr1	39452351	39452683	1	1	1	1	0	23
chr1	39455098	39458369	1	1	1	2	0	13
chr1	39561123	39561684	2	2	1	2	0	24
chr1	39561788	39562072	2	2	1	2	0	16
chr1	39563923	39564422	2	2	1	2	0	4
chr1	39564774	39565105	2	2	1	1	0	8
chr1	39569690	39569862	2	2	1	1	0	5
chr1	39740264	39741365	1	1	1	1	0	40
chr1	39745475	39753647	2	2	1	1	0	34
chr1	40069875	40070158	1	1	1	1	0	19
chr1	40268536	40269974	1	1	1	1	0	43
chr1	40270128	40271893	1	1	1	1	0	41
chr1	40272036	40281342	1	1	1	1	0	34
chr1	40451089	40456944	1	1	1	1	0	15
chr1	40997527	40999832	1	1	1	1	0	18
chr1	40997527	41001028	1	1	1	1	0	39
chr1	41009590	41010160	1	1	1	2	0	13
chr1	41010255	41011657	1	1	1	1	0	24
chr1	42667441	42676583	1	1	1	3	0	28
chr1	42693524	42696198	1	1	1	3	0	19
chr1	42696289	42696641	1	1	1	5	0	34
chr1	42696945	42697179	1	1	1	13	0	45
chr1	42697263	42700780	1	1	1	4	0	40
chr1	42701047	42701980	1	1	1	5	4	32
chr1	42807501	42816430	2	2	1	1	0	32
chr1	42816581	42817189	2	2	1	1	0	16
chr1	42843451	42844510	2	2	1	1	0	36
chr1	43164494	43164642	2	2	1	16	0	42
chr1	43360098	43360192	1	1	1	3	0	33
chr1	43362313	43362950	1	1	1	9	0	26
chr1	43365377	43365563	2	2	1	1	0	43
chr1	43386227	43386588	2	2	1	1	0	14
chr1	43448729	43450102	1	1	1	1	0	21
chr1	43653271	43667001	2	2	1	1	0	29
chr1	43704113	43704229	1	1	1	1	0	11
chr1	43990829	43991033	1	1	1	3	0	46
chr1	44219879	44220016	1	1	1	1	0	13
chr1	44220310	44220558	1	1	1	2	0	38
chr1	44313229	44319627	2	2	1	1	0	15
chr1	44766950	44767096	1	1	1	2	0	30
chr1	44776141	44776674	1	1	1	1	0	21
chr1	44776775	44777613	1	1	1	13	0	44
chr1	44777790	44777999	1	1	1	20	3	41
chr1	44778130	44778575	1	1	1	181	0	46
chr1	45014837	45014939	1	1	1	1	0	27
chr1	45015007	45015336	1	1	1	1	0	13
chr1	45343003	45343081	1	1	1	1	0	22
chr1	45511415	45514506	2	2	1	14	0	44
chr1	45512304	45512684	2	2	1	1	0	34
chr1	45514996	45515653	2	2	1	4	0	39
chr1	45519055	45521828	2	2	1	1	0	25
chr1	45551156	45552435	1	1	1	1	0	27
chr1	45569230	45569890	1	1	1	13	0	45
chr1	45602366	45604935	1	1	1	4	0	45
chr1	45605017	45606481	1	1	1	8	0	42
chr1	45606592	45607320	1	1	1	1	0	3
chr1	45608338	45613168	1	1	1	1	1	43
chr1	45614182	45614292	1	1	1	1	0	7
chr1	45615202	45615304	1	1	1	3	0	34
chr1	45615472	45616336	1	1	1	2	0	19
chr1	45616394	45616625	1	1	1	2	0	21
chr1	45616704	45617462	1	1	1	3	0	35
chr1	45617592	45618060	1	1	1	47	0	46
chr1	45618073	45618108	1	3	1	2	0	12
chr1	46188981	46189457	2	2	1	1	0	33
chr1	46273466	46273623	1	1	1	1	0	18
chr1	46303821	46309100	1	1	1	0	1	22
chr1	46310317	46316551	1	1	1	21	0	45
chr1	46580628	46583227	2	2	1	1	0	23
chr1	46686871	46688352	2	2	1	1	0	3
chr1	48736453	48742622	2	2	1	1	0	9
chr1	50567232	50582617	2	2	1	1	0	17
chr1	51402526	51403418	2	2	1	2	0	4
chr1	51730002	51745535	1	1	1	1	0	29
chr1	51789434	51789567	2	2	1	3	0	35
chr1	51790650	51790899	2	2	1	2	0	38
chr1	51794611	51794822	2	2	1	1	0	32
chr1	51794855	51798248	2	2	1	1	0	28
chr1	52477883	52481422	2	2	1	1	0	36
chr1	52887054	52892781	1	1	1	1	0	12
chr1	53214737	53215990	2	2	1	4	0	33
chr1	53227145	53228871	2	2	1	2	0	37
chr1	53228955	53233541	2	2	1	1	0	17
chr1	53250863	53255116	2	2	1	1	0	31
chr1	53921768	53923903	2	2	1	6	0	39
chr1	54054525	54068755	1	1	1	1	0	31
chr1	54200590	54205017	1	1	1	1	0	39
chr1	54216345	54218171	1	1	1	1	0	43
chr1	54281528	54401860	2	2	1	0	1	28
chr1	54716020	54716599	1	1	1	1	0	28
chr1	54722800	54728345	1	1	1	1	0	15
chr1	59757993	59762502	1	1	1	1	0	38
chr1	59871111	59872794	1	1	1	3	0	41
chr1	61771627	61775205	1	1	1	1	0	17
chr1	61901460	61908371	1	1	1	1	0	6
chr1	61908483	61914586	1	1	1	1	0	20
chr1	61914665	61927729	1	1	1	1	0	17
chr1	62196529	62206518	1	1	1	4	0	45
chr1	62207637	62209782	1	1	1	1	0	12
chr1	62443320	62444737	1	1	1	2	0	8
chr1	62476157	62477699	2	2	1	2	0	20
chr1	62636604	62647690	2	2	1	3	0	9
chr1	62816809	62819004	1	1	1	1	0	14
chr1	62841548	62863991	1	1	1	1	0	30
chr1	63321084	63321419	2	4	1	1	0	43
chr1	63321191	63321366	2	4	1	1	0	18
chr1	63441104	63446805	2	2	1	1	0	20
chr1	63446857	63453917	2	2	1	1	0	21
chr1	63490219	63508527	2	2	1	1	0	17
chr1	64200788	64201202	1	1	1	0	1	23
chr1	64634261	64641819	1	1	1	1	0	30
chr1	65218927	65224751	1	1	1	1	0	37
chr1	65548339	65562083	1	1	1	0	1	32
chr1	65552220	65562066	1	1	1	0	1	43
chr1	66332621	66355526	1	1	1	2	0	19
chr1	66958984	66959678	1	1	1	2	0	32
chr1	66959744	66963087	1	1	1	1	0	15
chr1	66981919	66984571	1	1	1	2	0	30
chr1	66984593	66986402	1	1	1	1	0	21
chr1	67413264	67415165	2	2	1	27	0	41
chr1	67415340	67420008	2	2	1	1	0	28
chr1	67420187	67424199	2	2	1	0	1	38
chr1	67424278	67424887	2	2	1	1	0	21
chr1	67425224	67426134	2	2	1	1	0	17
chr1	68482898	68483949	2	2	1	2	0	17
chr1	70234789	70235500	1	1	1	1	0	33
chr1	70237553	70239438	1	1	1	2	0	12
chr1	70239521	70244683	1	1	1	4	0	45
chr1	70244816	70246817	1	1	1	5	0	24
chr1	70246908	70249951	1	1	1	9	0	40
chr1	70250048	70250364	1	1	1	9	0	39
chr1	70250504	70250607	1	1	1	2	0	40
chr1	70341046	70347027	1	1	1	0	2	42
chr1	71065138	71065677	2	2	1	3	0	33
chr1	71065749	71066775	2	2	1	1	0	13
chr1	71065753	71066775	2	2	1	4	0	41
chr1	71066935	71069275	2	2	1	1	0	4
chr1	71070997	71072120	2	2	1	2	0	29
chr1	71072549	71076794	2	2	1	4	0	34
chr1	71076878	71078456	2	2	1	8	0	36
chr1	74748823	74752291	1	1	1	1	0	9
chr1	75733629	75734790	1	1	1	2	0	13
chr1	77293961	77297558	1	1	1	1	0	30
chr1	77711856	77713199	2	2	1	3	0	33
chr1	77725763	77728294	2	2	1	1	0	36
chr1	77739418	77740876	2	2	1	1	0	18
chr1	77740940	77741375	2	2	1	1	0	11
chr1	77926893	77929315	1	1	1	1	0	10
chr1	77929505	77933281	1	1	1	3	0	38
chr1	77948775	77949154	2	2	1	1	0	28
chr1	77955330	77956571	2	2	1	1	0	18
chr1	77956701	77960183	2	2	1	1	0	19
chr1	77964357	77964645	2	2	1	2	0	17
chr1	77964748	77964869	2	2	1	4	0	39
chr1	77964969	77965068	2	2	1	1	0	15
chr1	77966752	77966883	2	2	1	1	0	34
chr1	83911364	83917603	2	2	1	3	0	44
chr1	84496371	84497428	1	1	1	1	0	41
chr1	84498549	84501825	2	2	1	10	0	42
chr1	84662531	84664416	2	2	1	2	0	12
chr1	85252703	85258523	2	2	1	1	0	11
chr1	86358892	86360425	2	2	1	1	0	13
chr1	86742437	86743127	1	1	1	1	0	20
chr1	88936246	88943004	2	2	1	1	0	44
chr1	88968815	88969408	2	2	1	1	0	20
chr1	88969468	88988251	2	2	1	1	0	13
chr1	90007751	90010087	1	1	1	2	0	45
chr1	90017465	90018684	1	1	1	1	0	31
chr1	90018785	90020791	1	1	1	2	0	29
chr1	90020923	90022249	1	1	1	1	0	45
chr1	90918155	90937484	2	2	1	1	0	22
chr1	90938091	90938271	2	2	1	3	0	30
chr1	92246647	92247061	2	2	1	3	0	40
chr1	92247145	92247877	2	2	1	2	0	31
chr1	92286593	92288913	2	2	1	1	0	16
chr1	92289152	92290197	2	2	1	1	0	44
chr1	92294651	92297403	2	2	1	1	0	35
chr1	92693900	92694298	2	2	1	1	0	26
chr1	92832118	92833388	1	1	1	2	0	40
chr1	92833459	92833544	1	1	1	1	0	17
chr1	92833661	92834778	1	1	1	2	0	14
chr1	92834914	92836189	1	1	1	3	0	34
chr1	92836393	92837455	1	1	1	6	0	26
chr1	92837634	92840550	1	1	1	6	40	45
chr1	92840640	92841765	1	1	1	204	1	46
chr1	93127300	93129277	1	1	1	5	0	21
chr1	93129449	93133702	1	1	1	1	0	3
chr1	93192107	93193615	1	1	1	1	0	21
chr1	93193745	93201891	1	1	1	3	0	28
chr1	93201989	93205509	1	1	1	1	0	16
chr1	93205632	93207106	1	1	1	2	0	27
chr1	93217870	93221608	1	1	1	1	0	6
chr1	93220471	93221608	1	1	1	1	0	28
chr1	93221744	93221858	1	1	1	2	0	30
chr1	93221937	93226332	1	3	1	1	0	17
chr1	93239897	93246104	1	1	1	1	0	23
chr1	93270815	93278462	1	1	1	2	0	34
chr1	93346866	93353907	1	1	1	1	0	4
chr1	93354072	93360492	1	1	1	1	0	25
chr1	93499584	93522081	1	1	1	1	0	34
chr1	93523492	93524260	1	1	1	1	0	10
chr1	93524324	93529651	1	1	1	1	0	16
chr1	93534909	93544106	1	1	1	3	0	35
chr1	93869945	93870682	2	2	1	10	0	41
chr1	93875784	93876267	2	2	1	3	0	40
chr1	94473836	94475142	1	1	1	1	0	45
chr1	94515203	94517051	1	1	1	1	0	39
chr1	94897368	94897956	2	2	1	1	0	33
chr1	94898084	94899370	2	2	1	2	0	36
chr1	94901786	94902120	2	2	1	3	0	32
chr1	94902259	94903121	2	2	1	3	0	36
chr1	94903189	94903402	2	2	1	1	0	11
chr1	95234316	95237347	1	1	1	2	0	23
chr1	95239910	95244210	1	1	1	1	0	43
chr1	96813107	96813272	1	1	1	1	0	16
chr1	99862424	99864385	1	1	1	1	0	22
chr1	100110484	100119017	2	2	1	1	0	19
chr1	100143210	100144068	1	1	1	1	0	31
chr1	100144144	100147893	1	1	1	1	0	33
chr1	101786392	101786423	0	0	1	0	3	45
chr1	103526263	103527694	1	1	1	1	0	24
chr1	103527743	103533738	1	1	1	1	0	20
chr1	103536195	103537341	1	1	1	1	0	26
chr1	109106099	109106534	2	2	1	1	0	34
chr1	109230947	109238031	2	2	1	1	0	24
chr1	109292465	109294205	2	2	1	1	0	19
chr1	109294250	109295110	2	2	1	1	0	29
chr1	109314058	109314260	2	2	1	2	0	45
chr1	109402091	109409927	2	2	1	7	0	43
chr1	109410015	109411010	2	2	1	2	0	43
chr1	109411114	109411876	2	2	1	2	0	29
chr1	109413136	109415236	2	2	1	2	0	45
chr1	109491718	109492585	1	1	1	2	0	22
chr1	109586346	109586728	1	1	1	2	0	31
chr1	109630407	109630682	1	1	1	1	0	33
chr1	109737170	109737456	2	2	1	2	0	8
chr1	110404037	110406317	2	2	1	1	0	33
chr1	111441390	111442024	2	2	1	1	0	13
chr1	111442094	111442652	2	2	1	1	0	10
chr1	111669389	111670421	2	4	1	1	0	28
chr1	111762783	111762905	1	1	1	1	0	6
chr1	112591604	112597970	2	2	1	1	0	29
chr1	112653662	112654464	1	1	1	1	0	7
chr1	112667146	112669542	1	1	1	1	0	20
chr1	112669606	112669991	1	1	1	1	0	9
chr1	112699983	112700218	1	1	1	1	0	32
chr1	112702694	112702998	2	2	1	1	0	36
chr1	112850428	112877729	1	1	1	2	0	34
chr1	112850428	112960476	1	1	1	0	1	34
chr1	112914166	112917177	2	2	1	7	0	39
chr1	112956957	112960476	1	1	1	0	1	34
chr1	113349745	113384382	2	2	1	1	0	38
chr1	113700244	113700793	2	2	1	1	0	35
chr1	113724894	113726417	2	2	1	3	0	8
chr1	113798037	113811709	2	2	1	1	0	7
chr1	114401464	114402759	2	2	1	1	0	14
chr1	114402884	114405409	2	2	1	1	0	31
chr1	114433734	114463103	2	2	1	1	0	31
chr1	114570073	114570699	2	2	1	1	0	16
chr1	114570751	114575589	2	2	1	1	0	25
chr1	114718217	114718612	2	2	1	7	0	43
chr1	114718746	114719578	2	2	1	1	0	31
chr1	114720718	114723882	2	2	1	1	0	43
chr1	114724003	114725220	2	2	1	1	0	40
chr1	114725334	114726210	2	2	1	2	0	17
chr1	114734524	114736757	2	2	1	1	0	24
chr1	114736856	114737962	2	2	1	1	0	21
chr1	114737564	114737962	2	2	1	2	0	42
chr1	114738073	114739691	2	2	1	1	0	35
chr1	114779285	114780109	2	2	1	2	0	35
chr1	116401007	116401129	1	1	1	1	0	32
chr1	117079650	117081830	1	1	1	1	0	22
chr1	117086523	117088800	1	1	1	1	0	30
chr1	117941226	117941749	1	1	1	1	0	8
chr1	117952663	117952945	1	1	1	1	0	41
chr1	117957197	117958909	1	1	1	1	0	22
chr1	119735444	119737113	1	1	1	1	0	25
chr1	120168950	120176306	2	2	1	1	0	11
chr1	120256227	120258775	2	2	1	0	1	27
chr1	120459531	120460572	1	1	1	0	1	25
chr1	120460625	120461253	1	1	1	0	1	15
chr1	120462967	120463675	1	1	1	0	1	26
chr1	120463728	120464375	1	1	1	0	1	14
chr1	120639585	120642136	1	1	1	0	1	27
chr1	120830589	120831297	1	1	1	0	1	26
chr1	120831350	120831987	1	1	1	0	1	14
chr1	120837342	120838050	1	1	1	0	1	26
chr1	120838103	120838744	1	1	1	0	1	14
chr1	121168836	121177207	2	2	1	1	0	31
chr1	123047317	123051737	2	2	1	0	1	45
chr1	125168983	125169839	1	1	1	1	0	26
chr1	143204911	143252930	2	2	1	1	0	35
chr1	144424863	144425516	2	2	1	0	1	14
chr1	144425569	144426277	2	2	1	0	1	26
chr1	144427991	144428605	2	2	1	0	1	15
chr1	144428658	144429699	2	2	1	0	1	25
chr1	145393247	145393883	2	2	1	0	1	15
chr1	145393936	145394977	2	2	1	0	1	25
chr1	145630808	145631663	1	1	1	0	1	18
chr1	145838207	145839889	1	1	1	1	0	37
chr1	145841072	145842338	1	1	1	2	0	36
chr1	145852755	145853284	2	4	1	2	0	36
chr1	145925928	145926040	2	2	1	20	0	42
chr1	145926178	145926481	2	2	1	1	0	27
chr1	145926619	145926808	2	2	1	1	0	9
chr1	146071320	146071967	2	2	1	0	1	14
chr1	146072020	146072728	2	2	1	0	1	26
chr1	146076042	146076705	2	2	1	0	1	18
chr1	146080778	146081435	2	2	1	0	1	14
chr1	146081488	146082196	2	2	1	0	1	26
chr1	146085514	146086163	2	2	1	0	1	14
chr1	146086216	146086923	2	2	1	0	1	26
chr1	146090235	146090880	2	2	1	0	1	18
chr1	146094953	146095602	2	2	1	0	1	14
chr1	146095655	146096363	2	2	1	0	1	26
chr1	146099675	146100324	2	2	1	0	1	14
chr1	146100377	146101085	2	2	1	0	1	26
chr1	146104397	146105042	2	2	1	0	1	14
chr1	146105095	146105803	2	2	1	0	1	26
chr1	146109115	146109750	2	2	1	0	1	18
chr1	146113825	146114468	2	2	1	0	1	18
chr1	146118543	146119194	2	2	1	0	1	18
chr1	146121671	146127027	2	2	1	0	1	15
chr1	146123279	146123926	2	2	1	0	1	14
chr1	146123979	146124687	2	2	1	0	1	26
chr1	146126409	146127027	0	0	1	0	1	15
chr1	146127080	146128118	2	2	1	0	1	25
chr1	146983092	146984133	1	1	1	0	1	25
chr1	146984186	146984812	1	1	1	0	1	15
chr1	146986525	146987233	1	1	1	0	2	26
chr1	146987286	146987953	1	1	1	0	1	14
chr1	146991286	146991994	1	1	1	0	2	26
chr1	146992047	146992711	1	1	1	0	1	14
chr1	147242831	147265931	1	1	1	1	0	15
chr1	147286501	147287634	1	1	1	1	0	32
chr1	147606867	147611577	1	1	1	1	0	21
chr1	147953466	147954321	1	1	1	0	1	18
chr1	148106233	148106941	2	2	1	0	1	12
chr1	148108655	148109283	2	2	1	0	1	15
chr1	148109336	148110377	2	2	1	0	1	25
chr1	148538007	148538648	2	2	1	0	1	14
chr1	148538701	148539409	2	2	1	0	1	26
chr1	148542727	148543362	2	2	1	0	1	14
chr1	148543415	148544123	2	2	1	0	1	26
chr1	148547441	148548070	2	2	1	0	1	14
chr1	148548123	148548831	2	2	1	0	1	26
chr1	148550545	148551152	2	2	1	0	2	22
chr1	148552149	148552778	2	2	1	0	1	14
chr1	148552831	148553539	2	2	1	0	1	26
chr1	148552831	148562996	2	2	1	0	1	26
chr1	148552831	148575638	2	2	1	0	1	26
chr1	148556863	148557490	2	2	1	0	1	18
chr1	148561580	148562235	2	2	1	0	1	18
chr1	148566316	148566951	2	2	1	0	1	18
chr1	148571038	148571681	2	2	1	0	1	18
chr1	148571038	148574877	2	2	1	0	1	18
chr1	148574226	148574877	2	2	1	0	1	18
chr1	148575812	148577982	2	2	1	0	1	15
chr1	148577356	148577982	2	2	1	0	1	15
chr1	148578035	148579073	2	2	1	0	1	25
chr1	148868095	148870652	2	2	1	0	1	27
chr1	149057508	149058163	2	2	1	0	1	14
chr1	149058216	149058924	2	2	1	0	1	26
chr1	149059098	149064430	2	2	1	0	1	15
chr1	149063806	149064430	2	2	1	0	1	15
chr1	149064483	149065525	2	2	1	0	1	25
chr1	149195084	149195577	2	2	1	1	0	40
chr1	149259610	149262167	1	1	1	0	1	27
chr1	149489734	149490442	1	1	1	0	2	13
chr1	149490495	149491138	1	1	1	0	2	27
chr1	149494491	149495199	1	1	1	0	2	13
chr1	149495252	149495901	1	1	1	0	2	27
chr1	149499246	149499954	1	1	1	0	2	13
chr1	149500007	149500656	1	1	1	0	2	27
chr1	149504007	149504715	1	1	1	0	2	13
chr1	149504768	149505417	1	1	1	0	2	27
chr1	149508768	149509476	1	1	1	0	2	13
chr1	149509529	149510178	1	1	1	0	2	27
chr1	149514290	149514935	1	1	1	0	1	18
chr1	149518283	149518991	1	1	1	0	1	26
chr1	149519044	149519687	1	1	1	0	1	14
chr1	149520684	149521318	1	1	1	0	2	22
chr1	149523038	149523746	1	1	1	0	1	26
chr1	149523038	149528495	1	1	1	0	1	26
chr1	149523799	149524444	1	1	1	0	1	14
chr1	149527787	149528495	1	1	1	0	1	26
chr1	149528548	149529173	1	1	1	0	1	14
chr1	149530170	149530798	1	1	1	0	2	22
chr1	149532518	149533226	1	1	1	0	1	26
chr1	149533279	149533924	1	1	1	0	1	14
chr1	149537273	149537981	1	1	1	0	1	26
chr1	149537273	149552208	1	1	1	0	1	26
chr1	149538034	149538675	1	1	1	0	1	14
chr1	149542026	149542734	1	1	1	0	1	26
chr1	149542787	149543412	1	1	1	0	1	14
chr1	149546763	149547471	1	1	1	0	1	26
chr1	149547524	149548149	1	1	1	0	1	14
chr1	149551500	149552208	1	1	1	0	1	26
chr1	149552261	149552886	1	1	1	0	1	14
chr1	149903819	149903887	2	2	1	1	0	37
chr1	150223241	150226607	2	2	1	2	0	10
chr1	150226796	150229071	2	2	1	1	0	26
chr1	150229238	150230570	2	2	1	2	0	12
chr1	150230694	150231776	2	2	1	2	0	41
chr1	150275800	150276521	1	1	1	1	0	41
chr1	150276633	150280834	1	1	1	3	0	43
chr1	150279742	150280834	1	1	1	1	0	30
chr1	150294351	150336689	1	1	1	2	0	36
chr1	150294450	150308268	1	1	1	1	0	24
chr1	150308565	150309245	2	2	1	1	0	3
chr1	150627593	150629413	2	2	1	1	0	8
chr1	150694851	150696991	2	2	1	1	0	8
chr1	150812111	150813171	2	2	1	1	0	15
chr1	150829981	150831817	2	2	1	1	0	5
chr1	150978751	150994878	1	1	1	1	0	31
chr1	151168339	151168985	1	1	1	3	0	44
chr1	151177032	151178000	2	2	1	1	0	23
chr1	151264029	151264831	1	1	1	1	0	45
chr1	151264919	151265165	1	1	1	1	0	45
chr1	151266113	151266307	1	1	1	1	0	14
chr1	151266588	151267172	1	1	1	1	0	7
chr1	151347189	151347631	1	1	1	1	0	11
chr1	151399728	151399980	1	1	1	1	0	34
chr1	151400589	151400763	1	1	1	1	0	27
chr1	151400846	151401238	1	1	1	2	0	13
chr1	151401356	151401541	1	1	1	9	0	46
chr1	151401631	151401816	1	1	1	37	0	46
chr1	151668636	151683355	1	1	1	1	0	34
chr1	151693040	151693423	1	1	1	3	0	39
chr1	151693484	151694369	1	1	1	1	0	6
chr1	152032824	152033647	2	2	1	2	0	14
chr1	153534831	153535201	2	2	1	2	0	22
chr1	153636654	153638294	1	1	1	2	0	26
chr1	153642430	153643226	1	1	1	1	0	21
chr1	153662796	153663018	2	2	1	2	0	37
chr1	153663134	153663214	2	2	1	1	0	20
chr1	153778886	153779113	1	1	1	1	0	10
chr1	153816589	153817371	2	2	1	1	0	6
chr1	153974836	153975825	2	2	1	1	0	16
chr1	153982445	153982534	2	2	1	1	0	24
chr1	153982601	153982718	2	2	1	2	0	35
chr1	153990803	153991114	1	1	1	3	0	26
chr1	153991224	153991565	1	1	1	87	0	44
chr1	153991677	153992064	1	1	1	181	2	46
chr1	154036906	154043457	1	1	1	1	0	23
chr1	154167941	154169304	2	2	1	1	0	20
chr1	154172105	154172907	2	2	1	1	0	4
chr1	154172979	154173083	2	2	1	6	0	44
chr1	154212379	154212457	2	2	1	1	0	5
chr1	154268955	154270880	1	1	1	2	0	44
chr1	154275261	154275392	1	1	1	1	0	36
chr1	154589929	154590183	2	2	1	1	0	6
chr1	154925266	154926353	2	2	1	2	0	12
chr1	154929177	154932351	2	2	1	1	0	22
chr1	154962405	154962940	2	2	1	1	0	44
chr1	155169561	155169790	2	2	1	5	0	29
chr1	155169858	155172564	2	2	1	2	0	16
chr1	155209333	155210345	1	1	1	1	0	12
chr1	155210416	155210547	1	1	1	1	0	10
chr1	155319689	155319793	1	1	1	1	0	16
chr1	155319929	155320408	1	1	1	7	0	41
chr1	155395554	155415743	2	2	1	1	0	38
chr1	155732034	155736945	1	1	1	1	0	28
chr1	155827029	155853275	2	2	1	1	0	13
chr1	156018369	156020012	2	2	1	6	0	21
chr1	156058068	156058314	1	1	1	5	0	34
chr1	156136122	156136213	1	1	1	1	0	17
chr1	156309304	156310557	2	2	1	5	0	37
chr1	156311196	156312040	2	2	1	3	0	25
chr1	156319018	156320838	2	2	1	3	0	41
chr1	156321026	156324971	2	2	1	4	0	39
chr1	156325090	156333546	2	2	1	1	0	11
chr1	156333644	156334712	2	2	1	1	0	42
chr1	156593556	156593881	1	1	1	1	0	13
chr1	156595850	156596080	2	2	1	4	0	28
chr1	156596132	156596386	2	2	1	4	0	15
chr1	156737535	156737645	2	2	1	2	0	41
chr1	156794809	156797275	1	1	1	1	0	4
chr1	156797342	156800373	1	1	1	1	0	22
chr1	156800519	156800754	2	2	1	1	0	18
chr1	161037827	161037912	2	2	1	1	0	28
chr1	161100860	161102047	2	2	1	1	0	39
chr1	161158212	161158411	1	1	1	1	0	44
chr1	161213476	161213648	1	1	1	1	0	15
chr1	161213922	161214155	1	1	1	4	0	42
chr1	161248805	161268676	1	1	1	1	0	32
chr1	161784097	161791407	1	1	1	1	0	13
chr1	162321848	162321929	2	2	1	1	0	37
chr1	162805493	162812297	1	1	1	1	0	6
chr1	163338094	163339380	1	1	1	1	0	30
chr1	163339478	163340363	1	1	1	2	0	13
chr1	163345819	163347762	1	1	1	1	0	9
chr1	164807678	164811989	1	1	1	1	0	44
chr1	165679583	165680486	2	2	1	1	0	4
chr1	165768270	165768681	2	2	1	2	0	43
chr1	165903280	165905920	1	1	1	1	0	35
chr1	167918360	167919978	2	2	1	1	0	22
chr1	167920632	167924496	2	2	1	1	0	15
chr1	169395207	169397236	2	2	1	1	0	6
chr1	169978184	169981971	2	2	1	1	0	21
chr1	171512201	171512994	1	1	1	5	0	16
chr1	171513173	171514535	1	1	1	3	0	17
chr1	171514631	171515733	1	1	1	1	0	24
chr1	171514646	171515733	1	1	1	4	0	8
chr1	171523355	171523434	1	1	1	1	0	39
chr1	171524966	171527790	1	1	1	3	0	18
chr1	171527845	171532342	1	1	1	3	0	24
chr1	171542230	171545478	1	1	1	2	0	29
chr1	171545688	171550085	1	1	1	2	0	37
chr1	171561104	171566232	1	1	1	1	0	11
chr1	171566422	171566591	1	1	1	1	0	21
chr1	172557418	172557643	1	1	1	1	0	41
chr1	172557795	172569018	1	1	1	1	0	32
chr1	173486402	173487734	1	1	1	1	0	17
chr1	173864058	173864256	2	2	1	1	0	3
chr1	173864076	173864256	2	2	1	13	0	45
chr1	173864305	173864483	2	2	1	8	0	23
chr1	173864507	173864674	2	2	1	5	0	23
chr1	173864705	173865228	2	2	1	4	0	30
chr1	173865283	173865470	2	2	1	1	0	26
chr1	175000196	175004613	1	1	1	5	0	37
chr1	175006842	175007097	1	1	1	3	0	30
chr1	175007198	175008608	1	1	1	1	3	45
chr1	175008707	175009922	1	1	1	2	0	38
chr1	178441648	178442674	1	1	1	1	0	34
chr1	178784523	178785556	1	1	1	1	0	22
chr1	178785608	178808044	1	1	1	1	0	19
chr1	179472054	179500830	2	2	1	1	0	43
chr1	180098986	180110996	1	1	1	1	0	39
chr1	180495526	180502044	2	2	1	2	0	25
chr1	180993426	181022638	2	2	1	1	0	33
chr1	182736820	182927486	2	2	1	5	0	22
chr1	182852345	182853305	1	1	1	1	0	33
chr1	182867044	182872336	1	1	1	4	0	24
chr1	182879411	182880496	1	1	1	1	0	31
chr1	182883369	182883519	1	1	1	1	0	33
chr1	182884814	182887082	1	1	1	2	0	31
chr1	183545313	183545965	1	1	1	1	0	22
chr1	183627595	183630460	2	2	1	2	0	29
chr1	184477604	184507587	1	1	1	1	0	7
chr1	184702997	184706642	2	2	1	1	0	45
chr1	185099963	185100199	1	1	1	1	0	8
chr1	185298289	185299709	2	2	1	1	0	15
chr1	186314027	186314628	2	2	1	3	0	33
chr1	186336695	186337012	2	2	1	4	0	45
chr1	186341390	186343325	2	2	1	1	0	23
chr1	186344091	186344374	2	2	1	2	0	38
chr1	186351471	186351975	2	2	1	1	0	8
chr1	186353851	186355409	2	2	1	1	0	41
chr1	186355559	186355634	2	2	1	2	0	22
chr1	186355769	186356285	2	2	1	4	0	26
chr1	186358651	186359798	2	2	1	1	0	37
chr1	186360365	186360764	2	2	1	1	0	38
chr1	186360906	186361621	2	2	1	2	0	37
chr1	186361710	186361788	2	2	1	1	0	26
chr1	186363446	186367885	2	2	1	1	0	5
chr1	186367983	186370969	2	2	1	1	0	39
chr1	186371044	186373358	2	2	1	2	0	33
chr1	186373464	186374877	2	2	1	2	0	21
chr1	193023040	193023843	2	2	1	2	0	35
chr1	193023947	193028084	2	2	1	2	0	23
chr1	193096760	193097583	2	2	1	2	0	10
chr1	193142067	193147866	1	1	1	4	0	27
chr1	193152445	193203794	1	1	1	2	0	32
chr1	193203853	193212064	1	1	1	1	0	31
chr1	193212101	193212389	1	1	1	2	0	18
chr1	196373249	196398562	2	2	1	1	0	14
chr1	197084427	197086802	2	2	1	5	0	42
chr1	197093262	197094083	2	2	1	1	0	7
chr1	197117984	197121914	2	2	1	4	0	38
chr1	197122596	197124109	2	2	1	2	0	12
chr1	197129318	197129914	2	2	1	1	0	4
chr1	197144101	197146140	2	2	1	3	0	32
chr1	200590273	200592079	2	2	1	1	0	26
chr1	200600114	200600355	2	2	1	1	0	11
chr1	200618839	200620410	2	2	1	1	0	39
chr1	200649227	200650424	2	2	1	1	0	36
chr1	201875229	201875943	1	1	1	1	0	33
chr1	201957575	201963615	1	1	1	1	0	23
chr1	202730028	202730908	2	2	1	1	0	26
chr1	202762809	202764048	2	2	1	5	0	42
chr1	202764146	202766925	2	2	1	3	0	31
chr1	202767061	202773117	2	2	1	3	0	24
chr1	203007864	203008642	1	1	1	1	0	19
chr1	203829655	203829779	1	1	1	1	0	31
chr1	203861714	203862195	1	1	1	3	0	27
chr1	203861956	203863662	1	1	1	2	0	24
chr1	203862223	203863662	1	1	1	3	0	27
chr1	203863726	203865040	1	1	1	2	0	8
chr1	203865120	203869876	1	1	1	6	16	37
chr1	204546878	204549112	1	1	1	1	0	31
chr1	205099813	205099910	2	2	1	1	0	43
chr1	205420575	205455916	2	2	1	1	0	40
chr1	205525196	205526064	1	1	1	1	0	7
chr1	205718480	205719526	2	2	1	9	0	43
chr1	205719674	205720500	2	2	1	5	0	46
chr1	205719677	205720500	2	2	1	25	0	46
chr1	205720654	205723925	2	2	1	13	0	42
chr1	205723982	205727699	2	2	1	11	0	38
chr1	205727806	205729571	2	2	1	4	0	44
chr1	205729622	205749956	2	2	1	2	0	38
chr1	206187374	206195751	2	2	1	1	0	10
chr1	206591846	206593618	2	2	1	2	0	35
chr1	206593794	206595717	2	2	1	1	0	6
chr1	211391977	211396766	1	1	1	1	0	35
chr1	211667232	211669112	2	2	1	1	0	16
chr1	212357285	212358685	1	1	1	2	0	31
chr1	212872819	212883370	1	1	1	1	0	41
chr1	212895054	212895215	1	1	1	1	0	27
chr1	212961361	212966270	1	1	1	2	0	25
chr1	212966346	212971037	1	1	1	2	0	33
chr1	214332193	214334199	1	1	1	1	0	41
chr1	214615029	214618572	1	1	1	8	0	43
chr1	214618695	214619128	1	1	1	1	0	19
chr1	214620947	214622078	1	1	1	2	0	39
chr1	214622282	214629045	1	1	1	5	0	37
chr1	214629172	214630533	1	1	1	1	0	13
chr1	214638002	214639920	1	1	1	4	0	39
chr1	214652990	214655240	1	1	1	2	0	46
chr1	214655404	214656932	1	1	1	1	0	17
chr1	215580000	215586494	1	1	1	1	0	19
chr1	215611922	215618885	1	1	1	2	0	3
chr1	217801851	217862773	1	1	1	1	0	13
chr1	218285456	218302293	1	1	1	2	0	30
chr1	219193252	219210531	1	1	1	1	0	27
chr1	219980241	219980755	2	2	1	1	0	10
chr1	219980858	219981377	2	2	1	1	0	30
chr1	219987405	219988589	2	2	1	12	0	42
chr1	219988824	219996982	2	2	1	2	0	25
chr1	220007339	220010945	2	2	1	1	0	28
chr1	220018509	220018994	2	2	1	1	0	45
chr1	220025259	220030385	2	2	1	3	0	42
chr1	220189768	220190063	2	2	1	1	0	6
chr1	220226945	220253605	1	1	1	1	0	22
chr1	220232864	220272222	2	2	1	2	0	36
chr1	222563297	222564058	2	2	1	1	0	42
chr1	222633250	222643190	1	1	1	1	0	29
chr1	222659514	222659621	1	1	1	1	0	36
chr1	222659658	222659733	1	1	1	1	0	12
chr1	222670251	222673312	2	2	1	0	1	43
chr1	222693844	222694209	2	2	1	1	0	12
chr1	222694264	222703147	2	2	1	1	0	26
chr1	222728829	222729619	1	1	1	1	0	43
chr1	224360564	224365878	1	1	1	4	0	26
chr1	224371424	224375794	1	1	1	14	0	45
chr1	225419799	225422076	2	2	1	3	0	41
chr1	225501071	225504990	2	2	1	4	0	42
chr1	225501071	225507950	2	2	1	1	0	29
chr1	225505054	225507950	2	2	1	8	0	45
chr1	225508018	225511810	2	2	1	3	0	46
chr1	225513017	225514595	2	2	1	3	0	34
chr1	225920621	225921207	2	2	1	1	0	16
chr1	226062812	226064328	1	1	1	0	1	19
chr1	226064480	226065655	1	1	1	0	1	34
chr1	226065810	226071350	1	1	1	0	44	46
chr1	226367609	226368198	2	2	1	3	0	15
chr1	226368322	226370433	2	2	1	2	0	43
chr1	226374355	226377107	2	2	1	1	0	17
chr1	226380165	226381067	2	2	1	1	0	40
chr1	226388756	226390409	2	2	1	1	0	30
chr1	226390625	226392198	2	2	1	1	0	6
chr1	227101240	227112311	2	2	1	1	0	3
chr1	227119938	227129108	2	2	1	1	0	30
chr1	227129232	227139575	2	2	1	5	0	28
chr1	227213220	227219262	2	2	1	1	0	17
chr1	228101474	228102079	2	2	1	1	0	17
chr1	228102383	228102477	2	2	1	1	0	41
chr1	228106919	228107667	2	2	1	3	0	44
chr1	228107870	228108234	2	2	1	1	0	20
chr1	228148457	228148664	1	1	1	1	0	18
chr1	228256927	228264115	1	1	1	1	0	37
chr1	229302990	229303805	1	1	1	2	0	45
chr1	229463677	229464623	2	2	1	1	0	12
chr1	229470805	229475637	2	2	1	1	0	28
chr1	230659626	230660757	1	1	1	1	0	37
chr1	230916303	230920509	2	2	1	1	0	28
chr1	231239189	231241023	2	2	1	1	0	28
chr1	231272392	231273921	1	1	1	1	0	12
chr1	231542612	231561127	1	1	1	1	0	10
chr1	233095864	233135012	2	4	1	1	0	5
chr1	234231742	234309100	1	1	1	2	0	10
chr1	235112109	235113767	2	2	1	2	0	30
chr1	235119900	235122325	2	2	1	0	1	19
chr1	235135771	235136033	2	2	1	1	0	33
chr1	235136074	235137876	2	2	1	1	0	19
chr1	235148448	235152705	2	2	1	2	0	43
chr1	235152766	235154880	2	2	1	1	0	14
chr1	235155113	235160510	2	2	1	2	0	29
chr1	235196116	235213768	2	2	1	3	0	41
chr1	235221663	235223165	2	2	1	1	0	3
chr1	235246512	235252729	2	2	1	1	0	40
chr1	235252810	235255659	2	2	1	1	0	43
chr1	235255751	235257159	2	2	1	2	0	31
chr1	235406874	235432784	1	3	1	1	0	19
chr1	235448441	235448669	1	1	1	2	0	28
chr1	235489269	235494680	2	2	1	1	0	31
chr1	236558530	236558994	2	2	1	1	0	8
chr1	236559838	236561224	2	2	1	1	0	23
chr1	236574334	236574660	2	2	1	1	0	19
chr1	236585217	236585819	2	2	1	3	0	28
chr1	240097451	240103971	1	1	1	0	1	23
chr1	240355909	240392510	1	1	1	1	0	26
chr1	241497971	241500436	2	2	1	9	0	39
chr1	241502571	241504041	2	2	1	1	0	44
chr1	241636074	241639881	2	2	1	2	0	19
chr1	242220116	242265336	2	2	1	1	0	14
chr1	243186423	243191017	2	2	1	2	0	21
chr1	243199195	243200517	2	2	1	0	1	45
chr1	244409639	244411286	2	2	1	1	0	34
chr1	244436894	244437665	2	2	1	1	0	10
chr1	244437769	244451634	2	2	1	1	0	43
chr1	244686670	244689248	1	1	1	1	0	45
chr1	244689343	244691878	1	1	1	1	0	16
chr1	244842259	244843040	1	1	1	1	0	37
chr1	244845345	244846603	2	2	1	1	0	23
chr1	244854504	244854972	2	2	1	6	0	35
chr1	244855045	244855423	2	2	1	6	0	42
chr1	244856159	244856456	2	4	1	8	0	43
chr1	244856626	244856727	2	2	1	3	0	29
chr1	244856857	244857597	2	2	1	7	0	44
chr1	244857718	244858010	2	2	1	1	0	19
chr1	244858275	244858728	2	2	1	1	0	29
chr1	244858842	244859274	2	2	1	2	0	39
chr1	244859375	244860334	2	2	1	1	0	31
chr1	246867352	246867660	2	2	1	1	0	17
chr1	246967793	246988120	2	2	1	2	0	44
chr2	233230	234159	2	2	1	1	0	31
chr2	271940	272036	1	1	1	1	0	23
chr2	277086	277226	1	1	1	1	0	45
chr2	669851	672807	2	2	1	1	0	26
chr2	949802	949920	2	2	1	1	0	8
chr2	1633294	1633813	1	3	1	1	0	40
chr2	1643577	1644617	2	2	1	1	0	15
chr2	3499083	3500813	2	2	1	1	0	24
chr2	3545872	3547930	2	2	1	1	0	31
chr2	3548725	3549057	2	2	1	3	0	45
chr2	3550473	3552143	2	2	1	2	0	34
chr2	3575351	3575591	1	1	1	2	0	26
chr2	3575685	3575816	1	1	1	7	0	36
chr2	3575889	3576486	1	1	1	24	0	43
chr2	3576631	3577709	1	1	1	3	6	40
chr2	3577775	3580109	1	1	1	65	3	46
chr2	3580261	3580804	1	1	1	687	4	46
chr2	8806370	8812394	2	2	1	1	0	24
chr2	9457028	9459530	1	1	1	3	0	26
chr2	9471440	9472915	1	1	1	13	0	45
chr2	9526245	9527785	2	2	1	1	0	11
chr2	9588329	9591391	2	2	1	1	0	16
chr2	9845319	9849372	1	1	1	1	0	29
chr2	9919821	9933782	1	1	1	2	0	40
chr2	10123853	10124716	1	1	1	1	0	21
chr2	10441724	10441816	2	2	1	1	0	39
chr2	10603158	10607184	2	2	1	4	0	29
chr2	10788770	10788896	2	2	1	1	0	5
chr2	10788982	10789748	2	2	1	3	0	30
chr2	10790834	10791794	2	2	1	1	0	14
chr2	10791926	10793095	2	2	1	1	0	22
chr2	10793203	10797080	2	2	1	2	0	41
chr2	10802641	10812677	2	2	1	2	0	32
chr2	11198586	11198680	2	2	1	1	0	21
chr2	11198775	11200956	2	2	1	1	0	20
chr2	11201144	11201309	2	2	1	1	0	15
chr2	11214464	11214839	2	2	1	1	0	22
chr2	11215087	11215320	2	2	1	1	0	3
chr2	11218467	11218965	2	2	1	1	0	22
chr2	11221358	11222082	2	2	1	1	0	7
chr2	15591950	15595144	1	1	1	6	0	38
chr2	15595197	15595489	1	1	1	9	0	38
chr2	15595554	15596733	1	1	1	4	0	30
chr2	15596764	15597374	1	1	1	5	0	30
chr2	15621117	15623435	1	1	1	1	0	38
chr2	15628711	15628796	1	1	1	1	0	17
chr2	15628840	15629601	1	1	1	1	0	36
chr2	17649626	17655196	1	1	1	1	0	30
chr2	17665543	17670457	1	3	1	1	0	36
chr2	17665614	17666419	2	2	1	1	0	31
chr2	17700379	17701828	2	2	1	2	0	41
chr2	17701910	17703156	2	2	1	2	0	37
chr2	17721039	17721141	2	2	1	1	0	38
chr2	17721262	17725256	2	2	1	1	0	20
chr2	17726470	17731077	2	2	1	1	0	25
chr2	18547971	18549416	1	1	1	1	0	18
chr2	18995365	19022333	2	2	1	1	0	18
chr2	20034416	20034966	2	2	1	1	0	39
chr2	20251717	20253821	2	2	1	1	0	27
chr2	23758102	23762208	2	2	1	1	0	25
chr2	23977076	23982895	1	1	1	3	0	27
chr2	24067852	24068320	2	2	1	2	0	36
chr2	24135188	24137908	1	1	1	1	0	16
chr2	24884726	24885027	2	2	1	1	0	32
chr2	25234421	25235706	2	2	1	5	0	44
chr2	25235826	25236935	2	2	1	1	0	31
chr2	25420510	25420537	2	2	1	1	0	26
chr2	25753640	25756017	2	2	1	2	0	34
chr2	25866983	26001193	2	2	1	0	3	22
chr2	26127952	26134937	1	1	1	1	0	38
chr2	26191396	26191482	2	2	1	1	0	15
chr2	26209890	26212569	2	2	1	1	0	9
chr2	26285572	26289917	1	1	1	2	0	45
chr2	27040497	27040710	1	1	1	0	1	3
chr2	27070722	27071325	2	2	1	8	0	45
chr2	27085298	27085677	1	1	1	3	0	37
chr2	27099285	27099419	1	1	1	1	0	33
chr2	27215393	27215473	1	1	1	1	0	35
chr2	27215546	27215631	1	1	1	1	0	40
chr2	27215754	27216522	1	1	1	1	0	4
chr2	27221348	27222193	1	1	1	1	0	20
chr2	27384093	27384672	2	2	1	1	0	24
chr2	27385880	27386193	2	2	1	3	0	31
chr2	27386280	27387088	2	2	1	1	0	20
chr2	27443533	27443948	1	1	1	1	0	19
chr2	27444062	27444185	1	1	1	3	0	43
chr2	27444062	27444188	1	1	1	2	0	16
chr2	27444522	27445013	2	2	1	8	0	38
chr2	27634925	27635139	1	1	1	1	0	7
chr2	27653748	27655364	2	2	1	2	0	26
chr2	27677925	27682247	1	1	1	1	0	8
chr2	27685278	27687933	1	1	1	1	0	29
chr2	27771800	27772673	1	1	1	1	0	19
chr2	27772693	27774423	1	1	1	1	0	19
chr2	27781789	27827566	2	2	1	1	0	31
chr2	28851299	28852407	2	2	1	1	0	43
chr2	28894924	28901986	1	1	1	3	0	15
chr2	28926555	28927568	1	1	1	2	0	39
chr2	28927701	28929578	1	1	1	1	0	27
chr2	28937995	28941460	1	1	1	2	0	5
chr2	28942382	28946449	1	1	1	3	0	36
chr2	28946500	28946599	1	1	1	1	0	15
chr2	32024257	32029593	2	2	1	1	0	45
chr2	32039493	32039732	2	2	1	2	0	23
chr2	32064247	32087491	1	1	1	2	0	45
chr2	32193984	32197343	1	1	1	1	0	25
chr2	32197393	32197706	1	1	1	1	0	18
chr2	32307191	32320756	1	1	1	2	0	38
chr2	32380291	32388749	1	1	1	1	0	19
chr2	32431091	32433643	1	1	1	1	0	37
chr2	32471125	32473111	1	1	1	3	0	30
chr2	32471152	32473111	1	1	1	3	0	23
chr2	32473240	32476212	1	1	1	1	0	14
chr2	32478819	32479461	1	1	1	1	0	33
chr2	32518398	32518816	1	1	1	1	0	27
chr2	32518947	32524887	1	3	1	2	0	38
chr2	32916346	32916487	1	1	1	63	118	42
chr2	33588520	33592079	2	2	1	4	0	36
chr2	36578866	36581289	2	2	1	4	0	24
chr2	36581432	36583352	2	2	1	1	0	38
chr2	37135547	37136982	2	2	1	1	0	5
chr2	37137018	37138269	2	2	1	1	0	35
chr2	37138364	37138508	2	2	1	1	0	4
chr2	37147823	37148856	2	2	1	1	0	14
chr2	37201904	37202783	2	2	1	3	0	27
chr2	37202866	37202949	2	2	1	3	0	41
chr2	37213962	37214885	2	2	1	3	0	12
chr2	37216209	37216315	2	2	1	1	0	42
chr2	37216419	37216983	2	2	1	2	0	15
chr2	37223402	37227543	2	2	1	1	0	41
chr2	37229037	37231411	2	2	1	6	0	40
chr2	37243974	37246051	1	1	1	2	0	4
chr2	38310448	38313150	2	2	1	1	0	18
chr2	38315335	38318534	2	2	1	1	0	36
chr2	38564238	38568198	2	2	1	2	0	44
chr2	38568298	38568385	2	2	1	1	0	33
chr2	38568444	38569132	2	2	1	2	0	30
chr2	38745188	38746143	2	2	1	5	0	34
chr2	38746180	38746693	2	2	1	1	0	22
chr2	39013564	39013866	2	2	1	1	0	24
chr2	39288281	39290291	2	2	1	3	0	33
chr2	39325812	39325898	2	2	1	1	0	4
chr2	39325962	39326145	2	2	1	1	0	25
chr2	39771641	39779113	2	2	1	1	0	43
chr2	42245688	42256500	1	1	1	5	0	37
chr2	42256631	42261120	1	1	1	1	0	20
chr2	42288323	42295124	1	1	1	1	0	25
chr2	43551926	43552203	2	2	1	1	0	45
chr2	43587003	43590823	2	2	1	1	0	22
chr2	43804740	43805153	1	1	1	1	0	4
chr2	43888657	43889733	2	2	1	8	0	43
chr2	43889877	43894544	2	2	1	1	0	14
chr2	44587801	44588178	1	1	1	0	1	23
chr2	45599836	45601902	2	2	1	1	0	31
chr2	45645211	45668127	1	1	1	2	0	39
chr2	46623868	46624162	1	1	1	1	0	31
chr2	46905595	46907809	2	2	1	1	0	36
chr2	47123037	47138895	1	1	1	0	2	13
chr2	47160805	47161722	2	2	1	1	0	36
chr2	47161859	47162285	2	2	1	1	0	22
chr2	47162393	47162518	2	2	1	2	0	12
chr2	47162663	47170733	2	2	1	6	0	32
chr2	47170765	47176440	2	2	1	2	0	15
chr2	47374049	47375233	1	1	1	1	0	5
chr2	47379970	47385165	1	1	1	2	0	32
chr2	47410373	47412413	1	1	1	2	0	20
chr2	47429942	47445547	1	1	1	1	0	12
chr2	47463155	47466657	1	1	1	4	0	39
chr2	47478520	47480695	1	1	1	2	0	17
chr2	47791124	47795893	1	1	1	3	0	19
chr2	47805028	47805617	1	1	1	1	0	34
chr2	47806359	47806451	1	1	1	1	0	12
chr2	47806652	47806778	1	1	1	24	0	45
chr2	47822304	47823142	2	2	1	1	0	7
chr2	53796014	53797514	1	1	1	3	0	15
chr2	53869539	53874338	2	2	1	1	0	34
chr2	53887468	53887857	2	2	1	1	0	10
chr2	53900018	53901349	2	2	1	2	0	40
chr2	54599244	54612160	1	1	1	2	0	18
chr2	54618194	54621399	1	1	1	3	0	39
chr2	54637804	54642982	1	1	1	1	0	42
chr2	54643130	54644322	1	1	1	2	0	23
chr2	54653854	54655069	1	1	1	7	0	38
chr2	54659267	54659935	1	1	1	1	0	28
chr2	54973622	54973820	2	2	1	1	0	38
chr2	55232873	55233362	1	1	1	0	1	22
chr2	55233418	55234118	1	3	1	1	1	20
chr2	55234205	55234830	1	1	1	1	0	9
chr2	55234963	55235427	1	1	1	99	0	45
chr2	55236821	55237287	2	2	1	1	0	5
chr2	55243669	55244028	2	2	1	1	0	25
chr2	55312580	55315927	2	2	1	1	0	24
chr2	55322693	55328293	2	2	1	1	0	31
chr2	55328436	55332565	2	2	1	4	0	44
chr2	55332694	55334093	2	2	1	1	0	13
chr2	55335165	55336680	2	2	1	3	0	33
chr2	55336819	55339463	2	2	1	2	0	43
chr2	55339649	55343647	2	2	1	2	0	11
chr2	55364034	55372451	2	2	1	1	0	39
chr2	55372511	55374813	2	2	1	1	0	20
chr2	55374884	55388777	2	2	1	1	0	44
chr2	55528993	55533872	1	1	1	1	0	28
chr2	55544370	55544906	1	1	1	6	0	45
chr2	55565042	55568193	2	2	1	1	0	32
chr2	55867235	55870719	2	2	1	2	0	39
chr2	58139833	58146315	1	1	1	1	0	32
chr2	58160180	58161521	2	2	1	1	0	21
chr2	60881851	60891682	1	1	1	2	0	27
chr2	61032114	61045725	1	1	1	1	0	5
chr2	61083315	61088158	1	1	1	3	0	23
chr2	61106663	61108316	1	1	1	1	0	21
chr2	61186498	61186616	1	1	1	1	0	41
chr2	61189070	61190270	2	2	1	1	0	24
chr2	61190415	61190517	2	2	1	1	0	29
chr2	61311911	61314584	2	2	1	1	0	12
chr2	61492749	61492914	2	2	1	1	0	39
chr2	61495614	61496878	2	2	1	4	0	36
chr2	61502311	61522610	2	2	1	1	0	42
chr2	61522684	61526419	2	2	1	2	0	30
chr2	61525522	61526419	2	2	1	2	0	30
chr2	61526522	61533771	2	2	1	6	0	42
chr2	61827259	61836009	2	2	1	1	0	22
chr2	61868707	61869439	2	2	1	9	0	41
chr2	61869554	61872081	2	2	1	4	0	34
chr2	61872317	61872457	2	2	1	1	0	32
chr2	61879012	61880285	2	2	1	1	0	19
chr2	61883549	61885019	2	2	1	1	0	5
chr2	61885073	61888380	2	2	1	1	0	33
chr2	62000983	62135830	1	1	1	3	0	35
chr2	62859292	62864730	1	1	1	1	0	40
chr2	62990841	62993529	1	1	1	3	0	44
chr2	63492941	63588196	2	2	1	2	0	30
chr2	63594587	63595422	1	1	1	1	0	16
chr2	63604873	63605279	1	1	1	2	0	43
chr2	63606029	63606861	1	1	1	1	0	25
chr2	63857719	63857828	1	1	1	1	0	6
chr2	63882652	63883959	1	1	1	1	0	24
chr2	63885887	63886340	1	1	1	1	0	31
chr2	64456466	64458284	1	1	1	2	0	40
chr2	65104807	65129892	2	2	1	1	0	22
chr2	65253865	65255544	1	1	1	2	0	31
chr2	67334151	67339333	1	1	1	2	0	16
chr2	68043054	68045987	2	2	1	0	1	16
chr2	69358464	69359267	2	2	1	1	0	24
chr2	69359327	69363544	2	2	1	1	0	9
chr2	69370109	69374005	2	2	1	1	0	23
chr2	69396291	69400363	2	2	1	6	0	44
chr2	69419605	69431901	2	2	1	1	0	40
chr2	69471097	69495984	2	2	1	1	0	43
chr2	69643275	69643574	2	2	1	2	0	10
chr2	69869865	69871744	1	1	1	1	0	41
chr2	69896549	69897376	1	1	1	2	0	39
chr2	69897457	69903180	1	1	1	1	0	6
chr2	70009425	70057888	1	1	1	1	0	45
chr2	70281685	70287264	2	2	1	0	1	3
chr2	70281685	70288067	2	2	1	46	7	42
chr2	70288163	70293677	2	4	1	1	0	25
chr2	70288193	70289349	2	2	1	2	0	23
chr2	70289373	70293617	2	2	1	3	0	23
chr2	70297478	70300839	2	2	1	2	0	32
chr2	71077637	71078317	1	1	1	1	0	43
chr2	71133577	71133947	1	1	1	1	0	41
chr2	71138632	71139794	1	1	1	2	0	32
chr2	71144539	71147998	1	1	1	1	0	22
chr2	71188536	71189844	2	2	1	1	0	7
chr2	71276755	71355718	1	1	1	1	0	40
chr2	71368529	71369882	1	1	1	2	0	42
chr2	71403999	71405600	1	1	1	1	0	28
chr2	71405643	71406127	1	1	1	1	0	22
chr2	71424039	71424649	1	1	1	1	0	19
chr2	71424716	71426459	1	1	1	1	0	7
chr2	71427415	71428546	1	1	1	1	0	39
chr2	72741470	72825797	2	2	1	1	0	24
chr2	73247927	73248990	1	1	1	2	0	30
chr2	73250439	73251225	1	1	1	1	0	41
chr2	73251433	73252639	1	1	1	1	0	15
chr2	73599522	73600677	1	1	1	1	0	26
chr2	73608575	73609567	1	1	1	3	0	32
chr2	73730030	73730559	2	2	1	17	0	40
chr2	73730737	73732162	2	2	1	1	0	45
chr2	73831060	73844812	1	1	1	4	0	34
chr2	73844889	73845166	1	1	1	6	0	28
chr2	73957241	73958145	1	1	1	2	0	41
chr2	73958246	73958709	1	1	1	2	0	16
chr2	74135659	74142271	2	2	1	1	0	41
chr2	74142361	74145188	2	2	1	1	0	13
chr2	74145304	74147820	2	2	1	1	0	33
chr2	74361637	74362051	2	2	1	2	0	10
chr2	74371177	74371536	2	2	1	1	0	6
chr2	74371729	74377431	2	2	1	1	0	18
chr2	74425238	74425416	1	1	1	1	0	38
chr2	74425492	74425569	1	1	1	2	0	12
chr2	74449625	74479068	2	2	1	2	0	31
chr2	74505191	74505338	2	2	1	1	0	26
chr2	74526837	74526940	2	2	1	2	0	36
chr2	74531106	74531338	1	1	1	1	0	3
chr2	74531372	74531596	1	1	1	1	0	33
chr2	75646911	75647101	1	1	1	2	0	18
chr2	75654918	75655063	1	1	1	1	0	30
chr2	75664784	75665928	2	2	1	2	0	41
chr2	75686651	75687065	1	1	1	1	0	21
chr2	84425604	84431507	2	2	1	2	0	40
chr2	84906118	84906388	1	1	1	4	0	29
chr2	85322742	85324914	2	2	1	1	0	31
chr2	85596932	85597103	1	1	1	3	0	41
chr2	85597179	85597444	1	1	1	7	0	42
chr2	85639392	85640975	1	1	1	0	1	8
chr2	86031636	86032271	2	2	1	1	0	42
chr2	86146198	86147701	2	2	1	1	0	27
chr2	86151521	86153559	2	2	1	1	0	15
chr2	86153575	86158591	2	2	1	1	0	11
chr2	86173762	86179432	2	2	1	1	0	21
chr2	86491058	86491140	1	3	1	2	0	18
chr2	86975887	86976152	1	1	1	0	1	45
chr2	86997759	87012512	1	1	1	0	1	9
chr2	87757427	87772168	2	2	1	0	1	9
chr2	87793769	87794034	2	2	1	0	1	45
chr2	88028586	88034133	2	2	1	1	0	18
chr2	88788515	88792423	1	1	1	0	1	6
chr2	88792495	88797281	1	1	1	0	1	15
chr2	89828020	89834458	2	2	1	1	0	20
chr2	95110042	95115065	2	2	1	4	0	35
chr2	95115204	95117864	2	2	1	2	0	37
chr2	95867582	95876438	2	2	1	0	1	15
chr2	95876510	95880426	2	2	1	0	1	6
chr2	95893606	95893695	2	2	1	1	0	31
chr2	95895472	95895561	2	2	1	0	1	11
chr2	95895591	95897269	2	2	1	0	1	29
chr2	95906704	95906793	2	2	1	0	1	11
chr2	95906823	95908501	2	2	1	0	1	29
chr2	95910446	95910539	2	2	1	1	0	29
chr2	95910569	95912243	2	2	1	1	0	9
chr2	96195550	96208144	2	2	1	2	0	18
chr2	96842512	96848268	2	2	1	2	0	33
chr2	97191182	97192857	1	1	1	2	0	12
chr2	97192887	97192980	1	1	1	1	0	29
chr2	97200363	97200452	1	1	1	1	0	12
chr2	97200526	97202201	1	1	1	1	0	7
chr2	97206136	97207810	1	1	1	1	0	30
chr2	97209873	97211545	1	1	1	1	0	29
chr2	97211575	97211668	1	1	1	1	0	21
chr2	97213615	97215300	1	1	1	0	1	29
chr2	97215330	97215424	1	1	1	0	1	15
chr2	97219247	97224808	1	1	1	0	1	6
chr2	97224880	97233729	1	1	1	0	1	15
chr2	97233872	97241265	1	1	1	0	1	24
chr2	97515946	97523325	2	2	1	0	1	24
chr2	97541984	97542078	2	2	1	0	1	15
chr2	97542108	97543789	2	2	1	0	1	29
chr2	97551362	97551451	2	2	1	1	0	14
chr2	97551481	97553167	2	2	1	1	0	29
chr2	97647444	97647995	1	1	1	8	0	43
chr2	99169471	99169549	2	2	1	1	0	24
chr2	99174017	99180830	2	2	1	1	0	13
chr2	99195190	99195572	1	1	1	2	0	43
chr2	99327654	99333021	2	2	1	1	0	30
chr2	99337590	99360235	1	1	1	13	1	44
chr2	99360362	99360464	1	1	1	2	0	36
chr2	99361821	99363644	1	1	1	3	0	32
chr2	99363863	99364270	1	1	1	8	0	25
chr2	99364422	99368492	1	1	1	1	0	13
chr2	99368592	99369391	1	1	1	2	0	44
chr2	99369482	99371655	1	3	1	1	0	37
chr2	99371731	99376346	1	1	1	1	0	28
chr2	99379127	99379317	1	1	1	2	0	20
chr2	99394399	99394508	1	1	1	2	0	20
chr2	99394586	99394718	1	1	1	3	0	24
chr2	99398910	99399306	1	1	1	2	0	11
chr2	99403816	99404443	2	2	1	1	0	11
chr2	101002809	101004157	1	1	1	9	0	28
chr2	101004284	101005958	1	1	1	145	1	45
chr2	101006072	101006349	1	1	1	224	1	46
chr2	101835979	101839818	1	1	1	1	0	12
chr2	101842682	101844100	1	1	1	1	0	20
chr2	101844312	101855976	1	1	1	3	0	46
chr2	101865037	101866427	1	1	1	1	0	24
chr2	101888936	101891165	1	1	1	1	0	24
chr2	105097325	105099669	1	1	1	1	0	45
chr2	105267189	105267216	2	4	1	2	0	42
chr2	105343224	105345314	1	1	1	1	0	10
chr2	106098774	106101057	2	2	1	1	0	37
chr2	108472117	108472826	1	1	1	1	0	4
chr2	108483167	108484148	1	1	1	5	0	28
chr2	108484312	108485635	1	1	1	3	0	18
chr2	108485737	108485830	1	1	1	1	0	32
chr2	108485909	108486510	1	1	1	1	0	28
chr2	108499428	108499615	2	2	1	1	0	27
chr2	108729200	108730773	1	1	1	0	2	35
chr2	108751995	108752997	1	1	1	1	0	16
chr2	108777232	108781268	1	1	1	1	0	3
chr2	108782863	108783595	1	1	1	1	0	26
chr2	108798587	108804888	1	1	1	1	0	34
chr2	109801851	109803431	1	1	1	0	2	35
chr2	109826848	109827791	1	1	1	0	1	40
chr2	110211623	110212214	2	2	1	10	0	43
chr2	110543716	110544659	2	2	1	0	1	40
chr2	110568076	110569656	2	2	1	0	2	35
chr2	110638160	110639741	2	2	1	1	0	38
chr2	110667706	110667796	2	4	1	2	0	6
chr2	112234237	112236561	2	2	1	1	0	23
chr2	112276027	112299848	1	1	1	1	0	25
chr2	112317333	112321755	1	5	1	1	0	46
chr2	112398279	112399222	2	2	1	0	1	40
chr2	112422660	112424239	2	2	1	0	2	35
chr2	112573967	112574609	2	4	1	1	0	36
chr2	112586366	112588865	1	1	1	5	0	27
chr2	112590368	112623302	2	2	1	0	1	32
chr2	112752475	112755976	2	2	1	1	0	10
chr2	113438023	113441350	1	1	1	0	3	33
chr2	113445056	113453138	1	1	1	1	0	3
chr2	113453199	113454740	1	1	1	1	0	29
chr2	113462495	113465128	1	1	1	2	0	26
chr2	113465174	113471032	1	1	1	2	0	21
chr2	113471090	113482176	1	1	1	0	1	18
chr2	113493995	113495119	1	1	1	0	2	43
chr2	113495250	113495636	1	1	1	0	3	21
chr2	113596830	113597485	1	1	1	0	1	43
chr2	113597639	113598397	1	1	1	0	1	18
chr2	113955707	113957359	1	1	1	2	0	16
chr2	117287570	117288429	1	1	1	1	0	25
chr2	117814863	117817443	1	1	1	2	0	35
chr2	117817729	117819648	1	1	1	3	0	42
chr2	117935580	117936701	2	2	1	1	0	19
chr2	117936740	117939028	2	2	1	1	0	35
chr2	119368306	119370739	1	1	1	3	0	35
chr2	119960954	119962615	1	1	1	1	0	31
chr2	121727913	121728287	2	2	1	2	0	46
chr2	121755846	121757239	1	3	1	3	0	15
chr2	127481176	127486552	2	2	1	1	0	32
chr2	127486665	127489178	2	2	1	1	0	45
chr2	127492089	127493280	2	2	1	1	0	8
chr2	127721989	127722590	2	2	1	3	0	13
chr2	127942538	127945455	2	2	1	2	0	21
chr2	128174859	128176813	1	1	1	1	0	41
chr2	130182776	130190468	1	1	1	2	0	26
chr2	130857193	130902555	2	2	1	1	0	23
chr2	131484219	131491875	2	2	1	1	0	37
chr2	135341150	135343083	1	3	1	1	0	25
chr2	135605017	135616667	1	1	1	1	0	40
chr2	135605017	135621493	1	1	1	1	0	19
chr2	135622733	135631717	1	1	1	1	0	12
chr2	135631778	135631860	1	1	1	1	0	20
chr2	135632002	135635889	1	1	1	1	0	30
chr2	135755692	135761817	1	1	1	2	0	37
chr2	135761912	135769768	1	1	1	3	0	29
chr2	135769824	135770570	1	1	1	5	0	38
chr2	135844685	135846236	2	2	1	3	0	28
chr2	135846393	135848052	2	2	1	1	0	19
chr2	135907408	135911138	2	2	1	4	0	31
chr2	135911211	135911381	2	2	1	5	0	35
chr2	147958867	147972738	2	2	1	2	0	24
chr2	148754134	148761781	1	1	1	1	0	45
chr2	148949944	148950313	1	1	1	2	0	24
chr2	149010352	149011569	1	1	1	1	0	34
chr2	149575821	149576436	2	2	1	1	0	22
chr2	151446576	151451605	1	1	1	1	0	39
chr2	151457964	151458810	1	1	1	3	0	39
chr2	151458911	151459999	1	1	1	3	0	13
chr2	151462467	151462883	1	1	1	1	0	38
chr2	151710539	151717415	2	2	1	1	0	45
chr2	152656399	152657888	2	2	1	1	0	39
chr2	152659010	152659092	2	2	1	1	0	20
chr2	152659190	152659269	2	2	1	3	0	37
chr2	152659357	152662602	2	2	1	2	0	38
chr2	152662699	152663034	2	2	1	1	0	41
chr2	152663173	152663654	2	2	1	1	0	23
chr2	152663772	152663875	2	2	1	2	0	41
chr2	152663968	152664137	2	2	1	3	0	33
chr2	152663980	152664137	2	2	1	1	0	43
chr2	152670382	152671272	2	2	1	1	0	30
chr2	152672624	152672977	2	2	1	9	0	38
chr2	152673043	152673597	2	2	1	16	0	45
chr2	152673707	152676404	2	2	1	3	0	25
chr2	158661451	158662896	1	1	1	2	0	29
chr2	159337773	159347485	2	2	1	1	0	46
chr2	159373190	159374690	2	2	1	1	0	12
chr2	159398895	159400598	2	2	1	1	0	45
chr2	159404911	159405021	2	2	1	1	0	37
chr2	159405115	159412334	2	2	1	1	0	6
chr2	159412546	159427940	2	2	1	1	0	36
chr2	160277384	160278547	2	2	1	0	1	3
chr2	160284869	160284994	2	2	1	1	0	43
chr2	161308605	161316436	1	1	1	1	0	40
chr2	161316570	161318821	1	1	1	1	0	27
chr2	161385572	161391103	1	1	1	1	0	35
chr2	161395204	161408836	1	1	1	3	0	43
chr2	161408900	161411301	1	1	1	9	0	46
chr2	164493183	164494430	2	2	1	1	0	43
chr2	168871556	168873584	2	2	1	6	0	45
chr2	168873684	168876071	2	2	1	1	0	12
chr2	168889292	168889386	2	2	1	1	0	15
chr2	169529927	169530586	2	2	1	2	0	24
chr2	169531491	169537226	2	2	1	1	0	18
chr2	169603695	169604025	1	1	1	1	0	12
chr2	169604103	169604186	1	1	1	1	0	3
chr2	169606147	169607103	1	1	1	1	0	26
chr2	169607149	169608670	1	1	1	1	0	21
chr2	169614494	169614584	1	1	1	2	0	30
chr2	169614725	169630773	1	1	1	10	0	38
chr2	169630988	169631765	1	1	1	1	0	37
chr2	169633248	169636091	1	1	1	1	0	6
chr2	169636229	169636412	1	1	1	5	0	38
chr2	169734088	169735012	1	1	1	1	0	5
chr2	169805578	169805664	1	1	1	1	0	38
chr2	169805840	169806784	1	1	1	6	0	27
chr2	169806893	169806970	1	1	1	20	0	40
chr2	169807072	169808481	1	1	1	4	0	39
chr2	169808554	169808859	1	1	1	1	0	42
chr2	169808903	169810282	1	1	1	5	0	30
chr2	169810424	169810857	1	1	1	2	0	41
chr2	169811045	169811182	1	1	1	1	0	27
chr2	169811324	169811667	1	1	1	3	0	34
chr2	169811859	169812456	2	2	1	14	0	43
chr2	169812507	169815476	2	2	1	15	0	44
chr2	169815529	169819560	2	2	1	8	0	35
chr2	169868547	169870365	1	1	1	1	0	40
chr2	169895312	169896506	1	1	1	1	0	16
chr2	171046363	171049813	2	2	1	3	0	17
chr2	171050175	171053760	2	2	1	1	0	3
chr2	171053854	171055082	2	2	1	6	0	42
chr2	171055173	171056470	2	2	1	1	0	14
chr2	171687628	171690146	1	1	1	2	0	31
chr2	171687874	171690146	1	1	1	2	2	42
chr2	171707378	171715327	1	1	1	0	1	6
chr2	171715444	171725617	1	1	1	1	0	6
chr2	171976309	171979246	1	1	1	1	0	44
chr2	172476514	172479640	1	1	1	3	0	36
chr2	172479740	172479989	1	1	1	2	0	42
chr2	172488229	172489484	1	1	1	1	0	18
chr2	172489659	172491023	1	1	1	1	0	26
chr2	174075528	174078967	2	2	1	5	2	40
chr2	174082065	174123179	2	2	1	1	0	41
chr2	174223161	174229307	2	2	1	1	0	36
chr2	174246816	174248451	2	2	1	1	0	27
chr2	174349173	174350659	2	2	1	3	0	29
chr2	175178403	175179056	2	2	1	3	0	33
chr2	175179251	175180097	2	2	1	1	0	32
chr2	177212872	177215538	1	1	1	0	1	35
chr2	177215662	177215749	1	1	1	1	0	6
chr2	177215897	177215977	1	1	1	1	0	13
chr2	177216593	177216675	1	1	1	1	0	42
chr2	177216772	177216859	1	1	1	1	0	12
chr2	177234272	177264531	2	2	1	1	0	16
chr2	177499731	177505505	1	1	1	1	0	41
chr2	177521369	177523747	1	1	1	1	0	41
chr2	178394436	178395450	1	1	1	1	0	6
chr2	178436320	178441609	2	2	1	1	0	39
chr2	178443385	178444421	2	2	1	1	0	24
chr2	178450412	178450965	2	2	1	1	0	31
chr2	178671171	178671970	2	2	1	1	0	4
chr2	178684083	178684329	2	2	1	1	0	41
chr2	178688779	178689052	2	2	1	1	0	24
chr2	178728398	178728499	2	2	1	2	0	10
chr2	178734607	178734706	2	2	1	1	0	26
chr2	178853625	178855346	2	2	1	1	0	8
chr2	179110029	179112723	2	2	1	1	0	14
chr2	179945716	179950511	2	2	1	1	0	9
chr2	179973803	179978189	2	2	1	1	0	5
chr2	181457852	181458195	1	1	1	1	0	35
chr2	182718291	182720006	1	1	1	2	0	41
chr2	182731108	182732498	1	1	1	1	0	25
chr2	182762802	182775315	1	1	1	2	0	43
chr2	182928227	182928782	2	2	1	1	0	46
chr2	186486458	186495232	1	1	1	2	0	23
chr2	186500294	186501272	1	1	1	2	0	35
chr2	186501426	186502495	1	1	1	2	0	37
chr2	186502588	186504031	1	1	1	7	0	38
chr2	186504215	186505450	1	1	1	1	0	6
chr2	186754050	186761112	1	1	1	1	0	36
chr2	189474333	189474716	1	1	1	1	0	27
chr2	189474809	189475212	1	1	1	1	0	14
chr2	189663955	189665375	1	1	1	1	0	6
chr2	189665452	189666040	1	1	1	1	0	10
chr2	189805755	189818016	1	1	1	1	0	29
chr2	189855129	189863742	1	1	1	1	0	28
chr2	190659996	190670325	1	1	1	3	0	46
chr2	191364277	191369541	1	1	1	2	0	14
chr2	191402719	191408114	1	1	1	1	0	20
chr2	191416243	191423836	1	1	1	1	0	19
chr2	195706786	195708655	1	1	1	1	0	15
chr2	196677362	196695045	1	1	1	1	0	43
chr2	196764686	196766564	2	2	1	1	0	32
chr2	197393189	197396055	2	2	1	1	0	5
chr2	197396329	197397984	2	2	1	1	0	41
chr2	197400937	197401399	2	2	1	1	0	11
chr2	197403765	197405075	2	2	1	1	0	35
chr2	197405178	197405274	2	2	1	3	0	20
chr2	197405473	197407997	2	2	1	4	0	15
chr2	197420543	197421028	2	2	1	2	0	41
chr2	197487199	197487857	2	2	1	2	0	11
chr2	197488037	197488316	2	2	1	13	0	41
chr2	197488492	197489001	2	2	1	3	0	43
chr2	197489248	197490196	2	2	1	25	0	45
chr2	197490297	197493323	2	2	1	6	0	34
chr2	197494251	197494656	2	4	1	2	0	35
chr2	197494753	197495293	2	2	1	2	0	23
chr2	197495377	197497139	2	2	1	3	1	43
chr2	197497393	197498674	2	2	1	2	0	20
chr2	197498851	197499781	2	2	1	1	0	23
chr2	197500440	197501073	1	1	1	3	0	26
chr2	197501239	197503038	1	1	1	6	2	42
chr2	197503129	197503208	1	1	1	71	0	45
chr2	199961929	199963732	1	1	1	1	0	20
chr2	200306602	200329430	1	1	1	1	0	20
chr2	200329481	200389222	1	1	1	6	0	32
chr2	200389284	200412310	1	1	1	8	0	45
chr2	200526253	200532973	1	1	1	2	0	18
chr2	200815762	200816324	1	1	1	4	0	34
chr2	200818084	200818222	1	1	1	2	0	24
chr2	200859747	200860124	2	2	1	2	0	37
chr2	200885773	200887612	2	2	1	2	0	14
chr2	200897215	200899384	1	1	1	1	0	14
chr2	200958134	200959391	2	2	1	1	0	4
chr2	200959441	200963489	2	2	1	1	0	39
chr2	201079023	201085458	1	1	1	1	0	19
chr2	201140440	201141373	1	1	1	1	0	40
chr2	201624323	201626025	2	2	1	1	0	36
chr2	201627415	201628075	2	2	1	1	0	31
chr2	202265987	202275112	1	1	1	1	0	36
chr2	202275190	202277949	1	1	1	2	0	31
chr2	202278003	202278211	1	1	1	1	0	10
chr2	202278003	202282350	1	1	1	1	0	8
chr2	202295838	202297378	1	1	1	4	0	31
chr2	202297514	202297844	1	1	1	3	0	39
chr2	202297907	202300233	1	1	1	5	0	31
chr2	202300368	202302920	1	1	1	7	0	44
chr2	202303058	202303385	1	1	1	2	0	9
chr2	203328482	203328822	2	2	1	1	0	19
chr2	203445011	203447958	2	2	1	1	0	14
chr2	206149097	206149817	2	2	1	1	0	15
chr2	206160711	206161345	1	1	1	1	0	34
chr2	206161473	206162037	1	1	1	2	0	26
chr2	206162615	206162728	1	1	1	40	0	46
chr2	206790687	206791682	1	1	1	4	0	22
chr2	207737447	207740654	1	1	1	1	0	20
chr2	207740707	207742222	1	1	1	2	0	36
chr2	208239234	208239862	2	2	1	1	0	5
chr2	208248661	208251429	2	2	1	2	0	25
chr2	208253960	208254938	2	2	1	1	0	31
chr2	209424277	209507591	1	1	1	1	0	35
chr2	210157428	210157588	1	3	1	1	0	31
chr2	211661825	211677659	1	1	1	0	1	28
chr2	213310178	213317218	1	1	1	5	0	35
chr2	213340271	213350527	1	1	1	1	0	43
chr2	214769313	214792296	2	2	1	1	0	41
chr2	215333458	215334918	1	1	1	2	0	22
chr2	215336125	215338778	1	1	1	1	0	26
chr2	215346942	215349093	1	1	1	2	0	25
chr2	215349250	215349535	1	1	1	2	0	40
chr2	215955685	215996305	2	2	1	1	0	33
chr2	216051546	216058894	2	2	1	1	0	40
chr2	216116843	216117745	1	1	1	1	0	31
chr2	216119166	216122061	1	1	1	2	0	45
chr2	216122254	216125916	1	1	1	10	0	37
chr2	216126032	216127535	1	1	1	4	0	26
chr2	216127675	216130874	1	1	1	1	0	24
chr2	216137226	216138088	1	1	1	1	0	17
chr2	216141320	216148082	1	1	1	1	0	14
chr2	216160162	216161978	1	1	1	1	0	15
chr2	216162049	216190224	1	1	1	1	0	9
chr2	216190335	216192638	1	1	1	2	0	5
chr2	216192736	216194918	1	1	1	1	0	9
chr2	216194987	216204321	1	1	1	2	0	23
chr2	216204397	216205187	1	1	1	9	0	41
chr2	216498878	216499269	1	1	1	1	0	16
chr2	216499399	216499948	1	1	1	74	0	42
chr2	216500032	216501340	1	1	1	204	0	46
chr2	218245547	218249363	1	1	1	4	0	30
chr2	218249465	218249820	1	1	1	1	0	46
chr2	218249922	218253890	1	1	1	9	0	38
chr2	218264331	218264382	1	1	1	2	0	35
chr2	218265462	218265578	2	2	1	1	0	26
chr2	218265683	218265830	2	2	1	1	0	21
chr2	218745234	218745690	1	1	1	1	0	32
chr2	219213327	219213438	2	2	1	0	1	3
chr2	219282062	219282836	1	1	1	1	0	10
chr2	219374276	219384460	1	1	1	1	0	39
chr2	219374343	219374854	2	2	1	2	0	36
chr2	219550843	219551528	2	2	1	1	0	32
chr2	222572023	222599927	2	2	1	2	0	31
chr2	222922832	222923077	1	1	1	1	0	5
chr2	222924596	222927016	1	1	1	1	0	36
chr2	222934688	222941496	1	1	1	1	0	8
chr2	223998343	224001641	2	2	1	1	0	36
chr2	224478346	224481891	2	2	1	1	0	16
chr2	224506133	224506857	2	2	1	1	0	44
chr2	224513639	224514611	2	2	1	2	0	28
chr2	227355762	227356985	1	1	1	2	0	46
chr2	229795331	229796590	2	2	1	1	0	38
chr2	229859575	229879981	2	2	1	1	0	35
chr2	230210009	230211469	2	2	1	2	0	11
chr2	230877551	230878007	1	1	1	2	0	14
chr2	231057042	231061266	1	1	1	1	0	11
chr2	231062322	231062505	1	1	1	1	0	35
chr2	231146357	231153563	1	1	1	2	0	44
chr2	231153667	231161339	1	1	1	1	0	10
chr2	231161510	231163634	1	1	1	17	0	43
chr2	231163728	231165199	1	1	1	9	0	32
chr2	231165287	231165870	1	1	1	3	0	35
chr2	231170722	231172534	1	1	1	1	0	11
chr2	231262399	231270981	1	1	1	1	0	4
chr2	231455259	231455572	2	4	1	1	0	5
chr2	231455268	231455400	2	2	1	3	0	44
chr2	231458390	231459000	2	2	1	3	0	37
chr2	231459126	231460151	2	2	1	8	0	39
chr2	231460294	231460477	2	2	1	6	0	43
chr2	231460565	231460668	2	2	1	4	0	22
chr2	231460867	231461539	2	2	1	13	0	44
chr2	231463317	231464335	2	2	1	2	0	33
chr2	231708752	231711347	1	1	1	11	1	44
chr2	231710302	231711347	1	3	1	0	1	3
chr2	231711420	231711886	1	1	1	4	0	27
chr2	231711420	231711889	1	1	1	36	2	44
chr2	231711984	231712442	1	1	1	191	3	46
chr2	231712517	231712803	1	1	1	75	0	46
chr2	232844256	232844368	1	1	1	2	0	41
chr2	232875971	232876367	1	1	1	1	0	23
chr2	233390484	233434379	1	1	1	2	0	44
chr2	233464284	233467085	1	1	1	2	0	14
chr2	233837653	233840608	2	2	1	1	0	27
chr2	236419272	236441039	2	2	1	1	0	33
chr2	237574533	237574633	1	3	1	2	0	32
chr2	237749325	237751199	1	1	1	1	0	3
chr2	237751272	237753308	1	1	1	1	0	37
chr2	237756188	237760063	1	1	1	1	0	14
chr2	237772946	237774357	1	1	1	1	0	19
chr2	238182187	238183652	2	2	1	1	0	17
chr2	238189973	238194274	2	2	1	1	0	35
chr2	238194871	238203498	2	2	1	1	0	26
chr2	238349409	238352826	1	1	1	1	0	30
chr2	240131089	240133932	2	2	1	3	0	16
chr2	240462583	240463346	1	1	1	1	0	24
chr2	240783110	240783738	2	2	1	2	0	27
chr2	240783817	240784988	2	2	1	2	0	22
chr2	241160495	241163284	1	1	1	1	0	26
chr2	241166442	241167044	1	1	1	4	0	24
chr2	241229688	241229832	2	2	1	1	0	41
chr2	241235256	241235489	2	2	1	1	0	39
chr2	241256400	241256599	2	2	1	1	0	7
chr2	241315611	241325992	1	1	1	0	2	4
chr2	241324242	241325992	1	1	1	1	2	7
chr2	241326114	241335125	1	1	1	1	0	39
chr2	241337517	241337672	1	1	1	1	0	6
chr2	241346250	241348133	1	1	1	1	0	19
chr2	241348192	241350072	1	1	1	1	0	3
chr2	241495702	241496397	2	2	1	1	0	46
chr2	241498350	241498638	2	2	1	1	0	12
chr2	241655336	241672455	1	1	1	1	0	42
chr2	241709383	241711376	1	1	1	1	0	11
chr3	4417243	4418009	2	2	1	2	0	4
chr3	8936056	8939553	2	2	1	1	0	28
chr3	9365321	9366907	1	1	1	4	0	21
chr3	9380619	9383198	1	1	1	2	0	40
chr3	9385924	9388086	2	2	1	3	0	40
chr3	9388128	9390279	2	2	1	2	0	11
chr3	9388128	9390289	2	2	1	1	0	12
chr3	9434883	9435727	1	1	1	1	0	13
chr3	9445301	9445656	1	1	1	3	0	14
chr3	9701967	9702260	2	4	1	1	0	42
chr3	9973710	9974383	2	2	1	1	0	29
chr3	9974489	9976956	2	2	1	1	0	45
chr3	10026474	10028624	1	1	1	1	0	18
chr3	10065980	10067208	1	1	1	1	0	13
chr3	10067318	10072870	1	1	1	3	0	42
chr3	10088951	10090291	1	1	1	1	0	32
chr3	11317048	11339081	1	3	1	0	1	34
chr3	11790582	11807832	2	2	1	1	0	17
chr3	12836224	12839348	2	2	1	73	8	44
chr3	12839531	12840141	2	2	1	3	0	43
chr3	12840243	12841493	2	2	1	2	0	25
chr3	14146160	14147289	2	2	1	1	0	9
chr3	14184033	14198035	1	1	1	4	0	24
chr3	14666948	14667423	1	1	1	1	0	22
chr3	15075711	15077061	2	2	1	1	0	33
chr3	15077165	15078074	2	2	1	2	0	14
chr3	15414163	15415771	2	2	1	2	0	37
chr3	15560898	15563357	2	2	1	1	0	20
chr3	15571770	15573158	2	2	1	1	0	39
chr3	19510402	19512969	1	1	1	1	0	27
chr3	23806089	23807236	1	1	1	1	0	4
chr3	23918032	23918439	1	1	1	3	0	16
chr3	23918577	23919195	1	1	1	3	0	37
chr3	25599530	25601099	2	2	1	2	0	34
chr3	25615289	25615430	2	2	1	1	0	18
chr3	25628953	25629034	2	2	1	1	0	14
chr3	27386024	27389930	2	2	1	3	0	16
chr3	27448798	27452416	2	2	1	3	0	31
chr3	27452499	27458864	2	2	1	1	0	29
chr3	28316424	28319508	1	1	1	1	0	41
chr3	28331955	28332368	2	2	1	1	0	12
chr3	28332428	28336736	2	2	1	1	0	14
chr3	31662117	31664078	2	2	1	1	0	35
chr3	31702509	31733256	2	2	1	2	0	30
chr3	32526909	32528445	2	2	1	12	0	37
chr3	32537105	32541036	2	2	1	1	0	5
chr3	32570420	32570624	2	2	1	1	0	9
chr3	32769963	32773456	1	1	1	1	0	23
chr3	37049018	37050485	1	1	1	1	0	16
chr3	37295078	37296086	1	1	1	1	0	40
chr3	37296220	37298832	1	1	1	1	0	34
chr3	37299021	37299287	1	1	1	1	0	19
chr3	37299372	37302184	1	1	1	1	0	33
chr3	37315599	37319062	1	1	1	1	0	35
chr3	37319195	37321730	1	1	1	3	0	31
chr3	37328538	37328962	1	1	1	1	0	8
chr3	37335167	37337142	1	1	1	1	0	5
chr3	38221688	38223811	1	1	1	2	0	39
chr3	38223914	38224570	1	1	1	2	0	25
chr3	39079809	39084154	1	1	1	1	0	3
chr3	39088234	39089230	1	1	1	1	0	4
chr3	39091702	39093873	1	1	1	2	0	25
chr3	39408692	39412329	1	1	1	1	0	23
chr3	39411000	39411648	1	1	1	5	0	44
chr3	39411778	39411895	1	1	1	7	0	39
chr3	39411914	39412315	1	3	1	8	2	20
chr3	39412062	39412273	1	1	1	184	1	46
chr3	40311572	40311969	1	1	1	1	0	34
chr3	40457992	40458641	1	1	1	2	0	42
chr3	40458737	40461406	1	1	1	14	0	42
chr3	40461507	40461607	1	1	1	3	0	38
chr3	40461662	40461938	1	1	1	1	0	15
chr3	41235844	41236348	1	1	1	1	0	20
chr3	41239355	41239659	1	1	1	2	0	31
chr3	41907942	41911316	2	2	1	1	0	34
chr3	42601065	42617569	1	1	1	2	0	16
chr3	42617645	42619019	1	1	1	1	0	24
chr3	42635367	42636867	1	1	1	9	0	42
chr3	42785321	42786027	2	2	1	4	0	34
chr3	42786163	42794156	2	2	1	1	0	22
chr3	43605864	43621908	2	2	1	1	0	18
chr3	44651260	44658700	1	1	1	1	0	35
chr3	44775438	44778114	1	1	1	1	0	35
chr3	44815077	44826038	1	1	1	1	0	42
chr3	44831019	44838274	1	1	1	1	0	43
chr3	44841239	44843124	1	1	1	2	0	34
chr3	44843235	44847984	1	1	1	1	0	19
chr3	44851953	44852207	1	1	1	1	0	19
chr3	44997253	45001537	1	1	1	1	0	29
chr3	45007576	45011234	1	1	1	2	0	18
chr3	45713197	45714045	1	1	1	1	0	34
chr3	45714080	45715209	1	1	1	1	0	15
chr3	46921836	46922072	1	3	1	2	0	26
chr3	47079612	47083719	2	2	1	1	0	33
chr3	47168547	47218055	1	1	1	0	1	43
chr3	47635345	47636021	2	2	1	1	0	6
chr3	47636137	47638724	2	2	1	10	0	45
chr3	47638781	47658557	2	2	1	2	0	43
chr3	47638781	47661293	2	2	1	13	0	43
chr3	47661456	47662333	2	2	1	5	0	25
chr3	47680509	47686048	2	2	1	2	0	35
chr3	47686171	47689386	2	2	1	1	0	22
chr3	47701403	47706408	2	2	1	1	0	18
chr3	47706531	47710682	2	2	1	3	0	46
chr3	47710809	47714414	2	2	1	3	0	46
chr3	47728197	47728407	2	2	1	1	0	39
chr3	47729095	47736033	2	2	1	1	0	45
chr3	47818118	47827346	1	1	1	1	0	35
chr3	48241215	48247624	1	1	1	1	0	32
chr3	48262446	48263495	2	4	1	1	0	35
chr3	48382086	48394559	1	1	1	1	0	31
chr3	48406899	48407026	2	2	1	1	0	40
chr3	48440313	48440402	1	1	1	0	2	24
chr3	48440459	48440540	1	1	1	4	0	44
chr3	48440459	48440544	1	1	1	2	0	40
chr3	48440629	48443847	1	1	1	95	4	45
chr3	48599193	48599634	2	2	1	11	0	35
chr3	48600841	48600974	2	2	1	1	0	5
chr3	48601468	48603563	2	2	1	3	0	30
chr3	48664791	48665640	1	1	1	1	0	7
chr3	48665723	48669098	1	1	1	1	0	3
chr3	48693180	48695089	2	2	1	1	0	15
chr3	48980497	48981659	1	1	1	1	0	23
chr3	48982980	48983198	1	1	1	1	0	27
chr3	49015708	49015803	2	2	1	1	0	17
chr3	49016512	49016611	2	2	1	1	0	17
chr3	49016674	49016773	2	2	1	1	0	9
chr3	49024405	49024494	2	2	1	26	0	46
chr3	49024579	49024658	2	2	1	21	0	46
chr3	49025041	49025125	2	2	1	2	0	36
chr3	49027048	49027709	2	2	1	1	0	13
chr3	49096080	49097991	2	2	1	15	0	35
chr3	49098118	49098191	2	2	1	1	0	26
chr3	49098259	49098352	2	2	1	2	0	45
chr3	49121593	49121683	2	2	1	2	0	25
chr3	49327817	49335468	2	2	1	2	0	8
chr3	49722755	49722971	2	2	1	1	0	46
chr3	49723303	49723391	2	2	1	2	0	27
chr3	49965144	49967332	1	1	1	2	0	28
chr3	50061222	50061461	1	1	1	2	0	3
chr3	50061548	50061961	1	1	1	3	0	24
chr3	50062109	50065030	1	1	1	1	0	19
chr3	50075331	50077007	1	1	1	1	0	9
chr3	50090452	50092042	1	1	1	1	0	9
chr3	50103167	50104247	1	1	1	2	0	29
chr3	50115608	50115905	1	1	1	1	0	38
chr3	50257091	50257499	1	1	1	2	0	22
chr3	50347674	50347758	2	2	1	1	0	5
chr3	51627755	51629333	1	1	1	1	0	12
chr3	51933600	51933707	2	2	1	5	0	44
chr3	51994127	51995041	2	2	1	6	0	44
chr3	51995107	51995424	2	2	1	5	0	43
chr3	52199441	52202506	1	1	1	1	0	17
chr3	52536774	52540423	1	1	1	1	0	36
chr3	52536907	52540423	1	1	1	7	0	37
chr3	52603733	52609312	2	2	1	3	0	38
chr3	52627371	52628893	2	2	1	1	0	37
chr3	52634816	52641953	2	2	1	2	0	13
chr3	52686106	52686768	1	1	1	1	0	12
chr3	52686828	52687245	1	1	1	2	0	17
chr3	52687384	52687501	1	1	1	2	0	24
chr3	52693330	52693407	1	1	1	2	0	24
chr3	52693808	52694036	1	1	1	1	0	35
chr3	52694104	52694192	1	1	1	3	0	41
chr3	53225932	53226755	2	2	1	3	0	38
chr3	53226879	53228055	2	2	1	4	0	23
chr3	53228360	53229006	2	2	1	2	0	28
chr3	53230622	53231356	2	2	1	1	0	14
chr3	53231551	53233155	2	2	1	3	0	38
chr3	53233275	53234982	2	2	1	1	0	30
chr3	53886935	53888392	2	2	1	1	0	15
chr3	53888484	53891769	2	2	1	3	0	35
chr3	54632503	54633558	2	2	1	1	0	14
chr3	54633741	54634460	2	2	1	1	0	10
chr3	54634566	54637690	2	2	1	1	0	7
chr3	56237825	56238192	2	2	1	1	0	38
chr3	56594029	56613588	1	1	1	1	0	23
chr3	56616054	56617111	1	1	1	1	0	25
chr3	56619902	56621531	1	1	1	1	0	30
chr3	57081835	57113954	1	1	1	1	0	42
chr3	57260775	57267741	1	1	1	2	0	46
chr3	57428017	57429264	2	2	1	0	1	36
chr3	57572299	57575547	2	2	1	1	0	15
chr3	57577388	57583897	2	2	1	1	0	27
chr3	57584465	57597073	2	2	1	1	0	24
chr3	58399378	58403861	1	1	1	1	0	38
chr3	58403911	58408923	1	1	1	1	0	5
chr3	58428180	58428472	2	2	1	5	0	44
chr3	58806457	58822818	2	2	1	1	0	13
chr3	61629278	61630946	2	2	1	1	0	24
chr3	64010765	64010877	2	2	1	1	0	40
chr3	64010956	64013438	2	2	1	3	0	39
chr3	65609557	65609854	1	1	1	1	0	41
chr3	66346409	66356030	1	1	1	3	0	6
chr3	66356085	66362859	1	1	1	3	0	7
chr3	66460140	66460575	1	1	1	3	0	18
chr3	69042913	69043749	2	2	1	1	0	44
chr3	70959392	70965889	2	2	1	1	0	11
chr3	72179968	72181279	2	2	1	1	0	19
chr3	73059131	73061022	1	1	1	2	0	9
chr3	73061061	73063672	1	1	1	2	0	38
chr3	73063748	73064002	1	1	1	1	0	28
chr3	75542614	75543116	1	1	1	1	0	34
chr3	87240791	87245713	1	1	1	1	0	5
chr3	87253511	87253711	1	1	1	2	0	37
chr3	89020460	89066764	2	2	1	1	0	28
chr3	94036755	94039879	1	1	1	2	0	44
chr3	97822356	97843194	1	1	1	1	0	5
chr3	98819418	98820247	2	2	1	1	0	7
chr3	99818044	100146972	1	1	1	1	0	45
chr3	100147062	100160429	1	1	1	2	0	26
chr3	100320972	100323586	1	1	1	2	0	30
chr3	100352503	100354771	1	1	1	1	0	39
chr3	100354828	100355176	1	1	1	4	0	38
chr3	100386979	100400625	2	2	1	1	0	6
chr3	101372127	101398860	2	2	1	1	0	37
chr3	101681216	101682428	2	2	1	180	1	46
chr3	101682493	101682770	2	2	1	98	2	46
chr3	101682908	101685817	2	2	1	4	0	43
chr3	101685929	101686481	2	2	1	1	0	30
chr3	105550260	105552143	1	1	1	1	0	12
chr3	105552183	105552467	1	1	1	1	0	31
chr3	106843068	106843178	2	2	1	1	0	9
chr3	107744711	107747964	1	1	1	2	0	44
chr3	108047293	108051938	2	2	1	1	0	12
chr3	108165494	108166853	2	2	1	2	0	29
chr3	108166986	108167792	2	2	1	1	0	24
chr3	108552374	108553647	2	2	1	1	0	23
chr3	108553731	108554375	2	2	1	3	0	22
chr3	108554490	108557217	2	2	1	2	0	39
chr3	108568315	108569388	2	2	1	2	0	41
chr3	108646650	108647942	1	1	1	2	0	16
chr3	109328025	109328889	2	2	1	1	0	32
chr3	109330813	109331733	2	2	1	1	0	24
chr3	109331785	109331870	2	2	1	5	0	41
chr3	109333994	109337463	2	2	1	2	0	18
chr3	111071957	111072877	0	0	1	3	0	39
chr3	111939631	111940534	1	1	1	1	0	14
chr3	111945358	111948931	1	1	1	1	0	34
chr3	111962313	111966612	1	1	1	1	0	11
chr3	112400496	112418478	2	2	1	0	1	24
chr3	112532781	112534268	2	2	1	1	0	4
chr3	112538181	112541802	2	2	1	1	0	9
chr3	112999565	113000849	1	1	1	2	0	37
chr3	113664410	113670120	2	2	1	2	0	30
chr3	114076943	114079905	1	3	1	2	0	42
chr3	115841994	115842457	2	2	1	1	0	18
chr3	119669666	119675144	2	2	1	7	6	40
chr3	119675234	119677203	2	2	1	4	2	43
chr3	119826856	119843254	2	2	1	1	0	37
chr3	120335140	120335824	2	2	1	1	0	14
chr3	120596540	120601110	1	1	1	3	0	30
chr3	120601258	120602207	1	1	1	24	2	41
chr3	121727042	121729187	2	2	1	1	0	16
chr3	121730974	121749631	2	2	1	1	0	7
chr3	121788433	121790072	2	2	1	2	0	35
chr3	121872789	121886341	1	1	1	2	0	45
chr3	122359920	122362967	2	2	1	1	0	42
chr3	122407390	122409738	1	1	1	1	0	28
chr3	122483465	122485017	2	4	1	2	0	32
chr3	123106842	123110943	1	1	1	1	0	28
chr3	123124344	123145521	1	1	1	1	0	30
chr3	123647428	123648970	2	2	1	1	0	44
chr3	123915290	123931101	2	2	1	1	0	9
chr3	123955966	123956045	2	2	1	1	0	7
chr3	123956116	123956354	2	2	1	3	0	42
chr3	123956428	123956739	2	2	1	1	0	29
chr3	123956796	123961143	2	2	1	1	0	7
chr3	125288229	125313307	2	2	1	1	0	26
chr3	125447827	125451304	2	2	1	1	0	13
chr3	125451420	125453809	2	2	1	1	0	38
chr3	125453956	125457265	2	2	1	2	0	25
chr3	126852731	126914679	1	1	1	1	0	46
chr3	126957552	126960195	1	1	1	2	0	30
chr3	127924132	127927763	1	1	1	1	0	20
chr3	128087809	128097299	2	2	1	1	0	27
chr3	128632158	128637798	2	2	1	1	0	28
chr3	128806591	128807542	1	1	1	2	0	8
chr3	129317995	129318153	2	4	1	1	0	43
chr3	129318311	129318542	1	1	1	2	0	29
chr3	129396421	129397039	2	2	1	1	0	10
chr3	129519733	129520175	1	1	1	1	0	11
chr3	129555393	129557183	1	3	1	1	0	29
chr3	129655104	129670329	2	2	1	2	0	33
chr3	130997754	130998293	1	1	1	1	0	23
chr3	131462876	131468090	2	2	1	1	0	26
chr3	131469774	131471170	2	2	1	1	0	35
chr3	131487741	131489980	2	2	1	1	0	44
chr3	131490081	131498178	2	2	1	2	0	28
chr3	131500522	131501530	2	2	1	1	0	16
chr3	132675924	132676442	1	1	1	4	0	20
chr3	132683525	132684553	2	2	1	1	0	29
chr3	133586723	133587161	1	1	1	1	0	26
chr3	133601394	133608534	2	2	1	1	0	5
chr3	133617327	133618212	2	2	1	1	0	25
chr3	133657942	133659015	2	2	1	1	0	21
chr3	134209830	134211507	2	2	1	1	0	3
chr3	136327256	136327633	1	1	1	1	0	11
chr3	136328858	136329904	1	1	1	1	0	7
chr3	136502780	136521212	2	2	1	1	0	37
chr3	136623249	136630869	2	2	1	2	0	30
chr3	138188531	138209816	1	1	1	1	0	4
chr3	138223734	138228917	1	1	1	2	0	16
chr3	138267242	138270039	1	1	1	1	0	10
chr3	138495077	138498030	2	2	1	1	0	38
chr3	139352793	139355681	1	1	1	1	0	39
chr3	139355791	139356918	1	1	1	8	0	44
chr3	139357959	139358199	2	2	1	1	0	14
chr3	139359179	139359269	2	2	1	1	0	39
chr3	139368289	139369260	2	2	1	1	0	33
chr3	139369545	139371722	2	2	1	2	0	32
chr3	139371834	139373212	2	2	1	1	0	14
chr3	139517681	139518420	2	2	1	2	0	34
chr3	140956692	140959462	1	1	1	1	0	20
chr3	140959541	140963126	1	1	1	4	0	43
chr3	140970994	140973715	1	1	1	1	0	29
chr3	141738517	141743508	1	1	1	1	0	12
chr3	141743557	141745158	1	1	1	1	0	32
chr3	141922064	141925530	1	1	1	1	0	17
chr3	141952697	141952910	2	2	1	2	0	44
chr3	141974192	141978519	2	2	1	1	0	43
chr3	142371329	142375797	2	2	1	1	0	3
chr3	142405077	142412543	2	2	1	2	0	8
chr3	142425333	142425428	2	2	1	3	0	22
chr3	142684172	142684252	1	1	1	1	0	6
chr3	142684396	142686283	1	1	1	1	0	30
chr3	143014410	143016256	1	1	1	1	0	7
chr3	143016372	143016841	1	1	1	10	0	45
chr3	143016976	143019968	1	1	1	2	0	16
chr3	143020694	143021349	1	1	1	1	0	20
chr3	143021556	143022496	1	1	1	1	0	22
chr3	143036105	143037178	1	1	1	1	0	32
chr3	143037336	143038107	1	1	1	13	0	40
chr3	143038204	143038893	1	1	1	3	0	29
chr3	143038961	143043116	1	1	1	1	0	15
chr3	143043277	143050938	1	1	1	4	0	16
chr3	143053795	143054942	1	1	1	2	0	18
chr3	146528832	146533469	2	2	1	1	0	27
chr3	146536566	146544466	2	2	1	2	0	15
chr3	148996477	148996741	1	1	1	1	0	24
chr3	149039230	149039580	2	2	1	1	0	30
chr3	149048164	149048862	2	2	1	2	0	35
chr3	149073323	149074214	2	2	1	2	0	18
chr3	149158847	149160045	1	1	1	1	0	10
chr3	150544499	150545702	2	2	1	4	0	26
chr3	150558463	150562541	1	1	1	1	0	30
chr3	150562661	150563514	1	1	1	1	0	24
chr3	150572530	150575648	1	1	1	1	0	14
chr3	150575763	150581617	1	1	1	2	0	45
chr3	150581747	150583199	1	1	1	1	0	18
chr3	150583266	150583845	1	1	1	1	0	8
chr3	154280863	154283187	2	2	1	1	0	40
chr3	154288965	154289708	2	2	1	1	0	38
chr3	154301128	154303328	2	2	1	1	0	28
chr3	154303411	154304805	2	2	1	7	0	43
chr3	154315281	154316038	2	2	1	5	0	43
chr3	154316164	154324173	2	2	1	2	0	43
chr3	155906264	155910691	1	1	1	1	0	9
chr3	155911280	155914418	1	1	1	2	0	32
chr3	155936511	155937590	1	1	1	9	5	38
chr3	156543270	156544307	2	2	1	1	0	10
chr3	156553782	156554956	2	2	1	1	0	8
chr3	158203246	158298038	1	1	1	2	0	31
chr3	158592582	158596861	1	1	1	1	0	20
chr3	159056214	159095592	2	2	1	1	0	40
chr3	160268537	160277305	2	2	1	1	0	41
chr3	160412085	160412325	1	1	1	1	0	4
chr3	160412454	160413472	1	1	1	3	0	38
chr3	160413614	160414366	1	1	1	4	0	32
chr3	160414518	160416250	1	1	1	8	0	43
chr3	160416416	160417722	1	1	1	2	0	23
chr3	160423841	160424866	1	1	1	1	0	35
chr3	160426201	160428752	1	1	1	2	0	42
chr3	160430744	160431031	1	1	1	1	0	43
chr3	160431826	160432282	1	1	1	2	0	23
chr3	160502203	160504957	2	2	1	1	0	5
chr3	160515581	160521778	2	2	1	2	0	42
chr3	160535898	160536795	2	2	1	2	0	3
chr3	160536841	160565213	2	2	1	2	0	40
chr3	166336884	166338250	1	1	1	0	2	45
chr3	168024595	168024927	2	2	1	1	0	24
chr3	168047000	168048290	2	2	1	1	0	9
chr3	168048366	168095098	2	2	1	1	0	8
chr3	169782644	169783476	1	1	1	1	0	45
chr3	169975717	169976945	1	1	1	4	0	45
chr3	169977052	169982706	1	1	1	24	0	45
chr3	169982912	169983160	1	1	1	1	0	18
chr3	170270562	170273285	1	1	1	1	0	18
chr3	170273341	170275228	1	1	1	1	0	19
chr3	170390465	170391035	1	1	1	2	0	25
chr3	170866525	170868012	2	2	1	3	0	40
chr3	171140510	171157459	2	2	1	1	0	44
chr3	172750858	172754508	1	1	1	1	0	21
chr3	172783910	172784706	1	1	1	1	0	31
chr3	176321828	176327121	1	1	1	1	0	40
chr3	177047550	177049996	2	2	1	1	0	39
chr3	177050139	177050477	2	2	1	1	0	41
chr3	177051727	177053772	2	2	1	1	0	18
chr3	179569901	179570066	1	1	1	1	0	20
chr3	179570242	179573368	1	1	1	1	0	35
chr3	179576312	179576619	1	1	1	4	0	43
chr3	179576727	179576823	1	1	1	1	0	21
chr3	179576914	179580639	1	1	1	1	0	38
chr3	179581009	179581139	1	1	1	1	0	32
chr3	179583449	179586545	1	1	1	1	0	5
chr3	179586633	179587929	1	1	1	2	0	17
chr3	179588996	179592643	2	2	1	8	0	38
chr3	179764169	179765694	1	1	1	1	0	21
chr3	179781824	179784047	1	1	1	7	0	44
chr3	180606604	180607647	1	1	1	1	0	20
chr3	180652267	180654761	2	2	1	2	0	29
chr3	180912737	180933333	1	1	1	1	0	33
chr3	180933387	180935137	1	1	1	3	0	45
chr3	180935232	180947864	1	1	1	1	0	20
chr3	180947937	180948346	1	1	1	1	0	44
chr3	180948815	180949226	1	1	1	2	0	33
chr3	180951469	180953761	1	1	1	4	0	36
chr3	180970359	180976121	1	1	1	1	0	24
chr3	180984711	180985925	2	2	1	7	6	36
chr3	180985997	180986942	2	2	1	3	0	43
chr3	183829710	183833491	2	2	1	3	0	35
chr3	183844327	183862752	2	2	1	0	1	3
chr3	183856552	183862752	2	2	1	0	1	3
chr3	183862802	183866624	2	2	1	0	1	40
chr3	184180985	184181084	1	1	1	2	0	37
chr3	184307526	184307613	1	1	1	1	0	32
chr3	184324348	184324877	1	1	1	1	0	5
chr3	184325115	184325268	1	1	1	2	0	20
chr3	184331607	184331727	1	1	1	1	0	13
chr3	184332087	184334726	1	1	1	1	0	39
chr3	185675914	185687056	2	2	1	3	0	42
chr3	185696664	185698298	2	2	1	1	0	14
chr3	185698348	185823152	2	2	1	1	0	29
chr3	185923985	185925463	2	2	1	1	0	10
chr3	185931853	185937824	2	2	1	1	0	16
chr3	186582078	186582715	1	1	1	1	0	5
chr3	186583977	186584429	1	1	1	1	0	8
chr3	186584590	186585343	1	1	1	3	0	40
chr3	186786052	186786163	1	1	1	5	0	30
chr3	186786274	186786501	1	1	1	3	0	43
chr3	186786646	186787126	1	1	1	1	0	8
chr3	186787265	186787494	1	1	1	1	0	41
chr3	186787585	186787802	1	1	1	2	0	46
chr3	186790065	186790141	2	2	1	5	0	18
chr3	186790256	186790325	2	2	1	1	0	6
chr3	188872764	188874350	1	1	1	1	0	43
chr3	191358125	191361068	1	1	1	1	0	30
chr3	192892555	192894242	2	4	1	2	0	38
chr3	193638066	193642764	1	1	1	2	0	25
chr3	193642846	193642974	1	1	1	1	0	26
chr3	193692133	193694605	1	1	1	1	0	35
chr3	194419968	194425341	2	2	1	1	0	37
chr3	194459972	194460657	2	2	1	2	0	44
chr3	194642248	194644572	2	2	1	2	0	16
chr3	194646244	194648680	2	2	1	2	0	19
chr3	194665644	194666202	2	2	1	2	0	33
chr3	195301645	195301965	2	2	1	1	0	42
chr3	195336977	195342470	2	2	1	1	0	45
chr3	195342655	195345258	2	2	1	1	0	17
chr3	195345318	195381008	2	2	1	1	0	16
chr3	195524897	195529793	2	2	1	1	0	20
chr3	196291375	196296005	2	2	1	5	0	33
chr3	196307013	196316097	2	2	1	1	0	42
chr3	196316232	196318039	2	4	1	1	0	37
chr3	196806687	196807781	1	1	1	2	0	19
chr3	196850050	196882646	1	1	1	1	0	37
chr3	196923552	196927795	1	1	1	1	0	46
chr3	197138392	197140139	2	2	1	1	0	34
chr3	197950222	197950935	1	1	1	3	0	24
chr3	197950979	197951158	1	1	1	3	0	37
chr3	197951312	197954002	1	1	1	84	0	45
chr3	197954148	197955749	1	1	1	168	0	45
chr4	444433	472574	2	2	1	1	0	23
chr4	672520	673302	2	2	1	76	0	45
chr4	673402	673911	2	2	1	22	0	45
chr4	673402	674211	2	2	1	1	0	43
chr4	673967	674211	2	2	1	6	0	43
chr4	1716110	1716752	1	3	1	2	0	21
chr4	1737703	1739701	1	1	1	2	0	41
chr4	1739779	1739958	1	1	1	1	0	32
chr4	1740003	1740825	1	1	1	1	0	16
chr4	1744833	1744947	1	1	1	10	0	40
chr4	1814574	1815663	2	2	1	1	0	28
chr4	1822313	1822987	2	2	1	2	0	16
chr4	1918624	1930625	1	1	1	1	0	40
chr4	2042825	2043860	1	1	1	5	0	45
chr4	2493986	2498326	1	1	1	1	0	38
chr4	2938931	2939187	2	2	1	1	0	11
chr4	2953646	2954423	2	2	1	1	0	14
chr4	4268024	4268529	2	2	1	1	0	5
chr4	4274770	4279446	2	2	1	4	0	31
chr4	4274770	4279479	2	2	1	1	0	40
chr4	10077449	10077752	2	2	1	1	0	29
chr4	10081445	10083021	2	2	1	1	0	23
chr4	13570129	13576837	2	2	1	1	0	8
chr4	13582311	13582651	2	2	1	1	0	37
chr4	13590447	13591922	2	2	1	3	0	38
chr4	13591967	13595859	2	2	1	3	0	13
chr4	13605085	13607116	2	2	1	4	0	29
chr4	13607190	13608529	2	2	1	2	0	14
chr4	13608669	13609294	2	2	1	6	0	40
chr4	13613662	13614195	2	2	1	1	0	28
chr4	17579940	17581759	1	1	1	1	0	38
chr4	17598559	17604587	1	1	1	1	0	12
chr4	17614814	17619900	1	1	1	1	0	14
chr4	17619968	17621586	1	1	1	1	0	11
chr4	17818089	17822982	1	1	1	1	0	12
chr4	17823124	17823646	1	1	1	2	0	43
chr4	17825562	17828277	1	1	1	1	0	10
chr4	17839838	17840070	1	1	1	2	0	30
chr4	17840210	17840606	1	1	1	1	0	42
chr4	17842380	17843301	1	1	1	7	0	44
chr4	20617199	20617438	1	1	1	1	0	16
chr4	22413815	22420885	2	2	1	1	0	9
chr4	22435467	22436439	2	2	1	2	0	12
chr4	24528042	24529600	2	2	1	1	0	5
chr4	24540949	24541872	2	2	1	2	0	38
chr4	24549023	24554724	2	2	1	1	0	10
chr4	24554944	24556250	2	2	1	1	0	31
chr4	25928370	25929153	1	1	1	1	0	34
chr4	26406271	26415474	1	1	1	1	0	42
chr4	30724597	30730752	1	1	1	2	0	12
chr4	39185818	39186538	1	1	1	1	0	16
chr4	39278208	39278538	1	1	1	2	0	30
chr4	39309033	39311444	2	2	1	4	0	35
chr4	39320670	39321286	2	2	1	1	0	33
chr4	39327757	39342344	2	2	1	1	0	14
chr4	39351477	39366238	2	2	1	2	0	28
chr4	39454226	39454532	2	2	1	191	0	45
chr4	39454650	39454863	2	2	1	66	2	46
chr4	39454945	39456405	2	2	1	2	7	45
chr4	39456539	39457585	2	2	1	0	3	24
chr4	39457682	39458193	2	2	1	3	0	34
chr4	39458310	39458393	2	2	1	1	1	44
chr4	39500254	39503874	2	2	1	1	0	39
chr4	39745811	39755656	1	1	1	1	0	16
chr4	39753767	39758588	1	1	1	1	0	33
chr4	39755740	39774833	1	1	1	1	0	18
chr4	39774934	39777681	1	1	1	1	0	24
chr4	39842057	39844655	2	4	1	1	0	43
chr4	39862334	39862868	2	2	1	1	0	33
chr4	40072953	40093174	2	2	1	0	1	28
chr4	40072953	40101390	2	2	1	0	1	28
chr4	40118025	40119931	1	1	1	3	0	16
chr4	40126331	40131800	1	1	1	1	0	9
chr4	41264162	41267986	1	1	1	3	0	35
chr4	42020516	42022837	1	1	1	1	0	27
chr4	42022931	42023301	1	1	1	1	0	6
chr4	47855164	47862845	2	2	1	1	0	14
chr4	47862916	47875126	2	2	1	1	0	8
chr4	47910995	47913968	2	2	1	1	0	36
chr4	48646018	48684672	2	2	1	1	0	34
chr4	48850083	48851805	1	1	1	1	0	29
chr4	48885566	48892771	2	2	1	10	0	40
chr4	48892890	48894005	2	2	1	1	0	41
chr4	49117545	49154895	2	2	1	0	1	17
chr4	49119012	49154895	2	2	1	3	2	38
chr4	49631765	49633387	1	1	1	0	1	42
chr4	49631765	49644668	1	1	1	0	1	42
chr4	53428184	53458652	1	1	1	1	0	36
chr4	53458791	53459301	1	1	1	1	0	30
chr4	55367723	55369831	1	1	1	1	0	21
chr4	55482829	55486392	2	2	1	1	0	14
chr4	55595412	55599141	2	2	1	4	0	35
chr4	55599182	55600521	2	2	1	3	0	40
chr4	55600576	55605274	2	2	1	1	0	9
chr4	55890387	55891314	1	1	1	1	0	24
chr4	55953276	55954215	1	1	1	1	0	27
chr4	55992086	55999301	1	1	1	2	0	8
chr4	56009904	56011411	1	1	1	1	0	36
chr4	56378465	56382476	2	2	1	1	0	38
chr4	56396740	56399178	2	2	1	1	0	38
chr4	56406702	56407649	2	2	1	1	0	41
chr4	56448824	56450618	1	1	1	1	0	37
chr4	56450703	56451871	1	1	1	1	0	42
chr4	56452053	56453602	1	1	1	1	0	27
chr4	56453762	56459371	1	1	1	4	0	37
chr4	56478504	56478591	1	1	1	2	0	42
chr4	56483271	56484735	1	1	1	1	0	13
chr4	56490646	56491430	1	1	1	10	0	35
chr4	56491569	56495356	1	1	1	1	0	13
chr4	56495395	56500535	1	1	1	1	0	11
chr4	56500696	56501683	1	1	1	3	0	30
chr4	56999782	57005245	1	1	1	3	0	44
chr4	57005720	57006815	1	1	1	1	0	15
chr4	57011101	57015501	1	1	1	2	0	40
chr4	58008212	58024224	1	1	1	0	1	23
chr4	65531265	65541297	2	2	1	1	0	26
chr4	67472676	67474887	2	2	1	4	0	32
chr4	67644779	67645937	2	2	1	1	0	39
chr4	68338385	68349725	2	2	1	7	0	29
chr4	70820862	70824293	2	2	1	2	0	33
chr4	73076291	73076939	2	2	1	1	0	10
chr4	73098521	73102375	2	2	1	3	0	21
chr4	73102548	73113791	2	2	1	1	0	7
chr4	73113909	73115820	2	2	1	6	0	41
chr4	73115917	73118687	2	2	1	1	0	41
chr4	73453898	73455235	1	1	1	1	0	35
chr4	73455291	73455630	1	1	1	1	0	20
chr4	74158282	74160054	1	1	1	1	0	27
chr4	74160089	74161779	1	1	1	1	0	27
chr4	75490702	75491610	2	2	1	1	0	27
chr4	75491638	75491723	2	2	1	1	0	17
chr4	75645703	75646337	2	2	1	3	0	42
chr4	75646457	75647028	2	2	1	2	0	34
chr4	75655871	75656923	2	2	1	1	0	16
chr4	75657015	75657556	2	2	1	3	0	34
chr4	75724886	75752372	1	1	1	1	0	4
chr4	75752460	75752539	1	1	1	1	0	18
chr4	75752605	75757496	1	1	1	3	0	36
chr4	75799733	75800350	1	1	1	1	0	14
chr4	75800470	75800617	1	1	1	4	0	29
chr4	75800800	75801078	1	1	1	1	0	5
chr4	75801201	75804133	1	1	1	2	0	44
chr4	75804273	75805139	1	1	1	1	0	43
chr4	75809052	75810431	1	1	1	1	0	13
chr4	75810540	75812159	1	1	1	1	0	17
chr4	75950798	75955974	2	2	1	1	0	7
chr4	75956137	75957324	2	2	1	4	0	41
chr4	75957410	75957517	2	2	1	4	0	16
chr4	75971459	75973316	2	2	1	1	0	36
chr4	75973392	75974075	2	2	1	2	0	42
chr4	75974134	75975743	2	2	1	4	0	44
chr4	76996540	77005600	1	1	1	1	0	39
chr4	77020671	77028628	1	1	1	3	0	35
chr4	77028762	77030782	1	1	1	2	0	12
chr4	77055381	77055961	2	2	1	1	0	27
chr4	77871856	77883241	1	1	1	2	0	33
chr4	77894251	77909265	1	1	1	1	0	25
chr4	77909373	77949796	1	1	1	1	0	25
chr4	78610889	78612183	2	2	1	1	0	31
chr4	82354155	82355303	2	2	1	16	2	43
chr4	82355002	82355303	2	2	1	1	0	5
chr4	82355402	82356536	2	2	1	1	0	27
chr4	82357445	82358658	2	2	1	5	0	34
chr4	82358821	82359470	2	2	1	5	0	29
chr4	82359640	82371527	2	2	1	3	0	37
chr4	82371585	82373445	2	2	1	1	0	22
chr4	82424884	82425562	2	2	1	1	0	17
chr4	82424884	82426036	2	2	1	4	0	39
chr4	82425668	82426036	2	2	1	1	0	21
chr4	82426130	82426462	2	2	1	1	0	15
chr4	82426634	82427189	2	2	1	1	0	37
chr4	82427305	82427432	2	2	1	2	0	36
chr4	82427565	82428017	2	2	1	1	0	5
chr4	82428180	82428277	2	2	1	10	0	39
chr4	82428447	82429247	2	2	1	3	0	35
chr4	82857131	82857688	2	2	1	1	0	18
chr4	82863393	82864361	2	2	1	1	0	6
chr4	83319470	83322218	2	2	1	1	0	10
chr4	83458430	83459739	1	1	1	5	0	20
chr4	83459798	83460972	1	1	1	10	0	42
chr4	83461033	83461120	1	1	1	21	0	46
chr4	83463609	83467453	2	2	1	2	0	38
chr4	83467539	83469031	2	2	1	0	1	40
chr4	83516863	83612473	1	1	1	3	0	46
chr4	86554020	86555232	1	3	1	1	0	42
chr4	86611781	86613520	1	1	1	1	0	32
chr4	86693675	86701240	1	1	1	1	0	17
chr4	86766518	86767816	1	1	1	2	0	26
chr4	86785937	86796873	1	1	1	2	0	6
chr4	87088823	87090986	1	3	1	1	0	15
chr4	87438373	87441828	1	1	1	1	0	29
chr4	87441916	87449141	1	1	1	1	0	15
chr4	88058104	88061905	1	1	1	2	0	45
chr4	88522030	88523497	2	2	1	0	1	22
chr4	89018943	89020459	2	2	1	1	0	29
chr4	92790530	92790566	2	2	1	1	0	19
chr4	94234123	94236951	1	1	1	1	0	29
chr4	94237019	94240905	1	1	1	1	0	33
chr4	94249756	94250751	1	1	1	3	0	45
chr4	94276475	94277021	1	1	1	2	0	32
chr4	98421395	98433935	1	1	1	1	0	18
chr4	99072442	99072572	2	2	1	2	0	36
chr4	99072712	99074913	2	2	1	6	0	24
chr4	99948524	99948810	2	2	1	2	0	17
chr4	99948941	99949272	2	2	1	2	0	41
chr4	99949387	99949662	2	2	1	1	0	8
chr4	102797461	102799406	2	2	1	2	0	39
chr4	103082930	103085348	2	2	1	1	0	22
chr4	103116690	103120147	2	2	1	1	0	32
chr4	103123090	103132692	2	2	1	3	0	36
chr4	103136360	103138350	2	2	1	3	0	25
chr4	103141105	103141749	2	2	1	3	0	14
chr4	103141909	103143247	2	2	1	1	0	38
chr4	103146108	103147355	2	2	1	3	0	13
chr4	103149409	103151218	2	2	1	2	0	46
chr4	103151378	103153046	2	2	1	2	0	29
chr4	103153251	103158299	2	2	1	2	0	27
chr4	103161458	103163136	2	2	1	2	0	40
chr4	103176049	103176898	2	2	1	3	0	40
chr4	103181457	103182761	2	2	1	1	0	21
chr4	103196253	103196758	2	2	1	1	0	33
chr4	105369754	105370836	2	2	1	3	0	23
chr4	105370874	105386566	2	2	1	1	0	22
chr4	106316595	106324984	1	1	1	1	0	12
chr4	106327565	106328075	1	1	1	4	0	36
chr4	106331884	106336868	1	1	1	1	0	43
chr4	107614388	107631630	2	2	1	2	0	36
chr4	108409146	108409563	1	1	1	0	1	23
chr4	108620601	108621950	1	1	1	3	0	24
chr4	108622025	108622104	1	1	1	47	0	43
chr4	108622205	108622514	1	1	1	387	0	46
chr4	108622619	108625127	1	1	1	1183	2	45
chr4	108625254	108630020	1	1	1	1	0	3
chr4	108650795	108655563	1	1	1	1	0	29
chr4	108655658	108657449	1	1	1	0	2	3
chr4	108746530	108746761	2	2	1	1	0	6
chr4	109685368	109687514	1	1	1	3	0	27
chr4	112644700	112647718	1	1	1	0	1	7
chr4	112646672	112646790	1	1	1	1	0	40
chr4	112646956	112647033	1	1	1	1	0	37
chr4	112646969	112647414	2	2	1	6	0	45
chr4	112646969	112648653	2	2	1	2	0	24
chr4	112647128	112647198	1	1	1	1	0	23
chr4	112647468	112648653	2	2	1	1	0	5
chr4	112647835	112649534	1	1	1	1	0	34
chr4	112958078	112958240	1	3	1	1	0	25
chr4	118279138	118279388	1	1	1	1	0	4
chr4	118279432	118279623	1	1	1	4	0	43
chr4	118338315	118352218	2	2	1	1	0	7
chr4	118478985	118480304	1	1	1	0	1	45
chr4	118688012	118689369	1	1	1	2	0	13
chr4	118704052	118705610	1	1	1	1	0	37
chr4	118752090	118752696	2	2	1	1	0	4
chr4	119525696	119538959	2	2	1	1	0	28
chr4	120907558	120922515	2	2	1	1	0	24
chr4	121672627	121677893	2	2	1	1	0	16
chr4	121677951	121678414	2	2	1	1	0	16
chr4	121678495	121681670	2	2	1	1	0	41
chr4	121810100	121811582	1	1	1	2	0	32
chr4	121813381	121813865	1	1	1	2	0	22
chr4	121814048	121816143	1	1	1	3	0	37
chr4	121814048	121816368	1	1	1	3	0	34
chr4	121816195	121816368	1	1	1	3	0	4
chr4	121816448	121816771	1	1	1	10	0	45
chr4	121817687	121818043	2	2	1	1	0	21
chr4	121820766	121820978	2	2	1	1	0	33
chr4	121822647	121823415	2	2	1	2	0	8
chr4	121855562	121858991	2	2	1	1	0	39
chr4	121861680	121863216	2	2	1	2	0	23
chr4	121863280	121867980	2	2	1	1	0	6
chr4	122197275	122199358	1	1	1	1	0	39
chr4	122339409	122343409	1	1	1	2	0	25
chr4	122355991	122356620	1	1	1	1	0	14
chr4	122761071	122767852	1	1	1	0	1	44
chr4	127896908	127898438	1	1	1	1	0	37
chr4	128036607	128037170	2	2	1	1	0	22
chr4	128074519	128074933	1	1	1	1	0	19
chr4	128074994	128077787	1	1	1	1	0	13
chr4	128091513	128098185	1	1	1	2	0	20
chr4	128158787	128158945	1	1	1	1	0	22
chr4	128271414	128272361	2	2	1	1	0	21
chr4	139072040	139073453	2	2	1	1	0	32
chr4	139290093	139292529	2	2	1	20	0	44
chr4	139292610	139295042	2	2	1	10	0	36
chr4	139349582	139351190	1	1	1	1	0	20
chr4	139360629	139361723	1	1	1	1	0	5
chr4	139361938	139370210	1	1	1	13	0	46
chr4	139448620	139463320	1	1	1	1	0	15
chr4	140543587	140550229	1	1	1	1	0	30
chr4	141221109	141222365	1	1	1	1	0	44
chr4	142086257	142108092	2	2	1	1	0	6
chr4	143526461	143527867	1	1	1	3	0	33
chr4	143538939	143540362	1	1	1	2	0	17
chr4	143543658	143543852	1	1	1	4	0	36
chr4	143543973	143544736	1	1	1	2	0	6
chr4	143544848	143545469	1	1	1	2	0	46
chr4	143545584	143545924	1	1	1	2	0	12
chr4	143546909	143547384	1	1	1	7	0	43
chr4	143547504	143547927	1	1	1	2	0	24
chr4	143550105	143553118	1	1	1	5	0	34
chr4	145098420	145104385	1	1	1	1	0	38
chr4	145104516	145105604	1	1	1	2	0	32
chr4	145110445	145110967	1	1	1	1	0	28
chr4	145117415	145119931	1	1	1	2	0	43
chr4	145123358	145123477	1	1	1	1	0	42
chr4	145125102	145127525	1	1	1	0	1	20
chr4	145886159	145892242	2	2	1	1	0	20
chr4	146187388	146189621	1	1	1	4	0	38
chr4	147638748	147638959	2	2	1	1	0	14
chr4	147639083	147642786	2	2	1	2	0	20
chr4	147732456	147822726	1	1	1	2	0	43
chr4	150852944	150867670	2	2	1	1	0	16
chr4	151101163	151102870	1	1	1	0	3	24
chr4	151103080	151104176	1	1	1	3	14	46
chr4	151104287	151104471	1	1	1	195	1	44
chr4	151128357	151132330	2	2	1	1	0	42
chr4	151133237	151135073	2	2	1	1	0	35
chr4	151135133	151137731	2	2	1	1	0	45
chr4	151390494	151390911	1	1	1	0	1	23
chr4	151717075	151719424	2	2	1	1	0	17
chr4	152347072	152350041	2	2	1	1	0	44
chr4	152895494	152895642	2	4	1	1	0	43
chr4	153409016	153414750	1	1	1	2	0	9
chr4	153604431	153612251	1	1	1	1	0	35
chr4	153627688	153632717	1	1	1	1	0	35
chr4	154536745	154537285	2	2	1	5	0	40
chr4	154537480	154537968	2	2	1	1	0	13
chr4	154538109	154539104	2	2	1	1	0	44
chr4	154540054	154540593	2	2	1	2	0	11
chr4	155353058	155353178	2	2	1	2	0	20
chr4	155355161	155355715	2	2	1	2	0	39
chr4	158709825	158710627	2	2	1	1	0	37
chr4	158710671	158710761	2	2	1	1	0	9
chr4	163494805	163507032	1	1	1	7	0	40
chr4	163514159	163515312	1	1	1	1	0	8
chr4	164877408	164878107	1	1	1	1	0	35
chr4	169136621	169155479	2	2	1	1	0	23
chr4	169424801	169426145	2	2	1	2	0	13
chr4	169577080	169580841	2	2	1	1	0	24
chr4	169692321	169695611	1	1	1	1	0	24
chr4	169729710	169731703	2	2	1	1	0	9
chr4	169742108	169748743	2	2	1	1	0	10
chr4	169748843	169750535	2	2	1	3	2	31
chr4	170075462	170078508	2	2	1	1	0	32
chr4	173248441	173292107	1	1	1	3	0	38
chr4	173317733	173318430	1	1	1	1	0	30
chr4	173318560	173321579	1	1	1	3	0	32
chr4	173332239	173332820	2	2	1	1	0	19
chr4	173332996	173333068	2	2	1	3	0	30
chr4	174302187	174303702	1	1	1	1	0	15
chr4	174316568	174317334	1	1	1	1	0	19
chr4	176327278	176328197	1	1	1	4	0	40
chr4	182680350	182680542	1	1	1	1	0	13
chr4	183208157	183208948	1	1	1	2	0	32
chr4	183240263	183245415	1	1	1	1	0	21
chr4	183248861	183249919	1	1	1	6	0	38
chr4	183249994	183253756	1	1	1	2	0	27
chr4	183286060	183289392	1	1	1	1	0	5
chr4	183649569	183650983	2	2	1	0	1	12
chr4	183902130	183903039	2	2	1	3	0	37
chr4	184717197	184724956	2	2	1	1	0	9
chr4	184725063	184728917	2	2	1	2	0	20
chr4	185191213	185203897	2	2	1	1	0	7
chr4	185320865	185323527	1	1	1	1	0	34
chr4	185400479	185403493	2	2	1	2	0	17
chr4	186603035	186603175	2	2	1	3	0	24
chr4	188739157	188739293	1	1	1	0	1	35
chr4	189961933	189963092	1	1	1	4	0	34
chr5	254507	256333	1	1	1	1	0	46
chr5	891855	892508	2	2	1	2	0	8
chr5	1801550	1802320	1	1	1	1	0	19
chr5	1802375	1814338	1	1	1	1	0	19
chr5	1814462	1815850	1	1	1	18	0	42
chr5	5441224	5443167	1	1	1	1	0	35
chr5	5486820	5489148	1	1	1	1	0	43
chr5	7820690	7826718	1	1	1	1	0	25
chr5	10258304	10258385	1	1	1	3	0	33
chr5	10258536	10260791	1	1	1	1	0	9
chr5	10263315	10264655	1	1	1	4	0	36
chr5	10430029	10433593	1	1	1	1	0	10
chr5	14378128	14381129	1	1	1	1	0	14
chr5	14687647	14690038	1	1	1	1	0	18
chr5	16701839	16702542	2	2	1	1	0	11
chr5	16702589	16702924	2	2	1	3	0	39
chr5	16703159	16704578	2	2	1	1	0	33
chr5	16766199	16769073	2	2	1	1	0	25
chr5	20519982	20555402	1	1	1	4	1	40
chr5	32271906	32273979	2	2	1	2	0	15
chr5	32364046	32364163	2	2	1	2	0	25
chr5	32379211	32380074	2	2	1	1	0	40
chr5	32388675	32390274	2	2	1	1	0	28
chr5	32397339	32400006	2	2	1	2	0	34
chr5	32417793	32419820	2	2	1	1	0	12
chr5	32587754	32588511	1	1	1	2	0	25
chr5	32588585	32591562	1	1	1	2	0	27
chr5	32591686	32598960	1	1	1	1	0	40
chr5	32599070	32601004	1	1	1	8	3	34
chr5	33445405	33453288	1	1	1	1	0	20
chr5	33453413	33454944	1	1	1	1	0	17
chr5	33455067	33455586	1	1	1	3	0	31
chr5	33457404	33458565	1	1	1	1	0	25
chr5	33462007	33462098	1	1	1	1	0	33
chr5	33463826	33466870	1	1	1	2	0	34
chr5	33466986	33467559	1	1	1	3	0	41
chr5	34811946	34812179	1	1	1	1	0	29
chr5	34812209	34813573	1	1	1	1	0	29
chr5	34826480	34829731	1	1	1	1	0	45
chr5	34915898	34918363	1	1	1	1	0	20
chr5	34939010	34941095	1	1	1	1	0	27
chr5	34941184	34944866	1	1	1	1	0	15
chr5	34945026	34945760	1	1	1	1	0	9
chr5	35968134	36037796	2	2	1	3	0	29
chr5	36111259	36114423	2	2	1	1	0	21
chr5	36168448	36170343	1	1	1	1	0	21
chr5	36177293	36183839	1	1	1	1	0	9
chr5	36971037	36971944	1	1	1	1	0	30
chr5	36995805	37000372	1	1	1	5	0	28
chr5	37000889	37000988	1	1	1	1	0	43
chr5	37002766	37003260	1	1	1	2	0	19
chr5	37008724	37010086	1	1	1	2	0	36
chr5	37017163	37019310	1	1	1	1	0	15
chr5	37051887	37052365	1	1	1	1	0	34
chr5	37052567	37057185	1	1	1	1	0	40
chr5	37379555	37381601	1	1	1	1	0	27
chr5	37727046	37752485	1	1	1	3	0	28
chr5	38482668	38484774	2	2	1	1	0	30
chr5	40832574	40834180	2	2	1	219	0	46
chr5	40834266	40834470	2	2	1	94	0	44
chr5	40834607	40835182	2	2	1	3	0	18
chr5	41840512	41842674	2	2	1	1	0	8
chr5	42756886	42759119	1	1	1	1	0	37
chr5	42759209	42762442	1	1	1	1	0	27
chr5	42769666	42779457	1	1	1	1	0	26
chr5	42779523	42783473	1	1	1	6	0	41
chr5	42783577	42796828	1	1	1	5	0	27
chr5	43139310	43161248	1	1	1	1	0	13
chr5	43161607	43161708	1	1	1	1	0	43
chr5	43527470	43529785	2	2	1	0	1	39
chr5	43536945	43538923	2	2	1	1	1	38
chr5	44812021	44813105	1	1	1	2	0	18
chr5	47853254	47857674	2	2	1	0	1	45
chr5	50686800	50688141	2	2	1	1	0	44
chr5	52788415	52849364	1	1	1	1	0	14
chr5	53485228	53485950	1	1	1	1	0	3
chr5	53603531	53646232	1	1	1	1	0	31
chr5	53646406	53658550	1	1	1	1	0	40
chr5	53658625	53683117	1	1	1	5	0	26
chr5	55256541	55259847	2	2	1	1	0	28
chr5	55285417	55285695	2	2	1	2	0	43
chr5	55294146	55295378	2	2	1	1	0	42
chr5	55295525	55296219	2	2	1	3	0	44
chr5	55327779	55328698	1	1	1	2	0	24
chr5	55341772	55343330	1	1	1	1	0	6
chr5	55345197	55347012	1	1	1	1	0	18
chr5	55405589	55410523	1	1	1	1	0	21
chr5	55414239	55415969	1	1	1	1	0	39
chr5	55422983	55424719	1	1	1	2	0	25
chr5	56914967	56916814	1	1	1	1	0	31
chr5	57214194	57221375	1	1	1	1	0	21
chr5	57214194	57230845	1	1	1	1	0	40
chr5	57221397	57230845	1	1	1	1	0	3
chr5	57230970	57231097	1	1	1	1	0	10
chr5	57236033	57246299	1	1	1	1	0	16
chr5	57251142	57261179	1	3	1	1	0	42
chr5	58457093	58457180	2	2	1	1	0	13
chr5	60945383	61073124	1	1	1	5	1	29
chr5	60945429	61073124	1	1	1	0	1	3
chr5	61045979	61073124	1	1	1	0	1	3
chr5	61073215	61098991	1	1	1	4	0	34
chr5	61099033	61152703	1	1	1	3	1	17
chr5	61160200	61161087	2	2	1	1	0	21
chr5	61279377	61305623	1	1	1	0	1	18
chr5	62306537	62347129	1	1	1	2	0	40
chr5	62352711	62353274	1	1	1	2	0	25
chr5	62353376	62355158	1	1	1	1	0	34
chr5	64575905	64594709	1	1	1	1	0	14
chr5	64695665	64717888	1	1	1	1	0	9
chr5	64724574	64728106	2	2	1	3	0	35
chr5	64728180	64741056	2	2	1	3	1	44
chr5	64800328	64801301	1	1	1	1	0	26
chr5	64885547	64971702	1	1	1	1	0	6
chr5	64977239	65018158	1	1	1	1	0	27
chr5	65529018	65529116	2	2	1	1	0	25
chr5	65563507	65567512	1	1	1	1	0	21
chr5	65625107	65635300	1	1	1	1	0	4
chr5	65763109	65777426	1	1	1	2	0	33
chr5	66046539	66048666	1	1	1	1	0	18
chr5	66163923	66164782	1	1	1	1	0	9
chr5	66170948	66174945	1	1	1	4	0	45
chr5	69167284	69167907	1	1	1	1	0	37
chr5	69168079	69168172	1	1	1	1	0	41
chr5	69171453	69174250	1	1	1	1	0	25
chr5	69175538	69177238	1	1	1	2	0	29
chr5	69177350	69177523	1	1	1	20	0	44
chr5	69228388	69229207	1	1	1	9	0	42
chr5	69259968	69262604	1	1	1	1	0	21
chr5	69273042	69276542	1	1	1	1	0	36
chr5	69276691	69277106	1	1	1	8	0	37
chr5	69283035	69285336	2	2	1	2	0	44
chr5	69365755	69366502	2	2	1	1	0	35
chr5	69432676	69432921	1	1	1	1	0	5
chr5	69560404	69562672	1	1	1	0	1	9
chr5	69560404	69565099	1	1	1	0	1	7
chr5	69567054	69567726	1	1	1	0	1	37
chr5	69567778	69568152	1	1	1	0	1	4
chr5	69579109	69579756	1	1	1	1	0	13
chr5	69975853	69978463	1	1	1	0	6	46
chr5	70026516	70032314	1	1	1	0	1	26
chr5	70049767	70063414	1	1	1	0	3	44
chr5	70063487	70065964	1	1	1	0	2	43
chr5	70067135	70067293	1	1	1	0	1	31
chr5	70069331	70070640	1	1	1	0	2	24
chr5	70070752	70076520	1	1	1	1	0	23
chr5	70076575	70077018	1	1	1	1	2	45
chr5	70139721	70142330	2	2	1	0	6	46
chr5	70415551	70417821	1	1	1	0	1	9
chr5	70415551	70420248	1	1	1	0	1	7
chr5	70422200	70422872	1	1	1	0	1	37
chr5	70422924	70423298	1	1	1	0	1	4
chr5	70850925	70853535	1	1	1	0	6	46
chr5	70901934	70907733	1	1	1	0	1	26
chr5	70925185	70938838	1	1	1	0	3	44
chr5	70938911	70941388	1	1	1	0	2	43
chr5	70942559	70942717	1	1	1	0	1	31
chr5	70944754	70946065	1	1	1	0	2	24
chr5	70951995	70952438	1	1	1	0	2	45
chr5	71059745	71060119	2	2	1	0	1	4
chr5	71060171	71060843	2	2	1	0	1	37
chr5	71062797	71067493	2	2	1	0	1	7
chr5	71065223	71067493	2	2	1	0	1	9
chr5	71140035	71142644	2	2	1	0	6	46
chr5	71467488	71470394	1	1	1	3	0	41
chr5	71470490	71483841	1	1	1	2	0	16
chr5	71483897	71486483	1	1	1	2	0	23
chr5	71486628	71489403	1	1	1	3	0	40
chr5	71495409	71497269	1	1	1	1	0	38
chr5	71512429	71513184	1	1	1	1	0	43
chr5	71516272	71517321	1	1	1	1	0	14
chr5	71517453	71522288	1	1	1	1	0	17
chr5	71522491	71522755	1	1	1	1	0	36
chr5	71541683	71542104	1	1	1	1	0	30
chr5	72882528	72883063	1	1	1	1	0	37
chr5	72900082	72900973	1	1	1	1	0	31
chr5	72905446	72908708	1	1	1	2	0	31
chr5	73503118	73504346	1	1	1	1	0	40
chr5	73504404	73505191	1	1	1	1	0	14
chr5	74629993	74634683	2	2	1	1	0	32
chr5	74720519	74720642	1	1	1	2	0	34
chr5	74720748	74721117	1	1	1	10	0	40
chr5	74746166	74747691	2	2	1	1	0	37
chr5	74767364	74768930	1	1	1	1	0	31
chr5	74769119	74769213	1	1	1	1	0	40
chr5	74774061	74776603	1	1	1	9	0	35
chr5	74814020	74834425	2	2	1	1	0	26
chr5	75347310	75350041	1	1	1	1	0	9
chr5	75374192	75379336	2	2	1	1	0	20
chr5	75379474	75381071	2	2	1	2	0	30
chr5	75381202	75381948	2	2	1	1	0	7
chr5	75411104	75416875	2	2	1	1	0	17
chr5	75417034	75419340	2	2	1	2	0	43
chr5	76589729	76590407	1	1	1	1	0	8
chr5	76632027	76637033	1	1	1	1	0	17
chr5	76695667	76697986	1	1	1	3	0	39
chr5	76885439	76885659	1	1	1	2	0	16
chr5	77036721	77039530	1	1	1	2	0	11
chr5	77054131	77055513	1	1	1	1	0	19
chr5	77433288	77436260	2	2	1	2	0	33
chr5	77691499	77693265	2	2	1	2	0	25
chr5	77693353	77708241	2	2	1	1	0	36
chr5	77708348	77776204	2	2	1	1	0	26
chr5	78216238	78225541	2	2	1	1	0	40
chr5	78227533	78228143	2	2	1	1	0	22
chr5	79397638	79401898	2	2	1	1	0	28
chr5	79588328	79627567	2	2	1	1	0	15
chr5	79682062	79685198	1	1	1	1	0	43
chr5	79987108	79988238	2	2	1	1	0	12
chr5	80082546	80083079	1	1	1	1	0	20
chr5	80672361	80672740	1	1	1	1	0	15
chr5	80775759	80778719	1	1	1	1	0	45
chr5	80864943	80873115	1	1	1	3	0	41
chr5	81420534	81428584	2	2	1	1	0	21
chr5	82276135	82276450	2	4	1	7	0	7
chr5	82276256	82276397	2	2	1	492	0	46
chr5	82276519	82277692	2	2	1	30	10	46
chr5	82277853	82278319	2	2	1	5	0	35
chr5	83512397	83537006	1	1	1	4	0	39
chr5	83541702	83581092	2	2	1	0	2	4
chr5	83548085	83553363	1	1	1	2	0	40
chr5	86618054	86619352	1	1	1	3	0	32
chr5	86618131	86619352	1	1	1	7	1	46
chr5	86619497	86620667	1	1	1	45	0	45
chr5	90394108	90399357	2	2	1	1	0	3
chr5	90475021	90485524	1	1	1	1	0	35
chr5	90488130	90490592	1	1	1	1	0	7
chr5	90488130	90495676	1	1	1	1	0	33
chr5	90495734	90497655	1	1	1	1	0	35
chr5	90497707	90501905	1	1	1	3	0	40
chr5	90497707	90501908	1	1	1	2	0	46
chr5	90501989	90506527	1	1	1	2	0	23
chr5	91254173	91271768	1	1	1	1	0	31
chr5	93881689	93958776	2	2	1	3	0	24
chr5	94643436	94649453	1	1	1	2	0	41
chr5	94649598	94651701	1	1	1	3	0	16
chr5	95507012	95509593	2	2	1	1	0	40
chr5	95547152	95548559	2	2	1	2	0	30
chr5	95548716	95550580	2	2	1	1	0	11
chr5	95550651	95554935	2	2	1	1	0	11
chr5	96729210	96729611	1	1	1	3	0	30
chr5	96736241	96737848	1	1	1	3	0	21
chr5	96740119	96741265	1	1	1	1	0	35
chr5	96741359	96741493	1	1	1	1	0	19
chr5	96746426	96747344	1	1	1	1	0	10
chr5	96750683	96754059	1	1	1	2	0	34
chr5	97165148	97167466	2	2	1	1	0	37
chr5	98856726	98858179	2	2	1	1	0	24
chr5	98858391	98858963	2	2	1	1	0	7
chr5	98859016	98859971	2	2	1	1	0	33
chr5	98869278	98869753	2	2	1	1	0	13
chr5	98883238	98885577	2	2	1	1	0	3
chr5	98899706	98900810	2	2	1	1	0	15
chr5	98901336	98902899	2	2	1	4	0	34
chr5	103017434	103019789	1	1	1	1	0	37
chr5	103148033	103148151	1	1	1	2	0	29
chr5	103151375	103152647	1	1	1	1	0	28
chr5	103153935	103154669	1	1	1	1	0	36
chr5	103550972	103552216	2	2	1	2	0	35
chr5	109846007	109847656	1	1	1	1	0	20
chr5	109847791	109855139	1	1	1	1	0	37
chr5	112161776	112162150	1	1	1	4	0	40
chr5	112767391	112775628	1	1	1	1	0	21
chr5	112878836	112887014	2	2	1	1	0	16
chr5	112992249	112992671	1	1	1	2	0	40
chr5	112992771	113001083	1	1	1	1	0	34
chr5	113001470	113001566	1	1	1	1	0	14
chr5	113004078	113007937	1	1	1	1	0	3
chr5	113535799	113539073	1	1	1	2	0	31
chr5	115271627	115275215	2	2	1	3	0	38
chr5	115832665	115837627	2	2	1	0	1	36
chr5	115870129	115895086	1	1	1	1	0	5
chr5	115902993	115913361	1	1	1	2	0	35
chr5	119098105	119101934	1	1	1	1	0	26
chr5	119116337	119118814	1	1	1	1	0	31
chr5	119456369	119473907	1	1	1	1	0	17
chr5	119474016	119474400	1	1	1	1	0	37
chr5	122020803	122022369	1	1	1	1	0	11
chr5	122022408	122026941	1	1	1	1	0	38
chr5	122827460	122827574	1	3	1	1	0	39
chr5	122827647	122829597	1	1	1	6	0	25
chr5	123378429	123382110	2	2	1	1	0	26
chr5	126545020	126546323	2	2	1	2	0	41
chr5	126546400	126549928	2	2	1	1	0	5
chr5	126550003	126550195	2	2	1	1	0	19
chr5	126556016	126559239	2	2	1	3	0	33
chr5	126577212	126582850	2	2	1	1	0	7
chr5	126592730	126593350	2	2	1	1	0	38
chr5	126604184	126608363	1	1	1	0	2	3
chr5	126608485	126617249	1	1	1	5	0	43
chr5	126810351	126811772	1	1	1	1	0	43
chr5	126819143	126820909	1	1	1	1	0	7
chr5	126832802	126836222	1	1	1	1	0	34
chr5	128171747	128174540	1	1	1	1	0	20
chr5	128177153	128178566	1	3	1	2	0	32
chr5	132589838	132591223	1	1	1	1	0	35
chr5	132591407	132591876	1	1	1	3	0	36
chr5	132604047	132604805	1	1	1	1	0	13
chr5	132608726	132609116	1	1	1	1	0	13
chr5	132609210	132609282	1	1	1	4	0	22
chr5	132609397	132616002	1	1	1	2	0	13
chr5	132616131	132618069	1	1	1	1	0	16
chr5	132696683	132699170	2	2	1	1	0	28
chr5	132866688	132866868	1	1	1	1	0	33
chr5	132867036	132867487	1	1	1	15	0	46
chr5	133065038	133067416	1	1	1	1	0	36
chr5	133076899	133086781	1	1	1	1	0	33
chr5	133089696	133091192	1	1	1	2	0	42
chr5	133096251	133097160	1	1	1	2	0	25
chr5	133097287	133099544	1	1	1	2	0	27
chr5	133099653	133101758	1	1	1	4	0	43
chr5	133101879	133103864	1	1	1	2	0	18
chr5	133104027	133104232	1	1	1	5	1	41
chr5	133991155	133992305	2	2	1	1	0	34
chr5	134167244	134173925	2	2	1	1	0	33
chr5	134174023	134176854	2	2	1	2	0	25
chr5	134380809	134388324	1	1	1	1	0	3
chr5	134758956	134763903	1	1	1	1	0	16
chr5	134764093	134766916	1	1	1	2	0	7
chr5	134767061	134770902	1	1	1	7	0	39
chr5	134771000	134773695	1	1	1	2	0	35
chr5	134773862	134777573	1	1	1	3	0	36
chr5	134783066	134784365	1	1	1	1	0	42
chr5	134795015	134795987	1	1	1	1	0	33
chr5	134817715	134818859	1	3	1	1	0	15
chr5	134827021	134828658	1	1	1	1	0	44
chr5	134910467	134959039	1	1	1	1	0	37
chr5	134959121	134960585	1	1	1	1	0	36
chr5	135335142	135343259	2	2	1	3	0	43
chr5	135359943	135360496	2	2	1	4	0	44
chr5	135360605	135369405	2	2	1	1	0	27
chr5	135574686	135578433	2	2	1	1	0	16
chr5	138170410	138170831	2	2	1	1	0	15
chr5	138184405	138184511	1	1	1	1	0	3
chr5	138417611	138418952	1	1	1	1	0	36
chr5	138510630	138511044	2	2	1	1	0	19
chr5	138555542	138566625	2	2	1	0	1	3
chr5	138556593	138556773	2	2	1	2	0	39
chr5	138556867	138557401	2	2	1	2	0	16
chr5	138557497	138557868	2	2	1	3	0	10
chr5	138557987	138558552	2	2	1	1	0	30
chr5	138824800	138827514	1	1	1	1	0	15
chr5	138827719	138886211	1	1	1	4	0	45
chr5	138929357	138930472	1	1	1	2	0	45
chr5	138932713	138933801	1	1	1	1	0	10
chr5	138934665	138934921	2	2	1	2	0	36
chr5	139279130	139279934	1	1	1	2	0	39
chr5	139317106	139317595	1	1	1	1	0	14
chr5	139317722	139318907	1	1	1	3	1	41
chr5	139319034	139319333	1	1	1	1	0	44
chr5	139319502	139321897	1	1	1	0	4	35
chr5	139322030	139322462	1	1	1	1	0	5
chr5	139322507	139322597	1	1	1	1	0	35
chr5	139322968	139325439	1	1	1	1	0	36
chr5	139325663	139326162	1	1	1	3	0	45
chr5	139326285	139329344	1	1	1	1	0	21
chr5	139341981	139363758	1	1	1	2	0	21
chr5	139363923	139364563	1	1	1	1	0	43
chr5	139414273	139420052	2	2	1	3	0	39
chr5	139614967	139623367	1	1	1	4	0	17
chr5	139623462	139626755	1	1	1	7	0	44
chr5	140281534	140300415	2	2	1	3	0	41
chr5	140438618	140440118	1	1	1	1	0	41
chr5	140507999	140509636	1	1	1	2	0	44
chr5	140512924	140513362	1	1	1	5	0	31
chr5	140513480	140524065	1	1	1	2	0	41
chr5	140524241	140525995	1	1	1	3	0	40
chr5	140539084	140539358	1	1	1	1	0	5
chr5	140551170	140551981	2	2	1	1	0	36
chr5	140645679	140647255	2	2	1	6	0	42
chr5	140653145	140653937	1	1	1	3	0	24
chr5	140654053	140654515	1	1	1	2	0	35
chr5	140660816	140661619	1	1	1	2	0	34
chr5	140661709	140661898	1	1	1	5	0	28
chr5	140662008	140662178	1	1	1	2	0	31
chr5	140662214	140662301	1	1	1	7	0	35
chr5	140700913	140702005	1	1	1	1	0	18
chr5	140703992	140704425	1	1	1	2	0	38
chr5	141572041	141573491	2	2	1	1	0	38
chr5	141576295	141576755	2	2	1	1	0	28
chr5	142003263	142004931	2	2	1	1	0	24
chr5	142144677	142151730	1	1	1	1	0	22
chr5	146114312	146120370	2	2	1	1	0	23
chr5	146128783	146128977	2	2	1	1	0	38
chr5	146129119	146130017	2	2	1	1	0	9
chr5	146139600	146139733	1	3	1	1	0	40
chr5	146143085	146143411	2	2	1	1	0	9
chr5	146153811	146153892	2	2	1	1	0	18
chr5	146160487	146164309	2	2	1	3	0	31
chr5	146168266	146171909	2	2	1	3	0	38
chr5	146171991	146172686	2	2	1	14	0	42
chr5	146172775	146177546	2	2	1	3	0	39
chr5	146177666	146182487	2	2	1	1	0	5
chr5	146219104	146223402	1	1	1	2	0	38
chr5	146258594	146260744	1	1	1	1	0	43
chr5	146263632	146267648	1	1	1	4	0	46
chr5	146267769	146269206	1	1	1	1	0	32
chr5	146269585	146270953	1	1	1	1	0	14
chr5	146463794	146469543	1	1	1	3	0	20
chr5	146470749	146471487	1	1	1	1	0	36
chr5	146482728	146483539	1	1	1	2	0	33
chr5	146483630	146492919	1	1	1	4	0	31
chr5	146498687	146503374	1	1	1	5	0	30
chr5	146504007	146507027	1	1	1	3	0	34
chr5	146507208	146507872	1	1	1	2	0	43
chr5	146698145	146701044	2	2	1	1	0	14
chr5	147394124	147395558	2	2	1	1	0	42
chr5	147405731	147408727	2	2	1	2	0	8
chr5	147408797	147412607	2	2	1	3	0	33
chr5	147601812	147612305	2	2	1	1	0	7
chr5	147612372	147617910	2	2	1	3	0	22
chr5	147631512	147632679	2	2	1	1	0	40
chr5	147644199	147644849	2	2	1	1	0	34
chr5	147644997	147648375	2	2	1	1	0	28
chr5	149511873	149513069	2	2	1	9	0	31
chr5	149513210	149517793	2	2	1	1	0	42
chr5	149513210	149520289	2	2	1	2	0	10
chr5	149525172	149550074	2	2	1	1	0	40
chr5	150357855	150361155	1	1	1	1	0	23
chr5	150392791	150393371	1	1	1	1	0	27
chr5	150396843	150398353	1	1	1	5	0	40
chr5	150444354	150445608	2	2	1	393	0	46
chr5	150445686	150446801	2	2	1	244	0	46
chr5	150446964	150447584	2	2	1	12	0	46
chr5	150447736	150449485	2	2	1	1	0	11
chr5	150447736	150449702	2	2	1	2	0	14
chr5	151035068	151035581	2	2	1	1	0	18
chr5	151101508	151103569	2	2	1	1	0	14
chr5	151742960	151746278	2	2	1	8	0	42
chr5	151772037	151786571	1	1	1	1	0	41
chr5	151797429	151799211	1	1	1	2	0	25
chr5	151800001	151800217	1	1	1	2	0	13
chr5	154451214	154452455	1	1	1	1	0	16
chr5	154773457	154802597	2	2	1	1	0	15
chr5	154790387	154790644	1	1	1	1	0	27
chr5	157360373	157361467	1	1	1	1	0	14
chr5	157813228	157814184	2	2	1	1	0	22
chr5	159270446	159270527	1	1	1	2	0	41
chr5	159275247	159278237	1	1	1	1	0	33
chr5	160404881	160405030	2	2	1	2	0	24
chr5	160405136	160406467	2	2	1	3	0	44
chr5	160407616	160407745	2	2	1	1	0	36
chr5	160407814	160407970	2	2	1	1	0	45
chr5	160421892	160422301	1	1	1	1	0	3
chr5	160427874	160428601	1	1	1	14	0	43
chr5	163442569	163443673	1	1	1	1	0	7
chr5	163454051	163456928	2	2	1	1	0	40
chr5	163470104	163501499	1	1	1	1	0	26
chr5	163471272	163471362	1	1	1	1	0	30
chr5	163471464	163473178	1	1	1	1	0	4
chr5	163473558	163474056	1	1	1	1	0	26
chr5	163474206	163475457	1	1	1	1	0	43
chr5	163475673	163478683	1	1	1	1	0	12
chr5	163482789	163483019	1	1	1	5	0	43
chr5	163483368	163484068	1	1	1	2	0	28
chr5	163516712	163517560	1	1	1	1	0	36
chr5	168486544	168488601	1	1	1	1	0	42
chr5	168500721	168502000	1	1	1	1	0	18
chr5	168506200	168506721	1	1	1	4	0	32
chr5	168506832	168510580	1	1	1	2	0	34
chr5	168518063	168519080	1	1	1	3	0	33
chr5	169588576	169591047	1	1	1	3	0	32
chr5	169601626	169604059	1	1	1	1	0	7
chr5	171390131	171391304	1	1	1	2	0	44
chr5	171391425	171391705	1	1	1	3	0	18
chr5	171391800	171392709	1	1	1	9	1	36
chr5	171392817	171392913	1	1	1	10	0	32
chr5	171392979	171400152	1	1	1	7	5	38
chr5	171400211	171400838	1	1	1	5	0	38
chr5	171400926	171405301	1	1	1	14	3	45
chr5	171405404	171407699	1	1	1	1	3	43
chr5	171407775	171410526	1	1	1	4	0	45
chr5	172062060	172087356	2	2	1	0	1	34
chr5	172926570	172932435	1	1	1	1	0	36
chr5	172968600	172969412	1	1	1	2	0	25
chr5	173057684	173080584	1	1	1	1	0	18
chr5	173608293	173609237	2	2	1	2	0	31
chr5	174676764	174712348	1	1	1	1	0	15
chr5	176384284	176385220	2	2	1	2	0	32
chr5	176386910	176388234	2	2	1	1	0	6
chr5	176388344	176388432	2	2	1	1	0	25
chr5	176494276	176496485	1	1	1	1	0	11
chr5	177001663	177002204	1	1	1	1	0	14
chr5	177212196	177235820	1	1	1	1	0	40
chr5	177244271	177246677	1	1	1	2	0	27
chr5	177302831	177303008	2	2	1	1	0	45
chr5	177305985	177306097	1	1	1	2	0	42
chr5	177306177	177306421	1	1	1	3	0	19
chr5	177467333	177467480	2	2	1	1	0	41
chr5	177512394	177512495	2	2	1	3	0	37
chr5	178153561	178153657	2	2	1	2	0	36
chr5	178205047	178205841	1	1	1	2	0	33
chr5	178206011	178206731	1	1	1	2	0	28
chr5	178206891	178207093	1	1	1	1	0	21
chr5	178207226	178209329	1	1	1	1	0	12
chr5	178210273	178210552	1	1	1	2	0	31
chr5	178214886	178215275	2	2	1	1	0	31
chr5	179601987	179605875	1	1	1	1	0	18
chr5	179615596	179616125	2	2	1	2	0	10
chr5	179617933	179617988	2	2	1	2	0	37
chr5	179619408	179620891	2	2	1	2	0	46
chr5	179705853	179706257	1	1	1	1	0	18
chr5	179709060	179709872	1	1	1	1	0	26
chr5	179710066	179716104	1	1	1	1	0	7
chr5	179723780	179724656	1	1	1	3	0	45
chr5	179726760	179728590	1	1	1	1	0	4
chr5	179837886	179840871	2	2	1	1	0	17
chr5	179955670	179963470	2	2	1	5	0	42
chr5	180494764	180495651	1	1	1	1	0	36
chr5	181237043	181237224	2	2	1	1	0	41
chr5	181237043	181237608	2	2	1	198	0	46
chr5	181237720	181238098	2	2	1	35	1	45
chr5	181238240	181239066	2	2	1	5	0	39
chr5	181239178	181239486	2	2	1	1	0	19
chr5	181239583	181241491	2	2	1	2	0	21
chr5	181241640	181242173	2	4	1	2	0	41
chr5	181242346	181243691	2	2	1	1	0	4
chr6	598124	598859	2	2	1	1	0	14
chr6	1625026	1625206	0	0	1	4	0	36
chr6	1625243	1786396	1	1	1	4	0	18
chr6	2994054	2994277	1	1	1	1	0	31
chr6	3154488	3177207	1	1	1	0	2	32
chr6	3154539	3177257	1	1	1	0	1	13
chr6	3263760	3267590	1	1	1	3	0	40
chr6	4021467	4031558	1	1	1	1	0	44
chr6	4037571	4040771	1	1	1	2	0	31
chr6	4061148	4061654	1	1	1	1	0	22
chr6	4063120	4064800	1	1	1	2	0	6
chr6	4119276	4125249	2	2	1	1	0	3
chr6	4995277	4995950	2	2	1	1	0	32
chr6	7402716	7402816	1	1	1	1	0	5
chr6	7411452	7412888	1	1	1	1	0	6
chr6	7412943	7414237	1	1	1	3	0	36
chr6	7605487	7606030	1	1	1	1	0	36
chr6	7883267	7884358	2	2	1	1	0	6
chr6	8080031	8090185	2	2	1	1	0	19
chr6	10697487	10702368	1	1	1	2	0	10
chr6	10702490	10702564	1	1	1	3	0	38
chr6	10703458	10704506	1	1	1	1	0	24
chr6	10704653	10704746	1	1	1	1	0	45
chr6	10707515	10708952	1	1	1	1	0	16
chr6	10709077	10709237	1	1	1	3	0	36
chr6	10723242	10724569	1	1	1	1	0	14
chr6	10724634	10724960	1	1	1	1	0	3
chr6	10755233	10756466	1	1	1	1	0	29
chr6	10944945	10989464	2	4	1	1	0	34
chr6	13343364	13440271	2	2	1	2	0	32
chr6	13615625	13615711	1	1	1	1	0	35
chr6	13615773	13616462	1	1	1	2	0	30
chr6	13616522	13617769	1	1	1	3	0	32
chr6	13617802	13618057	1	1	1	2	0	9
chr6	13620330	13620407	1	1	1	8	0	43
chr6	13620486	13620753	1	1	1	16	0	43
chr6	13790865	13791877	2	2	1	3	0	43
chr6	13791993	13793893	2	2	1	3	0	43
chr6	15508455	15511295	1	1	1	1	0	25
chr6	15512391	15512914	1	1	1	1	0	9
chr6	15615400	15627342	2	2	1	1	0	27
chr6	16835272	16860415	1	1	1	1	0	13
chr6	18237517	18249650	2	2	1	7	0	46
chr6	18249840	18255730	2	2	1	7	0	45
chr6	18255852	18256360	2	2	1	2	0	40
chr6	18256456	18257952	2	2	1	5	0	32
chr6	18258063	18258303	2	2	1	10	0	44
chr6	18263997	18264384	2	2	1	1	0	14
chr6	21000373	21065047	1	1	1	1	0	32
chr6	21596443	21596847	2	4	1	1	0	36
chr6	21596521	21596771	2	2	1	1	0	31
chr6	24651070	24652982	2	2	1	1	0	5
chr6	24780741	24781476	1	1	1	1	0	31
chr6	24784170	24784443	1	1	1	2	0	31
chr6	27138682	27146408	2	2	1	1	0	17
chr6	28904666	28907235	2	2	1	2	0	27
chr6	28907263	28908807	2	2	1	2	0	27
chr6	29725564	29726010	1	1	1	1	0	24
chr6	29726044	29726402	1	1	1	1	0	35
chr6	30062334	30064672	1	1	1	1	0	42
chr6	30345574	30346431	1	1	1	2	0	36
chr6	30346558	30346712	1	1	1	7	0	44
chr6	30571561	30577408	1	1	1	2	0	34
chr6	30578203	30578347	1	1	1	1	0	38
chr6	30578386	30578469	1	1	1	1	0	16
chr6	30578578	30579930	1	1	1	4	0	36
chr6	30580006	30580405	1	1	1	5	0	43
chr6	30580520	30582393	1	1	1	4	0	25
chr6	30605095	30605922	2	2	1	1	0	46
chr6	30619602	30619708	1	1	1	1	0	26
chr6	30671275	30672634	2	2	1	1	0	17
chr6	30740311	30740495	2	2	1	1	0	44
chr6	30847150	30847967	2	2	1	1	0	11
chr6	30881126	30888687	1	1	1	1	0	33
chr6	30913388	30913810	1	1	1	1	0	18
chr6	31165287	31165570	2	2	1	1	0	36
chr6	31165702	31165926	2	2	1	3	0	29
chr6	31166048	31170215	2	4	1	0	1	29
chr6	31412226	31412324	1	1	1	2	0	29
chr6	31530451	31530778	2	2	1	19	0	45
chr6	31531198	31531295	2	2	1	1	0	44
chr6	31532912	31535366	2	2	1	1	0	13
chr6	31639227	31639499	2	2	1	2	0	23
chr6	31639227	31640198	2	2	1	3	0	8
chr6	31651777	31652246	2	2	1	1	0	27
chr6	31669509	31669835	1	1	1	5	0	42
chr6	31727233	31727660	1	3	1	1	0	33
chr6	31777663	31778966	2	2	1	14	0	45
chr6	31779537	31779607	2	2	1	1	0	28
chr6	31781762	31781846	2	4	1	1	0	41
chr6	31783187	31784213	2	2	1	1	0	42
chr6	31837436	31839542	1	1	1	6	0	40
chr6	31889603	31892406	2	2	1	1	0	12
chr6	31899196	31899810	2	4	1	1	0	29
chr6	31952399	31953728	2	2	1	15	0	46
chr6	31953832	31954079	2	2	1	1	0	28
chr6	31954135	31954297	2	2	1	1	0	9
chr6	31954893	31955058	2	2	1	1	0	27
chr6	31955097	31955218	2	2	1	1	0	27
chr6	31969421	31969514	1	1	1	2	0	8
chr6	32978006	32978125	1	1	1	6	0	44
chr6	33272123	33272627	1	1	1	5	0	33
chr6	33272727	33275796	1	1	1	10	0	45
chr6	33275884	33275964	1	1	1	25	0	46
chr6	33276067	33276175	1	1	1	197	0	46
chr6	33276067	33276390	1	1	1	1	0	32
chr6	33276067	33276418	1	1	1	1	0	21
chr6	33276268	33276390	1	1	1	616	0	46
chr6	33289621	33289769	1	1	1	1	0	13
chr6	33289921	33290173	1	1	1	1	0	25
chr6	33290199	33290867	1	3	1	1	0	25
chr6	33290451	33290715	1	1	1	3	0	44
chr6	33318803	33318996	2	2	1	1	0	13
chr6	33398388	33403313	1	1	1	1	0	40
chr6	33406876	33409645	1	1	1	4	0	41
chr6	33416777	33416919	2	2	1	3	0	40
chr6	33416970	33417096	2	2	1	2	0	38
chr6	33417143	33417250	2	2	1	2	0	12
chr6	33417311	33417480	2	2	1	1	0	24
chr6	33685828	33686052	1	1	1	1	0	22
chr6	33697751	33700443	2	2	1	23	0	41
chr6	33700514	33701345	2	2	1	5	0	29
chr6	34240916	34242711	1	1	1	1	0	29
chr6	34242796	34243467	1	1	1	2	0	34
chr6	34243519	34244830	1	1	1	1	0	19
chr6	34245513	34246119	2	2	1	2	1	30
chr6	34417548	34417793	2	2	1	1	0	32
chr6	34417548	34418368	2	2	1	178	8	46
chr6	34417898	34418368	2	2	1	2	0	23
chr6	34418425	34421729	2	2	1	57	73	46
chr6	34421808	34424668	2	2	1	11	12	44
chr6	34424841	34425071	2	2	1	3	0	39
chr6	34425222	34425795	2	2	1	1	0	23
chr6	34757552	34757911	1	1	1	2	0	43
chr6	34757955	34762594	1	1	1	3	0	18
chr6	34883081	34887786	2	2	1	1	0	31
chr6	34982828	34983112	1	1	1	1	0	45
chr6	35469028	35469380	1	1	1	2	0	43
chr6	35470352	35470579	1	1	1	73	0	46
chr6	35870495	35870933	2	2	1	1	0	26
chr6	35870960	35872562	2	2	1	4	0	26
chr6	35872729	35874232	2	2	1	1	0	21
chr6	35886812	35888023	2	2	1	2	0	41
chr6	35888112	35888814	2	2	1	1	0	36
chr6	36107629	36108379	1	1	1	2	0	28
chr6	36569926	36574212	1	1	1	1	0	37
chr6	36596969	36598848	1	1	1	2	0	5
chr6	36598984	36601151	1	1	1	1	0	6
chr6	36601191	36601707	1	1	1	1	0	39
chr6	37360575	37368483	1	1	1	4	0	9
chr6	37458811	37459565	1	1	1	1	0	37
chr6	38684515	38686891	2	2	1	2	0	30
chr6	38686975	38702970	2	2	1	1	0	5
chr6	41861800	41865145	1	3	1	1	0	41
chr6	42208373	42208857	2	2	1	1	0	21
chr6	42210597	42211780	2	2	1	1	0	16
chr6	42408440	42409265	1	1	1	1	0	42
chr6	42592230	42594190	1	1	1	1	0	45
chr6	42594305	42603587	1	1	1	1	0	6
chr6	42600619	42616745	2	2	1	0	1	3
chr6	42679833	42683054	1	1	1	1	0	46
chr6	43225882	43226032	2	2	1	2	0	30
chr6	43340503	43340789	2	2	1	1	0	40
chr6	43422398	43423827	1	1	1	0	1	43
chr6	43524006	43524470	2	2	1	1	0	21
chr6	43525922	43526684	2	2	1	1	0	17
chr6	43526748	43527633	2	2	1	1	0	4
chr6	44117779	44131031	2	4	1	1	0	19
chr6	44248777	44249376	1	1	1	2	0	45
chr6	44249584	44249674	1	1	1	1	0	5
chr6	44249835	44250020	1	1	1	13	0	44
chr6	44250155	44250290	1	1	1	59	0	46
chr6	44250600	44251047	1	1	1	12	0	43
chr6	44251609	44251736	1	1	1	1	0	13
chr6	44251885	44251998	1	1	1	4	0	21
chr6	44252268	44253044	1	1	1	1	0	37
chr6	44253379	44253488	1	1	1	2	0	22
chr6	44253379	44253707	1	1	1	19	3	16
chr6	44279267	44279317	2	4	1	1	0	32
chr6	44390372	44392666	1	1	1	1	0	10
chr6	44393574	44396340	1	1	1	1	0	34
chr6	44396441	44403808	1	1	1	3	0	43
chr6	44424584	44426102	1	1	1	2	0	44
chr6	44426184	44426481	1	1	1	1	0	25
chr6	44829858	44932652	2	2	1	3	0	38
chr6	44932764	44953309	2	2	1	1	0	17
chr6	46704697	46705152	2	2	1	2	0	40
chr6	47478249	47503279	1	1	1	1	0	28
chr6	47503441	47533601	1	1	1	2	0	44
chr6	47544707	47554645	1	1	1	2	0	22
chr6	47554767	47574063	1	1	1	2	0	42
chr6	47582066	47595860	1	1	1	1	0	13
chr6	47612537	47624185	1	1	1	1	0	6
chr6	49471029	49472062	1	1	1	2	0	43
chr6	52273357	52273741	2	2	1	2	0	24
chr6	52282862	52283293	2	2	1	1	0	30
chr6	53071144	53073480	1	3	1	1	0	42
chr6	53269271	53270592	2	2	1	1	0	23
chr6	56463765	56466077	2	2	1	1	0	25
chr6	56494181	56497378	2	2	1	2	0	28
chr6	56501236	56501519	2	2	1	1	0	12
chr6	56511401	56515449	2	2	1	1	0	11
chr6	56526568	56527492	2	2	1	2	0	32
chr6	56572267	56572746	2	2	1	2	0	8
chr6	56600222	56601442	2	2	1	1	0	35
chr6	56611597	56614355	2	2	1	1	0	25
chr6	56614485	56624529	2	2	1	1	0	27
chr6	56624629	56625156	2	2	1	1	0	39
chr6	56628162	56629249	2	2	1	1	0	29
chr6	56634259	56634461	2	2	1	1	0	15
chr6	56635715	56636556	2	2	1	1	0	37
chr6	56639612	56639695	2	2	1	1	0	13
chr6	56646183	56648569	2	2	1	1	0	28
chr6	57047397	57050773	1	1	1	1	0	14
chr6	57190601	57193841	2	2	1	1	0	8
chr6	63576986	63578436	1	1	1	1	0	25
chr6	63692044	63694580	1	1	1	1	0	12
chr6	63694765	63698222	1	1	1	1	0	14
chr6	63706225	63706728	1	1	1	2	0	28
chr6	63711363	63711585	1	1	1	2	0	40
chr6	69749409	69752258	2	2	1	1	0	7
chr6	70732512	70754979	1	1	1	4	0	40
chr6	70755066	70773349	1	1	1	2	0	24
chr6	73482245	73482448	1	1	1	1	0	9
chr6	73517763	73517866	2	4	1	11	0	4
chr6	73517935	73518029	2	2	1	14	0	43
chr6	73518265	73518353	2	2	1	3	0	32
chr6	73518611	73518697	2	2	1	5	0	32
chr6	73518849	73518931	2	2	1	3	0	36
chr6	73519229	73519336	2	2	1	1	0	43
chr6	73519517	73519882	2	2	1	1	0	13
chr6	75237989	75240300	2	2	1	19	0	43
chr6	75240386	75241175	2	2	1	1	0	44
chr6	75265339	75267640	2	2	1	1	0	15
chr6	75602577	75621531	1	1	1	1	0	39
chr6	75621626	75622750	1	1	1	3	0	31
chr6	75621626	75623899	1	1	1	1	0	14
chr6	75866622	75866931	1	1	1	1	0	6
chr6	75886995	75890056	1	1	1	4	0	40
chr6	75890266	75891227	1	1	1	1	0	24
chr6	78946875	78947622	2	2	1	1	0	19
chr6	78955683	78958474	2	2	1	1	0	8
chr6	78983118	78985351	2	2	1	8	0	36
chr6	78985429	78988208	2	2	1	5	0	45
chr6	78990986	78997413	2	2	1	2	0	33
chr6	78997598	78998253	2	2	1	2	0	32
chr6	79025620	79025942	2	2	1	1	0	6
chr6	79201727	79202275	2	2	1	1	0	38
chr6	79202390	79203579	2	2	1	2	0	21
chr6	79203631	79208546	2	2	1	1	0	20
chr6	80008032	80008385	1	1	1	1	0	8
chr6	80026515	80027884	1	1	1	1	0	34
chr6	80031560	80034984	1	1	1	1	0	19
chr6	80040704	80042118	1	1	1	1	0	25
chr6	83178757	83179809	2	2	1	1	0	26
chr6	83859858	83864174	1	1	1	1	0	19
chr6	83919455	83921081	1	1	1	1	0	18
chr6	84126513	84146686	2	2	1	3	0	42
chr6	84169434	84171605	2	2	1	1	0	3
chr6	84171719	84174047	2	2	1	1	0	26
chr6	84204097	84212956	2	2	1	1	0	14
chr6	84213025	84215281	2	2	1	1	0	10
chr6	85507290	85507967	2	2	1	2	0	45
chr6	85612924	85614980	2	2	1	1	0	17
chr6	85615348	85618817	2	2	1	3	0	14
chr6	85618940	85619267	2	2	1	8	0	45
chr6	85619418	85622481	2	2	1	7	0	21
chr6	85624113	85636966	2	2	1	3	0	21
chr6	85677192	85677423	2	2	1	10	0	41
chr6	85677493	85677794	2	2	1	7	0	42
chr6	85677493	85677953	2	2	1	1	0	14
chr6	87514500	87514956	2	2	1	4	0	41
chr6	87515021	87516805	2	2	1	1	0	37
chr6	87590193	87594352	1	1	1	1	0	33
chr6	87594408	87594526	1	1	1	1	0	4
chr6	87612249	87616313	1	1	1	1	0	25
chr6	87681764	87701449	2	2	1	1	0	20
chr6	88769875	88801563	2	2	1	1	0	22
chr6	88929268	88941070	2	2	1	1	0	14
chr6	88941181	88963345	2	2	1	1	0	23
chr6	89653156	89654163	2	2	1	2	0	44
chr6	89655969	89656699	2	2	1	1	0	15
chr6	89658918	89661430	2	2	1	2	0	30
chr6	89661579	89662086	2	2	1	3	0	34
chr6	89662240	89662791	2	2	1	2	0	23
chr6	89662968	89664486	2	2	1	1	0	43
chr6	89668152	89670918	2	2	1	2	0	12
chr6	89672703	89673235	2	2	1	1	0	6
chr6	89718628	89718766	2	2	1	2	0	20
chr6	89740379	89743149	2	2	1	2	0	6
chr6	89762531	89771560	2	2	1	1	0	40
chr6	89781593	89785011	2	2	1	1	0	35
chr6	89857200	89862125	1	1	1	1	0	29
chr6	89864372	89865952	1	1	1	1	0	14
chr6	93258285	93259353	2	2	1	1	0	24
chr6	96549579	96549668	1	1	1	1	0	16
chr6	97173223	97178442	2	2	1	1	0	23
chr6	99400312	99400543	2	2	1	1	0	37
chr6	99401631	99402539	2	2	1	16	0	45
chr6	99404703	99406030	2	2	1	1	0	23
chr6	99408272	99409172	2	2	1	8	0	30
chr6	99409345	99410740	2	2	1	2	0	6
chr6	99410965	99412550	2	2	1	1	0	4
chr6	99416429	99425214	2	2	1	1	0	17
chr6	99543610	99545111	2	2	1	1	0	26
chr6	100647452	100650537	2	2	1	1	0	20
chr6	100800505	100805759	2	2	1	2	0	29
chr6	100868039	100881060	2	2	1	1	0	41
chr6	106202090	106248149	2	2	1	1	0	39
chr6	106279824	106293027	2	2	1	1	0	27
chr6	106572104	106583327	2	2	1	2	0	11
chr6	107881251	107882987	2	2	1	1	0	9
chr6	107893656	107893837	2	2	1	3	0	38
chr6	107893898	107897648	2	2	1	2	0	31
chr6	107901518	107902843	2	2	1	1	0	24
chr6	107912775	107913365	2	2	1	1	0	20
chr6	107913428	107921796	2	2	1	1	0	10
chr6	109534737	109567774	2	2	1	1	0	27
chr6	109656885	109659227	2	2	1	1	0	45
chr6	109760384	109762090	1	1	1	1	0	41
chr6	110108682	110113325	2	2	1	1	0	45
chr6	110207590	110209083	1	1	1	1	0	24
chr6	110226244	110228831	1	1	1	2	0	19
chr6	110847908	110865954	1	1	1	1	0	43
chr6	110893066	110893475	1	1	1	6	0	17
chr6	110962506	110967509	1	1	1	1	0	37
chr6	110982130	110985005	1	1	1	3	0	42
chr6	111008138	111015753	1	1	1	2	0	39
chr6	111015857	111024182	1	1	1	1	0	32
chr6	111024328	111025402	1	1	1	11	0	42
chr6	111389211	111390085	2	2	1	1	0	24
chr6	111484862	111503295	1	1	1	1	0	39
chr6	111559552	111562964	2	2	1	1	0	23
chr6	113941089	113941707	2	2	1	8	0	44
chr6	113941766	113943350	2	2	1	3	0	43
chr6	113943507	113944279	2	2	1	10	0	43
chr6	113944411	113945361	2	2	1	3	0	20
chr6	113945471	113946007	2	2	1	1	0	25
chr6	113946149	113948978	2	2	1	1	0	45
chr6	113949088	113949167	2	2	1	1	0	36
chr6	114152045	114152242	2	4	1	1	0	31
chr6	114422586	114427993	1	1	1	0	2	39
chr6	116580361	116584726	1	1	1	2	0	29
chr6	116584858	116588841	1	1	1	3	0	39
chr6	116588890	116593093	1	1	1	1	0	44
chr6	116588986	116590271	1	1	1	3	0	26
chr6	116635880	116645713	2	2	1	1	0	7
chr6	116660847	116666633	2	2	1	1	0	46
chr6	119179946	119180311	2	2	1	1	0	14
chr6	121317673	121321632	2	2	1	1	0	32
chr6	126021281	126038704	1	1	1	2	0	35
chr6	126340400	126346204	1	1	1	1	0	20
chr6	126346319	126348465	1	1	1	16	0	42
chr6	128005245	128009129	2	2	1	1	0	33
chr6	130840599	130858130	2	2	1	1	0	43
chr6	130870127	130885095	2	2	1	1	0	32
chr6	130926710	130955104	2	2	1	2	0	30
chr6	131145417	131160058	1	1	1	2	0	37
chr6	132814614	132814731	1	1	1	1	0	31
chr6	132814783	132814971	1	1	1	1	0	3
chr6	132815089	132816460	1	1	1	10	0	45
chr6	132816564	132816959	1	1	1	100	0	44
chr6	132817062	132817479	1	1	1	191	1	46
chr6	134993876	134996776	2	2	1	2	0	42
chr6	136261116	136261264	2	2	1	1	0	6
chr6	136269613	136271994	2	2	1	2	0	36
chr6	136272080	136273081	2	2	1	1	1	39
chr6	136273188	136273962	2	2	1	2	0	5
chr6	136872254	136898141	1	1	1	1	0	28
chr6	138406152	138412879	1	1	1	2	0	15
chr6	138905133	138907494	2	2	1	2	0	19
chr6	138905133	138908667	2	2	1	1	0	21
chr6	138921125	138926400	2	2	1	1	0	27
chr6	142170422	142189425	1	1	1	2	0	19
chr6	143061067	143136834	1	1	1	1	0	8
chr6	143284226	143333281	1	1	1	1	0	23
chr6	143468166	143470960	1	1	1	1	0	21
chr6	143843481	143844485	1	1	1	1	0	23
chr6	143862897	143863085	1	1	1	2	0	45
chr6	144428894	144429580	1	1	1	2	0	14
chr6	144462867	144473719	1	1	1	1	0	31
chr6	144514821	144516228	1	1	1	2	0	44
chr6	144516388	144516810	1	1	1	2	0	13
chr6	144533261	144537581	1	1	1	1	0	17
chr6	145943803	145945380	2	2	1	1	0	25
chr6	147325085	147327124	1	1	1	1	0	41
chr6	149505705	149512154	2	2	1	1	0	17
chr6	149541587	149545935	2	2	1	1	0	44
chr6	149595235	149597062	2	2	1	1	0	35
chr6	149771267	149773137	1	1	1	1	0	7
chr6	149773170	149789953	1	1	1	1	0	32
chr6	149796501	149802199	1	1	1	1	0	21
chr6	150887982	150898859	1	1	1	3	0	43
chr6	151422606	151423524	2	2	1	1	0	34
chr6	152990096	152991184	2	2	1	0	1	42
chr6	152990096	152992856	2	2	1	0	1	35
chr6	152991322	152992856	2	2	1	1	0	13
chr6	152998154	152998549	2	2	1	1	0	43
chr6	155258083	155260272	2	2	1	2	0	21
chr6	155260401	155285157	2	2	1	1	0	8
chr6	157940975	157942790	1	1	1	3	0	21
chr6	158637895	158641318	2	2	1	1	0	13
chr6	158767079	158767260	2	2	1	1	0	32
chr6	158770895	158771243	2	2	1	1	0	8
chr6	158771408	158776407	2	2	1	9	0	42
chr6	158776505	158783519	2	2	1	4	0	31
chr6	158783667	158784643	2	2	1	2	0	32
chr6	158784728	158785308	2	2	1	4	0	29
chr6	159763054	159767004	1	1	1	3	0	25
chr6	159767187	159768510	1	1	1	1	0	22
chr6	159768629	159775169	1	1	1	1	0	21
chr6	159777457	159778169	1	1	1	1	0	31
chr6	159778281	159778658	1	1	1	5	0	41
chr6	159779262	159779626	2	2	1	1	0	21
chr6	159779791	159779894	2	2	1	4	0	40
chr6	159784848	159785385	2	2	1	1	0	15
chr6	161073613	161080880	1	1	1	1	0	4
chr6	166320257	166322856	2	2	1	2	0	29
chr6	166322887	166324536	2	2	1	1	0	30
chr6	166328358	166329506	2	2	1	1	0	33
chr6	166366107	166366794	2	2	1	1	0	25
chr6	167231958	167232478	1	1	1	1	0	32
chr6	167864747	167870382	1	1	1	2	0	35
chr6	167864747	167870385	1	1	1	1	0	7
chr6	167870499	167872213	1	1	1	4	0	42
chr6	169704089	169705132	2	2	1	2	0	15
chr6	169779296	169781329	1	1	1	1	0	33
chr6	170404602	170404762	1	1	1	2	0	40
chr6	170535406	170537233	2	2	1	5	0	42
chr6	170537341	170543600	2	2	1	2	0	36
chr6	170578657	170578856	2	2	1	1	0	38
chr7	10079	10117	2	2	1	0	2	23
chr7	258706	259730	1	1	1	1	0	42
chr7	711528	712413	2	2	1	0	1	3
chr7	711528	727209	2	2	1	0	1	3
chr7	711528	727589	2	2	1	0	1	3
chr7	892419	893739	1	1	1	1	0	6
chr7	1010144	1127256	2	2	1	1	0	35
chr7	4399085	4409852	1	1	1	0	1	43
chr7	4985076	4986566	1	1	1	1	0	30
chr7	4985076	4989062	1	1	1	1	0	16
chr7	5214687	5231391	1	1	1	1	0	23
chr7	5527892	5528003	2	2	1	6	0	43
chr7	5528186	5528280	2	2	1	3	0	31
chr7	5898920	5900283	1	1	1	0	1	21
chr7	5911923	5912842	1	1	1	0	1	42
chr7	6038672	6040891	2	2	1	1	0	27
chr7	6041220	6042932	2	2	1	1	0	38
chr7	6042994	6044561	2	2	1	1	0	45
chr7	6044662	6046070	2	2	1	1	0	23
chr7	6047092	6048806	2	2	1	2	0	40
chr7	6392042	6400125	1	1	1	0	1	15
chr7	6402028	6402315	1	1	1	8	0	27
chr7	6812064	6812975	2	2	1	0	1	42
chr7	6824738	6826077	2	2	1	0	1	21
chr7	7234540	7238254	1	1	1	1	0	32
chr7	7595133	7596256	1	1	1	1	0	18
chr7	7637083	7637863	2	2	1	10	0	42
chr7	7637973	7639069	2	2	1	3	0	40
chr7	7639145	7640319	2	2	1	1	0	44
chr7	10933693	10938089	2	2	1	10	0	44
chr7	10938148	10938807	2	2	1	1	0	39
chr7	10974946	10982371	1	1	1	2	0	25
chr7	11111468	11169415	1	1	1	2	0	29
chr7	11164392	11169415	1	1	1	1	0	25
chr7	12333569	12336140	2	2	1	1	0	30
chr7	12351714	12356110	2	2	1	1	0	26
chr7	13900840	13906429	2	2	1	1	0	22
chr7	16698187	16704546	1	1	1	2	0	27
chr7	16704670	16706059	1	1	1	2	0	45
chr7	19698728	19700071	2	2	1	2	0	29
chr7	20198671	20217298	2	2	1	1	0	18
chr7	21911755	21916753	2	2	1	1	0	34
chr7	22291242	22308338	2	2	1	1	0	33
chr7	22813186	22817999	2	2	1	13	0	43
chr7	22818049	22822676	2	2	1	3	0	45
chr7	22946164	22946951	2	2	1	3	0	37
chr7	23299609	23300838	1	1	1	1	0	15
chr7	23301018	23307867	1	1	1	2	0	10
chr7	23307950	23309355	1	1	1	3	0	44
chr7	23312849	23313521	2	4	1	1	0	12
chr7	23317714	23319137	2	2	1	2	0	43
chr7	23347735	23351304	2	2	1	1	0	22
chr7	24623785	24641715	1	1	1	2	0	15
chr7	24650713	24663589	1	1	1	1	0	31
chr7	24663722	24665587	1	1	1	3	0	34
chr7	24665688	24666020	1	1	1	1	0	16
chr7	24708255	24710223	2	2	1	2	0	43
chr7	24800280	24804314	2	2	1	1	0	24
chr7	25123850	25123950	2	2	1	4	0	28
chr7	25124128	25125199	2	2	1	2	0	33
chr7	26190461	26190992	2	2	1	7	0	46
chr7	26190461	26191055	2	4	1	1	0	23
chr7	26192339	26192494	2	2	1	7	0	30
chr7	26192578	26193250	2	2	1	3	0	39
chr7	26193695	26195846	2	2	1	6	0	41
chr7	26195910	26196400	2	2	1	4	0	30
chr7	26196659	26196806	2	2	1	1	0	31
chr7	26197018	26197314	2	2	1	5	0	38
chr7	26197733	26200571	2	2	1	2	0	31
chr7	26201827	26202970	1	1	1	4	0	37
chr7	26203023	26206367	1	1	1	1	0	43
chr7	26206511	26208392	1	1	1	4	3	43
chr7	27758134	27765833	1	1	1	2	0	39
chr7	27766022	27769675	1	1	1	2	0	41
chr7	27769835	27785162	1	1	1	7	0	39
chr7	27785312	27785398	1	1	1	1	0	30
chr7	27792231	27793065	1	1	1	3	0	28
chr7	27827821	27828627	1	1	1	1	0	13
chr7	29030760	29064060	2	2	1	1	0	37
chr7	30047957	30049223	1	1	1	1	0	9
chr7	30060943	30061896	1	1	1	0	3	8
chr7	30497236	30498802	2	2	1	3	0	17
chr7	30498939	30504568	2	2	1	1	0	23
chr7	30601201	30603033	1	1	1	2	0	19
chr7	30603573	30609584	1	1	1	1	0	19
chr7	30617279	30621392	1	1	1	2	0	8
chr7	30632438	30633734	1	1	1	5	0	45
chr7	32068649	32087841	1	1	1	1	0	14
chr7	32487294	32487684	2	2	1	1	0	42
chr7	33095433	33096492	2	2	1	1	0	19
chr7	33096555	33097270	2	2	1	1	0	11
chr7	35872767	35873640	1	1	1	2	0	26
chr7	35873776	35879822	1	1	1	8	0	37
chr7	35890794	35898247	1	1	1	1	0	27
chr7	35898384	35903075	1	1	1	1	0	24
chr7	36443863	36449664	1	1	1	2	0	27
chr7	38776777	38789800	2	2	1	1	0	12
chr7	38789868	38795464	2	2	1	1	0	13
chr7	39566548	39570505	1	1	1	1	0	35
chr7	39690591	39696684	1	1	1	0	3	27
chr7	39696860	39706122	1	1	1	5	0	33
chr7	39787152	39787520	1	3	1	0	1	43
chr7	40133260	40134228	2	2	1	1	0	14
chr7	42917691	42917777	2	2	1	2	0	21
chr7	42917836	42921857	2	2	1	2	0	45
chr7	42921932	42923324	2	2	1	1	0	12
chr7	42926669	42927382	2	2	1	2	0	27
chr7	44114946	44115294	2	2	1	1	0	43
chr7	44204651	44206384	1	1	1	1	0	30
chr7	44485285	44490408	2	2	1	2	0	20
chr7	44566080	44566447	2	2	1	1	0	29
chr7	44570878	44571491	2	2	1	1	0	42
chr7	44799875	44801286	1	1	1	0	2	18
chr7	44834563	44835528	2	2	1	1	0	32
chr7	45080524	45080639	2	2	1	1	0	23
chr7	45748715	45751528	2	2	1	2	0	44
chr7	45751647	45756908	2	2	1	1	0	17
chr7	47975688	47976729	2	2	1	1	0	9
chr7	48099788	48101823	1	1	1	1	0	17
chr7	48107508	48108217	1	1	1	1	0	44
chr7	51396939	51397307	2	4	1	0	1	43
chr7	54752421	54755778	2	2	1	22	0	45
chr7	54755882	54757494	2	2	1	2	0	45
chr7	54757595	54759157	2	2	1	2	0	16
chr7	55752588	55752956	2	4	1	0	1	43
chr7	55978266	55978349	1	1	1	2	0	43
chr7	56015172	56017233	2	2	1	1	0	19
chr7	56056415	56057992	1	1	1	15	0	46
chr7	56058104	56058361	1	1	1	3	0	13
chr7	56059641	56060268	1	1	1	1	0	30
chr7	56061850	56062682	1	1	1	1	0	8
chr7	56062756	56063012	1	1	1	2	0	18
chr7	56101862	56102866	2	2	1	1	0	37
chr7	65974705	65974918	2	2	1	1	0	22
chr7	66092664	66092767	1	1	1	1	0	6
chr7	66367652	66371597	1	1	1	1	0	25
chr7	66512810	66543440	1	1	1	1	1	42
chr7	66953370	66955501	1	1	1	3	0	40
chr7	67018144	67024899	1	1	1	3	0	21
chr7	67083540	67098540	1	1	1	0	1	33
chr7	69699759	69699893	2	4	1	1	0	36
chr7	72713799	72728821	2	2	1	0	1	33
chr7	73200633	73202111	1	1	1	2	1	29
chr7	73202141	73203422	1	1	1	2	1	29
chr7	73203465	73204562	1	1	1	2	0	15
chr7	73492922	73498496	2	2	1	1	0	38
chr7	73686901	73686998	1	1	1	1	0	43
chr7	73697695	73697831	1	1	1	1	0	30
chr7	74524155	74529733	1	1	1	1	0	42
chr7	74689228	74690972	1	1	1	5	0	41
chr7	74754030	74755508	1	1	1	0	1	29
chr7	74755538	74756819	1	1	1	0	1	23
chr7	74828969	74832804	2	2	1	0	1	33
chr7	75064649	75066663	2	2	1	1	0	19
chr7	75066793	75070639	2	2	1	1	0	18
chr7	75112536	75116363	1	1	1	0	1	33
chr7	75189257	75190538	2	2	1	0	1	23
chr7	75190568	75192046	2	2	1	0	1	29
chr7	75507868	75510930	2	2	1	0	1	42
chr7	75538225	75539322	2	2	1	1	0	18
chr7	75986069	75986158	1	1	1	1	0	24
chr7	76260904	76261351	1	1	1	1	0	34
chr7	76303866	76303983	1	1	1	1	0	45
chr7	76330234	76358721	2	2	1	1	0	38
chr7	76474949	76477296	2	2	1	0	1	4
chr7	77537646	77571077	1	1	1	2	0	41
chr7	77571187	77581426	1	1	1	1	0	43
chr7	77697056	77736409	1	1	1	1	0	32
chr7	77736527	77749423	1	1	1	1	0	18
chr7	77922779	77929108	1	1	1	1	0	4
chr7	77937839	77940029	1	1	1	1	0	43
chr7	82822690	82824235	2	2	1	1	0	17
chr7	84110590	84129122	2	2	1	1	0	42
chr7	87181342	87182055	1	1	1	1	0	31
chr7	87325445	87341522	2	2	1	2	0	30
chr7	87887399	87887982	1	1	1	1	0	18
chr7	87900350	87900763	1	1	1	2	0	25
chr7	88182025	88196470	1	1	1	1	0	46
chr7	88206505	88208506	2	2	1	4	0	45
chr7	90309368	90310067	1	1	1	1	0	33
chr7	91941148	91973710	1	1	1	1	0	20
chr7	91994777	91995602	1	1	1	3	0	10
chr7	91995801	92000847	1	1	1	3	0	30
chr7	92029992	92031511	1	1	1	1	0	40
chr7	92042772	92045007	1	1	1	1	0	41
chr7	92061423	92062273	1	1	1	2	0	23
chr7	92065464	92066426	1	1	1	1	0	21
chr7	92082663	92083169	1	1	1	1	0	42
chr7	92085687	92086227	1	1	1	3	0	19
chr7	92123316	92123733	2	2	1	2	0	37
chr7	92226683	92234448	2	2	1	1	0	41
chr7	92242138	92244001	2	2	1	1	0	6
chr7	92242138	92245426	2	4	1	1	0	24
chr7	92562369	92566013	2	4	1	0	1	9
chr7	92569916	92575770	2	2	1	1	8	45
chr7	92575822	92577102	2	2	1	1	0	6
chr7	92577196	92577654	2	2	1	2	0	37
chr7	92577718	92578149	2	2	1	2	0	33
chr7	92578183	92578318	2	2	1	1	0	25
chr7	92578394	92579316	2	2	1	1	0	6
chr7	92579396	92581505	2	2	1	1	2	37
chr7	92581604	92590267	2	2	1	1	1	25
chr7	93994386	93996264	2	2	1	1	0	13
chr7	94423119	94424335	1	1	1	2	0	4
chr7	94510218	94517559	1	1	1	1	0	20
chr7	95247527	95250025	1	1	1	1	0	36
chr7	95268708	95269206	1	1	1	1	0	24
chr7	96208978	96234801	2	2	1	2	0	43
chr7	96234918	96277195	2	2	1	5	0	37
chr7	96688965	96694797	2	2	1	1	0	15
chr7	96688967	96694797	2	2	1	22	0	45
chr7	96694892	96709687	2	2	1	1	0	36
chr7	97852469	97853059	2	2	1	2	0	28
chr7	97853216	97853304	2	2	1	1	0	38
chr7	98312265	98315459	2	2	1	1	0	46
chr7	98317357	98320057	2	2	1	2	0	21
chr7	98910608	98911076	1	1	1	1	0	19
chr7	99394120	99394450	1	1	1	1	0	25
chr7	99404954	99408535	2	2	1	2	0	43
chr7	99409005	99410033	1	1	1	1	0	31
chr7	99411187	99416137	1	1	1	1	0	23
chr7	99458356	99459146	2	2	1	29	0	45
chr7	99458356	99460085	2	2	1	4	0	38
chr7	99459264	99460085	2	2	1	1	0	23
chr7	100091153	100091237	1	1	1	1	0	13
chr7	100091521	100091648	1	1	1	4	0	23
chr7	100093134	100093291	2	2	1	1	0	10
chr7	100148976	100149498	1	1	1	1	0	35
chr7	100435534	100435630	2	2	1	1	0	23
chr7	100607808	100607936	1	1	1	1	0	25
chr7	100870464	100870573	1	1	1	1	0	30
chr7	100872745	100873171	1	1	1	3	0	35
chr7	100884240	100884367	1	1	1	1	0	28
chr7	100886969	100887046	1	1	1	1	0	35
chr7	100887201	100887319	1	1	1	1	0	37
chr7	100888384	100888473	1	1	1	5	0	41
chr7	101206905	101207577	2	2	1	1	0	19
chr7	101218218	101222603	1	1	1	1	0	31
chr7	101223843	101223936	1	1	1	3	0	20
chr7	101240248	101240829	2	2	1	1	0	8
chr7	101308549	101310483	1	1	1	1	0	11
chr7	102104460	102111697	1	1	1	1	0	26
chr7	102339116	102342181	1	1	1	0	1	42
chr7	102399649	102404597	1	1	1	1	0	35
chr7	102473685	102474360	2	2	1	4	0	45
chr7	103299530	103300177	1	3	1	1	0	36
chr7	103311897	103312055	1	1	1	6	0	37
chr7	103312132	103312206	1	1	1	6	0	45
chr7	103312644	103312946	2	2	1	10	0	44
chr7	103315872	103315987	2	2	1	1	0	20
chr7	103316089	103316829	2	2	1	1	0	12
chr7	103319679	103319755	2	2	1	1	0	33
chr7	103319845	103321931	2	2	1	3	0	36
chr7	103322082	103322510	2	2	1	1	0	20
chr7	103322795	103323597	2	2	1	4	0	37
chr7	103323664	103324481	2	2	1	1	0	37
chr7	103324563	103326542	2	2	1	4	0	34
chr7	103337812	103341763	2	2	1	1	0	16
chr7	105014536	105040838	1	1	1	1	0	42
chr7	105066808	105073618	1	1	1	1	0	6
chr7	105073678	105074642	1	1	1	2	0	38
chr7	105078964	105081687	1	1	1	1	0	23
chr7	105081798	105090008	1	1	1	4	0	41
chr7	105143331	105145282	2	2	1	2	0	21
chr7	105145309	105146492	2	2	1	2	0	26
chr7	105146659	105160506	2	2	1	1	0	32
chr7	105472194	105481051	2	2	1	1	0	30
chr7	105481178	105482311	2	2	1	1	0	17
chr7	105482441	105491539	2	2	1	1	0	27
chr7	105485330	105485914	2	4	1	1	0	27
chr7	105875235	105875811	2	2	1	1	0	15
chr7	106263618	106268463	2	2	1	1	0	3
chr7	107548181	107548277	2	2	1	1	0	31
chr7	107548333	107554284	2	2	1	1	0	6
chr7	107749048	107753410	1	1	1	1	0	39
chr7	107902394	107903477	1	1	1	1	0	11
chr7	107917463	107917923	1	1	1	1	0	27
chr7	107926360	107929063	2	2	1	1	0	17
chr7	108565106	108565829	2	2	1	1	0	15
chr7	112327828	112330083	1	1	1	1	0	14
chr7	116888191	116892993	1	1	1	1	0	43
chr7	117782962	117784250	2	2	1	1	0	27
chr7	117792782	117810764	2	2	1	1	0	26
chr7	120950925	120951163	1	1	1	2	0	44
chr7	120973244	120974727	1	1	1	1	0	9
chr7	122034379	122036599	1	1	1	1	0	5
chr7	122036683	122038754	1	1	1	1	0	4
chr7	122038890	122039453	1	1	1	1	0	15
chr7	122058943	122059752	1	1	1	1	0	39
chr7	122059889	122061079	1	1	1	1	0	11
chr7	122076608	122077837	2	2	1	2	0	34
chr7	122093159	122098449	2	2	1	1	0	14
chr7	123542221	123545610	2	2	1	7	0	40
chr7	123545677	123550469	2	2	1	3	2	42
chr7	123550587	123557403	2	2	1	1	0	6
chr7	123557449	123557774	2	2	1	1	0	18
chr7	124842964	124846941	2	2	1	2	0	7
chr7	124846999	124851871	2	2	1	2	0	28
chr7	127686763	127694827	1	1	1	1	0	27
chr7	128092102	128092521	2	2	1	1	0	27
chr7	128592018	128608117	1	1	1	0	1	22
chr7	128596175	128596402	2	4	1	1	0	19
chr7	128754456	128758870	1	1	1	1	0	32
chr7	128767656	128769062	1	1	1	1	0	7
chr7	128794769	128801185	1	1	1	1	0	15
chr7	128876986	128878705	2	2	1	1	0	17
chr7	128878723	128879521	2	2	1	1	0	17
chr7	129596440	129614496	1	1	1	1	0	12
chr7	129857564	129858901	2	2	1	1	0	21
chr7	129858942	129879567	2	2	1	1	0	31
chr7	130967518	130984052	2	2	1	1	0	16
chr7	132838470	132885661	2	2	1	1	0	19
chr7	134928901	134932987	1	1	1	3	1	46
chr7	134933391	134935687	1	1	1	1	0	29
chr7	134941238	134947507	1	1	1	1	0	30
chr7	134965387	134968553	1	1	1	1	0	24
chr7	135646232	135648403	1	1	1	1	0	6
chr7	135930013	135950598	2	2	1	2	0	30
chr7	137228076	137251229	2	2	1	1	0	6
chr7	137905849	137908251	2	2	1	2	0	41
chr7	138515360	138519188	1	1	1	1	0	35
chr7	138519322	138525240	1	1	1	1	0	4
chr7	138580695	138581696	1	1	1	4	0	37
chr7	139252058	139258487	1	1	1	1	0	3
chr7	139269524	139272321	1	1	1	2	0	24
chr7	139293464	139293888	1	1	1	1	0	44
chr7	139417730	139422162	1	1	1	1	0	41
chr7	139934901	139964173	2	2	1	1	0	45
chr7	140127584	140129492	2	2	1	1	0	10
chr7	140361873	140362290	1	1	1	0	1	23
chr7	140522101	140523306	2	2	1	1	0	5
chr7	140696843	140702865	1	1	1	1	0	43
chr7	140703011	140704859	1	1	1	20	0	46
chr7	140704964	140706562	1	1	1	36	0	45
chr7	141641909	141649262	1	1	1	1	0	25
chr7	141738504	141739123	1	1	1	1	0	15
chr7	141739191	141742168	1	1	1	2	0	24
chr7	141743702	141743901	1	1	1	1	0	11
chr7	141743990	141745495	1	1	1	20	0	43
chr7	141745585	141750310	1	1	1	52	0	46
chr7	142861187	142862016	1	1	1	2	0	38
chr7	143389978	143390577	1	1	1	1	0	8
chr7	143394344	143394807	2	2	1	2	0	10
chr7	143396511	143397303	2	2	1	1	0	18
chr7	144195702	144207692	1	1	1	0	1	26
chr7	144343299	144355337	2	2	1	0	1	26
chr7	148757151	148759303	1	1	1	3	0	34
chr7	148759355	148759547	1	1	1	2	0	7
chr7	148760497	148766560	1	1	1	1	0	45
chr7	148816779	148817221	2	2	1	3	0	3
chr7	148829849	148832633	2	2	1	1	0	18
chr7	148847306	148884163	2	2	1	1	0	26
chr7	149079763	149080107	1	1	1	1	0	45
chr7	150338440	150338614	2	2	1	24	0	45
chr7	150338742	150338985	2	2	1	2	0	16
chr7	151044222	151045208	1	1	1	2	0	35
chr7	151076187	151076286	1	1	1	2	0	20
chr7	151076833	151076912	2	2	1	1	0	19
chr7	151341847	151345347	1	1	1	2	0	14
chr7	151352883	151355767	1	1	1	1	0	23
chr7	151356223	151360140	1	1	1	1	0	36
chr7	151360248	151366938	1	1	1	1	0	31
chr7	151360915	151361058	1	1	1	1	0	7
chr7	151367969	151368734	1	1	1	2	0	33
chr7	152203065	152205105	2	2	1	2	0	21
chr7	152205226	152207299	2	2	1	0	2	27
chr7	152207429	152220522	2	2	1	2	0	37
chr7	152810529	152810805	1	3	1	1	0	37
chr7	154446329	154474938	1	1	1	1	0	30
chr7	156969197	156969528	1	1	1	1	0	37
chr7	157337145	157358546	1	1	1	0	2	35
chr7	158671667	158675476	2	2	1	1	0	4
chr7	158689954	158690567	2	2	1	1	0	6
chr7	158693498	158701821	2	2	1	1	0	39
chr7	158871563	158876608	1	1	1	2	0	15
chr8	674048	692477	2	2	1	3	0	34
chr8	692613	715860	2	2	1	1	0	24
chr8	1762929	1763022	2	2	1	1	0	43
chr8	1864437	1866525	1	1	1	1	0	33
chr8	1898526	1903280	1	1	1	1	0	41
chr8	6755175	6757162	1	1	1	2	0	13
chr8	7201918	7202053	2	2	1	2	0	30
chr8	7211663	7211849	2	2	1	1	0	14
chr8	7211890	7213868	2	2	1	1	0	29
chr8	9008149	9011541	1	1	1	1	0	3
chr8	9131465	9149476	2	4	1	2	0	37
chr8	9182516	9183361	2	2	1	1	0	33
chr8	9900287	9900544	2	2	1	1	0	35
chr8	11111893	11114020	2	2	1	2	0	23
chr8	11319839	11322624	1	1	1	1	0	37
chr8	11808892	11809666	1	1	1	1	0	40
chr8	11821857	11838560	2	2	1	2	0	38
chr8	11821857	11838563	2	2	1	1	0	21
chr8	11821879	11826023	1	1	1	2	0	43
chr8	11826216	11830243	1	1	1	1	0	22
chr8	11831671	11838387	1	1	1	2	0	31
chr8	15662297	15673746	1	1	1	1	0	40
chr8	15748466	15757790	1	1	1	1	0	32
chr8	17090932	17114092	1	1	1	1	0	41
chr8	17197652	17198380	1	1	1	1	0	21
chr8	17198414	17205654	1	1	1	1	0	33
chr8	17217247	17220255	1	1	1	1	0	3
chr8	17653499	17654560	2	4	1	1	0	46
chr8	17923189	17924712	1	1	1	2	0	17
chr8	17924781	17935588	1	1	1	5	0	45
chr8	17950725	17952969	1	1	1	3	0	25
chr8	17957776	17960013	1	1	1	2	0	18
chr8	17960166	17960314	1	1	1	1	0	29
chr8	17962175	17963100	1	1	1	1	0	25
chr8	17969749	17972328	1	1	1	1	0	20
chr8	17972688	17980590	1	1	1	1	0	7
chr8	17986088	17989858	1	1	1	2	0	8
chr8	17993620	18006250	1	1	1	1	0	30
chr8	18011367	18011666	1	1	1	1	0	46
chr8	18025454	18025543	1	1	1	2	0	25
chr8	18025659	18027636	1	1	1	7	0	42
chr8	21994452	21995491	1	1	1	1	0	29
chr8	23290470	23291360	1	1	1	1	0	4
chr8	23297249	23297324	1	1	1	1	0	28
chr8	25278666	25292023	1	1	1	1	0	42
chr8	25429974	25432503	2	2	1	1	0	24
chr8	25462209	25466174	1	1	1	1	0	37
chr8	25483487	25483965	1	1	1	1	0	16
chr8	25484211	25485758	1	1	1	1	0	5
chr8	25485838	25487245	1	1	1	3	0	46
chr8	25487335	25488551	1	1	1	3	0	42
chr8	25503539	25506509	1	1	1	1	0	17
chr8	25503545	25506509	1	1	1	2	0	36
chr8	26338988	26354467	1	1	1	1	0	5
chr8	27506995	27508653	1	1	1	1	0	16
chr8	27598251	27598459	2	2	1	1	0	31
chr8	27609087	27610474	2	2	1	1	0	17
chr8	27748280	27748494	2	2	1	3	0	42
chr8	27752588	27756718	2	2	1	1	0	18
chr8	27756771	27762418	2	2	1	1	0	22
chr8	27788979	27791962	1	1	1	1	0	5
chr8	27810502	27810957	2	2	1	1	0	19
chr8	27833134	27837709	2	2	1	1	0	18
chr8	28129664	28132277	1	1	1	1	0	5
chr8	28156033	28158567	1	1	1	1	0	5
chr8	28970520	28980070	1	1	1	0	1	3
chr8	28980157	29009071	1	1	1	0	1	3
chr8	30063223	30069959	2	2	1	1	0	27
chr8	30385159	30474778	1	1	1	1	0	43
chr8	30393286	30395062	2	4	1	1	0	17
chr8	30544625	30547291	1	1	1	1	0	23
chr8	30544625	30558886	1	1	1	1	0	36
chr8	30545221	30547291	1	1	1	1	0	42
chr8	30558957	30566256	1	1	1	2	0	27
chr8	30566361	30570636	1	1	1	6	0	45
chr8	30607151	30612298	2	2	1	1	0	27
chr8	30786308	30791196	2	2	1	1	0	19
chr8	31083780	31085165	1	1	1	1	0	30
chr8	35731097	35748526	1	1	1	1	0	24
chr8	38417992	38418227	2	2	1	2	0	15
chr8	38428436	38429681	2	2	1	3	0	34
chr8	38827376	38831124	1	1	1	1	0	20
chr8	38831178	38836161	1	1	1	1	0	19
chr8	39016195	39017218	1	1	1	2	0	22
chr8	41265490	41303460	2	2	1	5	0	24
chr8	41303539	41308615	2	2	1	7	0	46
chr8	42361366	42362611	1	1	1	1	0	15
chr8	42361366	42371562	1	1	1	1	0	42
chr8	42369989	42371562	1	1	1	1	0	24
chr8	42402016	42403310	1	1	1	2	0	5
chr8	42548781	42552543	1	1	1	1	0	23
chr8	42906259	42925556	1	1	1	1	0	31
chr8	42928215	42944754	1	1	1	1	0	24
chr8	42950456	42957093	1	1	1	1	0	39
chr8	43010406	43013050	1	1	1	1	0	3
chr8	47572537	47606400	2	2	1	1	0	34
chr8	47776984	47777685	2	2	1	1	0	12
chr8	47789050	47789150	2	2	1	3	0	41
chr8	47789239	47794289	2	2	1	3	0	33
chr8	47798398	47799209	2	2	1	1	0	7
chr8	47830737	47831813	2	2	1	3	0	38
chr8	47831927	47834195	2	2	1	1	0	26
chr8	47857300	47858515	2	2	1	1	0	18
chr8	47860972	47862061	2	2	1	1	0	9
chr8	47862128	47862372	2	2	1	2	0	41
chr8	47862542	47863398	2	2	1	2	0	29
chr8	47881521	47881911	2	2	1	1	0	13
chr8	47930013	47930671	2	2	1	1	0	9
chr8	47954447	47955873	2	2	1	7	0	40
chr8	47955949	47957170	2	2	1	11	0	38
chr8	47957264	47957354	2	2	1	1	0	6
chr8	47967486	47969797	1	1	1	1	0	12
chr8	48043182	48049852	1	1	1	2	0	28
chr8	51820719	51831443	2	2	1	1	0	6
chr8	52642592	52642703	2	2	1	3	0	30
chr8	52642813	52645701	2	2	1	1	0	6
chr8	52645868	52656007	2	2	1	3	0	40
chr8	52684014	52685398	2	2	1	2	0	34
chr8	53970464	53979024	2	2	1	0	1	38
chr8	53987026	53988113	2	2	1	1	0	23
chr8	53988260	53993667	2	2	1	0	2	11
chr8	53993756	53999944	2	2	1	0	2	30
chr8	54000051	54010429	2	2	1	3	2	37
chr8	54010493	54022062	2	2	1	3	2	31
chr8	55785892	55786237	1	1	1	2	0	10
chr8	55805957	55806253	1	3	1	1	0	19
chr8	56073273	56073694	2	2	1	77	0	46
chr8	56073769	56074059	2	2	1	10	0	39
chr8	56074160	56074380	2	2	1	2	0	42
chr8	56216532	56217330	1	1	1	9	0	39
chr8	58578209	58579622	1	1	1	2	0	32
chr8	58586001	58586457	2	2	1	1	0	36
chr8	60572114	60584207	1	1	1	1	0	39
chr8	60584291	60584722	1	1	1	2	0	23
chr8	60584816	60591857	1	1	1	3	0	24
chr8	60743098	60780999	1	1	1	9	1	43
chr8	60800526	60801527	1	1	1	1	0	14
chr8	60801594	60808216	1	1	1	2	0	12
chr8	60816502	60820006	1	1	1	4	0	30
chr8	60822747	60823839	1	1	1	1	0	40
chr8	61638004	61638321	2	2	1	1	0	38
chr8	61644002	61644599	2	2	1	1	0	33
chr8	61644633	61646749	2	2	1	1	0	12
chr8	61651125	61653567	2	2	1	1	0	6
chr8	65724352	65724776	2	2	1	1	0	14
chr8	66922115	66922323	2	2	1	17	0	46
chr8	66922393	66922613	2	2	1	2	0	19
chr8	66922726	66925436	2	2	1	2	0	16
chr8	67043318	67045811	2	2	1	2	0	46
chr8	67093642	67095292	1	1	1	1	0	10
chr8	67158597	67158990	1	1	1	1	0	24
chr8	67253623	67257731	2	2	1	1	0	34
chr8	67257817	67258084	2	2	1	5	0	28
chr8	67258577	67259482	2	4	1	1	0	41
chr8	67266208	67266875	2	2	1	1	0	12
chr8	67296611	67299208	2	2	1	1	0	42
chr8	69624198	69627209	1	1	1	1	0	9
chr8	70575006	70583163	2	2	1	3	0	45
chr8	70596322	70597894	2	2	1	1	0	43
chr8	70637904	70638547	2	2	1	1	0	28
chr8	73009206	73013894	1	1	1	3	0	43
chr8	73020806	73022215	1	1	1	0	1	11
chr8	73022303	73024821	1	1	1	3	0	29
chr8	73024972	73026939	1	1	1	14	0	42
chr8	73027053	73030335	1	1	1	25	0	46
chr8	73027053	73032041	1	1	1	10	11	46
chr8	73030396	73032041	1	1	1	13	0	45
chr8	73032134	73039115	1	1	1	3	1	46
chr8	73039220	73045960	1	1	1	1	0	31
chr8	73290706	73291042	2	2	1	193	7	46
chr8	73291253	73291551	2	2	1	16	0	42
chr8	73291662	73291772	2	2	1	1	0	30
chr8	73291911	73292238	2	2	1	2	1	25
chr8	73292406	73292688	2	2	1	3	0	37
chr8	73292798	73293598	2	2	1	3	0	34
chr8	73595298	73603725	2	2	1	1	0	9
chr8	73946821	73955910	2	2	1	2	0	37
chr8	73966795	73972244	2	2	1	1	0	22
chr8	73976492	73978755	1	1	1	1	0	36
chr8	75338013	75338601	1	3	1	1	0	41
chr8	78598536	78601741	1	1	1	1	0	13
chr8	78698514	78715220	1	1	1	1	0	35
chr8	79919149	80002998	2	2	1	1	0	18
chr8	81283975	81284513	1	1	1	3	0	40
chr8	85129380	85129918	1	1	1	1	0	6
chr8	85135964	85137463	1	1	1	1	0	23
chr8	85138244	85138337	1	1	1	1	0	41
chr8	85177655	85202146	1	1	1	1	0	46
chr8	85214632	85214920	2	2	1	15	0	45
chr8	85214632	85217385	2	2	1	1	0	42
chr8	85215038	85217385	2	2	1	1	0	27
chr8	86374121	86380725	1	1	1	1	0	36
chr8	86474359	86474819	2	2	1	2	0	43
chr8	86474954	86477293	2	2	1	1	0	12
chr8	86480333	86484871	2	2	1	0	1	19
chr8	86531230	86532508	1	1	1	1	0	6
chr8	86532581	86537562	1	1	1	1	0	11
chr8	86537647	86540244	1	1	1	3	0	26
chr8	86540335	86544739	1	1	1	2	0	44
chr8	86544839	86546594	1	1	1	1	0	6
chr8	86548435	86551045	1	1	1	1	0	5
chr8	86551101	86551182	1	1	1	1	0	32
chr8	89935613	89937025	2	2	1	3	0	22
chr8	89937076	89943252	2	2	1	1	0	20
chr8	89971291	89978219	2	2	1	1	0	30
chr8	90051740	90051837	1	1	1	2	0	36
chr8	91063747	91069578	2	2	1	1	0	15
chr8	94391900	94393742	2	2	1	1	0	25
chr8	94874603	94876073	1	1	1	1	0	19
chr8	94876286	94876445	1	1	1	3	0	13
chr8	94876490	94880117	1	1	1	5	0	39
chr8	94888074	94890414	2	2	1	2	0	28
chr8	95048559	95052173	1	1	1	2	0	6
chr8	95052231	95057808	1	1	1	3	0	41
chr8	96231133	96231773	2	2	1	15	0	43
chr8	96231941	96233155	2	2	1	1	0	36
chr8	96239686	96243918	2	2	1	1	0	42
chr8	96320346	96330212	1	1	1	2	0	15
chr8	96330282	96331025	1	1	1	1	0	4
chr8	97644888	97661071	1	1	1	3	0	32
chr8	97669397	97673396	2	2	1	1	0	34
chr8	97706751	97713661	1	1	1	1	0	19
chr8	97723036	97724599	1	1	1	1	0	29
chr8	98041851	98042644	2	2	1	145	0	45
chr8	98042719	98044942	2	2	1	1	0	33
chr8	98042776	98044942	2	2	1	8	0	32
chr8	98045089	98045346	2	2	1	3	0	43
chr8	98045400	98045507	2	2	1	1	0	4
chr8	98134660	98136481	1	1	1	1	0	36
chr8	99878266	99887489	2	2	1	23	0	46
chr8	99887619	99891907	2	2	1	4	0	37
chr8	99892053	99893638	2	2	1	2	0	24
chr8	100703360	100704279	2	2	1	2	0	41
chr8	100703360	100704296	2	2	1	65	0	42
chr8	100704391	100704925	2	2	1	26	0	46
chr8	100705057	100705588	2	2	1	3	0	44
chr8	100705674	100706650	2	2	1	0	2	44
chr8	100706998	100709132	2	2	1	1	0	21
chr8	100709224	100709458	2	2	1	3	0	27
chr8	100713182	100715461	2	2	1	1	0	40
chr8	100715602	100717772	2	2	1	1	0	15
chr8	100717889	100718086	2	2	1	3	0	37
chr8	100948901	100951928	2	2	1	1	0	24
chr8	101199240	101199989	2	2	1	1	0	19
chr8	102272773	102275520	2	2	1	1	0	22
chr8	102293845	102293954	2	2	1	1	0	35
chr8	102294116	102294981	2	2	1	1	0	30
chr8	102295112	102295203	2	2	1	1	0	11
chr8	102300152	102304042	2	2	1	1	0	27
chr8	102305296	102311298	2	2	1	1	0	41
chr8	102829937	102833055	2	2	1	1	0	45
chr8	103415517	103420263	1	1	1	1	0	24
chr8	103420464	103420974	1	3	1	1	0	26
chr8	103432742	103435625	1	1	1	3	0	33
chr8	103441619	103442794	1	1	1	10	0	42
chr8	103921785	103931262	1	1	1	2	0	12
chr8	104148849	104244915	1	1	1	1	0	13
chr8	108201924	108202982	2	2	1	40	0	45
chr8	108203118	108203400	2	2	1	5	0	28
chr8	108214717	108216411	2	2	1	2	0	39
chr8	108228392	108229069	2	2	1	1	0	33
chr8	108229196	108234997	2	2	1	1	0	35
chr8	108443699	108449822	1	1	1	1	0	32
chr8	109289934	109293343	2	2	1	1	0	22
chr8	109336205	109339319	1	1	1	1	0	9
chr8	109340564	109343404	1	1	1	5	0	24
chr8	109557043	109560837	1	1	1	2	0	38
chr8	116678316	116678733	1	1	1	0	1	23
chr8	116770367	116771455	1	1	1	2	0	41
chr8	116849030	116850617	2	2	1	1	0	37
chr8	116850768	116851947	2	2	1	6	0	41
chr8	116852097	116852548	2	2	1	1	0	24
chr8	116852709	116854244	2	2	1	1	0	23
chr8	116861941	116863129	2	2	1	1	0	19
chr8	119621520	119626564	2	2	1	1	0	30
chr8	119788448	119788789	2	2	1	1	0	25
chr8	119841949	119842775	2	2	1	1	0	43
chr8	120158247	120162425	1	1	1	1	0	13
chr8	120414113	120419851	2	2	1	1	0	34
chr8	120443309	120445067	2	2	1	1	0	11
chr8	123370991	123371235	2	2	1	1	0	18
chr8	123371339	123371669	2	2	1	1	0	31
chr8	124488697	124493832	2	2	1	8	0	44
chr8	124488697	124495471	2	2	1	1	0	18
chr8	124493960	124495471	2	2	1	1	0	24
chr8	124495543	124504270	2	2	1	1	0	3
chr8	124543280	124546999	1	1	1	2	0	33
chr8	124547114	124549760	1	1	1	17	0	44
chr8	124568537	124585086	2	2	1	1	0	11
chr8	124585162	124589619	2	2	1	1	0	6
chr8	125011633	125018058	1	1	1	2	0	26
chr8	125078931	125081660	2	2	1	1	0	21
chr8	127989292	128009589	1	1	1	1	0	36
chr8	129854344	129855610	2	2	1	1	0	39
chr8	132572481	132583693	2	2	1	1	0	43
chr8	132625455	132632739	2	2	1	1	0	4
chr8	132794818	132798771	1	1	1	1	0	41
chr8	132804033	132804614	1	1	1	1	0	33
chr8	132817546	132824003	1	1	1	2	0	26
chr8	132824061	132825263	1	1	1	2	0	39
chr8	132839583	132842514	1	1	1	1	0	42
chr8	140702708	140706118	2	2	1	1	0	13
chr8	140761263	140764233	2	2	1	1	0	23
chr8	141192580	141194842	2	4	1	1	0	19
chr8	143309544	143310067	2	2	1	5	0	32
chr8	143310218	143315726	2	2	1	1	0	31
chr8	143574901	143574985	2	2	1	3	0	31
chr8	143574901	143574992	2	2	1	1	0	41
chr8	143579831	143580011	2	2	1	30	0	46
chr8	143580207	143580505	2	2	1	2	0	12
chr8	143586853	143597347	2	2	1	1	0	35
chr8	144051473	144051728	2	2	1	1	0	30
chr8	144096495	144096583	1	1	1	1	0	23
chr8	144098789	144098865	2	2	1	2	0	41
chr8	144262318	144262395	2	2	1	2	0	17
chr8	144262504	144262587	2	2	1	1	0	43
chr8	144393366	144393451	2	2	1	14	0	40
chr8	144435551	144435657	2	2	1	1	0	30
chr8	144464056	144464911	1	3	1	1	0	3
chr8	144510904	144510990	1	1	1	1	0	7
chr8	144511556	144511680	2	2	1	1	0	10
chr8	144789875	144791447	2	2	1	2	0	38
chr8	144789963	144790354	2	2	1	63	0	46
chr8	144790471	144791276	2	2	1	5	0	23
chr8	144791496	144791772	2	2	1	2	0	6
chr9	15150	15908	2	2	1	0	1	18
chr9	121574	121960	2	2	1	2	3	21
chr9	122091	123216	2	2	1	0	2	43
chr9	135031	146101	2	2	1	0	1	18
chr9	175785	178815	2	2	1	0	3	33
chr9	731267	732377	1	1	1	1	0	38
chr9	2123938	2161685	1	1	1	1	0	15
chr9	2804464	2807813	2	2	1	1	0	24
chr9	2810432	2811360	2	2	1	1	0	23
chr9	2827152	2828674	2	2	1	1	0	29
chr9	2833433	2834030	2	2	1	1	0	28
chr9	2834167	2837179	2	2	1	2	0	32
chr9	2837402	2838425	2	2	1	2	0	38
chr9	5772742	5772891	1	1	1	1	0	38
chr9	13114022	13115247	2	2	1	1	0	31
chr9	13206100	13216773	2	2	1	1	0	29
chr9	13216863	13217179	2	2	1	2	0	42
chr9	15465581	15466747	2	2	1	1	0	8
chr9	15468844	15468956	2	2	1	3	0	43
chr9	15471232	15472631	2	2	1	1	0	12
chr9	15472751	15474008	2	2	1	3	0	31
chr9	15474238	15478476	2	2	1	6	9	42
chr9	15478553	15479590	2	2	1	5	0	36
chr9	15479688	15486005	2	2	1	2	0	35
chr9	15486932	15489985	2	2	1	2	0	3
chr9	15490125	15506560	2	2	1	1	0	4
chr9	15506638	15510116	2	2	1	1	0	11
chr9	17235793	17236408	1	1	1	1	0	24
chr9	17273867	17298189	1	3	1	1	0	43
chr9	17366718	17388161	1	1	1	1	0	24
chr9	17484481	17486988	1	1	1	1	0	5
chr9	18315032	18377803	1	1	1	0	2	40
chr9	19063581	19070218	2	2	1	1	0	37
chr9	19376389	19376493	2	2	1	234	0	46
chr9	19376652	19378367	2	2	1	20	0	45
chr9	19378515	19378707	2	2	1	3	0	26
chr9	19378919	19379486	2	2	1	4	0	39
chr9	19379619	19380189	2	2	1	2	0	24
chr9	23300096	23360940	1	1	1	2	0	45
chr9	25391428	25393383	2	2	1	1	0	42
chr9	26887514	26892412	2	2	1	1	0	16
chr9	28947915	29212089	2	2	1	1	0	39
chr9	32282506	32319278	2	2	1	1	0	28
chr9	32424666	32425837	1	1	1	1	0	8
chr9	32436398	32440464	1	1	1	1	0	40
chr9	32552480	32552800	1	1	1	3	0	41
chr9	32553945	32558909	2	2	1	7	0	36
chr9	32558955	32570959	2	2	1	4	0	23
chr9	32571053	32572880	2	2	1	1	0	15
chr9	33025384	33026474	1	1	1	1	0	15
chr9	33026991	33029884	1	1	1	2	0	25
chr9	33036690	33037014	1	1	1	1	0	19
chr9	33071893	33073595	2	2	1	1	0	41
chr9	33262831	33264223	2	2	1	1	0	46
chr9	33270717	33271151	1	1	1	1	0	8
chr9	33271224	33276455	1	1	1	1	0	12
chr9	33529174	33533438	1	1	1	0	2	36
chr9	33534508	33536877	1	1	1	1	0	22
chr9	33539503	33540077	1	1	1	0	1	38
chr9	33540213	33541146	1	1	1	0	1	19
chr9	33568894	33571245	1	1	1	1	0	19
chr9	33571292	33572315	1	1	1	1	0	27
chr9	33996334	33998786	2	2	1	2	0	25
chr9	34613872	34614041	2	2	1	1	0	24
chr9	34637090	34637219	2	2	1	1	0	5
chr9	34665191	34665313	2	2	1	1	0	31
chr9	35057223	35057375	2	2	1	2	0	13
chr9	35057531	35059063	2	2	1	1	0	13
chr9	35059220	35059492	2	4	1	1	0	25
chr9	35059802	35060312	2	2	1	2	0	43
chr9	35068363	35072336	2	2	1	1	0	43
chr9	35100173	35100597	2	2	1	3	0	33
chr9	35231220	35236468	1	1	1	2	0	33
chr9	35660648	35660745	1	1	1	1	0	42
chr9	35682164	35684245	2	2	1	12	0	37
chr9	35684316	35684487	2	2	1	4	0	28
chr9	35684551	35684731	2	2	1	3	0	40
chr9	35684808	35685268	2	2	1	3	0	27
chr9	35685340	35685433	2	2	1	1	0	43
chr9	35685552	35685646	2	2	1	1	0	40
chr9	35720914	35721647	2	2	1	2	0	11
chr9	35724960	35725223	2	2	1	1	0	16
chr9	35726072	35740842	2	2	1	1	0	13
chr9	35738633	35738751	2	2	1	1	0	5
chr9	35813146	35813265	2	2	1	1	0	42
chr9	36197589	36198978	1	1	1	1	0	4
chr9	36199097	36204067	1	1	1	1	0	7
chr9	36204180	36211602	1	1	1	1	0	5
chr9	36657364	36665349	1	1	1	1	0	15
chr9	37327835	37349356	1	1	1	1	0	25
chr9	37354825	37356834	1	1	1	1	0	43
chr9	37588933	37592411	2	2	1	3	0	44
chr9	38596404	38601130	2	2	1	1	0	3
chr9	38601202	38603158	2	2	1	1	0	18
chr9	38603213	38604152	2	2	1	0	1	19
chr9	38604288	38604862	2	2	1	0	1	38
chr9	38607494	38610272	2	2	1	1	0	21
chr9	38611322	38615593	2	2	1	0	2	36
chr9	40595941	40600947	1	1	1	0	1	38
chr9	40598428	40600947	1	1	1	0	2	38
chr9	40599263	40600947	1	1	1	0	2	38
chr9	41132358	41133504	2	2	1	0	2	43
chr9	41145333	41156382	2	2	1	0	1	18
chr9	41186080	41189104	2	2	1	0	3	33
chr9	44042330	44080952	2	2	1	0	1	40
chr9	44042330	44088268	2	2	1	0	1	40
chr9	62897735	62899847	1	1	1	0	1	3
chr9	63039121	63040809	2	2	1	0	2	38
chr9	63039121	63041601	2	2	1	0	1	38
chr9	63974814	63986226	2	2	1	0	1	18
chr9	65207709	65210189	1	1	1	0	1	38
chr9	65208500	65210189	1	1	1	0	1	38
chr9	65288016	65288402	2	2	1	1	0	18
chr9	65288533	65289657	2	2	1	0	2	43
chr9	65301477	65312570	2	2	1	0	1	18
chr9	65676131	65679165	1	1	1	0	3	33
chr9	65708959	65720040	1	1	1	0	1	18
chr9	65731868	65732992	1	1	1	0	2	43
chr9	68242186	68245212	1	1	1	0	3	33
chr9	68274939	68285988	1	1	1	0	1	18
chr9	68297818	68298963	1	1	1	0	2	43
chr9	68563786	68605170	2	2	1	2	0	42
chr9	69225408	69226021	1	1	1	1	0	12
chr9	70225835	70225967	1	1	1	2	0	33
chr9	70277473	70278490	1	1	1	1	0	9
chr9	70280900	70282421	1	1	1	1	0	35
chr9	70344270	70346604	1	1	1	4	0	38
chr9	70346650	70347065	1	1	1	2	0	22
chr9	70826671	70827846	2	2	1	2	0	36
chr9	71750386	71768356	2	2	1	1	0	20
chr9	72356102	72356930	2	2	1	2	0	28
chr9	74999871	75016267	2	2	1	1	0	38
chr9	75016432	75017252	2	2	1	1	0	10
chr9	76189747	76193236	1	1	1	1	0	38
chr9	77205409	77205977	1	1	1	1	0	20
chr9	77220082	77220276	1	1	1	1	0	27
chr9	77252353	77260085	1	1	1	1	0	32
chr9	77332114	77337254	1	1	1	2	0	31
chr9	77340283	77340403	1	1	1	1	0	16
chr9	77407608	77415955	1	1	1	1	0	5
chr9	77922346	78031099	2	2	1	1	0	44
chr9	79721889	79722450	1	1	1	1	0	35
chr9	79723036	79725036	1	1	1	1	0	17
chr9	83806561	83816995	2	2	1	1	0	39
chr9	83969381	83970161	2	2	1	0	1	7
chr9	83969441	83970161	2	2	1	0	1	7
chr9	83970332	83970736	2	2	1	1	0	29
chr9	83971357	83971671	2	2	1	1	0	38
chr9	83972190	83972843	2	2	1	2	0	12
chr9	83973974	83974516	2	2	1	2	0	34
chr9	83974590	83975461	2	2	1	1	0	26
chr9	83975506	83976994	2	2	1	2	0	44
chr9	83977052	83977688	2	2	1	1	0	39
chr9	83977787	83978194	2	2	1	1	0	30
chr9	83978453	83980118	2	2	1	1	0	25
chr9	83978453	83980152	2	2	1	3	0	31
chr9	83978453	83980502	2	2	1	1	0	27
chr9	86027894	86033281	2	2	1	1	0	20
chr9	86046573	86052536	2	2	1	1	0	7
chr9	86052592	86077411	2	4	1	1	0	27
chr9	86308607	86309211	2	2	1	1	0	10
chr9	87384068	87416511	2	2	1	1	0	13
chr9	89315298	89316372	1	1	1	2	0	35
chr9	89328887	89332907	1	1	1	1	0	27
chr9	89334731	89338457	1	1	1	2	0	37
chr9	92222673	92223345	2	2	1	1	0	9
chr9	92305831	92306885	2	2	1	2	0	24
chr9	92307025	92310170	2	2	1	1	0	6
chr9	93317632	93320366	1	1	1	1	0	22
chr9	93347892	93353197	2	2	1	0	4	42
chr9	94101752	94104274	1	1	1	1	0	43
chr9	94602481	94664674	1	1	1	0	2	21
chr9	97161967	97162546	2	2	1	1	0	43
chr9	97173061	97178263	2	2	1	4	0	45
chr9	97178414	97185441	2	2	1	1	0	27
chr9	97180917	97185441	2	2	1	4	0	39
chr9	97187508	97188464	2	2	1	1	0	28
chr9	97194841	97195478	2	2	1	1	0	19
chr9	97627613	97633242	2	2	1	1	0	33
chr9	97662145	97662953	1	1	1	1	0	21
chr9	97669707	97671085	1	1	1	1	0	38
chr9	98005154	98011270	1	1	1	2	0	22
chr9	98011390	98012420	1	1	1	3	0	16
chr9	98012473	98015363	1	1	1	6	0	45
chr9	98155478	98155611	2	4	1	1	0	17
chr9	99222644	99227898	1	1	1	1	0	43
chr9	99228001	99230336	1	1	1	1	0	7
chr9	99985070	100006505	2	2	1	2	0	40
chr9	100302305	100303631	2	2	1	5	0	19
chr9	100326480	100327786	2	2	1	1	0	38
chr9	101550786	101551683	1	1	1	1	0	20
chr9	101552263	101552382	1	1	1	1	0	32
chr9	101560927	101561089	1	1	1	2	0	19
chr9	101562012	101562245	1	1	1	1	0	22
chr9	104099683	104100092	1	1	1	1	0	22
chr9	104111815	104113315	1	1	1	2	0	15
chr9	104120163	104123107	1	1	1	1	0	41
chr9	108942835	108942960	2	2	1	1	0	14
chr9	108990846	108992631	2	2	1	2	0	14
chr9	108999257	109013301	2	2	1	1	0	19
chr9	109279922	109320140	2	2	1	1	0	4
chr9	110244220	110244777	2	2	1	23	0	46
chr9	110244844	110250819	2	2	1	3	0	41
chr9	110250880	110251357	2	2	1	1	0	7
chr9	110251463	110256411	2	2	1	1	0	35
chr9	111362170	111363587	2	2	1	1	0	16
chr9	111363660	111366238	2	2	1	1	0	7
chr9	111366628	111369034	2	2	1	3	0	19
chr9	111370628	111370721	2	2	1	1	0	29
chr9	111375203	111376475	2	2	1	1	0	4
chr9	111376542	111378579	2	2	1	1	0	22
chr9	111932360	111932826	1	1	1	1	0	30
chr9	112993742	112993804	2	4	1	1	0	34
chr9	113408984	113409609	2	2	1	1	0	4
chr9	114592653	114597569	1	1	1	2	0	24
chr9	120389293	120389740	2	2	1	1	0	25
chr9	120389788	120394511	2	2	1	1	0	20
chr9	120487438	120491306	2	2	1	1	0	6
chr9	120491478	120518426	2	2	1	1	0	16
chr9	120530141	120536371	2	2	1	1	0	36
chr9	120568389	120571973	2	2	1	1	0	6
chr9	120572042	120579919	2	2	1	1	0	18
chr9	121107996	121112458	1	1	1	1	0	31
chr9	121112579	121113501	1	1	1	1	0	24
chr9	121140787	121141380	1	1	1	1	0	9
chr9	122247605	122251846	2	2	1	1	0	25
chr9	122855398	122855731	2	2	1	1	0	35
chr9	123074429	123076244	1	1	1	1	0	40
chr9	123090386	123097740	1	1	1	1	0	7
chr9	123125674	123128213	2	2	1	1	0	25
chr9	123136182	123136380	2	2	1	1	0	45
chr9	123139688	123146854	2	2	1	3	0	34
chr9	123147055	123147777	2	2	1	1	0	18
chr9	123147871	123158011	2	2	1	1	0	3
chr9	124353710	124356763	2	2	1	6	0	45
chr9	124538317	124540032	2	2	1	1	0	35
chr9	124858068	124858457	2	2	1	1	0	6
chr9	124858068	124860182	2	2	1	159	21	46
chr9	124860265	124861418	2	2	1	29	2	38
chr9	124873765	124874974	1	1	1	1	0	6
chr9	124875152	124876877	1	1	1	1	0	33
chr9	125238309	125238589	2	2	1	1	0	19
chr9	125240310	125240675	2	2	1	1	0	22
chr9	125657800	125669817	2	2	1	1	0	24
chr9	125669908	125672315	2	2	1	1	0	9
chr9	127335334	127336127	1	1	1	1	0	27
chr9	127447727	127447876	2	2	1	126	1	45
chr9	127447990	127448336	2	2	1	106	0	46
chr9	127447990	127449276	2	2	1	1	0	23
chr9	127448424	127449280	2	2	1	15	0	32
chr9	127449363	127449609	2	2	1	12	0	43
chr9	127449709	127450730	2	2	1	8	0	41
chr9	127791491	127792330	2	4	1	1	0	40
chr9	128170108	128176350	2	2	1	1	0	4
chr9	128350576	128352637	1	1	1	1	0	16
chr9	128608050	128608129	1	1	1	1	0	23
chr9	128632719	128632807	1	1	1	1	0	5
chr9	128689656	128691169	1	1	1	4	0	38
chr9	128692766	128692867	1	1	1	1	0	30
chr9	128692982	128693637	1	1	1	5	0	40
chr9	128693809	128693895	1	1	1	1	0	6
chr9	128694043	128694640	1	1	1	1	0	3
chr9	128829156	128829744	2	2	1	1	0	10
chr9	128986679	128986808	1	1	1	1	0	13
chr9	129147966	129148777	1	3	1	1	0	45
chr9	129635327	129635513	1	1	1	1	0	32
chr9	129909000	129915965	2	2	1	1	0	15
chr9	129915981	129923843	2	2	1	1	0	15
chr9	130499571	130500975	1	1	1	1	0	30
chr9	130632279	130634666	1	1	1	1	0	27
chr9	130717754	130749913	2	2	1	1	0	22
chr9	131132660	131133105	1	1	1	2	0	33
chr9	131230770	131232283	1	1	1	1	0	10
chr9	131232309	131233453	1	1	1	3	0	25
chr9	131580392	131582604	2	2	1	1	0	23
chr9	131584413	131584517	2	2	1	1	0	24
chr9	132277153	132278069	2	2	1	1	0	25
chr9	133349701	133349911	1	1	1	2	0	33
chr9	133350053	133350239	1	1	1	6	0	42
chr9	133350320	133350596	1	1	1	7	0	44
chr9	133350728	133351001	1	1	1	32	0	40
chr9	133351072	133351261	1	1	1	177	0	45
chr9	133351983	133352060	2	2	1	2	0	29
chr9	133360130	133360264	1	1	1	1	0	14
chr9	133360435	133361055	1	1	1	4	0	32
chr9	133366029	133366598	2	2	1	1	0	22
chr9	133657230	133658315	1	1	1	1	0	19
chr9	134155768	134156505	1	1	1	2	0	23
chr9	135881795	135882815	2	2	1	3	0	25
chr9	136375801	136376348	2	2	1	1	0	36
chr9	136410740	136411996	1	1	1	1	0	18
chr9	136839487	136839693	1	1	1	1	0	19
chr9	136862346	136862905	2	2	1	6	0	37
chr9	136921216	136923851	1	1	1	2	0	13
chr9	136992563	136992639	1	1	1	1	0	44
chr9	136993412	136993579	1	1	1	1	0	26
chr9	137007338	137007467	1	3	1	1	0	15
chr9	137717183	137728348	1	1	1	1	0	25
chr9	137728530	137743370	1	1	1	2	0	17
chr9	137762821	137775108	1	1	1	1	0	27
chr10	221357	236837	1	1	1	1	0	3
chr10	240112	242020	1	1	1	1	0	37
chr10	1001014	1005817	1	1	1	1	0	31
chr10	1007129	1008957	1	1	1	4	0	17
chr10	1009036	1009528	1	1	1	7	0	44
chr10	1009581	1010419	1	1	1	4	0	46
chr10	1010521	1012464	1	1	1	1	0	40
chr10	1014313	1015752	1	1	1	2	0	18
chr10	1015897	1017074	1	1	1	1	0	44
chr10	5757674	5758886	1	1	1	1	0	7
chr10	5766296	5766493	2	2	1	1	0	13
chr10	5766639	5768212	2	2	1	0	1	16
chr10	5785274	5785851	2	2	1	1	0	32
chr10	5924509	5925366	1	1	1	0	1	3
chr10	5924802	5925366	1	1	1	0	1	3
chr10	6101388	6104930	1	1	1	4	0	44
chr10	6105098	6106140	1	1	1	1	0	3
chr10	6114148	6115238	1	1	1	1	0	24
chr10	6115312	6115452	1	1	1	4	0	43
chr10	7756143	7759889	2	2	1	3	0	43
chr10	7779020	7780055	2	2	1	1	0	6
chr10	7788264	7796120	1	1	1	1	0	34
chr10	7799195	7799771	1	1	1	1	0	45
chr10	7799916	7800026	1	3	1	1	0	21
chr10	7802426	7802757	1	1	1	1	0	9
chr10	7802855	7806973	1	1	1	7	0	37
chr10	7802855	7807658	1	1	1	1	0	38
chr10	7807011	7807658	1	1	1	13	0	37
chr10	8013838	8014636	1	1	1	1	0	41
chr10	12035442	12042754	2	2	1	3	0	28
chr10	12167812	12170716	2	2	1	4	0	40
chr10	12196320	12198704	1	1	1	1	0	32
chr10	12217468	12230947	1	1	1	1	0	12
chr10	12230997	12235047	1	1	1	1	0	31
chr10	12249719	12250310	1	1	1	1	0	44
chr10	13172766	13175509	1	1	1	1	0	31
chr10	13183101	13186163	1	1	1	1	0	29
chr10	13191400	13192254	1	1	1	1	0	7
chr10	13197768	13198688	1	1	1	1	0	39
chr10	13198808	13201420	1	1	1	1	0	21
chr10	13319357	13322834	2	2	1	5	0	44
chr10	13328451	13329697	2	2	1	3	0	43
chr10	13329789	13333816	2	2	1	1	0	29
chr10	13333972	13336242	2	2	1	0	1	26
chr10	13616554	13630259	1	1	1	1	0	30
chr10	14838460	14839904	1	1	1	1	0	25
chr10	14867910	14870596	1	1	1	1	0	24
chr10	15102337	15103304	1	1	1	1	0	5
chr10	16593497	16695022	2	2	1	1	0	9
chr10	17162238	17168840	2	2	1	1	0	31
chr10	17235890	17236293	1	1	1	4	0	45
chr10	21534805	21538832	1	1	1	1	0	13
chr10	21612452	21614830	1	1	1	2	0	34
chr10	21614925	21617111	1	1	1	1	0	26
chr10	22540075	22541803	2	2	1	1	0	11
chr10	24536894	24542692	1	1	1	1	0	39
chr10	26166179	26168711	1	1	1	1	0	42
chr10	26748746	26751597	2	2	1	1	0	44
chr10	27024560	27028851	2	2	1	2	0	7
chr10	27028946	27029285	2	2	1	1	0	12
chr10	27035753	27037185	2	2	1	1	0	33
chr10	27043568	27044156	2	2	1	1	0	29
chr10	27061243	27061926	2	2	1	1	0	35
chr10	27067287	27077337	2	2	1	3	0	41
chr10	27092513	27100084	2	2	1	1	0	29
chr10	27114608	27116059	2	2	1	1	0	21
chr10	27116134	27116218	2	2	1	1	0	44
chr10	27526890	27532506	1	1	1	1	0	24
chr10	29555109	29563200	2	2	1	1	0	25
chr10	29569313	29657968	2	2	1	1	0	33
chr10	31831801	31843460	2	2	1	1	0	31
chr10	32019960	32021021	2	2	1	1	0	19
chr10	32022258	32022847	2	2	1	1	0	31
chr10	32023037	32028427	2	2	1	1	0	32
chr10	32034039	32034689	2	2	1	1	0	17
chr10	32034839	32035521	2	2	1	4	0	27
chr10	32035668	32035889	2	2	1	3	0	43
chr10	32035995	32037253	2	2	1	1	0	33
chr10	32040458	32048463	2	2	1	1	0	30
chr10	32269136	32271553	2	2	1	1	0	30
chr10	32291323	32292495	2	2	1	1	0	12
chr10	32908535	32910222	2	2	1	0	2	46
chr10	32930045	32932514	2	2	1	2	0	22
chr10	34312383	34317106	2	2	1	5	0	38
chr10	34317339	34331116	2	2	1	4	0	38
chr10	35354345	35355484	2	4	1	2	0	45
chr10	35569121	35570051	1	1	1	1	0	26
chr10	37882852	37893564	1	1	1	0	1	38
chr10	41872090	41883671	1	1	1	0	1	18
chr10	41897309	41902299	1	1	1	1	0	32
chr10	42798626	42802136	1	1	1	4	0	21
chr10	42802219	42816598	1	1	1	7	0	42
chr10	42816673	42817317	1	1	1	1	0	15
chr10	45789492	45790355	1	1	1	1	0	22
chr10	45982617	45982845	1	1	1	1	0	11
chr10	46772485	46776752	2	2	1	0	1	37
chr10	47563685	47567952	1	1	1	0	1	37
chr10	49934164	49941508	2	2	1	2	0	46
chr10	50130040	50130900	1	1	1	1	0	5
chr10	50187505	50189498	2	2	1	0	1	4
chr10	50338883	50357805	1	1	1	0	1	5
chr10	50752557	50754550	1	1	1	0	1	4
chr10	54166861	54172241	2	2	1	0	3	30
chr10	58386339	58388189	1	1	1	3	0	24
chr10	58388261	58388669	1	1	1	6	0	45
chr10	59832654	59852552	2	2	1	1	0	9
chr10	59852703	59906121	2	2	1	1	0	35
chr10	60029827	60042671	2	2	1	1	0	3
chr10	60106060	60108829	2	2	1	1	0	11
chr10	60788231	60791889	1	3	1	1	0	23
chr10	60792290	60793876	1	1	1	1	0	37
chr10	60871652	60872184	2	2	1	1	0	11
chr10	62199862	62204856	2	2	1	2	0	20
chr10	62239766	62241141	2	2	1	2	0	26
chr10	62947348	62947645	1	1	1	0	1	23
chr10	63036682	63044348	1	1	1	0	1	46
chr10	63193152	63193344	2	2	1	2	0	37
chr10	63197564	63198512	2	2	1	2	0	25
chr10	63200678	63206594	2	2	1	1	0	33
chr10	63215152	63215262	2	2	1	12	0	35
chr10	63215456	63215552	2	2	1	3	0	45
chr10	63619801	63620812	1	1	1	2	0	24
chr10	67887534	67888881	1	1	1	0	1	3
chr10	67923140	67925084	2	2	1	2	0	32
chr10	68337997	68338502	1	1	1	2	0	15
chr10	68521903	68551044	1	1	1	1	0	16
chr10	68673046	68673400	1	1	1	1	0	38
chr10	68756484	68757293	1	3	1	2	0	20
chr10	68757378	68761006	1	1	1	1	0	28
chr10	68766080	68771205	1	1	1	13	0	37
chr10	68773100	68786135	1	1	1	1	0	43
chr10	68788329	68789709	1	1	1	1	0	13
chr10	68789916	68791206	1	1	1	4	0	40
chr10	68956313	68959805	1	1	1	17	0	46
chr10	68965495	68967017	1	1	1	1	0	27
chr10	69155888	69157006	1	1	1	1	0	20
chr10	69168632	69171155	1	1	1	3	0	39
chr10	69957043	69958698	1	1	1	3	0	21
chr10	70152593	70153837	2	2	1	3	0	39
chr10	70209291	70209557	2	2	1	1	0	34
chr10	72216139	72223887	1	1	1	1	0	18
chr10	72230441	72233000	1	1	1	1	0	36
chr10	72563064	72566632	2	2	1	2	0	32
chr10	72566795	72626009	2	2	1	1	0	35
chr10	73134814	73136703	2	2	1	1	0	17
chr10	73250992	73251762	2	2	1	1	0	38
chr10	73252024	73252469	2	2	1	1	0	3
chr10	73782442	73783073	1	1	1	1	0	14
chr10	73814506	73815002	2	2	1	2	0	43
chr10	74072853	74074742	1	1	1	3	0	14
chr10	74083514	74089195	1	1	1	1	0	26
chr10	74089350	74090022	1	1	1	1	0	43
chr10	74114900	74118022	1	1	1	2	0	35
chr10	74525427	74589281	1	1	1	3	0	18
chr10	74589318	74600378	1	1	1	1	0	36
chr10	75219216	75219303	1	1	1	1	0	28
chr10	75219357	75220742	1	1	1	1	0	9
chr10	75220971	75222251	1	1	1	0	1	8
chr10	77977627	77980140	2	2	1	1	0	3
chr10	77991168	77993196	2	2	1	1	0	24
chr10	78025143	78025621	2	2	1	1	0	11
chr10	78035418	78035510	1	1	1	4	0	32
chr10	78035721	78037193	1	1	1	26	19	46
chr10	78037305	78037438	1	1	1	6	0	3
chr10	78037305	78040200	0	0	1	1	0	3
chr10	78037305	78040203	1	1	1	59	1	22
chr10	78037305	78040614	1	1	1	117	1	45
chr10	78037442	78040203	1	1	1	6	1	3
chr10	78040226	78040614	1	1	1	62	1	24
chr10	79804528	79806038	2	2	1	1	0	3
chr10	79806123	79808758	2	2	1	1	0	5
chr10	80420646	80422416	1	1	1	1	0	7
chr10	84141630	84142654	1	1	1	2	0	20
chr10	84150244	84150708	1	1	1	1	0	12
chr10	84438708	84463932	1	1	1	2	0	36
chr10	86467507	86470991	2	2	1	3	0	39
chr10	86472765	86473877	2	2	1	1	0	21
chr10	86497320	86499717	2	2	1	1	0	17
chr10	86892471	86895302	2	4	1	1	0	44
chr10	87059274	87060160	2	2	1	1	0	23
chr10	87076024	87076575	2	2	1	0	1	37
chr10	87947440	87947646	2	2	1	1	0	22
chr10	88901739	88905442	1	1	1	2	0	33
chr10	89711146	89714046	1	1	1	2	0	36
chr10	89714084	89714954	1	1	1	2	0	37
chr10	89719707	89723963	1	1	1	1	0	10
chr10	89724104	89725019	1	1	1	1	0	14
chr10	89729248	89732902	1	1	1	1	0	5
chr10	89733057	89737386	1	1	1	1	0	17
chr10	89743928	89745898	1	1	1	1	0	31
chr10	89751472	89752566	1	1	1	1	0	42
chr10	89752692	89754517	1	1	1	3	0	22
chr10	90896393	90900569	1	1	1	1	0	5
chr10	90903277	90908282	1	1	1	2	0	38
chr10	91851337	91855028	1	1	1	1	0	3
chr10	91940067	91942421	1	1	1	1	0	9
chr10	91984405	91989153	1	1	1	3	0	18
chr10	92515043	92531747	2	2	1	1	0	5
chr10	92621474	92628807	1	1	1	1	0	21
chr10	92650518	92653664	1	1	1	1	0	16
chr10	93669869	93670769	2	2	1	3	0	37
chr10	93684099	93685245	2	2	1	1	0	29
chr10	93692094	93692645	2	2	1	2	0	21
chr10	93692730	93694860	2	2	1	1	0	25
chr10	93698397	93700029	2	2	1	1	0	35
chr10	93700107	93702374	2	2	1	1	0	44
chr10	94346557	94349249	2	2	1	1	0	20
chr10	94349379	94350112	2	2	1	1	0	35
chr10	94353058	94354962	2	2	1	1	0	45
chr10	94355094	94356534	2	2	1	2	0	43
chr10	94356592	94357173	2	2	1	3	0	27
chr10	94442020	94474667	1	1	1	1	0	22
chr10	94546499	94554125	1	1	1	10	0	37
chr10	94554249	94558138	1	1	1	5	0	45
chr10	94558196	94562690	1	1	1	5	0	37
chr10	94590777	94592228	1	1	1	1	0	14
chr10	94593616	94594694	1	1	1	2	0	21
chr10	95084298	95090616	2	2	1	0	1	23
chr10	95613864	95613965	2	2	1	2	0	15
chr10	95616615	95621030	2	2	1	1	0	31
chr10	96522331	96527212	2	2	1	1	0	37
chr10	96527290	96527412	2	2	1	1	0	18
chr10	96553060	96559658	2	2	1	1	0	22
chr10	97235316	97243967	2	2	1	1	0	6
chr10	97430654	97430954	1	1	1	1	0	39
chr10	97452924	97453529	1	1	1	1	0	8
chr10	99935530	99960836	1	3	1	1	0	19
chr10	100174282	100175944	2	2	1	2	0	35
chr10	100250333	100253420	2	2	1	1	0	22
chr10	100363457	100363515	2	2	1	1	0	24
chr10	100523930	100526398	2	2	1	3	0	24
chr10	100527075	100529379	2	2	1	1	0	32
chr10	100918442	100923974	1	1	1	1	0	33
chr10	101781633	101781726	2	2	1	3	0	14
chr10	101782352	101782477	2	2	1	1	0	5
chr10	101782925	101783272	2	2	1	1	0	23
chr10	101799456	101800241	2	2	1	3	0	15
chr10	101813128	101813554	2	2	1	1	0	5
chr10	102148522	102148627	1	1	1	1	0	8
chr10	102148695	102148816	1	1	1	1	0	16
chr10	102149330	102149925	1	1	1	1	0	6
chr10	102159309	102159432	1	1	1	1	0	13
chr10	102161094	102161555	1	1	1	1	0	30
chr10	102161663	102161832	1	1	1	2	0	23
chr10	102400767	102402395	2	4	1	1	0	35
chr10	102480966	102481131	2	2	1	2	0	39
chr10	102481173	102481836	2	2	1	1	0	12
chr10	102686002	102689892	2	2	1	1	0	20
chr10	102878511	102878848	1	1	1	1	0	12
chr10	103389167	103392190	2	2	1	58	0	46
chr10	103392284	103392370	2	2	1	9	0	45
chr10	103396731	103398415	1	1	1	1	0	20
chr10	103398529	103400396	1	1	1	1	0	29
chr10	103440851	103441825	1	1	1	1	0	33
chr10	103444069	103444516	1	1	1	1	0	4
chr10	103622554	103627088	2	2	1	1	0	11
chr10	104001573	104002171	1	1	1	1	0	43
chr10	104266191	104267251	1	1	1	5	0	45
chr10	110573746	110575335	1	1	1	1	0	34
chr10	110577915	110578627	1	1	1	1	0	32
chr10	110578707	110580903	1	1	1	1	0	15
chr10	110581022	110581922	1	1	1	2	0	39
chr10	110582099	110582561	1	1	1	6	0	42
chr10	110582643	110583383	1	1	1	2	0	32
chr10	110583549	110583840	1	1	1	2	0	28
chr10	110583963	110584182	1	1	1	2	0	44
chr10	110584397	110589604	1	1	1	4	0	36
chr10	110591133	110593072	1	1	1	1	0	36
chr10	110596551	110598138	0	0	1	1	0	12
chr10	110598291	110599653	1	1	1	1	0	26
chr10	110600547	110601021	1	1	1	1	0	26
chr10	110601131	110601636	1	1	1	2	0	34
chr10	110603291	110604230	1	1	1	1	0	5
chr10	110894523	110895947	1	1	1	1	0	32
chr10	112440696	112442191	2	2	1	2	0	42
chr10	112447468	112460523	1	1	1	1	0	6
chr10	112460583	112464546	1	1	1	1	0	19
chr10	113146098	113150982	1	1	1	1	0	26
chr10	113146098	113150997	1	1	1	1	0	30
chr10	114129972	114131146	2	2	1	1	0	34
chr10	114135056	114135890	2	2	1	1	0	4
chr10	114136247	114137185	2	2	1	2	0	26
chr10	114157681	114162636	2	2	1	1	0	4
chr10	114450556	114451719	2	4	1	1	0	32
chr10	118310909	118311206	2	2	1	2	0	44
chr10	118686642	118691264	2	4	1	1	0	20
chr10	119038440	119041993	2	2	1	2	0	45
chr10	119049986	119050520	2	2	1	5	0	38
chr10	119050675	119051198	2	2	1	4	0	45
chr10	119051322	119056739	2	2	1	2	0	18
chr10	119056854	119056935	2	2	1	2	0	20
chr10	119057041	119057955	2	2	1	5	0	45
chr10	119060845	119061223	2	2	1	1	0	41
chr10	119111929	119117518	1	1	1	0	1	28
chr10	119578835	119579934	2	2	1	1	0	28
chr10	119582558	119588151	2	2	1	2	0	28
chr10	119726360	119751075	1	1	1	1	0	12
chr10	119930432	119932132	1	1	1	3	0	25
chr10	121509627	121509760	1	3	1	1	0	46
chr10	121911152	121913789	2	2	1	1	0	18
chr10	121924330	121927843	2	2	1	1	0	36
chr10	121957260	121959323	2	2	1	9	0	42
chr10	121959596	121960357	2	2	1	2	0	10
chr10	121960407	121961422	2	2	1	3	0	25
chr10	121961518	121963237	2	2	1	1	0	10
chr10	122986963	122990173	1	1	1	1	0	17
chr10	123047299	123051048	1	1	1	1	0	18
chr10	123155728	123157728	1	1	1	1	0	19
chr10	123160566	123162235	1	1	1	1	0	37
chr10	123162829	123163819	1	1	1	7	0	43
chr10	124401840	124402926	2	2	1	1	0	23
chr10	125734184	125735643	1	1	1	2	0	45
chr10	125815131	125816176	2	2	1	1	0	6
chr10	125827639	125830561	1	1	1	1	0	44
chr10	125831608	125833771	1	1	1	2	0	24
chr10	126990604	126996747	1	1	1	1	0	29
chr10	126998250	126999353	1	1	1	1	0	15
chr10	127024784	127026351	1	1	1	1	0	40
chr10	127426012	127433282	1	1	1	1	0	31
chr10	127433429	127439026	1	1	1	1	0	30
chr10	128099256	128101257	2	2	1	3	0	44
chr10	128101702	128102578	2	2	1	5	0	35
chr10	128109424	128110377	2	2	1	1	0	34
chr10	128119320	128126192	2	2	1	1	0	3
chr10	130160070	130160795	1	1	1	1	0	30
chr10	130166981	130169432	1	1	1	1	0	32
chr10	130171637	130174866	1	1	1	1	0	41
chr10	130175090	130179341	1	1	1	2	0	35
chr10	130180322	130183284	1	1	1	1	0	30
chr10	133302981	133308822	2	2	1	1	0	31
chr10	133309464	133309775	1	1	1	1	0	14
chr10	133366994	133368922	2	2	1	1	0	41
chr10	133370758	133373245	2	2	1	2	0	34
chr10	133394333	133395712	1	1	1	1	0	3
chr10	133395778	133396162	1	5	1	1	0	24
chr11	309185	309252	1	3	1	1	0	25
chr11	473978	479084	1	1	1	1	0	10
chr11	479153	486938	1	1	1	1	0	14
chr11	598503	601573	1	1	1	1	0	39
chr11	726752	726900	1	1	1	1	0	23
chr11	764434	764812	1	1	1	11	0	25
chr11	810040	810233	1	1	1	2	0	10
chr11	810358	811596	1	1	1	10	0	35
chr11	811646	812534	1	1	1	22	0	45
chr11	812634	812759	1	1	1	102	0	46
chr11	812634	812762	1	1	1	4	0	22
chr11	869957	870120	2	2	1	3	0	43
chr11	870164	870418	2	2	1	3	0	31
chr11	893993	951397	1	1	1	2	0	35
chr11	1952856	1956255	1	1	1	1	0	14
chr11	1956449	1956541	1	1	1	2	0	15
chr11	2395047	2395415	1	1	1	1	0	44
chr11	2959910	2964679	2	2	1	1	0	36
chr11	2972280	2976023	2	2	1	1	0	35
chr11	2976124	2978283	2	2	1	2	0	31
chr11	3005434	3006878	2	2	1	1	0	43
chr11	3006960	3012194	2	2	1	1	0	33
chr11	3012277	3015780	2	2	1	2	0	15
chr11	3706628	3712563	2	2	1	1	0	12
chr11	3723456	3725102	2	2	1	1	0	5
chr11	6611012	6611188	2	2	1	2	0	43
chr11	6625728	6625919	2	2	1	1	0	20
chr11	7992164	7992886	1	1	1	1	0	45
chr11	7993025	7994425	1	1	1	1	0	30
chr11	7994518	7994981	1	1	1	1	0	17
chr11	7995119	7995253	1	1	1	2	0	21
chr11	7995368	7995944	1	1	1	9	1	35
chr11	8683266	8684005	1	1	1	3	0	27
chr11	8684082	8684717	1	1	1	0	1	19
chr11	8684893	8685677	1	1	1	112	0	45
chr11	8977696	8978113	1	1	1	0	1	23
chr11	9263235	9264518	2	2	1	1	0	24
chr11	9428630	9429030	1	1	1	2	0	38
chr11	9431004	9433569	1	1	1	1	0	26
chr11	9433847	9434933	1	1	1	0	1	3
chr11	9586620	9586710	1	1	1	1	0	12
chr11	9992544	9992989	2	2	1	1	0	37
chr11	10515067	10519033	2	2	1	3	0	31
chr11	10751458	10752671	1	1	1	1	0	25
chr11	10770327	10770486	1	1	1	2	0	38
chr11	10773274	10774011	1	1	1	2	0	24
chr11	10800648	10800730	2	2	1	2	0	45
chr11	10803129	10803210	2	2	1	1	0	40
chr11	10804051	10804136	2	2	1	2	0	37
chr11	10804204	10804286	2	2	1	1	0	8
chr11	10804419	10804912	2	2	1	2	0	37
chr11	10806886	10807254	2	2	1	3	0	41
chr11	11930121	11930695	1	1	1	1	0	29
chr11	11952872	11954896	1	1	1	1	0	31
chr11	13403279	13405658	2	2	1	1	0	42
chr11	13700493	13707899	1	1	1	4	0	45
chr11	14498986	14499706	2	2	1	1	0	14
chr11	14507767	14510871	2	2	1	1	0	13
chr11	14830847	14831639	1	1	1	1	0	41
chr11	16738842	16744600	1	1	1	3	0	12
chr11	16744685	16748096	1	1	1	1	0	9
chr11	16748158	16752784	1	1	1	1	0	5
chr11	16752895	16754870	1	1	1	3	0	39
chr11	17074467	17075096	2	2	1	94	0	45
chr11	17075198	17075453	2	2	1	108	0	45
chr11	17075624	17077167	2	2	1	4	0	39
chr11	17296212	17301743	1	1	1	2	0	10
chr11	17301871	17309571	1	1	1	1	0	8
chr11	17309676	17310824	1	1	1	2	0	42
chr11	17311284	17311871	1	1	1	1	0	4
chr11	17330984	17331411	1	1	1	1	0	40
chr11	18080492	18081410	2	2	1	7	0	41
chr11	18292020	18292898	2	2	1	1	0	3
chr11	18312025	18317750	2	2	1	1	0	26
chr11	18312025	18321945	2	2	1	1	0	34
chr11	18399549	18400836	1	1	1	1	0	23
chr11	18403812	18405448	1	1	1	2	0	43
chr11	18514842	18516098	2	2	1	1	0	33
chr11	18603196	18603771	1	1	1	1	0	26
chr11	22823134	22827206	2	2	1	1	0	15
chr11	22827321	22827823	2	2	1	1	0	37
chr11	22827875	22829256	2	2	1	2	0	3
chr11	27340838	27341391	2	2	1	2	0	17
chr11	27341551	27350331	2	2	1	4	0	40
chr11	27350440	27357402	2	2	1	2	0	5
chr11	27357542	27362835	2	2	1	6	0	34
chr11	27499569	27501494	2	2	1	1	0	22
chr11	28035495	28036216	2	2	1	1	0	41
chr11	31414950	31426286	1	1	1	1	0	24
chr11	31432569	31433459	2	2	1	2	0	29
chr11	32091451	32097143	1	1	1	1	0	22
chr11	32595014	32595965	1	1	1	1	0	31
chr11	32600833	32601761	1	1	1	5	0	43
chr11	32601823	32602278	1	1	1	12	0	44
chr11	33085290	33085712	2	2	1	1	0	35
chr11	33161782	33178711	1	1	1	1	0	43
chr11	33747321	33748776	2	2	1	1	0	37
chr11	33758602	33768850	2	2	1	1	0	23
chr11	34052637	34071725	1	1	1	2	0	43
chr11	34071789	34071900	1	1	1	2	0	40
chr11	34076643	34079627	1	1	1	1	0	16
chr11	34090679	34091905	1	1	1	1	0	11
chr11	34092057	34097241	1	1	1	1	0	42
chr11	34108334	34108741	1	1	1	3	0	14
chr11	34141818	34142274	1	1	1	1	0	26
chr11	34143529	34146083	1	1	1	3	0	43
chr11	43414777	43436163	1	1	1	1	0	44
chr11	43443585	43444055	1	1	1	2	0	15
chr11	43750958	43754045	1	1	1	1	0	35
chr11	44926758	44929130	1	1	1	1	0	21
chr11	46090567	46092182	2	2	1	1	0	18
chr11	46371385	46371486	1	1	1	1	0	29
chr11	46382134	46382293	1	1	1	1	0	34
chr11	46382462	46382586	1	1	1	1	0	14
chr11	46382749	46383468	1	1	1	1	0	5
chr11	46750434	46750527	2	2	1	1	0	7
chr11	46751535	46752634	2	2	1	2	0	28
chr11	46767664	46769962	2	2	1	1	0	5
chr11	46776384	46777438	2	2	1	1	0	24
chr11	46809501	46809741	2	2	1	2	0	36
chr11	47418946	47419115	2	2	1	8	0	40
chr11	47419198	47420263	2	2	1	4	0	41
chr11	47422723	47422829	2	2	1	1	0	37
chr11	47422974	47424045	2	2	1	1	0	14
chr11	47425951	47426204	2	2	1	2	0	43
chr11	47580623	47580834	1	1	1	2	0	27
chr11	47582214	47582348	1	1	1	1	0	29
chr11	47582469	47584313	1	1	1	1	0	17
chr11	47618920	47622700	2	2	1	3	0	23
chr11	47631712	47634671	2	2	1	1	0	13
chr11	47634735	47635544	2	2	1	1	0	16
chr11	47638806	47638966	2	2	1	2	0	40
chr11	47746395	47750915	2	2	1	2	0	41
chr11	47751037	47751142	2	2	1	1	0	30
chr11	48130717	48131510	1	1	1	1	0	37
chr11	50144972	50180495	1	1	1	1	0	23
chr11	57300601	57300883	2	2	1	2	0	19
chr11	57326479	57326702	2	2	1	1	0	25
chr11	57327515	57327711	2	2	1	6	0	35
chr11	57328427	57330092	2	2	1	1	0	43
chr11	57528919	57530118	2	2	1	1	0	24
chr11	57704397	57704718	2	2	1	1	0	11
chr11	57741718	57741808	1	1	1	4	0	31
chr11	57742248	57742862	1	1	1	20	0	46
chr11	59568740	59597653	2	2	1	1	0	20
chr11	59807850	59809854	2	2	1	1	0	15
chr11	60538137	60548321	2	2	1	0	1	45
chr11	60931885	60933541	1	1	1	1	0	9
chr11	61137103	61138316	1	3	1	1	0	19
chr11	61437849	61438003	1	1	1	1	0	21
chr11	61746770	61746818	2	2	1	1	0	30
chr11	61789236	61789337	2	2	1	1	0	35
chr11	61789236	61789784	2	2	1	80	0	46
chr11	61789922	61790492	2	2	1	6	0	24
chr11	61790603	61792555	2	2	1	3	0	35
chr11	61811076	61812470	2	2	1	1	0	31
chr11	61863379	61863706	1	1	1	1	0	45
chr11	61964892	61964986	2	2	1	4	1	45
chr11	62141045	62144981	1	1	1	1	0	24
chr11	62146903	62148475	1	1	1	1	0	17
chr11	62356468	62356986	1	1	1	1	0	20
chr11	62559838	62560068	2	2	1	24	0	45
chr11	62560194	62560281	2	2	1	5	1	43
chr11	62560455	62566805	2	2	1	0	1	44
chr11	62567011	62567398	2	2	1	2	0	43
chr11	62567529	62570964	2	2	1	3	0	37
chr11	62571683	62571837	2	2	1	1	0	10
chr11	62626685	62626859	2	2	1	1	0	12
chr11	62627125	62627288	2	2	1	1	0	13
chr11	62627354	62628768	2	2	1	1	0	14
chr11	62665333	62665646	1	1	1	3	0	24
chr11	62676640	62676812	2	2	1	6	0	43
chr11	62677833	62677926	2	2	1	1	0	6
chr11	62720192	62721294	2	2	1	1	0	3
chr11	62765406	62765652	1	1	1	1	0	24
chr11	62765725	62766242	1	1	1	8	0	34
chr11	62766277	62766493	1	1	1	10	0	34
chr11	62833132	62833617	2	2	1	1	0	30
chr11	62833132	62833791	2	2	1	1	0	31
chr11	62834332	62834426	2	2	1	2	0	21
chr11	63909386	63909425	2	2	1	2	0	34
chr11	64186271	64193077	1	1	1	1	0	8
chr11	64193288	64194188	1	1	1	2	0	21
chr11	64223968	64224099	2	2	1	3	0	43
chr11	64224211	64224284	2	2	1	2	0	17
chr11	64229572	64229849	1	1	1	2	0	36
chr11	64237656	64238355	1	1	1	1	0	39
chr11	64243312	64243450	1	1	1	1	0	12
chr11	64243498	64243840	1	1	1	8	0	35
chr11	64243877	64243967	1	1	1	12	0	36
chr11	64317366	64317448	2	2	1	2	0	33
chr11	64320793	64320864	1	1	1	1	0	39
chr11	64320904	64321006	1	1	1	1	0	9
chr11	64321069	64321585	1	1	1	16	0	45
chr11	64339403	64339899	2	2	1	0	1	4
chr11	64741502	64742009	2	6	1	2	0	38
chr11	64789625	64789729	2	2	1	2	0	29
chr11	65120807	65120980	2	2	1	61	0	46
chr11	65121037	65121499	2	2	1	14	0	43
chr11	65121645	65121738	2	2	1	5	0	27
chr11	65121822	65122089	2	2	1	1	0	30
chr11	65499306	65499618	1	1	1	4	0	4
chr11	65499463	65499624	1	1	1	3	0	4
chr11	65499463	65502289	1	1	1	0	1	3
chr11	65499483	65499688	1	3	1	4	0	3
chr11	65650480	65650568	1	1	1	2	0	37
chr11	65719810	65720044	2	2	1	6	0	40
chr11	65720165	65720241	2	2	1	2	0	36
chr11	65855021	65856101	1	1	1	1	0	32
chr11	65884044	65884391	2	2	1	2	0	39
chr11	65884490	65884569	2	2	1	4	0	41
chr11	65920663	65920883	1	1	1	1	0	19
chr11	65920973	65921329	1	1	1	6	0	44
chr11	65966557	65967258	1	1	1	1	0	24
chr11	65973992	65974125	1	1	1	2	0	38
chr11	65978915	65979011	1	1	1	6	0	29
chr11	66003374	66003625	1	1	1	2	0	13
chr11	66057376	66058053	1	1	1	3	0	36
chr11	66058151	66058313	1	1	1	2	0	39
chr11	66059596	66059781	1	1	1	4	0	16
chr11	66063543	66063627	1	1	1	1	0	12
chr11	66068046	66068147	1	1	1	1	0	25
chr11	66068334	66068673	1	1	1	8	0	45
chr11	66264445	66265022	1	1	1	1	0	36
chr11	66284784	66284872	2	2	1	3	0	33
chr11	66284967	66285380	2	2	1	2	0	42
chr11	66308285	66357267	1	3	1	1	0	27
chr11	66436113	66437103	2	2	1	2	0	21
chr11	66843070	66843168	1	1	1	3	0	26
chr11	66923596	66936921	2	2	1	1	0	18
chr11	67399666	67400688	2	2	1	1	0	24
chr11	67431494	67435056	2	2	1	0	1	4
chr11	67494957	67495076	2	2	1	1	0	17
chr11	67585242	67586103	1	1	1	7	0	29
chr11	67586125	67586511	1	1	1	1	0	21
chr11	67586169	67586538	1	1	1	1	0	12
chr11	67586212	67586388	1	1	1	7	0	25
chr11	67611979	67612119	1	1	1	1	0	21
chr11	67612266	67612371	1	1	1	5	0	40
chr11	68036382	68036461	1	3	1	5	0	38
chr11	68050665	68050740	1	1	1	1	0	34
chr11	68414013	68416327	1	1	1	1	0	16
chr11	68684733	68684923	1	1	1	1	0	29
chr11	68688101	68688848	1	1	1	2	0	19
chr11	68688927	68690916	1	1	1	1	0	7
chr11	68745112	68747207	2	2	1	1	0	28
chr11	68891396	68892889	2	2	1	16	0	46
chr11	68892994	68893402	2	2	1	4	0	36
chr11	68893456	68896514	2	2	1	2	0	6
chr11	68898013	68900547	2	2	1	1	0	3
chr11	68900606	68903722	2	2	1	1	0	28
chr11	70324504	70324846	1	1	1	1	0	43
chr11	70325012	70325499	1	1	1	1	0	22
chr11	70326364	70326596	1	3	1	2	0	24
chr11	70362489	70372214	1	1	1	1	0	43
chr11	70407385	70407517	1	1	1	1	0	9
chr11	70420511	70421469	1	1	1	1	0	40
chr11	71075276	71092421	2	2	1	1	0	30
chr11	72003539	72003886	2	2	1	1	0	41
chr11	72237797	72238041	1	1	1	2	0	11
chr11	73844977	73859906	1	1	1	1	0	17
chr11	74235967	74239132	1	1	1	1	0	25
chr11	74246206	74247078	1	1	1	1	0	25
chr11	74247124	74250953	1	1	1	1	0	22
chr11	74592719	74594060	1	1	1	1	0	7
chr11	74618805	74620016	1	1	1	2	0	35
chr11	74620090	74625407	1	1	1	2	0	21
chr11	74629324	74634582	1	1	1	2	0	44
chr11	74969700	74976856	1	1	1	6	0	35
chr11	75400825	75401639	1	1	1	1	0	38
chr11	75401734	75402351	1	1	1	3	0	32
chr11	75401734	75404759	1	1	1	0	3	3
chr11	75402384	75404776	1	1	1	1	0	32
chr11	75402447	75404019	1	1	1	3	0	36
chr11	75404208	75404671	1	1	1	13	0	36
chr11	75404208	75404811	1	1	1	1	0	20
chr11	75404785	75404837	2	4	1	1	0	32
chr11	75404869	75405613	1	1	1	223	0	46
chr11	76361064	76365851	2	2	1	1	0	33
chr11	76364433	76365851	2	2	1	1	0	33
chr11	77355843	77358897	2	2	1	1	0	8
chr11	77379995	77392330	2	2	1	1	0	10
chr11	77392539	77411773	2	2	1	1	0	25
chr11	77619696	77622499	2	2	1	1	0	22
chr11	77625071	77625716	2	2	1	2	0	6
chr11	77625819	77629762	2	2	1	1	0	40
chr11	77675257	77676791	2	2	1	2	0	19
chr11	77678154	77683709	2	2	1	1	0	28
chr11	77698694	77700720	2	2	1	1	0	16
chr11	77702496	77725544	2	2	1	7	0	37
chr11	77725700	77740730	2	2	1	1	0	30
chr11	77869818	77872174	1	1	1	3	0	23
chr11	78070037	78072997	2	2	1	14	0	40
chr11	78073142	78079578	2	2	1	2	0	9
chr11	78101196	78103979	2	2	1	1	0	10
chr11	82914852	82928776	1	1	1	1	0	41
chr11	83261967	83265864	2	2	1	1	0	13
chr11	83273701	83273792	2	2	1	1	0	32
chr11	85628689	85631144	1	1	1	1	0	21
chr11	85631809	85634085	1	1	1	1	0	21
chr11	86337531	86344602	1	1	1	7	1	40
chr11	86344722	86345583	1	1	1	7	0	39
chr11	88312555	88334936	2	2	1	1	0	5
chr11	88338057	88373236	1	1	1	1	0	4
chr11	90211319	90214017	2	2	1	2	0	9
chr11	92367336	92398240	2	2	1	1	0	22
chr11	93154278	93162705	2	2	1	1	0	36
chr11	93691776	93691926	1	1	1	1	0	34
chr11	93692031	93695496	1	1	1	1	0	42
chr11	93729970	93730048	1	1	1	1	0	6
chr11	93730149	93730230	1	1	1	1	0	29
chr11	93730448	93730676	2	2	1	7	0	36
chr11	93730713	93731149	2	4	1	4	0	36
chr11	93731217	93731752	2	2	1	2	0	20
chr11	93731800	93732243	2	2	1	1	0	25
chr11	93738500	93739236	2	2	1	4	0	41
chr11	93747449	93750345	1	1	1	1	0	21
chr11	94420182	94429910	2	2	1	1	0	44
chr11	94429987	94435831	2	2	1	3	0	39
chr11	94459582	94460935	2	2	1	1	0	36
chr11	94963515	94966294	2	2	1	5	0	39
chr11	95786275	95787623	2	2	1	1	0	22
chr11	95787679	95788498	2	2	1	1	0	15
chr11	95799389	95812931	1	1	1	1	0	35
chr11	95813112	95813467	1	1	1	1	0	30
chr11	95813590	95817786	1	1	1	2	0	25
chr11	95817904	95818826	1	1	1	2	0	30
chr11	95829332	95831025	1	1	1	5	0	43
chr11	95862103	95862271	2	2	1	1	0	34
chr11	95882497	95887611	2	2	1	3	0	5
chr11	95887685	95888155	2	2	1	3	0	14
chr11	102219891	102220108	2	4	1	1	0	43
chr11	102347377	102348597	1	1	1	1	0	7
chr11	103062415	103064274	2	2	1	2	0	22
chr11	103148618	103152135	1	1	1	1	0	45
chr11	103170291	103170885	1	1	1	1	0	42
chr11	103215859	103219914	1	1	1	1	0	20
chr11	103456357	103468588	1	1	1	1	0	39
chr11	105905302	105910434	1	1	1	2	0	45
chr11	107392896	107416208	2	2	1	1	0	33
chr11	107429452	107433633	2	2	1	1	0	38
chr11	107433750	107439089	2	2	1	1	0	43
chr11	107454573	107455665	2	2	1	1	0	8
chr11	107455777	107457711	2	2	1	4	0	43
chr11	108097755	108098405	1	1	1	1	0	21
chr11	108139042	108140064	1	1	1	1	0	27
chr11	108185320	108185402	2	2	1	2	0	40
chr11	108188180	108189105	2	2	1	1	0	36
chr11	108321421	108325309	1	1	1	1	0	33
chr11	108841477	108852152	1	1	1	1	0	25
chr11	110237653	110247702	2	2	1	1	0	16
chr11	110247834	110253945	2	2	1	5	0	42
chr11	110254110	110255288	2	2	1	3	0	34
chr11	110257914	110258105	2	2	1	2	0	15
chr11	110258190	110263959	2	2	1	1	0	10
chr11	111980850	111982338	1	1	1	1	0	45
chr11	111995109	111995402	1	1	1	4	0	16
chr11	112025752	112026197	1	1	1	1	0	13
chr11	112028640	112028791	1	1	1	1	0	22
chr11	112045971	112051233	1	1	1	1	0	31
chr11	112061175	112062405	1	1	1	3	0	45
chr11	112074917	112075566	1	1	1	1	0	6
chr11	112080559	112081981	1	1	1	4	0	25
chr11	112082036	112082464	1	1	1	2	0	44
chr11	112082036	112082467	1	1	1	3	0	26
chr11	112085463	112086639	2	2	1	1	0	22
chr11	114440740	114441744	1	1	1	2	0	7
chr11	114446088	114447825	1	1	1	5	0	32
chr11	114447880	114449845	1	1	1	1	0	42
chr11	115198439	115209573	2	2	1	1	0	15
chr11	116779838	116782157	2	2	1	1	0	36
chr11	117203485	117203781	1	1	1	1	0	6
chr11	117219165	117219590	2	2	1	1	0	43
chr11	118401718	118406936	1	1	1	1	0	6
chr11	118407098	118408999	1	1	1	20	0	35
chr11	118407098	118409003	1	1	1	2	1	22
chr11	118468845	118471661	1	1	1	1	0	29
chr11	118510119	118511950	1	1	1	2	0	33
chr11	118583359	118583808	1	1	1	1	0	34
chr11	118584015	118584479	1	1	1	1	0	37
chr11	119015759	119015840	2	2	1	66	12	45
chr11	119015940	119017361	2	2	1	0	122	46
chr11	119017546	119017957	2	2	1	3	0	34
chr11	119047819	119047946	2	2	1	1	0	28
chr11	119049204	119049555	2	2	1	1	0	26
chr11	119055844	119056069	2	2	1	2	0	31
chr11	119056168	119057019	2	2	1	0	1	4
chr11	119056168	119057152	2	2	1	0	1	4
chr11	119093022	119093109	1	1	1	1	0	16
chr11	119133220	119134083	1	1	1	1	0	13
chr11	119420387	119420868	2	2	1	0	1	28
chr11	119420930	119423112	2	2	1	0	1	3
chr11	119420930	119424897	2	2	1	0	1	3
chr11	120447086	120447873	1	1	1	4	0	33
chr11	120447907	120448233	1	1	1	5	0	27
chr11	120476749	120477225	1	1	1	1	0	23
chr11	121488194	121490042	1	1	1	1	0	35
chr11	121514322	121520656	1	1	1	1	0	11
chr11	121625278	121627554	1	1	1	1	0	30
chr11	121627768	121629495	1	1	1	5	0	34
chr11	123057920	123058251	2	2	1	6	0	37
chr11	123058485	123058631	2	2	1	1	0	34
chr11	123058831	123059058	2	2	1	1	0	43
chr11	123059849	123060697	2	2	1	1	0	3
chr11	123060799	123061119	2	2	1	1	0	3
chr11	123465554	123466062	1	1	1	1	0	44
chr11	124625002	124625670	1	1	1	1	0	30
chr11	124775549	124799870	2	2	1	1	0	41
chr11	125005213	125038430	1	1	1	1	0	37
chr11	125620127	125620771	1	1	1	2	0	15
chr11	125633352	125635428	1	1	1	1	0	7
chr11	125921380	125922819	1	1	1	1	0	10
chr11	126256853	126261424	1	1	1	2	0	27
chr11	126275871	126276058	1	1	1	1	0	21
chr11	129882632	129883121	2	2	1	1	0	38
chr11	129883207	129884069	2	2	1	3	0	38
chr11	130110662	130120705	1	1	1	2	0	44
chr11	130120819	130121613	1	1	1	1	0	32
chr11	130231716	130233307	2	2	1	1	0	30
chr11	134168196	134168468	2	2	1	1	0	13
chr11	134181185	134184636	2	2	1	1	0	15
chr11	134210455	134216935	2	2	1	1	0	13
chr11	134210455	134223862	2	2	1	1	0	35
chr11	134248485	134248808	2	2	1	2	0	14
chr11	134248485	134249166	2	2	1	1	0	44
chr12	309965	310884	2	2	1	1	0	7
chr12	418637	428768	1	1	1	1	0	5
chr12	428866	430663	1	1	1	1	0	44
chr12	859465	861012	1	1	1	2	0	10
chr12	883060	883394	1	1	1	1	0	32
chr12	1083581	1104749	1	1	1	1	0	13
chr12	1104825	1110191	1	1	1	2	0	41
chr12	1754515	1772841	1	1	1	1	0	34
chr12	2797283	2797728	1	1	1	1	0	25
chr12	2799941	2800038	1	1	1	1	0	24
chr12	2800123	2800391	1	1	1	1	0	8
chr12	2801357	2803150	1	1	1	4	0	43
chr12	3011069	3012169	1	1	1	1	0	34
chr12	3019171	3040550	1	1	1	1	0	20
chr12	4490590	4491176	2	2	1	1	0	25
chr12	4491235	4500137	2	2	1	1	0	9
chr12	4538957	4541883	1	1	1	1	0	36
chr12	4541934	4543762	1	1	1	1	0	6
chr12	4548837	4552982	1	1	1	3	0	45
chr12	6318421	6318744	1	1	1	1	0	6
chr12	6531077	6531326	1	1	1	2	0	29
chr12	6534555	6538264	2	2	1	1	0	38
chr12	6534570	6534809	1	1	1	1	0	43
chr12	6536791	6536919	1	1	1	1	0	34
chr12	6537217	6537308	1	1	1	3	0	39
chr12	6537391	6537583	1	1	1	3	0	26
chr12	6537931	6538202	2	2	1	1	0	25
chr12	6537940	6538259	2	2	1	9	2	27
chr12	6537994	6538152	2	2	1	1	0	20
chr12	6537997	6538100	1	1	1	35	0	45
chr12	6578918	6580277	2	2	1	0	2	3
chr12	6578918	6581037	2	2	1	0	2	3
chr12	6578918	6581043	2	2	1	9	2	40
chr12	6581174	6581290	2	2	1	6	0	44
chr12	6581815	6582136	2	2	1	1	0	6
chr12	6582282	6582614	2	2	1	1	0	12
chr12	6583379	6587383	2	2	1	1	0	22
chr12	6600670	6600925	2	2	1	5	0	43
chr12	6601054	6601288	2	2	1	1	0	7
chr12	6602176	6602375	2	2	1	1	0	38
chr12	6602498	6606273	2	2	1	1	0	5
chr12	6766751	6769602	1	1	1	1	0	9
chr12	6833645	6833741	1	1	1	1	0	10
chr12	6852291	6855400	1	1	1	2	0	42
chr12	6868988	6869098	1	1	1	1	0	45
chr12	6944653	6945770	1	1	1	2	0	34
chr12	6960946	6961125	1	1	1	1	0	34
chr12	6975149	6975228	1	1	1	1	0	39
chr12	7201842	7202240	1	1	1	1	0	27
chr12	7878418	7919575	2	2	1	1	0	32
chr12	8698298	8713810	1	1	1	1	0	4
chr12	8780740	8782911	1	1	1	2	0	34
chr12	8934479	8935123	1	1	1	4	0	40
chr12	8935239	8936855	1	1	1	0	5	36
chr12	8936965	8937175	1	1	1	1	0	33
chr12	8942543	8943404	2	2	1	1	0	40
chr12	9397215	9397614	2	2	1	2	0	27
chr12	9448879	9461323	1	1	1	0	1	44
chr12	10222489	10222981	1	3	1	1	0	27
chr12	10606375	10607853	2	2	1	3	0	11
chr12	10699655	10701253	2	2	1	3	0	38
chr12	10701354	10701959	2	2	1	2	0	45
chr12	10719144	10722849	2	2	1	0	1	18
chr12	10845951	10847044	2	2	1	1	0	40
chr12	10973722	11047019	2	2	1	1	0	46
chr12	12203401	12244261	2	2	1	1	0	45
chr12	14425474	14434336	1	1	1	1	0	20
chr12	14690652	14692771	2	2	1	1	0	20
chr12	14705630	14705660	1	1	1	0	5	44
chr12	14705630	14710398	1	1	1	0	5	44
chr12	14793923	14794536	2	2	1	1	0	33
chr12	14801429	14803351	2	2	1	4	0	29
chr12	15900054	15900946	1	1	1	1	0	29
chr12	16347711	16354230	1	1	1	1	0	6
chr12	16347899	16354230	1	1	1	1	0	43
chr12	16354379	16357604	1	1	1	1	0	42
chr12	16357700	16363794	1	1	1	1	0	42
chr12	19255166	19257432	1	1	1	1	0	42
chr12	19265851	19269769	1	1	1	4	0	27
chr12	19269886	19274515	1	1	1	4	0	35
chr12	19359547	19361581	1	1	1	1	0	43
chr12	19514785	19518086	1	1	1	1	0	45
chr12	21453720	21455131	1	1	1	2	0	22
chr12	21470347	21470968	2	2	1	1	0	44
chr12	21513562	21513686	2	2	1	1	0	34
chr12	21635710	21637070	2	2	1	6	0	32
chr12	21637195	21638352	2	2	1	1	0	19
chr12	21638471	21641951	2	2	1	2	0	30
chr12	21644109	21646898	2	2	1	1	0	27
chr12	21647017	21654542	2	2	1	1	0	43
chr12	22058701	22060831	1	1	1	1	0	27
chr12	22060927	22061280	1	1	1	2	0	16
chr12	24836597	24842081	2	2	1	1	0	41
chr12	25209912	25215436	2	2	1	1	0	16
chr12	26124180	26124518	2	2	1	1	0	9
chr12	26124583	26124717	2	2	1	1	0	16
chr12	26399042	26400127	2	2	1	2	0	30
chr12	26556376	26561761	2	2	1	1	0	27
chr12	26602707	26621122	2	2	1	1	0	28
chr12	26628163	26631865	2	2	1	1	0	9
chr12	26655853	26656296	2	2	1	1	0	31
chr12	26711269	26715298	2	2	1	1	0	42
chr12	26724743	26725649	2	2	1	1	0	16
chr12	26725766	26790156	2	2	1	2	0	22
chr12	26784665	26785043	1	1	1	0	1	23
chr12	26790228	26818443	2	2	1	1	0	22
chr12	26790228	26832689	2	2	1	3	0	38
chr12	26906438	26911177	2	2	1	1	0	24
chr12	26914129	26914407	2	2	1	2	0	33
chr12	27297855	27302136	1	1	1	1	0	26
chr12	27315351	27317335	1	1	1	1	0	23
chr12	27650142	27654721	1	1	1	5	0	40
chr12	27654815	27656615	1	1	1	3	0	27
chr12	27672484	27673766	1	1	1	2	0	39
chr12	27689204	27691748	1	1	1	1	0	22
chr12	27724187	27735446	1	1	1	1	0	28
chr12	27735557	27737538	1	1	1	1	0	41
chr12	28362516	28391303	1	1	1	1	0	16
chr12	28391412	28450160	1	1	1	1	0	34
chr12	29341219	29341733	2	2	1	2	0	19
chr12	30731511	30733628	2	2	1	2	0	23
chr12	31060771	31073194	2	2	1	0	1	44
chr12	31111810	31112980	2	2	1	1	0	14
chr12	31282872	31287633	2	2	1	2	0	34
chr12	31287785	31293804	2	2	1	1	0	9
chr12	31295334	31298076	2	2	1	0	1	37
chr12	31693505	31693948	1	3	1	1	0	25
chr12	31762044	31764634	2	2	1	0	1	24
chr12	32216460	32293993	1	1	1	1	0	4
chr12	32473744	32511829	1	1	1	1	0	17
chr12	32608096	32610775	1	1	1	1	0	34
chr12	32625069	32625653	1	1	1	1	0	30
chr12	32679466	32701414	1	1	1	1	0	10
chr12	32742749	32743353	1	1	1	2	0	22
chr12	38730359	38760846	2	2	1	1	0	36
chr12	39333108	39333211	2	2	1	1	0	45
chr12	39337204	39340164	2	2	1	1	0	5
chr12	39351981	39356831	2	2	1	1	0	23
chr12	39356896	39357247	2	2	1	1	0	5
chr12	42313199	42313689	2	2	1	1	0	12
chr12	42313987	42317339	2	2	1	3	0	44
chr12	42317448	42317786	2	2	1	4	0	45
chr12	42398995	42441314	1	1	1	1	0	34
chr12	43746239	43748449	2	2	1	2	0	15
chr12	43748610	43754335	2	2	1	1	0	37
chr12	43782491	43783661	1	1	1	1	0	39
chr12	45302094	45331294	1	1	1	1	0	25
chr12	45919310	45922462	2	2	1	2	0	40
chr12	45948538	45951649	2	2	1	3	0	41
chr12	45951728	45961699	2	2	1	2	0	14
chr12	46229640	46239678	2	2	1	2	0	27
chr12	47679775	47681695	2	2	1	1	0	18
chr12	47689196	47690517	2	2	1	1	0	8
chr12	47702847	47705951	2	2	1	1	0	36
chr12	48048081	48048928	2	2	1	1	0	20
chr12	48074794	48083590	2	2	1	1	0	18
chr12	48829943	48830158	1	1	1	1	0	31
chr12	49128126	49185177	1	1	1	0	4	33
chr12	49386193	49421374	2	2	1	1	0	22
chr12	49758763	49759220	1	1	1	1	0	16
chr12	49761780	49762872	1	1	1	7	0	44
chr12	50086879	50087362	1	1	1	1	0	3
chr12	50204701	50205983	2	2	1	0	1	3
chr12	50429091	50430494	1	1	1	4	0	42
chr12	50430571	50435487	1	1	1	1	0	23
chr12	50462631	50466958	1	1	1	1	0	41
chr12	52897619	52898460	2	2	1	1	0	12
chr12	52898900	52899774	2	2	1	2	0	17
chr12	52952343	52952721	1	1	1	55	0	45
chr12	52966054	53015763	1	1	1	1	0	20
chr12	53022628	53027781	1	1	1	0	1	42
chr12	53037623	53038355	1	1	1	1	0	7
chr12	53039703	53040142	1	1	1	6	0	42
chr12	53295640	53295838	1	1	1	1	0	31
chr12	53295942	53296243	1	1	1	2	0	11
chr12	53296276	53297849	1	1	1	3	0	32
chr12	53297925	53298044	1	1	1	4	0	36
chr12	53298151	53299268	1	1	1	16	0	45
chr12	53306061	53306197	1	1	1	1	0	9
chr12	53307714	53307844	2	2	1	1	0	40
chr12	53443774	53446014	1	1	1	1	0	7
chr12	53461144	53462480	0	0	1	2	0	25
chr12	53467294	53467804	1	1	1	2	0	39
chr12	53467844	53468776	1	1	1	1	0	3
chr12	53468833	53471637	1	1	1	1	0	43
chr12	53471808	53479405	1	1	1	6	2	32
chr12	53665429	53669147	2	2	1	2	0	37
chr12	53669949	53672575	2	2	1	1	0	25
chr12	54252228	54257513	2	2	1	3	0	43
chr12	54281503	54281794	1	1	1	1	0	10
chr12	54281942	54282089	1	1	1	3	0	40
chr12	54282139	54282799	1	1	1	1	0	5
chr12	54282301	54282393	1	1	1	2	0	25
chr12	54282487	54282572	1	1	1	2	2	39
chr12	54282612	54283826	1	1	1	0	2	3
chr12	54282663	54283826	1	1	1	0	1	6
chr12	54282666	54282799	1	1	1	1	1	37
chr12	54282666	54283078	1	1	1	0	1	3
chr12	54282666	54283826	1	1	1	0	1	3
chr12	54282875	54283811	1	1	1	3	0	21
chr12	54283235	54283811	1	1	1	1	0	28
chr12	54283968	54284257	1	1	1	1	0	27
chr12	54284318	54284548	1	1	1	2	0	16
chr12	54284318	54286661	1	1	1	3	0	37
chr12	54284596	54285063	2	2	1	0	1	28
chr12	54286733	54286952	1	1	1	20	0	45
chr12	54286865	54286952	1	1	1	1	0	3
chr12	54303291	54345892	1	1	1	0	2	42
chr12	54342288	54343224	1	1	1	1	0	36
chr12	54580393	54580943	2	2	1	2	0	21
chr12	55703179	55707476	2	2	1	1	0	15
chr12	55716718	55716932	1	1	1	1	0	39
chr12	55719224	55719498	1	1	1	4	0	38
chr12	55725627	55725812	2	2	1	38	0	44
chr12	55725897	55726120	2	2	1	10	0	35
chr12	55726262	55726699	2	2	1	1	0	18
chr12	55760641	55789074	2	2	1	1	0	29
chr12	55794388	55794806	2	2	1	1	0	5
chr12	55794881	55796024	2	2	1	2	0	18
chr12	55800901	55803628	2	2	1	2	0	20
chr12	55819494	55820259	1	1	1	2	0	31
chr12	55954350	55955273	2	2	1	1	0	6
chr12	56042603	56043362	1	1	1	29	0	38
chr12	56043494	56044118	1	1	1	124	2	45
chr12	56104826	56106587	1	1	1	3	0	26
chr12	56109936	56110398	1	1	1	1	0	24
chr12	56110693	56110963	1	1	1	3	0	14
chr12	56111059	56111181	1	1	1	7	0	34
chr12	56111310	56111475	1	1	1	1	0	9
chr12	56117212	56117481	1	1	1	2	0	16
chr12	56155593	56157467	1	1	1	5	0	41
chr12	56157546	56157697	1	1	1	13	0	38
chr12	56157736	56157881	1	1	1	11	0	38
chr12	56158405	56158683	1	1	1	3	0	23
chr12	56158712	56159586	1	1	1	2	0	28
chr12	56159731	56159974	1	1	1	3	0	38
chr12	56160149	56160242	1	1	1	10	0	26
chr12	56160321	56161386	1	1	1	48	0	42
chr12	56160671	56161386	1	1	1	1	0	33
chr12	56287775	56292091	2	4	1	1	0	17
chr12	56310596	56310957	2	2	1	17	0	39
chr12	56311055	56311210	2	2	1	2	0	32
chr12	56355804	56356131	2	2	1	1	0	6
chr12	56420882	56420962	2	2	1	2	0	22
chr12	56606313	56606632	2	2	1	5	0	45
chr12	56606734	56609735	2	2	1	5	0	40
chr12	56638379	56644814	1	1	1	1	0	46
chr12	56638424	56639105	2	2	1	11	0	45
chr12	56639308	56639979	2	2	1	2	0	18
chr12	56643959	56644780	2	2	1	2	0	35
chr12	56664499	56664775	2	2	1	1	0	12
chr12	56666267	56670274	2	2	1	1	0	20
chr12	56670365	56671748	2	2	1	1	0	23
chr12	56673066	56687997	2	2	1	1	0	25
chr12	56712553	56712785	2	2	1	101	0	44
chr12	56712909	56713061	2	2	1	10	0	42
chr12	56713191	56713536	2	2	1	1	0	38
chr12	56713684	56714361	2	2	1	2	0	36
chr12	56724524	56725262	2	2	1	1	0	37
chr12	56731735	56734146	2	2	1	1	0	34
chr12	56744124	56746044	2	2	1	1	0	11
chr12	56746182	56746780	2	4	1	4	0	44
chr12	57512104	57512235	1	1	1	1	0	23
chr12	57515992	57516244	1	1	1	2	0	30
chr12	57516338	57516434	1	1	1	6	0	40
chr12	63623825	63795480	2	4	1	0	1	11
chr12	63633568	63639704	1	1	1	0	1	27
chr12	64017013	64042789	1	1	1	2	0	22
chr12	64434624	64434793	1	1	1	1	0	39
chr12	65825382	65828000	1	1	1	1	0	37
chr12	65838570	65951382	1	1	1	1	0	14
chr12	65951416	65952355	1	1	1	1	0	33
chr12	66124019	66128895	2	2	1	0	1	25
chr12	66129114	66130704	2	2	1	2	0	34
chr12	67269786	67281909	1	1	1	2	0	12
chr12	68323241	68325171	2	2	1	1	0	24
chr12	68553051	68553082	0	0	1	0	3	45
chr12	68650469	68651994	1	1	1	1	0	29
chr12	68652052	68654111	1	1	1	0	1	43
chr12	68654253	68656305	1	1	1	0	1	31
chr12	68656450	68657100	1	1	1	1	2	44
chr12	68721178	68721840	1	1	1	1	0	39
chr12	68733613	68734707	1	1	1	2	0	35
chr12	68741981	68742354	1	1	1	2	0	43
chr12	68836750	68839273	1	1	1	1	0	17
chr12	69260198	69262372	1	1	1	1	0	22
chr12	69262563	69269511	1	1	1	2	0	28
chr12	69353609	69353742	2	4	1	0	1	32
chr12	69370976	69390146	1	1	1	1	0	23
chr12	69587617	69587929	1	1	1	1	0	29
chr12	69589688	69592058	1	1	1	10	0	43
chr12	69592160	69592975	1	1	1	8	0	44
chr12	69593614	69597155	1	1	1	1	0	37
chr12	69600005	69601294	1	1	1	2	0	20
chr12	70346325	70353828	1	1	1	1	0	43
chr12	71635581	71636489	2	2	1	1	0	27
chr12	71644319	71644876	2	2	1	1	0	26
chr12	71674399	71676688	1	1	1	1	0	38
chr12	71873004	71880468	1	1	1	1	0	35
chr12	71918549	71920730	1	1	1	1	0	35
chr12	72816321	72816351	1	1	1	0	5	44
chr12	75369987	75370084	1	1	1	1	0	11
chr12	75499952	75501722	2	2	1	5	0	28
chr12	75501817	75501922	2	2	1	1	0	26
chr12	75505255	75506315	2	2	1	1	0	6
chr12	75506400	75506483	2	2	1	3	0	43
chr12	76047719	76048392	2	2	1	34	0	45
chr12	76047719	76048420	2	2	1	15	0	45
chr12	76048465	76049199	2	2	1	33	0	45
chr12	76049251	76049755	2	2	1	12	0	30
chr12	76049526	76049755	2	2	1	1	0	21
chr12	76049786	76050530	2	2	1	11	0	46
chr12	76050654	76053090	2	2	1	1	0	20
chr12	76053111	76053204	2	2	1	2	0	20
chr12	76053351	76053769	2	2	1	2	0	13
chr12	76053910	76055018	2	2	1	7	0	27
chr12	76056162	76059797	2	2	1	3	0	18
chr12	76059879	76060137	2	2	1	20	0	38
chr12	76060280	76067370	2	2	1	4	0	34
chr12	76067474	76068908	2	2	1	1	0	31
chr12	76356729	76358705	2	2	1	2	0	24
chr12	76358812	76369213	2	2	1	3	0	40
chr12	76369823	76371447	2	2	1	2	0	26
chr12	76410635	76450850	2	2	1	4	0	28
chr12	76859029	76859546	2	2	1	1	0	11
chr12	76859641	76860283	2	2	1	4	0	16
chr12	78865110	78977798	1	1	1	1	0	46
chr12	78935288	78977798	1	1	1	1	0	9
chr12	78955567	78977798	1	1	1	1	0	30
chr12	79350348	79377206	1	1	1	0	1	42
chr12	79590361	79590494	2	2	1	1	0	21
chr12	79592694	79594328	2	2	1	2	0	13
chr12	79594434	79596510	2	2	1	1	0	21
chr12	79621208	79689728	2	2	1	2	0	22
chr12	79776016	79778549	2	2	1	3	0	37
chr12	79778601	79781814	2	2	1	3	0	29
chr12	79781863	79786373	2	2	1	2	0	40
chr12	79790484	79793862	2	2	1	1	0	16
chr12	79795760	79796781	2	2	1	2	0	22
chr12	79796951	79797194	2	2	1	1	0	27
chr12	79797396	79798493	2	2	1	8	0	45
chr12	79798585	79805591	2	2	1	5	0	42
chr12	79807331	79808482	2	2	1	1	0	6
chr12	79822191	79828319	2	2	1	1	0	39
chr12	81676845	81753972	2	2	1	1	0	40
chr12	82354595	82356959	2	2	1	1	0	20
chr12	85878570	85882222	1	1	1	1	0	21
chr12	88035739	88040147	1	1	1	2	0	20
chr12	88040266	88042824	1	1	1	3	0	15
chr12	88053747	88054339	2	2	1	1	0	24
chr12	88068646	88071293	2	2	1	1	0	15
chr12	88071927	88077221	2	2	1	1	0	6
chr12	88083231	88083846	2	2	1	2	0	16
chr12	88111352	88111693	2	2	1	2	0	15
chr12	88117146	88118482	2	2	1	1	0	13
chr12	88126439	88128945	2	2	1	2	0	39
chr12	88174728	88176207	1	1	1	1	0	45
chr12	89349562	89350587	2	2	1	5	0	36
chr12	89626616	89627677	2	2	1	1	0	19
chr12	89627717	89630504	2	2	1	1	0	34
chr12	89630646	89634777	2	2	1	5	0	42
chr12	89634904	89634996	2	2	1	1	0	10
chr12	92782136	92787866	2	2	1	1	0	30
chr12	92799087	92801599	2	2	1	1	0	38
chr12	92802735	92809016	2	2	1	1	0	42
chr12	92809157	92811278	2	2	1	1	0	21
chr12	92852297	92852911	2	2	1	1	0	9
chr12	92857486	92864859	2	2	1	2	0	36
chr12	93469356	93470485	1	1	1	1	0	8
chr12	93469356	93476953	1	1	1	1	0	11
chr12	93487661	93501175	1	1	1	1	0	32
chr12	94306626	94308782	2	2	1	2	0	23
chr12	94331830	94333481	2	2	1	1	0	26
chr12	94367944	94368056	2	2	1	1	0	45
chr12	94400982	94403169	2	2	1	1	0	20
chr12	94680687	94701485	1	1	1	0	1	34
chr12	94994258	95002738	2	2	1	3	0	36
chr12	95002822	95003594	2	2	1	1	0	9
chr12	95094695	95105006	2	2	1	1	0	27
chr12	95217887	95251939	1	1	1	1	0	27
chr12	95474331	95476070	1	1	1	4	0	42
chr12	95474331	95476073	1	1	1	8	0	45
chr12	95476179	95483214	1	1	1	4	0	37
chr12	95504162	95511894	1	1	1	1	0	37
chr12	95859077	95861167	1	1	1	1	0	24
chr12	95861294	95865323	1	1	1	27	0	46
chr12	95865389	95866004	1	1	1	79	0	44
chr12	96001107	96002959	2	2	1	2	0	6
chr12	96013259	96013749	2	2	1	1	0	35
chr12	96194706	96223564	1	1	1	1	0	42
chr12	98528013	98531679	1	1	1	1	0	37
chr12	98544538	98544950	1	1	1	1	0	44
chr12	98600128	98601170	1	1	1	1	0	20
chr12	98601282	98601367	1	1	1	1	0	23
chr12	98645836	98648318	1	1	1	2	0	35
chr12	98706611	98708584	1	1	1	1	0	11
chr12	98715553	98723192	1	1	1	1	0	10
chr12	99885552	99908319	2	2	1	1	0	19
chr12	100334267	100335624	1	1	1	1	0	17
chr12	100335692	100335810	1	1	1	2	0	24
chr12	100335907	100337386	1	1	1	1	0	16
chr12	101300062	101302447	1	1	1	1	0	43
chr12	101338278	101338812	1	1	1	2	0	34
chr12	101338958	101340522	1	1	1	1	0	46
chr12	101363744	101365458	1	1	1	2	0	33
chr12	101370564	101371057	1	1	1	1	0	21
chr12	101373768	101374807	1	1	1	1	0	43
chr12	101383670	101385582	1	1	1	4	0	32
chr12	101401174	101402864	2	2	1	1	0	41
chr12	101714238	101714503	1	1	1	1	0	15
chr12	101723327	101723721	1	1	1	1	0	41
chr12	101723848	101726293	1	1	1	1	0	31
chr12	101726405	101728900	1	1	1	5	0	44
chr12	102026039	102039867	2	2	1	1	0	23
chr12	102165884	102175482	1	1	1	1	0	7
chr12	102182628	102195950	1	1	1	1	0	33
chr12	103798678	103806321	2	2	1	1	0	8
chr12	103930565	103931520	1	1	1	1	0	25
chr12	103931624	103932276	1	1	1	1	0	12
chr12	103932419	103932825	1	1	1	4	0	27
chr12	103934288	103937694	1	1	1	19	0	37
chr12	103937807	103938339	1	1	1	19	0	43
chr12	103938460	103939508	1	1	1	1	0	4
chr12	103939626	103941409	1	1	1	1	0	16
chr12	103941548	103941628	1	1	1	1	0	33
chr12	103941707	103941831	1	1	1	1	0	34
chr12	103941898	103942526	1	1	1	5	0	41
chr12	103942797	103943073	1	1	1	2	0	25
chr12	103943320	103943737	1	1	1	1	0	25
chr12	103943875	103946617	1	1	1	2	0	27
chr12	103946697	103946785	1	1	1	2	0	19
chr12	103946942	103947310	1	1	1	14	0	43
chr12	103947431	103947632	1	1	1	7	0	44
chr12	103966061	103976917	1	1	1	2	0	29
chr12	103977061	103979830	1	1	1	0	5	31
chr12	104315897	104318912	1	1	1	3	0	31
chr12	104331642	104334236	1	1	1	1	0	9
chr12	104988254	104991711	1	1	1	1	0	24
chr12	105140402	105140898	1	1	1	1	0	29
chr12	105162846	105164110	1	1	1	2	0	30
chr12	105367510	105370633	1	1	1	2	0	38
chr12	106726036	106734382	1	1	1	1	0	23
chr12	107692900	107692999	1	1	1	1	0	11
chr12	107696585	107697466	1	1	1	5	0	35
chr12	107710511	107712110	1	1	1	2	0	15
chr12	108530311	108531203	2	2	1	3	0	29
chr12	108531281	108532221	2	2	1	2	0	11
chr12	108538204	108538933	2	2	1	2	0	9
chr12	108565432	108567189	1	1	1	1	0	41
chr12	109097812	109098431	1	1	1	1	0	12
chr12	109590862	109591240	1	1	1	1	0	42
chr12	109904148	109904736	1	1	1	1	0	41
chr12	110135438	110136775	1	1	1	1	0	25
chr12	110172972	110173917	2	2	1	1	0	40
chr12	110192707	110203863	1	1	1	1	0	25
chr12	110205515	110205594	1	1	1	1	0	23
chr12	110282796	110292019	1	1	1	2	0	26
chr12	110339404	110339502	1	3	1	1	0	37
chr12	110453097	110453742	2	2	1	2	0	7
chr12	110486718	110487860	1	1	1	1	0	13
chr12	110492123	110492995	2	2	1	5	0	18
chr12	111520974	111525191	2	2	1	1	0	3
chr12	111552431	111552905	2	2	1	1	0	14
chr12	111552978	111554157	2	2	1	1	0	6
chr12	111679341	111681636	2	2	1	1	0	3
chr12	111792783	111798077	1	1	1	1	0	37
chr12	111842770	111866155	1	1	1	1	0	43
chr12	111886037	111888487	1	1	1	1	0	40
chr12	111890145	111892966	1	1	1	2	0	30
chr12	112033380	112039228	2	2	1	1	0	15
chr12	112039340	112040480	2	2	1	3	0	38
chr12	112040579	112042038	2	2	1	9	0	37
chr12	112042105	112043087	2	2	1	2	0	16
chr12	112405377	112405852	2	2	1	97	0	45
chr12	112406038	112406293	2	2	1	16	0	45
chr12	112406343	112406746	2	2	1	15	0	41
chr12	112406891	112408239	2	2	1	5	5	39
chr12	112408339	112408419	2	2	1	36	1	46
chr12	112408339	112410319	2	2	1	0	1	10
chr12	112408657	112409586	2	2	1	2	3	19
chr12	112450513	112453194	1	1	1	1	0	29
chr12	112453388	112454563	1	1	1	1	0	45
chr12	112454681	112455949	1	1	1	6	0	41
chr12	112473041	112477650	1	1	1	1	0	10
chr12	113161383	113161892	2	2	1	1	0	19
chr12	113161998	113162931	2	2	1	3	0	44
chr12	113767209	113773614	2	2	1	1	0	21
chr12	113958051	113959211	2	2	1	1	0	14
chr12	113960179	113962231	2	2	1	2	0	26
chr12	118376834	118380161	1	1	1	4	0	12
chr12	118380232	118384011	1	1	1	12	0	42
chr12	118384068	118386113	1	1	1	12	0	45
chr12	118386186	118389926	1	1	1	10	0	20
chr12	118389947	118391125	1	1	1	11	0	20
chr12	120033472	120076066	1	1	1	1	0	25
chr12	120098936	120099029	2	2	1	1	0	38
chr12	120196935	120197321	2	2	1	49	1	44
chr12	120197463	120198553	2	2	1	7	0	41
chr12	120198740	120198853	2	2	1	2	0	30
chr12	120199001	120199117	2	2	1	1	0	24
chr12	120200832	120201082	2	2	1	1	0	8
chr12	120201439	120203861	1	3	1	1	0	31
chr12	120438522	120440453	1	1	1	0	6	44
chr12	120446830	120457075	1	1	1	1	0	41
chr12	120457180	120459906	1	1	1	1	0	36
chr12	120571292	120575630	1	1	1	1	0	20
chr12	121231111	121231895	2	2	1	1	0	41
chr12	121420335	121420576	1	1	1	1	0	41
chr12	122316856	122319231	2	2	1	1	0	33
chr12	122482088	122482634	2	2	1	1	0	25
chr12	122508448	122511108	2	2	1	1	0	46
chr12	122508451	122511108	2	2	1	1	0	46
chr12	122511189	122515104	2	2	1	1	0	13
chr12	122515228	122517226	2	2	1	3	0	21
chr12	122517431	122518838	2	2	1	2	0	3
chr12	122539755	122542049	1	1	1	1	0	29
chr12	122624689	122626204	1	1	1	6	0	44
chr12	122753808	122762186	1	3	1	1	0	20
chr12	122762207	122762844	1	1	1	2	0	13
chr12	122762930	122765303	1	1	1	4	0	41
chr12	122981880	122981956	1	1	1	1	0	19
chr12	122982075	122982468	1	1	1	1	0	31
chr12	123253957	123256812	1	1	1	1	0	32
chr12	123255034	123256812	1	3	1	1	0	20
chr12	123265323	123267184	2	2	1	1	0	31
chr12	123317357	123319899	2	2	1	1	0	15
chr12	123321733	123323679	2	2	1	3	0	37
chr12	123325600	123326151	2	2	1	1	0	33
chr12	123341089	123345257	2	2	1	1	0	28
chr12	123430660	123436081	2	2	1	1	0	27
chr12	124223814	124270391	1	1	1	1	0	25
chr12	124398182	124400500	2	2	1	1	0	28
chr12	124911823	124912734	2	2	1	11	0	44
chr12	124912181	124913548	2	2	1	0	1	39
chr12	124912409	124913548	2	2	1	0	1	39
chr12	124912637	124913548	2	2	1	0	1	39
chr12	124912865	124913548	2	2	1	0	1	39
chr12	124913268	124913495	2	2	1	0	2	3
chr12	124913321	124913548	2	2	1	1	1	39
chr12	125415678	125519438	1	1	1	1	0	6
chr12	125886511	125911830	1	1	1	1	0	20
chr12	130798636	130801152	2	2	1	1	0	16
chr12	130873129	130874545	1	1	1	1	0	36
chr12	130875783	130875881	1	1	1	1	0	36
chr12	131756645	131766117	1	1	1	3	0	41
chr12	131786589	131789937	1	1	1	2	0	23
chr12	131850060	131850924	1	1	1	2	0	43
chr12	131987891	131989963	1	1	1	1	0	26
chr12	131990105	131990635	1	3	1	1	0	28
chr12	131990715	131991406	1	1	1	1	0	46
chr12	132013914	132017534	1	1	1	1	0	42
chr12	132037794	132037952	1	1	1	1	0	37
chr12	132152198	132152281	1	1	1	3	0	33
chr12	132722238	132722525	1	1	1	1	0	34
chr12	132743277	132747831	2	2	1	1	0	22
chr12	132861635	132869618	2	2	1	1	0	43
chr12	133038320	133038435	2	4	1	1	0	26
chr12	133122025	133130052	2	2	1	1	0	36
chr13	19642271	19646442	1	1	1	0	1	43
chr13	19647292	19648421	1	1	1	1	0	14
chr13	19825236	19835476	2	2	1	2	0	13
chr13	19960027	19993062	1	1	1	1	0	19
chr13	19993920	20002849	1	1	1	1	0	45
chr13	20082131	20082780	1	1	1	2	0	28
chr13	20783920	20786964	2	2	1	1	0	41
chr13	20800991	20807456	2	2	1	1	0	19
chr13	21146928	21147185	1	1	1	2	0	44
chr13	21493354	21495160	2	2	1	1	0	8
chr13	23135215	23135733	1	1	1	1	0	46
chr13	23353877	23354518	2	2	1	1	0	32
chr13	24884246	24884322	2	2	1	2	0	22
chr13	24899585	24903925	2	2	1	3	0	41
chr13	24904059	24905345	2	2	1	1	0	9
chr13	24906961	24907090	2	2	1	1	0	4
chr13	25321094	25324988	1	1	1	1	0	26
chr13	27251586	27253764	1	1	1	3	1	28
chr13	27253844	27254219	1	1	1	6	0	45
chr13	27254282	27255241	1	1	1	0	6	45
chr13	27255355	27256183	1	1	1	19	1	46
chr13	27256335	27256435	1	1	1	161	0	45
chr13	27424939	27427091	1	1	1	1	0	43
chr13	27427193	27429869	1	1	1	1	0	21
chr13	27435193	27435432	1	1	1	1	0	33
chr13	27437274	27439988	2	2	1	1	0	31
chr13	27440450	27445087	2	2	1	3	0	23
chr13	28659188	28662409	1	1	1	1	0	27
chr13	28662508	28664508	1	1	1	2	0	22
chr13	28664570	28668472	1	1	1	3	0	22
chr13	28668575	28672338	1	1	1	7	0	37
chr13	28672433	28678034	1	1	1	26	0	42
chr13	30461534	30462537	2	2	1	0	4	42
chr13	30462713	30463206	2	2	1	26	0	45
chr13	30463353	30463530	2	2	1	12	0	43
chr13	30463695	30465795	2	2	1	0	5	41
chr13	30642758	30646931	1	1	1	1	0	39
chr13	30863579	30864735	1	1	1	1	0	33
chr13	31137118	31137367	2	2	1	1	0	19
chr13	31137525	31138406	2	2	1	2	0	30
chr13	31138569	31138780	2	2	1	2	0	44
chr13	31141260	31143791	2	2	1	2	0	24
chr13	31143924	31145562	2	2	1	3	0	45
chr13	32518004	32521372	2	2	1	1	0	36
chr13	32764589	32770120	1	1	1	1	0	29
chr13	33818266	33821131	1	1	1	1	0	36
chr13	33830018	33830718	1	1	1	1	0	31
chr13	36283510	36283591	2	2	1	1	0	6
chr13	36304633	36312144	2	2	1	1	0	26
chr13	36950058	36952513	2	2	1	1	0	7
chr13	37002552	37002933	1	1	1	1	0	14
chr13	37003008	37004515	1	1	1	1	0	4
chr13	37004562	37005919	1	1	1	1	0	12
chr13	37006161	37006974	1	1	1	2	0	14
chr13	37008178	37008728	1	1	1	1	0	31
chr13	37008836	37009183	1	3	1	6	0	38
chr13	37031896	37033448	2	2	1	1	0	46
chr13	38354297	38358092	1	1	1	2	0	22
chr13	38358133	38359300	1	1	1	5	0	33
chr13	38359334	38360710	1	1	1	3	0	33
chr13	38764451	38769577	1	1	1	1	0	28
chr13	40559035	40559508	2	2	1	7	0	35
chr13	40767034	40770984	2	2	1	1	0	30
chr13	41061676	41062643	1	1	1	1	0	21
chr13	41065079	41065163	1	1	1	2	0	42
chr13	41072858	41076043	1	1	1	1	0	5
chr13	41234008	41240260	2	2	1	1	0	6
chr13	41367653	41369089	1	1	1	5	0	40
chr13	41570707	41575739	2	2	1	2	0	39
chr13	41701531	41703302	2	2	1	1	0	37
chr13	42437473	42443966	1	1	1	1	0	22
chr13	43078689	43085767	1	1	1	1	0	17
chr13	43085839	43107177	1	1	1	2	0	36
chr13	43869490	43874841	2	2	1	1	0	41
chr13	44436096	44573162	2	2	1	1	0	23
chr13	45015084	45015431	1	1	1	1	0	30
chr13	45020429	45027784	1	1	1	3	0	29
chr13	45207506	45252870	1	1	1	1	0	19
chr13	45337389	45338659	2	2	1	57	0	45
chr13	45338777	45339496	2	2	1	8	0	45
chr13	45339603	45339993	2	2	1	1	0	20
chr13	45340185	45340711	2	2	1	1	0	40
chr13	45340786	45341041	2	2	1	1	0	42
chr13	45975839	45976181	2	2	1	1	0	36
chr13	45975839	45979812	2	2	1	2	0	30
chr13	45976266	45979812	2	2	1	1	0	31
chr13	46003337	46010347	2	2	1	4	0	46
chr13	46010506	46011414	2	2	1	1	0	3
chr13	46011555	46020448	2	2	1	1	0	23
chr13	46020558	46042163	2	2	1	3	0	21
chr13	46045065	46045390	2	2	1	1	0	8
chr13	46052966	46151493	1	1	1	0	1	3
chr13	46771497	46777455	2	4	1	7	0	36
chr13	46777624	46779934	2	2	1	1	0	33
chr13	47997024	48001179	2	2	1	1	0	32
chr13	48053492	48077152	2	2	1	1	0	22
chr13	48077312	48079843	2	2	1	1	0	6
chr13	48081732	48083370	2	2	1	1	0	31
chr13	48090419	48094953	2	2	1	1	0	23
chr13	48253937	48256176	1	1	1	1	0	15
chr13	48258237	48258796	1	1	1	1	0	44
chr13	49131375	49136331	1	1	1	1	0	32
chr13	50953986	50956357	1	1	1	6	0	46
chr13	51170463	51175948	1	1	1	2	0	42
chr13	52143988	52144690	2	2	1	1	0	9
chr13	52433749	52434792	2	2	1	1	0	30
chr13	52436405	52439097	2	2	1	1	0	42
chr13	52455627	52456522	1	1	1	1	0	12
chr13	52659250	52661474	1	1	1	1	0	30
chr13	52662703	52663095	1	1	1	3	0	14
chr13	52663113	52664034	1	1	1	3	0	17
chr13	52664058	52665636	1	1	1	4	0	23
chr13	52666920	52676229	1	1	1	1	0	7
chr13	52680156	52687733	1	1	1	14	0	45
chr13	60010670	60015912	2	2	1	1	0	13
chr13	60093733	60112009	2	2	1	1	0	7
chr13	60799996	60812636	1	1	1	0	1	17
chr13	72760652	72761362	2	2	1	1	0	6
chr13	72998996	73015868	1	1	1	1	0	34
chr13	73357479	73392092	2	2	1	0	1	43
chr13	75289111	75292101	2	2	1	1	0	42
chr13	75526640	75530113	2	2	1	9	0	42
chr13	75549863	75549975	1	1	1	2	0	12
chr13	75549988	75560752	1	1	1	2	0	12
chr13	75560882	75566694	1	1	1	1	0	25
chr13	75594991	75604768	1	1	1	2	0	37
chr13	75604828	75605728	1	1	1	5	0	46
chr13	77087634	77088831	2	2	1	1	0	9
chr13	77270064	77270295	2	2	1	1	0	29
chr13	78639072	78642121	2	2	1	1	0	29
chr13	79344323	79344668	2	2	1	1	0	10
chr13	79344795	79354438	2	2	1	3	0	45
chr13	79377516	79378788	2	2	1	2	0	45
chr13	95577339	95577899	1	1	1	1	0	32
chr13	95586137	95587538	2	2	1	1	0	28
chr13	95606060	95609456	2	2	1	1	0	4
chr13	95609514	95611444	2	2	1	3	0	42
chr13	95622481	95624767	2	2	1	2	0	27
chr13	95624930	95629988	2	2	1	1	0	15
chr13	95630114	95633233	2	2	1	1	0	24
chr13	95867424	95877278	2	2	1	2	0	21
chr13	98002774	98002863	1	1	1	2	0	9
chr13	98014215	98015529	1	1	1	5	0	44
chr13	98018705	98019580	1	1	1	1	0	33
chr13	98019810	98020991	1	1	1	2	0	26
chr13	98021134	98021735	1	1	1	12	0	45
chr13	98101543	98110522	2	2	1	1	0	45
chr13	98213414	98343761	1	1	1	1	0	10
chr13	98446818	98448235	1	1	1	1	0	24
chr13	98482322	98519242	2	2	1	1	0	17
chr13	99517682	99520035	1	1	1	1	0	17
chr13	99555648	99559362	1	1	1	1	0	29
chr13	99559535	99562690	1	1	1	2	0	14
chr13	99891438	99892422	1	1	1	1	0	17
chr13	99891438	99892442	1	1	1	2	0	32
chr13	100112062	100154978	1	1	1	1	0	18
chr13	100425732	100449251	1	1	1	1	0	41
chr13	102649487	102657055	1	1	1	1	0	13
chr13	102674491	102676295	1	1	1	1	0	18
chr13	102784513	102786231	2	2	1	3	0	28
chr13	102807746	102816427	1	1	1	3	0	3
chr13	102866846	102868112	1	1	1	1	0	44
chr13	106544161	106557047	2	2	1	1	0	43
chr13	106557132	106559431	2	2	1	2	0	40
chr13	106559658	106567572	2	2	1	2	0	42
chr13	107170787	107210583	2	2	1	0	1	6
chr13	108892472	108920689	2	2	1	0	1	35
chr13	110183277	110186384	2	2	1	1	0	38
chr13	110198632	110200853	2	2	1	2	0	25
chr13	110641442	110642505	2	4	1	1	0	16
chr13	110641609	110642314	2	2	1	3	0	17
chr13	110642522	110644384	2	2	1	1	0	16
chr13	110647240	110651033	2	2	1	2	0	44
chr13	112498941	112499044	2	2	1	2	0	16
chr13	113254799	113254952	1	1	1	1	0	31
chr13	113388144	113389154	1	1	1	1	0	27
chr13	113498522	113499957	1	1	1	2	0	10
chr13	113876135	113876253	1	1	1	0	1	20
chr13	113876135	113876270	1	1	1	0	1	20
chr13	114243990	114244889	1	1	1	1	0	28
chr13	114272482	114272563	1	1	1	2	0	46
chr13	114282944	114286518	1	1	1	0	1	20
chr13	114286630	114291488	1	1	1	1	2	40
chr13	114291545	114291633	1	1	1	1	0	29
chr13	114302026	114304788	1	1	1	0	1	23
chr13	114354109	114354172	1	1	1	0	1	16
chr14	20357521	20357637	1	1	1	1	0	34
chr14	20447521	20447614	2	2	1	1	0	31
chr14	20455704	20455913	1	1	1	1	0	14
chr14	20505637	20506054	1	1	1	0	1	23
chr14	20996293	20996526	1	1	1	1	0	10
chr14	21211307	21211405	2	2	1	3	0	14
chr14	21211567	21211809	2	2	1	1	0	38
chr14	21211924	21212959	2	2	1	6	0	38
chr14	21213118	21230318	2	2	1	1	0	15
chr14	21230367	21230957	2	2	1	1	0	29
chr14	21234230	21263310	2	2	1	1	0	26
chr14	21237860	21239129	2	2	1	1	0	33
chr14	21263337	21269297	2	2	1	1	0	26
chr14	21353566	21353702	2	2	1	1	0	20
chr14	21353833	21354410	2	2	1	2	0	43
chr14	21354541	21357196	2	2	1	1	0	9
chr14	21362948	21363033	2	2	1	1	0	13
chr14	21363329	21363437	2	2	1	4	0	36
chr14	21363504	21364826	2	2	1	5	0	43
chr14	21364940	21365069	2	2	1	2	0	40
chr14	21365144	21366438	2	2	1	3	0	32
chr14	21366530	21368268	2	2	1	3	0	28
chr14	21368442	21369203	2	2	1	2	0	34
chr14	21370489	21371873	2	2	1	1	0	41
chr14	21372045	21373337	2	2	1	2	0	40
chr14	21488851	21489172	1	1	1	2	0	23
chr14	21498370	21499024	2	2	1	3	0	42
chr14	22565138	22575058	2	2	1	6	0	27
chr14	22768172	22769790	1	1	1	2	0	11
chr14	22770910	22771017	1	1	1	1	0	18
chr14	22771181	22771267	1	1	1	1	0	12
chr14	22830255	22833417	1	1	1	1	0	19
chr14	22833483	22834171	1	1	1	13	0	46
chr14	22921057	22922175	2	2	1	2	0	46
chr14	22951690	22952327	2	2	1	1	0	38
chr14	23090634	23093478	2	2	1	1	0	37
chr14	23324053	23324137	1	1	1	2	0	22
chr14	23324290	23325246	1	1	1	21	0	46
chr14	23476408	23477199	1	1	1	1	0	43
chr14	23477357	23477502	1	1	1	3	0	17
chr14	23477561	23478006	1	1	1	9	0	46
chr14	23561432	23561511	2	2	1	1	0	41
chr14	23960004	23965761	1	1	1	1	0	23
chr14	24138400	24138473	1	1	1	2	0	5
chr14	24138561	24138735	1	1	1	1	0	38
chr14	24139197	24139359	2	2	1	1	0	18
chr14	24139477	24140246	1	1	1	1	0	24
chr14	24143490	24143584	2	2	1	7	1	38
chr14	24143672	24143974	2	2	1	5	0	24
chr14	24144030	24144191	2	2	1	2	0	15
chr14	24160408	24160519	1	1	1	2	0	28
chr14	24181618	24181710	2	2	1	1	0	26
chr14	24183170	24183249	2	2	1	2	0	32
chr14	24209936	24210347	2	2	1	2	0	42
chr14	24211593	24211679	2	2	1	1	0	37
chr14	24214152	24214309	2	2	1	1	0	12
chr14	24217224	24218132	2	2	1	1	0	41
chr14	24235821	24235966	1	1	1	1	0	37
chr14	30597527	30598482	1	1	1	1	0	8
chr14	30601895	30601998	1	1	1	2	0	35
chr14	30708066	30715923	1	1	1	1	0	32
chr14	30715978	30719324	1	1	1	1	0	6
chr14	30734859	30735585	1	1	1	2	0	36
chr14	31141953	31144110	2	2	1	1	0	40
chr14	31168473	31169353	2	2	1	2	0	33
chr14	31169469	31171860	2	2	1	4	0	43
chr14	34568014	34581560	2	2	1	1	0	40
chr14	34575843	34581560	2	2	1	1	0	14
chr14	34581601	34586229	2	2	1	2	0	38
chr14	34597646	34603347	2	2	1	1	0	7
chr14	34603472	34605595	2	2	1	3	0	44
chr14	34776516	34780185	2	2	1	1	0	27
chr14	34800391	34801093	2	2	1	2	0	25
chr14	34801194	34802853	2	2	1	6	0	44
chr14	34802989	34807450	2	2	1	2	0	12
chr14	35001021	35007282	1	1	1	2	0	13
chr14	35008694	35008773	1	1	1	1	0	32
chr14	35023081	35028087	1	1	1	1	0	39
chr14	35046629	35053277	1	1	1	1	0	10
chr14	35053452	35077149	1	1	1	1	0	31
chr14	35077217	35078926	1	1	1	1	0	24
chr14	35270597	35273434	1	1	1	2	0	12
chr14	35310896	35312880	1	1	1	1	0	27
chr14	35314456	35317248	1	1	1	7	2	42
chr14	35402061	35402393	2	2	1	1	0	32
chr14	35728511	35738512	2	2	1	0	1	39
chr14	36311726	36311958	2	2	1	1	0	42
chr14	36314609	36314690	2	2	1	1	0	11
chr14	39154295	39159482	2	2	1	1	0	18
chr14	39177485	39177592	1	1	1	2	0	32
chr14	39177917	39179090	1	1	1	1	0	3
chr14	39179247	39179323	1	1	1	7	0	44
chr14	39179463	39180502	1	1	1	1	0	33
chr14	39260655	39261937	1	1	1	0	1	23
chr14	39304382	39308448	1	1	1	1	0	16
chr14	45025873	45027298	1	1	1	1	0	4
chr14	45107617	45108414	1	1	1	1	0	30
chr14	45108523	45109615	1	1	1	2	0	29
chr14	45110818	45112317	1	1	1	1	0	9
chr14	45116253	45118027	2	2	1	3	0	41
chr14	45118126	45120886	2	2	1	3	0	44
chr14	45120955	45121484	2	2	1	2	0	4
chr14	45121621	45129793	2	2	1	5	0	38
chr14	45129902	45130698	2	2	1	6	0	44
chr14	45227815	45231140	2	2	1	1	0	11
chr14	45235945	45237647	2	2	1	1	0	23
chr14	45237722	45242033	2	2	1	1	0	4
chr14	47104437	47104468	2	2	1	0	5	44
chr14	49583676	49585949	2	2	1	132	7	44
chr14	49586050	49586284	2	2	1	50	0	42
chr14	49626049	49628011	2	2	1	1	0	18
chr14	49647361	49650264	2	2	1	2	0	31
chr14	49663388	49664625	2	2	1	1	0	5
chr14	49779676	49779747	1	1	1	1	0	45
chr14	49795945	49799474	2	2	1	4	0	24
chr14	49799525	49799635	2	2	1	3	0	26
chr14	49802574	49802668	2	2	1	1	0	12
chr14	49802728	49803236	2	2	1	1	0	21
chr14	49828788	49829053	2	2	1	1	0	23
chr14	49828808	49829053	2	2	1	5	0	45
chr14	49834450	49837334	2	2	1	1	0	36
chr14	49838207	49840717	2	2	1	1	0	34
chr14	49839192	49840133	2	4	1	1	0	43
chr14	50294247	50302016	2	2	1	1	0	25
chr14	50341233	50342131	2	2	1	1	0	20
chr14	50464134	50466582	2	2	1	2	0	38
chr14	50466646	50468650	2	2	1	1	0	8
chr14	50726067	50729522	2	2	1	1	0	29
chr14	50752734	50754562	2	2	1	1	0	18
chr14	50908338	50908820	2	2	1	1	0	20
chr14	51993823	51998493	1	1	1	1	0	14
chr14	51999797	52001797	1	1	1	2	0	20
chr14	52001867	52004193	1	1	1	2	0	10
chr14	52432588	52439203	2	2	1	1	0	35
chr14	52490452	52490838	2	2	1	1	0	13
chr14	52707305	52708308	1	1	1	1	0	43
chr14	52724037	52727498	1	1	1	0	4	16
chr14	52858551	52859572	2	2	1	1	0	26
chr14	53093445	53103682	2	2	1	1	0	8
chr14	54399977	54401523	1	1	1	1	0	27
chr14	54417952	54419991	1	1	1	5	0	44
chr14	54522594	54530048	1	1	1	1	0	29
chr14	54984861	54987145	2	2	1	3	0	11
chr14	55063326	55064615	1	1	1	3	0	37
chr14	55148474	55150798	2	2	1	1	0	12
chr14	55150849	55151694	2	2	1	3	0	44
chr14	55151942	55152589	2	2	1	1	0	45
chr14	55163076	55169398	2	2	1	3	0	15
chr14	55182433	55183559	2	2	1	1	0	33
chr14	55189181	55191462	2	2	1	2	0	43
chr14	55390993	55395939	2	2	1	1	0	27
chr14	55395983	55397371	2	2	1	3	0	28
chr14	55580355	55612018	1	1	1	7	0	40
chr14	55601881	55612018	1	1	1	1	0	12
chr14	55619313	55627911	1	1	1	2	0	7
chr14	55637365	55637778	1	1	1	1	0	43
chr14	55640004	55640373	1	1	1	1	0	18
chr14	55640443	55640932	1	1	1	1	0	36
chr14	55640971	55641126	1	1	1	1	0	18
chr14	55641209	55641691	1	1	1	1	0	27
chr14	55647008	55648024	1	1	1	2	0	20
chr14	55648116	55648801	1	1	1	1	0	25
chr14	55648871	55649775	1	1	1	1	0	25
chr14	55649814	55650327	1	1	1	2	0	28
chr14	55650419	55650568	1	1	1	1	0	25
chr14	55653086	55653558	1	1	1	1	0	14
chr14	55653597	55656041	1	1	1	1	0	8
chr14	55658615	55659665	1	1	1	1	0	31
chr14	55659704	55661521	1	1	1	1	0	20
chr14	55671656	55671784	1	1	1	2	0	33
chr14	55671878	55672629	1	1	1	2	0	41
chr14	55672702	55672928	1	1	1	4	0	44
chr14	55675919	55678351	1	1	1	1	0	44
chr14	55679686	55684098	1	1	1	2	0	38
chr14	58232268	58234369	1	1	1	1	0	44
chr14	58261021	58263704	1	1	1	2	0	23
chr14	58263771	58267473	1	1	1	2	0	14
chr14	58270486	58270933	1	1	1	7	0	40
chr14	58270999	58271850	1	1	1	31	0	45
chr14	58274136	58291634	2	2	1	1	0	33
chr14	58291708	58296281	2	2	1	2	0	40
chr14	58347879	58351072	1	1	1	2	0	21
chr14	58353856	58359131	1	1	1	1	0	15
chr14	58450747	58453349	1	1	1	1	0	9
chr14	58466030	58467734	1	1	1	2	0	11
chr14	58472280	58474606	1	1	1	1	0	43
chr14	59326649	59326932	1	1	1	3	0	43
chr14	59326992	59330500	1	1	1	1	0	25
chr14	59363783	59367428	1	1	1	1	0	29
chr14	60124311	60125636	1	1	1	0	1	4
chr14	60125824	60133969	1	1	1	1	0	41
chr14	60145014	60149352	2	2	1	3	0	31
chr14	60478390	60483690	2	2	1	1	0	17
chr14	60796370	60798086	1	1	1	2	0	46
chr14	60798161	60808324	1	1	1	5	0	27
chr14	60975195	60975474	2	2	1	1	0	35
chr14	61737110	61738086	1	1	1	1	0	37
chr14	61768741	61776094	1	1	1	1	0	3
chr14	61778141	61778847	1	1	1	1	0	37
chr14	61778911	61782246	1	1	1	1	0	44
chr14	61782398	61792806	1	1	1	1	0	10
chr14	63376109	63382055	2	2	1	1	0	10
chr14	63382158	63384443	2	2	1	1	0	26
chr14	63982795	63983736	1	1	1	1	0	18
chr14	64007223	64009965	1	1	1	1	0	33
chr14	64025032	64025129	1	1	1	1	0	10
chr14	64048156	64049610	1	1	1	1	0	4
chr14	64049877	64051556	1	1	1	1	0	10
chr14	64074137	64075944	1	1	1	2	0	15
chr14	64122134	64122285	1	1	1	1	0	46
chr14	64122428	64125078	1	1	1	1	0	27
chr14	64400878	64411089	1	1	1	3	0	38
chr14	64454876	64458213	1	1	1	1	0	16
chr14	64458308	64459758	1	1	1	2	0	34
chr14	64924127	64926009	1	1	1	4	0	37
chr14	64924127	64932137	1	1	1	4	0	32
chr14	64926081	64932137	1	1	1	10	0	46
chr14	65078037	65093707	2	2	1	2	0	34
chr14	65084300	65093707	2	2	1	1	0	29
chr14	67180880	67181419	1	1	1	1	0	18
chr14	67263164	67350610	2	2	1	3	0	21
chr14	67350691	67352922	2	2	1	2	0	18
chr14	67376591	67380658	1	1	1	1	0	16
chr14	68874763	68880809	2	2	1	2	0	34
chr14	68892284	68893654	2	2	1	1	0	4
chr14	69394913	69398230	2	2	1	1	0	14
chr14	69768897	69769181	1	1	1	3	0	34
chr14	69769252	69770466	1	1	1	4	0	39
chr14	69770541	69770994	1	1	1	2	0	31
chr14	70326450	70329173	2	2	1	7	0	42
chr14	70329237	70342657	2	2	1	1	0	23
chr14	70342730	70359518	2	2	1	1	0	21
chr14	72459684	72465757	1	1	1	1	0	9
chr14	72465823	72470006	1	1	1	1	0	18
chr14	73012409	73019738	1	1	1	0	1	35
chr14	73083552	73088000	1	1	1	1	0	40
chr14	73088162	73096914	1	1	1	2	0	23
chr14	73097101	73099379	1	1	1	4	0	40
chr14	73099434	73099666	1	1	1	3	0	36
chr14	73103479	73105858	1	1	1	4	0	36
chr14	73106082	73106195	1	1	1	9	0	45
chr14	73106286	73107825	1	1	1	2	0	26
chr14	73107900	73109341	1	1	1	2	0	20
chr14	73109493	73110830	1	1	1	7	0	34
chr14	73689516	73695901	1	1	1	2	0	41
chr14	74713201	74713484	1	1	1	1	0	20
chr14	74713260	74713484	1	1	1	3	0	44
chr14	74812783	74816202	1	1	1	2	0	16
chr14	74816266	74816570	1	1	1	1	0	45
chr14	74817108	74817193	1	1	1	4	0	34
chr14	74817278	74818230	1	1	1	2	0	38
chr14	74835448	74835774	1	1	1	1	0	26
chr14	75147738	75152031	2	2	1	1	0	24
chr14	75657534	75660774	2	2	1	1	0	41
chr14	75771855	75775483	1	1	1	1	0	26
chr14	77437882	77441065	2	2	1	1	0	16
chr14	77441094	77442559	2	2	1	1	0	28
chr14	77449358	77449713	2	2	1	2	0	19
chr14	77449753	77451186	2	2	1	2	0	34
chr14	77465668	77468082	1	1	1	1	0	28
chr14	77468509	77469076	1	1	1	1	0	20
chr14	77708209	77710837	1	1	1	5	0	30
chr14	77710897	77715771	1	1	1	34	0	44
chr14	77710897	77717495	1	1	1	1	0	12
chr14	77715880	77717479	1	1	1	1	0	41
chr14	77715880	77717495	1	1	1	79	3	44
chr14	77731130	77732484	2	2	1	4	0	23
chr14	77732602	77734946	2	2	1	1	0	29
chr14	77735013	77735936	2	2	1	2	0	30
chr14	77736007	77736970	2	2	1	1	0	13
chr14	77739062	77751318	2	2	1	1	0	33
chr14	80778047	80784894	2	2	1	1	0	43
chr14	80840769	80862756	2	2	1	1	0	21
chr14	88571125	88572029	1	1	1	1	0	40
chr14	88610941	88611744	1	1	1	2	0	25
chr14	88680549	88681889	2	2	1	1	0	37
chr14	88857278	88861221	1	1	1	1	0	19
chr14	89556307	89611709	1	1	1	2	0	45
chr14	90256601	90259159	1	1	1	2	0	10
chr14	90259214	90260114	1	1	1	2	0	33
chr14	90318114	90331840	2	2	1	1	0	29
chr14	90401403	90403861	1	1	1	3	0	42
chr14	90403969	90404378	1	1	1	15	0	33
chr14	90404515	90404688	1	1	1	59	0	45
chr14	91294319	91297304	2	2	1	1	0	11
chr14	91309987	91313079	2	2	1	2	0	39
chr14	91462878	91465249	2	2	1	1	0	14
chr14	91969894	91972716	2	2	1	1	0	3
chr14	92014578	92015695	2	2	1	3	0	43
chr14	92017751	92021555	2	2	1	1	0	27
chr14	92064415	92070934	2	2	1	1	0	18
chr14	92071054	92080964	2	2	1	1	0	38
chr14	92116230	92117497	2	2	1	21	0	46
chr14	92711956	92712804	2	2	1	1	0	44
chr14	92809520	92810253	1	1	1	1	0	26
chr14	92927619	92929716	1	1	1	1	0	22
chr14	92931703	92932369	1	1	1	1	0	18
chr14	93294938	93295969	2	2	1	1	0	23
chr14	94051460	94052997	2	2	1	2	0	33
chr14	94053128	94054995	2	2	1	1	0	38
chr14	94060614	94060912	2	2	1	1	0	33
chr14	94127993	94128513	2	2	1	1	0	34
chr14	95090664	95091033	2	2	1	1	0	38
chr14	95111457	95112171	2	2	1	1	0	24
chr14	96520229	96521005	1	1	1	1	0	21
chr14	96521073	96525309	1	1	1	1	0	30
chr14	96532421	96532510	1	1	1	10	0	41
chr14	96542894	96544148	1	1	1	1	0	7
chr14	96562894	96564954	1	1	1	1	0	39
chr14	96833632	96837761	1	1	1	2	0	16
chr14	96837818	96846094	1	1	1	1	0	22
chr14	96846165	96847256	1	1	1	1	0	20
chr14	96855357	96856129	1	1	1	2	0	40
chr14	96856251	96856527	1	1	1	1	0	31
chr14	96856587	96860556	1	1	1	1	0	11
chr14	96876121	96881176	1	1	1	1	0	14
chr14	98985447	98985477	2	2	1	0	2	44
chr14	99492875	99493513	1	1	1	2	0	34
chr14	100239924	100262303	1	1	1	2	0	41
chr14	101909691	101912400	1	1	1	1	0	6
chr14	101983291	101983381	1	1	1	1	0	34
chr14	101988853	101991526	1	1	1	1	0	16
chr14	101991674	101994183	1	1	1	1	0	22
chr14	102004684	102004761	1	1	1	1	0	18
chr14	102032468	102033064	1	1	1	1	0	22
chr14	102081822	102082110	2	2	1	2	0	12
chr14	102083303	102083545	2	2	1	18	0	45
chr14	102083984	102084398	2	2	1	4	0	33
chr14	102084565	102084680	2	2	1	2	0	24
chr14	102084999	102085297	2	2	1	95	0	45
chr14	102085432	102085757	2	2	1	63	0	44
chr14	102708584	102710934	1	1	1	1	0	43
chr14	102946685	102947720	2	2	1	1	0	22
chr14	102966388	102967045	2	2	1	1	0	11
chr14	102976050	102978125	2	2	1	1	0	27
chr14	103336850	103337115	1	1	1	19	0	45
chr14	103337228	103338326	1	1	1	0	1	22
chr14	103338894	103339171	1	1	1	2	0	16
chr14	103339804	103340426	1	1	1	1	0	3
chr14	103386081	103405075	1	1	1	1	0	15
chr14	103462462	103465556	1	1	1	1	0	9
chr14	103466092	103466342	1	1	1	2	0	46
chr14	103563125	103571622	1	1	1	1	0	43
chr14	103574171	103590180	1	1	1	2	0	45
chr14	103673432	103675551	1	1	1	1	0	6
chr14	103675602	103675688	1	1	1	1	0	36
chr14	103912695	103913960	2	2	1	12	2	25
chr14	103913985	103915065	2	2	1	3	0	24
chr14	104756761	104759427	1	1	1	3	0	37
chr14	105220131	105221647	2	2	1	2	0	21
chr14	105226761	105228819	2	2	1	1	0	46
chr14	105469993	105470064	1	1	1	1	0	24
chr15	20457721	20457826	2	2	1	0	1	39
chr15	22542616	22542722	1	1	1	0	1	39
chr15	22858631	22860628	1	1	1	1	0	17
chr15	22939321	22939410	2	2	1	2	0	11
chr15	23019335	23021958	2	2	1	1	0	19
chr15	24968083	24974310	1	1	1	2	0	9
chr15	24974457	24975357	1	1	1	1	0	12
chr15	24975510	24976304	1	1	1	4	0	41
chr15	24977030	24977777	1	1	1	1	0	41
chr15	24978319	24978406	1	1	1	25	0	45
chr15	24999079	25000244	1	1	1	1	0	29
chr15	25059295	25059456	1	1	1	1	0	35
chr15	25087600	25089613	1	1	1	1	0	38
chr15	25091720	25093833	1	1	1	1	0	30
chr15	25093975	25097320	1	1	1	1	0	24
chr15	25097440	25098716	1	1	1	1	0	43
chr15	25109104	25109197	1	1	1	1	0	6
chr15	25339258	25340084	2	2	1	11	0	45
chr15	25340229	25354352	2	2	1	1	0	8
chr15	25354427	25354527	2	2	1	2	0	10
chr15	26743206	26745228	1	1	1	1	0	44
chr15	28255997	28256088	2	2	1	2	0	35
chr15	28637108	28637214	1	1	1	0	1	39
chr15	29726992	29727936	2	2	1	2	0	15
chr15	29741437	29742641	2	2	1	1	0	6
chr15	29742782	29761138	2	2	1	1	0	38
chr15	29772167	29773232	2	2	1	3	0	28
chr15	29773358	29800645	2	2	1	3	0	40
chr15	29800703	29822001	2	2	1	1	0	19
chr15	30630774	30633489	1	1	1	0	1	3
chr15	32620179	32623491	1	1	1	1	0	38
chr15	32625634	32628727	1	1	1	3	0	10
chr15	34084487	34088052	2	2	1	1	0	30
chr15	34096015	34101603	2	2	1	1	0	32
chr15	34148751	34152789	2	2	1	1	0	33
chr15	34385475	34385739	2	2	1	0	1	28
chr15	34385779	34386624	2	2	1	0	1	25
chr15	34531696	34531960	2	2	1	0	1	28
chr15	34532000	34532845	2	2	1	0	1	25
chr15	34886662	34890214	2	2	1	2	0	36
chr15	34896967	34897558	2	2	1	2	0	30
chr15	34983491	34987556	2	2	1	1	0	3
chr15	35372204	35373520	2	4	1	1	0	23
chr15	35373609	35381821	2	2	1	1	0	25
chr15	39943486	39949115	1	1	1	5	0	31
chr15	39949269	39953903	1	1	1	1	0	25
chr15	39961900	39965685	1	1	1	1	0	44
chr15	40036501	40036985	2	2	1	4	0	23
chr15	40037019	40038281	2	2	1	4	1	33
chr15	40038395	40038875	2	2	1	1	0	31
chr15	40038949	40039092	2	2	1	5	0	44
chr15	40183884	40185164	1	1	1	1	0	32
chr15	40185643	40196544	1	1	1	2	0	43
chr15	40199728	40200243	1	1	1	3	0	38
chr15	40213475	40217495	1	1	1	1	0	13
chr15	40619012	40620639	1	1	1	1	0	43
chr15	40779311	40779544	2	2	1	1	0	39
chr15	40779604	40779927	2	2	1	1	0	39
chr15	41092183	41095600	2	2	1	1	0	3
chr15	41351130	41356038	1	1	1	3	0	34
chr15	41356141	41358148	1	1	1	3	0	40
chr15	41453049	41457671	1	1	1	1	0	45
chr15	41457877	41464770	1	1	1	1	0	36
chr15	41464886	41466140	1	1	1	1	0	37
chr15	41471350	41474619	1	1	1	1	0	14
chr15	41517692	41517797	2	2	1	1	0	37
chr15	41517858	41518005	2	2	1	1	0	8
chr15	41711350	41713150	1	1	1	1	0	28
chr15	41727407	41729163	1	1	1	1	0	30
chr15	41760530	41761738	1	1	1	2	0	42
chr15	41761851	41762128	1	1	1	2	0	45
chr15	42162482	42163349	2	2	1	2	0	38
chr15	42178339	42178449	2	2	1	1	0	21
chr15	42264204	42267946	2	2	1	1	0	18
chr15	42444263	42444826	2	2	1	1	0	8
chr15	42451955	42456957	2	2	1	1	0	10
chr15	42466115	42472235	2	2	1	1	0	18
chr15	42495714	42511832	1	1	1	1	0	41
chr15	43015870	43017094	2	2	1	1	0	5
chr15	43017182	43021274	2	2	1	1	0	39
chr15	43026664	43027775	2	2	1	1	0	13
chr15	43027829	43029943	2	2	1	1	0	26
chr15	43036280	43036527	2	2	1	1	0	30
chr15	43058430	43059084	2	2	1	1	0	8
chr15	43068037	43070794	2	2	1	1	0	36
chr15	43076303	43076644	1	1	1	0	1	23
chr15	43343076	43345853	1	1	1	1	0	14
chr15	43428169	43432193	2	2	1	1	0	16
chr15	43446591	43447365	2	2	1	2	0	7
chr15	43598328	43598826	1	1	1	1	0	6
chr15	43766911	43768488	1	1	1	1	0	35
chr15	43769647	43770249	1	1	1	3	0	39
chr15	43770330	43770522	1	1	1	5	0	44
chr15	43770581	43771104	1	1	1	6	0	44
chr15	43792384	43792974	1	1	1	2	0	38
chr15	43793084	43793709	1	1	1	2	0	16
chr15	43800785	43801131	1	1	1	1	0	33
chr15	43801188	43801517	1	1	1	12	0	41
chr15	43801570	43801710	1	1	1	36	0	45
chr15	43813358	43814500	2	2	1	2	0	15
chr15	43815075	43817228	2	2	1	1	0	23
chr15	44323020	44328684	1	1	1	2	0	20
chr15	44434886	44435186	1	3	1	1	0	44
chr15	44459201	44484223	1	1	1	2	0	46
chr15	44537238	44537323	1	1	1	5	0	46
chr15	44551523	44554552	1	1	1	1	0	38
chr15	44589415	44592330	2	2	1	1	0	30
chr15	44622800	44626330	2	2	1	1	0	33
chr15	45418683	45421042	1	1	1	1	0	43
chr15	48336091	48341288	1	1	1	3	0	22
chr15	48341364	48341514	1	1	1	1	0	36
chr15	48341586	48342021	1	1	1	2	0	42
chr15	48760267	48762390	2	2	1	1	0	32
chr15	48996587	48999832	2	2	1	2	0	19
chr15	49017016	49017547	2	2	1	1	0	8
chr15	49139654	49144226	2	2	1	1	0	41
chr15	49634795	49643330	1	1	1	2	0	44
chr15	50441494	50449399	1	1	1	1	0	23
chr15	50477500	50481480	1	1	1	2	0	6
chr15	50575920	50578638	2	2	1	1	0	26
chr15	50578665	50580873	2	2	1	1	0	26
chr15	50613842	50614122	2	2	1	1	0	25
chr15	50639549	50643339	2	2	1	1	0	32
chr15	51681838	51682516	1	1	1	3	0	30
chr15	51682570	51683078	1	1	1	3	0	33
chr15	51683125	51683218	1	1	1	1	0	13
chr15	51692337	51695874	1	1	1	1	0	10
chr15	51699403	51701106	1	1	1	3	0	39
chr15	51713414	51719407	1	1	1	2	0	29
chr15	51938261	51947291	2	2	1	1	0	43
chr15	51951980	51953128	2	2	1	5	0	36
chr15	51954576	51958741	2	2	1	1	0	17
chr15	51958827	51959898	2	2	1	1	0	25
chr15	51962494	51965748	2	2	1	1	0	22
chr15	52019377	52045829	1	1	1	3	0	40
chr15	52370418	52372123	2	2	1	1	0	9
chr15	52557223	52568847	2	2	1	2	0	35
chr15	55185426	55190974	2	2	1	1	0	20
chr15	55191048	55192719	2	2	1	2	0	39
chr15	55192834	55196809	2	2	1	1	0	18
chr15	55467162	55491122	2	2	1	1	0	37
chr15	56394835	56412301	1	1	1	1	0	21
chr15	56444674	56446840	2	2	1	1	0	18
chr15	56701073	56701172	2	2	1	1	0	4
chr15	56701239	56704120	2	2	1	1	0	22
chr15	57440472	57442372	1	1	1	1	0	42
chr15	57442479	57451499	1	1	1	1	0	3
chr15	57516987	57518392	1	1	1	1	0	39
chr15	58597642	58599597	2	2	1	1	0	4
chr15	58851966	58854481	1	1	1	2	0	37
chr15	58880108	58883625	2	2	1	1	0	24
chr15	58890462	58892896	2	2	1	1	0	4
chr15	58893365	58893820	2	2	1	3	0	23
chr15	58893365	58893901	2	2	1	1	0	7
chr15	58893988	58894089	2	2	1	10	0	44
chr15	58894194	58894432	2	2	1	3	0	44
chr15	58901288	58912562	2	2	1	1	0	25
chr15	58912611	58913498	2	2	1	1	0	19
chr15	58913697	58916934	2	2	1	1	0	15
chr15	58917000	58932355	2	2	1	1	0	7
chr15	58932444	58933403	2	2	1	2	0	37
chr15	59205486	59208680	2	2	1	1	0	31
chr15	59639158	59642135	2	2	1	1	0	7
chr15	59650774	59652205	2	2	1	3	0	39
chr15	59682515	59689134	2	2	1	1	0	21
chr15	62035053	62041323	2	2	1	1	0	6
chr15	63044153	63056984	1	1	1	4	0	41
chr15	63048708	63056984	1	1	1	3	0	28
chr15	63057119	63059562	1	1	1	2	0	33
chr15	63060940	63061197	1	1	1	1	0	36
chr15	63062278	63062575	1	1	1	1	0	43
chr15	63064143	63065895	1	1	1	3	0	46
chr15	63154061	63155620	2	2	1	4	0	35
chr15	63574404	63588304	1	1	1	1	0	13
chr15	63678366	63680076	2	2	1	1	0	37
chr15	63690648	63692410	2	2	1	1	0	13
chr15	63694158	63694311	2	2	1	2	0	34
chr15	64118245	64118787	1	1	1	1	0	42
chr15	64366076	64376742	2	2	1	1	0	8
chr15	64376906	64380957	2	2	1	1	0	29
chr15	64689170	64690373	2	2	1	1	0	18
chr15	65119955	65129031	2	2	1	1	0	30
chr15	65152537	65153546	2	2	1	1	0	7
chr15	65155857	65156843	2	2	1	1	0	38
chr15	65157911	65158574	2	2	1	2	0	44
chr15	65571655	65572234	1	1	1	8	0	44
chr15	65572367	65576302	1	1	1	1	0	30
chr15	65877956	65879670	1	1	1	2	0	20
chr15	65879752	65887700	1	1	1	5	0	37
chr15	66499472	66499507	1	1	1	1	0	40
chr15	66499653	66500055	2	2	1	4	0	43
chr15	66500177	66500292	2	2	1	4	0	30
chr15	66500377	66500948	2	2	1	4	0	42
chr15	66501106	66501374	2	2	1	2	0	25
chr15	66501913	66502611	2	2	1	1	0	26
chr15	66502751	66503057	2	2	1	1	0	20
chr15	66505392	66508745	1	1	1	1	0	21
chr15	66540211	66546590	1	1	1	5	0	33
chr15	68780143	68780409	2	2	1	5	0	40
chr15	68780474	68782955	2	2	1	1	0	8
chr15	68784596	68787412	2	2	1	2	0	8
chr15	69426183	69426335	1	1	1	1	0	30
chr15	69436262	69436563	1	1	1	1	0	23
chr15	69436723	69438247	1	1	1	2	0	33
chr15	69453021	69453646	1	1	1	7	0	33
chr15	69453021	69455169	1	1	1	1	0	42
chr15	69453722	69455169	1	1	1	26	1	41
chr15	69455288	69455427	1	1	1	237	1	46
chr15	70657128	70660150	2	2	1	1	0	11
chr15	70678207	70679607	2	2	1	1	0	40
chr15	71012914	71037178	1	1	1	1	0	34
chr15	71900007	71901190	2	2	1	1	0	8
chr15	72208892	72209672	2	2	1	1	0	44
chr15	74446228	74448477	2	2	1	1	0	38
chr15	74461636	74481204	1	3	1	0	2	4
chr15	74900138	74901949	2	2	1	1	0	23
chr15	74902064	74902658	2	2	1	1	0	45
chr15	74920443	74923647	2	2	1	27	0	44
chr15	75375873	75380628	2	2	1	1	0	44
chr15	75775678	75777350	1	1	1	1	0	28
chr15	76216598	76225848	2	2	1	2	0	23
chr15	76225930	76231332	2	2	1	2	0	31
chr15	76231399	76274411	2	2	1	1	0	15
chr15	76348737	76351236	2	2	1	1	0	14
chr15	76351289	76353948	2	2	1	1	0	26
chr15	76765073	76765336	2	2	1	1	0	8
chr15	76765455	76765562	2	2	1	1	0	37
chr15	77467308	77470909	1	1	1	1	0	44
chr15	78488337	78488646	1	1	1	1	0	10
chr15	78545765	78546574	1	1	1	1	0	38
chr15	78546699	78548789	1	1	1	12	0	43
chr15	78768260	78771161	2	2	1	1	0	15
chr15	78873058	78878212	1	1	1	2	0	33
chr15	78878260	78880511	1	1	1	5	3	45
chr15	78880580	78886140	1	1	1	22	0	45
chr15	78885084	78886140	1	1	1	3	0	27
chr15	78886228	78887268	1	1	1	1	5	38
chr15	78887350	78890988	1	1	1	1	0	26
chr15	78891015	78891483	1	1	1	1	0	26
chr15	78891573	78892211	1	1	1	1	0	38
chr15	78894905	78896982	1	1	1	1	1	39
chr15	78936712	78957394	2	2	1	1	0	40
chr15	79899126	79907628	2	2	1	1	0	19
chr15	79899126	79923451	2	2	1	1	0	35
chr15	79997669	80043622	1	1	1	1	0	39
chr15	80121821	80122699	1	1	1	1	0	21
chr15	80979478	80981949	2	2	1	2	0	23
chr15	82152424	82157712	2	2	1	4	0	39
chr15	82263439	82264672	1	1	1	1	0	34
chr15	82473482	82475477	2	2	1	0	1	3
chr15	82536882	82538305	2	2	1	194	0	46
chr15	82538372	82538879	2	2	1	61	0	41
chr15	82538986	82539980	2	2	1	1	0	34
chr15	82540133	82540425	2	2	1	1	0	6
chr15	82754785	82756903	1	1	1	1	0	31
chr15	82756786	82756903	1	1	1	1	0	46
chr15	83157574	83157902	2	2	1	10	0	40
chr15	83158042	83163998	2	2	1	4	0	41
chr15	84200877	84202869	2	2	1	0	1	3
chr15	84470695	84472687	1	1	1	0	1	3
chr15	85669831	85682157	1	1	1	1	0	30
chr15	85682213	85684740	1	1	1	3	0	37
chr15	85723321	85726409	1	1	1	1	0	8
chr15	85726487	85727065	1	1	1	2	0	45
chr15	88459864	88464702	2	2	1	1	0	12
chr15	88899812	88901550	2	2	1	1	0	30
chr15	88902232	88905756	2	2	1	2	0	40
chr15	89258777	89260712	1	1	1	1	0	41
chr15	89314708	89315281	1	1	1	4	0	45
chr15	89315390	89316396	1	1	1	4	0	36
chr15	90084354	90084815	2	2	1	2	0	11
chr15	90231508	90233668	2	2	1	1	0	35
chr15	90233704	90233918	2	4	1	1	0	20
chr15	90440616	90441505	1	1	1	1	0	41
chr15	90474134	90474484	1	1	1	3	0	9
chr15	90491546	90492544	1	1	1	2	0	37
chr15	90502102	90502201	2	4	1	1	0	27
chr15	90717441	90747388	1	1	1	1	0	29
chr15	90798338	90803520	1	1	1	1	0	16
chr15	90811407	90815101	1	1	1	2	0	43
chr15	90959999	90960327	1	1	1	1	0	17
chr15	90976772	90979157	2	2	1	1	0	35
chr15	90981034	90981498	2	2	1	1	0	35
chr15	92927331	92929029	1	1	1	1	0	14
chr15	92929092	92937517	1	1	1	4	0	33
chr15	92979284	92980814	1	1	1	1	0	40
chr15	92981458	92984329	1	1	1	1	0	8
chr15	93000641	93002176	1	1	1	1	0	13
chr15	98647197	98647284	2	4	1	1	0	8
chr15	101275362	101276540	2	2	1	5	0	46
chr15	101281783	101284966	2	2	1	3	0	35
chr15	101286294	101286907	2	2	1	1	0	18
chr15	101293173	101295096	2	2	1	0	2	4
chr15	101975166	101975923	1	1	1	0	1	18
chr16	14721	15480	2	2	1	0	1	18
chr16	55883	56538	1	1	1	1	0	15
chr16	60540	61119	2	2	1	1	0	37
chr16	206148	208077	2	2	1	2	0	40
chr16	208189	220648	2	2	1	1	0	35
chr16	234858	249548	1	1	1	1	0	14
chr16	249655	254387	1	1	1	0	1	3
chr16	253930	254380	1	1	1	1	0	18
chr16	372284	372610	2	2	1	1	0	11
chr16	494833	494914	1	1	1	1	1	36
chr16	494833	494955	1	1	1	1	1	36
chr16	634645	634718	2	2	1	2	0	29
chr16	647545	647782	1	1	1	1	0	10
chr16	797752	797838	1	1	1	1	0	32
chr16	1320284	1320437	1	1	1	1	0	17
chr16	1320518	1324729	1	1	1	1	0	15
chr16	1350235	1350806	2	2	1	2	0	5
chr16	1362743	1362824	1	1	1	1	0	23
chr16	1507717	1509829	1	1	1	1	0	25
chr16	1772514	1772603	2	2	1	1	0	19
chr16	1788208	1788568	1	1	1	1	0	11
chr16	1961612	1961796	1	1	1	2	0	29
chr16	1961637	1961796	1	1	1	16	0	39
chr16	1962191	1963148	2	2	1	1	7	20
chr16	1962271	1962496	2	2	1	134	0	46
chr16	1962657	1962735	2	2	1	4	2	26
chr16	1962657	1963148	2	2	1	0	1	4
chr16	1962910	1963148	2	2	1	3	1	31
chr16	1962910	1964275	2	2	1	0	1	3
chr16	1964366	1964448	2	2	1	1	0	35
chr16	1977285	1977355	1	1	1	1	0	4
chr16	1977427	1977513	1	1	1	1	0	16
chr16	1978472	1978551	1	1	1	2	0	38
chr16	2154923	2155142	2	2	1	2	0	38
chr16	2209112	2209254	2	4	1	1	0	27
chr16	2209457	2209552	2	2	1	1	0	21
chr16	2240146	2243045	2	2	1	1	0	9
chr16	2462733	2464038	1	1	1	2	0	12
chr16	2756607	2757471	1	1	1	3	0	37
chr16	2757580	2757780	1	1	1	12	0	46
chr16	2757946	2758469	1	1	1	9	0	32
chr16	2759662	2760300	1	1	1	2	0	38
chr16	2770718	2770857	1	1	1	1	0	21
chr16	2772103	2775450	2	2	1	31	0	44
chr16	2772103	2776992	2	2	1	1	0	3
chr16	2775557	2776992	2	2	1	3	0	43
chr16	3021320	3021554	1	1	1	1	0	40
chr16	3026279	3027677	2	4	1	1	0	18
chr16	3027501	3027576	1	1	1	4	0	22
chr16	3120124	3120376	2	2	1	1	0	23
chr16	3603136	3612332	2	2	1	1	0	36
chr16	3658231	3658792	2	2	1	6	0	33
chr16	3658866	3661986	2	2	1	1	0	8
chr16	3751807	3757287	2	2	1	1	0	40
chr16	4340406	4340919	2	2	1	10	0	44
chr16	4340986	4341367	2	2	1	4	0	43
chr16	4341505	4343206	2	2	1	1	0	15
chr16	4487887	4488058	1	1	1	1	0	30
chr16	4509539	4509628	1	1	1	1	0	40
chr16	4698942	4699051	2	2	1	1	0	14
chr16	4798185	4798568	2	2	1	1	0	36
chr16	4832222	4832773	2	2	1	1	0	45
chr16	4843603	4845073	2	2	1	1	0	44
chr16	4845154	4846173	2	2	1	2	0	27
chr16	4858664	4859024	1	1	1	1	0	37
chr16	6350502	6370362	1	1	1	19	1	38
chr16	8644726	8646107	1	1	1	1	0	19
chr16	8858473	8859170	2	2	1	1	0	16
chr16	8898640	8899120	2	2	1	1	0	11
chr16	8904566	8905186	2	2	1	3	0	23
chr16	8915526	8916501	2	2	1	2	0	42
chr16	8916557	8917025	2	2	1	2	0	38
chr16	8917157	8919030	2	2	1	2	0	39
chr16	11756371	11758430	2	2	1	1	0	8
chr16	11758540	11761405	2	2	1	2	0	44
chr16	11838114	11839694	2	2	1	2	0	20
chr16	11839986	11841694	2	2	1	1	0	17
chr16	11841818	11841906	2	2	1	1	0	6
chr16	11841821	11841906	2	2	1	13	0	44
chr16	11877581	11883014	2	2	1	1	1	31
chr16	11883096	11885180	2	2	1	1	0	18
chr16	11891140	11894953	2	2	1	3	0	23
chr16	11894988	11896557	2	2	1	3	0	34
chr16	13230139	13232126	1	1	1	1	0	26
chr16	13357784	13357814	1	1	1	0	2	44
chr16	13428889	13430809	2	2	1	1	0	29
chr16	14716197	14719826	1	1	1	0	1	29
chr16	14755321	14758946	1	1	1	0	1	29
chr16	14853605	14853936	1	1	1	0	1	7
chr16	14941941	14945573	1	1	1	0	1	29
chr16	15004334	15006393	1	1	1	1	0	15
chr16	15114572	15118925	2	2	1	1	0	28
chr16	15370120	15373714	2	2	1	0	1	29
chr16	15434760	15515304	1	1	1	1	0	32
chr16	15515429	15567982	1	1	1	5	0	25
chr16	15599025	15600427	2	2	1	1	0	45
chr16	16252101	16252432	1	1	1	0	1	7
chr16	16340435	16344044	1	1	1	0	1	29
chr16	18364635	18368257	2	2	1	0	1	29
chr16	18542262	18542593	2	2	1	0	1	7
chr16	18783103	18784737	2	2	1	115	16	45
chr16	18784824	18786239	2	2	1	1	0	43
chr16	18784824	18788062	2	2	1	34	0	43
chr16	18788143	18788980	2	2	1	10	0	42
chr16	18789119	18790309	2	2	1	1	0	25
chr16	18793371	18794598	2	2	1	8	0	40
chr16	18794684	18795463	2	2	1	9	0	39
chr16	18795582	18797924	2	2	1	3	0	21
chr16	18859182	18859555	2	2	1	0	2	17
chr16	18860777	18863649	2	2	1	0	5	32
chr16	18876394	18877130	2	2	1	0	2	6
chr16	18877233	18879494	2	2	1	0	1	13
chr16	19647883	19650381	1	1	1	1	0	39
chr16	19715038	19718157	2	2	1	1	0	28
chr16	19860545	19861836	2	2	1	1	0	12
chr16	21411342	21414956	2	2	1	0	1	29
chr16	21435862	21436183	2	4	1	0	1	37
chr16	21447198	21447927	2	2	1	0	1	40
chr16	21448088	21448461	2	2	1	0	2	17
chr16	21448610	21449588	2	2	1	0	1	33
chr16	21449699	21452581	2	2	1	0	5	32
chr16	21463994	21464715	2	2	1	0	2	6
chr16	21464818	21467091	2	2	1	0	1	13
chr16	21484536	21501776	2	2	1	0	1	14
chr16	21599899	21617864	1	1	1	1	0	23
chr16	21716430	21749826	1	1	1	1	0	27
chr16	21868136	21868457	2	4	1	0	1	37
chr16	21879458	21880187	2	2	1	0	1	40
chr16	21880348	21880721	2	2	1	0	2	17
chr16	21880870	21881841	2	2	1	0	1	33
chr16	21881952	21884823	2	2	1	0	5	32
chr16	21895793	21896514	2	2	1	0	2	6
chr16	21896617	21898886	2	2	1	0	1	13
chr16	21976244	21980546	1	1	1	1	0	14
chr16	22413765	22456741	2	2	1	2	0	35
chr16	22437493	22454701	1	1	1	0	1	14
chr16	22471853	22474124	1	1	1	0	1	13
chr16	22474227	22474948	1	1	1	0	2	6
chr16	22486323	22489205	1	1	1	0	5	32
chr16	22489316	22490294	1	1	1	0	1	33
chr16	22490443	22490816	1	1	1	0	2	17
chr16	22490977	22491706	1	1	1	0	1	40
chr16	22502721	22503042	1	3	1	0	1	37
chr16	22523949	22527565	1	1	1	0	1	29
chr16	23522933	23523134	2	2	1	1	0	30
chr16	23581174	23582275	2	2	1	17	0	44
chr16	23582376	23585335	2	2	1	2	0	11
chr16	23637953	23638069	2	2	1	2	0	33
chr16	23638130	23641109	2	2	1	1	0	29
chr16	23689393	23689493	1	1	1	1	0	5
chr16	24559678	24561611	1	1	1	4	0	16
chr16	24729847	24730252	1	1	1	11	0	44
chr16	24730301	24750725	1	1	1	5	0	35
chr16	24738982	24750725	1	1	1	1	0	23
chr16	24823014	24823431	1	1	1	4	0	17
chr16	25175035	25178000	1	1	1	2	0	42
chr16	25182744	25188744	1	1	1	0	1	37
chr16	27225237	27225725	2	2	1	1	0	16
chr16	27225237	27226719	2	2	1	1	0	26
chr16	27483126	27484210	2	2	1	1	0	11
chr16	27488416	27488553	2	2	1	1	0	44
chr16	27497822	27498629	2	4	1	1	0	39
chr16	28309660	28493808	1	3	1	3	0	33
chr16	28379881	28379975	2	2	1	0	21	41
chr16	28380139	28380291	2	2	1	0	1	41
chr16	28380380	28380467	2	2	1	0	2	43
chr16	28388283	28388507	2	2	1	0	1	39
chr16	28390385	28390519	2	2	1	0	5	40
chr16	28400487	28400614	2	2	1	0	1	16
chr16	28590936	28591589	1	1	1	1	0	7
chr16	28714691	28714818	1	1	1	0	1	16
chr16	28724784	28724918	1	1	1	0	5	40
chr16	28726796	28727020	1	1	1	0	1	39
chr16	28734844	28734931	1	1	1	0	2	43
chr16	28735020	28735172	1	1	1	0	1	41
chr16	28735336	28735430	1	1	1	0	21	41
chr16	28826391	28826861	1	1	1	1	0	40
chr16	28843856	28843949	2	2	1	1	0	9
chr16	28844552	28844697	2	2	1	1	0	19
chr16	28950835	28952131	1	1	1	1	0	45
chr16	29414543	29414864	2	4	1	0	1	37
chr16	29428412	29431278	2	2	1	0	5	32
chr16	29438221	29438679	2	2	1	1	0	27
chr16	29443689	29444397	2	2	1	0	2	6
chr16	29444500	29446801	2	2	1	0	1	13
chr16	29449238	29449520	1	1	1	0	1	40
chr16	29453733	29454015	2	2	1	0	17	44
chr16	29457760	29457927	1	1	1	0	1	9
chr16	29458016	29458094	1	1	1	0	3	37
chr16	29491875	29495478	2	2	1	0	1	29
chr16	29516330	29516651	2	4	1	0	1	37
chr16	29528577	29528950	2	2	1	0	2	17
chr16	29530181	29533044	2	2	1	0	4	41
chr16	29545451	29546165	2	2	1	0	2	6
chr16	29735182	29735540	1	1	1	1	0	30
chr16	29805027	29805114	1	1	1	4	0	42
chr16	29805175	29805262	1	1	1	8	0	39
chr16	29817293	29819554	1	1	1	1	0	40
chr16	29871729	29872186	2	2	1	1	0	24
chr16	29971579	29972949	1	1	1	5	0	42
chr16	30067367	30067449	1	1	1	2	0	34
chr16	30067662	30068645	1	1	1	1	0	44
chr16	30069674	30069829	1	1	1	1	0	20
chr16	30070219	30070277	1	1	1	3	1	4
chr16	30076095	30076314	1	1	1	1	0	40
chr16	30082535	30082745	1	1	1	1	0	33
chr16	30188577	30188859	1	1	1	0	1	40
chr16	30193075	30193357	2	2	1	0	17	44
chr16	30197102	30197269	1	1	1	0	1	9
chr16	30197358	30197436	1	1	1	0	3	37
chr16	30231848	30235450	2	2	1	0	1	29
chr16	30256314	30256635	2	4	1	0	1	37
chr16	30268562	30268935	2	2	1	0	2	17
chr16	30270166	30273028	2	2	1	0	4	41
chr16	30285458	30286166	2	2	1	0	2	6
chr16	30534311	30534450	2	2	1	1	0	21
chr16	30751879	30795225	1	1	1	1	0	35
chr16	30778965	30779059	2	2	1	1	0	31
chr16	30887991	30888859	2	2	1	1	0	10
chr16	31106387	31114307	1	1	1	1	0	27
chr16	31130901	31131194	1	1	1	4	0	33
chr16	31131605	31131692	1	1	1	1	0	3
chr16	31184003	31184208	1	1	1	1	0	20
chr16	31189227	31189664	1	1	1	1	0	38
chr16	31190142	31190274	1	1	1	1	0	19
chr16	31190399	31190741	1	1	1	1	0	42
chr16	31191111	31191398	1	1	1	49	0	46
chr16	46604144	46604227	2	2	1	2	0	15
chr16	46695675	46696016	1	1	1	1	0	21
chr16	46809786	46824385	2	2	1	1	0	31
chr16	46918758	46922241	1	1	1	1	0	23
chr16	46924545	46926924	1	1	1	1	0	8
chr16	49728980	49729544	2	2	1	1	0	36
chr16	50319267	50319886	2	2	1	13	0	46
chr16	50325884	50326283	2	2	1	1	0	15
chr16	50334896	50339975	2	2	1	1	1	34
chr16	50340087	50350022	2	2	1	0	1	15
chr16	50368297	50368725	2	2	1	1	0	23
chr16	50368299	50368725	2	2	1	5	0	38
chr16	51704457	51718815	1	1	1	0	1	28
chr16	53208710	53209481	1	1	1	1	0	30
chr16	53209814	53222643	1	1	1	3	0	44
chr16	53470923	53479153	1	1	1	1	0	45
chr16	53665010	53671509	2	2	1	1	0	30
chr16	53671584	53672869	2	2	1	2	0	13
chr16	55719928	55720394	1	1	1	0	1	28
chr16	56432734	56434330	2	2	1	4	0	32
chr16	56434830	56439656	2	2	1	1	0	31
chr16	56609058	56609262	1	1	1	1	0	31
chr16	56683231	56683957	1	1	1	2	0	36
chr16	56836718	56837607	1	1	1	1	0	19
chr16	57119651	57121092	1	1	1	1	0	19
chr16	57172373	57172775	2	2	1	1	0	35
chr16	57173870	57186030	2	2	1	1	0	23
chr16	57235229	57238878	1	1	1	3	0	46
chr16	57244250	57267797	2	2	1	1	0	43
chr16	58278638	58279690	1	1	1	1	0	37
chr16	58521037	58521182	2	2	1	1	0	17
chr16	58521318	58523369	2	2	1	1	0	36
chr16	58718689	58719195	2	2	1	1	0	11
chr16	58719256	58722149	2	2	1	1	0	16
chr16	65230015	65235108	1	1	1	0	3	29
chr16	66552794	66565885	1	1	1	1	0	3
chr16	66723823	66725827	2	2	1	2	0	37
chr16	66734312	66736074	2	2	1	2	0	38
chr16	66803119	66805776	2	2	1	5	0	33
chr16	66805827	66805911	2	2	1	1	0	9
chr16	66810773	66813563	2	2	1	1	0	9
chr16	66817029	66817424	2	2	1	1	0	24
chr16	66817488	66818527	2	2	1	2	0	34
chr16	66818638	66821449	2	2	1	1	0	21
chr16	66821560	66823226	2	2	1	2	0	27
chr16	66932301	66932779	2	2	1	7	0	43
chr16	66932826	66933613	2	2	1	2	0	20
chr16	67228882	67228975	1	1	1	2	0	39
chr16	67657317	67657405	1	1	1	1	0	29
chr16	67657685	67657761	2	2	1	6	0	44
chr16	67657854	67657985	2	2	1	1	0	14
chr16	67828391	67828473	2	2	1	2	0	25
chr16	67863470	67891582	2	2	1	0	1	17
chr16	67865230	67868339	1	1	1	2	0	20
chr16	67868412	67868500	1	1	1	2	0	42
chr16	67934672	67934796	2	2	1	3	0	27
chr16	68047724	68052146	2	2	1	1	0	44
chr16	68356798	68357053	1	1	1	1	0	14
chr16	69167186	69168820	1	1	1	3	0	20
chr16	69311533	69316007	1	1	1	1	0	9
chr16	69319544	69320140	1	1	1	1	0	13
chr16	69385487	69385592	2	2	1	1	0	29
chr16	69749631	69752240	2	2	1	1	0	31
chr16	70220881	70221253	2	2	1	0	2	17
chr16	70253801	70253918	2	2	1	1	0	24
chr16	70333160	70333520	1	1	1	0	1	6
chr16	70356248	70361417	1	1	1	1	0	30
chr16	70371564	70371924	1	1	1	0	1	6
chr16	70529200	70530744	1	1	1	1	0	4
chr16	70535421	70538322	1	1	1	1	0	31
chr16	71771253	71773220	2	2	1	2	0	13
chr16	72096481	72096821	1	1	1	1	0	25
chr16	72100598	72101085	1	1	1	1	0	18
chr16	72129234	72130212	2	2	1	1	0	29
chr16	74304395	74305288	1	1	1	1	0	9
chr16	74452132	74453170	2	2	1	1	0	4
chr16	74469064	74469984	2	2	1	1	0	24
chr16	74948557	74949717	2	2	1	1	0	29
chr16	75305183	75395089	2	2	1	1	0	23
chr16	75411953	75412534	2	2	1	2	0	17
chr16	75412755	75414577	2	2	1	1	0	3
chr16	75414696	75433288	2	2	1	1	0	20
chr16	75627994	75628568	2	2	1	6	0	46
chr16	75636548	75640183	2	2	1	1	0	16
chr16	75648553	75654272	1	1	1	1	0	39
chr16	77212647	77212856	1	1	1	1	0	35
chr16	81020277	81022754	1	1	1	8	0	43
chr16	81082964	81084462	2	2	1	0	5	40
chr16	81084595	81087600	2	2	1	0	1	45
chr16	81087665	81090600	2	2	1	0	1	24
chr16	81456698	81457226	1	3	1	1	0	24
chr16	83809426	83811420	1	1	1	3	0	32
chr16	85779868	85780378	2	2	1	2	0	9
chr16	85805105	85805732	1	1	1	3	0	26
chr16	85805865	85806737	1	1	1	3	0	29
chr16	87303076	87305718	2	2	1	1	0	5
chr16	87690527	87696579	1	1	1	1	0	34
chr16	88598713	88599790	1	1	1	1	0	11
chr16	88643406	88647153	1	1	1	1	0	28
chr16	88696644	88698540	1	1	1	0	1	4
chr16	88804899	88805439	1	1	1	1	0	27
chr16	88809707	88810069	2	2	1	2	0	43
chr16	88810149	88810422	2	2	1	1	0	28
chr16	88810149	88811549	2	4	1	2	0	29
chr16	88859751	88859892	1	1	1	2	0	5
chr16	88859973	88860910	1	1	1	2	0	7
chr16	88859973	88860913	1	1	1	1	1	11
chr16	89112247	89120800	1	1	1	1	0	34
chr16	89285650	89286038	2	2	1	1	0	14
chr16	89306189	89306574	2	2	1	0	1	28
chr16	89306355	89306574	2	2	1	0	1	28
chr16	89561369	89561577	1	1	1	1	0	5
chr16	89561599	89561739	1	1	1	2	0	6
chr16	89561752	89562334	1	1	1	33	0	44
chr16	89562392	89562883	1	1	1	109	0	46
chr16	89650310	89651568	2	2	1	1	0	35
chr16	89737899	89738304	2	4	1	1	0	26
chr16	89878628	89883350	1	1	1	1	0	9
chr16	89910664	89911079	1	1	1	2	0	8
chr16	89948815	89954242	1	1	1	1	0	12
chr17	769956	770043	2	2	1	1	0	11
chr17	1345500	1354210	2	2	1	3	0	24
chr17	1354348	1361091	2	2	1	2	0	41
chr17	1362009	1364858	2	2	1	3	0	42
chr17	1365059	1400046	2	2	1	16	0	43
chr17	1651311	1651413	2	2	1	1	0	19
chr17	2324579	2324688	2	2	1	1	0	25
chr17	2335395	2335510	2	2	1	1	0	17
chr17	2438199	2441489	2	2	1	1	0	20
chr17	2638321	2665371	1	1	1	1	0	22
chr17	2665457	2666015	1	1	1	2	0	38
chr17	2680321	2681728	1	1	1	5	0	44
chr17	3813280	3814321	2	2	1	1	0	32
chr17	3825051	3825766	2	2	1	1	0	37
chr17	3825844	3826086	2	2	1	1	0	9
chr17	4671532	4671690	2	2	1	9	0	43
chr17	4796297	4796727	1	1	1	1	0	41
chr17	4797812	4798008	1	1	1	1	0	41
chr17	4798154	4798279	1	1	1	19	0	46
chr17	4937897	4938022	2	2	1	1	0	18
chr17	4938075	4938153	2	2	1	1	0	15
chr17	4945998	4946627	2	2	1	4	0	33
chr17	4946821	4948262	2	2	1	1	0	23
chr17	4956682	4956830	1	1	1	2	0	41
chr17	5020080	5020491	1	1	1	1	0	13
chr17	5282521	5308693	1	1	1	1	0	37
chr17	5332153	5335183	1	1	1	1	0	17
chr17	5346926	5350450	1	1	1	1	0	21
chr17	5377306	5378176	1	1	1	1	0	22
chr17	5386270	5386707	2	2	1	7	0	34
chr17	5387905	5388801	2	2	1	1	0	39
chr17	5405244	5408732	2	2	1	1	0	40
chr17	5422830	5432541	1	1	1	1	0	12
chr17	5426083	5426235	1	1	1	1	0	20
chr17	5426300	5432541	1	1	1	1	0	8
chr17	5428212	5432541	1	1	1	2	0	37
chr17	5433416	5433668	2	2	1	2	0	23
chr17	5474790	5480053	2	2	1	1	0	3
chr17	6578282	6578574	2	2	1	1	0	31
chr17	6641228	6641752	1	1	1	1	0	29
chr17	6641835	6642248	1	1	1	2	0	31
chr17	6642325	6642950	1	1	1	22	0	42
chr17	7240920	7241341	2	2	1	1	0	3
chr17	7244246	7244550	2	2	1	1	0	43
chr17	7247183	7247276	2	2	1	1	0	35
chr17	7311482	7311577	1	1	1	1	0	11
chr17	7311652	7311821	1	1	1	1	0	29
chr17	7311855	7312333	2	2	1	3	0	35
chr17	7311979	7312333	2	2	1	5	0	32
chr17	7312840	7313028	2	2	1	1	0	44
chr17	7313125	7313211	2	2	1	1	0	37
chr17	7313470	7313567	2	2	1	1	0	20
chr17	7314598	7314958	2	2	1	0	1	5
chr17	7315120	7315330	2	2	1	2	0	5
chr17	7351000	7351294	1	1	1	1	0	30
chr17	7501730	7501899	1	1	1	2	0	31
chr17	7570934	7571372	1	1	1	1	0	17
chr17	7575259	7576523	1	1	1	1	0	21
chr17	7576693	7577055	1	1	1	1	0	31
chr17	7577488	7577568	1	1	1	1	0	28
chr17	7577707	7577826	1	1	1	3	0	24
chr17	7577917	7578164	1	1	1	4	0	26
chr17	7578245	7578341	1	1	1	9	0	42
chr17	7595995	7601408	2	2	1	1	0	18
chr17	7665534	7666905	1	1	1	1	0	29
chr17	7669691	7670608	2	2	1	1	0	10
chr17	7670716	7673534	2	2	1	1	0	38
chr17	7856844	7857014	2	2	1	4	0	44
chr17	8205391	8206490	2	2	1	1	0	34
chr17	8377693	8379795	2	2	1	144	39	46
chr17	8379937	8382142	2	2	1	4	5	44
chr17	8382316	8383156	2	2	1	1	0	19
chr17	8493025	8493732	2	2	1	1	0	42
chr17	8495242	8499269	2	2	1	1	0	40
chr17	8508678	8509811	2	2	1	2	0	23
chr17	8512658	8513537	2	2	1	9	0	40
chr17	8521000	8521091	2	2	1	1	0	14
chr17	8546663	8548312	2	2	1	1	0	24
chr17	9250646	9378551	2	2	1	6	0	34
chr17	10628680	10629596	2	2	1	1	0	24
chr17	10715589	10723269	2	2	1	1	0	38
chr17	12095695	12107789	1	1	1	2	0	11
chr17	12995063	12995702	2	2	1	1	0	9
chr17	13005102	13005752	2	2	1	2	0	10
chr17	13005826	13005920	2	2	1	2	0	9
chr17	13013276	13014438	2	2	1	1	0	38
chr17	13016933	13017070	2	2	1	1	0	34
chr17	15538154	15540432	0	0	1	0	1	7
chr17	15701241	15706386	1	1	1	2	0	46
chr17	16002026	16002792	1	1	1	1	0	39
chr17	16002832	16003830	1	1	1	1	0	8
chr17	16006569	16025016	1	1	1	1	0	24
chr17	16080065	16080407	2	2	1	1	0	20
chr17	16126207	16137310	2	2	1	4	0	42
chr17	16126210	16137310	2	2	1	4	0	40
chr17	16137413	16138157	2	2	1	7	0	39
chr17	16138213	16139007	2	2	1	3	0	35
chr17	16146549	16149450	2	2	1	1	0	29
chr17	16149518	16151945	2	2	1	1	0	26
chr17	16151999	16153338	2	2	1	4	0	44
chr17	16342942	16344596	2	2	1	1	0	10
chr17	16382131	16382358	1	1	1	3	0	26
chr17	16440254	16441010	1	1	1	1	0	25
chr17	17175413	17176425	1	1	1	1	0	44
chr17	17247152	17247479	2	2	1	1	0	18
chr17	17249040	17254858	2	2	1	1	0	21
chr17	18245420	18245554	2	2	1	1	0	9
chr17	18247053	18247168	2	2	1	1	0	19
chr17	18290687	18290841	2	2	1	1	0	38
chr17	18554267	18564187	2	2	1	1	0	22
chr17	18804267	18805540	1	1	1	0	1	7
chr17	19282078	19282949	1	1	1	3	0	34
chr17	19343224	19347268	2	2	1	1	0	14
chr17	19347332	19347783	2	2	1	1	0	15
chr17	19671957	19675557	1	1	1	2	0	40
chr17	19673276	19675557	1	1	1	1	0	30
chr17	19849406	19849741	2	2	1	1	0	33
chr17	19849775	19864802	2	2	1	1	0	13
chr17	19968462	19977591	2	2	1	2	0	44
chr17	22331735	22332319	1	1	1	0	1	34
chr17	27307920	27308603	1	1	1	1	0	23
chr17	27354621	27355146	1	1	1	1	0	29
chr17	28191220	28192119	1	1	1	1	0	8
chr17	28325648	28326533	1	1	1	2	0	12
chr17	28577771	28578009	2	2	1	1	0	38
chr17	28578091	28578217	2	2	1	1	0	21
chr17	28586500	28591697	2	2	1	1	0	13
chr17	28701129	28701438	1	1	1	2	0	18
chr17	28714901	28715031	2	2	1	1	0	40
chr17	28720031	28720706	1	1	1	1	0	36
chr17	28720891	28722722	1	1	1	0	4	34
chr17	28722900	28723570	1	1	1	129	0	46
chr17	28723641	28723866	1	1	1	115	4	46
chr17	28739202	28740462	1	1	1	1	0	43
chr17	28880863	28881191	2	2	1	1	0	36
chr17	29086578	29086935	2	2	1	1	0	31
chr17	29287717	29293782	2	2	1	1	0	12
chr17	29508133	29510863	1	1	1	1	0	26
chr17	29560700	29707056	1	3	1	1	0	20
chr17	30118174	30172541	1	1	1	2	0	17
chr17	30172599	30178070	1	1	1	3	0	29
chr17	30178200	30179089	1	1	1	5	0	43
chr17	30179298	30180907	1	1	1	1	0	24
chr17	30285481	30286813	2	2	1	1	0	24
chr17	30331699	30361594	2	2	1	1	0	39
chr17	30481258	30484213	1	1	1	1	0	20
chr17	30490218	30492678	1	1	1	1	0	18
chr17	30709812	30743300	1	1	1	1	0	15
chr17	30732124	30734896	1	1	1	1	0	40
chr17	30734944	30735032	1	1	1	1	0	5
chr17	30768868	30769000	1	1	1	2	0	11
chr17	30769065	30769871	1	1	1	4	0	43
chr17	30887373	30892606	1	1	1	2	0	24
chr17	31090936	31091024	2	2	1	2	0	7
chr17	31095370	31155982	1	1	1	1	0	29
chr17	31236022	31248983	1	1	1	2	0	31
chr17	31249120	31252937	1	1	1	1	0	15
chr17	31983105	31988319	1	1	1	1	0	32
chr17	31988498	31993241	1	1	1	1	0	39
chr17	32331979	32333416	2	2	1	1	0	39
chr17	32350327	32351785	1	1	1	1	0	32
chr17	32361516	32362913	1	1	1	1	0	45
chr17	32480632	32480752	1	1	1	9	0	32
chr17	32936448	32939476	1	1	1	1	0	39
chr17	34986132	34989465	1	1	1	1	0	33
chr17	35002790	35002994	1	1	1	1	0	9
chr17	35587598	35594007	1	1	1	6	0	31
chr17	35594068	35598229	1	1	1	1	0	16
chr17	35820438	35822639	1	1	1	2	0	15
chr17	35836242	35838423	1	1	1	1	0	28
chr17	35842460	35844076	1	1	1	1	0	21
chr17	36297716	36298075	1	3	1	0	1	20
chr17	36310783	36313436	1	1	1	0	3	20
chr17	36496407	36498265	2	2	1	1	0	34
chr17	36585451	36585839	1	1	1	4	0	36
chr17	36585966	36586049	1	1	1	3	0	25
chr17	36953297	36953769	1	1	1	1	0	13
chr17	37155781	37161780	2	2	1	1	0	22
chr17	37442653	37444695	1	1	1	2	0	31
chr17	37618385	37619767	2	2	1	1	0	24
chr17	37619840	37620872	2	2	1	3	0	43
chr17	37620949	37621126	2	2	1	2	0	37
chr17	37633419	37642109	2	2	1	1	0	9
chr17	38101811	38102179	1	3	1	0	1	20
chr17	38114887	38117539	1	1	1	0	3	20
chr17	38202982	38205634	2	2	1	0	3	20
chr17	38218348	38218716	2	4	1	0	1	20
chr17	38719268	38720239	2	2	1	1	0	28
chr17	38760609	38762410	1	1	1	6	0	31
chr17	38762506	38764118	1	1	1	36	0	46
chr17	38810596	38812794	2	2	1	1	0	14
chr17	38812865	38814860	2	2	1	3	0	34
chr17	38850215	38850361	2	2	1	280	0	46
chr17	38850476	38852603	2	2	1	39	0	44
chr17	38852733	38853021	2	2	1	3	0	31
chr17	39200350	39201212	1	1	1	2	0	14
chr17	39201320	39202316	1	1	1	4	0	40
chr17	39202440	39202988	1	1	1	1	0	21
chr17	39203110	39204076	1	1	1	2	0	16
chr17	39204188	39204524	1	1	1	58	0	45
chr17	39989794	39997793	1	3	1	1	1	7
chr17	40123381	40126182	1	1	1	3	0	46
chr17	40129628	40131536	1	1	1	1	0	37
chr17	40190910	40191697	2	2	1	1	0	3
chr17	40294504	40295355	1	1	1	1	0	12
chr17	40296768	40300827	1	1	1	1	0	23
chr17	40301031	40301467	1	1	1	1	0	21
chr17	40301609	40301911	1	1	1	2	0	23
chr17	40348465	40349783	1	1	1	1	0	11
chr17	40392738	40395448	2	2	1	3	0	43
chr17	40395540	40396282	2	2	1	8	0	44
chr17	40396466	40398557	2	2	1	12	0	45
chr17	40398642	40398772	2	2	1	5	0	37
chr17	40398938	40399039	2	2	1	4	0	21
chr17	40400068	40400208	2	2	1	1	0	32
chr17	40404492	40404790	2	2	1	1	0	26
chr17	40406943	40407548	2	2	1	3	0	46
chr17	40413293	40413479	2	2	1	1	0	18
chr17	40416069	40416421	2	2	1	1	0	31
chr17	40416896	40417770	2	2	1	2	0	38
chr17	40457194	40457595	2	2	1	1	0	45
chr17	40628994	40630713	2	2	1	2	0	38
chr17	40636527	40637491	2	2	1	2	1	35
chr17	40637573	40642454	2	2	1	4	0	31
chr17	40645620	40645795	2	2	1	1	0	38
chr17	41523998	41524142	2	2	1	3	0	37
chr17	41689942	41690087	1	1	1	1	0	13
chr17	41690190	41690781	1	1	1	3	0	44
chr17	41867905	41868708	2	2	1	1	0	4
chr17	41886309	41887598	2	2	1	1	0	28
chr17	41983637	41987818	2	2	1	1	0	7
chr17	41987911	41988731	2	2	1	7	0	43
chr17	41989558	41990263	2	2	1	1	0	42
chr17	42130591	42154892	2	2	1	1	0	41
chr17	42315801	42316788	2	2	1	1	0	32
chr17	42325685	42365775	2	2	1	1	0	29
chr17	42574211	42577212	2	2	1	2	0	44
chr17	42612144	42612426	1	1	1	4	0	26
chr17	42613734	42613848	1	1	1	1	0	20
chr17	42724425	42727634	2	2	1	1	0	6
chr17	42833674	42834343	1	1	1	1	0	27
chr17	42837698	42838730	1	1	1	2	0	38
chr17	42839167	42839293	1	1	1	1	0	28
chr17	42839381	42841497	1	1	1	1	0	25
chr17	42950729	42951799	2	2	1	4	0	39
chr17	42956321	42956403	2	2	1	1	0	17
chr17	42998472	42998748	1	1	1	3	0	27
chr17	42998832	42999932	1	1	1	7	0	45
chr17	42998832	43002672	1	1	1	0	1	3
chr17	43000103	43002672	1	1	1	70	1	46
chr17	43002784	43002871	1	1	1	116	0	45
chr17	43024394	43067048	2	2	1	1	0	30
chr17	43028677	43029089	1	1	1	4	0	42
chr17	43028979	43029202	2	2	1	1	0	22
chr17	43076612	43082403	2	2	1	1	0	27
chr17	43282487	43294785	1	1	1	0	2	32
chr17	43484186	43489448	1	1	1	3	0	25
chr17	44036301	44037411	2	2	1	0	1	39
chr17	44078416	44078499	2	2	1	3	0	28
chr17	44210474	44210791	2	2	1	1	0	26
chr17	44321559	44321699	2	2	1	1	0	27
chr17	44401454	44405920	2	2	1	1	0	5
chr17	44406052	44424348	2	2	1	2	0	33
chr17	45061461	45081643	1	1	1	2	0	6
chr17	47122601	47123885	2	2	1	1	0	31
chr17	47143983	47151805	2	2	1	2	0	26
chr17	47151919	47154671	2	2	1	1	0	7
chr17	47569825	47570184	1	3	1	0	1	20
chr17	47582850	47585499	1	1	1	0	3	20
chr17	47612603	47613668	1	1	1	1	0	22
chr17	47678414	47680019	1	1	1	1	0	24
chr17	47680135	47680507	1	1	1	2	0	35
chr17	47680670	47682403	1	1	1	1	0	28
chr17	47899304	47918451	2	2	1	1	0	13
chr17	48048463	48050606	1	1	1	1	0	39
chr17	48076179	48076864	2	2	1	1	0	24
chr17	48077042	48101267	2	2	1	1	0	13
chr17	48895335	48895654	1	1	1	4	0	36
chr17	48927774	48928913	2	4	1	1	0	15
chr17	48930613	48931642	2	2	1	2	0	20
chr17	49046022	49046259	1	1	1	1	0	33
chr17	49409159	49409330	2	2	1	2	0	39
chr17	49600523	49601864	2	2	1	1	0	11
chr17	49706310	49706964	2	2	1	1	0	24
chr17	49706335	49706964	2	2	1	1	0	20
chr17	49805446	49809118	1	1	1	1	0	17
chr17	49809209	49811475	1	1	1	1	0	6
chr17	49826800	49827400	1	1	1	1	0	41
chr17	50370587	50373130	2	2	1	1	0	18
chr17	50464295	50471027	1	1	1	1	0	41
chr17	50737027	50740305	1	1	1	2	0	40
chr17	50740346	50741101	1	1	1	1	0	7
chr17	50741732	50743705	1	1	1	1	0	6
chr17	50743811	50744651	1	1	1	4	0	40
chr17	50744814	50745719	1	1	1	4	0	42
chr17	50746004	50746541	1	1	1	3	0	39
chr17	50746703	50749218	1	1	1	1	0	34
chr17	50746703	50750500	1	1	1	2	0	8
chr17	50982673	50984922	2	2	1	1	0	26
chr17	51006238	51007268	2	2	1	1	0	37
chr17	51155781	51159979	1	1	1	2	0	7
chr17	51161273	51161727	1	1	1	1	0	18
chr17	51166957	51168241	1	1	1	1	0	10
chr17	51168344	51169936	1	1	1	1	2	16
chr17	51170050	51171486	1	1	1	5	1	44
chr17	51263387	51266181	1	1	1	1	0	35
chr17	51288204	51293902	1	1	1	1	0	9
chr17	51288204	51296964	1	1	1	1	0	5
chr17	51294046	51296964	1	1	1	2	0	39
chr17	51297004	51297781	1	1	1	14	0	40
chr17	54936710	54937108	1	1	1	1	0	8
chr17	54963432	54964696	2	2	1	1	0	17
chr17	55031265	55034167	1	1	1	1	0	15
chr17	55034260	55043235	1	1	1	1	0	18
chr17	57118455	57118981	1	1	1	1	0	32
chr17	57258355	57262150	1	1	1	1	0	14
chr17	57262193	57274267	1	1	1	1	0	7
chr17	57841261	57849239	2	2	1	1	0	33
chr17	58003719	58004922	2	2	1	1	0	4
chr17	58005974	58006342	2	2	1	1	0	26
chr17	58508565	58508680	2	2	1	1	0	6
chr17	58732545	58734117	1	1	1	1	0	43
chr17	59047820	59049177	2	2	1	3	0	3
chr17	59061109	59062566	2	2	1	1	0	9
chr17	59091341	59104292	2	2	1	1	0	41
chr17	59131368	59155130	2	2	1	0	1	22
chr17	59251232	59251885	2	2	1	1	0	39
chr17	59565801	59566626	1	1	1	1	0	40
chr17	59683015	59683094	1	1	1	2	0	15
chr17	60083767	60085102	2	2	1	1	0	26
chr17	61776563	61780260	2	2	1	0	1	3
chr17	61919514	61921724	2	2	1	2	0	40
chr17	61965469	61966461	2	2	1	1	0	36
chr17	62536338	62552301	1	1	1	0	1	22
chr17	62578575	62580110	1	1	1	1	0	29
chr17	63591475	63592279	2	2	1	1	0	18
chr17	63752108	63752319	2	2	1	1	0	3
chr17	63752430	63752740	2	2	1	2	0	41
chr17	63787271	63792411	1	1	1	2	0	20
chr17	63819995	63820078	2	2	1	2	0	30
chr17	63831227	63831326	1	1	1	1	0	26
chr17	63831617	63831723	1	1	1	14	0	29
chr17	63831811	63831915	1	1	1	14	0	45
chr17	63834007	63834166	2	2	1	2	0	11
chr17	64502070	64502161	2	2	1	1	0	30
chr17	64502550	64502925	2	2	1	1	0	7
chr17	64503099	64503187	2	2	1	2	0	13
chr17	64503349	64503429	2	2	1	1	0	34
chr17	64503869	64503982	2	2	1	2	0	25
chr17	64504843	64506075	2	2	1	1	0	34
chr17	64508721	64510172	1	1	1	1	0	18
chr17	64532023	64532838	1	1	1	1	0	28
chr17	64751957	64754004	2	2	1	0	1	17
chr17	67347486	67348549	2	2	1	1	0	38
chr17	67348655	67350228	2	2	1	5	0	41
chr17	67350337	67357302	2	2	1	3	0	42
chr17	67357432	67357518	2	2	1	1	0	8
chr17	67357579	67366411	2	2	1	1	0	24
chr17	67433759	67434710	1	3	1	1	0	36
chr17	67578258	67632142	1	1	1	1	0	9
chr17	67721527	67722579	1	1	1	1	0	29
chr17	67854763	67866463	1	1	1	1	0	32
chr17	67866688	67874816	1	1	1	4	0	42
chr17	67893726	67894033	1	1	1	6	0	44
chr17	67894166	67903788	1	1	1	2	0	23
chr17	67903919	67904701	1	1	1	6	0	38
chr17	67904841	67909581	1	1	1	3	0	34
chr17	67945897	67947725	1	1	1	5	0	24
chr17	67975959	67982251	1	1	1	1	0	32
chr17	68040767	68042084	1	1	1	1	0	5
chr17	68043000	68043099	1	1	1	2	0	25
chr17	68044504	68045771	1	1	1	0	1	17
chr17	68045922	68046503	1	1	1	5	0	39
chr17	68420507	68423627	1	3	1	1	0	20
chr17	69306955	69308279	2	2	1	1	0	22
chr17	71081682	71093815	1	1	1	1	0	23
chr17	72769779	72778140	1	1	1	1	0	31
chr17	73207257	73208313	1	1	1	1	0	21
chr17	73233326	73235475	1	1	1	1	0	14
chr17	73243004	73245167	1	1	1	1	0	42
chr17	74203746	74203917	1	1	1	9	0	41
chr17	74203959	74204129	1	1	1	20	0	41
chr17	74204191	74209186	1	1	1	65	0	45
chr17	74209310	74209803	1	1	1	132	0	46
chr17	74388379	74411422	2	2	1	2	0	41
chr17	75039064	75039208	2	2	1	5	0	29
chr17	75039272	75040091	2	2	1	3	0	19
chr17	75040164	75042180	2	2	1	2	0	43
chr17	75042278	75042528	2	2	1	2	0	35
chr17	75136251	75146665	2	2	1	1	0	13
chr17	75168402	75174751	2	2	1	1	0	24
chr17	75181189	75182813	2	2	1	1	0	37
chr17	75205795	75208526	1	1	1	1	0	11
chr17	75235202	75235577	1	1	1	1	0	8
chr17	75263508	75265701	1	1	1	2	0	31
chr17	75320554	75321658	2	2	1	5	0	33
chr17	75778724	75778809	2	2	1	3	0	32
chr17	75898987	75899157	2	2	1	1	0	28
chr17	75926878	75927454	2	2	1	1	0	20
chr17	76039934	76040418	2	2	1	1	0	39
chr17	76564464	76564537	1	1	1	1	0	32
chr17	76652781	76730888	1	1	1	0	2	37
chr17	76727214	76729689	1	1	1	1	0	35
chr17	76735159	76736153	2	2	1	1	0	45
chr17	77206863	77209341	1	1	1	1	0	24
chr17	77278477	77303616	1	1	1	1	0	24
chr17	77447752	77448362	1	1	1	1	0	46
chr17	78214790	78216663	1	1	1	2	0	42
chr17	78216782	78223464	1	1	1	1	0	23
chr17	78788418	78789009	2	4	1	1	0	30
chr17	78799024	78799666	2	2	1	1	0	6
chr17	79090886	79094450	2	2	1	2	0	41
chr17	79779428	79781695	1	1	1	1	0	44
chr17	79781802	79788308	1	1	1	1	0	17
chr17	80135507	80136003	2	2	1	1	0	28
chr17	80136132	80136227	2	2	1	1	0	31
chr17	80263779	80273240	1	1	1	2	0	31
chr17	81021979	81077348	2	2	1	2	0	32
chr17	81600428	81604547	2	2	1	1	0	7
chr17	81703576	81704243	1	1	1	1	0	16
chr17	81704431	81704632	1	1	1	1	0	29
chr17	81843311	81846566	1	3	1	2	0	18
chr17	81843318	81846573	1	3	1	1	0	35
chr17	81845743	81845870	2	2	1	1	0	39
chr17	81888146	81888240	2	2	1	2	0	13
chr17	81894587	81899919	1	1	1	1	0	37
chr17	81932516	81932826	2	4	1	1	0	33
chr17	82017114	82017308	1	1	1	3	0	37
chr17	82036064	82036190	2	2	1	4	0	38
chr17	82058819	82059947	2	2	1	1	0	34
chr17	82253245	82255428	2	2	1	1	0	12
chr17	82398320	82403936	2	2	1	1	0	22
chr17	82938137	82939366	1	1	1	2	0	15
chr17	82941484	82942448	1	1	1	1	0	30
chr18	196768	197615	1	1	1	1	0	28
chr18	197697	198046	1	1	1	3	0	37
chr18	198133	199201	1	1	1	1	0	32
chr18	225404	226800	2	2	1	1	0	20
chr18	246456	247848	2	2	1	1	0	26
chr18	247958	252538	2	2	1	2	0	40
chr18	649965	657841	2	2	1	2	0	42
chr18	686009	688573	2	2	1	1	0	11
chr18	688609	690548	2	2	1	1	0	35
chr18	743098	743259	2	2	1	1	0	14
chr18	2571684	2572976	1	1	1	1	0	4
chr18	2577870	2577968	1	1	1	1	0	33
chr18	2610862	2616436	1	1	1	3	0	38
chr18	2666233	2666869	1	1	1	2	0	27
chr18	2674146	2688393	1	1	1	1	0	6
chr18	2694694	2697031	1	1	1	1	0	30
chr18	2697123	2697830	1	1	1	1	0	28
chr18	2707921	2718157	1	1	1	1	0	38
chr18	2728597	2729274	1	1	1	1	0	25
chr18	2750508	2751277	1	1	1	1	0	3
chr18	2763790	2769693	1	1	1	1	0	7
chr18	2770109	2771532	1	1	1	2	0	45
chr18	2784622	2795948	1	1	1	1	0	15
chr18	3253429	3253888	1	1	1	1	0	16
chr18	3254051	3255745	1	1	1	1	0	15
chr18	6859898	6868149	1	1	1	1	0	11
chr18	7010386	7011299	2	2	1	1	0	7
chr18	8380428	8384560	1	1	1	1	0	42
chr18	9124984	9126830	1	1	1	4	0	44
chr18	9126908	9134185	1	1	1	22	0	42
chr18	9222000	9254210	1	1	1	1	0	42
chr18	9513290	9516844	1	1	1	11	0	37
chr18	9517304	9522159	1	1	1	1	0	14
chr18	9524756	9525719	1	1	1	2	0	40
chr18	9615336	9619194	1	1	1	1	0	37
chr18	9914336	9931809	1	1	1	2	1	9
chr18	9937067	9950394	1	1	1	1	0	39
chr18	10787185	10789078	2	2	1	1	0	42
chr18	10871416	10911185	2	2	1	1	0	43
chr18	10911229	10979534	2	2	1	1	0	5
chr18	12329784	12337340	2	2	1	1	0	30
chr18	12337536	12340200	2	2	1	1	0	39
chr18	12371692	12376968	2	2	1	3	0	38
chr18	13017337	13018479	1	1	1	1	0	28
chr18	13087278	13087530	1	1	1	1	0	43
chr18	13734600	13737009	1	1	1	2	0	24
chr18	13741692	13742487	1	1	1	2	0	42
chr18	20967941	20968771	2	2	1	3	0	20
chr18	20968861	20969114	2	2	1	3	0	43
chr18	20969209	20970347	2	2	1	1	0	7
chr18	20970514	20979909	2	2	1	2	0	45
chr18	20980005	20982762	2	2	1	7	0	35
chr18	20982833	20984350	2	2	1	15	0	43
chr18	20991327	20992830	2	2	1	1	0	22
chr18	20992938	21006350	2	2	1	1	0	33
chr18	21008195	21015430	2	2	1	3	0	36
chr18	21015480	21020150	2	2	1	1	0	30
chr18	21020240	21023619	2	2	1	2	0	41
chr18	21023681	21028775	2	2	1	1	1	11
chr18	21575778	21584309	2	2	1	1	0	32
chr18	21622802	21623747	1	1	1	1	0	25
chr18	21623940	21629061	1	1	1	26	0	42
chr18	21632234	21632366	1	3	1	1	0	22
chr18	22946487	22949617	1	1	1	1	0	7
chr18	22997735	23001585	1	1	1	1	0	6
chr18	23532285	23533354	2	2	1	1	0	31
chr18	24130418	24131881	1	1	1	1	0	18
chr18	24131921	24132484	1	1	1	1	0	35
chr18	24163282	24165064	2	2	1	3	0	9
chr18	24170454	24171408	2	2	1	1	0	43
chr18	24171499	24172375	2	2	1	3	0	46
chr18	24181280	24196124	2	2	1	2	0	25
chr18	24225199	24239219	2	2	1	1	0	35
chr18	24430385	24437954	1	1	1	1	0	33
chr18	24440619	24443048	1	1	1	1	0	20
chr18	24448184	24449818	1	1	1	2	0	24
chr18	26274825	26274930	1	1	1	1	0	11
chr18	28147785	28176962	2	2	1	1	0	28
chr18	31068213	31068298	2	2	1	1	0	28
chr18	31080353	31082237	2	2	1	1	0	27
chr18	31092301	31093558	2	2	1	1	0	26
chr18	31093644	31101902	2	2	1	1	0	7
chr18	31873539	31874479	2	2	1	1	0	36
chr18	32411786	32412881	2	2	1	0	3	3
chr18	35468743	35478281	2	2	1	1	0	28
chr18	35692321	35702896	1	1	1	1	0	19
chr18	35703644	35709623	1	1	1	1	0	28
chr18	36031098	36033707	2	2	1	3	0	13
chr18	36142348	36142825	1	1	1	1	0	24
chr18	36171161	36174484	1	1	1	7	0	39
chr18	36266854	36268532	1	1	1	1	0	18
chr18	36797051	36798448	2	2	1	2	0	38
chr18	36798610	36800197	2	2	1	3	0	40
chr18	42043818	42049530	1	1	1	1	0	15
chr18	42049606	42057882	1	1	1	1	0	22
chr18	42058052	42064739	1	1	1	1	0	20
chr18	46084364	46084503	2	2	1	14	0	46
chr18	46086258	46086386	2	2	1	2	0	42
chr18	46089733	46089822	2	2	1	1	0	34
chr18	46089997	46091681	2	2	1	1	0	4
chr18	46125792	46128074	1	1	1	1	0	6
chr18	46821073	46827958	2	2	1	2	0	27
chr18	47113041	47115131	2	2	1	3	0	28
chr18	47156233	47157435	2	2	1	2	0	32
chr18	49333854	49363160	2	2	1	2	0	21
chr18	49488567	49489358	2	2	1	255	4	46
chr18	49489551	49490453	2	2	1	33	0	43
chr18	49490553	49490792	2	2	1	10	0	45
chr18	49490928	49491404	2	2	1	3	1	35
chr18	49491446	49491531	2	2	1	3	0	38
chr18	49491585	49492274	2	2	1	1	0	12
chr18	49792328	49794279	2	2	1	2	0	40
chr18	50879309	50895808	1	1	1	1	0	11
chr18	50895929	50908062	1	1	1	3	0	44
chr18	55228031	55228220	2	4	1	3	0	30
chr18	56603057	56610992	2	2	1	8	0	42
chr18	56616315	56618003	2	2	1	2	0	20
chr18	56708157	56708827	2	2	1	1	0	36
chr18	57601784	57602354	2	2	1	3	0	23
chr18	57605971	57606615	2	2	1	1	0	22
chr18	57615976	57620568	2	2	1	7	0	43
chr18	57620649	57621707	2	2	1	1	0	5
chr18	57620652	57621707	2	2	1	2	0	39
chr18	58723252	58733396	1	1	1	1	0	32
chr18	58939622	58948066	1	1	1	1	0	20
chr18	59140036	59149512	1	1	1	1	0	7
chr18	59155808	59157607	1	1	1	2	0	12
chr18	59157666	59158631	1	1	1	3	0	33
chr18	59331540	59333090	2	2	1	2	0	41
chr18	59338628	59338759	2	2	1	1	0	3
chr18	59346052	59347512	2	2	1	1	0	4
chr18	59347572	59349112	2	2	1	4	0	36
chr18	59353302	59354518	2	2	1	3	0	19
chr18	62963473	62972513	1	1	1	2	0	11
chr18	63407500	63410289	2	2	1	1	0	30
chr18	63410447	63411466	2	2	1	1	0	36
chr18	63411579	63422232	2	2	1	1	0	22
chr18	67476673	67478212	2	2	1	1	0	38
chr18	67515493	67516360	2	2	1	1	0	14
chr18	70470267	70519851	1	1	1	1	0	16
chr18	74253666	74255740	2	2	1	1	0	7
chr18	74255776	74260914	2	2	1	1	0	30
chr18	74260945	74263348	2	2	1	1	0	20
chr18	74512533	74513558	1	1	1	1	0	42
chr18	76362558	76371466	2	2	1	1	0	20
chr18	76875665	76878008	1	1	1	1	0	35
chr18	76880317	76881283	1	1	1	1	0	9
chr18	79069530	79096475	1	1	1	1	0	46
chr18	79172012	79175091	2	2	1	1	0	12
chr18	79986751	79988239	2	2	1	2	0	21
chr18	80034654	80036667	1	1	1	1	0	24
chr18	80036711	80037329	1	1	1	1	0	25
chr18	80150360	80151030	1	1	1	2	0	15
chr19	580783	581314	1	1	1	1	0	44
chr19	582583	582749	1	1	1	3	0	35
chr19	617324	617418	2	2	1	6	0	34
chr19	617481	617569	2	2	1	4	0	28
chr19	617656	617776	2	2	1	1	0	45
chr19	617656	618487	2	2	1	1	0	23
chr19	973072	974534	1	1	1	1	0	23
chr19	985976	989761	1	1	1	2	0	10
chr19	1026725	1031070	1	1	1	1	0	17
chr19	1036563	1037624	1	1	1	0	1	4
chr19	1105810	1106241	1	1	1	3	0	25
chr19	1106267	1106399	1	1	1	4	0	25
chr19	1106460	1106539	1	1	1	2	0	36
chr19	1244441	1244736	1	1	1	7	0	43
chr19	1271633	1271980	1	1	1	1	0	41
chr19	1274441	1274648	1	1	1	4	0	35
chr19	1355021	1356323	1	1	1	1	0	41
chr19	1425961	1428841	1	1	1	1	0	34
chr19	1430367	1434996	1	1	1	1	0	20
chr19	1438429	1438806	1	1	1	1	0	6
chr19	1438893	1440018	1	1	1	1	0	22
chr19	1440242	1440348	1	1	1	3	0	34
chr19	1440254	1440348	1	1	1	153	0	45
chr19	1598216	1599411	2	2	1	34	0	45
chr19	1599561	1605359	2	2	1	1	0	19
chr19	1611370	1611703	2	2	1	4	0	30
chr19	2114303	2114747	2	2	1	2	0	38
chr19	2114822	2115218	2	2	1	1	0	13
chr19	2115614	2116206	2	2	1	3	0	36
chr19	2271531	2271781	1	1	1	1	0	13
chr19	2271955	2272734	1	1	1	1	0	28
chr19	2272821	2272971	1	1	1	1	0	3
chr19	2321823	2324124	2	2	1	2	0	35
chr19	2324197	2328386	2	2	1	2	0	44
chr19	2427047	2427255	2	2	1	4	0	36
chr19	2427325	2427413	2	2	1	1	0	15
chr19	2428369	2428550	1	3	1	1	0	15
chr19	2430953	2431547	2	2	1	1	0	18
chr19	2805177	2806916	1	1	1	1	0	22
chr19	3053320	3053440	1	1	1	1	0	32
chr19	3544323	3544611	1	1	1	1	0	41
chr19	3778423	3778508	2	2	1	1	0	13
chr19	3976748	3977214	2	2	1	1	0	23
chr19	3982053	3982245	2	2	1	1	0	26
chr19	3982425	3982806	2	2	1	1	0	6
chr19	3983292	3984135	2	2	1	1	0	6
chr19	4323238	4323347	1	1	1	1	0	20
chr19	4323437	4323532	1	1	1	1	0	25
chr19	4324358	4324754	2	2	1	1	0	38
chr19	4359256	4359915	1	1	1	1	0	22
chr19	4386616	4396169	1	3	1	1	0	21
chr19	4422796	4423334	1	1	1	1	0	11
chr19	4475352	4475444	1	1	1	1	0	25
chr19	4496406	4497957	1	1	1	1	0	39
chr19	4499705	4501190	1	1	1	1	0	46
chr19	4501318	4501910	1	1	1	1	0	29
chr19	4839537	4844667	2	2	1	1	0	40
chr19	5210595	5210678	2	2	1	1	0	14
chr19	5598885	5600129	2	2	1	1	0	34
chr19	5604696	5604786	2	2	1	1	0	34
chr19	5653265	5653337	1	1	1	2	0	32
chr19	5678649	5679344	2	2	1	1	0	8
chr19	5690328	5690505	1	1	1	1	0	32
chr19	5690601	5691318	1	1	1	5	0	41
chr19	5691454	5691531	1	1	1	112	0	46
chr19	5785276	5785382	2	2	1	4	0	33
chr19	5894855	5896452	2	2	1	12	0	44
chr19	5894855	5896974	2	2	1	3	0	23
chr19	5896998	5903611	2	2	1	3	0	10
chr19	5918639	5921200	2	2	1	1	0	31
chr19	5923915	5924826	2	2	1	1	0	24
chr19	6374590	6374810	1	1	1	2	0	28
chr19	6413550	6415379	2	2	1	0	1	4
chr19	6743115	6743193	1	1	1	1	0	31
chr19	6748872	6751360	2	2	1	0	2	4
chr19	6854099	6857053	1	1	1	1	0	13
chr19	7615720	7616522	1	1	1	1	0	6
chr19	7616623	7617325	1	1	1	1	0	23
chr19	7619648	7619746	2	2	1	5	0	44
chr19	7629861	7630572	1	1	1	0	2	39
chr19	7630660	7630822	1	1	1	7	0	24
chr19	7630847	7631472	1	1	1	12	0	26
chr19	7631322	7631472	1	1	1	2	0	10
chr19	7647512	7647724	1	1	1	1	0	5
chr19	7938198	7941101	2	2	1	2	0	43
chr19	7941198	7943606	2	2	1	1	0	8
chr19	8126018	8126296	2	2	1	1	0	36
chr19	8238664	8245982	1	1	1	2	0	28
chr19	8321570	8321655	1	1	1	1	1	27
chr19	8321704	8321952	1	1	1	7	0	45
chr19	8322092	8322271	1	1	1	80	12	45
chr19	8322096	8322271	1	1	1	1	0	42
chr19	8463687	8465323	1	1	1	1	0	10
chr19	8471428	8473663	1	1	1	1	0	8
chr19	9814340	9818544	2	2	1	1	0	7
chr19	9828394	9828591	1	1	1	2	0	22
chr19	9828676	9828836	1	1	1	19	0	38
chr19	9828875	9829964	1	1	1	39	0	39
chr19	10115130	10115478	2	2	1	18	0	44
chr19	10115586	10115683	2	2	1	2	0	31
chr19	10116990	10117083	2	2	1	1	0	41
chr19	10118728	10118867	2	2	1	1	0	33
chr19	10118957	10119087	2	2	1	1	0	28
chr19	10133702	10134216	2	2	1	2	0	25
chr19	10151546	10151749	2	2	1	2	0	31
chr19	10162749	10163325	2	2	1	2	0	12
chr19	10173175	10173870	2	2	1	4	0	33
chr19	10173906	10175539	2	2	1	6	0	35
chr19	10175619	10177291	2	2	1	3	0	31
chr19	10177368	10180186	2	2	1	1	0	15
chr19	10177808	10210991	2	2	1	1	0	27
chr19	10180235	10180349	2	2	1	1	0	29
chr19	10180886	10182040	2	2	1	1	0	23
chr19	10258686	10259616	1	1	1	1	0	19
chr19	10259724	10259905	2	2	1	1	0	38
chr19	10391707	10393085	2	2	1	1	0	14
chr19	10395144	10395227	2	2	1	1	0	21
chr19	10396204	10403377	2	2	1	2	0	39
chr19	10486819	10489191	2	2	1	1	0	18
chr19	10559937	10560311	2	2	1	1	0	45
chr19	10679193	10679815	1	1	1	1	0	27
chr19	10679928	10680345	1	1	1	2	0	14
chr19	10679928	10681018	1	1	1	1	0	31
chr19	10680444	10681018	1	1	1	3	0	44
chr19	10681131	10681218	1	1	1	5	0	41
chr19	10713041	10713117	1	1	1	1	0	20
chr19	10987925	10989316	1	1	1	1	0	13
chr19	10991324	10994827	1	1	1	2	0	11
chr19	10995002	10996212	1	1	1	26	0	45
chr19	10996381	10996493	1	1	1	3	0	31
chr19	10996545	11003028	1	1	1	1	0	10
chr19	11060188	11061783	1	1	1	3	0	39
chr19	11343121	11345251	2	2	1	1	0	26
chr19	11353875	11354579	1	1	1	2	0	19
chr19	12679720	12679800	2	2	1	1	0	36
chr19	12799990	12800176	2	2	1	1	0	13
chr19	12813207	12813327	1	1	1	1	0	45
chr19	12940148	12940242	1	1	1	1	0	5
chr19	12940888	12943536	1	1	1	2	0	42
chr19	12944224	12944323	2	2	1	15	0	7
chr19	12952854	12952935	1	1	1	2	0	16
chr19	13105082	13105266	2	2	1	3	0	37
chr19	13105397	13105486	2	2	1	2	0	36
chr19	13774708	13778051	1	1	1	1	0	41
chr19	13960581	13960939	1	1	1	1	0	18
chr19	14032504	14035967	1	1	1	1	0	18
chr19	14408953	14409036	2	2	1	6	0	35
chr19	14409185	14409302	2	2	1	1	0	42
chr19	14565291	14565617	1	1	1	2	0	37
chr19	14565664	14565743	1	1	1	2	0	21
chr19	14566266	14566764	2	2	1	5	0	36
chr19	15256264	15256963	2	2	1	7	0	30
chr19	15301797	15308047	1	1	1	1	0	23
chr19	15362252	15368234	2	2	1	2	0	19
chr19	16076698	16081912	1	1	1	2	0	22
chr19	16086541	16088026	1	1	1	3	0	34
chr19	16088098	16089044	1	1	1	2	0	45
chr19	16089121	16093535	1	1	1	1	0	4
chr19	16093605	16102867	1	1	1	1	0	16
chr19	16118287	16121749	1	1	1	1	0	33
chr19	16121811	16125469	1	1	1	1	0	11
chr19	16417638	16417947	2	2	1	1	0	37
chr19	16553910	16555151	2	2	1	1	0	41
chr19	16813597	16845392	2	2	1	1	0	35
chr19	17006046	17035165	2	2	1	1	0	26
chr19	17073336	17075393	2	2	1	1	0	7
chr19	17250415	17251581	2	2	1	1	0	34
chr19	17403327	17403679	2	2	1	1	0	23
chr19	17426158	17507444	1	1	1	3	0	43
chr19	17646112	17647264	2	2	1	2	0	30
chr19	17733429	17734272	1	1	1	1	0	23
chr19	17859975	17861292	1	1	1	0	1	15
chr19	17861308	17861424	1	1	1	1	0	7
chr19	17861473	17862093	1	1	1	3	0	43
chr19	17862224	17862917	1	1	1	3	0	41
chr19	17863028	17863170	1	1	1	155	0	46
chr19	17936580	17942655	1	1	1	1	0	45
chr19	17943376	17943507	1	1	1	1	0	14
chr19	18177765	18177848	1	1	1	1	0	11
chr19	18316066	18323017	2	2	1	1	0	32
chr19	18433818	18434216	1	1	1	1	0	43
chr19	18571910	18573292	1	1	1	1	0	31
chr19	18573749	18574869	1	1	1	2	0	46
chr19	18574973	18575056	1	1	1	19	0	46
chr19	18590934	18592107	1	1	1	1	0	12
chr19	18878099	18878929	2	2	1	1	0	46
chr19	18879040	18879240	2	2	1	1	0	30
chr19	18899727	18899872	2	2	1	6	0	35
chr19	18909601	18910552	2	2	1	2	0	26
chr19	18969439	18973635	1	3	1	1	0	31
chr19	19199235	19201648	1	1	1	1	0	3
chr19	19276675	19276946	2	2	1	3	0	36
chr19	19492439	19492580	1	1	1	1	0	11
chr19	19526261	19527280	1	1	1	1	0	4
chr19	19527353	19527700	1	1	1	6	0	29
chr19	19527771	19528006	1	1	1	38	0	43
chr19	19795661	19806030	2	2	1	1	0	22
chr19	20228484	20238287	2	2	1	1	0	7
chr19	20849221	20850344	1	3	1	1	0	40
chr19	21120361	21124960	1	1	1	1	0	31
chr19	23136044	23145270	1	1	1	2	0	14
chr19	23224019	23231265	2	2	1	1	0	29
chr19	23403510	23403719	2	2	1	2	0	6
chr19	23403748	23415903	2	2	1	2	0	28
chr19	23827959	23827990	0	0	1	0	3	44
chr19	25452759	25457179	2	2	1	0	1	45
chr19	28722116	28722569	2	2	1	1	0	40
chr19	29985302	29986281	1	1	1	1	0	32
chr19	29986418	30005360	1	1	1	1	0	7
chr19	30012532	30015535	1	1	1	3	0	32
chr19	31216889	31217029	2	2	1	1	0	46
chr19	32582233	32584949	1	1	1	2	0	29
chr19	32585012	32585815	1	1	1	1	0	27
chr19	32585908	32586857	1	1	1	7	0	41
chr19	32586930	32587252	1	1	1	18	0	43
chr19	32999706	33002246	2	2	1	1	0	19
chr19	33388082	33391294	2	2	1	1	0	4
chr19	34215301	34215595	1	1	1	2	0	34
chr19	34215662	34219390	1	1	1	4	0	42
chr19	34254615	34299678	1	1	1	1	1	38
chr19	34286452	34305024	2	2	1	1	0	43
chr19	34399786	34399900	1	1	1	1	0	36
chr19	34421668	34425989	1	1	1	5	0	44
chr19	34452148	34454259	1	1	1	1	0	13
chr19	34454354	34454443	1	1	1	1	0	12
chr19	34454557	34458768	1	1	1	5	0	33
chr19	35160802	35164155	1	1	1	1	0	28
chr19	35166326	35169565	1	1	1	1	0	16
chr19	35267735	35267823	1	1	1	21	1	40
chr19	35270598	35270717	1	1	1	1	0	30
chr19	35503448	35505717	2	2	1	11	0	45
chr19	35505766	35505938	2	2	1	3	0	42
chr19	35505987	35506125	2	2	1	1	0	35
chr19	35546809	35546944	1	1	1	1	0	28
chr19	35547241	35547323	1	1	1	7	0	42
chr19	35637353	35637441	1	1	1	2	0	27
chr19	35651350	35654570	1	1	1	7	0	39
chr19	35654672	35658593	1	1	1	12	0	37
chr19	35754320	35754392	1	1	1	1	0	20
chr19	36003672	36005332	2	2	1	2	0	35
chr19	36086813	36089037	1	1	1	1	0	22
chr19	36113818	36114014	2	2	1	8	0	45
chr19	36114067	36114176	2	2	1	9	0	43
chr19	36114252	36114338	2	2	1	3	0	20
chr19	36121719	36125450	1	1	1	1	0	6
chr19	36125524	36125667	1	1	1	1	0	10
chr19	36145875	36145975	1	1	1	2	0	13
chr19	36146055	36146195	1	1	1	1	0	5
chr19	36215197	36228747	1	1	1	4	0	21
chr19	36228820	36235658	1	1	1	2	0	26
chr19	36610054	36610649	1	1	1	2	0	6
chr19	36750805	36761642	2	2	1	2	0	39
chr19	36761739	36762304	2	2	1	0	1	34
chr19	36915023	36915129	2	2	1	1	0	30
chr19	37165697	37169838	2	2	1	1	0	46
chr19	37730420	37731909	1	1	1	0	2	26
chr19	38251354	38256293	1	3	1	1	0	33
chr19	38290281	38290536	1	1	1	2	0	18
chr19	38290576	38291839	1	1	1	2	0	16
chr19	38304491	38304623	1	1	1	1	0	4
chr19	38304687	38304844	1	1	1	2	0	24
chr19	38379406	38380898	1	1	1	1	0	36
chr19	38382229	38383252	1	1	1	2	0	6
chr19	38486203	38489176	1	1	1	1	0	28
chr19	38619328	38620336	1	1	1	1	0	9
chr19	38626103	38632429	1	1	1	1	0	28
chr19	38632497	38632600	1	1	1	1	0	28
chr19	38632497	38634992	1	1	1	2	0	19
chr19	38632679	38634992	1	1	1	4	0	44
chr19	38635119	38636888	1	1	1	39	0	45
chr19	38647908	38700599	1	1	1	1	0	6
chr19	38724566	38725723	1	1	1	1	0	10
chr19	38729427	38729479	2	4	1	1	0	35
chr19	38817365	38817450	2	2	1	1	0	41
chr19	38831517	38831720	2	2	1	1	0	33
chr19	38836781	38837383	2	2	1	1	0	42
chr19	38837652	38838396	2	2	1	4	0	43
chr19	38840377	38840487	2	2	1	3	0	36
chr19	38840560	38843841	2	2	1	2	0	9
chr19	38843915	38844007	2	2	1	2	0	19
chr19	38907660	38908730	1	1	1	2	0	23
chr19	38917834	38917920	2	4	1	1	0	40
chr19	38922268	38926204	2	2	1	1	0	17
chr19	39433419	39433521	2	2	1	40	0	44
chr19	39433570	39433664	2	2	1	14	0	46
chr19	39445966	39453355	1	1	1	1	0	23
chr19	39453522	39457674	1	1	1	2	0	43
chr19	39488646	39489718	1	1	1	1	0	19
chr19	39519171	39520145	1	1	1	1	0	15
chr19	39834563	39834667	2	2	1	52	0	45
chr19	39834814	39836555	2	2	1	7	0	40
chr19	39836669	39837710	2	2	1	1	0	32
chr19	39839206	39840232	2	2	1	1	0	34
chr19	39936409	39942657	1	1	1	0	1	3
chr19	39980718	39981191	1	1	1	3	0	21
chr19	40076210	40081818	2	2	1	2	0	27
chr19	40757505	40759430	1	1	1	2	0	20
chr19	41245554	41249586	2	2	1	1	0	34
chr19	41276299	41279076	1	1	1	1	0	18
chr19	41860846	41861111	1	1	1	3	0	18
chr19	41861213	41861479	1	1	1	1	0	4
chr19	41861213	41869030	1	1	1	13	0	43
chr19	41869061	41869149	1	1	1	1	0	30
chr19	41869215	41869698	1	1	1	241	0	46
chr19	41869754	41871350	1	1	1	249	2	46
chr19	42300288	42301949	2	2	1	2	0	24
chr19	42302326	42302436	2	2	1	3	0	22
chr19	42387243	42387339	2	2	1	1	0	9
chr19	43543506	43543611	2	2	1	3	0	43
chr19	43543688	43544143	2	2	1	1	0	30
chr19	43901184	43901402	2	2	1	1	0	45
chr19	44794282	44800380	1	1	1	2	0	34
chr19	44800451	44800550	1	1	1	2	0	35
chr19	44892930	44893779	1	1	1	1	0	26
chr19	44900853	44901027	1	1	1	0	1	24
chr19	44901311	44903029	1	1	1	1	0	18
chr19	44916326	44919172	1	1	1	8	0	35
chr19	45070105	45070536	1	1	1	2	0	25
chr19	45070562	45070802	1	1	1	4	0	25
chr19	45351722	45352208	2	2	1	1	0	20
chr19	45409726	45413676	2	2	1	5	0	41
chr19	45413746	45413962	2	2	1	4	0	39
chr19	45416898	45419097	2	2	1	2	0	41
chr19	45524143	45524569	1	1	1	1	0	6
chr19	45687728	45688386	2	2	1	10	0	43
chr19	45815698	45815850	2	2	1	2	0	13
chr19	46016834	46016990	1	1	1	1	0	12
chr19	46608589	46608845	1	1	1	1	0	19
chr19	46608982	46609124	1	1	1	4	0	17
chr19	46775748	46776974	2	2	1	1	0	34
chr19	46839579	46845992	2	2	1	1	0	27
chr19	47751591	47755773	2	6	1	1	0	36
chr19	47755524	47755755	1	1	1	2	0	25
chr19	47755823	47756527	1	1	1	9	0	41
chr19	47756605	47756687	1	1	1	27	0	45
chr19	47756745	47756998	1	1	1	13	0	45
chr19	48121323	48122933	2	2	1	1	0	26
chr19	48143964	48149762	2	2	1	1	0	10
chr19	48149842	48150087	2	2	1	1	0	3
chr19	48162352	48165549	2	2	1	1	0	7
chr19	48165624	48170240	2	4	1	1	0	11
chr19	48238533	48240961	2	2	1	1	0	23
chr19	48478593	48479122	1	1	1	1	0	27
chr19	48615448	48615876	2	2	1	95	0	44
chr19	48615947	48616078	2	2	1	35	0	45
chr19	48616203	48616725	2	2	1	4	0	18
chr19	48638145	48638887	2	2	1	3	0	24
chr19	48960915	48961531	1	1	1	1	0	17
chr19	48965610	48965769	1	1	1	6	0	42
chr19	48965917	48966280	1	1	1	4	0	41
chr19	48966407	48966582	1	1	1	7	0	35
chr19	49011094	49011191	1	1	1	1	0	4
chr19	49015151	49015571	1	1	1	1	0	11
chr19	49015687	49015816	1	1	1	31	0	45
chr19	49015687	49015819	1	1	1	1	0	33
chr19	49086562	49090290	1	1	1	1	0	19
chr19	49090354	49090465	1	1	1	1	0	7
chr19	49098705	49101389	1	1	1	1	0	19
chr19	49151554	49152003	2	2	1	1	0	25
chr19	49152059	49152309	2	2	1	1	0	12
chr19	49446424	49446550	2	2	1	3	0	46
chr19	49448063	49449474	2	2	1	1	0	38
chr19	49468567	49468863	1	1	1	1	0	32
chr19	49490298	49490474	1	1	1	2	0	5
chr19	49490865	49491039	1	1	1	3	0	41
chr19	49491100	49491424	1	1	1	17	0	44
chr19	49491548	49491728	1	1	1	213	4	46
chr19	49496472	49497193	1	1	1	1	0	18
chr19	49497283	49497580	1	1	1	1	0	4
chr19	49497326	49497519	1	1	1	3	0	43
chr19	49497596	49497916	1	1	1	4	0	37
chr19	49498047	49499511	1	1	1	54	0	44
chr19	49555823	49556316	2	2	1	6	0	45
chr19	49556426	49556548	2	2	1	1	0	26
chr19	49657773	49658461	2	2	1	1	0	14
chr19	49659834	49660712	2	2	1	1	0	7
chr19	49660829	49661947	2	2	1	1	0	35
chr19	49669116	49673697	1	1	1	1	0	23
chr19	49670489	49673697	1	1	1	2	0	38
chr19	49682066	49682195	1	1	1	2	0	33
chr19	49685038	49686092	1	1	1	1	0	6
chr19	49686727	49688161	1	1	1	1	0	15
chr19	49705299	49705908	1	1	1	1	0	8
chr19	49811700	49812250	2	2	1	1	0	31
chr19	49836407	49836846	1	1	1	2	0	41
chr19	49860184	49860267	1	1	1	3	0	21
chr19	49860337	49860565	1	1	1	4	0	32
chr19	49860337	49860613	1	1	1	14	0	41
chr19	49884759	49885171	1	1	1	1	0	11
chr19	50417098	50417171	1	1	1	1	0	12
chr19	50417270	50417841	1	1	1	8	0	43
chr19	51345382	51346899	2	2	1	2	0	27
chr19	51855968	51860903	2	2	1	2	0	19
chr19	51860979	51877281	2	2	1	1	0	21
chr19	51891898	51896471	2	2	1	3	0	20
chr19	51896568	51896851	2	2	1	1	0	45
chr19	52000379	52001812	2	2	1	1	0	37
chr19	52018104	52018367	2	2	1	2	0	5
chr19	52117025	52123922	2	2	1	1	0	12
chr19	52164329	52168523	1	1	1	2	0	20
chr19	52300485	52314152	1	1	1	1	0	9
chr19	52315963	52321578	1	1	1	1	0	12
chr19	52831712	52870265	1	3	1	0	1	34
chr19	52919481	52919859	1	1	1	0	1	23
chr19	53109909	53122661	2	2	1	1	0	27
chr19	53116434	53122661	2	2	1	1	0	10
chr19	53449639	53454649	1	1	1	1	0	6
chr19	54102889	54103113	1	1	1	1	0	29
chr19	54103189	54105933	1	1	1	5	0	41
chr19	54106012	54106810	1	1	1	12	0	33
chr19	54106447	54106810	1	1	1	1	0	21
chr19	54107170	54108025	2	2	1	5	0	42
chr19	54155941	54156762	2	2	1	1	0	31
chr19	54201282	54201486	1	1	1	2	0	43
chr19	54201610	54206275	1	1	1	13	0	45
chr19	54206463	54207397	1	1	1	23	0	41
chr19	55096179	55096261	2	2	1	1	0	18
chr19	55132961	55133886	2	2	1	6	0	42
chr19	55133928	55134065	2	2	1	1	0	13
chr19	55134157	55137102	2	2	1	1	0	9
chr19	55305587	55306251	1	1	1	1	0	40
chr19	55386439	55386569	1	1	1	3	0	20
chr19	55386694	55387929	1	1	1	22	0	37
chr19	55388049	55388242	1	1	1	184	0	46
chr19	55388049	55388246	1	1	1	4	0	34
chr19	55692797	55692953	1	1	1	1	0	35
chr19	56601592	56613811	1	1	1	1	0	23
chr19	57830565	57834350	1	1	1	1	0	16
chr19	57850562	57876915	2	2	1	1	0	37
chr19	57877043	57888766	2	2	1	1	0	21
chr19	57974204	57988206	2	2	1	1	0	45
chr19	58228947	58229467	1	1	1	1	0	11
chr19	58315037	58326822	2	2	1	1	0	14
chr19	58347030	58347352	2	2	1	1	0	5
chr19	58387340	58388136	1	1	1	2	0	29
chr19	58388246	58392975	1	1	1	4	0	24
chr19	58393186	58393358	1	1	1	3	0	42
chr19	58393488	58394496	1	1	1	56	0	42
chr19	58394596	58394681	1	1	1	222	0	45
chr19	58550036	58550146	1	1	1	4	0	28
chr19	58550285	58550376	1	1	1	3	0	15
chr19	58562009	58562295	2	4	1	1	0	46
chr20	482858	483452	0	0	1	3	0	38
chr20	489882	492253	2	2	1	1	0	31
chr20	492365	495718	2	2	1	0	2	16
chr20	505230	508450	2	2	1	0	2	21
chr20	1135307	1163129	1	1	1	1	0	41
chr20	1455133	1458199	2	2	1	1	0	38
chr20	2461794	2462635	2	2	1	18	0	42
chr20	2462762	2463088	2	2	1	2	0	14
chr20	2463228	2463746	2	2	1	2	0	24
chr20	2463900	2465707	2	2	1	1	0	8
chr20	2655744	2658231	1	3	1	1	0	24
chr20	2656215	2656400	1	1	1	2	0	24
chr20	2656550	2656773	1	1	1	1	0	30
chr20	2656896	2657080	1	1	1	12	0	38
chr20	2658523	2658758	0	0	1	1	0	23
chr20	2659586	2659698	2	2	1	2	0	38
chr20	3221918	3223365	1	1	1	1	0	30
chr20	3754520	3755468	2	2	1	1	0	16
chr20	3757225	3763130	2	2	1	0	1	43
chr20	3802101	3802280	1	1	1	1	0	5
chr20	3805059	3805952	1	1	1	1	0	26
chr20	4191942	4205882	1	1	1	1	0	33
chr20	5580132	5584276	2	2	1	1	0	19
chr20	5580132	5584280	2	2	1	4	0	42
chr20	5584323	5586193	2	2	1	4	0	35
chr20	5586270	5593326	2	2	1	1	0	35
chr20	5941140	5941242	2	2	1	1	0	36
chr20	5944915	5946405	2	2	1	3	0	30
chr20	5963360	5967435	1	1	1	1	0	4
chr20	6034556	6037073	1	1	1	1	0	20
chr20	10413932	10420527	2	2	1	3	0	41
chr20	12754066	12759425	2	2	1	1	1	27
chr20	13715168	13717367	2	2	1	3	1	39
chr20	13718985	13728377	2	2	1	1	0	26
chr20	13728466	13733720	2	2	1	1	0	37
chr20	13733843	13759691	2	2	1	1	0	29
chr20	13759854	13766776	2	2	1	1	0	41
chr20	13816958	13817117	1	1	1	1	0	17
chr20	16730165	16731667	1	1	1	1	0	19
chr20	16731767	16732163	1	1	1	1	0	27
chr20	16732337	16737260	1	1	1	10	0	38
chr20	17601046	17604554	1	1	1	1	0	15
chr20	17604632	17607036	1	1	1	2	0	20
chr20	17614221	17614736	2	2	1	2	0	41
chr20	17616010	17616731	2	2	1	2	0	11
chr20	17616840	17618595	2	2	1	3	0	39
chr20	17625603	17627347	2	2	1	1	0	5
chr20	17627383	17627503	2	2	1	1	0	35
chr20	17942408	17943109	2	2	1	1	0	39
chr20	17943196	17947485	2	2	1	1	0	46
chr20	17947646	17948889	2	2	1	1	0	31
chr20	17948977	17949063	2	2	1	3	0	12
chr20	17998019	18037071	1	1	1	1	0	25
chr20	18555174	18560650	1	1	1	1	0	30
chr20	20049432	20050469	2	2	1	1	0	37
chr20	20605413	20611314	2	2	1	1	0	16
chr20	21232831	21244244	1	1	1	2	0	32
chr20	21333838	21333936	1	1	1	4	0	26
chr20	21333995	21334077	1	1	1	12	0	43
chr20	25296713	25297920	2	2	1	2	0	24
chr20	25300371	25390784	1	1	1	2	0	17
chr20	25504105	25504887	2	2	1	2	0	13
chr20	25836080	25836705	2	2	1	0	1	34
chr20	26019203	26019828	1	1	1	0	1	34
chr20	26065785	26069131	1	1	1	1	0	5
chr20	28583111	28583869	2	2	1	1	0	30
chr20	28583947	28586298	2	2	1	2	0	29
chr20	28586404	28588642	2	2	1	1	0	39
chr20	28600720	28601602	2	2	1	1	0	43
chr20	31179022	31194522	2	2	1	0	1	15
chr20	31757583	31760056	1	1	1	3	0	44
chr20	31760180	31766555	1	1	1	1	0	22
chr20	31766683	31770342	1	1	1	1	0	44
chr20	31770472	31771559	1	1	1	1	0	36
chr20	31777639	31778812	1	1	1	1	0	11
chr20	31782391	31783704	1	1	1	1	0	39
chr20	31783922	31792734	1	1	1	1	0	10
chr20	31792831	31793847	1	1	1	1	0	22
chr20	31797516	31798364	1	1	1	1	0	35
chr20	31948883	31950311	2	2	1	1	0	6
chr20	31950388	31951874	2	2	1	2	0	10
chr20	32369124	32372163	1	1	1	1	0	5
chr20	32791709	32792625	1	1	1	1	0	28
chr20	32799329	32800152	1	1	1	4	0	34
chr20	32802471	32805337	1	1	1	1	0	9
chr20	33678354	33679754	2	2	1	1	0	18
chr20	34090603	34093674	2	2	1	0	1	7
chr20	34096806	34097415	2	2	1	1	0	14
chr20	34098634	34103461	2	2	1	0	9	31
chr20	34103566	34105367	2	2	1	13	15	41
chr20	34105546	34112095	2	2	1	0	7	35
chr20	34369471	34393790	1	1	1	2	0	40
chr20	34489387	34489821	1	1	1	1	0	43
chr20	34526344	34534627	1	1	1	1	0	39
chr20	34796139	34796519	1	3	1	2	0	46
chr20	35279051	35279672	1	1	1	1	0	20
chr20	35279207	35279565	2	2	1	1	0	29
chr20	35631355	35631491	2	2	1	1	0	29
chr20	35632697	35632794	2	2	1	1	0	36
chr20	35699764	35700797	1	1	1	5	0	41
chr20	35704582	35704667	2	2	1	1	0	12
chr20	35725156	35729311	2	2	1	1	0	34
chr20	35732136	35738967	2	2	1	3	0	18
chr20	35739018	35740524	2	2	1	1	0	17
chr20	35739018	35740823	2	2	1	6	0	39
chr20	35740888	35741940	2	2	1	6	1	43
chr20	35740990	35741940	2	2	1	0	1	3
chr20	35899649	35913248	1	1	1	1	0	14
chr20	35954340	35954447	2	2	1	1	0	18
chr20	36608001	36609600	1	1	1	1	0	31
chr20	37213866	37223877	1	1	1	1	0	29
chr20	37230060	37232295	1	1	1	1	0	16
chr20	37236710	37241302	1	1	1	6	0	38
chr20	37777713	37779186	1	1	1	1	0	24
chr20	37860037	37860271	1	1	1	1	0	17
chr20	37860345	37871924	1	1	1	5	0	35
chr20	38948001	38951538	1	1	1	1	0	35
chr20	41029101	41029430	1	1	1	2	0	25
chr20	41029456	41061393	1	1	1	3	0	26
chr20	41061491	41076170	1	1	1	1	0	42
chr20	41076295	41077581	1	1	1	3	0	46
chr20	41077638	41080084	1	1	1	5	0	40
chr20	41080181	41081164	1	1	1	5	0	34
chr20	41081241	41084461	1	1	1	3	0	33
chr20	41092588	41097219	1	1	1	2	0	46
chr20	41097342	41098214	1	1	1	2	0	13
chr20	41100244	41101208	1	1	1	2	0	20
chr20	41118297	41121695	1	1	1	0	1	8
chr20	41172878	41173419	1	1	1	1	0	12
chr20	43642625	43646935	1	1	1	3	0	39
chr20	43711602	43713001	1	1	1	1	0	21
chr20	44904117	44904967	1	1	1	2	0	30
chr20	44905132	44906000	1	1	1	24	0	44
chr20	44906097	44906381	1	1	1	43	0	44
chr20	44908109	44908923	2	2	1	1	0	3
chr20	45000521	45001166	1	1	1	1	0	9
chr20	45001354	45024972	1	1	1	2	0	32
chr20	45815914	45816708	1	1	1	5	0	18
chr20	45884419	45885000	1	1	1	1	0	32
chr20	45899064	45899461	2	2	1	1	0	11
chr20	45902335	45902439	2	2	1	1	0	10
chr20	47210898	47212641	2	2	1	1	0	24
chr20	47291889	47294665	2	2	1	3	0	35
chr20	47310205	47347855	2	2	1	1	0	25
chr20	49046424	49058452	1	1	1	1	0	7
chr20	49058549	49063201	1	1	1	1	0	37
chr20	49072454	49072567	1	1	1	1	0	13
chr20	49089747	49090741	1	1	1	1	0	32
chr20	49092128	49094139	1	1	1	1	0	32
chr20	49094964	49096348	1	1	1	5	0	38
chr20	49114894	49115781	2	2	1	1	0	20
chr20	49118097	49118332	2	2	1	1	0	14
chr20	49124588	49135832	2	2	1	1	0	46
chr20	49219542	49221451	1	1	1	1	0	11
chr20	49221599	49222956	1	1	1	4	0	24
chr20	49223017	49223267	1	1	1	4	0	30
chr20	49239056	49239235	1	1	1	2	0	41
chr20	49280571	49289044	1	1	1	1	0	16
chr20	49280965	49289044	1	1	1	1	0	22
chr20	49639801	49640477	2	2	1	1	0	35
chr20	49946251	49949247	1	1	1	2	0	18
chr20	49949356	49952075	1	1	1	1	0	9
chr20	50082915	50084128	2	2	1	3	0	19
chr20	50084255	50096671	2	2	1	0	1	32
chr20	50169978	50178022	1	3	1	1	0	44
chr20	50818283	50830278	1	1	1	1	0	10
chr20	50935237	50936147	2	2	1	1	0	22
chr20	53577281	53578333	2	2	1	1	0	29
chr20	54214459	54215299	1	1	1	3	0	27
chr20	54215441	54219018	1	1	1	10	0	40
chr20	54754310	54785556	2	2	1	1	0	40
chr20	56384325	56386256	2	2	1	1	0	14
chr20	58441084	58444076	1	1	1	1	0	8
chr20	58892210	58911030	1	1	1	1	0	22
chr20	58994899	58994947	2	2	1	1	0	22
chr20	59028842	59030302	2	2	1	30	0	43
chr20	59030430	59032219	2	2	1	6	0	41
chr20	61929843	61932984	1	1	1	1	0	44
chr20	62136950	62137363	2	2	1	29	0	44
chr20	62137427	62138170	2	2	1	27	0	41
chr20	62138291	62139074	2	2	1	4	0	30
chr20	62139198	62139780	2	2	1	2	0	37
chr20	62139906	62140817	2	2	1	1	0	22
chr20	62140945	62143207	2	2	1	1	0	17
chr20	62281166	62281789	1	1	1	1	0	36
chr20	62303050	62303567	1	1	1	1	0	9
chr20	62306735	62307370	1	1	1	2	0	13
chr20	62308471	62308654	1	1	1	1	0	40
chr20	62387137	62387320	1	1	1	1	0	31
chr20	62387389	62387610	1	1	1	10	0	41
chr20	62387675	62387842	1	1	1	38	0	44
chr20	62387915	62388308	1	1	1	104	0	45
chr20	62388365	62388456	1	1	1	94	0	45
chr20	62907360	62909698	2	2	1	1	0	44
chr20	63289497	63289677	1	1	1	3	0	26
chr20	63433904	63434212	2	2	1	0	1	3
chr20	63433904	63438624	2	2	1	5	1	31
chr20	63690948	63691741	1	1	1	1	0	10
chr20	63691783	63695154	1	3	1	1	0	30
chr20	63940056	63940149	2	2	1	1	0	34
chr20	63983216	63984906	1	1	1	2	0	38
chr20	64029492	64031917	1	1	1	1	0	33
chr20	64032045	64032840	1	1	1	1	0	41
chr20	64286820	64287175	1	1	1	1	0	30
chr21	6450647	6450903	2	2	1	0	1	11
chr21	6450982	6452118	2	2	1	0	1	3
chr21	6486231	6486321	2	2	1	0	1	24
chr21	6486456	6487106	2	2	1	0	1	33
chr21	6492198	6495992	2	2	1	0	4	34
chr21	6496081	6499128	2	2	1	0	1	11
chr21	7927355	7930545	2	2	1	1	0	17
chr21	8210462	8218350	1	3	1	0	2	37
chr21	8211288	8231431	1	1	1	0	1	18
chr21	8211343	8216851	2	2	1	0	1	38
chr21	8214128	8215220	1	1	1	0	2	44
chr21	8214128	8259449	1	1	1	0	2	44
chr21	8215971	8216130	1	1	1	0	1	26
chr21	8216087	8260313	2	2	1	0	1	28
chr21	8216636	8260649	1	1	1	0	1	18
chr21	8216638	8217472	1	1	1	0	2	45
chr21	8216694	8217730	2	4	1	1	4	19
chr21	8218098	8255476	1	1	1	0	1	39
chr21	8218136	8259603	1	1	1	0	6	39
chr21	8218602	8400579	0	0	1	1	4	43
chr21	8218617	8259545	1	3	1	0	1	32
chr21	8220495	8258336	2	2	1	0	2	14
chr21	8258349	8259449	1	1	1	0	2	44
chr21	8260200	8260359	1	1	1	0	1	26
chr21	8393497	8401388	1	3	1	0	2	37
chr21	8394323	8414007	1	1	1	0	1	18
chr21	8394378	8399885	2	2	1	0	1	38
chr21	8394378	8444120	2	2	1	0	1	38
chr21	8397166	8398254	1	1	1	0	2	44
chr21	8397166	8442483	1	1	1	0	2	44
chr21	8399005	8399164	1	1	1	0	1	26
chr21	8399121	8443353	2	2	1	0	1	28
chr21	8399670	8443689	1	1	1	0	1	18
chr21	8399672	8400510	1	1	1	0	2	45
chr21	8401136	8438513	1	1	1	0	1	39
chr21	8401174	8442637	1	1	1	0	6	39
chr21	8401296	8443481	0	0	1	0	4	45
chr21	8401640	8444811	0	0	1	0	4	43
chr21	8401655	8442579	1	3	1	0	1	32
chr21	8401894	8437376	2	2	1	0	7	17
chr21	8402762	8441373	2	2	1	0	2	14
chr21	8437707	8445620	1	3	1	0	2	37
chr21	8438533	8458569	1	1	1	0	1	18
chr21	8438588	8444120	2	2	1	0	1	38
chr21	8441386	8442483	1	1	1	0	2	44
chr21	8443234	8443399	1	1	1	0	1	26
chr21	8443907	8444742	1	1	1	0	2	45
chr21	10514251	10516317	1	1	1	0	2	27
chr21	14084145	14088608	1	1	1	1	0	22
chr21	17513173	17547026	1	1	1	1	0	11
chr21	17561477	17565427	1	1	1	1	0	6
chr21	17609153	17612698	2	2	1	1	0	16
chr21	23387263	23400877	1	1	1	0	1	32
chr21	25585755	25588834	2	2	1	6	0	46
chr21	25588883	25592811	2	2	1	6	0	45
chr21	25724678	25725225	2	2	1	32	0	43
chr21	25725351	25729630	2	2	1	2	0	21
chr21	25729802	25734852	2	2	1	1	0	13
chr21	26090073	26111978	2	2	1	1	0	32
chr21	26838615	26839586	2	2	1	1	0	6
chr21	29027975	29030594	1	1	1	2	0	25
chr21	29042529	29043422	1	1	1	3	0	44
chr21	29056553	29060540	2	2	1	17	0	42
chr21	29060661	29061252	2	2	1	1	0	40
chr21	29061418	29061495	2	2	1	1	0	41
chr21	29066778	29066890	2	2	1	1	0	17
chr21	29329694	29342398	1	1	1	1	0	12
chr21	31666519	31667257	1	1	1	3	0	39
chr21	31667376	31668470	1	1	1	7	0	35
chr21	32269118	32269706	2	2	1	5	0	33
chr21	32541475	32583511	2	2	1	2	0	37
chr21	32601974	32602271	2	2	1	1	0	24
chr21	32602368	32603160	2	2	1	2	0	26
chr21	32610006	32612104	2	2	1	2	0	32
chr21	32764525	32769813	2	2	1	1	0	4
chr21	33506105	33509782	2	2	1	1	0	6
chr21	33539357	33542064	2	2	1	1	0	46
chr21	33543170	33546212	1	1	1	5	0	44
chr21	33546380	33549475	1	1	1	76	0	44
chr21	33557317	33559229	1	1	1	1	0	20
chr21	33559377	33559586	1	1	1	2	0	46
chr21	33569088	33573307	1	1	1	2	0	30
chr21	33772324	33774728	1	1	1	1	0	30
chr21	33781549	33781993	1	1	1	1	0	19
chr21	33782134	33794340	1	1	1	1	0	37
chr21	33903640	33903934	2	2	1	27	0	44
chr21	33907454	33909081	2	2	1	1	0	10
chr21	34073746	34125340	1	1	1	2	0	4
chr21	37091414	37094004	1	1	1	0	1	44
chr21	37140674	37144524	1	1	1	1	0	35
chr21	37148648	37150077	1	1	1	0	2	22
chr21	37150171	37150819	1	1	1	1	0	41
chr21	37167621	37172594	1	1	1	1	0	10
chr21	37172745	37182773	1	1	1	1	0	30
chr21	37185775	37187048	1	3	1	1	0	17
chr21	37196037	37197569	1	1	1	1	0	12
chr21	39175665	39177434	2	2	1	8	0	38
chr21	39197416	39198762	2	2	1	1	0	30
chr21	39206275	39209994	2	2	1	1	0	16
chr21	39236785	39238478	2	2	1	2	0	38
chr21	39238574	39247700	2	2	1	1	0	3
chr21	39343160	39345145	2	2	1	1	0	35
chr21	39345275	39348291	2	2	1	1	0	27
chr21	39347293	39348291	2	2	1	1	0	3
chr21	39348340	39348421	2	2	1	3	0	27
chr21	39348452	39348544	2	2	1	1	0	30
chr21	39348578	39348902	2	2	1	1	0	21
chr21	41370646	41376835	1	1	1	1	0	17
chr21	41399020	41399195	1	1	1	1	0	19
chr21	42312270	42313484	2	2	1	2	0	19
chr21	42760908	42762082	1	1	1	1	0	44
chr21	42772521	42775279	1	1	1	1	0	4
chr21	42897048	42908863	1	1	1	1	0	8
chr21	42909604	42910254	1	3	1	1	0	35
chr21	43021432	43024870	1	1	1	1	0	37
chr21	43024948	43028701	1	1	1	1	0	34
chr21	43032042	43061441	1	1	1	1	0	41
chr21	43053648	43053861	2	2	1	1	0	18
chr21	43058969	43059225	2	2	1	0	1	11
chr21	43059304	43060440	2	2	1	0	1	3
chr21	43094564	43094654	2	2	1	0	1	24
chr21	43094789	43095437	2	2	1	0	1	33
chr21	43100520	43104314	2	2	1	0	4	34
chr21	43104403	43107450	2	2	1	0	1	11
chr21	43683374	43684552	1	1	1	4	0	40
chr21	43684651	43685769	1	1	1	9	0	20
chr21	43685790	43686803	1	1	1	8	0	20
chr21	43686936	43687515	1	1	1	1	0	15
chr21	46126542	46131953	1	1	1	1	0	8
chr21	46236980	46240810	2	2	1	1	0	9
chr21	46252000	46252596	1	3	1	1	0	18
chr21	46296231	46297538	1	1	1	2	0	10
chr21	46351541	46353103	1	1	1	1	0	20
chr21	46355627	46356973	1	1	1	1	0	13
chr21	46357192	46363479	1	1	1	1	0	14
chr21	46399797	46401550	1	1	1	1	0	11
chr22	17500736	17503081	1	1	1	1	0	43
chr22	17505017	17524117	1	1	1	1	0	18
chr22	17613321	17619460	2	2	1	1	0	42
chr22	18123414	18127856	2	2	1	0	1	45
chr22	19176694	19176845	2	2	1	1	0	28
chr22	19450745	19454748	2	2	1	10	0	45
chr22	19454831	19455679	2	2	1	7	0	45
chr22	19455769	19456586	2	2	1	3	0	28
chr22	19516894	19518843	1	1	1	2	0	43
chr22	19518910	19520480	1	1	1	2	0	21
chr22	20122422	20125307	1	1	1	5	0	37
chr22	20125437	20126302	1	1	1	6	0	42
chr22	20126369	20126951	1	1	1	4	0	32
chr22	20126369	20126954	1	1	1	9	0	30
chr22	20582968	20583112	1	1	1	1	0	31
chr22	20998347	20998911	2	4	1	1	0	44
chr22	22298212	22303223	1	1	1	1	0	26
chr22	22507871	22508658	2	2	1	1	0	26
chr22	23287279	23288096	1	1	1	1	0	44
chr22	23653351	23659864	2	2	1	1	0	42
chr22	23766027	23766127	2	2	1	8	0	43
chr22	23825416	23833571	1	1	1	1	0	31
chr22	23894945	23895039	1	1	1	42	0	44
chr22	23971624	23973767	2	2	1	1	0	4
chr22	24055160	24056191	1	1	1	1	0	43
chr22	24176276	24177503	1	1	1	2	0	28
chr22	24270984	24302194	1	1	1	2	0	41
chr22	24276804	24302194	1	1	1	1	0	21
chr22	24568177	24571915	1	1	1	15	0	42
chr22	25520734	25521237	1	1	1	2	0	17
chr22	26528263	26532694	2	2	1	1	0	29
chr22	26682838	26720678	1	3	1	1	0	42
chr22	27873816	27894554	2	2	1	1	0	38
chr22	28689216	28694031	2	2	1	1	0	22
chr22	28694118	28695126	2	2	1	1	0	31
chr22	28795733	28796046	2	2	1	1	0	22
chr22	29299852	29300121	1	1	1	11	0	39
chr22	29520105	29520997	2	2	1	2	0	24
chr22	29571851	29572275	2	4	1	1	0	44
chr22	29767549	29769677	1	1	1	1	0	32
chr22	30576802	30579136	2	2	1	2	0	25
chr22	30926806	30936588	2	6	1	1	0	18
chr22	31026602	31027019	1	1	1	0	1	23
chr22	31105129	31105207	2	2	1	2	0	45
chr22	31105287	31105657	2	2	1	1	0	35
chr22	31105693	31105929	2	2	1	1	0	3
chr22	31426783	31427059	1	1	1	1	0	21
chr22	31944821	31956138	1	1	1	1	0	15
chr22	32485210	32487744	1	1	1	1	0	28
chr22	34970752	34981981	1	1	1	1	0	43
chr22	35410911	35412509	1	1	1	1	0	26
chr22	35417857	35419883	1	1	1	1	0	44
chr22	35423342	35424153	1	1	1	1	0	8
chr22	35744250	35745922	2	2	1	1	0	42
chr22	36407676	36422241	2	2	1	1	0	24
chr22	36758410	36762903	2	2	1	2	0	29
chr22	37675712	37676985	1	1	1	1	0	5
chr22	37746421	37751771	1	1	1	1	0	37
chr22	37878172	37886764	1	1	1	4	0	37
chr22	37886846	37888425	1	1	1	7	0	35
chr22	37953808	37956772	1	1	1	1	0	12
chr22	37959477	37967098	1	1	1	4	0	35
chr22	37967171	37967624	1	1	1	19	0	44
chr22	38291939	38293254	2	2	1	1	0	10
chr22	38293320	38294108	2	2	1	7	0	32
chr22	38294249	38294341	2	2	1	2	0	43
chr22	38298935	38299894	2	2	1	1	0	13
chr22	38492116	38493709	2	2	1	2	0	37
chr22	38494132	38494629	2	2	1	6	0	45
chr22	38494803	38494885	2	2	1	1	0	7
chr22	38495047	38495795	2	2	1	3	0	28
chr22	38501281	38505950	2	2	1	1	0	19
chr22	38569391	38570042	2	2	1	1	0	30
chr22	39312985	39313190	2	2	1	312	2	45
chr22	39313296	39316705	2	2	1	1	4	28
chr22	39313311	39313633	2	2	1	74	1	45
chr22	39313730	39314106	2	2	1	7	0	45
chr22	39314209	39314685	2	2	1	6	0	35
chr22	39315556	39316705	2	2	1	1	0	41
chr22	39316842	39317460	2	2	1	1	0	18
chr22	39317630	39318399	2	2	1	3	0	38
chr22	40178141	40246014	1	1	1	1	0	22
chr22	40361343	40361487	1	1	1	1	0	9
chr22	40363523	40370126	1	1	1	0	1	43
chr22	40364366	40364879	1	1	1	1	0	18
chr22	40364366	40366435	1	1	1	6	0	44
chr22	40365057	40366435	1	1	1	27	0	44
chr22	40826667	40827095	2	2	1	8	0	45
chr22	40830957	40832568	2	2	1	0	2	20
chr22	40832217	40832568	2	2	1	1	0	41
chr22	40832672	40835559	2	2	1	2	0	14
chr22	40835888	40840625	2	2	1	0	1	30
chr22	40844910	40848293	2	2	1	0	1	18
chr22	40850881	40856430	2	2	1	1	0	20
chr22	40951477	40953554	1	1	1	1	0	10
chr22	40964118	40967798	1	1	1	1	0	10
chr22	40967885	40972475	1	1	1	13	0	45
chr22	41150199	41151832	1	1	1	1	0	33
chr22	41170572	41172498	1	1	1	2	0	42
chr22	41467615	41468123	2	2	1	1	0	23
chr22	41468148	41468601	2	2	1	1	0	24
chr22	41622087	41628117	1	1	1	2	0	33
chr22	41636252	41636515	1	1	1	1	0	7
chr22	41653691	41656902	1	1	1	1	0	9
chr22	41658353	41661330	1	1	1	1	0	40
chr22	41661445	41663621	1	1	1	1	0	15
chr22	41680365	41688793	2	2	1	2	0	33
chr22	42079955	42081924	1	1	1	1	0	12
chr22	42086315	42087059	2	2	1	19	0	45
chr22	42509230	42509563	2	2	1	1	0	13
chr22	42556675	42574679	2	2	1	0	1	3
chr22	42571884	42574679	2	2	1	0	1	3
chr22	42577963	42580216	2	2	1	1	0	15
chr22	42817858	42822269	2	2	1	2	0	9
chr22	42888799	42890946	2	2	1	1	0	43
chr22	43039906	43046409	2	2	1	1	0	13
chr22	43990407	43996337	1	1	1	5	0	43
chr22	44972489	44985846	2	2	1	0	1	12
chr22	44972489	44986053	2	2	1	0	1	12
chr22	44972489	44986206	2	2	1	0	1	12
chr22	44972489	44986296	2	2	1	0	1	12
chr22	45843179	45843668	1	1	1	1	0	34
chr22	50217828	50217917	2	2	1	1	0	10
chr22	50343551	50372019	1	1	1	1	0	39
chr22	50440935	50444221	1	3	1	1	0	16
chr22	50525919	50526000	2	2	1	1	0	26
chr22	50579256	50579425	2	2	1	1	0	8
chr22	50739475	50739693	1	1	1	1	0	11
chrX	321299	326872	1	1	1	0	1	34
chrX	321451	326872	1	1	1	0	1	34
chrX	321593	326872	1	1	1	0	1	34
chrX	321733	326872	1	1	1	0	1	34
chrX	321873	326872	1	1	1	0	1	34
chrX	322180	326872	1	1	1	0	1	34
chrX	459194	507300	1	1	1	0	1	39
chrX	1386271	1386502	2	2	1	0	3	40
chrX	1404690	1405613	1	1	1	0	1	16
chrX	1594225	1595383	1	1	1	0	1	27
chrX	2198853	2207641	2	2	1	0	1	26
chrX	2797361	2814363	1	1	1	1	0	27
chrX	3706577	3707562	2	4	1	1	0	33
chrX	3817779	3828505	2	2	1	1	0	29
chrX	5893667	5903076	2	2	1	1	0	14
chrX	7900818	7901988	2	2	1	2	0	37
chrX	9693420	9697368	1	1	1	1	0	25
chrX	9697430	9704992	1	1	1	1	0	6
chrX	9711777	9714901	1	1	1	4	0	44
chrX	11120994	11121611	1	1	1	1	0	24
chrX	11760499	11760836	1	1	1	2	0	41
chrX	12975169	12976245	1	1	1	6	0	34
chrX	12976362	12976776	1	1	1	1	0	37
chrX	13744520	13746318	1	1	1	1	0	32
chrX	13746456	13746779	1	1	1	1	0	21
chrX	13761212	13762343	1	1	1	1	0	44
chrX	13768225	13768717	1	1	1	1	0	10
chrX	13768786	13769065	1	1	1	4	0	46
chrX	15385117	15390184	2	2	1	1	0	29
chrX	15791014	15799871	1	1	1	1	0	41
chrX	15799954	15803687	1	1	1	4	0	20
chrX	15852525	15854687	2	2	1	1	0	24
chrX	16719900	16735226	1	1	1	2	0	35
chrX	16743841	16754944	1	1	1	1	0	15
chrX	16757310	16760231	1	1	1	1	0	41
chrX	16829771	16832622	1	1	1	5	0	45
chrX	16832743	16834282	1	1	1	3	0	42
chrX	16834358	16837592	1	1	1	4	0	45
chrX	16843885	16845027	2	2	1	1	0	22
chrX	16857710	16858675	2	2	1	2	0	30
chrX	16863101	16869075	2	2	1	1	0	26
chrX	16869221	16870037	2	2	1	1	0	36
chrX	20128312	20130515	2	2	1	0	2	41
chrX	20132264	20133956	2	2	1	1	0	33
chrX	20135842	20138538	2	2	1	3	0	19
chrX	20194269	20195064	2	2	1	1	0	10
chrX	21501589	21526866	1	1	1	1	0	24
chrX	21940874	21967195	1	1	1	1	0	10
chrX	21967317	21971896	1	1	1	1	0	39
chrX	21985224	21992596	1	1	1	1	1	24
chrX	21992713	21994311	1	1	1	1	0	14
chrX	23675107	23679164	1	1	1	1	0	15
chrX	23679288	23682395	1	1	1	1	0	23
chrX	23682527	23683670	1	1	1	26	0	35
chrX	23683706	23686284	1	1	1	24	0	37
chrX	23713209	23721880	2	2	1	1	0	39
chrX	23722754	23730526	2	2	1	1	0	10
chrX	23730565	23730815	2	2	1	1	0	38
chrX	24060183	24062415	1	1	1	0	1	6
chrX	24075953	24077314	2	2	1	1	1	28
chrX	24741505	24742001	1	1	1	1	0	22
chrX	24748993	24809897	1	1	1	1	0	24
chrX	24826602	24841651	1	1	1	1	0	18
chrX	24888123	24930452	1	1	1	2	0	16
chrX	30837914	30842965	2	2	1	1	0	22
chrX	31483161	31489254	2	2	1	0	1	25
chrX	38276773	38287093	2	2	1	2	0	41
chrX	40071160	40071636	2	2	1	1	0	30
chrX	41140772	41140965	1	1	1	1	0	34
chrX	41341617	41342494	1	1	1	1	0	6
chrX	41665453	41671427	2	2	1	1	0	5
chrX	45078506	45079145	1	1	1	1	0	6
chrX	45082641	45082714	1	1	1	1	0	22
chrX	47182043	47182161	1	1	1	1	0	25
chrX	47212513	47212770	1	1	1	1	0	32
chrX	47214638	47214793	1	1	1	1	0	44
chrX	47651896	47652080	2	2	1	9	0	45
chrX	47652145	47657182	2	2	1	2	0	30
chrX	48461798	48462006	2	2	1	1	0	40
chrX	48517294	48520374	1	1	1	3	0	16
chrX	48823589	48823671	1	1	1	1	0	33
chrX	48896859	48897723	2	2	1	1	0	28
chrX	48902518	48902731	1	1	1	4	0	34
chrX	48902796	48902927	1	1	1	2	0	26
chrX	49117811	49119704	2	2	1	1	0	40
chrX	49621488	49629722	1	1	1	0	1	20
chrX	51900297	51901552	1	1	1	1	0	5
chrX	51901939	51902145	1	1	1	4	0	19
chrX	52062039	52062221	2	2	1	0	1	10
chrX	52062039	52062233	2	2	1	0	2	43
chrX	52191862	52192056	1	1	1	0	2	43
chrX	52191874	52192056	1	1	1	0	1	10
chrX	53254932	53255799	2	2	1	1	0	15
chrX	53399731	53403565	2	2	1	6	0	39
chrX	53533412	53534006	2	2	1	1	0	16
chrX	53537697	53538336	2	2	1	2	0	14
chrX	53562245	53562830	2	2	1	3	0	31
chrX	53583917	53584185	2	2	1	1	0	24
chrX	53590500	53590999	2	2	1	1	0	7
chrX	53645464	53647367	2	2	1	1	0	34
chrX	53944244	53962843	2	2	1	1	0	44
chrX	54530420	54532519	1	1	1	1	0	44
chrX	54562060	54575700	2	2	1	1	0	33
chrX	54807803	54809302	1	1	1	1	0	24
chrX	54815691	54815880	1	1	1	11	0	42
chrX	54931032	54931203	1	1	1	1	0	5
chrX	56729590	56732062	1	1	1	1	0	36
chrX	64337394	64343610	2	2	1	1	0	45
chrX	65456765	65457182	1	1	1	0	1	23
chrX	65529259	65529593	2	2	1	1	0	41
chrX	65733281	65735266	1	1	1	1	0	10
chrX	65737339	65738524	1	1	1	1	0	18
chrX	69822819	69833923	1	1	1	1	0	43
chrX	70146829	70148760	1	1	1	1	0	30
chrX	70492284	70492520	1	1	1	1	0	7
chrX	70492597	70493375	1	1	1	1	0	6
chrX	70926179	70926526	2	2	1	1	0	45
chrX	71119478	71119685	1	1	1	1	0	11
chrX	71297048	71297376	1	1	1	1	0	35
chrX	71388869	71389584	1	1	1	2	0	22
chrX	71459709	71460625	1	1	1	1	0	21
chrX	71568117	71573619	1	1	1	1	0	37
chrX	72181829	72186460	1	1	1	1	0	45
chrX	72196905	72197367	1	1	1	6	0	34
chrX	72272773	72273231	2	2	1	80	0	46
chrX	72273390	72273800	2	2	1	6	0	45
chrX	72275151	72275543	2	2	1	2	0	14
chrX	72275725	72276156	2	2	1	1	0	43
chrX	75069137	75069290	2	2	1	1	0	32
chrX	76173651	76174889	1	1	1	1	0	43
chrX	77523402	77557450	2	2	1	1	0	44
chrX	77599821	77600433	2	2	1	4	0	44
chrX	77600565	77616612	2	2	1	1	0	23
chrX	77664779	77676225	2	2	1	1	0	13
chrX	77676299	77681519	2	2	1	2	0	43
chrX	77902768	77905183	1	1	1	11	0	45
chrX	78003237	78009101	1	1	1	1	0	14
chrX	78123375	78124873	1	1	1	1	0	36
chrX	78125052	78125326	1	1	1	1	0	7
chrX	80677364	80681340	2	2	1	1	0	12
chrX	80682629	80684009	2	2	1	1	0	28
chrX	80735198	80735987	2	2	1	2	0	9
chrX	81115231	81116203	2	2	1	1	0	3
chrX	81116342	81118431	2	2	1	2	0	30
chrX	81118760	81119787	2	2	1	1	0	12
chrX	81119818	81121534	2	2	1	1	0	30
chrX	85265256	85267277	1	1	1	1	0	34
chrX	92105646	92105676	1	1	1	0	2	44
chrX	96958149	96965092	1	1	1	1	0	45
chrX	97384045	97429649	1	1	1	1	0	16
chrX	97429746	97469693	1	1	1	2	0	17
chrX	100731506	100732003	2	2	1	1	0	25
chrX	100838365	100840713	1	1	1	1	0	15
chrX	101101297	101102273	1	1	1	1	0	37
chrX	101103465	101104750	2	2	1	1	0	31
chrX	101391047	101391458	1	1	1	1	0	41
chrX	101391565	101391754	1	1	1	10	0	44
chrX	101391823	101395334	1	1	1	7	45	44
chrX	101395458	101395727	1	1	1	94	1	45
chrX	103063280	103063641	2	2	1	2	0	46
chrX	103063732	103064095	2	2	1	3	0	14
chrX	103254678	103255077	2	2	1	2	0	25
chrX	103376614	103377027	1	1	1	4	0	29
chrX	103377107	103377509	1	1	1	3	0	41
chrX	103377559	103377900	2	4	1	1	0	35
chrX	103585625	103586218	1	1	1	1	0	20
chrX	103678601	103684680	2	2	1	1	0	5
chrX	103827079	103845294	2	2	1	1	0	27
chrX	103918461	103918659	2	2	1	1	0	20
chrX	107167785	107175088	2	2	1	1	0	45
chrX	107647766	107649939	1	1	1	3	0	42
chrX	108085128	108087685	2	2	1	1	0	9
chrX	108601990	108602963	1	1	1	1	0	4
chrX	109644187	109659353	2	2	1	1	0	36
chrX	109665495	109668100	2	2	1	1	0	13
chrX	109678112	109678264	2	2	1	1	0	24
chrX	110264600	110317598	2	2	1	1	0	15
chrX	114048018	114049868	1	1	1	2	0	34
chrX	114764181	114812511	2	2	1	1	0	43
chrX	115614059	115636294	2	2	1	1	0	17
chrX	115629328	115629834	1	1	1	1	0	20
chrX	115724775	115724850	1	1	1	0	1	44
chrX	115842764	115842839	1	1	1	0	1	44
chrX	119629509	119633359	2	2	1	1	0	33
chrX	119786733	119789907	2	2	1	0	94	46
chrX	119790012	119791573	2	2	1	0	4	42
chrX	119838052	119838366	2	2	1	2	0	43
chrX	119838528	119841075	2	2	1	1	0	42
chrX	119872014	119873303	1	1	1	3	0	45
chrX	119873394	119876513	1	1	1	27	0	45
chrX	119936432	119936611	2	2	1	1	0	3
chrX	119936683	119938729	2	2	1	1	0	8
chrX	120532595	120534480	2	2	1	1	0	23
chrX	120606177	120608224	1	1	1	1	0	44
chrX	120608359	120611010	1	1	1	1	0	13
chrX	120611079	120612182	1	1	1	2	0	39
chrX	123613557	123613638	2	2	1	1	0	8
chrX	123613709	123614051	2	2	1	1	0	12
chrX	123614190	123619400	2	2	1	1	0	32
chrX	123620966	123621156	2	4	1	1	0	36
chrX	123621588	123622757	2	2	1	3	0	32
chrX	123622861	123623104	2	2	1	1	0	15
chrX	123639028	123640537	2	2	1	1	0	22
chrX	123668315	123671668	2	2	1	6	0	42
chrX	123960867	124022530	1	1	1	1	0	33
chrX	123962107	124022530	1	1	1	2	0	24
chrX	124045369	124047353	1	1	1	1	0	38
chrX	124062995	124063115	1	1	1	2	0	44
chrX	129448444	129465519	2	2	1	1	0	13
chrX	129465733	129465843	2	2	1	1	0	13
chrX	129499842	129504733	2	2	1	1	0	7
chrX	129504803	129506079	2	2	1	1	0	16
chrX	129518448	129523196	2	2	1	1	0	26
chrX	129562787	129565771	1	1	1	1	0	9
chrX	129575251	129575896	1	1	1	1	0	22
chrX	129919490	129920456	1	1	1	1	0	7
chrX	130147877	130149468	2	2	1	1	0	32
chrX	130409387	130411347	1	1	1	2	0	40
chrX	130901732	130903048	2	2	1	1	0	8
chrX	132072876	132072956	1	1	1	1	0	39
chrX	133689539	133692368	2	2	1	1	0	23
chrX	134378107	134393500	1	1	1	1	0	28
chrX	134413967	134415015	1	1	1	2	0	32
chrX	134415121	134417168	1	1	1	1	0	11
chrX	134473466	134475180	1	1	1	1	0	26
chrX	134889193	134891478	2	2	1	1	0	30
chrX	136226014	136227283	2	2	1	1	0	45
chrX	136227432	136228622	2	2	1	1	0	14
chrX	136232221	136236243	2	2	1	3	0	20
chrX	136244796	136246064	2	2	1	3	0	37
chrX	136246149	136246242	2	2	1	3	0	30
chrX	136246342	136251288	2	2	1	1	0	29
chrX	136500819	136502777	1	1	1	1	0	22
chrX	136874453	136875085	2	2	1	1	0	41
chrX	136879124	136879318	2	2	1	1	0	12
chrX	139782729	139783163	2	2	1	1	0	35
chrX	139783268	139785225	2	2	1	1	0	30
chrX	139788344	139789326	2	2	1	1	0	46
chrX	139816944	139819337	2	2	1	2	0	34
chrX	147932596	147932684	1	1	1	1	0	45
chrX	147932764	147936503	1	1	1	1	0	24
chrX	147936614	147937465	1	1	1	1	0	8
chrX	147945617	147948412	1	1	1	2	0	44
chrX	150649902	150657820	1	3	1	2	0	8
chrX	150985750	150986050	1	1	1	2	0	33
chrX	150986191	150987127	1	1	1	2	0	43
chrX	150987303	150987776	1	1	1	9	0	36
chrX	151403741	151404915	1	1	1	1	0	24
chrX	153446112	153447747	2	4	1	0	1	4
chrX	153696285	153696519	2	4	1	1	0	44
chrX	153703059	153703958	2	2	1	1	0	19
chrX	153797815	153798070	1	1	1	6	0	43
chrX	153798137	153798328	1	1	1	10	0	45
chrX	154032558	154092183	2	2	1	1	0	37
chrX	154348665	154351692	1	1	1	1	0	22
chrX	154349868	154350030	2	2	1	1	0	24
chrX	154351042	154351580	2	2	1	1	0	38
chrX	154354044	154354150	2	2	1	1	0	35
chrX	154381231	154381331	1	1	1	1	0	6
chrX	154399595	154399802	1	1	1	1	0	13
chrX	154399942	154400463	1	1	1	3	0	29
chrX	154400627	154400701	1	1	1	58	1	44
chrX	154478059	154478282	2	2	1	4	0	18
chrX	154774706	154775194	1	1	1	1	0	19
chrX	154775274	154776186	1	1	1	1	0	33
chrX	154776325	154776798	1	1	1	4	0	11
chrX	154776847	154777492	1	1	1	1	0	29
chrX	155054929	155055008	1	1	1	1	0	25
chrX	155220308	155227234	1	1	1	1	0	16
chrX	156023461	156024119	1	1	1	0	1	41
chrX	156024273	156025031	1	1	1	0	1	18
chrY	321299	326872	1	1	1	0	1	34
chrY	321451	326872	1	1	1	0	1	34
chrY	321593	326872	1	1	1	0	1	34
chrY	321733	326872	1	1	1	0	1	34
chrY	321873	326872	1	1	1	0	1	34
chrY	322180	326872	1	1	1	0	1	34
chrY	459194	507300	1	1	1	0	1	39
chrY	1386271	1386502	2	2	1	0	3	40
chrY	1404690	1405613	1	1	1	0	1	16
chrY	1594225	1595383	1	1	1	0	1	27
chrY	2198853	2207641	2	2	1	0	1	26
chrY	2844258	2845645	1	1	1	2	0	37
chrY	2845729	2866821	1	1	1	1	0	36
chrY	2854772	2865087	1	1	1	2	0	45
chrY	2865246	2866792	1	1	1	26	0	46
chrY	12662707	12664639	1	1	1	1	0	8
chrY	12664687	12686512	1	1	1	1	0	37
chrY	12686607	12690325	1	1	1	2	0	6
chrY	12686607	12702009	1	1	1	1	0	3
chrY	12699641	12702009	1	1	1	2	0	32
chrY	12916443	12916516	1	1	1	1	0	13
chrY	12916635	12916906	1	1	1	2	0	10
chrY	12917061	12917402	1	1	1	1	0	40
chrY	12917543	12918042	1	1	1	1	0	40
chrY	20579692	20582589	1	1	1	1	0	16
chrY	20589576	20592340	1	1	1	1	0	18
chrY	23419605	23447457	1	1	1	0	1	21
chrY	26223156	26251015	2	2	1	0	1	21
chrY	56757908	56765060	1	1	1	0	1	32
chrY	56841652	56848345	1	3	1	1	0	23
chrY	57209981	57210639	1	1	1	0	1	41
chrY	57210793	57211551	1	1	1	0	1	18
chrM	345	8461	2	2	1	1	0	33
chrM	2006	15770	2	2	1	1	0	28
chrM	8971	9030	2	2	1	2	0	33
GL000195.1	149165	167047	1	1	1	0	1	7
GL000216.2	136584	174366	2	2	1	1	0	31
GL000220.1	109909	117825	1	3	1	0	2	37
GL000220.1	110735	130027	1	1	1	0	1	18
GL000220.1	110790	116322	2	2	1	0	1	38
GL000220.1	110790	160294	2	2	1	0	1	38
GL000220.1	113588	114685	1	1	1	0	2	44
GL000220.1	113588	158657	1	1	1	0	2	44
GL000220.1	115436	115601	1	1	1	0	1	26
GL000220.1	116107	159863	1	1	1	0	1	18
GL000220.1	116109	116947	1	1	1	0	2	45
GL000220.1	117573	154687	1	1	1	0	1	39
GL000220.1	117611	158811	1	1	1	0	6	39
GL000220.1	117733	159655	0	0	1	0	4	45
GL000220.1	118077	160988	0	0	1	0	4	43
GL000220.1	118092	158753	1	3	1	0	1	32
GL000220.1	118331	153550	2	2	1	0	7	17
GL000220.1	119177	157547	2	2	1	0	2	14
GL000220.1	154762	160294	2	2	1	0	1	38
GL000220.1	157560	158657	1	1	1	0	2	44
GL000220.1	159408	159573	1	1	1	0	1	26
GL000220.1	160081	160919	1	1	1	0	2	45
GL000225.1	21653	34721	2	2	1	1	0	29
GL000225.1	90990	114101	2	2	1	1	0	30
KI270711.1	8656	9364	2	2	1	0	1	12
KI270733.1	126762	134688	1	3	1	0	2	37
KI270733.1	127643	133177	2	2	1	0	1	38
KI270733.1	130444	131541	1	1	1	0	2	44
KI270733.1	130444	176620	1	1	1	0	2	44
KI270733.1	132292	132456	1	1	1	0	1	26
KI270733.1	132962	177825	1	1	1	0	1	18
KI270733.1	132964	133810	1	1	1	0	2	45
KI270733.1	134436	172649	1	1	1	0	1	39
KI270733.1	134474	176774	1	1	1	0	6	39
KI270733.1	134596	177617	0	0	1	0	4	45
KI270733.1	134940	178958	0	0	1	0	4	43
KI270733.1	134955	176716	1	3	1	0	1	32
KI270733.1	135194	171512	2	2	1	0	7	17
KI270733.1	136819	175510	2	2	1	0	2	14
KI270733.1	137504	175510	2	2	1	0	2	14
KI270733.1	172724	178256	2	2	1	0	1	38
KI270733.1	175523	176620	1	1	1	0	2	44
KI270733.1	177371	177535	1	1	1	0	1	26
KI270733.1	178043	178889	1	1	1	0	2	45
