chr1	631626	632593	1	1	1	0	1	44
chr1	632593	632633	0	0	1	0	5	41
chr1	1218634	1218768	2	2	1	1	0	46
chr1	1257131	1257207	2	2	1	1	0	29
chr1	1294629	1295446	2	2	1	4	0	39
chr1	1315619	1319295	2	2	1	1	0	37
chr1	1373903	1373999	2	2	1	23	0	46
chr1	1402257	1405808	2	2	1	1	0	36
chr1	1541712	1544882	2	2	1	1	0	35
chr1	1637514	1637761	2	2	1	1	0	18
chr1	1639103	1639311	1	3	1	2	0	28
chr1	1641114	1641661	2	2	1	0	1	6
chr1	1642002	1642385	2	2	1	0	1	36
chr1	1642509	1645125	2	2	1	0	1	30
chr1	1645263	1649498	2	2	1	0	3	23
chr1	1652567	1655368	2	2	1	2	0	13
chr1	1655485	1657374	2	2	1	3	1	38
chr1	1708246	1708793	2	2	1	0	1	6
chr1	1709134	1709517	2	2	1	0	1	36
chr1	1709641	1712263	2	2	1	1	1	33
chr1	1712401	1716345	2	2	1	0	3	23
chr1	1721712	1722707	2	2	1	0	1	38
chr1	2189782	2192844	2	2	1	1	0	25
chr1	2395872	2397115	1	1	1	1	0	14
chr1	2402343	2403034	1	1	1	2	0	22
chr1	2654715	2661014	2	2	1	0	1	42
chr1	2654715	2662540	2	2	1	0	1	42
chr1	2654715	2665630	2	2	1	0	1	42
chr1	2654715	2667156	2	2	1	0	1	42
chr1	2654715	2670246	2	2	1	0	1	42
chr1	2654715	2676428	2	2	1	0	1	42
chr1	2654715	2678636	2	2	1	0	1	42
chr1	2654715	2680162	2	2	1	0	1	42
chr1	2654735	2671792	2	2	1	0	1	22
chr1	3775484	3775794	1	1	1	1	0	20
chr1	3781602	3782660	2	2	1	1	0	28
chr1	3787311	3795861	2	2	1	1	0	37
chr1	3829374	3829790	2	2	1	1	0	17
chr1	3839777	3844906	2	2	1	1	0	38
chr1	3844984	3845288	2	2	1	1	0	21
chr1	3845352	3847474	2	2	1	2	0	27
chr1	6186817	6192929	2	2	1	0	30	46
chr1	6186817	6192946	2	2	1	1	0	30
chr1	6193055	6197651	2	2	1	7	9	34
chr1	6237849	6238220	1	1	1	1	0	37
chr1	6375152	6422587	2	2	1	1	0	38
chr1	6638365	6639901	2	2	1	1	0	32
chr1	6678468	6680907	2	2	1	1	0	26
chr1	7977739	7984893	1	1	1	1	0	41
chr1	8355121	8355418	2	2	1	1	0	12
chr1	8411402	8411516	1	1	1	1	0	38
chr1	8656442	8703054	2	4	1	1	0	4
chr1	8656442	8817159	2	2	1	1	0	34
chr1	8861430	8862886	2	2	1	2	1	45
chr1	8862946	8863234	2	2	1	2	0	35
chr1	8863344	8863890	2	2	1	1	0	9
chr1	8866502	8867116	2	2	1	3	0	44
chr1	8870511	8871890	2	2	1	1	0	13
chr1	9751682	9755113	2	2	1	1	0	28
chr1	9930458	9931890	2	2	1	2	0	5
chr1	10135187	10137066	1	1	1	2	0	6
chr1	10267559	10268151	1	1	1	1	0	38
chr1	10271580	10272240	1	1	1	1	0	20
chr1	10400573	10403070	1	1	1	1	0	45
chr1	10433966	10434656	1	1	1	1	0	30
chr1	11055085	11055780	2	2	1	2	0	32
chr1	11055927	11056010	2	2	1	1	0	16
chr1	11066749	11068007	2	2	1	5	0	41
chr1	11068085	11068644	2	2	1	4	0	42
chr1	11068707	11069558	2	2	1	2	0	5
chr1	11070974	11072086	2	2	1	1	0	33
chr1	11253974	11255991	2	2	1	1	0	10
chr1	11674817	11675081	2	2	1	1	0	34
chr1	12009727	12011495	1	1	1	1	0	20
chr1	16356535	16377459	2	2	1	1	0	41
chr1	16564919	16565632	2	2	1	0	1	6
chr1	16635169	16643027	2	2	1	1	0	35
chr1	16976546	16976707	2	2	1	1	0	45
chr1	16976924	16977108	2	2	1	1	0	5
chr1	17018959	17022607	2	2	1	2	0	38
chr1	17022731	17023972	2	2	1	1	0	27
chr1	17456251	17464537	1	1	1	0	2	45
chr1	18335011	18362114	1	1	1	1	0	12
chr1	18362231	18365222	1	1	1	1	0	15
chr1	18377432	18378255	1	1	1	1	0	4
chr1	19121435	19121933	2	2	1	1	0	9
chr1	19153503	19153767	2	2	1	1	0	20
chr1	19339618	19344357	2	2	1	1	0	27
chr1	19344435	19345186	2	2	1	1	0	15
chr1	19345253	19356634	2	2	1	2	0	38
chr1	19622148	19623473	1	1	1	1	0	28
chr1	19623584	19626386	1	1	1	3	0	30
chr1	20337210	20338611	2	2	1	1	0	40
chr1	20773611	20776596	2	2	1	1	0	4
chr1	20779912	20780344	2	2	1	1	0	23
chr1	20862333	20864475	2	2	1	2	0	1
chr1	20899944	20904882	2	2	1	1	0	22
chr1	20904972	20941490	2	2	1	1	0	10
chr1	21138734	21168326	2	2	1	1	0	40
chr1	21585554	21588486	1	1	1	0	3	38
chr1	21679440	21680807	2	2	1	1	0	17
chr1	21721167	21721649	2	2	1	6	0	32
chr1	21721765	21723897	2	2	1	1	0	26
chr1	21748272	21751506	2	2	1	1	0	11
chr1	21757784	21782823	2	2	1	1	0	22
chr1	21822322	21822817	1	3	1	1	0	28
chr1	22086867	22091427	1	1	1	1	0	6
chr1	23057566	23059072	1	1	1	1	0	20
chr1	23069152	23071224	1	1	1	1	0	37
chr1	23079178	23079552	1	1	1	2	0	32
chr1	23311323	23313552	2	2	1	1	0	41
chr1	23313703	23318482	2	2	1	1	0	3
chr1	23318689	23321527	2	2	1	1	0	31
chr1	23558107	23558254	2	2	1	1	0	30
chr1	23691830	23692608	1	1	1	3	0	22
chr1	23692760	23693806	1	1	1	12	0	44
chr1	23693914	23694659	1	1	1	16	0	40
chr1	23694792	23695797	1	1	1	319	0	45
chr1	23695909	23696343	1	1	1	391	0	46
chr1	23757126	23759511	1	1	1	1	0	19
chr1	23961135	23961439	1	1	1	2	0	40
chr1	23967724	23971572	2	2	1	1	0	16
chr1	23971440	23971572	2	2	1	1	0	22
chr1	23972013	23974973	2	2	1	1	0	18
chr1	24101272	24103641	1	1	1	1	0	31
chr1	24169602	24180730	2	2	1	1	0	32
chr1	24514756	24524013	1	1	1	0	1	42
chr1	24643348	24645983	1	1	1	1	0	38
chr1	24646790	24648858	1	1	1	17	0	46
chr1	24649030	24649970	1	1	1	6	0	42
chr1	24651613	24652433	1	3	1	2	0	19
chr1	24669588	24670119	1	1	1	1	0	34
chr1	24670316	24671385	1	1	1	3	0	21
chr1	24840042	24840772	1	1	1	1	0	18
chr1	25223432	25225001	2	2	1	1	0	22
chr1	25229124	25232103	2	2	1	1	0	41
chr1	25901088	25901490	2	2	1	1	0	23
chr1	25901683	25903640	2	2	1	1	0	27
chr1	26198420	26200829	1	1	1	1	0	18
chr1	26239839	26244165	1	1	1	1	0	8
chr1	26425488	26426241	1	1	1	2	0	35
chr1	26472628	26473482	1	1	1	3	0	14
chr1	26473528	26473702	1	1	1	3	0	30
chr1	26473733	26474084	1	1	1	2	0	30
chr1	26474136	26474571	1	1	1	3	0	44
chr1	26474668	26475112	1	1	1	7	0	43
chr1	26560852	26561044	1	1	1	1	0	34
chr1	26763286	26766220	1	1	1	1	0	32
chr1	26921930	26924088	1	1	1	1	0	17
chr1	26941661	26941752	1	1	1	1	0	8
chr1	26941819	26942659	1	1	1	4	0	30
chr1	26943066	26945389	1	1	1	1	0	11
chr1	26945474	26945567	1	1	1	1	0	41
chr1	26945687	26946129	1	1	1	7	0	44
chr1	27416103	27418268	2	2	1	3	0	46
chr1	27418423	27418953	2	2	1	1	0	8
chr1	27789632	27793532	1	1	1	1	0	21
chr1	27897708	27906927	2	2	1	1	0	9
chr1	27988657	27989696	2	2	1	1	0	12
chr1	28201371	28203746	2	2	1	2	0	37
chr1	28205350	28208341	2	2	1	2	0	25
chr1	28208414	28209971	2	2	1	1	0	42
chr1	28210067	28210570	2	2	1	2	0	41
chr1	28210638	28214939	2	2	1	7	0	42
chr1	28214997	28228921	2	2	1	5	0	26
chr1	28229024	28232920	2	2	1	3	0	36
chr1	28236271	28236360	1	1	1	1	0	30
chr1	28236453	28237836	1	1	1	9	0	31
chr1	28369826	28407409	1	1	1	1	0	11
chr1	28407464	28459084	1	1	1	1	0	27
chr1	28578681	28579532	2	2	1	2	0	39
chr1	28743987	28768928	1	1	1	15	0	33
chr1	28987906	28993329	1	1	1	4	0	34
chr1	29097936	29109335	1	1	1	1	0	38
chr1	29304046	29304773	1	1	1	1	0	23
chr1	30995221	31005852	2	2	1	1	0	26
chr1	31339049	31346639	1	1	1	2	0	20
chr1	31346741	31348828	1	1	1	5	0	43
chr1	31348975	31364031	1	1	1	3	0	34
chr1	31910113	31911695	2	2	1	1	0	21
chr1	32204621	32205193	1	1	1	1	0	16
chr1	32228817	32229134	1	1	1	2	0	4
chr1	32621949	32627507	2	2	1	8	0	37
chr1	32627545	32631826	2	2	1	5	0	37
chr1	32627545	32634767	2	2	1	3	0	25
chr1	32629835	32660498	2	2	1	1	0	36
chr1	32634793	32650432	2	2	1	1	0	25
chr1	32782540	32786361	2	2	1	1	0	16
chr1	32819308	32819439	2	4	1	1	0	46
chr1	33024568	33036735	2	2	1	2	0	32
chr1	35097567	35104294	1	1	1	1	0	41
chr1	35176472	35177318	2	2	1	4	0	45
chr1	35176475	35177318	2	2	1	2	0	36
chr1	35177400	35177988	2	2	1	2	0	42
chr1	35187123	35187202	2	2	1	1	0	33
chr1	35189088	35189185	2	2	1	6	0	44
chr1	35189383	35190497	2	2	1	9	0	44
chr1	35190594	35190693	2	2	1	2	0	45
chr1	35397546	35398412	1	1	1	1	0	25
chr1	35398467	35398863	1	1	1	1	0	13
chr1	35603375	35605232	2	2	1	8	0	46
chr1	35605283	35609245	2	2	1	2	0	8
chr1	35636433	35641341	2	2	1	1	0	8
chr1	35741447	35741870	1	3	1	1	0	45
chr1	35746028	35766836	2	2	1	1	0	45
chr1	35751507	35753744	2	2	1	1	0	16
chr1	35763322	35764265	2	2	1	1	0	32
chr1	36287271	36289059	1	3	1	3	0	41
chr1	36291547	36292597	1	1	1	2	0	22
chr1	36293936	36296582	1	1	1	3	0	22
chr1	36296771	36300885	1	1	1	2	0	46
chr1	36301085	36301555	1	1	1	2	0	38
chr1	36455926	36456186	2	2	1	13	0	43
chr1	36457982	36460691	2	2	1	1	0	20
chr1	36462164	36463805	2	2	1	2	0	30
chr1	37557749	37561556	1	1	1	1	0	5
chr1	37562246	37565025	1	1	1	3	0	42
chr1	37567008	37567672	2	2	1	21	0	46
chr1	37567765	37568274	2	2	1	2	0	43
chr1	37568358	37568850	2	2	1	1	0	21
chr1	37692785	37692904	1	1	1	1	0	44
chr1	37693034	37695909	1	1	1	1	0	25
chr1	37856466	37856777	1	3	1	1	0	34
chr1	37969465	37969570	2	2	1	1	0	30
chr1	37979056	37979464	2	2	1	1	0	44
chr1	37984780	37987572	2	2	1	1	0	40
chr1	38012866	38016358	1	1	1	3	0	35
chr1	38017771	38018463	1	1	1	1	0	27
chr1	38019153	38019252	1	1	1	1	0	45
chr1	38022810	38023544	1	1	1	2	0	9
chr1	38300438	38311252	2	2	1	1	0	18
chr1	39026403	39028722	1	1	1	1	0	12
chr1	39028941	39034391	1	1	1	9	0	45
chr1	39324346	39324645	1	1	1	2	0	39
chr1	39379445	39380243	1	1	1	2	0	38
chr1	39434633	39435557	1	1	1	1	0	38
chr1	39443575	39444661	1	1	1	2	0	10
chr1	39452351	39452683	1	1	1	1	0	34
chr1	39561123	39561684	2	2	1	1	0	31
chr1	39563742	39563835	2	2	1	1	0	3
chr1	39569690	39569862	2	2	1	2	0	30
chr1	39570003	39571233	2	2	1	2	0	42
chr1	39743925	39753515	1	1	1	1	0	14
chr1	39743925	39753558	1	1	1	1	0	45
chr1	40040802	40059336	1	1	1	1	0	46
chr1	40259533	40260838	1	3	1	1	0	42
chr1	40272036	40281342	1	1	1	1	0	42
chr1	40457072	40457343	1	1	1	1	0	14
chr1	40520896	40559466	2	2	1	0	1	32
chr1	40769416	40770708	1	1	1	2	0	26
chr1	40983457	40984820	1	1	1	1	0	28
chr1	40997527	41001028	1	1	1	1	0	42
chr1	41009590	41010160	1	1	1	1	0	13
chr1	41010255	41011657	1	1	1	3	0	42
chr1	42659567	42660861	1	1	1	1	0	30
chr1	42664956	42665979	1	1	1	1	0	13
chr1	42666588	42667350	1	1	1	2	0	24
chr1	42667441	42676583	1	1	1	4	0	31
chr1	42693524	42696198	1	1	1	2	0	27
chr1	42696289	42696641	1	1	1	7	0	46
chr1	42696945	42697179	1	1	1	20	0	45
chr1	42697263	42700780	1	1	1	5	0	28
chr1	42701047	42701980	1	1	1	2	2	44
chr1	43164494	43164642	2	2	1	9	0	45
chr1	43164806	43166825	2	2	1	1	0	30
chr1	43362313	43362950	1	1	1	7	0	36
chr1	43669300	43671504	1	1	1	1	0	27
chr1	43694895	43697842	1	1	1	1	0	4
chr1	43704113	43704229	1	1	1	1	0	46
chr1	43966783	43966929	1	1	1	1	0	33
chr1	43967497	43967585	1	1	1	1	0	9
chr1	44220310	44220558	1	1	1	2	0	29
chr1	44766950	44767096	1	1	1	1	0	30
chr1	44775601	44776033	1	1	1	2	0	32
chr1	44776141	44776674	1	1	1	7	0	30
chr1	44776775	44777613	1	1	1	10	0	41
chr1	44777790	44777999	1	1	1	27	3	38
chr1	44778130	44778575	1	1	1	162	0	46
chr1	44844532	44845756	1	3	1	1	0	26
chr1	44851004	44857703	2	2	1	3	0	45
chr1	44857808	44874677	2	2	1	1	0	20
chr1	44897445	44926627	2	2	1	1	0	43
chr1	45015007	45015336	1	1	1	2	0	25
chr1	45036443	45036474	2	4	1	1	0	37
chr1	45511415	45514506	2	2	1	16	0	37
chr1	45515808	45518937	2	2	1	3	0	26
chr1	45566689	45566868	1	1	1	1	0	12
chr1	45569000	45569142	1	1	1	4	0	38
chr1	45569230	45569890	1	1	1	10	0	45
chr1	45602366	45604935	1	1	1	4	0	20
chr1	45605017	45606481	1	1	1	4	0	39
chr1	45606592	45607320	1	1	1	1	0	12
chr1	45608338	45613168	1	1	1	2	0	14
chr1	45613249	45614095	1	1	1	1	0	39
chr1	45614182	45614292	1	1	1	2	0	15
chr1	45614367	45615012	1	1	1	1	0	26
chr1	45615202	45615304	1	1	1	5	0	46
chr1	45615472	45616336	1	1	1	2	0	26
chr1	45616394	45616625	1	1	1	2	0	30
chr1	45616704	45617462	1	1	1	2	0	44
chr1	45616704	45618060	1	1	1	1	0	3
chr1	45617592	45618060	1	1	1	49	0	45
chr1	45629679	45630481	2	2	1	1	0	24
chr1	46055972	46061928	2	2	1	1	0	9
chr1	46310317	46316551	1	1	1	15	0	44
chr1	46632857	46635896	2	2	1	1	0	26
chr1	47304997	47310275	2	2	1	2	0	30
chr1	50491802	50535368	2	2	1	1	0	19
chr1	51358847	51359214	1	3	1	1	0	22
chr1	51714080	51745535	1	1	1	1	0	44
chr1	51785887	51786525	1	1	1	1	0	15
chr1	51789434	51789567	2	2	1	4	0	27
chr1	51814814	51816311	2	4	1	3	0	34
chr1	51840515	51878274	2	2	1	1	0	20
chr1	52039086	52041536	2	2	1	1	0	28
chr1	52041598	52054999	2	2	1	1	0	3
chr1	52340232	52344767	1	1	1	1	0	12
chr1	52408691	52411114	1	1	1	1	0	19
chr1	52411201	52412513	1	1	1	1	0	20
chr1	52438336	52445786	2	2	1	1	0	31
chr1	52445870	52445956	2	2	1	1	0	43
chr1	52465174	52468180	2	2	1	1	0	22
chr1	52472103	52474831	2	2	1	1	0	36
chr1	52475536	52477707	2	2	1	1	0	13
chr1	52477883	52481422	2	2	1	3	0	36
chr1	52490802	52493610	2	2	1	1	0	35
chr1	52692868	52698220	2	2	1	1	0	20
chr1	53227145	53228871	2	2	1	9	0	39
chr1	53228955	53233541	2	2	1	1	0	5
chr1	53228955	53235576	2	2	1	2	0	30
chr1	53235636	53238360	2	2	1	2	0	3
chr1	53255186	53257239	2	2	1	3	0	31
chr1	53768034	53772328	2	2	1	1	0	41
chr1	53921768	53923903	2	2	1	4	0	35
chr1	54136484	54137501	1	1	1	1	0	41
chr1	54212632	54218306	2	4	1	1	0	24
chr1	54216345	54218171	1	1	1	4	0	45
chr1	54239200	54240904	2	2	1	1	0	37
chr1	54716020	54716599	1	1	1	1	0	4
chr1	54721241	54722674	1	1	1	1	0	32
chr1	55023012	55028222	2	2	1	0	3	46
chr1	55094088	55095254	2	2	1	1	0	12
chr1	58506210	58522826	2	2	1	1	0	15
chr1	58677057	58681784	2	2	1	2	0	17
chr1	58695208	58699984	2	2	1	3	0	33
chr1	59847186	59848314	1	1	1	1	0	41
chr1	61901460	61908371	1	1	1	2	0	33
chr1	62116680	62117131	1	1	1	1	0	32
chr1	62196529	62206518	1	1	1	5	0	44
chr1	62209973	62210002	0	0	1	4	0	42
chr1	62443320	62444737	1	1	1	3	0	19
chr1	62476157	62477699	2	2	1	1	0	20
chr1	62477835	62488933	2	2	1	1	0	42
chr1	62559221	62561616	2	2	1	1	0	38
chr1	63321191	63321366	2	4	1	1	0	7
chr1	63404542	63406316	1	1	1	1	0	41
chr1	64634261	64641819	1	1	1	1	0	30
chr1	64648035	64652160	1	1	1	1	0	8
chr1	64671687	64673157	1	1	1	2	0	10
chr1	64839796	64841244	2	2	1	2	0	13
chr1	65224871	65226062	1	1	1	0	1	39
chr1	66332621	66355526	1	1	1	1	0	16
chr1	67413264	67415165	2	2	1	24	0	42
chr1	67415340	67420008	2	2	1	4	2	33
chr1	67420187	67424199	2	2	1	0	1	36
chr1	67423235	67505039	1	1	1	0	2	42
chr1	67424278	67424887	2	2	1	2	0	26
chr1	67424323	67424887	2	2	1	1	0	13
chr1	67424960	67425082	2	2	1	1	0	4
chr1	67424978	67425082	2	2	1	3	0	38
chr1	67426286	67429987	2	2	1	4	0	36
chr1	68477973	68479143	2	2	1	2	0	31
chr1	68479321	68481439	2	2	1	1	0	8
chr1	68489609	68494429	2	2	1	2	0	43
chr1	70234789	70235500	1	1	1	1	0	36
chr1	70235551	70237424	1	1	1	3	0	40
chr1	70237553	70239438	1	1	1	1	0	12
chr1	70239521	70244683	1	1	1	7	0	43
chr1	70244816	70246817	1	1	1	1	0	13
chr1	70246908	70249951	1	1	1	4	0	43
chr1	70250048	70250364	1	1	1	7	0	41
chr1	70250504	70250579	1	1	1	1	0	41
chr1	70250504	70250607	1	1	1	1	0	13
chr1	71065138	71066775	2	2	1	1	0	6
chr1	71065753	71066775	2	2	1	4	0	41
chr1	71066935	71069275	2	2	1	1	0	23
chr1	71069363	71070826	2	2	1	1	0	22
chr1	71070997	71072120	2	2	1	2	0	23
chr1	71072256	71072471	2	2	1	3	0	9
chr1	71072549	71076794	2	2	1	3	0	43
chr1	71076878	71078456	2	2	1	9	0	45
chr1	71078566	71078655	2	2	1	1	0	43
chr1	74748823	74752291	1	1	1	1	0	20
chr1	74752426	74763893	1	1	1	1	0	18
chr1	75761371	75762691	1	1	1	1	0	42
chr1	77122360	77154448	2	2	1	1	0	9
chr1	77282374	77286940	1	1	1	1	0	11
chr1	77711856	77713199	2	2	1	2	0	43
chr1	77783352	77801330	1	1	1	1	0	33
chr1	77888760	77916054	1	1	1	1	0	9
chr1	77948775	77949154	2	2	1	1	0	28
chr1	77955330	77956571	2	2	1	2	0	26
chr1	77962931	77963573	2	4	1	1	0	22
chr1	77963716	77964061	2	2	1	1	0	14
chr1	77964748	77964869	2	2	1	7	0	40
chr1	77964969	77965068	2	2	1	1	0	45
chr1	77970016	77978884	2	2	1	1	0	21
chr1	81969388	81970313	1	1	1	1	0	38
chr1	84495456	84495881	1	1	1	1	0	36
chr1	84496371	84497428	1	1	1	1	0	7
chr1	84498549	84501825	2	2	1	5	0	39
chr1	84662531	84664416	2	2	1	2	0	46
chr1	84664553	84666121	2	2	1	1	0	21
chr1	85582625	85582739	1	1	1	1	0	12
chr1	86358892	86360425	2	2	1	1	0	41
chr1	86372541	86376232	2	2	1	2	0	23
chr1	86719636	86722539	1	1	1	1	0	19
chr1	86863606	86868052	2	2	1	1	0	46
chr1	88684629	88740987	1	1	1	5	0	46
chr1	88824387	88828480	1	1	1	1	0	16
chr1	88921239	88924358	2	2	1	1	0	44
chr1	88936246	88943004	2	2	1	1	0	26
chr1	88968815	88969408	2	2	1	1	0	41
chr1	90007751	90010087	1	1	1	2	0	26
chr1	90020923	90022249	1	1	1	1	0	46
chr1	90938091	90938271	2	2	1	3	0	29
chr1	92246647	92247061	2	2	1	6	0	40
chr1	92266742	92267912	2	2	1	1	0	9
chr1	92704745	92784835	2	2	1	1	0	30
chr1	92832118	92833388	1	1	1	1	0	14
chr1	92833459	92833544	1	1	1	1	0	9
chr1	92834914	92836189	1	1	1	2	0	27
chr1	92836393	92837455	1	1	1	10	0	34
chr1	92837634	92840550	1	1	1	7	23	46
chr1	92840640	92841765	1	1	1	182	0	46
chr1	92847360	92850847	2	2	1	1	0	6
chr1	93120673	93127231	1	1	1	1	0	46
chr1	93133809	93133927	1	1	1	1	0	8
chr1	93193745	93201891	1	1	1	1	0	30
chr1	93246955	93254470	1	1	1	1	0	27
chr1	93256539	93258747	1	1	1	1	0	37
chr1	93264902	93278462	1	1	1	1	0	14
chr1	93270815	93278462	1	1	1	1	0	39
chr1	93346866	93353899	2	6	1	1	0	16
chr1	93524324	93529651	1	1	1	1	0	24
chr1	93869945	93870682	2	2	1	11	0	43
chr1	93870793	93872071	2	2	1	2	0	19
chr1	93873215	93875644	2	2	1	1	0	34
chr1	93875784	93876267	2	2	1	1	0	5
chr1	94901786	94902120	2	2	1	1	0	28
chr1	94902259	94903121	2	2	1	2	0	40
chr1	94903525	94926837	2	2	1	1	0	40
chr1	100106994	100107373	2	2	1	1	0	19
chr1	100107554	100107627	2	2	1	2	0	42
chr1	100108005	100110291	2	2	1	1	0	35
chr1	100120460	100121377	2	2	1	1	0	35
chr1	100265918	100266003	2	2	1	1	0	20
chr1	103526263	103527694	1	1	1	2	0	34
chr1	103527743	103533738	1	1	1	2	0	10
chr1	104332968	104375750	1	1	1	1	0	30
chr1	107760880	107765075	2	2	1	1	0	18
chr1	108782707	108793581	1	1	1	1	0	39
chr1	108932502	108934624	2	2	1	1	0	31
chr1	108950449	108963360	2	2	1	1	0	37
chr1	109314058	109314260	2	2	1	1	0	7
chr1	109317970	109322931	2	2	1	1	0	7
chr1	109402091	109409927	2	2	1	3	0	41
chr1	109410015	109411010	2	2	1	2	0	25
chr1	109574038	109579203	1	1	1	1	0	38
chr1	109592256	109592344	1	1	1	1	0	30
chr1	109596399	109597359	1	3	1	1	0	20
chr1	110017584	110017945	1	1	1	1	0	34
chr1	110401584	110403918	2	2	1	2	0	32
chr1	111118898	111119876	2	2	1	1	0	15
chr1	111182958	111183461	1	1	1	1	0	10
chr1	111441390	111442024	2	2	1	2	0	44
chr1	111442094	111442652	2	2	1	1	0	15
chr1	111709265	111712430	1	1	1	1	0	31
chr1	112611004	112616812	2	2	1	1	0	22
chr1	112659102	112659700	1	1	1	1	0	11
chr1	112876985	112877729	1	1	1	2	0	44
chr1	112914166	112917177	2	2	1	4	0	45
chr1	112960576	112963971	1	1	1	1	0	40
chr1	112991074	112995819	1	3	1	1	0	19
chr1	113073646	113091317	1	1	1	1	0	38
chr1	113706723	113710253	2	2	1	1	0	25
chr1	113713439	113724758	2	2	1	1	0	6
chr1	113726575	113738109	2	2	1	2	0	43
chr1	113941460	113952765	1	3	1	2	0	42
chr1	114397861	114397939	2	2	1	1	0	21
chr1	114399610	114401388	2	2	1	1	0	9
chr1	114401464	114402759	2	2	1	2	0	44
chr1	114718217	114718612	2	2	1	11	0	44
chr1	114718746	114719578	2	2	1	2	0	28
chr1	114774373	114776345	2	2	1	1	0	8
chr1	114779285	114780109	2	2	1	2	0	44
chr1	115685528	115691118	1	1	1	0	1	3
chr1	116389020	116389438	1	1	1	1	0	28
chr1	116401656	116403883	1	1	1	1	0	26
chr1	116403976	116404415	1	1	1	1	0	15
chr1	117078044	117079567	1	1	1	1	0	28
chr1	117368486	117402185	1	1	1	2	1	42
chr1	117899217	117906505	2	2	1	1	0	12
chr1	117939573	117940826	1	1	1	1	0	30
chr1	117941226	117941749	1	1	1	1	0	43
chr1	119699785	119744136	2	2	1	1	0	20
chr1	119741898	119742806	1	1	1	1	0	32
chr1	119743045	119743885	1	1	1	2	0	13
chr1	119918554	119919311	2	2	1	1	0	32
chr1	120538405	120538570	2	2	1	0	1	29
chr1	120832984	120833602	1	1	1	0	1	18
chr1	121365356	121373970	1	1	1	0	2	32
chr1	123911207	123911886	2	2	1	0	1	38
chr1	124079454	124106983	2	2	1	0	1	38
chr1	143204518	143205790	2	2	1	0	3	34
chr1	143204518	143210848	2	2	1	0	2	34
chr1	144045810	144054437	1	1	1	0	2	32
chr1	144906075	144914691	2	2	1	0	2	32
chr1	145296511	145297138	2	2	1	0	1	18
chr1	145317151	145317780	2	2	1	0	1	18
chr1	145321913	145322542	2	2	1	0	1	18
chr1	145345694	145346321	2	2	1	0	1	18
chr1	145350464	145351093	2	2	1	0	1	18
chr1	145355228	145355855	2	2	1	0	1	18
chr1	145378987	145379616	2	2	1	0	1	18
chr1	145388491	145389120	2	2	1	0	1	18
chr1	145618424	145623053	1	1	1	0	2	35
chr1	145663425	145665561	1	1	1	0	1	21
chr1	145866662	145867310	1	1	1	1	0	21
chr1	145925928	145926040	2	2	1	14	0	25
chr1	145995292	145995403	2	2	1	1	0	39
chr1	146069716	146070323	2	2	1	0	1	18
chr1	146074444	146075045	2	2	1	0	1	18
chr1	146079180	146079781	2	2	1	0	1	18
chr1	146083910	146084517	2	2	1	0	1	18
chr1	146088637	146089238	2	2	1	0	1	18
chr1	146093355	146093956	2	2	1	0	1	18
chr1	146098077	146098678	2	2	1	0	1	18
chr1	146102799	146103400	2	2	1	0	1	18
chr1	146107517	146108118	2	2	1	0	1	18
chr1	146121671	146122282	2	2	1	0	1	18
chr1	146975892	146976928	1	1	1	0	1	24
chr1	147287734	147291481	1	1	1	1	0	23
chr1	147938818	147943437	1	1	1	0	2	35
chr1	147986295	147988431	1	1	1	0	1	21
chr1	148116536	148117571	2	2	1	0	1	24
chr1	148536397	148537010	2	2	1	0	1	18
chr1	148541123	148541730	2	2	1	0	1	18
chr1	148545837	148546444	2	2	1	0	1	18
chr1	148550545	148551152	2	2	1	0	1	18
chr1	148555253	148555866	2	2	1	0	1	18
chr1	148564712	148565319	2	2	1	0	1	18
chr1	148569428	148570041	2	2	1	0	1	18
chr1	148569428	148573229	2	2	1	0	1	18
chr1	148972345	148972510	1	1	1	0	1	29
chr1	149492135	149492767	1	1	1	0	1	18
chr1	149496898	149497524	1	1	1	0	1	18
chr1	149501653	149502285	1	1	1	0	1	18
chr1	149506414	149507046	1	1	1	0	1	18
chr1	149511175	149511807	1	1	1	0	1	18
chr1	149515931	149516563	1	1	1	0	1	18
chr1	149520684	149521318	1	1	1	0	1	18
chr1	149525441	149526069	1	1	1	0	1	18
chr1	149530170	149530798	1	1	1	0	1	18
chr1	149534921	149535553	1	1	1	0	1	18
chr1	149539672	149540300	1	1	1	0	1	18
chr1	149544409	149545037	1	1	1	0	1	18
chr1	149549146	149549774	1	1	1	0	1	18
chr1	150150288	150150911	1	1	1	2	0	22
chr1	150157016	150157384	1	1	1	1	0	40
chr1	150226796	150229071	2	2	1	1	0	22
chr1	150229238	150230570	2	2	1	2	0	32
chr1	150267479	150267715	2	2	1	1	0	38
chr1	150275800	150276521	1	1	1	1	0	28
chr1	150276633	150279642	1	1	1	1	0	33
chr1	150276633	150280834	1	1	1	3	0	41
chr1	150279742	150280834	1	1	1	3	0	35
chr1	150338327	150340397	1	1	1	1	0	37
chr1	150627593	150629413	2	2	1	1	0	17
chr1	151168339	151168985	1	1	1	2	0	18
chr1	151266113	151266307	1	1	1	2	0	21
chr1	151266122	151266307	1	1	1	1	0	14
chr1	151266416	151267381	0	0	1	3	0	34
chr1	151399728	151399980	1	1	1	1	0	10
chr1	151400846	151401238	1	1	1	1	0	19
chr1	151401356	151401541	1	1	1	18	0	32
chr1	151401631	151401816	1	1	1	38	0	45
chr1	151693040	151693423	1	1	1	2	0	17
chr1	151693484	151694369	1	1	1	4	0	43
chr1	151760182	151760815	2	2	1	1	0	23
chr1	152032824	152033647	2	2	1	2	0	16
chr1	153643365	153644933	1	1	1	1	0	26
chr1	153662557	153662704	2	2	1	3	0	15
chr1	153662796	153663018	2	2	1	1	0	17
chr1	153663134	153663214	2	2	1	1	0	35
chr1	153665729	153667554	2	2	1	1	0	16
chr1	153758771	153759089	2	4	1	1	0	29
chr1	153910051	153910675	1	1	1	1	0	27
chr1	153982177	153982390	2	2	1	1	0	8
chr1	153990803	153991114	1	1	1	7	0	35
chr1	153991224	153991565	1	1	1	86	1	45
chr1	153991677	153992064	1	1	1	195	4	46
chr1	154170712	154172028	2	2	1	2	1	40
chr1	154172105	154172907	2	2	1	8	0	45
chr1	154172979	154173083	2	2	1	6	0	43
chr1	154173202	154176114	2	2	1	1	0	14
chr1	154176249	154182987	2	2	1	2	0	43
chr1	154227360	154228614	1	1	1	1	0	15
chr1	154272777	154273335	1	1	1	1	0	11
chr1	154273962	154274949	1	1	1	1	0	7
chr1	154275484	154275615	1	1	1	2	0	21
chr1	154553173	154554734	2	2	1	1	0	23
chr1	154554786	154555427	2	2	1	1	0	18
chr1	154598586	154601040	2	2	1	1	0	6
chr1	154925266	154926353	2	2	1	1	0	11
chr1	155169561	155169790	2	2	1	9	0	44
chr1	155169858	155172564	2	2	1	1	0	7
chr1	155318292	155318664	1	1	1	1	0	35
chr1	155318754	155318855	1	1	1	1	0	37
chr1	155318929	155319610	1	1	1	2	0	30
chr1	155319929	155320408	1	1	1	8	0	43
chr1	155352859	155354472	2	2	1	1	0	42
chr1	155482450	155521099	2	2	1	1	0	25
chr1	155521619	155562152	2	2	1	1	0	44
chr1	155731416	155731943	1	1	1	1	0	39
chr1	155822477	155826836	2	2	1	2	0	26
chr1	155827029	155853275	2	2	1	1	0	42
chr1	156058068	156058314	1	1	1	3	0	8
chr1	156137233	156137653	1	1	1	1	0	45
chr1	156309304	156310557	2	2	1	1	0	17
chr1	156310690	156310949	2	2	1	1	0	17
chr1	156312222	156317165	2	2	1	1	0	20
chr1	156319018	156320838	2	2	1	1	0	4
chr1	156321026	156324971	2	2	1	3	0	32
chr1	156593556	156593881	1	1	1	1	0	28
chr1	156737535	156737645	2	2	1	4	0	36
chr1	156743879	156744162	2	2	1	1	0	46
chr1	156797342	156800373	1	1	1	1	0	42
chr1	157134228	157135470	2	2	1	1	0	26
chr1	160213266	160213421	1	1	1	1	0	24
chr1	160357254	160358148	1	1	1	1	0	19
chr1	161038076	161038550	2	2	1	1	0	9
chr1	161102376	161117951	2	2	1	2	0	41
chr1	161120233	161120498	1	1	1	1	0	5
chr1	161170770	161170906	1	1	1	1	0	11
chr1	161170950	161171033	1	1	1	2	0	38
chr1	161210189	161210303	1	1	1	1	0	41
chr1	161213922	161214155	1	1	1	1	0	43
chr1	161750146	161751654	1	1	1	1	0	12
chr1	161851836	161853223	1	1	1	1	0	21
chr1	162154477	162287343	1	1	1	1	0	26
chr1	162592783	162597791	1	1	1	1	0	40
chr1	163339478	163340363	1	1	1	3	0	22
chr1	165652036	165654278	1	1	1	1	0	32
chr1	165667451	165668925	2	2	1	1	0	17
chr1	165759585	165768191	2	2	1	1	0	42
chr1	165768270	165768681	2	2	1	1	0	43
chr1	167398134	167399185	1	1	1	1	0	39
chr1	167776167	167787819	1	1	1	1	0	6
chr1	168068464	168075370	1	1	1	2	0	38
chr1	168184082	168184778	1	1	1	2	0	23
chr1	169419160	169421362	2	2	1	1	0	7
chr1	171512201	171512994	1	1	1	1	0	29
chr1	171512201	171513000	1	1	1	2	0	26
chr1	171513173	171514535	1	1	1	10	0	40
chr1	171514646	171515733	1	1	1	4	0	41
chr1	171517815	171522176	1	1	1	1	0	18
chr1	171522260	171523220	1	1	1	2	0	36
chr1	171523355	171523434	1	1	1	3	0	41
chr1	171524966	171527790	1	1	1	2	0	18
chr1	171527845	171532342	1	1	1	5	0	41
chr1	171542230	171545478	1	1	1	4	0	43
chr1	171561104	171566232	1	1	1	2	0	34
chr1	171566422	171566591	1	1	1	2	0	31
chr1	171709745	171710713	2	2	1	2	0	12
chr1	172557418	172557643	1	1	1	1	0	11
chr1	172557795	172569018	1	1	1	1	0	32
chr1	172570172	172570662	1	1	1	1	0	46
chr1	173822820	173865228	2	2	1	0	1	21
chr1	173850688	173865228	2	2	1	0	1	21
chr1	173864076	173864256	2	2	1	15	0	45
chr1	173864305	173864483	2	2	1	9	0	24
chr1	173864503	173864674	2	2	1	1	0	3
chr1	173864507	173864674	2	2	1	5	0	23
chr1	173864705	173865228	2	2	1	3	0	24
chr1	173865283	173865470	2	2	1	1	0	40
chr1	173865283	173865509	2	2	1	2	0	33
chr1	173943616	173946475	2	2	1	1	0	12
chr1	174978891	174982833	1	1	1	1	0	23
chr1	175000196	175004613	1	1	1	1	0	34
chr1	175007198	175008608	1	1	1	1	2	43
chr1	175008707	175009922	1	1	1	1	1	34
chr1	178456900	178457682	1	1	1	2	0	4
chr1	178776822	178784417	1	1	1	1	0	37
chr1	180022849	180024418	1	1	1	1	0	46
chr1	180078675	180080516	1	1	1	1	0	12
chr1	180080662	180084017	1	1	1	1	0	11
chr1	180288518	180314691	2	2	1	3	0	29
chr1	180492366	180495460	2	2	1	3	0	39
chr1	182853419	182854029	1	1	1	1	0	41
chr1	182860185	182866443	1	1	1	1	0	18
chr1	182876264	182876446	1	1	1	1	0	28
chr1	182883636	182884612	1	1	1	1	0	17
chr1	183134810	183135041	1	1	1	1	0	15
chr1	183136586	183137668	1	1	1	1	0	40
chr1	183137828	183140403	1	1	1	1	0	7
chr1	183627595	183630460	2	2	1	1	0	8
chr1	184054864	184095689	1	1	1	2	0	40
chr1	185123920	185124943	2	2	1	1	0	10
chr1	185299884	185299998	2	2	1	1	0	37
chr1	185307140	185307488	2	2	1	1	0	15
chr1	185309173	185309382	2	2	1	1	0	10
chr1	186314027	186314628	2	2	1	1	0	6
chr1	186322413	186322517	2	2	1	1	0	5
chr1	186332344	186333121	2	2	1	1	0	37
chr1	186336695	186337012	2	2	1	3	0	35
chr1	186338244	186339641	2	2	1	1	0	8
chr1	186343474	186343905	2	2	1	2	0	28
chr1	186344091	186344374	2	2	1	1	0	37
chr1	186346288	186347291	2	2	1	1	0	3
chr1	186355559	186355634	2	2	1	1	0	7
chr1	186355769	186356285	2	2	1	1	0	7
chr1	186358651	186359798	2	2	1	1	0	7
chr1	186359997	186360272	2	2	1	2	0	36
chr1	186361710	186361788	2	2	1	3	0	43
chr1	186363002	186363341	2	4	1	1	0	28
chr1	186367983	186370969	2	2	1	1	0	45
chr1	186371044	186373358	2	2	1	1	0	44
chr1	186373464	186374877	2	2	1	3	0	32
chr1	193021196	193022925	2	2	1	1	0	23
chr1	193023037	193023843	2	2	1	1	0	17
chr1	193076041	193076500	1	1	1	1	0	20
chr1	193082300	193082561	1	1	1	1	0	35
chr1	193082709	193084578	1	1	1	1	0	3
chr1	193096760	193097583	2	2	1	1	0	10
chr1	193142067	193147866	1	1	1	2	0	41
chr1	193147966	193150303	1	1	1	2	0	24
chr1	193212478	193232992	1	1	1	1	0	13
chr1	197084427	197086802	2	2	1	2	0	39
chr1	197086973	197088255	2	2	1	2	0	17
chr1	197117984	197121914	2	2	1	4	0	45
chr1	197122044	197122158	2	2	1	1	0	20
chr1	200411963	200415364	1	1	1	1	0	45
chr1	200590273	200592079	2	2	1	2	0	44
chr1	200592241	200593666	2	2	1	1	0	12
chr1	200600504	200601895	2	2	1	1	0	12
chr1	200608929	200615354	2	2	1	1	0	43
chr1	200852678	200853274	1	1	1	1	0	21
chr1	201143952	201146739	2	2	1	1	0	37
chr1	201359256	201359622	2	2	1	2	0	37
chr1	201359664	201361278	2	2	1	1	0	14
chr1	201781310	201782175	1	1	1	2	0	34
chr1	201963745	201965432	1	1	1	1	0	14
chr1	202496823	202558876	1	1	1	1	0	9
chr1	202558894	202562777	1	1	1	1	0	17
chr1	202730028	202730908	2	2	1	1	0	10
chr1	202735588	202736212	2	2	1	1	0	38
chr1	202764146	202766925	2	2	1	3	0	46
chr1	202918389	202919754	2	2	1	2	0	34
chr1	203007575	203007773	1	1	1	1	0	17
chr1	203007864	203008642	1	1	1	3	0	42
chr1	203015049	203015959	1	1	1	1	0	21
chr1	203018562	203020792	1	1	1	0	1	31
chr1	203829655	203829779	1	1	1	1	0	23
chr1	203862223	203863662	1	1	1	1	0	24
chr1	203863726	203865040	1	1	1	3	1	40
chr1	203865120	203869876	1	1	1	14	10	41
chr1	204104900	204106074	2	2	1	1	0	27
chr1	204117708	204121899	1	1	1	1	0	4
chr1	204131172	204131632	1	1	1	0	1	3
chr1	205099813	205099910	2	2	1	1	0	13
chr1	205718480	205719526	2	2	1	7	0	43
chr1	205719674	205720500	2	2	1	10	0	39
chr1	205719677	205720500	2	2	1	19	0	46
chr1	205720654	205723925	2	2	1	14	0	44
chr1	205723982	205727699	2	2	1	8	0	34
chr1	205727806	205729571	2	2	1	5	0	38
chr1	205729622	205749956	2	2	1	3	0	15
chr1	206187374	206195751	2	2	1	1	0	29
chr1	206731726	206731838	1	1	1	1	0	17
chr1	207757203	207757539	1	1	1	1	0	35
chr1	207757643	207759638	1	1	1	1	0	36
chr1	209801417	209801971	2	2	1	2	0	37
chr1	211391977	211396766	1	1	1	1	0	12
chr1	212812329	212815012	1	1	1	1	0	34
chr1	212889258	212894985	1	1	1	1	0	5
chr1	212895054	212895215	1	1	1	3	0	32
chr1	212914442	212914472	2	2	1	0	2	43
chr1	212965779	212966270	1	1	1	1	0	44
chr1	214376438	214377958	2	2	1	1	0	34
chr1	214603322	214613713	1	1	1	4	0	38
chr1	214613917	214614831	1	1	1	2	0	35
chr1	214615029	214618572	1	1	1	6	0	41
chr1	214620947	214622078	1	1	1	2	0	39
chr1	214622282	214629045	1	1	1	4	0	26
chr1	214632603	214637865	1	1	1	1	0	18
chr1	214638002	214639920	1	1	1	1	0	42
chr1	214651887	214652827	1	1	1	3	0	42
chr1	214652990	214655240	1	1	1	2	0	42
chr1	214655404	214656932	1	1	1	4	0	28
chr1	215580000	215586494	1	1	1	1	0	19
chr1	218305126	218307430	1	1	1	1	0	7
chr1	219969123	219972068	2	2	1	2	0	42
chr1	219980241	219980755	2	2	1	4	0	10
chr1	219987405	219988589	2	2	1	9	1	44
chr1	220025259	220030385	2	2	1	1	0	22
chr1	220096227	220100489	1	1	1	2	0	26
chr1	220139140	220140182	1	1	1	1	0	41
chr1	220190147	220190376	2	2	1	1	0	34
chr1	221971079	221973665	0	0	1	0	3	39
chr1	222648851	222650291	1	1	1	1	0	8
chr1	222659658	222659733	1	1	1	1	0	23
chr1	222703218	222712207	2	2	1	0	1	30
chr1	223755650	223775699	1	1	1	1	0	18
chr1	224356994	224364108	1	1	1	1	0	43
chr1	224360564	224365878	1	1	1	1	0	41
chr1	224371424	224375794	1	1	1	34	0	43
chr1	224398594	224398888	2	2	1	1	0	21
chr1	224967584	224967679	1	1	1	2	0	39
chr1	225419799	225422076	2	2	1	2	0	15
chr1	225501071	225504990	2	2	1	2	0	28
chr1	225505054	225507950	2	2	1	3	0	33
chr1	225508018	225511810	2	2	1	1	0	22
chr1	225512715	225512870	2	2	1	1	0	13
chr1	225513017	225514595	2	2	1	5	0	45
chr1	225514664	225517195	2	2	1	3	0	36
chr1	225530639	225554905	2	2	1	4	0	42
chr1	225844624	225845145	1	1	1	1	0	12
chr1	226062812	226064328	1	1	1	0	2	3
chr1	226064480	226065655	1	1	1	0	1	10
chr1	226065810	226071350	1	1	1	0	40	44
chr1	226087054	226089489	1	1	1	1	0	3
chr1	226164930	226165858	2	2	1	2	0	32
chr1	226365155	226365953	2	2	1	1	0	45
chr1	226386443	226388655	2	2	1	2	0	5
chr1	226388756	226390409	2	2	1	4	1	19
chr1	226390625	226392198	2	2	1	1	0	6
chr1	227081018	227091885	2	2	1	1	0	31
chr1	227101240	227112311	2	2	1	2	0	11
chr1	227112423	227112670	2	2	1	2	0	46
chr1	227129232	227139575	2	2	1	3	0	29
chr1	227139743	227142944	2	2	1	3	0	37
chr1	227732677	227732880	2	2	1	1	0	16
chr1	228097716	228097851	1	1	1	1	0	11
chr1	228101474	228102079	2	2	1	1	0	16
chr1	228102166	228102309	2	2	1	3	0	35
chr1	228106919	228107667	2	2	1	1	0	10
chr1	228147545	228147614	1	1	1	1	0	30
chr1	228148457	228148664	1	1	1	0	1	3
chr1	228148540	228148664	1	1	1	0	1	3
chr1	229299073	229302861	1	1	1	1	0	16
chr1	229302990	229303805	1	1	1	3	0	39
chr1	229450606	229452524	2	2	1	1	0	7
chr1	229458297	229460610	2	2	1	1	0	30
chr1	229460770	229463542	2	2	1	1	0	23
chr1	230988440	230990109	1	1	1	1	0	15
chr1	231527416	231528419	2	2	1	1	0	17
chr1	232970119	232978162	1	1	1	1	0	27
chr1	233376067	233376429	1	1	1	1	0	19
chr1	235112109	235113767	2	2	1	2	0	35
chr1	235113911	235119817	2	2	1	0	1	7
chr1	235131998	235135651	2	2	1	2	0	20
chr1	235152766	235154880	2	2	1	2	0	46
chr1	235155113	235160510	2	2	1	1	0	9
chr1	235160648	235160892	2	2	1	3	0	24
chr1	235196116	235213768	2	2	1	2	0	37
chr1	235219969	235220301	2	2	1	1	0	16
chr1	235220546	235221564	2	2	1	2	0	37
chr1	235221663	235223165	2	2	1	2	0	36
chr1	235229386	235231112	2	2	1	1	0	39
chr1	235231190	235234412	2	2	1	2	0	32
chr1	235234493	235240312	2	2	1	1	0	5
chr1	235252810	235255659	2	2	1	1	0	40
chr1	235353943	235397117	1	3	1	1	0	44
chr1	235448441	235448669	1	1	1	1	0	16
chr1	235458787	235465635	2	2	1	1	0	26
chr1	236556259	236557194	2	2	1	1	0	41
chr1	236557346	236558236	2	2	1	1	0	38
chr1	236574334	236574660	2	2	1	2	0	24
chr1	236585217	236585819	2	2	1	1	0	23
chr1	236861278	236862235	1	1	1	3	0	29
chr1	241497971	241500436	2	2	1	7	0	36
chr1	241879344	241881915	1	1	1	1	0	44
chr1	243128301	243129359	2	2	1	1	0	21
chr1	243225322	243255039	2	2	1	1	0	23
chr1	244420297	244422834	2	2	1	1	0	26
chr1	244653356	244686596	1	1	1	2	0	23
chr1	244835757	244841943	1	1	1	0	1	22
chr1	244842259	244843040	1	1	1	0	1	37
chr1	244854504	244854972	2	2	1	6	0	36
chr1	244855045	244855423	2	2	1	5	0	44
chr1	244855609	244855903	2	4	1	1	0	17
chr1	244856159	244856456	2	4	1	10	0	42
chr1	244856626	244856727	2	2	1	5	0	28
chr1	244856857	244857597	2	2	1	4	0	43
chr1	244857718	244858010	2	2	1	1	0	8
chr1	244859375	244860334	2	2	1	1	0	46
chr1	245082163	245083441	1	1	1	1	0	29
chr1	245858671	245863798	2	2	1	2	0	16
chr1	246843929	246849614	2	2	1	1	0	10
chr1	246967793	246988120	2	2	1	1	0	16
chr1	247101320	247101730	2	2	1	1	0	17
chr1	247101792	247101986	2	2	1	1	0	14
chr2	265008	271865	1	1	1	1	0	37
chr2	271940	272036	1	1	1	1	0	35
chr2	271940	272191	1	1	1	1	0	36
chr2	669676	669756	2	2	1	1	0	18
chr2	672863	675509	2	2	1	1	0	42
chr2	949802	949910	2	2	1	1	0	3
chr2	1692000	1693062	2	2	1	2	0	13
chr2	1693135	1744255	2	2	1	2	0	7
chr2	3575685	3575816	1	1	1	11	0	36
chr2	3575889	3576486	1	1	1	32	0	45
chr2	3576631	3577709	1	1	1	3	15	46
chr2	3577775	3580109	1	1	1	53	7	46
chr2	3580261	3580804	1	1	1	671	4	46
chr2	8800499	8802929	2	2	1	1	0	40
chr2	8860765	8864169	2	2	1	1	0	17
chr2	9297446	9318523	1	1	1	1	0	20
chr2	9297446	9320287	1	1	1	1	0	13
chr2	9350896	9356046	1	1	1	1	0	8
chr2	9423824	9428764	1	1	1	1	0	27
chr2	9453022	9455658	1	1	1	1	0	39
chr2	9471440	9472915	1	1	1	3	0	29
chr2	9526245	9527785	2	2	1	1	0	11
chr2	9587510	9588164	2	2	1	1	0	13
chr2	9591516	9630158	2	2	1	1	0	35
chr2	9851639	9854325	1	1	1	1	0	38
chr2	9876019	9879520	1	1	1	1	0	12
chr2	9905007	9910735	1	1	1	1	0	41
chr2	9919821	9933782	1	1	1	2	0	40
chr2	10123853	10124716	1	1	1	1	0	16
chr2	10441930	10442011	2	2	1	1	0	16
chr2	10443314	10443489	2	2	1	1	0	33
chr2	10589752	10600852	2	2	1	1	0	45
chr2	10600943	10602775	2	2	1	1	0	39
chr2	10602875	10603077	2	2	1	1	0	30
chr2	10785031	10787280	2	2	1	1	0	23
chr2	10788770	10788896	2	2	1	2	0	15
chr2	10788982	10789748	2	2	1	3	0	23
chr2	10791926	10793095	2	2	1	1	0	19
chr2	10793203	10797080	2	2	1	2	0	21
chr2	10797758	10802498	2	2	1	1	0	3
chr2	11201144	11201309	2	2	1	1	0	38
chr2	11202122	11207725	2	2	1	1	0	40
chr2	11215646	11216157	2	2	1	1	0	42
chr2	11216207	11217089	2	2	1	1	0	3
chr2	11217170	11218454	2	2	1	1	0	9
chr2	12718578	12723259	1	1	1	2	0	24
chr2	15489023	15504144	2	2	1	1	0	13
chr2	15591950	15595144	1	1	1	2	0	8
chr2	15595197	15595489	1	1	1	8	0	35
chr2	15595554	15596733	1	1	1	11	0	30
chr2	15596764	15597374	1	1	1	4	0	30
chr2	15597472	15599668	1	1	1	1	0	32
chr2	15603276	15603813	1	1	1	1	0	36
chr2	15606027	15606149	1	1	1	1	0	16
chr2	15623583	15627053	1	1	1	4	0	40
chr2	15628711	15628796	1	1	1	1	0	9
chr2	15628840	15629601	1	1	1	1	0	40
chr2	15630111	15630775	1	1	1	2	0	35
chr2	17683764	17695151	2	2	1	2	0	35
chr2	17701910	17703156	2	2	1	1	0	14
chr2	17703293	17707218	2	2	1	1	0	21
chr2	17716265	17716740	2	2	1	1	0	25
chr2	17725359	17726388	2	2	1	1	0	18
chr2	17726470	17731077	2	2	1	3	0	39
chr2	17731140	17731740	2	2	1	3	0	17
chr2	17745952	17752977	2	2	1	2	0	14
chr2	19897127	19897868	2	2	1	1	0	11
chr2	19932448	19933400	2	2	1	1	0	34
chr2	20033280	20034316	2	2	1	1	0	11
chr2	20251717	20253821	2	2	1	1	0	22
chr2	23765629	23782868	2	2	1	1	0	17
chr2	23880756	23884764	2	2	1	2	0	12
chr2	23906216	23932192	2	2	1	1	0	39
chr2	24067852	24068320	2	2	1	1	0	40
chr2	24135188	24137908	1	1	1	1	0	16
chr2	24146836	24146929	1	1	1	1	0	33
chr2	24275850	24286211	2	2	1	1	0	44
chr2	25234421	25235706	2	2	1	5	0	44
chr2	25247159	25247590	2	2	1	1	0	10
chr2	26109907	26127143	1	1	1	1	0	17
chr2	26127952	26134937	1	1	1	1	0	38
chr2	26194639	26195091	2	2	1	2	0	30
chr2	26201321	26204061	2	2	1	1	0	9
chr2	26278802	26279134	1	1	1	1	0	29
chr2	26364941	26367145	1	1	1	1	0	36
chr2	27070722	27071325	2	2	1	2	0	38
chr2	27216621	27216843	1	1	1	2	0	29
chr2	27384093	27384672	2	2	1	1	0	11
chr2	27385880	27386193	2	2	1	2	0	32
chr2	27386280	27387088	2	2	1	1	0	44
chr2	27398927	27425541	2	2	1	1	0	38
chr2	27434091	27434470	1	1	1	1	0	12
chr2	27444062	27444185	1	1	1	1	0	22
chr2	27444062	27444188	1	1	1	2	0	32
chr2	27444062	27446300	1	1	1	1	0	21
chr2	27501230	27501689	1	1	1	1	0	14
chr2	27647944	27650114	1	1	1	1	0	3
chr2	27667391	27668842	1	1	1	1	0	36
chr2	27668904	27669247	1	1	1	1	0	23
chr2	27682360	27685036	1	1	1	1	0	30
chr2	28752177	28776850	1	1	1	2	0	24
chr2	28803417	28803739	2	4	1	1	0	45
chr2	28851299	28852407	2	2	1	1	0	43
chr2	28941575	28942311	1	1	1	2	0	36
chr2	28942382	28946449	1	1	1	6	0	35
chr2	28946500	28946599	1	1	1	6	0	45
chr2	32000466	32012673	1	1	1	0	3	33
chr2	32001275	32012673	1	1	1	0	1	33
chr2	32441463	32442064	1	1	1	1	0	42
chr2	32471152	32473111	1	1	1	2	0	37
chr2	32473240	32476212	1	1	1	1	0	42
chr2	32518398	32518816	1	1	1	1	0	11
chr2	32518947	32524887	1	3	1	1	0	5
chr2	32817558	32820815	1	1	1	2	0	6
chr2	32916346	32916402	1	1	1	3	59	45
chr2	32916346	32916442	1	1	1	4	37	42
chr2	32916346	32916487	1	1	1	42	66	43
chr2	32916346	32916599	1	1	1	0	12	26
chr2	33342964	33347366	1	1	1	1	0	15
chr2	33347511	33360596	1	1	1	1	0	6
chr2	36547172	36548524	1	1	1	1	0	11
chr2	36578866	36581289	2	2	1	1	0	40
chr2	36884076	36886715	2	2	1	1	0	4
chr2	37141702	37146852	2	2	1	1	0	4
chr2	37201904	37202783	2	2	1	5	0	39
chr2	37202866	37202949	2	2	1	8	0	44
chr2	37203002	37204524	2	4	1	2	0	45
chr2	37203009	37210998	2	2	1	1	0	15
chr2	37211083	37211842	2	2	1	1	0	16
chr2	37212393	37213863	2	2	1	1	0	3
chr2	37213962	37214885	2	2	1	1	0	29
chr2	37214953	37216139	2	2	1	4	0	37
chr2	37216209	37216315	2	2	1	1	0	24
chr2	37216419	37216983	2	2	1	1	0	9
chr2	37229037	37231411	2	2	1	9	0	44
chr2	37282620	37286176	2	2	1	1	0	31
chr2	38296114	38298143	2	2	1	1	0	33
chr2	38564238	38568198	2	2	1	5	0	20
chr2	38568298	38568385	2	2	1	2	0	17
chr2	38569926	38573209	2	2	1	2	0	38
chr2	38745188	38746143	2	2	1	1	0	31
chr2	38746180	38746693	2	2	1	1	0	25
chr2	39325812	39325898	2	2	1	2	0	13
chr2	39325962	39326145	2	2	1	5	0	44
chr2	39770120	39771504	2	2	1	3	0	44
chr2	42245688	42256500	1	1	1	2	0	7
chr2	42256631	42261120	1	1	1	1	0	25
chr2	42579201	42609457	1	1	1	1	0	20
chr2	43888657	43889733	2	2	1	9	0	31
chr2	43896709	43899218	2	2	1	1	0	40
chr2	43918134	43918255	2	2	1	1	0	34
chr2	43918399	43925066	2	2	1	2	0	26
chr2	43942804	43943686	2	2	1	1	0	36
chr2	43945418	43946112	2	2	1	1	0	37
chr2	43948519	43949601	2	2	1	1	0	23
chr2	43959221	43960540	2	2	1	1	0	23
chr2	43974759	43975090	2	2	1	2	0	28
chr2	44209328	44217966	1	1	1	3	0	9
chr2	44346391	44359496	2	2	1	2	0	43
chr2	44707463	44715286	1	1	1	1	0	16
chr2	44715354	44743621	1	1	1	1	0	9
chr2	45419895	45476992	2	2	1	1	0	17
chr2	46619682	46623763	1	1	1	1	0	45
chr2	46623868	46624162	1	1	1	1	0	30
chr2	46905595	46907809	2	2	1	1	0	45
chr2	46907970	46909022	2	2	1	1	0	14
chr2	47160805	47161722	2	2	1	2	0	20
chr2	47161859	47162285	2	2	1	1	0	42
chr2	47162393	47162518	2	2	1	3	0	22
chr2	47162663	47170733	2	2	1	7	0	31
chr2	47170765	47172413	2	2	1	1	0	29
chr2	47170765	47176440	2	2	1	4	0	31
chr2	47172460	47176440	2	2	1	1	0	17
chr2	47374049	47375233	1	1	1	2	0	4
chr2	47379055	47379768	1	1	1	1	0	17
chr2	47379970	47385165	1	1	1	2	0	23
chr2	47385211	47386571	1	1	1	1	0	17
chr2	47408556	47410093	1	1	1	3	0	45
chr2	47463155	47466657	1	1	1	2	0	31
chr2	47466809	47470964	1	1	1	1	0	17
chr2	47478520	47480695	1	1	1	3	0	35
chr2	47480872	47482778	1	1	1	4	0	20
chr2	47791124	47795893	1	1	1	3	0	44
chr2	47806652	47806778	1	1	1	24	0	45
chr2	47818865	47818955	2	2	1	1	0	26
chr2	48459919	48460094	1	1	1	3	0	32
chr2	49303897	49305576	1	1	1	0	1	44
chr2	50711456	50712474	2	4	1	1	0	36
chr2	53670691	53693883	2	2	1	1	0	12
chr2	53787373	53794344	1	1	1	1	0	21
chr2	53796014	53797514	1	1	1	2	0	25
chr2	53797593	53797731	1	1	1	1	0	14
chr2	53814621	53814859	1	1	1	1	0	38
chr2	53866881	53869375	2	2	1	2	0	27
chr2	53896886	53897869	2	2	1	2	0	39
chr2	54616299	54617607	1	1	1	2	0	15
chr2	54617689	54618077	1	1	1	1	0	9
chr2	54618194	54621399	1	1	1	1	0	7
chr2	54637804	54642982	1	1	1	1	0	40
chr2	54647262	54648985	1	1	1	2	0	40
chr2	54653854	54655069	1	1	1	3	0	27
chr2	54666089	54667603	1	1	1	1	0	7
chr2	54667647	54668350	1	1	1	1	0	42
chr2	54973199	54973562	2	2	1	1	0	17
chr2	55232873	55233362	1	1	1	1	0	4
chr2	55233418	55234118	1	3	1	4	0	44
chr2	55234205	55234830	1	1	1	1	0	13
chr2	55234963	55235427	1	1	1	82	0	45
chr2	55243669	55244028	2	2	1	1	0	12
chr2	55288356	55291675	2	2	1	2	0	25
chr2	55312580	55315927	2	2	1	1	0	24
chr2	55316115	55317205	2	2	1	1	0	33
chr2	55317842	55318842	2	2	1	1	0	23
chr2	55328436	55332565	2	2	1	2	0	43
chr2	55335165	55336680	2	2	1	4	0	37
chr2	55344515	55346174	2	2	1	3	0	33
chr2	55374884	55388777	2	2	1	1	0	41
chr2	55388887	55418815	2	2	1	1	0	27
chr2	55418917	55419016	2	2	1	1	0	34
chr2	55544370	55544906	1	1	1	2	0	24
chr2	55564477	55564901	2	2	1	1	0	13
chr2	55564498	55564901	2	2	1	3	0	43
chr2	55565042	55568193	2	2	1	2	0	43
chr2	55581699	55585050	2	2	1	1	0	6
chr2	55654954	55656130	2	2	1	1	0	27
chr2	58159801	58160107	2	2	1	2	0	32
chr2	60787067	60787510	1	1	1	2	0	20
chr2	61081511	61083153	1	1	1	1	0	39
chr2	61083315	61088158	1	1	1	1	0	23
chr2	61189070	61190270	2	2	1	1	0	42
chr2	61227219	61228644	2	2	1	1	0	11
chr2	61228720	61228826	2	2	1	2	0	33
chr2	61248684	61256383	2	2	1	1	0	3
chr2	61296926	61300950	2	2	1	1	0	28
chr2	61478967	61481184	2	2	1	3	0	44
chr2	61482540	61482956	2	2	1	1	0	24
chr2	61484106	61485767	2	2	1	1	0	5
chr2	61492482	61492566	2	2	1	1	0	29
chr2	61502311	61522610	2	2	1	2	0	28
chr2	61522684	61526419	2	2	1	1	0	22
chr2	61525334	61525491	2	2	1	1	0	21
chr2	61526522	61533771	2	2	1	3	0	34
chr2	61533904	61537561	2	2	1	4	0	43
chr2	61827259	61836009	2	2	1	3	0	21
chr2	61868660	61904374	1	1	1	1	0	16
chr2	61868707	61869439	2	2	1	9	0	45
chr2	61869554	61872081	2	2	1	5	0	29
chr2	61872589	61873001	2	2	1	1	0	10
chr2	61876235	61876919	2	2	1	3	0	22
chr2	62000983	62135830	1	1	1	1	0	5
chr2	62196356	62222211	1	1	1	2	0	38
chr2	62644552	62647897	2	2	1	0	2	46
chr2	62705737	62706896	1	1	1	1	0	7
chr2	62859292	62864730	1	1	1	3	0	17
chr2	62955661	62979187	1	1	1	1	0	7
chr2	62979336	62987930	1	1	1	1	0	31
chr2	62979336	62990715	1	1	1	1	0	22
chr2	62993669	62993870	1	1	1	1	0	45
chr2	63594587	63595422	1	1	1	2	0	29
chr2	63605394	63605938	1	1	1	1	0	8
chr2	63882652	63883959	1	1	1	4	0	44
chr2	63887645	63890080	1	1	1	1	0	35
chr2	63934014	63942464	2	2	1	1	0	16
chr2	65082710	65083638	1	1	1	1	0	33
chr2	67332063	67333952	1	1	1	0	1	27
chr2	67399298	67399549	1	1	1	2	0	20
chr2	67399627	67402861	1	1	1	1	0	10
chr2	67402975	67403224	1	1	1	2	0	27
chr2	68046044	68046343	2	2	1	3	0	35
chr2	68147568	68157260	2	2	1	1	0	24
chr2	69326234	69326913	2	2	1	1	0	13
chr2	69396291	69400363	2	2	1	6	0	22
chr2	69643275	69643574	2	2	1	1	0	28
chr2	69869865	69871744	1	1	1	1	0	41
chr2	69871833	69878908	1	1	1	3	0	42
chr2	69894019	69895093	1	1	1	2	0	23
chr2	69895215	69896435	1	1	1	2	0	7
chr2	69896549	69897376	1	1	1	2	0	42
chr2	69897457	69903180	1	1	1	1	0	6
chr2	69903246	69904253	1	1	1	1	0	38
chr2	69904426	69904511	1	1	1	2	0	29
chr2	70281685	70288067	2	2	1	37	8	41
chr2	70288193	70293617	2	2	1	2	0	16
chr2	70297478	70300839	2	2	1	1	0	35
chr2	70663736	70672877	2	2	1	1	0	12
chr2	71073595	71075554	1	1	1	1	0	4
chr2	71077637	71078317	1	1	1	1	0	39
chr2	71138632	71139794	1	1	1	2	0	6
chr2	71139863	71141231	1	1	1	2	0	18
chr2	71144539	71147998	1	1	1	1	0	19
chr2	71149454	71149865	1	1	1	2	0	21
chr2	71368529	71369882	1	1	1	2	0	40
chr2	71620610	71643964	1	1	1	2	0	39
chr2	72718308	72731006	2	2	1	1	0	44
chr2	73243130	73243996	1	1	1	1	0	9
chr2	73247927	73248990	1	1	1	2	0	38
chr2	73250439	73251225	1	1	1	1	0	27
chr2	73251433	73252639	1	1	1	3	0	28
chr2	73601437	73602184	1	1	1	1	0	20
chr2	73608575	73609567	1	1	1	2	0	26
chr2	73730030	73730559	2	2	1	18	0	46
chr2	73730737	73732162	2	2	1	1	0	22
chr2	73831060	73844812	1	1	1	6	0	32
chr2	73844889	73845166	1	1	1	3	0	17
chr2	73946907	73950584	1	1	1	1	0	25
chr2	73958246	73958709	1	1	1	7	0	24
chr2	74135659	74142271	2	2	1	2	1	23
chr2	74135659	74145188	2	2	1	0	1	3
chr2	74145304	74147820	2	2	1	2	0	20
chr2	74425492	74425569	1	1	1	1	0	24
chr2	74456273	74456754	1	1	1	1	0	12
chr2	74526837	74526940	2	2	1	4	0	42
chr2	75654918	75655063	1	1	1	1	0	30
chr2	84669511	84670327	1	1	1	1	0	27
chr2	84906118	84906388	1	1	1	4	0	45
chr2	85049649	85053147	1	1	1	1	0	10
chr2	85072452	85080999	2	2	1	1	1	39
chr2	85306366	85306451	1	1	1	1	0	11
chr2	85596932	85597103	1	1	1	3	0	44
chr2	85597179	85597444	1	1	1	7	0	39
chr2	85639392	85640975	1	1	1	1	0	31
chr2	86127306	86127940	1	1	1	1	0	23
chr2	86127992	86130647	1	1	1	1	0	18
chr2	86133437	86134291	1	1	1	2	0	39
chr2	86137141	86137468	1	1	1	5	0	40
chr2	86162080	86166507	2	2	1	1	0	38
chr2	86166645	86170748	2	2	1	1	0	29
chr2	86170845	86171207	2	2	1	1	0	19
chr2	86206296	86207182	1	1	1	1	0	25
chr2	86771713	86773347	1	1	1	1	0	41
chr2	86984849	86985575	1	1	1	0	1	17
chr2	87030908	87031815	2	2	1	0	1	21
chr2	87049816	87052813	2	2	1	0	1	19
chr2	87738106	87739016	1	1	1	0	1	21
chr2	87784348	87785074	2	2	1	0	1	17
chr2	91784874	91814553	2	2	1	1	0	23
chr2	95115204	95117864	2	2	1	2	0	36
chr2	95412543	95412676	1	1	1	0	1	34
chr2	95856181	95857308	2	2	1	0	1	11
chr2	95860075	95867439	2	2	1	0	1	18
chr2	95895472	95895561	2	2	1	0	1	29
chr2	95895591	95897269	2	2	1	0	2	30
chr2	95895591	95902885	2	2	1	0	1	17
chr2	95899218	95899307	2	2	1	0	1	29
chr2	95899337	95901014	2	2	1	0	1	23
chr2	95899337	95912243	2	2	1	0	1	23
chr2	95901088	95901177	2	2	1	0	1	29
chr2	95901207	95902885	2	2	1	0	1	17
chr2	95904834	95904923	2	2	1	0	1	29
chr2	95904953	95906630	2	2	1	0	1	23
chr2	95906704	95906793	2	2	1	0	1	29
chr2	95906823	95908501	2	2	1	0	2	30
chr2	96269356	96271110	1	1	1	1	0	44
chr2	96273433	96273977	1	1	1	1	0	19
chr2	96613620	96619358	2	2	1	2	0	14
chr2	97084036	97084168	2	2	1	0	1	34
chr2	97185345	97185437	1	1	1	1	0	22
chr2	97187227	97187328	1	1	1	0	1	3
chr2	97187402	97190977	1	1	1	0	2	29
chr2	97187402	97215300	1	1	1	0	1	16
chr2	97189291	97190977	1	1	1	0	1	29
chr2	97191007	97191108	1	1	1	0	1	29
chr2	97196622	97196715	1	1	1	1	2	11
chr2	97196789	97198462	1	1	1	1	2	16
chr2	97202231	97202320	1	1	1	0	2	3
chr2	97202394	97204067	1	1	1	0	2	16
chr2	97233872	97241265	1	1	1	0	2	18
chr2	97244030	97245156	1	1	1	0	1	11
chr2	97512053	97513179	2	2	1	0	1	11
chr2	97515946	97523325	2	2	1	0	2	18
chr2	97555133	97555225	2	2	1	1	0	21
chr2	97555255	97556936	2	2	1	1	0	29
chr2	97647141	97647343	1	1	1	5	0	36
chr2	97647444	97647995	1	1	1	17	0	46
chr2	97908699	97927425	2	2	1	2	0	31
chr2	99105437	99105526	2	2	1	1	0	25
chr2	99169471	99169549	2	2	1	2	0	11
chr2	99169611	99170536	2	2	1	2	0	30
chr2	99174017	99180830	2	2	1	1	0	44
chr2	99195190	99195572	1	1	1	1	0	28
chr2	99337590	99360235	1	1	1	12	0	46
chr2	99360362	99360464	1	1	1	1	0	11
chr2	99361821	99363644	1	1	1	4	0	31
chr2	99363863	99364270	1	1	1	7	0	42
chr2	99364422	99368492	1	1	1	2	0	24
chr2	99368592	99369391	1	1	1	1	0	20
chr2	99369482	99371655	1	3	1	2	0	41
chr2	99379127	99379317	1	1	1	1	0	32
chr2	99382227	99382779	1	1	1	4	0	29
chr2	99382922	99389717	1	1	1	1	0	45
chr2	99394399	99394508	1	1	1	3	0	39
chr2	99394586	99394718	1	1	1	4	0	46
chr2	99403816	99404443	2	2	1	2	0	16
chr2	100571799	100576353	1	1	1	2	0	40
chr2	101002809	101004157	1	1	1	6	0	38
chr2	101004284	101005958	1	1	1	149	1	45
chr2	101006072	101006349	1	1	1	197	0	45
chr2	101698539	101790719	1	1	1	1	0	36
chr2	101842682	101844100	1	1	1	1	0	6
chr2	101856139	101891351	1	1	1	1	0	33
chr2	101866580	101867211	1	1	1	1	0	44
chr2	101887238	101887777	1	1	1	1	0	15
chr2	105092570	105093529	1	1	1	1	0	38
chr2	105097325	105099669	1	1	1	5	0	22
chr2	105337687	105339582	1	1	1	1	0	11
chr2	105343224	105345314	1	1	1	2	0	10
chr2	106098774	106101057	2	2	1	2	0	11
chr2	106101119	106104793	2	2	1	2	0	20
chr2	106425267	106425993	2	2	1	0	1	17
chr2	106479459	106526138	1	1	1	1	0	21
chr2	107869978	107870704	1	1	1	0	1	17
chr2	108472117	108472826	1	1	1	2	0	36
chr2	108472900	108475534	1	1	1	1	0	23
chr2	108481817	108482286	1	1	1	1	0	34
chr2	108483167	108484148	1	1	1	1	0	44
chr2	109544325	109546049	2	2	1	1	0	17
chr2	109553220	109564365	2	2	1	1	0	42
chr2	109835092	109835818	1	1	1	0	1	17
chr2	109848012	109855861	1	1	1	0	3	22
chr2	110211623	110212214	2	2	1	10	0	40
chr2	110515646	110523495	2	2	1	0	3	22
chr2	110535689	110536415	2	2	1	0	1	17
chr2	111821466	111822421	2	2	1	0	1	19
chr2	111878972	111880492	2	2	1	1	0	13
chr2	112276027	112299848	1	1	1	1	0	46
chr2	112390248	112390974	2	2	1	0	1	17
chr2	112547568	112549266	1	1	1	1	0	25
chr2	112547568	112550865	1	1	1	1	0	30
chr2	112586366	112588865	1	1	1	3	0	34
chr2	112729705	112738912	1	1	1	1	0	12
chr2	113441438	113443766	1	1	1	0	2	26
chr2	113495250	113495636	1	1	1	0	8	38
chr2	113890324	113913171	1	1	1	0	2	3
chr2	113890324	113916883	1	1	1	0	2	3
chr2	117814863	117817443	1	1	1	1	0	26
chr2	117817729	117819648	1	1	1	1	0	3
chr2	117946883	117948104	2	2	1	1	0	32
chr2	119368306	119370739	1	1	1	7	0	46
chr2	119370803	119372244	1	1	1	5	0	30
chr2	120042111	120073177	1	1	1	1	0	10
chr2	121457758	121458839	2	2	1	1	0	14
chr2	121727913	121728287	2	2	1	1	0	35
chr2	121728537	121730892	2	2	1	1	0	14
chr2	121731105	121732095	2	2	1	1	0	19
chr2	121732205	121735612	2	2	1	3	0	36
chr2	121763085	121765133	1	1	1	1	0	20
chr2	127259449	127261227	2	2	1	1	0	31
chr2	127289502	127289688	2	2	1	1	0	28
chr2	127339051	127343125	2	2	1	1	0	42
chr2	127481176	127486552	2	2	1	3	0	25
chr2	127489236	127489831	2	2	1	1	0	33
chr2	127489944	127491970	2	2	1	1	0	13
chr2	127498238	127502814	2	2	1	1	0	36
chr2	127503577	127504683	2	2	1	2	0	34
chr2	127721989	127722590	2	2	1	4	0	23
chr2	127722731	127722957	2	2	1	2	0	33
chr2	128187615	128189716	1	1	1	1	0	42
chr2	128191773	128193093	2	2	1	1	0	44
chr2	128630999	128644173	1	1	1	1	0	23
chr2	134318740	134336216	1	1	1	1	0	6
chr2	134336289	134338258	1	1	1	1	0	14
chr2	134946147	134947735	1	1	1	2	0	24
chr2	135632002	135635889	1	1	1	2	0	29
chr2	135755692	135761817	1	1	1	6	0	31
chr2	135761912	135769768	1	1	1	9	0	46
chr2	135769824	135770570	1	1	1	6	0	35
chr2	135844685	135846236	2	2	1	6	0	45
chr2	135846393	135848052	2	2	1	7	0	45
chr2	135866729	135868610	2	2	1	1	0	27
chr2	135868861	135870250	2	2	1	1	0	8
chr2	135907408	135911138	2	2	1	4	0	37
chr2	135911211	135911381	2	2	1	5	0	35
chr2	135933991	135943377	2	2	1	1	0	8
chr2	144100990	144108675	2	4	1	1	0	17
chr2	147938394	147939139	2	2	1	1	0	35
chr2	148765147	148769150	1	1	1	1	0	42
chr2	148950463	148961970	1	1	1	1	0	14
chr2	148991199	148994420	1	1	1	1	0	40
chr2	148997341	148998399	1	1	1	1	0	21
chr2	149587150	149587663	2	2	1	1	0	10
chr2	151457964	151458810	1	1	1	7	0	36
chr2	151458911	151459999	1	1	1	9	0	30
chr2	151468147	151468640	1	1	1	2	0	7
chr2	151468757	151469710	1	1	1	1	0	44
chr2	151506376	151506995	1	3	1	1	0	10
chr2	152615001	152617090	1	1	1	2	0	24
chr2	152656399	152657888	2	2	1	11	0	45
chr2	152658021	152658947	2	2	1	2	0	36
chr2	152659010	152659092	2	2	1	4	0	42
chr2	152659190	152659269	2	2	1	3	0	36
chr2	152659357	152662602	2	2	1	4	0	24
chr2	152663173	152663654	2	2	1	1	0	33
chr2	152663772	152663875	2	2	1	3	0	33
chr2	152672624	152672977	2	2	1	4	0	40
chr2	152673043	152673597	2	2	1	11	0	44
chr2	152673707	152676404	2	2	1	5	0	44
chr2	152690979	152693037	2	2	1	1	0	12
chr2	152693069	152694541	2	2	1	1	0	31
chr2	158661451	158662896	1	1	1	1	0	23
chr2	159373190	159374690	2	2	1	1	0	24
chr2	159382803	159383605	2	2	1	1	0	28
chr2	159397390	159398828	2	2	1	1	0	42
chr2	159400665	159404848	2	2	1	1	0	43
chr2	159404911	159405021	2	2	1	1	0	26
chr2	159405115	159412334	2	2	1	2	0	42
chr2	159439213	159446781	2	2	1	1	0	27
chr2	160274765	160275629	2	2	1	3	0	32
chr2	161360137	161360329	1	1	1	1	0	17
chr2	161367550	161367783	1	1	1	1	0	18
chr2	161370178	161371171	1	1	1	1	0	37
chr2	161391179	161395077	1	1	1	1	0	15
chr2	161395204	161408836	1	1	1	2	0	28
chr2	161408900	161411301	1	1	1	6	0	36
chr2	162359158	162359493	1	1	1	1	0	35
chr2	168075232	168129540	2	2	1	1	0	7
chr2	168129607	168129709	2	2	1	1	0	19
chr2	168871556	168873584	2	2	1	5	0	44
chr2	168873684	168876071	2	2	1	1	0	13
chr2	169529927	169530586	2	2	1	2	0	8
chr2	169603695	169604025	1	1	1	1	0	3
chr2	169604103	169604186	1	1	1	1	0	12
chr2	169604262	169606038	1	1	1	2	0	40
chr2	169608759	169614463	1	1	1	4	0	29
chr2	169614494	169614584	1	1	1	4	0	30
chr2	169631934	169633159	1	1	1	1	0	23
chr2	169633248	169636091	1	1	1	1	0	22
chr2	169636229	169636412	1	1	1	9	0	46
chr2	169662437	169674575	2	2	1	1	0	17
chr2	169798977	169800951	1	1	1	2	0	39
chr2	169805578	169805664	1	1	1	1	0	7
chr2	169805840	169806784	1	1	1	3	0	38
chr2	169806893	169806970	1	1	1	17	0	46
chr2	169807072	169808481	1	1	1	5	0	18
chr2	169808554	169808859	1	1	1	2	0	42
chr2	169808903	169810282	1	1	1	2	0	26
chr2	169810424	169810857	1	1	1	6	0	18
chr2	169811045	169811182	1	1	1	4	0	37
chr2	169811324	169811667	1	1	1	1	0	5
chr2	169811859	169812456	2	2	1	16	0	43
chr2	169812507	169815476	2	2	1	12	0	33
chr2	169815529	169819560	2	2	1	1	0	17
chr2	169819644	169821091	2	2	1	1	0	7
chr2	169822058	169824488	2	2	1	1	0	30
chr2	171046363	171049813	2	2	1	5	0	39
chr2	171050175	171053760	2	2	1	1	0	13
chr2	171053854	171055082	2	2	1	8	0	44
chr2	171055173	171056470	2	2	1	2	0	21
chr2	171081709	171082780	2	2	1	1	0	23
chr2	171434704	171435082	1	1	1	2	0	40
chr2	171435187	171443522	1	1	1	3	0	28
chr2	171458076	171458371	1	1	1	1	0	17
chr2	171687628	171690146	1	1	1	2	0	10
chr2	171687874	171690146	1	1	1	3	0	35
chr2	171715444	171725617	1	1	1	1	0	19
chr2	171745928	171747775	1	1	1	1	0	34
chr2	172479740	172479989	1	1	1	1	0	22
chr2	172485265	172487022	1	1	1	1	0	29
chr2	172491524	172497974	1	1	1	1	0	33
chr2	174079091	174081151	2	2	1	6	0	43
chr2	174081249	174081923	2	2	1	2	0	34
chr2	174123676	174141824	2	2	1	1	0	26
chr2	174349173	174350659	2	2	1	1	0	22
chr2	174350746	174351618	2	2	1	1	0	13
chr2	174719885	174720430	1	1	1	0	2	3
chr2	174878129	174915057	2	2	1	1	0	31
chr2	174930920	175009346	2	2	1	0	2	41
chr2	175178403	175179056	2	2	1	3	0	20
chr2	175179251	175180097	2	2	1	3	0	18
chr2	176296908	176297848	1	1	1	1	0	40
chr2	176297896	176323391	1	1	1	1	0	5
chr2	176329427	176330583	1	1	1	1	0	22
chr2	177201682	177219447	1	1	1	1	0	28
chr2	177212806	177215538	1	1	1	0	1	45
chr2	177215662	177215749	1	1	1	6	0	42
chr2	177215897	177215977	1	1	1	1	0	39
chr2	177216593	177216675	1	1	1	1	0	21
chr2	177217846	177219036	1	1	1	0	1	8
chr2	177219160	177219246	1	1	1	1	0	16
chr2	177219315	177222059	1	1	1	2	0	17
chr2	177499731	177505505	1	1	1	1	0	8
chr2	177505576	177507969	1	1	1	1	0	14
chr2	178433476	178433990	1	1	1	1	0	24
chr2	178598655	178598747	2	2	1	1	0	25
chr2	178644617	178645919	2	2	1	1	0	15
chr2	178646031	178646484	2	2	1	1	0	18
chr2	178653898	178654011	2	2	1	0	1	35
chr2	178658158	178658271	2	2	1	0	1	35
chr2	178704778	178704876	2	2	1	1	0	25
chr2	178773370	178773461	2	2	1	1	0	29
chr2	178856398	178865766	2	2	1	1	0	11
chr2	178865917	178868025	2	2	1	4	0	42
chr2	179121930	179123714	2	2	1	2	0	31
chr2	179945716	179950511	2	2	1	1	0	11
chr2	179965983	179970500	2	2	1	1	0	11
chr2	179970564	179970649	2	2	1	2	0	45
chr2	179971077	179973192	2	2	1	1	0	12
chr2	179973803	179978189	2	2	1	1	0	5
chr2	179988645	179993314	2	2	1	2	0	38
chr2	182718291	182720006	1	1	1	2	0	29
chr2	182762802	182775315	1	1	1	1	0	30
chr2	182775421	182777120	1	1	1	1	0	29
chr2	183159653	183161053	1	1	1	1	0	23
chr2	186495335	186500181	1	1	1	2	0	9
chr2	186501426	186502495	1	1	1	3	0	37
chr2	186502588	186504031	1	1	1	9	0	41
chr2	186504215	186505450	1	1	1	1	0	22
chr2	186754050	186761112	1	1	1	1	0	44
chr2	188477731	188483430	1	1	1	1	0	30
chr2	188483493	188522755	1	1	1	1	0	42
chr2	188522828	188529096	1	1	1	1	0	15
chr2	189470246	189470818	1	1	1	1	0	34
chr2	189474333	189474716	1	1	1	2	0	23
chr2	189474809	189475212	1	1	1	1	0	20
chr2	189667597	189667763	1	1	1	1	0	27
chr2	189667946	189670440	1	1	1	1	0	12
chr2	189754346	189755172	2	2	1	1	0	10
chr2	189795952	189805651	1	1	1	3	0	37
chr2	189805755	189818016	1	1	1	5	0	32
chr2	189855129	189863742	1	1	1	2	0	37
chr2	189873657	189877271	1	1	1	2	0	42
chr2	190246213	190249639	2	2	1	1	0	43
chr2	190969750	190998216	2	2	1	0	1	5
chr2	191009108	191009875	2	2	1	1	0	4
chr2	191360730	191362267	1	1	1	3	0	45
chr2	191362372	191363727	1	1	1	1	0	11
chr2	191402719	191408114	1	1	1	2	0	12
chr2	191992736	191998261	2	2	1	1	0	46
chr2	195657282	195680031	1	1	1	4	0	45
chr2	195706786	195708655	1	1	1	1	0	36
chr2	196726100	196729192	1	1	1	1	0	12
chr2	196793153	196797796	2	2	1	1	0	22
chr2	196922196	196926469	2	2	1	1	0	34
chr2	197398117	197398460	2	2	1	1	0	13
chr2	197400937	197401399	2	2	1	1	0	37
chr2	197403765	197405075	2	2	1	1	0	10
chr2	197405178	197405274	2	2	1	2	0	24
chr2	197420543	197421028	2	2	1	1	0	19
chr2	197471840	197472701	1	3	1	1	0	30
chr2	197487199	197487857	2	2	1	1	0	16
chr2	197488037	197488316	2	2	1	3	0	32
chr2	197488492	197489001	2	2	1	4	0	41
chr2	197489248	197490196	2	2	1	23	0	45
chr2	197490297	197493323	2	2	1	1	1	31
chr2	197493493	197494156	2	2	1	1	0	40
chr2	197494251	197494656	2	4	1	3	0	40
chr2	197494753	197495293	2	2	1	2	0	33
chr2	197495377	197497139	2	2	1	5	3	42
chr2	197497393	197498674	2	2	1	4	0	40
chr2	197498851	197499781	2	2	1	1	0	21
chr2	197500440	197501073	1	1	1	1	0	7
chr2	197501239	197503038	1	1	1	5	1	39
chr2	197503129	197503208	1	1	1	92	0	45
chr2	197523687	197535529	1	1	1	1	0	30
chr2	197550387	197550514	1	1	1	1	0	7
chr2	200306293	200329430	1	1	1	1	0	26
chr2	200389284	200412310	1	1	1	5	2	45
chr2	200412420	200416378	1	1	1	1	0	37
chr2	200526253	200532973	1	1	1	1	0	18
chr2	200575462	200583448	1	1	1	1	0	19
chr2	200818084	200818222	1	1	1	2	0	38
chr2	200820121	200821182	1	1	1	0	1	3
chr2	200957545	200958029	2	2	1	1	0	37
chr2	201079023	201085458	1	1	1	1	0	28
chr2	202206804	202207252	2	6	1	1	0	7
chr2	202210807	202214356	2	2	1	2	0	38
chr2	202220762	202227290	2	2	1	1	0	42
chr2	202265987	202275112	1	1	1	1	0	10
chr2	202275190	202277949	1	1	1	3	0	43
chr2	202278003	202282350	1	1	1	2	0	40
chr2	202291271	202292776	1	1	1	1	0	5
chr2	202295838	202297378	1	1	1	5	0	23
chr2	202297514	202297844	1	1	1	1	0	37
chr2	202297907	202300233	1	1	1	3	0	43
chr2	202300368	202302920	1	1	1	18	0	43
chr2	202303058	202303385	1	1	1	5	0	43
chr2	202880938	202882710	2	2	1	2	0	34
chr2	202897416	202899530	2	2	1	1	0	15
chr2	203229233	203274463	1	1	1	1	0	37
chr2	203472251	203472727	1	3	1	1	0	16
chr2	203634252	203645611	1	1	1	0	1	40
chr2	205682906	205683090	1	3	1	1	0	41
chr2	206124277	206126538	2	2	1	1	0	11
chr2	206152511	206153617	2	2	1	1	0	36
chr2	206160711	206161345	1	1	1	2	0	42
chr2	206161473	206162037	1	1	1	4	0	26
chr2	206162105	206162488	1	1	1	3	0	43
chr2	206162615	206162728	1	1	1	35	0	45
chr2	206542135	206543252	1	1	1	1	0	41
chr2	206589515	206592616	1	1	1	1	0	44
chr2	206788904	206790571	1	1	1	1	0	8
chr2	206790687	206791682	1	1	1	1	0	40
chr2	207570322	207575271	1	1	1	1	0	33
chr2	207577656	207596913	1	1	1	1	0	7
chr2	207712117	207724799	1	1	1	1	0	16
chr2	208239234	208239862	2	2	1	1	0	28
chr2	208243605	208245318	2	2	1	1	0	37
chr2	208251568	208253885	2	2	1	1	0	22
chr2	208253960	208254938	2	2	1	1	0	18
chr2	210020433	210020628	0	0	1	3	0	35
chr2	213310178	213317218	1	1	1	1	0	36
chr2	214792446	214797060	2	2	1	1	0	15
chr2	215333458	215334918	1	1	1	1	0	41
chr2	215335005	215336034	1	1	1	1	0	24
chr2	215338908	215344778	1	1	1	1	0	41
chr2	215344872	215346758	1	1	1	1	0	22
chr2	215349250	215349535	1	1	1	5	0	37
chr2	216113130	216116658	1	1	1	1	0	24
chr2	216116843	216117745	1	1	1	4	0	37
chr2	216117795	216119042	1	1	1	2	0	3
chr2	216119166	216122061	1	1	1	4	0	45
chr2	216122254	216125916	1	1	1	4	0	45
chr2	216126032	216127535	1	1	1	5	0	40
chr2	216130988	216132324	1	1	1	1	0	27
chr2	216190335	216192638	1	1	1	1	0	25
chr2	216192736	216194918	1	1	1	3	0	30
chr2	216204397	216205187	1	1	1	4	0	45
chr2	216478300	216482737	1	1	1	1	0	36
chr2	216498878	216499269	1	1	1	1	0	22
chr2	216499399	216499948	1	1	1	76	0	45
chr2	216500032	216501340	1	1	1	173	0	45
chr2	216660787	216661857	1	1	1	5	0	31
chr2	216661999	216663939	1	1	1	2	0	18
chr2	218228851	218234351	1	1	1	1	0	20
chr2	218245547	218249363	1	1	1	2	0	25
chr2	218249465	218249820	1	1	1	6	0	36
chr2	218249922	218253890	1	1	1	7	0	30
chr2	218271550	218272569	1	1	1	2	0	43
chr2	218474886	218476839	2	2	1	1	0	20
chr2	219181206	219181368	1	1	1	1	0	32
chr2	219221303	219222049	2	2	1	1	0	8
chr2	219234289	219234825	1	1	1	1	0	13
chr2	219374343	219374854	2	2	1	1	0	33
chr2	219550843	219551528	2	2	1	2	0	7
chr2	219630353	219631967	1	1	1	1	0	3
chr2	222613929	222619644	2	2	1	1	0	18
chr2	222916497	222918045	1	1	1	2	0	23
chr2	222921431	222922707	1	1	1	1	0	17
chr2	224503823	224505955	2	2	1	1	0	45
chr2	224511583	224513523	2	2	1	1	0	4
chr2	224513639	224514611	2	2	1	1	0	12
chr2	226736251	226794988	2	2	1	2	0	35
chr2	227328790	227330625	1	1	1	1	0	12
chr2	227355762	227356985	1	1	1	1	0	30
chr2	229767751	229768615	2	2	1	1	0	28
chr2	230186144	230200884	2	2	1	1	0	33
chr2	231061311	231062247	1	1	1	1	0	8
chr2	231062322	231062505	1	1	1	2	0	44
chr2	231062676	231066905	1	1	1	2	0	17
chr2	231161510	231163634	1	1	1	5	0	38
chr2	231163728	231165199	1	1	1	10	0	36
chr2	231166018	231170565	1	1	1	2	0	13
chr2	231170722	231172534	1	1	1	6	0	32
chr2	231256136	231256183	1	1	1	0	1	17
chr2	231455268	231455400	2	2	1	4	0	45
chr2	231456137	231456630	2	2	1	1	0	22
chr2	231456765	231457000	2	2	1	1	0	7
chr2	231457801	231458265	2	2	1	1	0	20
chr2	231458390	231459000	2	2	1	2	0	38
chr2	231459126	231460151	2	2	1	11	0	39
chr2	231460294	231460477	2	2	1	5	0	45
chr2	231460565	231460668	2	2	1	1	0	18
chr2	231460867	231461539	2	2	1	16	0	44
chr2	231463317	231464335	2	2	1	1	0	18
chr2	231504354	231507168	2	2	1	1	0	10
chr2	231558852	231565354	2	2	1	1	0	46
chr2	231708752	231711347	1	1	1	6	0	42
chr2	231711420	231711886	1	1	1	1	0	27
chr2	231711420	231711889	1	1	1	33	1	40
chr2	231711984	231712442	1	1	1	161	0	46
chr2	231712517	231712803	1	1	1	74	0	46
chr2	232558019	232564246	1	1	1	1	0	35
chr2	232567215	232568944	1	1	1	2	0	23
chr2	232790916	232791007	1	1	1	2	0	17
chr2	232812492	232815636	1	1	1	1	0	34
chr2	232844256	232844368	1	1	1	1	0	22
chr2	233354675	233388256	1	1	1	1	0	17
chr2	233388368	233390402	1	1	1	1	0	6
chr2	233464284	233467085	1	1	1	1	0	14
chr2	233837653	233840608	2	2	1	1	0	28
chr2	233853911	233854383	2	2	1	1	0	7
chr2	236392072	236392243	2	2	1	1	0	37
chr2	236465711	236486828	2	2	1	1	0	3
chr2	237686953	237687478	2	2	1	1	0	26
chr2	237749325	237753308	1	1	1	0	1	3
chr2	237751272	237753308	1	1	1	0	1	3
chr2	238093945	238094419	1	1	1	1	0	35
chr2	238170677	238170942	2	2	1	1	0	33
chr2	238325971	238328685	1	1	1	1	0	33
chr2	238352951	238353172	1	1	1	1	0	36
chr2	239066856	239068488	2	2	1	1	0	41
chr2	239892708	239895204	2	2	1	1	0	37
chr2	240131089	240133932	2	2	1	6	0	42
chr2	240134006	240136221	2	2	1	2	0	24
chr2	240783110	240783738	2	2	1	3	0	19
chr2	240783781	240785066	0	0	1	3	0	31
chr2	241160495	241163284	1	1	1	1	0	37
chr2	241163402	241166336	1	1	1	1	0	32
chr2	241166442	241167044	1	1	1	2	0	24
chr2	241248117	241248243	2	2	1	4	0	40
chr2	241256400	241256599	2	2	1	1	0	26
chr2	241326114	241335125	1	1	1	1	0	16
chr2	241343898	241346165	1	1	1	1	0	32
chr2	241348192	241350072	1	1	1	3	0	25
chr2	241350204	241351966	1	1	1	2	0	8
chr2	241625405	241644846	1	1	1	1	0	32
chr2	241668686	241670725	1	1	1	1	0	18
chr3	8105517	8106474	2	2	1	1	0	38
chr3	8947291	8948508	2	2	1	1	0	40
chr3	9365321	9366907	1	1	1	4	0	32
chr3	9366986	9371059	1	1	1	3	0	40
chr3	9434883	9435727	1	1	1	1	0	43
chr3	9445301	9445656	1	1	1	1	0	46
chr3	9780550	9784027	2	2	1	1	0	6
chr3	9804014	9806209	1	1	1	1	0	39
chr3	9957435	9969718	2	2	1	1	0	18
chr3	9964198	9969718	2	2	1	1	0	33
chr3	10065980	10067208	1	1	1	1	0	44
chr3	10067318	10072870	1	1	1	1	0	22
chr3	10074674	10078080	1	1	1	1	0	26
chr3	10098816	10101187	1	1	1	1	0	45
chr3	10115820	10125625	1	1	1	1	0	26
chr3	10301148	10304025	2	2	1	1	0	5
chr3	10304173	10305032	2	2	1	1	0	9
chr3	11364735	11379971	1	1	1	2	0	19
chr3	11790582	11807832	2	2	1	1	0	20
chr3	12528925	12529761	1	1	1	1	0	7
chr3	12569004	12570070	1	3	1	1	0	39
chr3	12836224	12839348	2	2	1	56	3	46
chr3	12839531	12840141	2	2	1	5	0	41
chr3	14170551	14172866	2	2	1	1	0	14
chr3	14181671	14183936	1	1	1	3	0	18
chr3	14184033	14198035	1	1	1	3	0	42
chr3	14651879	14654425	1	1	1	1	0	28
chr3	14666948	14667423	1	1	1	1	0	22
chr3	14667519	14668048	1	1	1	1	0	6
chr3	15077165	15078074	2	2	1	2	0	30
chr3	15411438	15414020	2	2	1	1	0	37
chr3	15560898	15563357	2	2	1	9	0	42
chr3	15564659	15567843	2	2	1	2	0	16
chr3	15568003	15568431	2	2	1	1	0	39
chr3	15751821	15766233	2	2	1	1	0	26
chr3	16884537	16884821	1	1	1	1	0	33
chr3	17861403	18013654	1	1	1	1	0	38
chr3	19456983	19510362	1	1	1	1	0	11
chr3	23242005	23242983	1	3	1	1	0	24
chr3	23818022	23818071	1	1	1	1	0	18
chr3	23917174	23917849	1	1	1	1	0	25
chr3	23918032	23918439	1	1	1	2	0	40
chr3	23918577	23919195	1	1	1	2	1	35
chr3	25598478	25599434	2	2	1	1	0	27
chr3	25601226	25604759	2	2	1	2	0	19
chr3	25609345	25609567	2	2	1	1	0	39
chr3	25615587	25618417	2	2	1	2	0	23
chr3	25627297	25628846	2	2	1	2	0	23
chr3	25629146	25630028	2	2	1	2	0	43
chr3	25630470	25630800	2	2	1	1	0	10
chr3	27386024	27389930	2	2	1	7	0	40
chr3	27390105	27391739	2	4	1	1	0	31
chr3	27398354	27400763	2	2	1	1	0	34
chr3	27437527	27448650	2	2	1	1	0	10
chr3	27448798	27452416	2	2	1	1	0	37
chr3	27452499	27484078	2	2	1	1	0	22
chr3	28331955	28332368	2	2	1	2	0	12
chr3	28332428	28336736	2	2	1	2	0	21
chr3	31629412	31632934	1	1	1	1	0	40
chr3	31633148	31635983	1	1	1	1	0	42
chr3	31662117	31664078	2	2	1	1	0	34
chr3	32526909	32528445	2	2	1	10	0	37
chr3	32530521	32532985	2	2	1	1	0	5
chr3	32534647	32537010	2	2	1	1	0	6
chr3	32537105	32541036	2	2	1	1	0	12
chr3	32570420	32570624	2	2	1	1	0	21
chr3	32691299	32691936	2	2	1	1	0	46
chr3	33632372	33644756	2	2	1	2	0	13
chr3	37001049	37004400	1	1	1	2	0	24
chr3	37016544	37016768	2	4	1	0	3	42
chr3	37026008	37028783	1	1	1	2	0	26
chr3	37274569	37287215	2	2	1	0	1	38
chr3	37295078	37296086	1	1	1	1	0	33
chr3	37299021	37299287	1	1	1	5	0	34
chr3	37299372	37302184	1	1	1	1	0	21
chr3	37302333	37315419	1	1	1	2	0	32
chr3	37327826	37328415	1	1	1	1	0	44
chr3	38131639	38131925	2	2	1	1	0	29
chr3	38223914	38224570	1	1	1	2	0	37
chr3	38224705	38229686	1	1	1	1	0	23
chr3	38229736	38230364	1	1	1	1	0	20
chr3	39407787	39408605	1	1	1	2	0	14
chr3	39411000	39411648	1	1	1	1	0	40
chr3	39411778	39411895	1	1	1	7	0	39
chr3	39412059	39412322	2	2	1	0	1	37
chr3	39412062	39412273	1	1	1	188	1	46
chr3	40311572	40311969	1	1	1	1	0	20
chr3	40458737	40461406	1	1	1	7	2	43
chr3	40461507	40461607	1	1	1	4	0	43
chr3	40462120	40462200	2	2	1	1	0	15
chr3	42591602	42594421	1	1	1	1	0	33
chr3	42634701	42635220	1	1	1	1	0	11
chr3	42635367	42636867	1	1	1	3	0	26
chr3	42785321	42786027	2	2	1	3	0	31
chr3	44753553	44754223	2	2	1	2	0	8
chr3	44802992	44805026	1	1	1	1	0	46
chr3	44840457	44841073	1	1	1	1	0	25
chr3	44851953	44852207	1	1	1	2	0	6
chr3	44926848	44929305	2	2	1	1	0	24
chr3	45007576	45011234	1	1	1	4	0	33
chr3	45713197	45714045	1	1	1	1	0	34
chr3	45714080	45715209	1	1	1	1	0	15
chr3	45731381	45732052	1	1	1	1	0	30
chr3	46921836	46922072	1	3	1	1	0	25
chr3	47062347	47067069	2	2	1	1	0	40
chr3	47067119	47083719	2	2	1	1	0	3
chr3	47414653	47414826	2	2	1	1	0	28
chr3	47636137	47638724	2	2	1	7	0	32
chr3	47638781	47661293	2	2	1	13	0	44
chr3	47661456	47662333	2	2	1	2	0	41
chr3	47680509	47686048	2	2	1	1	0	3
chr3	47701403	47706408	2	2	1	6	0	39
chr3	47706531	47710682	2	2	1	1	0	8
chr3	47714491	47720665	2	2	1	1	0	38
chr3	47877524	47914816	2	2	1	1	0	27
chr3	48440313	48440402	1	1	1	9	0	34
chr3	48440459	48440540	1	1	1	5	0	41
chr3	48440459	48440544	1	1	1	3	0	22
chr3	48440629	48443847	1	1	1	70	8	45
chr3	48465084	48465486	1	1	1	2	0	18
chr3	48581158	48581259	2	2	1	1	0	15
chr3	48599193	48599634	2	2	1	7	0	40
chr3	48599711	48600062	2	2	1	1	0	25
chr3	48600568	48600679	2	2	1	1	0	12
chr3	48974868	48974957	1	1	1	1	0	22
chr3	48974980	48979481	1	1	1	1	0	22
chr3	49024405	49024494	2	2	1	31	0	44
chr3	49024579	49024658	2	2	1	33	0	46
chr3	49024803	49024895	2	2	1	1	0	24
chr3	49026420	49026518	2	2	1	1	0	43
chr3	49096080	49097991	2	2	1	10	0	43
chr3	49096080	49098191	2	2	1	1	0	10
chr3	49098990	49099109	2	2	1	1	0	30
chr3	49100459	49100574	2	2	1	2	0	45
chr3	49121363	49121432	2	2	1	1	0	41
chr3	49683147	49683236	1	1	1	1	0	9
chr3	49832069	49839771	2	2	1	1	0	32
chr3	49838809	49876509	2	2	1	1	0	39
chr3	50061222	50061461	1	1	1	2	0	44
chr3	50061548	50061961	1	1	1	2	0	10
chr3	50075331	50077007	1	1	1	1	0	15
chr3	50114100	50114179	1	1	1	2	0	37
chr3	50236454	50252099	1	1	1	1	0	14
chr3	50252143	50252396	1	1	1	1	0	27
chr3	50326187	50326356	2	2	1	2	0	20
chr3	50326187	50326384	2	4	1	1	0	24
chr3	51387879	51388904	1	1	1	1	0	28
chr3	51396191	51397053	2	2	1	1	0	30
chr3	51412481	51412992	2	2	1	1	0	22
chr3	51933600	51933707	2	2	1	4	0	36
chr3	51933782	51934471	2	2	1	3	0	42
chr3	51934552	51934630	2	2	1	1	0	39
chr3	51994127	51995041	2	2	1	1	4	28
chr3	51995107	51995424	2	2	1	3	0	40
chr3	51995470	51995856	2	2	1	1	0	39
chr3	52524732	52524816	2	2	1	1	0	21
chr3	52524882	52524962	2	2	1	1	0	6
chr3	52525296	52527293	2	2	1	1	0	10
chr3	52527376	52527616	2	2	1	1	0	30
chr3	52534878	52540423	1	1	1	1	0	4
chr3	52536774	52540423	1	1	1	1	0	8
chr3	52536907	52540423	1	1	1	4	0	43
chr3	52603733	52609312	2	2	1	1	0	15
chr3	52642046	52643247	2	2	1	1	0	46
chr3	52668646	52678499	2	2	1	1	0	40
chr3	52686106	52686768	1	1	1	1	0	40
chr3	52686828	52687245	1	1	1	4	0	32
chr3	52687384	52687501	1	1	1	3	0	44
chr3	52693545	52693631	1	1	1	1	0	30
chr3	52694104	52694192	1	1	1	4	0	35
chr3	52696041	52696233	2	2	1	2	0	19
chr3	52696660	52697720	2	2	1	1	0	40
chr3	52911179	52912537	2	2	1	1	0	12
chr3	52934902	52943352	2	2	1	1	0	30
chr3	53224972	53225392	1	1	1	1	0	19
chr3	53225932	53226755	2	2	1	4	0	15
chr3	53226879	53228055	2	2	1	1	0	8
chr3	53228360	53229006	2	2	1	1	0	34
chr3	53229138	53229279	2	2	1	1	0	43
chr3	53231551	53233155	2	2	1	1	0	7
chr3	53233275	53234982	2	2	1	1	0	33
chr3	53235175	53240250	2	2	1	1	0	37
chr3	53868863	53869981	2	2	1	1	0	42
chr3	54632503	54633558	2	2	1	3	0	39
chr3	55009444	55018205	1	1	1	1	0	20
chr3	56019032	56080816	2	2	1	1	0	29
chr3	56566739	56566949	1	1	1	1	0	20
chr3	56571303	56592969	1	1	1	1	0	36
chr3	57238117	57240464	1	1	1	3	0	40
chr3	57260154	57260627	1	1	1	2	0	37
chr3	57260775	57267741	1	1	1	1	0	28
chr3	57572299	57575547	2	2	1	2	0	14
chr3	57575674	57577315	2	2	1	2	0	34
chr3	57860840	57861948	1	1	1	1	0	17
chr3	57862087	57864547	1	1	1	1	0	22
chr3	58169794	58170574	1	1	1	3	0	36
chr3	58399378	58403861	1	1	1	1	0	38
chr3	58403911	58408923	1	1	1	3	0	7
chr3	58409002	58409531	1	1	1	2	0	7
chr3	58428180	58428472	2	2	1	4	0	35
chr3	59039630	59046228	2	2	1	1	0	42
chr3	61766737	61767131	2	4	1	1	0	25
chr3	62530813	62532870	2	2	1	1	0	30
chr3	63835224	63835323	2	2	1	1	0	15
chr3	63835391	63836300	2	2	1	1	0	7
chr3	63838500	63839655	2	2	1	2	0	30
chr3	63839774	63863503	2	2	1	1	0	19
chr3	64010765	64010877	2	2	1	5	0	46
chr3	64010956	64013438	2	2	1	4	0	39
chr3	64013608	64018598	2	2	1	2	0	14
chr3	64019442	64022317	2	2	1	1	0	33
chr3	65661836	65662075	2	4	1	2	0	36
chr3	67268593	67268800	2	2	1	1	0	16
chr3	69042913	69043749	2	2	1	2	0	23
chr3	69196397	69196899	2	2	1	1	0	14
chr3	70959392	70965889	2	2	1	1	0	14
chr3	72179968	72181279	2	2	1	1	0	19
chr3	72997072	72998076	1	1	1	3	0	37
chr3	75214556	75214621	1	1	1	0	1	45
chr3	75672770	75673193	1	1	1	2	0	45
chr3	87253511	87253711	1	1	1	1	0	33
chr3	97864648	97871841	1	1	1	3	0	26
chr3	98819418	98820247	2	2	1	1	0	19
chr3	98820289	98822227	2	2	1	1	0	32
chr3	99818044	100146972	1	1	1	1	0	35
chr3	100320972	100323586	1	1	1	2	0	33
chr3	100352503	100354771	1	1	1	1	0	8
chr3	100354828	100355176	1	1	1	6	0	46
chr3	100368167	100369037	2	2	1	1	0	6
chr3	100373646	100375017	2	2	1	1	0	23
chr3	100381764	100384478	2	2	1	2	0	33
chr3	100386979	100400625	2	2	1	1	0	22
chr3	100558590	100568821	1	1	1	1	0	40
chr3	100728859	100732507	1	1	1	2	0	26
chr3	101493969	101513090	2	2	1	1	0	24
chr3	101580005	101585436	1	1	1	3	0	46
chr3	101681216	101682428	2	2	1	171	3	46
chr3	101681216	101682770	2	2	1	1	0	30
chr3	101682493	101682770	2	2	1	97	0	46
chr3	101682908	101685817	2	2	1	1	0	17
chr3	101685929	101686481	2	2	1	3	0	38
chr3	107744711	107747964	1	1	1	1	0	30
chr3	107748040	107755597	1	1	1	1	0	30
chr3	107755679	107772627	1	3	1	1	0	15
chr3	108553731	108554375	2	2	1	3	0	41
chr3	108554490	108557217	2	2	1	3	0	46
chr3	108654311	108661876	1	1	1	1	0	20
chr3	109330813	109331733	2	2	1	1	0	14
chr3	109331785	109331870	2	2	1	3	0	41
chr3	109333994	109337463	2	2	1	5	0	39
chr3	112324867	112330542	1	1	1	3	0	17
chr3	112532781	112534268	2	2	1	2	0	23
chr3	112538181	112541802	2	2	1	1	0	5
chr3	112581327	112582670	1	1	1	1	0	25
chr3	112999565	113000849	1	1	1	1	0	33
chr3	113468900	113469098	2	2	1	1	0	36
chr3	113670204	113673347	2	2	1	1	0	18
chr3	115810415	115841844	2	2	1	1	0	7
chr3	119498928	119500694	1	1	1	1	0	34
chr3	119669666	119675144	2	2	1	18	5	44
chr3	119675234	119677203	2	2	1	4	1	41
chr3	119826856	119843254	2	2	1	1	0	46
chr3	119843354	119863418	2	2	1	1	0	32
chr3	120596540	120601110	1	1	1	1	0	26
chr3	120601258	120602207	1	1	1	17	3	46
chr3	120751001	120770727	1	1	1	1	0	28
chr3	121347057	121351787	1	1	1	0	1	40
chr3	121730018	121730875	2	2	1	2	0	34
chr3	121790216	121795456	2	2	1	1	0	37
chr3	121826181	121828469	2	2	1	1	0	17
chr3	122407390	122409738	1	1	1	4	0	9
chr3	122437296	122442037	2	2	1	1	0	32
chr3	122496571	122514756	2	2	1	1	0	40
chr3	123931527	123933672	2	2	1	2	0	43
chr3	123955966	123956045	2	2	1	1	0	20
chr3	123956116	123956354	2	2	1	1	0	25
chr3	124764558	124766225	2	2	1	1	0	17
chr3	124819835	124821312	2	2	1	1	0	15
chr3	126957552	126960195	1	1	1	5	0	31
chr3	127030413	127032386	1	1	1	1	0	39
chr3	127620881	127621072	1	1	1	1	0	10
chr3	129078271	129082675	1	1	1	1	0	41
chr3	129134955	129140367	2	2	1	1	0	43
chr3	129171281	129171445	0	0	1	1	0	17
chr3	129318311	129318542	1	1	1	2	0	8
chr3	129396421	129397039	2	2	1	1	0	4
chr3	129514555	129515487	1	1	1	1	0	9
chr3	130718535	130723413	2	2	1	1	0	41
chr3	130941700	130953820	1	1	1	2	0	33
chr3	130986888	130986932	1	1	1	0	2	20
chr3	130986893	130986932	1	1	1	0	2	20
chr3	130986898	130986932	1	1	1	0	2	20
chr3	130986903	130986932	1	1	1	0	2	20
chr3	130986908	130986932	1	1	1	0	2	20
chr3	130998390	130999517	1	1	1	1	0	14
chr3	131498278	131500429	2	2	1	3	0	25
chr3	132456402	132456500	1	1	1	2	0	22
chr3	132513100	132514570	1	1	1	1	0	13
chr3	132675924	132676442	1	1	1	5	0	40
chr3	133574285	133575038	1	1	1	1	0	34
chr3	133584151	133586562	1	1	1	2	0	25
chr3	133617327	133618212	2	2	1	2	0	42
chr3	133657942	133659015	2	2	1	1	0	4
chr3	134366428	134367496	2	2	1	2	0	46
chr3	134478716	134482805	2	2	1	1	0	9
chr3	134552013	134561376	1	1	1	1	0	41
chr3	138094984	138097762	2	2	1	1	0	25
chr3	138495077	138498030	2	2	1	2	0	43
chr3	139355791	139356918	1	1	1	5	0	30
chr3	139357959	139358199	2	2	1	1	0	29
chr3	139358272	139358743	2	2	1	1	0	25
chr3	139367146	139368144	2	2	1	1	0	45
chr3	139369368	139369455	2	2	1	1	0	19
chr3	139369545	139371722	2	2	1	1	0	38
chr3	140956692	140959462	1	1	1	1	0	20
chr3	140959541	140963126	1	1	1	1	0	29
chr3	140970994	140973715	1	1	1	1	0	3
chr3	141743557	141745158	1	1	1	2	0	44
chr3	141952697	141952910	2	2	1	3	0	35
chr3	141970142	141974047	2	2	1	1	0	40
chr3	141974192	141978519	2	2	1	4	0	36
chr3	141974195	141978519	2	2	1	1	0	22
chr3	141978683	141993537	2	2	1	2	0	39
chr3	141993586	141995019	2	2	1	2	0	5
chr3	142370621	142371238	2	2	1	1	0	22
chr3	142371329	142375797	2	2	1	1	0	18
chr3	142453234	142457603	2	2	1	1	0	30
chr3	142536202	142538481	2	2	1	1	0	44
chr3	143010860	143012221	1	1	1	1	0	26
chr3	143012354	143014310	1	1	1	3	0	44
chr3	143014410	143016256	1	1	1	3	0	46
chr3	143016372	143016841	1	1	1	10	0	41
chr3	143016976	143019968	1	1	1	1	0	29
chr3	143036105	143037178	1	1	1	1	0	6
chr3	143037336	143038107	1	1	1	10	0	38
chr3	143038204	143038893	1	1	1	1	0	3
chr3	143043277	143050938	1	1	1	5	0	39
chr3	143051050	143053675	1	1	1	2	0	41
chr3	143055120	143056311	1	1	1	2	0	12
chr3	143985847	143989509	1	1	1	1	0	3
chr3	149034999	149039048	2	2	1	1	0	10
chr3	149048164	149048862	2	2	1	3	0	40
chr3	149059808	149060642	2	2	1	1	0	22
chr3	149060688	149060778	2	2	1	1	0	25
chr3	149074349	149075880	2	2	1	1	0	45
chr3	149129941	149140003	1	1	1	1	0	26
chr3	150544499	150545702	2	2	1	2	0	26
chr3	150572530	150575648	1	1	1	1	0	35
chr3	150574046	150602943	2	2	1	1	0	25
chr3	150575763	150581617	1	1	1	2	0	6
chr3	153534664	153604645	2	2	1	0	1	3
chr3	154280863	154283187	2	2	1	1	0	32
chr3	154292695	154293747	2	2	1	1	0	24
chr3	154293813	154295283	2	2	1	1	0	3
chr3	154303411	154304805	2	2	1	6	0	44
chr3	154315281	154316038	2	2	1	4	0	42
chr3	154316164	154324173	2	2	1	3	0	10
chr3	155260624	155265029	2	2	1	1	0	29
chr3	155903961	155906159	1	1	1	2	0	19
chr3	155914571	155916018	1	1	1	3	0	44
chr3	155935047	155936337	1	1	1	1	0	12
chr3	155936511	155937590	1	1	1	3	2	38
chr3	157159480	157159791	2	2	1	1	0	21
chr3	158203246	158298038	1	1	1	2	0	29
chr3	158298076	158354856	1	1	1	1	0	26
chr3	159888944	159892096	1	1	1	1	0	11
chr3	160268537	160277305	2	2	1	1	0	15
chr3	160402868	160404327	1	1	1	3	0	36
chr3	160404505	160411919	1	1	1	1	0	38
chr3	160412085	160412325	1	1	1	1	0	27
chr3	160412454	160413472	1	1	1	3	0	24
chr3	160413614	160414366	1	1	1	4	0	42
chr3	160414518	160416250	1	1	1	17	0	45
chr3	160418163	160419357	1	1	1	1	0	14
chr3	160426201	160428752	1	1	1	1	0	18
chr3	160430744	160431031	1	1	1	1	0	27
chr3	160431206	160431642	1	1	1	1	0	5
chr3	160431826	160432282	1	1	1	2	0	36
chr3	160433210	160433656	1	1	1	1	0	8
chr3	167684390	167687233	2	2	1	1	0	4
chr3	167720274	167734805	2	2	1	1	0	3
chr3	168024595	168024927	2	2	1	3	0	39
chr3	169966859	169975607	1	1	1	1	0	20
chr3	169975717	169976945	1	1	1	3	0	24
chr3	169977052	169982706	1	1	1	13	0	43
chr3	170280404	170281165	1	1	1	1	0	18
chr3	170295991	170297303	1	1	1	1	0	15
chr3	170390465	170391035	1	1	1	2	0	30
chr3	170408585	170408939	2	4	1	1	0	34
chr3	171167271	171175251	2	2	1	2	0	40
chr3	171175331	171177325	2	2	1	1	0	10
chr3	172295515	172298727	1	1	1	1	0	13
chr3	172298788	172307362	1	1	1	1	0	19
chr3	172755375	172755482	1	1	1	1	0	23
chr3	172769144	172773902	1	1	1	1	0	23
chr3	172783910	172784706	1	1	1	2	0	4
chr3	176321828	176327121	1	1	1	1	3	45
chr3	176325001	176326764	2	2	1	1	0	15
chr3	177025525	177026372	2	2	1	2	0	22
chr3	179385722	179386432	1	1	1	1	0	32
chr3	179569901	179570066	1	1	1	2	0	29
chr3	179576312	179576619	1	1	1	3	0	34
chr3	179586633	179587929	1	1	1	1	0	6
chr3	179588996	179592643	2	2	1	5	0	28
chr3	180032617	180032751	1	3	1	1	0	44
chr3	180602423	180602890	1	1	1	1	0	32
chr3	180947937	180948346	1	1	1	2	0	7
chr3	180953841	180957818	1	1	1	1	0	11
chr3	180962941	180963027	1	1	1	1	0	11
chr3	180963091	180968050	1	1	1	1	0	18
chr3	180970359	180976121	1	1	1	1	0	27
chr3	180984711	180985925	2	2	1	12	2	44
chr3	180985997	180986942	2	2	1	4	1	42
chr3	180985997	180989599	2	2	1	1	0	37
chr3	180987023	180988022	2	2	1	0	1	45
chr3	183829710	183833491	2	2	1	1	0	3
chr3	183833590	183833723	2	2	1	1	0	43
chr3	183833826	183840569	2	2	1	1	0	39
chr3	183866766	183867864	2	2	1	2	0	25
chr3	184170222	184170318	1	1	1	1	0	14
chr3	184180252	184180644	1	1	1	1	0	6
chr3	184180651	184180848	1	1	1	1	0	6
chr3	184182869	184183481	1	1	1	1	0	34
chr3	184183843	184183926	2	2	1	3	0	19
chr3	184305931	184306053	1	1	1	3	0	31
chr3	184306156	184306349	1	1	1	3	0	27
chr3	184307709	184307889	1	1	1	1	0	16
chr3	184323242	184323407	1	1	1	1	0	31
chr3	184323594	184323779	1	1	1	1	0	14
chr3	184324348	184324877	1	1	1	1	0	16
chr3	184325115	184325268	1	1	1	2	0	25
chr3	184363566	184364965	1	1	1	1	0	21
chr3	184924982	184926593	1	1	1	1	0	18
chr3	184926651	184928450	1	1	1	1	0	17
chr3	185285644	185291612	1	1	1	1	0	3
chr3	185687192	185689354	2	2	1	2	0	42
chr3	185833046	185833894	1	3	1	1	0	27
chr3	185917726	185918364	2	2	1	2	0	5
chr3	185918439	185919436	2	2	1	2	0	22
chr3	185919497	185921103	2	2	1	2	0	28
chr3	185921188	185922010	2	2	1	1	0	29
chr3	185922127	185923795	2	2	1	1	0	30
chr3	185923985	185925463	2	2	1	2	0	40
chr3	185931853	185937824	2	2	1	3	0	39
chr3	186095314	186105304	2	2	1	1	0	29
chr3	186584590	186585343	1	1	1	5	0	45
chr3	186784697	186785882	1	1	1	1	0	45
chr3	186786052	186786163	1	1	1	2	0	35
chr3	186786274	186786501	1	1	1	4	0	33
chr3	186786646	186787126	1	1	1	5	0	37
chr3	186787585	186787802	1	1	1	1	0	8
chr3	186790065	186790141	2	2	1	7	0	44
chr3	186792948	186794657	2	2	1	2	0	15
chr3	187128063	187139212	2	2	1	2	0	22
chr3	193628617	193631611	1	1	1	1	0	43
chr3	193643628	193643974	1	1	1	1	0	7
chr3	193645801	193647064	1	1	1	1	0	40
chr3	193692133	193694605	1	1	1	1	0	20
chr3	194457175	194459470	2	2	1	1	0	6
chr3	194459542	194459788	2	2	1	1	0	15
chr3	194642248	194644572	2	2	1	2	0	38
chr3	195342655	195345258	2	2	1	2	0	4
chr3	195345318	195381008	2	2	1	5	0	29
chr3	195381063	195381902	2	2	1	6	0	34
chr3	195519186	195523691	2	2	1	2	0	10
chr3	196075361	196077063	2	2	1	1	0	19
chr3	196077123	196082042	2	2	1	1	0	6
chr3	196291375	196296005	2	2	1	3	0	21
chr3	196296070	196306942	2	2	1	2	0	39
chr3	196766040	196782625	1	1	1	1	0	36
chr3	196782834	196801926	1	1	1	0	1	44
chr3	196937083	196937509	2	2	1	1	0	32
chr3	197138392	197140139	2	2	1	1	0	32
chr3	197161739	197194424	2	2	1	2	0	34
chr3	197282846	197296345	2	2	1	1	0	6
chr3	197768588	197770131	1	1	1	1	0	26
chr3	197770245	197773402	1	1	1	1	0	30
chr3	197932303	197938547	2	2	1	1	0	36
chr3	197950300	197950935	1	1	1	1	0	27
chr3	197950979	197951158	1	1	1	4	0	38
chr3	197951312	197954002	1	1	1	57	0	45
chr3	197953661	197954002	1	1	1	2	0	14
chr3	197954148	197955749	1	1	1	196	0	45
chr3	197985891	197990558	1	1	1	1	0	45
chr3	198173670	198173887	1	1	1	0	1	16
chr3	198173676	198173887	1	1	1	0	1	22
chr4	672520	673302	2	2	1	75	0	46
chr4	673402	673911	2	2	1	25	0	44
chr4	673967	674211	2	2	1	11	0	41
chr4	1703701	1711873	2	2	1	1	0	37
chr4	1737703	1739701	1	1	1	1	0	18
chr4	1739779	1739958	1	1	1	3	0	32
chr4	1740003	1740825	1	1	1	3	0	16
chr4	1740987	1744517	1	1	1	1	0	35
chr4	1918624	1930625	1	1	1	1	0	12
chr4	1975005	1975293	1	1	1	1	0	42
chr4	2042825	2043860	1	1	1	1	0	34
chr4	2213127	2229098	2	2	1	1	0	9
chr4	2232161	2236227	2	2	1	1	0	37
chr4	2554136	2590400	1	1	1	1	0	21
chr4	2894094	2894581	1	1	1	2	0	32
chr4	2926113	2928170	1	1	1	1	0	24
chr4	2953646	2954423	2	2	1	1	0	32
chr4	4274770	4279446	2	2	1	2	0	32
chr4	4279531	4279641	2	2	1	1	0	14
chr4	4279750	4281782	2	2	1	1	0	26
chr4	5822720	5825493	2	2	1	1	0	24
chr4	6858507	6860900	1	1	1	1	0	36
chr4	10079002	10081356	2	2	1	1	0	28
chr4	10099140	10103895	2	2	1	2	0	19
chr4	13579974	13581019	2	2	1	1	0	24
chr4	13581055	13581131	2	2	1	1	0	30
chr4	13588793	13590385	2	2	1	3	0	42
chr4	13605085	13607116	2	2	1	1	0	25
chr4	13607190	13608529	2	2	1	4	0	18
chr4	13608669	13609294	2	2	1	4	0	28
chr4	13613662	13614195	2	2	1	2	0	36
chr4	15640884	15644492	2	2	1	1	0	24
chr4	16822658	16823079	1	3	1	1	0	26
chr4	17492341	17501718	2	2	1	1	0	26
chr4	17828389	17830996	1	1	1	1	0	15
chr4	17839838	17840070	1	1	1	1	0	22
chr4	17842380	17843301	1	1	1	3	0	31
chr4	22726479	22726540	1	1	1	5	1	36
chr4	24570848	24576242	2	2	1	1	0	39
chr4	25393892	25394309	1	1	1	1	0	35
chr4	25394906	25396663	1	1	1	1	0	18
chr4	25396900	25402970	1	1	1	2	0	36
chr4	25403027	25405572	1	1	1	1	0	25
chr4	25414505	25414598	1	1	1	2	0	30
chr4	25757607	25757687	2	2	1	2	0	42
chr4	26321049	26386352	1	1	1	2	0	24
chr4	26362629	26386352	1	1	1	3	0	12
chr4	26386392	26406174	1	1	1	7	0	38
chr4	26430523	26430691	1	1	1	1	0	26
chr4	38090118	38095928	1	1	1	1	0	16
chr4	38118193	38124961	1	1	1	1	0	40
chr4	39290040	39291638	2	2	1	1	0	3
chr4	39309033	39311444	2	2	1	3	0	36
chr4	39311550	39312751	2	2	1	9	0	44
chr4	39312932	39316914	2	2	1	1	0	5
chr4	39321375	39323339	2	2	1	1	0	22
chr4	39323418	39326562	2	2	1	1	0	39
chr4	39327757	39342344	2	2	1	3	0	29
chr4	39342468	39345400	2	2	1	1	0	35
chr4	39454226	39454532	2	2	1	179	1	45
chr4	39454650	39454863	2	2	1	87	1	44
chr4	39454945	39456405	2	2	1	0	7	44
chr4	39456539	39457585	2	2	1	0	2	34
chr4	39457682	39458193	2	2	1	5	0	33
chr4	39500254	39503874	2	2	1	1	0	45
chr4	39774934	39777681	1	1	1	3	0	17
chr4	39777811	39778359	1	1	1	2	0	44
chr4	39825489	39837477	2	2	1	1	0	42
chr4	39862334	39862868	2	2	1	1	0	18
chr4	40107025	40112083	1	1	1	1	0	28
chr4	40107025	40112089	1	1	1	1	0	35
chr4	40112173	40113431	1	1	1	1	0	42
chr4	41257738	41268221	1	1	1	1	1	23
chr4	41260798	41261714	1	1	1	1	0	38
chr4	41261801	41261875	1	1	1	1	0	25
chr4	41263292	41264102	1	1	1	1	0	41
chr4	41264162	41267986	1	1	1	1	0	8
chr4	42022931	42023301	1	1	1	1	0	40
chr4	42063122	42065309	1	1	1	2	0	29
chr4	42065350	42066549	1	1	1	2	0	40
chr4	47851149	47851855	2	2	1	2	0	13
chr4	47855164	47862845	2	2	1	1	0	34
chr4	48570919	48573185	2	2	1	1	0	43
chr4	48850083	48851805	1	1	1	1	0	33
chr4	48885566	48892771	2	2	1	9	0	40
chr4	48885566	48894005	2	2	1	2	0	26
chr4	48892890	48894005	2	2	1	1	0	38
chr4	49096218	49097125	2	2	1	0	1	26
chr4	51863710	51874270	1	1	1	1	0	20
chr4	52626248	52627949	2	2	1	2	0	29
chr4	53425966	53428026	1	1	1	1	0	42
chr4	53444104	53452919	1	1	1	1	0	46
chr4	53458791	53459301	1	1	1	1	0	43
chr4	55411840	55417071	1	1	1	1	0	12
chr4	55424644	55425375	1	1	1	3	0	37
chr4	55595412	55599141	2	2	1	2	0	28
chr4	55599182	55600521	2	2	1	1	0	24
chr4	55609180	55616337	2	2	1	2	0	41
chr4	55616386	55630401	2	2	1	1	0	6
chr4	55878067	55880834	1	1	1	1	0	35
chr4	55949060	55952085	1	1	1	2	0	14
chr4	55959767	55964273	1	1	1	1	0	43
chr4	56378465	56382476	2	2	1	1	0	17
chr4	56382598	56384069	2	2	1	1	0	21
chr4	56395549	56396618	2	2	1	0	1	4
chr4	56396740	56399178	2	2	1	1	0	3
chr4	56453762	56459371	1	1	1	3	0	41
chr4	56478504	56478591	1	1	1	1	0	6
chr4	56478650	56483138	1	1	1	1	0	37
chr4	56484865	56486324	1	1	1	1	0	11
chr4	56486398	56487948	1	1	1	1	0	8
chr4	56490437	56490567	1	1	1	1	0	4
chr4	56490646	56491430	1	1	1	7	0	45
chr4	56491569	56495356	1	1	1	1	0	11
chr4	56911537	56919786	1	1	1	1	0	37
chr4	56919871	56929840	1	1	1	1	0	41
chr4	56986427	56990747	1	1	1	1	0	44
chr4	56999782	57005245	1	1	1	2	0	20
chr4	57007003	57010360	1	1	1	1	0	41
chr4	57011101	57015501	1	1	1	1	0	4
chr4	57030400	57030898	1	1	1	3	0	44
chr4	67495213	67505204	2	2	1	2	0	7
chr4	67518369	67519216	2	2	1	1	0	16
chr4	68332198	68332793	2	2	1	1	0	8
chr4	68332848	68333307	2	2	1	1	0	30
chr4	68337451	68337571	2	2	1	1	0	20
chr4	68338385	68349725	2	2	1	1	0	11
chr4	70789593	70793784	1	1	1	1	0	46
chr4	70820862	70824293	2	2	1	3	0	33
chr4	70826246	70827851	2	2	1	1	0	31
chr4	73098521	73102375	2	2	1	1	0	18
chr4	73102548	73113791	2	2	1	2	0	9
chr4	73113909	73115820	2	2	1	5	0	45
chr4	73140284	73141740	2	2	1	1	0	21
chr4	73147433	73148812	2	2	1	1	0	18
chr4	74125518	74160054	1	1	1	1	0	4
chr4	74158282	74160054	1	1	1	1	0	11
chr4	75490702	75491610	2	2	1	2	0	27
chr4	75491638	75491723	2	2	1	2	0	27
chr4	75556150	75563209	1	1	1	0	1	3
chr4	75701381	75701548	2	4	1	1	0	20
chr4	75724886	75752372	1	1	1	1	0	29
chr4	75752460	75752539	1	1	1	1	0	41
chr4	75752605	75757496	1	1	1	1	0	24
chr4	75800470	75800617	1	1	1	1	0	5
chr4	75800800	75801078	1	1	1	1	0	22
chr4	75956137	75957324	2	2	1	3	0	17
chr4	75957410	75957517	2	2	1	8	0	43
chr4	75957709	75957846	2	2	1	1	0	28
chr4	75957942	75960065	2	2	1	2	0	27
chr4	75970379	75971356	2	2	1	1	0	4
chr4	75971459	75973316	2	2	1	3	0	37
chr4	75973392	75974075	2	2	1	5	0	40
chr4	75974134	75975743	2	2	1	1	0	15
chr4	76263844	76268659	1	1	1	1	0	42
chr4	77020671	77028628	1	1	1	1	0	16
chr4	77028762	77030782	1	1	1	6	0	34
chr4	77141793	77171422	1	1	1	1	0	13
chr4	77862880	77871743	1	1	1	3	0	38
chr4	77871856	77883241	1	1	1	3	0	33
chr4	78842528	78844927	1	1	1	1	0	27
chr4	82354155	82355303	2	2	1	11	0	40
chr4	82355002	82355303	2	2	1	2	0	12
chr4	82356684	82356795	2	2	1	1	0	9
chr4	82357445	82358658	2	2	1	5	0	44
chr4	82358821	82359470	2	2	1	6	0	46
chr4	82359640	82371527	2	2	1	1	0	43
chr4	82424884	82426036	2	2	1	8	0	44
chr4	82425668	82426036	2	2	1	1	0	41
chr4	82426130	82426462	2	2	1	1	0	36
chr4	82426634	82427189	2	2	1	2	0	25
chr4	82427305	82427432	2	2	1	2	0	44
chr4	82427565	82428017	2	2	1	1	0	4
chr4	82428180	82428277	2	2	1	10	0	30
chr4	82428447	82429247	2	2	1	1	0	15
chr4	82448022	82451042	1	1	1	1	0	28
chr4	82862573	82863317	2	2	1	2	0	16
chr4	82863393	82864361	2	2	1	1	0	16
chr4	82878929	82880798	2	2	1	1	0	10
chr4	83458430	83459739	1	1	1	3	0	34
chr4	83459798	83460972	1	1	1	5	0	43
chr4	83461033	83461120	1	1	1	9	0	45
chr4	86741817	86744965	1	1	1	1	0	14
chr4	86763191	86764592	1	3	1	1	0	38
chr4	86784559	86785230	1	1	1	1	0	20
chr4	87479579	87480371	2	2	1	1	0	3
chr4	88115059	88118108	2	2	1	1	0	32
chr4	88457535	88459346	1	1	1	1	0	46
chr4	88504416	88504494	1	1	1	2	0	43
chr4	89726661	89729193	2	2	1	3	0	45
chr4	92263351	92269242	2	2	1	1	0	25
chr4	92269357	92277049	2	2	1	2	0	37
chr4	93657466	93657551	2	2	1	1	0	27
chr4	94249756	94250751	1	1	1	1	0	25
chr4	94250834	94252615	1	1	1	2	0	29
chr4	94276475	94277021	1	1	1	1	0	23
chr4	98421395	98433935	1	1	1	1	0	27
chr4	98472588	98476188	2	2	1	1	0	15
chr4	98885062	98887078	2	2	1	0	1	30
chr4	98887953	98891236	2	2	1	1	0	21
chr4	98995868	99028866	1	1	1	1	0	10
chr4	99072712	99074913	2	2	1	1	0	17
chr4	99559351	99563557	2	2	1	1	0	31
chr4	99948524	99948810	2	2	1	1	0	30
chr4	99948941	99949272	2	2	1	1	0	14
chr4	102797461	102799406	2	2	1	2	0	40
chr4	102799501	102801453	2	2	1	2	0	27
chr4	102801560	102802560	2	4	1	1	0	25
chr4	102869188	102885215	1	1	1	3	0	45
chr4	102885431	102887340	1	1	1	2	0	35
chr4	103116690	103120147	2	2	1	1	0	13
chr4	103123090	103132692	2	2	1	2	0	11
chr4	103132897	103133694	2	2	1	2	0	16
chr4	103136360	103138350	2	2	1	1	0	25
chr4	103141909	103143247	2	2	1	4	0	15
chr4	103147647	103148843	2	2	1	1	0	41
chr4	103149000	103149117	2	2	1	2	0	8
chr4	103149409	103151218	2	2	1	1	0	18
chr4	103151378	103153046	2	2	1	1	0	20
chr4	103161252	103161334	2	2	1	1	0	45
chr4	103163257	103174735	2	2	1	1	0	32
chr4	103176049	103176898	2	2	1	3	0	37
chr4	103180470	103181336	2	2	1	1	0	34
chr4	103195234	103195919	2	2	1	1	0	30
chr4	103598401	103605771	1	1	1	0	2	18
chr4	105369754	105370836	2	2	1	5	0	37
chr4	105370874	105386566	2	2	1	3	0	37
chr4	105396335	105399036	2	2	1	2	0	18
chr4	105446503	105449349	2	2	1	1	0	43
chr4	106235368	106236389	2	2	1	2	0	25
chr4	106325119	106327450	1	1	1	2	0	5
chr4	106327565	106328075	1	1	1	2	0	32
chr4	107614388	107631630	2	2	1	1	0	36
chr4	107631861	107644801	2	2	1	1	0	20
chr4	107660073	107682014	2	2	1	2	0	42
chr4	108620601	108621950	1	1	1	9	0	24
chr4	108622025	108622104	1	1	1	58	1	46
chr4	108622205	108622514	1	1	1	416	0	46
chr4	108622619	108625127	1	1	1	1187	0	45
chr4	108657648	108667246	1	1	1	3	0	46
chr4	109689569	109690849	2	2	1	1	0	23
chr4	109714496	109717547	2	2	1	4	0	33
chr4	110183789	110183856	2	4	1	1	0	18
chr4	112646956	112647033	1	1	1	6	0	45
chr4	112646969	112647414	2	2	1	15	0	34
chr4	112646969	112648653	2	2	1	3	0	26
chr4	112647468	112648653	2	2	1	7	0	21
chr4	112647835	112649534	1	1	1	1	0	31
chr4	112800798	112805724	1	1	1	0	1	46
chr4	118279432	118279623	1	1	1	2	0	14
chr4	118308578	118313200	2	2	1	2	0	14
chr4	118704052	118705610	1	1	1	1	0	27
chr4	118752090	118752696	2	2	1	1	0	44
chr4	119298780	119300335	2	2	1	2	0	45
chr4	119507705	119511046	2	2	1	1	0	32
chr4	119560364	119562832	2	2	1	1	0	28
chr4	120062096	120065671	2	2	1	1	0	30
chr4	120781304	120784997	2	2	1	1	0	23
chr4	121677951	121678414	2	2	1	1	0	46
chr4	121683478	121684676	2	2	1	1	0	29
chr4	121684772	121686287	2	2	1	1	0	31
chr4	121814048	121816368	1	1	1	3	0	43
chr4	121816448	121816771	1	1	1	9	0	38
chr4	121818914	121819371	2	2	1	1	0	43
chr4	121821092	121822402	2	2	1	2	0	4
chr4	121861680	121863216	2	2	1	1	0	42
chr4	122244028	122245019	1	1	1	2	0	45
chr4	122313688	122315461	1	1	1	1	0	25
chr4	123396933	123397610	1	1	1	1	0	13
chr4	127706970	127708570	1	1	1	1	0	25
chr4	127896908	127898438	1	1	1	1	0	4
chr4	128107314	128114569	1	1	1	1	0	5
chr4	139290093	139292529	2	2	1	24	0	44
chr4	139292610	139295042	2	2	1	5	0	38
chr4	139301832	139334173	1	1	1	1	0	8
chr4	139344340	139349461	1	1	1	1	0	13
chr4	139351612	139354025	1	1	1	2	0	10
chr4	139361938	139370210	1	1	1	12	0	38
chr4	139703537	139704015	1	1	1	1	0	12
chr4	140392712	140393825	2	2	1	1	0	35
chr4	140406084	140409836	2	2	1	1	0	10
chr4	143367620	143367979	2	4	1	1	0	26
chr4	143543658	143543852	1	1	1	4	0	36
chr4	143543973	143544736	1	1	1	1	0	22
chr4	143544848	143545469	1	1	1	3	0	46
chr4	143546909	143547384	1	1	1	2	0	38
chr4	143547504	143547927	1	1	1	1	0	20
chr4	145112329	145117292	1	1	1	1	0	46
chr4	145117415	145119931	1	1	1	2	0	19
chr4	145123358	145123477	1	1	1	1	0	32
chr4	145554041	145557790	1	1	1	1	0	14
chr4	146183016	146187273	1	1	1	1	0	20
chr4	146187388	146189621	1	1	1	3	0	20
chr4	147631506	147632902	1	1	1	3	0	25
chr4	150798143	150806270	2	2	1	1	0	29
chr4	150929066	151014426	2	2	1	1	0	9
chr4	151099715	151100484	1	1	1	1	0	45
chr4	151101163	151102870	1	1	1	0	3	30
chr4	151103080	151104176	1	1	1	3	15	38
chr4	151104287	151104471	1	1	1	185	0	44
chr4	153358623	153394261	1	1	1	1	0	19
chr4	153409016	153414750	1	1	1	1	0	15
chr4	153583673	153584834	1	1	1	1	0	23
chr4	153586380	153587741	1	1	1	1	0	23
chr4	153587812	153588889	1	1	1	1	0	34
chr4	153612401	153620755	1	1	1	1	0	27
chr4	153712577	153715528	2	2	1	1	0	5
chr4	153785945	153788333	2	2	1	1	0	37
chr4	154536745	154537285	2	2	1	2	0	35
chr4	155352729	155352911	2	2	1	2	0	23
chr4	155353058	155353178	2	2	1	2	0	20
chr4	155353341	155355070	2	2	1	1	0	45
chr4	155355161	155355715	2	2	1	1	0	15
chr4	158710671	158710761	2	2	1	2	0	26
chr4	158710849	158713118	2	2	1	2	0	39
chr4	158715685	158717011	2	2	1	2	0	12
chr4	163494805	163507032	1	1	1	2	0	34
chr4	163514159	163515312	1	1	1	1	0	19
chr4	165333626	165337788	1	1	1	1	0	22
chr4	165340376	165341750	1	1	1	1	0	8
chr4	166722079	166725235	1	1	1	1	0	16
chr4	168990329	169006754	2	2	1	1	0	15
chr4	169507793	169508247	2	2	1	1	0	18
chr4	169577080	169580841	2	2	1	1	0	20
chr4	169713296	169717791	1	1	1	1	0	22
chr4	169729710	169731703	2	2	1	3	0	41
chr4	169748843	169750535	2	2	1	5	0	45
chr4	173332239	173332820	2	2	1	1	0	15
chr4	173332996	173333068	2	2	1	5	0	44
chr4	173333215	173333499	2	2	1	2	0	25
chr4	176324258	176327161	1	1	1	1	0	28
chr4	182143546	182143702	2	2	1	2	0	4
chr4	182891478	182893030	2	2	1	1	0	7
chr4	183209026	183240182	1	1	1	3	0	39
chr4	183240263	183245415	1	1	1	2	0	46
chr4	183248861	183249919	1	1	1	1	0	26
chr4	183249994	183253756	1	1	1	4	0	35
chr4	183254000	183259638	1	1	1	1	0	13
chr4	183271242	183280775	1	1	1	1	0	34
chr4	183280898	183282707	1	1	1	1	0	38
chr4	183445064	183445534	1	1	1	1	0	42
chr4	183649569	183650983	2	2	1	0	1	8
chr4	183682826	183683974	1	1	1	1	0	21
chr4	184695402	184697646	2	2	1	1	0	29
chr4	184716634	184717135	2	2	1	1	0	6
chr4	184725063	184728917	2	2	1	4	0	40
chr4	185145251	185145758	1	1	1	2	0	41
chr4	185400479	185403493	2	2	1	1	0	3
chr4	185413873	185415154	2	2	1	1	0	23
chr4	185418771	185422484	2	2	1	1	0	34
chr4	185471761	185472114	1	1	1	1	0	26
chr4	186601427	186602902	2	2	1	1	0	13
chr4	186603035	186603175	2	2	1	3	0	25
chr4	189955152	189957397	1	1	1	1	1	17
chr4	189961933	189963092	1	1	1	3	0	34
chr5	156211	156772	1	1	1	1	0	25
chr5	891855	892605	2	2	1	5	0	44
chr5	1461518	1473990	1	1	1	1	0	24
chr5	1798948	1799791	2	2	1	1	0	23
chr5	1801550	1802320	1	1	1	3	0	11
chr5	1802375	1814338	1	1	1	3	0	34
chr5	1814462	1815850	1	1	1	14	0	37
chr5	5436477	5437079	1	1	1	1	0	35
chr5	5437115	5439894	1	5	1	1	0	19
chr5	5441224	5443167	1	1	1	3	0	20
chr5	5443245	5444288	1	1	1	4	0	26
chr5	5444327	5447426	1	1	1	1	0	38
chr5	6377250	6378361	2	2	1	1	0	39
chr5	7773102	7784364	1	1	1	1	0	43
chr5	10258304	10258385	1	1	1	4	0	19
chr5	10261746	10262480	1	1	1	4	0	42
chr5	10262619	10263133	1	1	1	3	0	35
chr5	10263315	10264655	1	1	1	3	0	43
chr5	16451785	16453012	2	2	1	1	0	7
chr5	16703159	16704578	2	2	1	3	0	38
chr5	16704686	16710907	2	2	1	1	0	34
chr5	21461867	21466618	1	1	1	1	0	20
chr5	21477889	21478596	1	1	1	0	1	25
chr5	31431679	31435764	2	2	1	1	0	30
chr5	31646256	31646437	1	3	1	1	0	25
chr5	32355940	32363947	2	2	1	1	0	32
chr5	32397339	32400006	2	2	1	2	0	22
chr5	32404098	32406773	2	2	1	3	0	19
chr5	32483641	32485953	2	2	1	2	0	27
chr5	32591686	32598960	1	1	1	1	0	34
chr5	32599070	32601004	1	1	1	5	0	35
chr5	33441144	33445323	1	1	1	1	0	34
chr5	33453413	33454944	1	1	1	1	0	37
chr5	33455067	33455586	1	1	1	2	0	35
chr5	33462204	33463752	1	1	1	2	0	25
chr5	33463826	33466870	1	1	1	1	0	4
chr5	33466986	33467559	1	1	1	3	0	46
chr5	34196361	34197062	2	2	1	0	1	25
chr5	34811946	34812179	1	1	1	1	0	29
chr5	34812209	34813573	1	1	1	1	0	29
chr5	34829798	34830687	1	1	1	1	0	31
chr5	34923235	34924846	1	1	1	1	0	7
chr5	34924976	34925225	1	1	1	1	0	17
chr5	34933909	34935709	1	1	1	1	0	36
chr5	34935834	34936143	1	1	1	1	0	31
chr5	34945804	34950169	1	1	1	1	0	35
chr5	36177293	36181817	1	1	1	2	0	9
chr5	36177293	36183839	1	1	1	2	0	27
chr5	36646880	36649255	1	1	1	1	0	46
chr5	36971037	36971944	1	1	1	3	0	19
chr5	36972042	36975775	1	1	1	2	0	27
chr5	36995805	37000372	1	1	1	1	0	34
chr5	37002766	37003260	1	1	1	1	0	13
chr5	37008724	37010086	1	1	1	1	0	19
chr5	37061019	37063789	1	1	1	1	0	5
chr5	37292039	37292878	2	2	1	1	0	17
chr5	37292986	37294328	2	2	1	1	0	46
chr5	37310744	37314197	2	2	1	1	0	13
chr5	37379393	37379488	1	1	1	2	0	17
chr5	37379555	37381601	1	1	1	2	0	9
chr5	37725051	37726882	1	1	1	2	0	35
chr5	37727046	37752485	1	1	1	1	0	21
chr5	40832574	40834180	2	2	1	232	0	45
chr5	40834266	40834470	2	2	1	117	0	45
chr5	40834607	40835182	2	2	1	2	0	9
chr5	42756886	42759119	1	1	1	1	0	29
chr5	42759209	42762442	1	1	1	1	0	31
chr5	42779523	42783473	1	1	1	3	0	46
chr5	42783577	42796828	1	1	1	3	0	43
chr5	42807109	42808150	2	2	1	1	0	20
chr5	43529880	43533737	2	2	1	0	1	28
chr5	44777329	44777908	2	2	1	1	0	18
chr5	48717144	48717823	2	2	1	0	1	38
chr5	48885391	48912920	2	2	1	0	1	38
chr5	52925488	52927583	1	1	1	1	0	20
chr5	53102225	53107076	2	2	1	1	0	40
chr5	53658625	53683117	1	1	1	1	0	10
chr5	55160244	55160329	1	1	1	1	0	3
chr5	55160397	55160993	1	1	1	1	0	22
chr5	55276407	55277105	2	2	1	2	0	17
chr5	55285417	55285695	2	2	1	1	0	34
chr5	55290345	55294016	2	2	1	1	0	43
chr5	55294146	55295378	2	2	1	2	0	46
chr5	55295525	55296219	2	2	1	3	0	45
chr5	55345197	55347012	1	1	1	1	0	6
chr5	55358699	55366724	1	1	1	2	0	42
chr5	55422983	55424719	1	1	1	1	0	5
chr5	55425335	55425862	2	2	1	1	0	38
chr5	56888358	56893530	1	1	1	1	0	11
chr5	57237173	57246299	1	1	1	1	0	34
chr5	57251142	57261179	1	3	1	3	0	40
chr5	60945429	61073124	1	1	1	1	0	43
chr5	61073215	61098991	1	1	1	3	0	36
chr5	62350121	62352587	1	1	1	3	0	8
chr5	62352711	62353274	1	1	1	1	0	3
chr5	62353376	62355158	1	1	1	1	0	33
chr5	62357746	62358136	1	1	1	1	0	45
chr5	62361333	62361465	1	1	1	1	0	23
chr5	62361530	62362449	1	1	1	1	0	5
chr5	62366482	62373686	1	1	1	1	0	26
chr5	62536782	62537208	1	1	1	1	0	35
chr5	62551337	62561135	1	1	1	1	0	28
chr5	62640864	62661989	2	4	1	1	0	19
chr5	64724574	64727658	2	2	1	1	0	32
chr5	64724574	64728106	2	2	1	3	0	36
chr5	64728180	64741056	2	2	1	3	0	40
chr5	64754363	64768504	2	2	1	1	0	28
chr5	64783980	64785480	1	1	1	1	0	37
chr5	64789021	64800247	1	1	1	2	0	40
chr5	64800328	64801301	1	1	1	2	0	31
chr5	64801333	64804228	1	1	1	3	0	33
chr5	64977239	65018158	1	1	1	1	0	8
chr5	65529018	65529116	2	2	1	1	0	44
chr5	65542849	65551563	2	2	1	1	0	9
chr5	65551637	65552492	2	2	1	1	0	10
chr5	65579614	65583037	1	1	1	1	0	35
chr5	65722415	65758566	1	1	1	1	0	26
chr5	65763109	65777426	1	1	1	3	0	43
chr5	65781422	65785774	1	1	1	1	0	20
chr5	65785911	65788117	1	1	1	1	0	43
chr5	65810166	65812254	1	1	1	1	0	19
chr5	66162593	66163791	1	1	1	1	0	22
chr5	66163923	66164782	1	1	1	3	0	37
chr5	66170171	66170584	1	1	1	2	0	20
chr5	66170948	66174945	1	1	1	2	0	38
chr5	68293484	68293708	1	1	1	1	0	4
chr5	69168344	69171269	1	1	1	1	0	44
chr5	69171453	69174876	1	1	1	1	0	44
chr5	69175538	69177290	1	1	1	1	0	16
chr5	69177350	69177523	1	1	1	18	0	38
chr5	69208360	69209706	1	1	1	4	0	30
chr5	69226402	69228199	1	1	1	0	1	38
chr5	69228388	69229207	1	1	1	3	0	29
chr5	69235042	69235393	1	1	1	1	0	19
chr5	69235454	69252417	1	1	1	1	0	13
chr5	69276691	69277106	1	1	1	6	0	39
chr5	69355795	69355894	2	2	1	1	0	23
chr5	69386466	69389033	1	1	1	2	0	37
chr5	69560404	69562672	1	1	1	0	1	25
chr5	69586357	69590327	1	1	1	0	1	17
chr5	69590368	69592078	1	1	1	0	1	22
chr5	69624942	69625589	2	2	1	1	0	10
chr5	69975853	69978463	1	1	1	0	1	35
chr5	70026516	70032314	1	1	1	0	1	22
chr5	70049767	70063414	1	1	1	0	1	11
chr5	70067135	70067293	1	1	1	0	1	6
chr5	70067447	70069234	1	1	1	0	1	26
chr5	70139721	70142330	2	2	1	0	1	35
chr5	70415551	70417821	1	1	1	0	1	25
chr5	70441519	70445482	1	1	1	0	1	17
chr5	70445523	70447233	1	1	1	0	1	22
chr5	70850925	70853535	1	1	1	0	1	35
chr5	70901934	70907733	1	1	1	0	1	22
chr5	70925185	70938838	1	1	1	0	1	11
chr5	70942559	70942717	1	1	1	0	1	6
chr5	70942871	70944657	1	1	1	0	1	26
chr5	71035797	71037506	2	2	1	0	1	22
chr5	71037547	71041521	2	2	1	0	1	17
chr5	71065223	71067493	2	2	1	0	1	25
chr5	71140035	71142644	2	2	1	0	1	35
chr5	71458856	71461816	1	1	1	2	0	37
chr5	71467488	71470394	1	1	1	2	0	6
chr5	71470490	71483841	1	1	1	2	0	15
chr5	71483897	71486483	1	1	1	3	0	25
chr5	72896557	72897055	1	1	1	1	0	31
chr5	72905446	72908708	1	1	1	1	0	36
chr5	72990620	72990711	1	1	1	1	0	37
chr5	73017309	73034656	1	1	1	2	0	26
chr5	73034702	73037142	1	1	1	2	0	21
chr5	73578006	73578750	1	1	1	1	0	35
chr5	74720748	74721117	1	1	1	4	0	27
chr5	74738418	74738501	2	2	1	2	0	6
chr5	74767364	74768930	1	1	1	2	0	22
chr5	74769119	74769213	1	1	1	2	0	42
chr5	74774061	74776603	1	1	1	4	0	25
chr5	75345659	75347203	1	1	1	1	0	25
chr5	75347310	75350041	1	1	1	1	0	34
chr5	75368659	75379336	2	2	1	1	0	30
chr5	75374192	75379336	2	2	1	1	0	23
chr5	75381202	75381948	2	2	1	2	0	36
chr5	75382078	75384641	2	2	1	1	0	23
chr5	75389688	75400204	2	2	1	1	0	42
chr5	76241381	76242143	2	2	1	0	1	6
chr5	76588974	76589614	1	1	1	1	0	33
chr5	76589729	76590407	1	1	1	2	0	37
chr5	76637177	76640932	1	1	1	1	0	11
chr5	76658668	76665025	1	1	1	1	0	8
chr5	76695667	76697986	1	1	1	3	0	39
chr5	77059744	77061702	1	1	1	1	0	10
chr5	77118522	77139260	1	1	1	1	0	30
chr5	77693353	77708241	2	2	1	2	0	46
chr5	78110355	78113751	2	2	1	1	0	25
chr5	78113924	78116125	2	2	1	2	0	12
chr5	78216238	78225541	2	2	1	2	0	12
chr5	79679671	79681981	1	1	1	1	0	36
chr5	80080078	80082405	1	1	1	1	0	25
chr5	80411018	80413406	1	1	1	1	0	28
chr5	80630473	80631201	2	2	1	1	0	28
chr5	80768121	80768834	1	1	1	2	0	36
chr5	80778837	80787564	1	1	1	1	0	10
chr5	80873288	80875750	1	1	1	3	0	43
chr5	81650340	81750980	2	2	1	1	0	14
chr5	82178588	82252561	1	1	1	1	0	34
chr5	82276135	82276450	2	4	1	5	0	18
chr5	82276256	82276397	2	2	1	487	0	46
chr5	82276519	82277692	2	2	1	28	8	41
chr5	82277853	82278319	2	2	1	3	0	35
chr5	83472024	83483512	1	1	1	1	0	8
chr5	83483589	83490097	1	1	1	1	0	8
chr5	83493721	83493803	1	1	1	1	0	4
chr5	83512397	83537006	1	1	1	2	0	24
chr5	83541702	83581092	2	2	1	0	1	4
chr5	83555039	83572415	1	1	1	1	0	37
chr5	86618131	86619352	1	1	1	3	3	44
chr5	86619443	86620667	1	1	1	1	0	41
chr5	86619497	86619738	1	1	1	1	0	5
chr5	86619497	86620667	1	1	1	60	0	45
chr5	86619500	86620667	1	1	1	1	0	21
chr5	87353236	87362550	1	1	1	1	0	14
chr5	87394485	87395043	2	2	1	2	0	22
chr5	87395105	87399393	2	2	1	1	0	14
chr5	87824745	87825688	1	1	1	2	0	37
chr5	88269028	88270525	1	1	1	2	0	7
chr5	88270586	88282041	1	1	1	2	0	25
chr5	90488130	90490592	1	1	1	2	0	5
chr5	90488130	90495676	1	1	1	2	1	36
chr5	90495734	90497655	1	1	1	6	0	45
chr5	90497707	90501905	1	1	1	3	0	37
chr5	90497707	90501908	1	1	1	2	0	27
chr5	90501989	90506527	1	1	1	1	0	42
chr5	90525301	90529447	2	2	1	1	0	23
chr5	90753830	90754982	1	1	1	1	0	28
chr5	93881689	93958776	2	2	1	3	0	36
chr5	94643436	94649453	1	1	1	2	0	33
chr5	94649598	94651701	1	1	1	3	0	21
chr5	94651846	94653271	1	1	1	2	0	6
chr5	94686719	94688505	1	1	1	2	0	22
chr5	95469911	95478289	2	2	1	1	0	24
chr5	95541907	95543183	2	2	1	1	0	8
chr5	95547152	95548559	2	2	1	5	0	20
chr5	95548716	95550580	2	2	1	1	0	34
chr5	96147390	96154062	1	1	1	0	1	46
chr5	96741581	96742654	1	1	1	1	0	42
chr5	96754162	96754657	1	1	1	1	0	24
chr5	97163226	97165050	2	2	1	1	0	35
chr5	97165148	97167466	2	2	1	1	0	45
chr5	98780089	98793084	1	3	1	1	0	39
chr5	98858391	98858963	2	2	1	1	0	10
chr5	98869278	98869753	2	2	1	2	0	15
chr5	98869883	98870686	2	2	1	2	0	19
chr5	98870804	98872050	2	2	1	1	0	34
chr5	98872202	98872416	2	2	1	2	0	40
chr5	98879729	98881075	2	2	1	2	0	41
chr5	98901083	98901185	2	2	1	4	0	35
chr5	98901336	98902899	2	2	1	2	0	26
chr5	103003150	103005153	1	1	1	1	0	11
chr5	103005227	103006800	1	1	1	1	0	8
chr5	103149314	103151252	1	1	1	1	0	40
chr5	103190983	103194899	1	1	1	1	0	28
chr5	103550972	103552216	2	2	1	1	0	42
chr5	106978894	106983939	2	2	1	0	1	43
chr5	108832944	108835707	1	1	1	2	0	19
chr5	108883519	108897658	1	1	1	1	0	5
chr5	109186323	109187432	1	1	1	1	0	27
chr5	109381704	109383402	2	2	1	1	0	16
chr5	109819888	109820219	1	1	1	1	0	44
chr5	111104818	111105294	1	1	1	1	0	5
chr5	111105361	111106056	1	1	1	1	0	24
chr5	111125796	111126733	1	1	1	1	0	14
chr5	112161296	112161702	1	1	1	3	0	38
chr5	112161776	112162150	1	1	1	2	0	23
chr5	112767391	112775628	1	1	1	2	0	25
chr5	112864529	112864620	1	1	1	3	0	26
chr5	112864733	112867371	1	1	1	1	0	6
chr5	112878836	112887014	2	2	1	1	0	24
chr5	112992249	112992671	1	1	1	1	0	34
chr5	113525178	113526585	1	1	1	1	0	38
chr5	113535799	113539073	1	1	1	1	0	34
chr5	115241607	115253136	2	2	1	1	0	25
chr5	115277055	115279646	2	2	1	2	0	13
chr5	115895159	115902884	1	1	1	1	0	29
chr5	116502328	116504844	2	2	1	1	0	23
chr5	119071657	119097978	1	1	1	1	0	42
chr5	119098105	119101934	1	1	1	1	0	18
chr5	119499554	119502040	1	1	1	3	0	26
chr5	119529981	119531265	1	1	1	1	0	9
chr5	119531405	119536422	1	1	1	2	0	19
chr5	119536551	119541904	1	1	1	1	0	22
chr5	122817374	122818817	1	1	1	2	0	6
chr5	122827647	122829597	1	1	1	4	0	40
chr5	123512571	123545416	1	1	1	2	0	27
chr5	123590559	123591318	1	1	1	2	0	32
chr5	126546400	126549928	2	2	1	1	0	39
chr5	126550003	126550195	2	2	1	1	0	27
chr5	126593405	126595006	2	2	1	1	0	46
chr5	126604184	126608363	1	1	1	1	0	43
chr5	126608485	126617249	1	1	1	1	0	29
chr5	126617334	126624574	1	1	1	3	0	34
chr5	126804933	126805570	1	1	1	1	0	14
chr5	126821136	126822780	1	1	1	1	0	4
chr5	126832802	126836222	1	1	1	1	0	12
chr5	127422773	127433362	1	1	1	1	0	16
chr5	128171747	128174540	1	1	1	1	0	15
chr5	131159612	131162571	2	2	1	3	0	44
chr5	131162677	131165094	2	2	1	1	0	8
chr5	131187110	131199530	1	1	1	1	0	11
chr5	131316145	131359208	1	1	1	1	0	34
chr5	131623740	131625073	2	4	1	1	0	22
chr5	132587691	132587923	1	1	1	1	0	13
chr5	132591407	132591876	1	1	1	3	0	21
chr5	132595045	132595572	1	1	1	2	0	9
chr5	132605000	132608614	1	1	1	2	0	37
chr5	132608726	132609116	1	1	1	4	0	31
chr5	132609210	132609282	1	1	1	3	0	44
chr5	132609397	132616002	1	1	1	2	0	33
chr5	132618295	132637114	1	1	1	1	0	10
chr5	132867036	132867487	1	1	1	20	0	45
chr5	132867036	132867529	1	1	1	1	0	46
chr5	132889174	132892163	2	2	1	1	0	46
chr5	133006921	133026496	2	2	1	1	0	17
chr5	133022907	133026492	2	2	1	2	0	15
chr5	133022907	133026496	2	2	1	1	0	24
chr5	133076899	133086781	1	1	1	1	0	30
chr5	133089696	133091192	1	1	1	1	0	29
chr5	133091375	133092702	1	1	1	1	0	21
chr5	133092790	133096097	1	1	1	1	0	26
chr5	133099653	133101758	1	1	1	2	0	43
chr5	133104027	133104232	1	1	1	11	0	41
chr5	134158596	134160986	2	2	1	1	0	28
chr5	134167244	134173925	2	2	1	1	0	21
chr5	134744053	134750758	1	1	1	1	0	16
chr5	134764093	134766916	1	1	1	4	0	38
chr5	134767061	134770902	1	1	1	5	0	44
chr5	134771000	134773695	1	1	1	2	0	30
chr5	134773862	134777573	1	1	1	2	0	18
chr5	134788592	134790469	1	1	1	1	0	7
chr5	134811359	134811695	1	1	1	1	0	14
chr5	134816604	134817495	1	1	1	1	0	14
chr5	134816607	134817495	0	0	1	1	0	33
chr5	134827021	134828658	1	1	1	2	0	24
chr5	135335142	135343259	2	2	1	1	0	20
chr5	135353046	135360496	2	2	1	1	0	16
chr5	137952710	137953335	2	2	1	1	0	31
chr5	138162147	138163129	2	2	1	1	0	19
chr5	138170913	138171037	2	2	1	1	0	18
chr5	138508817	138510564	2	2	1	1	0	26
chr5	138510630	138511044	2	2	1	1	0	25
chr5	138556115	138556451	2	2	1	3	0	29
chr5	138556593	138556773	2	2	1	2	0	28
chr5	138557497	138557868	2	2	1	1	0	15
chr5	138557987	138558552	2	2	1	2	0	32
chr5	138824800	138827514	1	1	1	1	0	34
chr5	138925408	138929245	1	1	1	1	0	14
chr5	139250443	139356320	2	2	1	3	0	17
chr5	139317722	139318907	1	1	1	7	0	43
chr5	139319034	139319333	1	1	1	2	0	36
chr5	139322030	139322462	1	1	1	1	0	27
chr5	139322507	139322597	1	1	1	1	0	21
chr5	139322968	139325439	1	1	1	1	0	32
chr5	139325663	139326162	1	1	1	2	0	43
chr5	139326285	139329344	1	1	1	1	0	4
chr5	139341981	139363758	1	1	1	1	0	45
chr5	139419173	139420052	2	2	1	1	0	39
chr5	139614618	139614696	1	1	1	1	0	32
chr5	139614775	139614860	1	1	1	1	0	30
chr5	139614967	139623367	1	1	1	5	0	43
chr5	139623462	139626755	1	1	1	14	0	46
chr5	139681448	139682862	1	1	1	1	0	44
chr5	140438618	140440118	1	1	1	1	0	44
chr5	140464777	140472238	1	1	1	3	0	21
chr5	140472296	140472380	1	1	1	2	0	25
chr5	140510182	140512827	1	1	1	1	0	21
chr5	140512924	140513362	1	1	1	4	0	39
chr5	140513480	140524065	1	1	1	3	0	24
chr5	140524241	140525995	1	1	1	2	0	42
chr5	140527075	140527872	1	1	1	1	0	38
chr5	140567059	140568926	2	4	1	1	0	19
chr5	140645679	140647255	2	2	1	2	0	31
chr5	140647363	140647482	2	2	1	1	0	14
chr5	140648538	140651713	1	1	1	1	1	44
chr5	140651807	140652087	1	1	1	1	0	12
chr5	140652148	140652976	1	1	1	1	0	16
chr5	140654053	140654515	1	1	1	3	0	43
chr5	140657663	140658736	1	1	1	1	0	28
chr5	140658777	140658938	1	1	1	1	0	24
chr5	140662008	140662178	1	1	1	1	0	33
chr5	140662214	140662301	1	1	1	7	0	35
chr5	141534434	141571427	2	2	1	1	0	9
chr5	141571437	141571925	2	2	1	2	0	14
chr5	141572041	141573491	2	2	1	3	0	29
chr5	141576295	141576755	2	2	1	1	0	8
chr5	141579197	141580743	2	2	1	1	0	44
chr5	141641564	141641701	2	2	1	1	0	32
chr5	142000831	142001989	2	4	1	1	0	45
chr5	142144677	142151730	1	1	1	1	0	16
chr5	146124087	146126434	2	2	1	1	0	10
chr5	146126546	146128671	2	2	1	1	0	19
chr5	146140262	146142871	2	2	1	1	0	21
chr5	146143085	146143411	2	2	1	2	0	29
chr5	146160487	146164309	2	2	1	5	0	41
chr5	146164472	146168127	2	2	1	2	0	23
chr5	146168266	146171909	2	2	1	5	0	45
chr5	146171991	146172686	2	2	1	6	0	42
chr5	146172775	146177546	2	2	1	4	0	33
chr5	146219104	146223402	1	1	1	6	0	44
chr5	146223528	146228945	1	1	1	2	0	16
chr5	146230918	146233449	1	1	1	1	0	42
chr5	146263632	146267648	1	1	1	8	0	46
chr5	146267769	146269206	1	1	1	3	0	25
chr5	146463794	146469543	1	1	1	4	0	31
chr5	146468404	146469543	1	1	1	1	0	33
chr5	146469745	146470635	1	1	1	1	0	45
chr5	146478654	146479854	1	1	1	1	0	30
chr5	146483630	146492919	1	1	1	1	0	17
chr5	146493039	146498535	1	1	1	1	0	23
chr5	146498687	146503374	1	1	1	5	0	38
chr5	146503540	146503823	1	1	1	2	0	13
chr5	147405731	147408727	2	2	1	2	0	27
chr5	147408797	147412607	2	2	1	1	0	11
chr5	147413658	147415708	2	2	1	1	0	20
chr5	147632779	147636221	2	2	1	2	0	37
chr5	147644997	147648375	2	2	1	1	0	29
chr5	148112935	148114361	1	1	1	1	0	35
chr5	149505596	149507026	2	2	1	1	0	31
chr5	150367918	150396742	1	1	1	0	4	6
chr5	150393553	150396281	1	1	1	1	0	20
chr5	150396843	150398353	1	1	1	15	0	44
chr5	150444352	150445608	2	2	1	1	0	17
chr5	150444354	150445608	2	2	1	469	0	46
chr5	150445686	150446801	2	2	1	248	0	46
chr5	150446964	150447584	2	2	1	11	0	45
chr5	150447736	150449485	2	2	1	1	0	37
chr5	150447736	150449491	2	2	1	1	0	17
chr5	150675418	150676479	1	3	1	1	0	35
chr5	150696706	150696790	2	2	1	1	0	19
chr5	151035708	151036789	2	2	1	1	0	45
chr5	151105304	151108454	2	2	1	1	0	35
chr5	151117181	151117757	2	2	1	1	0	12
chr5	151123012	151124285	2	2	1	1	0	8
chr5	151263301	151292091	2	2	1	0	1	41
chr5	151664236	151666360	2	2	1	1	0	27
chr5	151742960	151746278	2	2	1	12	0	44
chr5	151791063	151794158	1	1	1	2	0	29
chr5	151797429	151799211	1	1	1	1	0	8
chr5	154756194	154790324	1	1	1	1	0	16
chr5	154790387	154790644	1	1	1	1	0	6
chr5	154790711	154792621	1	1	1	1	0	16
chr5	154858769	154863206	1	1	1	1	0	27
chr5	154904630	154905362	2	2	1	1	0	11
chr5	154950939	154956370	1	1	1	1	0	17
chr5	154960050	154966685	1	1	1	3	0	37
chr5	157813228	157814184	2	2	1	1	0	46
chr5	157814294	157816733	2	2	1	2	0	41
chr5	160049663	160051128	1	1	1	1	0	26
chr5	160051184	160064931	1	1	1	1	0	7
chr5	160403465	160404439	2	2	1	1	0	28
chr5	160404557	160404808	2	2	1	2	0	18
chr5	160404881	160405030	2	2	1	7	0	36
chr5	160405136	160406467	2	2	1	2	0	41
chr5	160422404	160422708	1	1	1	1	0	37
chr5	160422894	160424236	1	1	1	1	0	12
chr5	160424331	160427714	1	1	1	1	0	8
chr5	160427874	160428601	1	1	1	21	0	45
chr5	163442144	163442373	1	1	1	1	0	30
chr5	163457081	163457561	2	2	1	1	0	43
chr5	163464803	163469640	1	1	1	1	0	21
chr5	163471272	163471362	1	1	1	2	0	19
chr5	163471464	163473178	1	1	1	2	0	36
chr5	163473254	163473378	1	1	1	3	0	32
chr5	163473558	163474056	1	1	1	2	0	25
chr5	163478801	163482641	1	1	1	1	0	5
chr5	163482789	163483019	1	1	1	2	0	14
chr5	163483368	163484068	1	1	1	2	0	19
chr5	163490553	163491111	1	1	1	1	0	11
chr5	168397801	168399487	1	1	1	1	0	35
chr5	168467965	168472074	1	1	1	1	0	17
chr5	168486544	168488601	1	1	1	2	0	38
chr5	168488737	168492658	1	1	1	1	0	13
chr5	168494651	168495314	1	1	1	3	0	42
chr5	168506200	168506721	1	1	1	2	0	27
chr5	168518063	168519080	1	1	1	7	0	38
chr5	168564066	168566012	2	2	1	1	0	32
chr5	169588576	169590755	1	1	1	1	0	30
chr5	169588576	169591047	1	1	1	1	0	40
chr5	169598580	169598971	1	1	1	1	0	21
chr5	171390131	171391304	1	1	1	1	0	11
chr5	171391425	171391705	1	1	1	2	0	42
chr5	171391800	171392709	1	1	1	7	0	42
chr5	171392817	171392913	1	1	1	8	0	38
chr5	171392979	171400152	1	1	1	5	5	38
chr5	171400211	171400838	1	1	1	10	1	45
chr5	171400926	171405301	1	1	1	9	1	41
chr5	171405404	171407699	1	1	1	2	3	33
chr5	171407775	171410526	1	1	1	7	2	40
chr5	171899095	171899913	2	2	1	1	0	25
chr5	172968600	172969412	1	1	1	2	0	36
chr5	176384375	176385220	2	2	1	1	0	24
chr5	176397719	176397929	2	2	1	1	0	21
chr5	176496664	176498913	1	1	1	4	0	23
chr5	176500147	176506767	1	1	1	1	0	31
chr5	176951578	176955958	2	2	1	1	0	16
chr5	177192020	177204119	1	1	1	1	0	26
chr5	177235946	177238236	1	1	1	1	0	44
chr5	177238508	177239755	1	1	1	1	0	25
chr5	177248325	177251729	1	1	1	1	0	16
chr5	177302497	177302576	2	2	1	2	0	7
chr5	177302645	177302751	2	2	1	3	0	17
chr5	177304851	177305870	1	1	1	1	2	42
chr5	177306177	177306421	1	1	1	5	0	41
chr5	177315888	177316221	2	4	1	1	0	23
chr5	177441949	177441974	2	4	1	1	0	16
chr5	177467628	177467742	2	2	1	2	0	42
chr5	177483731	177483866	2	2	1	1	0	27
chr5	178149839	178150887	2	2	1	3	0	28
chr5	178153561	178153657	2	2	1	2	0	33
chr5	178209448	178210552	1	1	1	1	0	32
chr5	178210273	178210552	1	1	1	2	0	40
chr5	179593646	179594865	1	1	1	1	0	46
chr5	179614960	179616125	2	2	1	2	0	34
chr5	179616959	179617050	2	2	1	1	0	31
chr5	179619408	179620891	2	2	1	1	0	34
chr5	179723780	179724656	1	1	1	1	0	35
chr5	179955670	179966805	2	2	1	1	0	22
chr5	180795876	180802679	2	2	1	1	0	35
chr5	181237043	181237608	2	2	1	160	0	46
chr5	181237720	181238098	2	2	1	34	0	42
chr5	181238240	181239066	2	2	1	2	0	43
chr5	181239178	181239486	2	2	1	2	0	11
chr5	181281613	181283341	1	1	1	1	0	10
chr6	553921	555226	2	2	1	2	0	29
chr6	629962	632940	2	2	1	3	0	43
chr6	2766445	2768690	1	1	1	1	0	30
chr6	3083314	3085258	1	1	1	1	0	4
chr6	3263760	3267590	1	1	1	6	0	22
chr6	3264326	3267590	1	1	1	2	0	17
chr6	4021467	4031558	1	1	1	7	0	38
chr6	4037571	4040771	1	1	1	1	0	17
chr6	4995277	4995950	2	2	1	1	0	8
chr6	4999905	5000562	2	2	1	1	0	7
chr6	5000632	5002100	2	2	1	1	0	21
chr6	7108061	7176654	1	1	1	1	0	35
chr6	7393304	7395052	1	1	1	1	0	7
chr6	7411452	7412888	1	1	1	1	0	11
chr6	7412943	7414237	1	1	1	2	0	34
chr6	7602745	7605397	1	1	1	2	0	32
chr6	7605487	7606030	1	1	1	1	0	11
chr6	7606196	7608824	1	1	1	1	0	38
chr6	8090282	8097266	2	2	1	1	0	27
chr6	10671599	10683186	2	2	1	2	0	43
chr6	10695070	10697323	1	1	1	1	0	32
chr6	10697487	10702368	1	1	1	1	0	39
chr6	10707515	10708952	1	1	1	1	0	12
chr6	10709077	10709237	1	1	1	1	0	32
chr6	10755233	10756466	1	1	1	1	0	32
chr6	13305188	13306397	2	2	1	1	0	14
chr6	13615625	13615711	1	1	1	1	0	21
chr6	13615773	13616462	1	1	1	1	0	10
chr6	13620330	13620407	1	1	1	6	0	41
chr6	13620486	13620753	1	1	1	19	0	40
chr6	13790865	13791877	2	2	1	6	0	36
chr6	13790865	13793893	2	2	1	1	0	28
chr6	13791993	13793893	2	2	1	2	0	25
chr6	13801390	13802242	2	2	1	1	0	11
chr6	15513423	15517160	1	1	1	1	0	34
chr6	15961020	15961183	2	2	1	1	0	28
chr6	16141811	16143019	1	1	1	3	0	10
chr6	16145318	16146661	1	1	1	3	0	41
chr6	17794396	17794571	2	2	1	2	0	19
chr6	17970177	18074706	2	4	1	3	0	20
chr6	18161455	18162834	1	1	1	1	0	34
chr6	18225731	18226173	2	2	1	1	0	39
chr6	18236601	18237380	2	2	1	2	0	31
chr6	18237517	18244507	2	2	1	1	0	31
chr6	18237517	18249650	2	2	1	8	0	42
chr6	18249840	18255730	2	2	1	8	0	39
chr6	18255852	18256360	2	2	1	1	0	35
chr6	18256456	18257952	2	2	1	2	0	43
chr6	18258063	18258303	2	2	1	3	0	41
chr6	18258406	18263842	2	2	1	3	0	30
chr6	20546524	20548592	1	1	1	1	0	26
chr6	21798733	21799425	1	1	1	1	0	29
chr6	24698068	24701458	1	1	1	1	0	15
chr6	24716325	24718539	2	2	1	1	0	24
chr6	24775245	24777221	1	1	1	2	0	25
chr6	24777298	24780662	1	1	1	2	0	44
chr6	24780741	24781476	1	1	1	1	0	6
chr6	25594528	25600313	1	1	1	2	0	12
chr6	26115136	26123514	2	2	1	1	0	29
chr6	26124634	26138053	1	1	1	1	0	8
chr6	26458143	26458606	1	1	1	1	0	11
chr6	26638729	26643658	2	2	1	0	3	32
chr6	29945282	29945450	1	1	1	1	0	39
chr6	30292600	30294470	2	2	1	1	0	22
chr6	30346558	30346712	1	1	1	4	0	36
chr6	30491654	30492403	1	1	1	1	0	34
chr6	30553180	30553349	2	2	1	1	0	19
chr6	30577456	30577817	1	1	1	1	0	31
chr6	30578203	30578347	1	1	1	3	0	32
chr6	30578386	30578469	1	1	1	3	0	38
chr6	30578578	30579930	1	1	1	4	0	36
chr6	30580006	30580405	1	1	1	1	0	24
chr6	30580520	30582393	1	1	1	3	0	38
chr6	30585344	30585557	1	1	1	1	0	43
chr6	30586306	30586473	1	1	1	2	0	24
chr6	30605095	30605922	2	2	1	1	0	37
chr6	30653371	30654705	2	2	1	1	0	34
chr6	30724885	30725025	2	2	1	1	0	29
chr6	30725044	30725305	2	2	1	1	0	17
chr6	30846271	30846785	2	2	1	1	0	34
chr6	31164431	31164488	0	0	1	3	0	36
chr6	31164573	31164665	1	1	1	1	0	41
chr6	31164868	31165127	2	2	1	2	0	38
chr6	31165702	31165926	2	2	1	2	0	8
chr6	31166048	31170215	2	4	1	0	1	7
chr6	31530451	31530778	2	2	1	27	0	46
chr6	31637325	31637445	1	1	1	1	0	15
chr6	31639227	31639499	2	2	1	4	0	31
chr6	31639227	31640198	2	2	1	6	0	34
chr6	31639647	31640198	2	2	1	1	0	16
chr6	31641229	31641319	2	2	1	1	0	28
chr6	31669509	31669835	1	1	1	4	0	23
chr6	31727354	31727542	2	2	1	2	0	28
chr6	31731004	31732216	2	2	1	2	0	45
chr6	31777663	31778966	2	2	1	5	0	44
chr6	31782846	31783095	2	2	1	1	0	3
chr6	31797883	31797989	2	2	1	1	0	25
chr6	31798050	31798476	2	2	1	1	0	7
chr6	31837436	31839542	1	1	1	2	0	9
chr6	31888748	31888968	2	2	1	1	0	24
chr6	31952399	31953728	2	2	1	15	0	44
chr6	31958455	31958891	2	2	1	1	0	32
chr6	32184836	32185323	2	4	1	1	0	4
chr6	32185863	32185974	1	1	1	1	0	27
chr6	32978006	32978125	1	1	1	12	0	43
chr6	33272123	33272627	1	1	1	3	0	25
chr6	33272727	33275796	1	1	1	24	0	45
chr6	33275884	33275964	1	1	1	25	0	46
chr6	33276067	33276175	1	1	1	217	0	46
chr6	33276067	33276390	1	1	1	1	0	46
chr6	33276067	33276409	1	1	1	20	0	41
chr6	33276268	33276390	1	1	1	664	3	46
chr6	33279375	33279496	2	2	1	1	0	43
chr6	33290451	33290715	1	1	1	1	0	36
chr6	33295212	33295318	2	2	1	1	0	16
chr6	33318803	33318996	2	2	1	1	0	38
chr6	33416777	33416919	2	2	1	4	0	34
chr6	33416970	33417096	2	2	1	1	0	40
chr6	33417143	33417250	2	2	1	1	0	6
chr6	33417311	33417480	2	2	1	1	0	13
chr6	33668635	33668973	1	1	1	3	0	17
chr6	33692894	33693544	1	1	1	1	0	22
chr6	33695086	33695711	1	1	1	1	0	38
chr6	33697751	33700443	2	2	1	22	0	40
chr6	33700514	33701345	2	2	1	4	0	33
chr6	33701421	33711548	2	2	1	1	0	26
chr6	34237318	34240736	1	1	1	3	0	38
chr6	34245563	34246083	1	1	1	5	0	42
chr6	34417548	34418368	2	2	1	178	2	46
chr6	34418425	34421729	2	2	1	54	63	45
chr6	34421808	34424668	2	2	1	7	16	45
chr6	34424841	34425071	2	2	1	0	1	20
chr6	34590601	34606554	2	2	1	1	0	7
chr6	34871693	34871818	1	1	1	1	0	27
chr6	34883081	34887786	2	2	1	6	0	34
chr6	34985279	34989223	1	1	1	3	0	27
chr6	35468874	35468946	1	1	1	1	0	18
chr6	35469028	35469380	1	1	1	8	0	30
chr6	35469530	35470178	1	1	1	3	0	42
chr6	35470352	35470579	1	1	1	59	0	45
chr6	35575943	35576993	2	2	1	1	0	36
chr6	35577234	35580035	2	2	1	3	0	36
chr6	35870495	35870933	2	2	1	6	0	27
chr6	35870960	35872562	2	2	1	2	0	26
chr6	35888112	35888814	2	2	1	1	0	9
chr6	36596969	36598848	1	1	1	3	0	38
chr6	36598984	36601151	1	1	1	3	0	39
chr6	36601191	36601707	1	1	1	3	0	13
chr6	36919702	36923346	1	1	1	1	0	44
chr6	37360575	37368483	1	1	1	4	0	43
chr6	37369219	37371511	1	1	1	1	0	10
chr6	37872751	37872998	2	4	1	1	0	46
chr6	38682102	38682807	2	2	1	1	0	21
chr6	38682876	38684373	2	2	1	1	0	3
chr6	38684515	38686891	2	2	1	2	0	44
chr6	38686975	38702970	2	2	1	1	0	9
chr6	41089711	41090203	1	1	1	1	0	3
chr6	41789337	41789567	1	1	1	1	0	17
chr6	41946825	41979273	2	2	1	1	0	28
chr6	42208373	42208857	2	2	1	2	0	9
chr6	42208948	42210487	2	2	1	1	0	10
chr6	42652072	42652490	1	1	1	1	0	13
chr6	42884751	42885973	1	1	1	0	2	28
chr6	43012622	43012925	2	2	1	1	0	13
chr6	43017696	43017852	1	1	1	1	0	20
chr6	43018972	43019091	1	1	1	2	0	6
chr6	43054487	43055544	2	2	1	2	0	17
chr6	43524006	43524470	2	2	1	4	0	32
chr6	43526748	43527633	2	2	1	1	0	33
chr6	44248777	44249376	1	1	1	1	0	13
chr6	44249584	44249674	1	1	1	3	0	37
chr6	44249835	44250020	1	1	1	12	0	41
chr6	44250155	44250290	1	1	1	46	0	46
chr6	44250600	44251047	1	1	1	10	0	41
chr6	44251609	44251736	1	1	1	2	0	44
chr6	44251885	44251998	1	1	1	1	0	32
chr6	44253379	44253488	1	1	1	5	0	41
chr6	44393574	44396340	1	1	1	3	0	39
chr6	44396441	44403808	1	1	1	2	0	46
chr6	44426184	44426481	1	1	1	1	0	4
chr6	44445868	44446606	1	1	1	1	0	28
chr6	44829858	44932652	2	2	1	1	0	35
chr6	44908272	44908968	2	4	1	1	0	40
chr6	47503441	47533601	1	1	1	3	0	24
chr6	47554767	47574063	1	1	1	2	0	34
chr6	47599444	47606164	1	1	1	1	0	38
chr6	52490351	52492269	1	1	1	1	0	30
chr6	53093979	53095512	1	1	1	1	0	7
chr6	53095665	53097721	1	1	1	1	0	38
chr6	56494181	56497378	2	2	1	2	0	37
chr6	56497508	56497855	2	2	1	2	0	15
chr6	56501236	56501519	2	2	1	1	0	18
chr6	56526568	56527492	2	2	1	2	0	16
chr6	56572267	56572746	2	2	1	3	0	30
chr6	56573065	56573678	2	2	1	1	0	21
chr6	56594194	56597739	2	2	1	1	0	26
chr6	56600222	56610426	2	2	1	1	0	16
chr6	56611597	56614355	2	2	1	4	0	33
chr6	56625265	56627203	2	2	1	1	0	31
chr6	56636653	56639258	2	2	1	1	0	17
chr6	56639612	56639695	2	2	1	2	0	33
chr6	56646183	56648569	2	2	1	1	0	17
chr6	56648690	56650925	2	2	1	2	0	38
chr6	56955461	56981710	1	1	1	1	0	44
chr6	57090895	57099060	1	1	1	2	0	28
chr6	57148694	57150718	1	1	1	1	0	6
chr6	57537626	57586995	1	1	1	1	0	40
chr6	61932675	61974805	2	4	1	2	0	39
chr6	63692044	63694580	1	1	1	1	0	42
chr6	63698606	63700349	1	1	1	1	0	32
chr6	63706225	63706728	1	1	1	1	0	36
chr6	69738016	69741788	2	2	1	1	0	29
chr6	69749409	69752258	2	2	1	1	0	11
chr6	70668142	70732377	1	1	1	1	0	34
chr6	70732512	70754979	1	1	1	5	0	34
chr6	70755066	70773349	1	1	1	2	0	39
chr6	72260768	72261786	1	1	1	1	0	17
chr6	73517763	73517866	2	4	1	13	0	4
chr6	73517819	73517866	2	4	1	2	1	5
chr6	73517935	73518029	2	2	1	13	0	44
chr6	73518265	73518353	2	2	1	6	0	35
chr6	73518611	73518697	2	2	1	2	0	22
chr6	73518849	73518931	2	2	1	1	0	45
chr6	73519508	73519882	2	2	1	1	0	6
chr6	75237989	75240300	2	2	1	15	0	43
chr6	75240386	75241175	2	2	1	4	0	39
chr6	75241266	75243716	2	2	1	2	0	21
chr6	75622859	75623899	1	1	1	1	0	28
chr6	75678693	75678810	1	1	1	1	0	21
chr6	75879951	75880042	1	1	1	3	0	40
chr6	75886995	75890056	1	1	1	2	0	14
chr6	78946875	78947622	2	2	1	3	0	33
chr6	78970174	78970780	2	2	1	1	0	35
chr6	78978712	78982885	2	2	1	1	0	36
chr6	78983118	78985351	2	2	1	2	0	43
chr6	78985429	78988208	2	2	1	3	0	45
chr6	78988350	78990867	2	2	1	1	0	26
chr6	78990986	78997413	2	2	1	2	0	38
chr6	78997598	78998253	2	2	1	1	0	28
chr6	79015784	79016543	2	2	1	1	0	26
chr6	79201727	79202316	2	2	1	2	0	21
chr6	79489217	79491587	2	2	1	1	0	26
chr6	80013367	80014462	1	1	1	1	0	7
chr6	80040704	80042118	1	1	1	1	0	10
chr6	82200709	82201421	2	2	1	1	0	43
chr6	82216251	82217959	2	2	1	1	0	19
chr6	82893043	82957311	2	2	1	1	0	18
chr6	83239637	83253628	2	2	1	1	0	34
chr6	84163271	84169327	2	2	1	1	0	8
chr6	85533801	85536791	2	2	1	1	0	18
chr6	85612924	85614980	2	2	1	3	0	46
chr6	85618940	85619267	2	2	1	8	0	37
chr6	85619418	85622481	2	2	1	3	1	27
chr6	85624113	85636966	2	2	1	4	0	21
chr6	85640329	85640445	2	2	1	2	0	31
chr6	85677192	85677423	2	2	1	8	0	42
chr6	85677493	85677794	2	2	1	3	0	9
chr6	87322633	87337008	1	1	1	1	0	36
chr6	87514500	87514956	2	2	1	5	0	43
chr6	87515021	87516805	2	2	1	1	0	31
chr6	87516881	87518168	2	2	1	1	0	39
chr6	87518892	87519582	2	2	1	2	0	37
chr6	87519708	87520179	2	2	1	1	0	39
chr6	87590193	87594352	1	1	1	1	0	8
chr6	87594408	87594526	1	1	1	2	0	42
chr6	87606022	87607672	1	1	1	1	0	7
chr6	87612249	87616313	1	1	1	1	0	33
chr6	87634962	87636406	1	1	1	1	0	41
chr6	87636487	87653115	1	1	1	1	0	30
chr6	87658019	87663002	1	1	1	1	0	21
chr6	87664860	87665753	1	1	1	4	0	27
chr6	89136463	89147668	1	1	1	1	0	45
chr6	89658918	89661430	2	2	1	1	0	30
chr6	89661579	89662086	2	2	1	3	0	18
chr6	89662240	89662791	2	2	1	2	0	44
chr6	89672703	89673235	2	2	1	1	0	33
chr6	89684986	89685826	2	2	1	1	0	33
chr6	89713297	89714542	2	2	1	1	0	12
chr6	89725397	89727832	2	2	1	1	0	3
chr6	89785127	89787853	2	2	1	1	0	18
chr6	96536391	96537373	1	1	1	1	0	26
chr6	97231653	97233860	2	2	1	1	0	17
chr6	99401631	99402539	2	2	1	16	0	46
chr6	99402711	99403828	2	2	1	1	0	45
chr6	99408272	99409172	2	2	1	3	0	45
chr6	99409345	99410740	2	2	1	2	0	31
chr6	99468619	99476142	2	2	1	2	0	34
chr6	99476231	99482752	2	2	1	1	0	32
chr6	99531537	99531631	1	1	1	1	0	9
chr6	99545231	99546394	2	2	1	1	0	35
chr6	100766706	100767144	2	2	1	1	0	38
chr6	100800505	100805759	2	2	1	1	0	8
chr6	100868039	100881060	2	2	1	4	0	37
chr6	106248245	106279660	2	2	1	1	0	10
chr6	106572104	106583327	2	2	1	2	0	21
chr6	106583421	106587678	2	2	1	2	0	21
chr6	107883147	107893481	2	2	1	4	0	42
chr6	107893656	107893837	2	2	1	5	0	41
chr6	107893898	107897648	2	2	1	6	0	46
chr6	107897732	107901369	2	2	1	2	0	36
chr6	107906778	107908926	2	2	1	1	0	24
chr6	107924933	107929414	2	2	1	1	0	3
chr6	108223046	108260759	2	2	1	1	0	29
chr6	108355756	108356689	1	1	1	1	0	28
chr6	108994610	108998512	2	2	1	1	0	32
chr6	109444340	109444724	2	2	1	1	0	23
chr6	110107195	110108527	2	2	1	1	0	28
chr6	110201688	110207505	1	1	1	1	0	30
chr6	110207590	110209083	1	1	1	2	0	36
chr6	110219480	110219735	1	1	1	3	0	37
chr6	110867539	110915000	2	4	1	1	0	46
chr6	110893066	110893475	1	1	1	5	0	45
chr6	110960478	110960571	1	1	1	1	0	13
chr6	110960617	110962391	1	1	1	1	0	9
chr6	111024328	111025402	1	1	1	11	0	42
chr6	111703035	111703998	2	2	1	1	0	36
chr6	113941089	113941707	2	2	1	2	0	20
chr6	113941766	113943350	2	2	1	4	0	46
chr6	113943507	113944279	2	2	1	7	0	37
chr6	113944411	113945361	2	2	1	3	0	41
chr6	113953419	113956012	2	2	1	1	0	38
chr6	113956152	113956618	2	2	1	2	0	25
chr6	113960019	113970856	2	2	1	2	0	42
chr6	116239124	116243908	1	1	1	2	0	8
chr6	116584858	116588841	1	1	1	3	0	27
chr6	116588986	116590271	1	1	1	1	0	23
chr6	116658925	116660735	2	2	1	1	0	40
chr6	116681339	116689319	1	1	1	1	0	36
chr6	117999194	117999424	1	3	1	0	3	42
chr6	118483859	118491685	2	2	1	2	0	8
chr6	118974575	118975023	2	2	1	1	0	32
chr6	118975209	118975916	2	2	1	1	0	28
chr6	122412482	122412636	1	1	1	2	0	32
chr6	122633368	122717786	1	1	1	1	0	19
chr6	122781195	122783716	1	1	1	1	0	14
chr6	125885344	125888938	1	1	1	1	0	27
chr6	125998685	125999456	1	1	1	1	0	31
chr6	126340400	126346204	1	1	1	1	0	8
chr6	126346319	126348465	1	1	1	20	0	41
chr6	127454102	127473079	2	2	1	1	0	21
chr6	129642019	129710023	2	2	1	1	0	22
chr6	130049394	130051248	1	1	1	1	0	33
chr6	130840599	130858130	2	2	1	1	1	25
chr6	130956500	131063154	2	2	1	1	0	25
chr6	131694770	131695851	1	1	1	3	0	45
chr6	132815089	132816460	1	1	1	3	1	30
chr6	132816564	132816959	1	1	1	105	0	42
chr6	132817062	132817479	1	1	1	187	1	46
chr6	134173567	134174004	2	2	1	1	0	37
chr6	134966474	134969237	2	2	1	1	0	21
chr6	135039768	135042000	2	2	1	1	0	8
chr6	135438499	135442581	2	2	1	1	0	4
chr6	135463307	135465813	2	2	1	2	0	33
chr6	135492292	135495813	2	2	1	1	0	28
chr6	136261478	136267028	2	2	1	2	0	13
chr6	136261478	136268161	2	2	1	0	1	24
chr6	136268340	136269436	2	2	1	3	0	43
chr6	136269613	136271994	2	2	1	2	0	28
chr6	136272080	136273081	2	2	1	0	4	26
chr6	136273188	136275531	2	2	1	3	1	37
chr6	136276509	136277864	2	2	1	0	1	34
chr6	136344239	136345855	2	2	1	1	0	14
chr6	136411698	136421700	2	2	1	1	0	18
chr6	136639639	136642519	2	2	1	1	0	27
chr6	136642570	136650983	2	2	1	1	0	15
chr6	136836812	136876249	1	1	1	0	1	32
chr6	136898242	136913457	1	1	1	1	0	20
chr6	138286917	138287073	1	1	1	1	0	18
chr6	138404598	138405144	1	1	1	1	0	19
chr6	138406152	138412879	1	1	1	1	0	21
chr6	138773903	138776078	1	1	1	1	0	17
chr6	142169678	142170345	1	1	1	1	0	14
chr6	142170422	142189425	1	1	1	1	0	20
chr6	143462998	143468121	1	1	1	1	0	5
chr6	143468166	143470960	1	1	1	1	0	43
chr6	143502123	143502354	2	2	1	2	0	42
chr6	143712184	143748984	1	1	1	1	0	16
chr6	143774216	143777327	1	1	1	1	0	6
chr6	143783281	143788772	1	1	1	1	0	31
chr6	143862897	143863085	1	1	1	1	0	45
chr6	144428894	144429580	1	1	1	2	0	16
chr6	144438896	144440351	1	1	1	1	0	39
chr6	144448770	144451369	1	1	1	2	0	42
chr6	144473834	144474603	1	1	1	1	0	25
chr6	144514821	144516228	1	1	1	1	0	37
chr6	144548855	144550964	1	1	1	2	0	5
chr6	144757990	144771906	1	1	1	1	0	34
chr6	149512303	149517353	2	2	1	3	0	38
chr6	149517451	149521059	2	2	1	1	0	24
chr6	149534775	149535595	2	2	1	2	0	32
chr6	149572345	149572506	1	1	1	1	0	42
chr6	149579991	149580592	1	1	1	1	0	22
chr6	149582604	149590726	1	1	1	1	0	17
chr6	150887982	150898859	1	1	1	6	0	33
chr6	150909368	150909987	2	4	1	2	0	39
chr6	151373026	151374990	1	1	1	0	1	40
chr6	152990096	152991184	2	2	1	0	2	36
chr6	154808202	154808685	1	1	1	1	0	20
chr6	154966554	154967029	1	1	1	1	0	15
chr6	155258083	155260272	2	2	1	1	0	28
chr6	155297105	155298476	2	2	1	2	0	46
chr6	155298586	155311187	2	2	1	1	0	45
chr6	158150590	158155314	2	2	1	1	0	11
chr6	158155352	158158272	2	2	1	1	0	37
chr6	158413194	158429735	1	1	1	0	1	6
chr6	158770895	158771243	2	2	1	1	0	27
chr6	158771408	158776407	2	2	1	8	0	42
chr6	158776505	158783519	2	2	1	1	0	14
chr6	158783667	158784643	2	2	1	2	0	41
chr6	158784728	158785308	2	2	1	3	0	40
chr6	159679299	159682496	2	2	1	1	0	41
chr6	159763054	159767004	1	1	1	1	0	7
chr6	159767187	159768510	1	1	1	4	0	31
chr6	159768629	159775169	1	1	1	1	0	11
chr6	159775314	159776149	1	1	1	1	0	25
chr6	159778281	159778658	1	1	1	7	0	45
chr6	159779262	159779626	2	2	1	1	0	31
chr6	159779791	159779894	2	2	1	1	0	36
chr6	159780567	159780934	2	2	1	1	0	5
chr6	159784068	159784665	2	2	1	2	0	4
chr6	159787872	159788057	2	2	1	1	0	6
chr6	160070059	160071909	1	1	1	1	0	32
chr6	161101993	161102698	1	1	1	1	0	21
chr6	166320257	166322856	2	2	1	1	0	15
chr6	166929792	166931043	2	2	1	1	0	25
chr6	167864747	167870382	1	1	1	3	0	41
chr6	167864747	167870385	1	1	1	5	0	32
chr6	167870499	167872213	1	1	1	1	0	8
chr6	167870499	167872216	1	1	1	3	0	18
chr6	167875496	167880359	1	1	1	1	0	4
chr6	168002660	168003613	1	1	1	1	0	42
chr6	169672397	169688816	2	2	1	1	0	5
chr6	169704089	169705132	2	2	1	1	0	5
chr6	169705541	169705872	2	4	1	1	0	33
chr6	170535406	170537233	2	2	1	1	1	16
chr6	170577718	170578856	2	2	1	1	0	38
chr7	1157751	1158157	2	2	1	1	0	9
chr7	1898391	1936686	2	2	1	1	0	8
chr7	2218044	2219331	2	2	1	1	0	35
chr7	2255170	2256873	2	2	1	1	0	34
chr7	2363128	2363631	1	1	1	1	0	27
chr7	2363659	2380640	1	3	1	1	0	15
chr7	2369683	2371776	1	1	1	1	0	37
chr7	2372796	2374527	1	1	1	1	0	9
chr7	2374607	2375388	1	1	1	1	0	4
chr7	2377076	2378688	1	1	1	3	0	16
chr7	2378767	2379133	1	1	1	3	0	12
chr7	2932587	2934452	2	2	1	1	0	41
chr7	4983774	4984909	1	3	1	1	0	8
chr7	4985076	4986566	1	1	1	2	0	39
chr7	4986632	4989062	1	1	1	1	0	9
chr7	5527892	5528003	2	2	1	6	0	46
chr7	5528186	5528280	2	2	1	4	0	45
chr7	5764066	5764522	2	2	1	1	0	38
chr7	5901705	5902660	1	1	1	0	1	44
chr7	5943473	5948219	2	2	1	0	1	4
chr7	6024802	6026727	2	2	1	1	0	7
chr7	6042994	6044561	2	2	1	2	0	30
chr7	6050046	6054545	2	2	1	1	0	13
chr7	6054705	6058965	2	2	1	1	0	6
chr7	6374771	6387211	1	1	1	1	0	9
chr7	6387284	6391923	1	1	1	1	0	11
chr7	6392042	6400125	1	1	1	0	2	40
chr7	6402028	6402315	1	1	1	15	0	45
chr7	6776547	6781327	1	1	1	0	1	4
chr7	6822365	6823312	2	2	1	0	1	44
chr7	7182821	7243523	1	1	1	2	0	33
chr7	7606072	7606995	1	1	1	1	0	29
chr7	7637083	7637863	2	2	1	8	0	42
chr7	7637973	7639069	2	2	1	1	0	23
chr7	10933693	10938089	2	2	1	10	1	40
chr7	10938148	10938807	2	2	1	2	0	18
chr7	10974946	10982371	1	1	1	3	0	10
chr7	11028819	11035639	1	1	1	1	0	37
chr7	11036689	11036984	1	1	1	1	0	35
chr7	11111468	11169415	1	1	1	2	0	17
chr7	12229820	12230388	1	1	1	1	0	13
chr7	12333569	12336140	2	2	1	1	0	30
chr7	13872197	13872423	0	0	1	0	1	35
chr7	16689907	16694833	1	1	1	2	0	29
chr7	16698187	16704546	1	1	1	3	0	34
chr7	16704670	16706059	1	1	1	1	0	37
chr7	17330887	17333911	1	1	1	2	0	17
chr7	19698728	19700071	2	2	1	2	0	34
chr7	19700281	19704778	2	2	1	2	0	10
chr7	21908508	21911616	2	2	1	2	0	29
chr7	21916895	21945780	2	2	1	2	0	11
chr7	22160616	22162396	2	2	1	1	0	43
chr7	22743848	22770846	1	1	1	0	2	21
chr7	22813186	22817999	2	2	1	15	0	44
chr7	22813186	22822676	2	2	1	1	0	29
chr7	22818049	22822676	2	2	1	5	0	27
chr7	22946164	22946951	2	2	1	1	0	7
chr7	23307950	23309355	1	1	1	5	0	43
chr7	23312849	23313521	2	4	1	1	0	24
chr7	23412942	23413450	2	2	1	1	0	32
chr7	23452125	23453037	2	4	1	1	0	29
chr7	23506267	23507419	2	2	1	1	0	43
chr7	24649765	24650484	1	1	1	2	0	42
chr7	24663722	24665587	1	1	1	8	0	42
chr7	24665688	24666020	1	1	1	2	0	27
chr7	24680521	24687437	1	1	1	1	0	33
chr7	25123850	25123950	2	2	1	5	0	44
chr7	26192339	26192494	2	2	1	4	0	44
chr7	26192578	26193250	2	2	1	4	0	41
chr7	26193374	26193574	2	2	1	8	1	46
chr7	26193374	26193598	2	2	1	0	1	4
chr7	26193374	26195846	2	2	1	0	1	4
chr7	26193695	26195846	2	2	1	5	0	42
chr7	26195910	26196400	2	2	1	2	0	43
chr7	26196482	26196556	2	2	1	3	0	29
chr7	26197018	26197314	2	2	1	1	0	41
chr7	26197462	26197621	2	2	1	1	0	11
chr7	26201827	26202970	1	1	1	2	0	45
chr7	26202610	26202970	1	1	1	1	0	41
chr7	26203023	26206367	1	1	1	1	0	15
chr7	26206511	26208392	1	1	1	1	3	39
chr7	26208556	26211661	1	1	1	1	0	29
chr7	26211757	26212081	1	1	1	3	0	21
chr7	27748687	27758030	1	1	1	1	0	32
chr7	27758134	27765833	1	1	1	1	0	25
chr7	27766022	27769675	1	1	1	4	0	46
chr7	27769835	27785162	1	1	1	1	0	8
chr7	27785312	27785398	1	1	1	5	0	18
chr7	27785490	27787417	1	1	1	1	0	15
chr7	27792231	27793065	1	1	1	2	0	24
chr7	27793213	27794322	1	1	1	1	0	26
chr7	27800091	27816348	1	1	1	1	0	29
chr7	27827821	27828627	1	1	1	1	0	40
chr7	30049383	30050433	1	1	1	1	0	36
chr7	30050475	30052708	1	1	1	1	0	15
chr7	30062743	30074070	1	1	1	1	0	12
chr7	30074133	30074346	1	1	1	1	0	15
chr7	30498939	30500535	2	2	1	2	0	21
chr7	30600050	30601058	1	1	1	3	0	29
chr7	30601201	30603033	1	1	1	2	0	6
chr7	30609731	30612095	1	1	1	1	0	12
chr7	30632438	30633734	1	1	1	7	0	43
chr7	32487294	32487684	2	2	1	6	0	40
chr7	32580891	32583791	1	1	1	1	0	7
chr7	32875158	32879434	2	2	1	1	0	27
chr7	33096555	33097270	2	2	1	1	0	44
chr7	35873776	35879822	1	1	1	5	0	39
chr7	35879941	35882483	1	1	1	4	0	6
chr7	35883988	35885827	1	1	1	1	0	37
chr7	35885880	35890667	1	1	1	5	0	41
chr7	35890794	35898247	1	1	1	1	0	13
chr7	36420745	36421856	1	1	1	1	0	17
chr7	37897108	37900243	1	1	1	1	0	16
chr7	39566548	39570505	1	1	1	1	0	32
chr7	39690591	39696684	1	1	1	1	1	27
chr7	39696860	39706122	1	1	1	9	0	42
chr7	39734045	39744291	1	1	1	0	1	3
chr7	40133260	40134228	2	2	1	4	0	38
chr7	42917691	42917777	2	2	1	4	0	27
chr7	42917836	42921857	2	2	1	2	0	38
chr7	42921932	42923324	2	2	1	1	0	5
chr7	42923407	42924674	2	2	1	1	0	42
chr7	42924798	42926535	2	2	1	2	0	40
chr7	43943032	43947158	1	1	1	1	0	24
chr7	43987889	43988085	2	2	1	0	1	36
chr7	44016524	44019060	2	2	1	0	2	31
chr7	44113954	44114467	2	2	1	1	0	44
chr7	44114946	44115294	2	2	1	2	0	30
chr7	44799481	44799701	1	1	1	4	0	26
chr7	44799875	44801286	1	1	1	2	1	45
chr7	44834563	44835528	2	2	1	2	0	10
chr7	45072784	45073459	1	1	1	1	0	36
chr7	45101968	45102377	1	3	1	1	0	24
chr7	45751647	45756908	2	2	1	1	0	39
chr7	45756993	45758042	2	2	1	1	0	35
chr7	47940318	47943395	2	2	1	1	0	16
chr7	48107508	48108217	1	1	1	1	0	39
chr7	50595531	50603997	2	2	1	1	0	44
chr7	54752421	54755778	2	2	1	33	0	46
chr7	54755882	54757494	2	2	1	6	0	45
chr7	55428448	55431225	1	1	1	1	0	31
chr7	55978266	55978349	1	1	1	2	0	18
chr7	55978396	55981472	1	1	1	2	0	28
chr7	56056415	56057992	1	1	1	5	0	39
chr7	56058104	56058361	1	1	1	7	0	44
chr7	56060417	56060806	1	1	1	1	0	13
chr7	56060941	56061746	1	1	1	1	0	11
chr7	56061850	56062682	1	1	1	1	0	4
chr7	56062756	56063012	1	1	1	2	0	23
chr7	64543803	64544305	2	2	1	2	0	24
chr7	64917708	64918196	1	1	1	1	0	33
chr7	65066427	65066944	1	1	1	0	1	43
chr7	65755953	65756468	1	1	1	0	1	43
chr7	65882254	65900264	2	2	1	1	0	21
chr7	65974442	65974525	2	2	1	1	0	38
chr7	66092664	66092767	1	1	1	2	0	46
chr7	66494022	66495254	1	1	1	1	0	23
chr7	66543781	66545364	2	2	1	0	1	3
chr7	66584467	66592256	2	2	1	1	0	8
chr7	66945262	66948543	1	1	1	2	0	15
chr7	71416064	71420907	1	1	1	1	0	27
chr7	71665597	71669971	1	1	1	1	0	15
chr7	72247378	72247895	1	3	1	1	0	28
chr7	72802523	72807065	2	2	1	1	0	44
chr7	72952296	72953325	2	2	1	0	1	4
chr7	72952296	72954624	2	2	1	0	1	4
chr7	72954480	72954624	2	2	1	0	1	35
chr7	72981591	72998687	2	2	1	0	1	6
chr7	73303741	73303825	2	2	1	1	0	15
chr7	73459719	73462921	2	2	1	2	0	24
chr7	73492922	73498496	2	2	1	1	0	20
chr7	73697695	73697831	1	1	1	1	0	6
chr7	74249119	74249738	2	2	1	1	0	9
chr7	74591018	74595013	1	1	1	1	0	17
chr7	74595052	74601043	1	1	1	1	0	37
chr7	74689228	74690972	1	1	1	4	0	26
chr7	75410461	75410605	1	1	1	0	1	35
chr7	75410461	75412788	1	1	1	0	1	4
chr7	75411760	75412788	1	1	1	0	1	4
chr7	75441116	75441431	2	2	1	1	0	42
chr7	75838122	75849149	2	2	1	0	1	43
chr7	75996600	76000889	2	2	1	4	0	24
chr7	76003856	76005258	2	2	1	3	0	44
chr7	76064954	76066278	1	1	1	1	0	4
chr7	76303866	76303983	1	1	1	1	0	18
chr7	77094098	77109937	2	2	1	0	1	31
chr7	77537646	77571077	1	1	1	1	0	7
chr7	77610843	77610947	1	1	1	1	0	25
chr7	77611047	77618479	1	1	1	3	0	35
chr7	77632426	77635781	1	1	1	1	0	31
chr7	77697056	77736409	1	1	1	3	0	20
chr7	77736527	77749423	1	1	1	3	0	22
chr7	77750065	77765494	1	1	1	1	0	18
chr7	77901921	77908792	1	1	1	1	0	44
chr7	82032902	82038076	2	2	1	1	0	34
chr7	85083745	85084044	1	3	1	1	0	41
chr7	87179703	87181308	1	1	1	3	0	14
chr7	87181342	87182016	1	1	1	3	0	30
chr7	87325445	87341522	2	2	1	1	0	45
chr7	87900879	87904291	1	1	1	2	0	20
chr7	88206505	88208506	2	2	1	12	0	45
chr7	88208566	88209338	2	2	1	2	0	16
chr7	90383080	90384891	1	1	1	1	0	10
chr7	91112682	91118064	1	1	1	1	0	32
chr7	91993056	91994620	1	1	1	1	0	30
chr7	91995801	92000847	1	1	1	6	0	46
chr7	92062487	92065230	1	1	1	1	0	18
chr7	92123316	92123733	2	2	1	1	0	11
chr7	92126428	92127504	2	2	1	1	0	8
chr7	92127632	92128879	2	2	1	1	0	6
chr7	92226683	92234448	2	2	1	1	0	19
chr7	92241153	92242033	2	2	1	1	0	19
chr7	92246520	92294888	1	1	1	2	0	14
chr7	92329050	92331349	2	2	1	0	1	25
chr7	92387885	92387974	1	1	1	2	0	22
chr7	92388042	92389970	1	1	1	2	0	3
chr7	92454686	92456371	1	1	1	2	0	15
chr7	92562369	92566009	2	2	1	1	0	8
chr7	92566062	92569822	2	2	1	1	0	32
chr7	92569916	92575770	2	2	1	1	4	44
chr7	92575822	92577102	2	2	1	1	0	23
chr7	92577196	92577654	2	2	1	3	0	27
chr7	92577718	92578149	2	2	1	3	0	28
chr7	92578394	92579316	2	2	1	3	0	39
chr7	92579396	92581505	2	2	1	0	6	45
chr7	92581604	92590267	2	2	1	0	6	30
chr7	93994386	93996264	2	2	1	1	0	24
chr7	93996322	93999169	2	2	1	1	0	11
chr7	94585516	94588688	2	2	1	1	0	44
chr7	95269508	95273898	1	1	1	2	0	45
chr7	95286326	95288535	1	1	1	1	0	27
chr7	96193184	96208837	2	2	1	1	0	21
chr7	96208978	96234801	2	2	1	1	0	46
chr7	96688967	96694797	2	2	1	20	0	46
chr7	96694892	96709687	2	2	1	1	0	36
chr7	97852469	97853059	2	2	1	4	0	37
chr7	97856817	97858277	2	2	1	1	0	23
chr7	99038526	99040377	2	2	1	1	0	45
chr7	99354122	99358339	1	1	1	1	0	11
chr7	99394120	99394450	1	1	1	1	0	17
chr7	99398014	99400302	2	2	1	1	0	24
chr7	99403506	99404861	2	2	1	0	1	10
chr7	99404954	99408535	2	2	1	1	0	9
chr7	99417596	99419390	1	1	1	4	0	29
chr7	99458356	99459146	2	2	1	24	0	40
chr7	99458356	99460085	2	2	1	2	0	42
chr7	99459264	99460085	2	2	1	1	0	25
chr7	100024308	100024754	1	1	1	1	0	39
chr7	100057891	100063787	1	1	1	1	0	17
chr7	100091521	100091648	1	1	1	1	0	23
chr7	100093134	100093291	2	2	1	1	0	17
chr7	100153518	100153866	1	1	1	1	0	17
chr7	100321085	100325690	2	2	1	1	0	17
chr7	100419884	100420621	2	2	1	1	0	30
chr7	100435534	100435630	2	2	1	1	0	26
chr7	100435534	100435847	2	2	1	1	0	8
chr7	100678615	100678694	1	1	1	2	0	32
chr7	100682236	100682321	2	2	1	1	0	38
chr7	100831898	100832773	2	2	1	1	0	33
chr7	100871722	100872623	1	1	1	1	0	4
chr7	100872745	100873171	1	1	1	1	0	34
chr7	100886969	100887046	1	1	1	1	0	18
chr7	100888384	100888473	1	1	1	4	0	19
chr7	101558415	101558928	1	3	1	1	0	46
chr7	102032965	102033211	1	3	1	1	0	28
chr7	102320503	102321298	1	1	1	1	0	20
chr7	102321319	102321579	1	3	1	1	0	20
chr7	102397699	102399547	1	1	1	1	0	25
chr7	102404684	102407433	1	1	1	1	0	15
chr7	102472805	102472908	1	1	1	1	0	6
chr7	102473685	102474360	2	2	1	2	0	26
chr7	102474536	102476180	2	2	1	0	1	17
chr7	102476271	102478807	2	2	1	0	2	31
chr7	102541304	102541500	2	2	1	0	1	36
chr7	102568185	102569834	2	2	1	0	1	17
chr7	102640415	102640611	2	2	1	0	1	36
chr7	102667265	102668914	2	2	1	0	1	17
chr7	102761412	102777252	1	1	1	0	1	31
chr7	103311897	103312055	1	1	1	2	0	24
chr7	103312132	103312206	1	1	1	6	0	34
chr7	103312644	103312946	2	2	1	10	0	43
chr7	103313102	103315763	2	2	1	3	0	31
chr7	103319845	103321931	2	2	1	1	0	44
chr7	103322795	103323597	2	2	1	2	0	31
chr7	103323664	103324481	2	2	1	5	0	46
chr7	103324563	103326542	2	2	1	4	0	43
chr7	103355794	103361956	1	1	1	2	0	31
chr7	103367810	103367896	1	1	1	1	0	7
chr7	104166885	104168472	2	2	1	1	0	10
chr7	105074816	105076042	1	1	1	1	0	33
chr7	105077434	105078845	1	1	1	1	0	35
chr7	105081798	105090008	1	1	1	4	0	37
chr7	105090274	105091215	1	1	1	1	0	21
chr7	105142491	105143083	2	2	1	1	0	13
chr7	105146659	105160506	2	2	1	1	0	37
chr7	105472194	105481051	2	2	1	1	0	11
chr7	105508545	105522051	2	2	1	1	0	40
chr7	105567491	105569202	2	2	1	3	0	22
chr7	105875235	105875811	2	2	1	2	0	30
chr7	106253152	106254363	2	2	1	3	0	41
chr7	107151024	107153176	1	1	1	1	0	20
chr7	107564248	107564587	1	3	1	1	0	40
chr7	107594106	107595866	1	1	1	1	0	30
chr7	107753512	107753894	1	1	1	2	0	21
chr7	107905059	107905360	1	1	1	1	0	16
chr7	107906369	107915505	1	1	1	1	0	9
chr7	107923658	107923916	2	2	1	1	0	22
chr7	107924390	107926182	2	2	1	3	0	39
chr7	112472348	112472765	1	1	1	2	0	26
chr7	120950925	120951163	1	1	1	2	0	20
chr7	120969205	120970687	1	1	1	2	0	13
chr7	120973244	120974727	1	1	1	2	0	5
chr7	121350551	121351142	2	2	1	0	2	38
chr7	121371424	121372109	2	2	1	3	0	30
chr7	121372140	121378909	2	2	1	3	0	19
chr7	121968131	121972540	1	1	1	2	0	10
chr7	122038890	122039453	1	1	1	1	0	40
chr7	122054039	122054940	1	1	1	3	0	21
chr7	122098577	122098744	2	2	1	1	0	11
chr7	122101681	122113117	2	2	1	1	0	29
chr7	122117799	122117933	1	1	1	1	0	42
chr7	122407697	122416060	2	2	1	1	0	27
chr7	123542221	123545610	2	2	1	1	2	40
chr7	123696748	123704633	2	2	1	2	0	24
chr7	123704658	123706276	2	2	1	2	0	18
chr7	128091882	128091992	1	1	1	1	0	10
chr7	128324695	128325817	2	2	1	1	0	12
chr7	128336043	128337130	2	2	1	1	0	3
chr7	128337203	128338249	2	2	1	1	0	17
chr7	128339792	128343675	2	2	1	1	0	36
chr7	128549605	128553141	1	3	1	1	0	28
chr7	128794603	128794693	1	1	1	2	0	5
chr7	128814920	128815613	1	1	1	1	0	21
chr7	128815932	128821798	1	1	1	1	0	4
chr7	131327998	131375423	1	1	1	1	0	44
chr7	133024628	133070141	2	2	1	0	1	45
chr7	133289117	133305876	1	1	1	1	0	18
chr7	134005091	134007675	1	1	1	1	0	10
chr7	134449120	134449719	2	2	1	1	0	13
chr7	134779750	134843883	1	1	1	1	0	18
chr7	134928901	134932987	1	1	1	3	0	38
chr7	134933391	134935687	1	1	1	2	0	25
chr7	134933397	134933842	1	1	1	1	0	28
chr7	135422354	135438157	2	2	1	1	0	11
chr7	135614274	135615915	1	1	1	1	0	3
chr7	135625356	135626239	1	1	1	1	0	6
chr7	137254975	137343438	2	2	1	1	0	7
chr7	138538804	138551062	1	1	1	1	0	19
chr7	139252058	139258487	1	1	1	1	0	27
chr7	139258626	139259266	1	1	1	1	0	27
chr7	139269524	139272321	1	1	1	1	0	36
chr7	140459937	140471882	2	2	1	1	0	20
chr7	140703011	140704859	1	1	1	22	0	46
chr7	140704964	140706562	1	1	1	41	0	45
chr7	140739947	140749286	2	2	1	1	0	16
chr7	140753394	140754186	2	2	1	1	0	44
chr7	141738411	141739123	1	1	1	2	0	19
chr7	141738576	141739123	1	1	1	2	0	15
chr7	141739191	141742168	1	1	1	3	0	42
chr7	141743990	141745495	1	1	1	6	0	36
chr7	141745585	141750310	1	1	1	49	0	46
chr7	142861187	142862016	1	1	1	1	0	29
chr7	143397658	143397919	2	2	1	1	0	30
chr7	143415200	143415536	1	1	1	1	0	10
chr7	144239389	144243746	1	1	1	0	2	37
chr7	144307233	144311590	2	2	1	0	2	37
chr7	148797860	148797936	1	1	1	2	0	37
chr7	148829849	148832633	2	2	1	1	0	42
chr7	149074539	149090622	2	2	1	2	0	37
chr7	150338440	150338614	2	2	1	15	0	44
chr7	150338742	150338985	2	2	1	5	0	33
chr7	150945094	150947850	1	3	1	1	0	29
chr7	151076800	151079607	1	3	1	1	0	24
chr7	151345467	151349072	1	1	1	2	0	36
chr7	151355951	151356127	1	1	1	1	0	39
chr7	151360248	151366938	1	1	1	1	0	21
chr7	151360915	151361058	1	1	1	4	0	34
chr7	151375944	151376633	1	1	1	2	0	4
chr7	151471606	151477332	2	2	1	1	0	5
chr7	151477416	151484736	2	2	1	1	0	4
chr7	151557233	151560523	2	2	1	1	0	11
chr7	152167379	152169185	2	2	1	1	0	4
chr7	152203065	152205105	2	2	1	1	0	20
chr7	152457724	152506301	1	1	1	1	0	13
chr7	155742107	155744960	1	1	1	1	0	8
chr7	156762199	156763107	2	2	1	1	0	32
chr7	157337145	157358546	1	1	1	0	3	44
chr7	157363271	157366501	1	1	1	1	0	12
chr7	157367484	157382245	1	1	1	0	1	17
chr7	157382378	157384866	1	1	1	1	0	29
chr7	158631718	158644288	2	2	1	2	0	39
chr7	158689954	158690567	2	2	1	1	0	13
chr7	158876692	158879683	1	1	1	1	0	11
chr8	674048	692477	2	2	1	4	0	42
chr8	1824114	1843352	1	1	1	1	0	19
chr8	6747829	6755050	1	1	1	4	0	38
chr8	10765917	10820192	2	2	1	1	0	17
chr8	11111893	11113871	2	2	1	3	0	32
chr8	11808892	11809666	1	1	1	1	0	10
chr8	11809851	11821749	1	1	1	2	0	27
chr8	11821879	11826023	1	1	1	1	0	37
chr8	11831671	11838387	1	1	1	1	0	33
chr8	15540569	15623079	1	1	1	1	0	22
chr8	15781906	15782245	1	1	1	1	0	25
chr8	17230849	17232426	2	2	1	1	0	44
chr8	17232538	17234715	2	2	1	1	0	13
chr8	17653499	17654560	2	4	1	3	0	46
chr8	17924781	17935588	1	1	1	2	0	42
chr8	17935707	17937133	1	1	1	1	0	36
chr8	17939862	17947185	1	1	1	1	0	20
chr8	17947364	17950614	1	1	1	1	0	13
chr8	17950725	17952969	1	1	1	2	0	38
chr8	17957776	17960013	1	1	1	1	0	41
chr8	17969749	17972328	1	1	1	1	0	21
chr8	17972688	17980590	1	1	1	1	0	17
chr8	18025454	18025543	1	1	1	2	0	20
chr8	18025659	18027636	1	1	1	10	0	37
chr8	18069879	18071299	2	2	1	2	0	30
chr8	19333115	19334685	1	1	1	2	0	17
chr8	19817667	19818274	1	1	1	1	0	42
chr8	20217325	20218152	1	1	1	2	0	45
chr8	22251114	22251134	1	3	1	1	0	31
chr8	23294865	23295966	1	1	1	1	0	42
chr8	23550117	23563916	1	1	1	0	1	42
chr8	24952953	24953475	2	2	1	3	0	20
chr8	25480125	25483398	1	1	1	1	0	38
chr8	25487335	25488551	1	1	1	2	0	17
chr8	25503545	25506509	1	1	1	3	0	29
chr8	26293741	26338889	1	1	1	2	0	36
chr8	27506995	27511184	1	1	1	1	0	42
chr8	27606525	27608937	2	2	1	1	0	7
chr8	27736246	27740471	2	2	1	1	0	11
chr8	27748280	27748494	2	2	1	2	0	42
chr8	27799717	27803305	1	1	1	1	0	23
chr8	28129610	28129693	1	3	1	2	0	22
chr8	29150384	29155725	2	2	1	1	0	7
chr8	29245440	29262979	2	2	1	1	0	29
chr8	30104487	30105745	1	1	1	1	0	21
chr8	30544625	30547291	1	1	1	1	0	16
chr8	30566361	30570636	1	1	1	4	0	45
chr8	30635124	30653432	2	2	1	2	0	15
chr8	31033974	31058371	1	1	1	3	0	40
chr8	31083780	31085165	1	1	1	2	0	3
chr8	31085247	31087775	1	1	1	3	0	20
chr8	33041772	33044366	1	1	1	2	0	28
chr8	33488799	33488987	1	1	1	1	0	42
chr8	37877552	37899070	2	2	1	1	0	10
chr8	38264950	38266140	2	2	1	1	0	31
chr8	38267392	38267896	2	2	1	1	0	31
chr8	38326857	38329377	2	2	1	0	1	4
chr8	38329894	38331430	2	2	1	2	0	34
chr8	38443783	38444698	1	1	1	1	0	35
chr8	41265490	41303460	2	2	1	3	0	32
chr8	41303539	41308615	2	2	1	5	0	46
chr8	47789050	47789150	2	2	1	5	0	32
chr8	47789239	47794289	2	2	1	8	0	41
chr8	47800987	47803305	2	2	1	1	0	42
chr8	47849304	47849378	2	2	1	1	0	39
chr8	47860972	47862061	2	2	1	1	0	21
chr8	47862128	47862372	2	2	1	1	0	37
chr8	47862542	47863398	2	2	1	1	0	24
chr8	47863578	47864555	2	2	1	1	0	22
chr8	47915419	47918276	2	2	1	1	0	8
chr8	47918384	47927193	2	2	1	1	0	20
chr8	47930013	47930671	2	2	1	2	0	26
chr8	47944030	47953619	2	2	1	1	0	38
chr8	47954447	47955873	2	2	1	1	0	9
chr8	47955949	47957170	2	2	1	8	0	33
chr8	47957264	47957354	2	2	1	4	0	41
chr8	47962217	47962304	1	1	1	1	0	44
chr8	47962860	47962944	1	1	1	1	0	12
chr8	47973065	47974733	1	1	1	2	0	10
chr8	47975849	47976685	1	1	1	1	0	25
chr8	51845764	51860844	2	2	1	1	0	46
chr8	52623860	52624716	2	2	1	1	0	16
chr8	52642813	52645701	2	2	1	1	0	20
chr8	52658125	52658872	2	2	1	2	0	26
chr8	52661282	52661534	2	2	1	1	0	23
chr8	52661720	52668020	2	2	1	1	0	18
chr8	52684014	52685398	2	2	1	1	0	34
chr8	52685521	52686852	2	2	1	2	0	36
chr8	53984518	53986968	2	6	1	1	1	7
chr8	53987026	53988113	2	2	1	3	0	29
chr8	53988260	53993667	2	2	1	0	1	27
chr8	53993756	53999944	2	2	1	0	1	16
chr8	54000051	54010429	2	2	1	3	2	45
chr8	54010493	54022062	2	2	1	3	4	43
chr8	55773720	55785718	1	1	1	1	0	3
chr8	55782813	55785718	1	1	1	6	0	39
chr8	55785892	55786237	1	1	1	5	0	35
chr8	55796153	55798913	1	1	1	2	0	19
chr8	55811636	55826673	2	2	1	0	1	45
chr8	56073273	56073694	2	2	1	57	0	46
chr8	56073769	56074059	2	2	1	8	0	38
chr8	56074160	56074380	2	2	1	3	0	33
chr8	56216532	56217330	1	1	1	4	0	44
chr8	58446069	58447388	1	1	1	0	2	33
chr8	60517254	60558851	1	1	1	1	0	23
chr8	60558924	60572045	1	1	1	1	0	10
chr8	60572114	60584207	1	1	1	2	0	14
chr8	60584291	60584722	1	1	1	4	0	32
chr8	60584816	60591857	1	1	1	2	0	43
chr8	60743098	60780999	1	1	1	6	1	45
chr8	60808273	60816386	1	1	1	1	0	40
chr8	60828807	60830321	1	1	1	1	0	4
chr8	60856203	60856444	1	1	1	1	0	12
chr8	61633728	61637946	2	2	1	3	0	36
chr8	61638004	61638321	2	2	1	3	0	40
chr8	66922115	66922323	2	2	1	6	0	45
chr8	66922115	66925436	2	2	1	1	0	18
chr8	66922393	66922613	2	2	1	4	0	37
chr8	67154137	67158446	1	1	1	1	0	44
chr8	67240291	67251298	2	2	1	2	0	28
chr8	67253623	67257731	2	2	1	2	0	20
chr8	67266208	67266875	2	2	1	1	0	46
chr8	67296611	67299208	2	2	1	1	0	7
chr8	67952536	68017845	1	1	1	1	0	4
chr8	68017918	68019548	1	1	1	1	0	16
chr8	68038293	68044486	1	1	1	1	0	14
chr8	68044591	68053096	1	1	1	1	0	30
chr8	68053247	68055829	1	1	1	2	0	38
chr8	70050721	70051349	2	4	1	1	0	28
chr8	70575006	70583163	2	2	1	1	0	44
chr8	70598256	70600018	2	2	1	1	0	44
chr8	70641051	70644064	2	2	1	1	0	19
chr8	71675536	71702214	1	1	1	1	0	16
chr8	71675536	71720593	1	1	1	1	0	26
chr8	73013991	73020683	1	1	1	0	2	31
chr8	73020806	73022215	1	1	1	1	0	35
chr8	73022303	73024821	1	1	1	1	0	7
chr8	73024972	73026939	1	1	1	12	1	42
chr8	73027053	73030335	1	1	1	21	0	45
chr8	73027053	73032041	1	1	1	9	9	45
chr8	73030396	73032041	1	1	1	10	0	45
chr8	73032134	73038705	1	1	1	1	0	15
chr8	73032134	73039115	1	1	1	2	0	37
chr8	73039220	73045960	1	1	1	1	0	14
chr8	73290706	73291042	2	2	1	230	3	46
chr8	73291253	73291551	2	2	1	24	0	42
chr8	73291662	73291772	2	2	1	5	0	43
chr8	73291911	73292238	2	2	1	3	0	40
chr8	73292406	73292688	2	2	1	1	0	23
chr8	73292798	73293598	2	2	1	1	0	27
chr8	73739869	73746782	2	2	1	1	0	35
chr8	73946821	73955910	2	2	1	3	0	40
chr8	73956055	73959764	2	2	1	1	0	36
chr8	78689374	78697406	1	1	1	3	0	23
chr8	81283539	81283872	1	1	1	1	0	6
chr8	81283975	81284513	1	1	1	8	0	44
chr8	81521611	81521783	2	2	1	1	0	18
chr8	81521818	81521940	1	1	1	0	1	6
chr8	85126838	85129174	1	1	1	1	0	17
chr8	85135964	85137463	1	1	1	1	0	4
chr8	85214632	85214920	2	2	1	14	0	45
chr8	85215038	85217385	2	2	1	3	0	34
chr8	85217503	85220305	2	2	1	2	0	44
chr8	86342931	86368938	1	1	1	1	0	26
chr8	86474954	86477293	2	2	1	1	0	29
chr8	86486644	86488551	2	2	1	3	0	44
chr8	86488640	86506994	2	2	1	1	0	15
chr8	86537647	86540244	1	1	1	1	0	21
chr8	86540335	86544739	1	1	1	3	0	36
chr8	89798798	89846106	2	2	1	1	0	12
chr8	89935613	89937025	2	2	1	1	0	20
chr8	89943367	89946139	2	2	1	2	0	10
chr8	89946296	89947823	2	2	1	1	0	21
chr8	90051740	90051837	1	1	1	2	0	44
chr8	90060701	90063099	2	2	1	1	0	23
chr8	90063154	90063280	2	2	1	1	0	15
chr8	94391900	94393742	2	2	1	1	0	39
chr8	94665060	94665153	1	1	1	1	0	7
chr8	94665197	94667948	1	1	1	1	0	15
chr8	94738460	94739412	1	1	1	1	0	44
chr8	94876148	94876220	1	1	1	1	0	9
chr8	94876286	94876445	1	1	1	2	0	42
chr8	94876490	94880117	1	1	1	4	0	22
chr8	94894120	94894207	2	2	1	1	0	25
chr8	95045648	95046993	1	1	1	1	0	28
chr8	95048559	95052173	1	1	1	2	0	11
chr8	95052231	95057808	1	1	1	4	0	35
chr8	96231133	96231531	2	2	1	2	0	15
chr8	96231133	96231773	2	2	1	12	0	43
chr8	96231941	96233155	2	2	1	1	0	27
chr8	96239686	96243918	2	2	1	1	0	10
chr8	96602529	96608334	1	1	1	1	0	8
chr8	97644888	97661071	1	1	1	1	0	17
chr8	97687606	97689037	1	1	1	1	0	7
chr8	97691189	97706625	1	1	1	1	0	16
chr8	97699853	97706625	1	1	1	1	0	42
chr8	97706751	97713661	1	1	1	2	0	34
chr8	97719190	97722878	1	1	1	2	0	25
chr8	97723036	97724599	1	1	1	1	0	18
chr8	97825154	97851396	1	1	1	1	0	40
chr8	98041851	98042644	2	2	1	153	0	45
chr8	98042719	98044942	2	2	1	2	0	21
chr8	98042776	98044942	2	2	1	16	0	40
chr8	98108752	98117031	2	2	1	2	0	41
chr8	98128541	98129977	1	1	1	2	0	19
chr8	98134660	98136481	1	1	1	2	0	18
chr8	98548162	98579663	2	2	1	2	0	35
chr8	99878266	99887489	2	2	1	27	0	45
chr8	99887619	99891907	2	2	1	3	0	41
chr8	100703360	100704296	2	2	1	49	0	43
chr8	100704391	100704925	2	2	1	39	0	46
chr8	100705057	100705588	2	2	1	1	0	42
chr8	100705674	100706650	2	2	1	0	1	16
chr8	100706806	100706886	2	2	1	3	0	42
chr8	100706998	100709132	2	2	1	2	0	27
chr8	100713182	100715461	2	2	1	1	0	30
chr8	100715602	100717772	2	2	1	3	0	9
chr8	100717889	100718086	2	2	1	1	0	32
chr8	102272773	102275520	2	2	1	1	0	22
chr8	102288267	102289452	2	2	1	1	0	31
chr8	102304170	102305084	2	2	1	1	0	7
chr8	102314854	102323310	2	2	1	1	0	39
chr8	102327897	102329089	2	2	1	1	0	7
chr8	102652398	102653469	2	2	1	1	0	30
chr8	103328417	103329654	1	1	1	1	0	12
chr8	103403325	103404775	2	2	1	1	0	32
chr8	103421083	103426055	1	1	1	1	0	17
chr8	103426146	103427096	1	1	1	1	0	15
chr8	103441619	103442794	1	1	1	12	0	38
chr8	108201924	108202982	2	2	1	49	0	45
chr8	108203118	108203400	2	2	1	6	0	45
chr8	108203504	108214606	2	2	1	1	3	39
chr8	108214717	108216411	2	2	1	1	0	29
chr8	108217461	108228266	2	2	1	2	0	36
chr8	108241914	108248612	2	2	1	1	0	13
chr8	108469912	108470061	1	1	1	1	0	28
chr8	108470122	108475881	1	1	1	1	0	15
chr8	109339391	109340488	1	1	1	2	0	39
chr8	109340564	109343404	1	1	1	4	0	40
chr8	116645104	116646470	2	2	1	2	0	43
chr8	116849055	116850617	2	2	1	1	0	31
chr8	116850768	116851947	2	2	1	4	0	42
chr8	116852097	116852548	2	2	1	1	0	27
chr8	116856772	116857266	2	2	1	1	0	17
chr8	119732187	119742533	2	2	1	2	0	26
chr8	120396126	120413990	2	2	1	1	0	12
chr8	120414113	120419851	2	2	1	3	0	26
chr8	120443309	120445067	2	2	1	1	0	20
chr8	120470938	120488158	1	1	1	1	0	22
chr8	123144856	123150035	1	1	1	1	0	29
chr8	123226633	123231299	2	2	1	1	0	4
chr8	123326027	123328189	2	2	1	2	0	11
chr8	123370025	123370902	2	2	1	2	0	45
chr8	123371339	123371669	2	2	1	1	0	26
chr8	124488697	124493832	2	2	1	3	0	40
chr8	124493960	124495471	2	2	1	1	0	25
chr8	124516031	124518817	2	2	1	1	0	18
chr8	124518882	124522150	2	2	1	1	0	10
chr8	124518882	124522936	2	2	1	2	0	12
chr8	124543280	124546999	1	1	1	3	0	34
chr8	124547114	124549760	1	1	1	18	0	43
chr8	124698143	124699525	2	2	1	1	0	28
chr8	125009344	125011536	1	1	1	2	0	25
chr8	125038960	125039794	2	2	1	2	0	4
chr8	125102488	125151170	1	1	1	1	0	5
chr8	127736624	127738247	1	1	1	1	0	13
chr8	129852279	129854265	2	2	1	1	0	29
chr8	130167623	130168991	2	2	1	2	0	24
chr8	130179350	130180750	2	2	1	1	0	35
chr8	132608554	132610165	2	2	1	1	0	19
chr8	132794582	132794732	1	1	1	1	0	3
chr8	132798861	132803818	1	1	1	1	0	33
chr8	132817546	132824003	1	1	1	3	0	37
chr8	140511647	140514368	1	1	1	1	0	14
chr8	140514496	140515125	1	1	1	1	0	18
chr8	140557237	140558484	2	2	1	2	0	31
chr8	140701023	140702569	2	2	1	1	0	31
chr8	143309544	143310067	2	2	1	3	0	32
chr8	143310218	143315726	2	2	1	2	0	10
chr8	143574901	143574985	2	2	1	5	0	43
chr8	143575526	143575621	2	2	1	1	0	7
chr8	143579825	143580011	2	2	1	2	0	6
chr8	143579831	143580011	2	2	1	46	0	46
chr8	143580728	143581053	2	2	1	1	0	19
chr8	143581329	143586728	2	2	1	1	0	34
chr8	143614454	143614623	2	2	1	1	0	33
chr8	143817146	143817330	2	2	1	1	0	20
chr8	144096745	144097033	1	1	1	1	0	17
chr8	144098789	144098865	2	2	1	2	0	29
chr8	144098995	144099080	2	2	1	2	0	22
chr8	144262318	144262395	2	2	1	4	0	29
chr8	144355654	144356071	1	3	1	1	0	44
chr8	144359066	144359183	1	1	1	1	0	24
chr8	144360714	144360802	1	1	1	1	0	9
chr8	144393366	144393451	2	2	1	2	0	43
chr8	144444276	144444389	2	2	1	1	0	25
chr8	144510904	144510990	1	1	1	1	0	3
chr8	144789963	144790354	2	2	1	58	0	46
chr8	144790471	144791276	2	2	1	1	0	41
chr8	144791496	144791772	2	2	1	2	0	27
chr8	144886903	144889580	2	2	1	1	0	43
chr9	121574	121960	2	2	1	1	8	38
chr9	173367	175697	2	2	1	0	2	26
chr9	2804464	2807813	2	2	1	1	0	10
chr9	2807905	2810343	2	2	1	1	0	32
chr9	2810432	2811360	2	2	1	1	0	32
chr9	2820099	2823780	2	2	1	1	0	32
chr9	2833433	2834030	2	2	1	3	0	38
chr9	2834167	2837179	2	2	1	2	0	28
chr9	4844682	4849446	1	1	1	2	0	3
chr9	5358361	5361077	2	2	1	2	0	23
chr9	5954096	5968018	2	2	1	1	0	24
chr9	6536237	6540050	2	2	1	1	0	26
chr9	13206100	13216773	2	2	1	1	0	29
chr9	15423194	15423908	1	1	1	1	0	19
chr9	15427469	15427998	2	4	1	1	0	40
chr9	15466860	15468629	2	2	1	1	0	39
chr9	15468844	15468956	2	2	1	3	0	23
chr9	15472751	15474008	2	2	1	3	0	35
chr9	15474238	15478476	2	2	1	5	12	42
chr9	15478553	15479590	2	2	1	5	0	44
chr9	15479688	15486005	2	2	1	6	0	36
chr9	15486069	15486826	2	2	1	2	0	24
chr9	15486932	15489985	2	2	1	1	0	45
chr9	15490125	15506560	2	2	1	1	0	21
chr9	15506638	15510116	2	2	1	1	0	32
chr9	15591557	15594040	1	1	1	1	0	33
chr9	17226288	17235657	1	1	1	2	0	38
chr9	17342445	17366616	1	1	1	4	0	39
chr9	17388254	17394533	1	1	1	2	0	7
chr9	17416190	17457523	1	1	1	1	0	7
chr9	17484481	17486988	1	1	1	1	0	28
chr9	19056405	19057960	2	2	1	2	0	19
chr9	19070301	19076601	2	2	1	2	0	33
chr9	19076705	19078175	2	2	1	0	1	12
chr9	19086783	19087090	2	2	1	1	0	6
chr9	19087157	19089411	2	2	1	2	0	38
chr9	19213438	19214331	1	3	1	1	0	28
chr9	19320231	19467368	1	3	1	3	0	15
chr9	19376389	19376493	2	2	1	281	0	46
chr9	19376652	19378367	2	2	1	15	0	45
chr9	19378919	19379486	2	2	1	9	0	39
chr9	19379619	19380189	2	2	1	1	0	18
chr9	20885231	20907149	1	1	1	1	0	32
chr9	26887514	26892258	2	2	1	1	0	25
chr9	26984560	26988668	1	1	1	1	0	21
chr9	26988729	26990133	1	1	1	1	0	11
chr9	27018688	27029024	1	1	1	1	0	22
chr9	27048275	27055608	1	1	1	2	0	43
chr9	32553945	32558909	2	2	1	12	0	33
chr9	32558955	32570959	2	2	1	4	0	35
chr9	32571053	32572880	2	2	1	3	0	41
chr9	33025384	33026474	1	1	1	2	0	38
chr9	33026617	33026812	1	1	1	4	0	42
chr9	33047392	33048105	2	2	1	1	0	32
chr9	33262831	33264223	2	2	1	1	0	46
chr9	33534508	33536877	1	1	1	1	0	41
chr9	33536946	33539448	1	1	1	0	1	19
chr9	33539503	33540077	1	1	1	0	2	45
chr9	33540213	33541146	1	1	1	1	0	27
chr9	33543256	33547937	1	1	1	1	0	32
chr9	33900272	33911963	1	1	1	1	0	46
chr9	33989127	33996222	2	2	1	1	0	27
chr9	34242109	34249778	1	1	1	1	0	8
chr9	34665191	34665313	2	2	1	1	0	9
chr9	35059802	35060312	2	2	1	1	0	3
chr9	35065382	35066674	2	2	1	2	0	30
chr9	35100121	35101709	2	2	1	1	0	37
chr9	35100173	35100597	2	2	1	2	0	33
chr9	35101963	35102094	2	2	1	1	0	25
chr9	35682164	35682523	2	2	1	1	0	24
chr9	35682164	35684245	2	2	1	22	0	44
chr9	35684316	35684487	2	2	1	6	0	36
chr9	35684551	35684731	2	2	1	1	0	17
chr9	35684808	35685268	2	2	1	1	0	24
chr9	35685552	35685646	2	2	1	2	0	31
chr9	35685781	35689145	2	2	1	1	0	38
chr9	35719628	35719739	2	2	1	1	0	44
chr9	35724725	35724829	2	2	1	1	0	25
chr9	36197589	36198978	1	1	1	1	1	22
chr9	36199097	36204067	1	1	1	3	0	42
chr9	36204132	36212000	1	1	1	1	0	33
chr9	36674938	36677159	1	1	1	1	0	8
chr9	37349453	37354709	1	1	1	3	0	36
chr9	37424978	37425921	1	3	1	1	0	36
chr9	37509290	37510241	1	1	1	1	0	16
chr9	37588933	37592411	2	2	1	1	0	5
chr9	38604288	38604862	2	2	1	0	2	45
chr9	38604917	38607425	2	2	1	0	1	19
chr9	39808762	39809485	2	2	1	0	1	18
chr9	40595941	40600947	1	1	1	0	2	25
chr9	40598428	40600947	1	1	1	0	2	25
chr9	40599263	40600947	1	1	1	0	2	25
chr9	40600948	40601104	1	1	1	0	1	45
chr9	41131841	41132227	2	2	1	0	5	42
chr9	42389737	42402447	2	2	1	0	1	27
chr9	62897980	62898703	1	1	1	0	1	18
chr9	63038964	63039120	2	2	1	0	1	45
chr9	63039121	63040809	2	2	1	0	2	25
chr9	63039121	63041601	2	2	1	0	2	25
chr9	63397084	63400419	1	1	1	0	4	37
chr9	63397919	63400419	1	1	1	0	4	37
chr9	63399610	63400419	1	1	1	0	4	37
chr9	65207709	65210189	1	1	1	0	2	25
chr9	65208500	65210189	1	1	1	0	2	25
chr9	65210190	65210341	1	1	1	0	1	45
chr9	65288016	65288402	2	2	1	0	3	15
chr9	65733123	65733509	1	1	1	0	5	42
chr9	65812194	65812350	2	2	1	0	1	45
chr9	68299094	68299480	1	1	1	0	5	42
chr9	69221497	69225303	1	1	1	1	0	22
chr9	69821032	69844516	1	1	1	1	0	32
chr9	70280900	70282421	1	1	1	1	0	44
chr9	70298222	70300045	1	1	1	2	0	43
chr9	70314837	70315445	1	1	1	1	0	42
chr9	70324144	70344143	1	1	1	1	0	39
chr9	70344270	70346604	1	1	1	1	0	25
chr9	70344270	70347065	1	1	1	1	0	44
chr9	70346650	70347065	1	1	1	1	0	22
chr9	74060811	74088046	2	2	1	1	0	15
chr9	75077208	75077489	2	2	1	1	0	43
chr9	75140933	75146682	1	1	1	2	0	46
chr9	76189747	76193236	1	1	1	1	0	33
chr9	76638289	76641971	2	2	1	1	0	9
chr9	76641981	76644738	2	2	1	1	0	9
chr9	77177805	77199944	1	1	1	1	0	20
chr9	77199989	77201364	1	1	1	1	0	28
chr9	77205409	77205977	1	1	1	1	0	9
chr9	77220384	77221184	1	1	1	1	0	32
chr9	77316407	77317605	1	1	1	1	0	44
chr9	77317699	77318234	1	1	1	1	0	45
chr9	77371150	77381975	1	1	1	1	0	12
chr9	77407608	77415955	1	1	1	1	0	36
chr9	77434523	77529068	2	2	1	1	0	11
chr9	78308584	78317675	1	1	1	1	0	9
chr9	78317805	78328050	1	1	1	1	0	38
chr9	78369921	78390024	1	1	1	1	0	26
chr9	81587829	81590804	2	2	1	1	0	38
chr9	83661940	83663874	2	2	1	1	0	8
chr9	83888593	83889083	2	2	1	1	0	25
chr9	83969381	83970161	2	2	1	1	1	22
chr9	83969441	83970161	2	2	1	0	1	11
chr9	83970332	83970736	2	2	1	1	0	26
chr9	83971357	83971671	2	2	1	1	0	29
chr9	83978280	83978372	2	2	1	2	0	21
chr9	85586961	85588297	2	2	1	1	0	33
chr9	85681336	85692688	2	2	1	2	0	24
chr9	85958587	85959792	1	1	1	1	0	27
chr9	86013898	86016538	1	1	1	5	0	32
chr9	86027894	86033281	2	2	1	2	0	32
chr9	86033396	86035367	2	2	1	2	0	37
chr9	86036508	86040738	2	2	1	1	0	22
chr9	86272113	86274188	2	2	1	0	1	40
chr9	87642059	87643375	1	1	1	1	0	34
chr9	87648880	87649920	1	1	1	1	0	11
chr9	89315298	89316372	1	1	1	1	0	13
chr9	89328887	89332907	1	1	1	1	0	10
chr9	89332987	89334635	1	1	1	3	0	34
chr9	89332987	89334638	1	1	1	1	0	25
chr9	91892646	91893429	1	1	1	1	0	31
chr9	92249942	92250186	2	2	1	2	0	34
chr9	92250290	92250712	2	2	1	2	0	10
chr9	92263056	92264928	2	2	1	1	0	43
chr9	92297887	92298256	2	2	1	1	0	21
chr9	92298337	92298883	2	2	1	3	0	34
chr9	92298955	92299889	2	2	1	2	0	16
chr9	92305831	92306885	2	2	1	1	0	42
chr9	94446937	94451455	1	1	1	1	0	25
chr9	95446392	95446910	2	2	1	1	0	44
chr9	96654774	96655089	2	2	1	1	0	40
chr9	96763214	96763505	2	2	1	2	0	42
chr9	97037616	97037917	2	2	1	1	0	12
chr9	97161967	97170606	2	2	1	1	0	4
chr9	97173061	97178263	2	2	1	2	0	44
chr9	97178414	97185441	2	2	1	1	0	41
chr9	97180917	97185441	2	2	1	2	0	39
chr9	97186273	97187453	2	2	1	1	0	9
chr9	97188600	97190335	2	2	1	1	0	22
chr9	97188600	97191730	2	2	1	1	0	18
chr9	97191799	97194702	2	2	1	1	0	6
chr9	97194841	97195478	2	2	1	1	0	29
chr9	97234984	97238422	2	2	1	1	0	29
chr9	97366701	97369921	1	1	1	1	0	24
chr9	97627613	97633242	2	2	1	1	0	43
chr9	97654945	97655701	1	1	1	1	0	20
chr9	97655765	97656010	1	1	1	1	0	9
chr9	98011390	98012420	1	1	1	3	0	44
chr9	98012473	98015363	1	1	1	2	0	25
chr9	98817059	98817694	2	2	1	1	0	44
chr9	98837149	98840001	1	1	1	1	0	34
chr9	99222644	99227898	1	1	1	1	0	6
chr9	99228001	99230336	1	1	1	1	0	28
chr9	100104628	100126382	1	1	1	1	0	13
chr9	100298011	100300567	1	1	1	1	0	31
chr9	100302305	100303631	2	2	1	3	0	40
chr9	100308682	100310298	2	2	1	1	0	45
chr9	100547893	100550094	1	1	1	1	0	33
chr9	100561521	100572517	1	1	1	1	0	3
chr9	100572677	100576515	1	1	1	1	0	32
chr9	101540638	101540792	1	3	1	2	0	17
chr9	101552263	101552382	1	1	1	2	0	35
chr9	101552754	101553987	1	1	1	1	0	24
chr9	101554106	101554693	1	1	1	1	0	33
chr9	104094478	104095323	1	1	1	1	0	20
chr9	104100434	104101959	1	1	1	2	0	26
chr9	104111815	104113315	1	1	1	2	0	41
chr9	104118376	104120026	1	1	1	1	0	16
chr9	104120163	104123107	1	1	1	4	0	36
chr9	104123233	104124911	1	1	1	2	0	22
chr9	105335700	105348357	1	1	1	1	0	7
chr9	107324018	107324833	1	1	1	1	0	17
chr9	108943045	108943702	2	2	1	1	0	19
chr9	110138540	110168398	1	1	1	2	0	26
chr9	110244220	110244777	2	2	1	23	0	46
chr9	110244844	110250819	2	2	1	2	0	26
chr9	110250880	110251357	2	2	1	1	0	26
chr9	111362170	111363587	2	2	1	2	0	21
chr9	111363660	111366238	2	2	1	1	0	41
chr9	111373237	111373314	2	2	1	2	0	40
chr9	111374039	111375112	2	2	1	1	0	13
chr9	111534354	111541656	1	1	1	1	0	18
chr9	111931358	111932169	1	1	1	3	0	32
chr9	112459578	112470431	1	1	1	1	0	13
chr9	113273439	113275381	2	2	1	1	0	9
chr9	113408984	113409609	2	2	1	1	0	41
chr9	113409729	113410054	2	2	1	2	0	46
chr9	114060271	114060924	2	2	1	1	0	44
chr9	116839022	116841428	1	1	1	1	0	41
chr9	120527926	120528743	2	2	1	1	2	34
chr9	120528774	120528892	2	2	1	0	2	4
chr9	120528798	120529977	2	2	1	1	0	12
chr9	120572042	120579919	2	2	1	1	0	19
chr9	121140787	121141380	1	1	1	1	0	37
chr9	121231304	121231407	1	1	1	1	0	37
chr9	121329016	121329237	1	1	1	1	0	3
chr9	122144379	122148111	2	2	1	1	0	32
chr9	122148278	122152244	2	2	1	1	0	35
chr9	122285288	122291748	1	1	1	1	0	10
chr9	123097846	123098714	1	1	1	1	0	26
chr9	123101764	123103090	1	1	1	1	0	19
chr9	123125674	123128213	2	2	1	1	0	42
chr9	123136182	123136380	2	2	1	2	0	21
chr9	123136516	123139528	2	2	1	1	0	37
chr9	123139688	123146854	2	2	1	3	0	20
chr9	123159208	123160366	2	2	1	1	0	30
chr9	124353710	124356763	2	2	1	5	0	30
chr9	124356916	124384597	2	2	1	1	0	29
chr9	124414936	124415363	2	2	1	1	0	18
chr9	124858068	124858457	2	2	1	3	0	6
chr9	124858068	124860182	2	2	1	127	16	46
chr9	124860265	124861418	2	2	1	24	0	46
chr9	124861556	124861909	2	2	1	2	0	29
chr9	124873765	124874974	1	1	1	1	0	30
chr9	124875152	124876877	1	1	1	1	0	44
chr9	125239332	125239420	2	2	1	1	0	31
chr9	125240310	125240675	2	2	1	3	0	29
chr9	125669908	125672315	2	2	1	2	0	40
chr9	127447727	127447876	2	2	1	120	0	45
chr9	127447990	127448336	2	2	1	114	1	46
chr9	127448424	127449280	2	2	1	12	0	38
chr9	127449363	127449609	2	2	1	4	0	43
chr9	127449709	127450730	2	2	1	6	0	37
chr9	127450805	127451280	2	2	1	2	1	20
chr9	127868077	127868320	2	2	1	1	0	25
chr9	128166407	128166758	2	2	1	1	0	41
chr9	128288692	128288913	1	1	1	1	0	36
chr9	128311024	128311528	2	2	1	1	0	45
chr9	128350576	128352637	1	1	1	1	0	16
chr9	128585966	128587605	1	1	1	1	0	22
chr9	128632956	128633208	1	1	1	1	0	15
chr9	128684008	128691169	1	1	1	0	1	15
chr9	128689656	128691169	1	1	1	1	0	6
chr9	128691228	128691857	1	1	1	1	0	28
chr9	128692001	128692661	1	1	1	1	0	30
chr9	128692766	128692867	1	1	1	1	0	40
chr9	128692982	128693637	1	1	1	3	0	30
chr9	128693809	128693895	1	1	1	3	0	34
chr9	129008151	129008683	2	4	1	1	0	4
chr9	129165079	129190941	1	1	1	1	0	33
chr9	129209237	129213922	1	1	1	2	0	40
chr9	129327513	129342400	1	1	1	1	0	14
chr9	129331861	129332200	1	3	1	1	0	30
chr9	129626296	129632649	1	1	1	1	0	12
chr9	129818921	129822580	2	4	1	1	0	45
chr9	129831069	129831895	2	2	1	2	0	10
chr9	129895997	129899964	2	2	1	1	0	8
chr9	129994959	130042951	2	2	1	2	0	12
chr9	130495024	130499504	1	1	1	2	0	35
chr9	131087818	131091536	1	1	1	1	0	44
chr9	131130837	131132595	1	1	1	1	0	11
chr9	131132660	131133105	1	1	1	1	0	17
chr9	131232309	131233453	1	1	1	1	0	21
chr9	132288352	132288549	2	2	1	1	0	27
chr9	133349023	133351330	1	3	1	0	15	36
chr9	133349043	133349550	1	1	1	1	0	18
chr9	133349701	133349911	1	1	1	1	0	24
chr9	133350053	133350239	1	1	1	1	0	33
chr9	133350320	133350596	1	1	1	7	0	45
chr9	133350728	133351001	1	1	1	45	3	45
chr9	133351072	133351261	1	1	1	194	0	45
chr9	133351983	133352060	2	2	1	1	0	31
chr9	133352143	133352445	2	2	1	1	0	28
chr9	133360130	133360333	1	1	1	3	0	40
chr9	133360435	133361055	1	1	1	11	0	38
chr9	134033053	134033279	1	3	1	3	0	40
chr9	134040270	134041759	2	2	1	1	0	31
chr9	134041952	134045292	2	2	1	1	0	11
chr9	135096020	135097780	1	1	1	1	0	10
chr9	135823261	135823949	2	2	1	1	0	34
chr9	135953754	135955294	2	2	1	2	0	40
chr9	136402829	136404054	2	2	1	1	0	14
chr9	136418919	136419043	1	1	1	1	0	28
chr9	136839866	136840153	1	1	1	3	0	10
chr9	136850138	136850754	1	1	1	5	0	28
chr9	136862346	136862905	2	2	1	3	0	44
chr9	136863000	136863287	2	2	1	1	0	38
chr9	137007348	137007478	1	1	1	1	0	23
chr9	137717183	137728348	1	1	1	2	0	29
chr10	1009036	1009528	1	1	1	5	0	39
chr10	1009581	1010419	1	1	1	5	0	38
chr10	1010521	1012464	1	1	1	2	0	38
chr10	1041505	1042631	2	2	1	1	0	7
chr10	3113442	3136594	2	4	1	1	0	43
chr10	3116847	3118781	1	1	1	1	0	25
chr10	5757674	5758886	1	1	1	1	0	5
chr10	5878288	5880297	2	2	1	1	0	46
chr10	5925493	5927434	1	1	1	1	0	14
chr10	6097189	6101270	1	1	1	1	0	24
chr10	6101388	6104930	1	1	1	7	0	41
chr10	6113582	6114048	1	1	1	2	0	22
chr10	6115312	6115452	1	1	1	3	0	45
chr10	7759991	7762456	2	2	1	2	0	38
chr10	7799916	7800026	1	3	1	1	0	14
chr10	7802426	7802757	1	1	1	4	0	30
chr10	7802855	7806973	1	1	1	5	0	37
chr10	7807011	7807658	1	1	1	19	0	37
chr10	11948509	11952065	2	2	1	1	0	35
chr10	12035442	12042754	2	2	1	2	0	27
chr10	12118919	12120181	1	1	1	2	0	18
chr10	12120194	12121251	1	1	1	1	0	12
chr10	12167812	12170716	2	2	1	4	0	25
chr10	12170771	12170899	2	2	1	3	0	10
chr10	12184957	12186228	2	2	1	1	0	19
chr10	12215836	12217360	1	1	1	1	0	7
chr10	12249719	12250310	1	1	1	4	0	39
chr10	13319357	13322834	2	2	1	2	0	41
chr10	13328451	13329697	2	2	1	1	0	45
chr10	13666326	13670405	2	2	1	1	0	40
chr10	14838460	14839904	1	1	1	1	0	9
chr10	14839986	14840074	1	1	1	1	0	12
chr10	14867910	14870596	1	1	1	1	0	16
chr10	14870668	14871527	1	1	1	3	0	39
chr10	17233932	17234692	1	1	1	1	0	40
chr10	17235890	17236293	1	1	1	1	0	45
chr10	19817192	20001774	1	1	1	1	0	33
chr10	19962913	20083399	2	2	1	3	0	43
chr10	20817693	20818703	2	2	1	1	0	11
chr10	21614925	21617111	1	1	1	2	0	45
chr10	21651769	21668916	1	1	1	1	0	36
chr10	21986813	21987606	1	3	1	1	0	22
chr10	24533238	24536773	1	1	1	1	0	42
chr10	24595040	24595116	2	2	1	1	0	41
chr10	24849892	24851387	2	2	1	1	0	8
chr10	24937368	24942329	2	2	1	1	0	38
chr10	26070402	26088202	1	1	1	2	0	6
chr10	27035753	27037185	2	2	1	2	0	28
chr10	27093523	27093684	2	2	1	1	0	20
chr10	27116134	27116218	2	2	1	1	0	27
chr10	27116346	27117575	2	2	1	1	0	8
chr10	27131942	27134038	2	2	1	1	0	21
chr10	27526890	27532506	1	1	1	1	0	24
chr10	28583506	28589735	1	1	1	1	0	29
chr10	29463636	29465594	2	2	1	1	0	44
chr10	29563293	29569254	2	2	1	2	0	28
chr10	29569313	29657968	2	2	1	2	0	6
chr10	30316037	30316117	2	2	1	2	0	32
chr10	31814362	31817787	2	2	1	2	0	35
chr10	31817887	31820386	2	2	1	1	0	25
chr10	31852598	31861394	2	2	1	1	0	43
chr10	32011517	32015508	2	2	1	1	0	24
chr10	32018388	32018501	2	2	1	2	0	20
chr10	32034039	32034689	2	2	1	1	0	16
chr10	32034839	32035521	2	2	1	1	0	18
chr10	32035668	32035889	2	2	1	4	0	36
chr10	32471231	32472480	1	1	1	1	0	26
chr10	32908535	32910222	2	2	1	0	3	46
chr10	32930045	32932514	2	2	1	3	0	34
chr10	32932601	32935491	2	2	1	1	0	6
chr10	33197710	33202890	2	2	1	2	0	20
chr10	33202996	33207571	2	2	1	2	0	22
chr10	33213718	33221718	2	2	1	1	0	8
chr10	34312383	34317106	2	2	1	4	0	40
chr10	34795880	34826456	1	1	1	1	0	12
chr10	35011965	35013698	2	2	1	1	0	42
chr10	35039083	35044565	2	2	1	1	0	25
chr10	35044677	35044771	2	2	1	1	0	8
chr10	35207052	35211253	1	1	1	0	1	8
chr10	35207052	35211655	1	1	1	0	1	8
chr10	37837713	37837984	2	2	1	1	0	24
chr10	41870623	41914835	1	1	1	0	1	34
chr10	41885317	41897873	1	1	1	1	0	15
chr10	41899918	41914835	1	1	1	0	1	34
chr10	42080572	42082387	2	2	1	0	1	33
chr10	42080572	42091823	2	2	1	0	1	33
chr10	42088664	42099000	1	1	1	0	2	39
chr10	42095249	42099000	1	1	1	0	2	39
chr10	42599435	42599455	2	2	1	1	0	45
chr10	42787248	42790322	1	1	1	1	0	28
chr10	42793145	42793851	1	1	1	1	0	36
chr10	42798626	42802136	1	1	1	3	0	41
chr10	42802219	42816598	1	1	1	3	0	45
chr10	43196269	43196475	2	2	1	1	0	13
chr10	45746153	45771235	2	2	1	0	1	22
chr10	45896245	45900346	2	2	1	0	1	4
chr10	45972731	45975453	1	1	1	2	0	36
chr10	49460452	49461351	2	2	1	1	0	14
chr10	49865382	49869475	2	2	1	0	1	4
chr10	49934164	49934386	2	2	1	1	0	39
chr10	50086828	50111898	2	2	1	0	1	22
chr10	50095779	50097674	1	1	1	1	0	25
chr10	50130040	50130900	1	1	1	1	0	36
chr10	50187505	50189498	2	2	1	0	1	4
chr10	50752557	50754550	1	1	1	0	1	4
chr10	55840480	55899633	2	2	1	1	0	43
chr10	56358186	56358376	2	2	1	1	0	20
chr10	56358948	56359475	2	2	1	1	0	34
chr10	56359533	56359686	2	2	1	1	0	37
chr10	57192167	57192530	2	4	1	1	0	42
chr10	58199322	58216144	2	2	1	1	0	24
chr10	58386339	58388189	1	1	1	5	0	38
chr10	58388261	58388669	1	1	1	5	0	21
chr10	58388820	58390764	1	1	1	3	0	17
chr10	59812796	59814651	2	2	1	1	0	36
chr10	59832654	59852552	2	2	1	1	0	46
chr10	60042760	60055657	2	2	1	1	0	9
chr10	60082738	60083491	2	2	1	2	0	24
chr10	60792290	60793876	1	1	1	1	0	5
chr10	62239766	62241141	2	2	1	3	0	30
chr10	63193152	63193344	2	2	1	4	0	42
chr10	63200678	63206594	2	2	1	2	0	28
chr10	63209236	63213472	2	2	1	1	0	4
chr10	63215152	63215262	2	2	1	9	0	35
chr10	63215456	63215548	2	2	1	2	0	31
chr10	63215456	63215552	2	2	1	3	0	42
chr10	63219984	63264650	2	2	1	1	0	17
chr10	63598145	63599169	1	1	1	1	0	5
chr10	63599284	63610186	1	1	1	2	0	34
chr10	63619801	63620812	1	1	1	1	0	21
chr10	67932781	67936152	2	2	1	1	0	11
chr10	68337334	68337857	1	1	1	1	0	26
chr10	68341310	68341584	1	1	1	1	0	4
chr10	68341681	68341758	1	1	1	1	0	34
chr10	68341852	68341977	1	1	1	3	0	45
chr10	68364114	68376852	2	2	1	2	0	29
chr10	68560743	68572216	1	1	1	1	0	12
chr10	68757378	68761006	1	1	1	3	0	38
chr10	68761193	68765887	1	1	1	3	0	19
chr10	68766080	68771205	1	1	1	4	0	36
chr10	68771446	68772987	1	1	1	1	0	25
chr10	68773100	68786135	1	1	1	1	0	23
chr10	68788048	68788142	1	1	1	1	0	14
chr10	68789916	68791206	1	1	1	1	0	27
chr10	68901472	68906710	1	1	1	1	0	46
chr10	68910383	68911067	1	1	1	2	0	18
chr10	68934361	68934798	1	1	1	1	0	39
chr10	68956313	68959805	1	1	1	18	0	40
chr10	68956515	68959805	1	1	1	1	0	3
chr10	68969122	68970200	1	1	1	1	0	26
chr10	69133048	69155811	1	1	1	0	1	6
chr10	69187757	69189266	1	1	1	1	0	29
chr10	69386419	69389196	1	1	1	1	0	36
chr10	69392309	69394949	1	1	1	1	0	13
chr10	70161739	70161857	2	2	1	1	0	27
chr10	70206334	70209204	2	2	1	1	0	13
chr10	70217932	70218763	2	2	1	1	0	7
chr10	70218818	70230340	2	2	1	2	0	31
chr10	70230400	70233263	2	2	1	1	0	7
chr10	71817477	71818616	2	2	1	1	0	38
chr10	71819901	71820239	2	2	1	1	0	42
chr10	71820336	71821875	2	2	1	1	0	17
chr10	71822008	71825836	2	2	1	1	0	5
chr10	71828158	71828876	2	2	1	1	0	37
chr10	72216139	72220053	1	1	1	1	0	38
chr10	72563064	72566632	2	2	1	2	0	19
chr10	73136919	73138002	2	2	1	1	0	9
chr10	73250992	73251762	2	2	1	4	0	29
chr10	73669497	73674572	1	1	1	0	1	5
chr10	73771547	73772064	2	2	1	1	0	21
chr10	74072853	74074742	1	1	1	1	0	13
chr10	74114900	74118022	1	1	1	2	1	18
chr10	74960079	74969659	1	1	1	1	0	10
chr10	75220971	75222251	1	1	1	0	1	31
chr10	77991168	77999980	2	2	1	1	0	27
chr10	78010541	78013649	2	2	1	2	0	18
chr10	78025143	78025621	2	2	1	1	0	39
chr10	78033905	78035351	1	1	1	2	0	18
chr10	78035418	78035510	1	1	1	3	0	31
chr10	78035721	78037193	1	1	1	17	14	45
chr10	78037305	78037438	1	1	1	6	0	3
chr10	78037305	78040200	0	0	1	2	0	3
chr10	78037305	78040203	1	1	1	65	0	22
chr10	78037305	78040614	1	1	1	118	0	46
chr10	78037442	78040203	1	1	1	3	0	3
chr10	78040226	78040614	1	1	1	78	0	24
chr10	80162029	80163348	2	2	1	1	0	37
chr10	80246761	80247218	1	3	1	0	1	43
chr10	80338572	80339096	2	2	1	1	0	15
chr10	84148839	84150054	1	1	1	2	0	34
chr10	84438708	84463932	1	1	1	1	0	36
chr10	86460497	86461175	2	2	1	1	0	7
chr10	86467507	86470991	2	2	1	1	0	5
chr10	86472765	86473877	2	2	1	1	0	21
chr10	86497320	86499717	2	2	1	1	0	41
chr10	87055856	87056599	2	2	1	1	0	34
chr10	87505553	87508335	1	1	1	1	0	42
chr10	88901739	88905442	1	1	1	1	0	34
chr10	89719707	89723963	1	1	1	1	0	15
chr10	89725159	89726292	1	1	1	1	0	31
chr10	89725159	89726412	1	1	1	2	0	21
chr10	89733057	89737386	1	1	1	2	0	17
chr10	89743928	89745898	1	1	1	1	0	22
chr10	89751472	89752566	1	1	1	2	0	45
chr10	89752692	89754517	1	1	1	1	0	43
chr10	91485304	91487681	1	1	1	1	0	43
chr10	91841449	91842171	1	1	1	1	0	7
chr10	91956658	91957224	1	1	1	1	0	10
chr10	91957294	91959064	1	1	1	1	0	13
chr10	92014030	92016339	1	1	1	1	0	15
chr10	92606717	92607158	1	1	1	1	0	46
chr10	92616833	92621384	1	1	1	2	0	13
chr10	93496924	93500039	1	1	1	1	0	3
chr10	93669869	93670769	2	2	1	3	0	44
chr10	93684099	93685245	2	2	1	1	0	36
chr10	93685360	93687403	2	2	1	4	0	43
chr10	93687450	93692008	2	2	1	2	0	40
chr10	93692094	93692645	2	2	1	1	0	41
chr10	94346557	94349249	2	2	1	1	0	24
chr10	94349379	94350112	2	2	1	1	0	23
chr10	94353058	94354962	2	2	1	1	0	43
chr10	94356592	94357173	2	2	1	1	0	35
chr10	94545908	94546376	1	1	1	2	0	37
chr10	94546499	94554125	1	1	1	9	0	40
chr10	94554249	94558138	1	1	1	3	0	42
chr10	94558196	94562690	1	1	1	3	0	23
chr10	94562728	94562811	1	1	1	2	0	37
chr10	94593616	94594694	1	1	1	1	0	37
chr10	94604239	94605196	2	4	1	1	0	33
chr10	95723955	95750920	1	1	1	3	0	17
chr10	96527497	96528030	2	2	1	2	0	33
chr10	96544207	96547894	2	2	1	1	0	39
chr10	97431136	97432354	1	1	1	0	1	12
chr10	97436552	97437190	2	2	1	2	0	44
chr10	97499274	97567913	1	1	1	1	0	28
chr10	97617796	97621056	1	1	1	1	0	32
chr10	98186564	98208100	1	1	1	1	0	29
chr10	100167407	100174207	2	2	1	1	0	40
chr10	100194522	100199970	2	2	1	1	0	26
chr10	100523930	100526398	2	2	1	5	0	30
chr10	100917301	100918383	1	1	1	3	0	36
chr10	100918442	100923974	1	1	1	1	0	39
chr10	101531334	101532294	1	1	1	1	0	44
chr10	101781633	101781726	2	2	1	2	0	8
chr10	101781855	101782257	2	2	1	1	0	16
chr10	101799456	101800241	2	2	1	1	0	26
chr10	101800401	101803734	2	2	1	3	0	18
chr10	102148522	102148627	1	1	1	2	0	28
chr10	102149330	102149925	1	1	1	2	0	17
chr10	102161094	102161555	1	1	1	1	0	20
chr10	102161926	102162110	1	1	1	1	0	36
chr10	102480966	102481131	2	2	1	1	0	41
chr10	102481899	102482000	2	2	1	2	0	35
chr10	102676942	102685815	2	2	1	1	0	28
chr10	103389167	103392190	2	2	1	44	0	44
chr10	103392284	103392370	2	2	1	19	0	45
chr10	103392467	103394198	2	2	1	1	0	17
chr10	103396731	103398415	1	1	1	3	0	28
chr10	103398529	103400396	1	1	1	3	0	30
chr10	103416743	103417791	1	1	1	1	0	34
chr10	103439869	103440289	1	1	1	5	0	44
chr10	103440851	103441825	1	1	1	1	0	13
chr10	104001573	104002171	1	1	1	1	0	43
chr10	104006036	104008176	1	1	1	1	0	38
chr10	104263078	104266083	1	1	1	1	0	38
chr10	104266191	104267251	1	1	1	1	0	34
chr10	109951744	109974018	1	1	1	0	1	40
chr10	110132401	110133325	1	1	1	1	0	9
chr10	110297729	110298647	2	2	1	3	0	16
chr10	110577915	110578627	1	1	1	1	0	11
chr10	110578707	110580903	1	1	1	3	0	45
chr10	110582099	110582561	1	1	1	8	0	45
chr10	110582643	110583383	1	1	1	2	0	31
chr10	110583549	110583840	1	1	1	2	0	33
chr10	110584397	110589604	1	1	1	4	0	32
chr10	110600547	110601021	1	1	1	1	0	36
chr10	110601131	110601636	1	1	1	1	0	20
chr10	110894199	110894411	1	1	1	1	0	19
chr10	110894523	110895947	1	1	1	1	0	35
chr10	112173846	112175599	2	2	1	1	0	5
chr10	113146098	113150982	1	1	1	1	0	44
chr10	114125227	114125885	2	2	1	1	0	25
chr10	114137291	114144496	2	2	1	1	0	38
chr10	114488017	114491790	2	2	1	1	0	41
chr10	116952007	116954041	2	2	1	3	0	25
chr10	116960231	116968651	2	2	1	1	0	18
chr10	116968713	116979255	2	2	1	3	0	27
chr10	118310909	118311206	2	2	1	1	0	44
chr10	118335642	118336181	2	2	1	2	0	30
chr10	118686169	118686597	2	2	1	1	0	28
chr10	118686642	118691264	2	4	1	1	0	20
chr10	119036269	119037118	2	2	1	2	0	46
chr10	119038440	119041993	2	2	1	5	0	28
chr10	119049986	119050520	2	2	1	1	0	16
chr10	119050675	119051198	2	2	1	7	0	33
chr10	119056854	119056935	2	2	1	5	0	22
chr10	119057041	119057955	2	2	1	4	0	45
chr10	119110490	119111226	2	2	1	1	0	37
chr10	119169343	119172381	2	2	1	2	0	13
chr10	119174593	119177020	2	2	1	1	0	30
chr10	119177154	119178754	2	2	1	1	0	17
chr10	119577536	119577640	2	2	1	1	0	30
chr10	119582609	119588151	2	2	1	1	0	29
chr10	119820918	119822430	1	1	1	1	0	12
chr10	119822505	119823070	1	1	1	1	0	17
chr10	119859885	119872526	2	2	1	1	0	15
chr10	119914820	119915747	1	1	1	1	0	13
chr10	119918512	119919443	1	1	1	1	0	22
chr10	120902323	120903054	1	1	1	1	0	35
chr10	121911152	121913789	2	2	1	1	0	23
chr10	121957260	121959323	2	2	1	5	0	30
chr10	121957260	121960357	2	2	1	1	0	34
chr10	121959411	121959500	2	2	1	1	0	45
chr10	122987505	122990173	1	1	1	1	0	32
chr10	122998672	123007025	2	2	1	2	0	19
chr10	123043172	123044392	1	1	1	1	0	26
chr10	123162829	123163819	1	1	1	9	0	41
chr10	124400985	124401725	2	2	1	1	0	19
chr10	124498129	124498327	1	1	1	1	0	10
chr10	124774783	124789042	2	2	1	1	0	21
chr10	124801902	124806830	1	1	1	1	0	31
chr10	124989566	124989607	1	1	1	1	0	26
chr10	125112344	125112659	2	2	1	1	0	28
chr10	125729480	125730287	1	1	1	1	0	34
chr10	125733552	125733634	1	1	1	1	0	8
chr10	125735905	125737917	1	1	1	1	0	40
chr10	125823723	125826590	1	1	1	1	0	35
chr10	125831608	125833771	1	1	1	1	0	36
chr10	128099256	128101257	2	2	1	3	0	31
chr10	128101702	128102578	2	2	1	1	0	25
chr10	128109424	128110377	2	2	1	1	0	18
chr10	129589240	129589413	2	2	1	1	0	29
chr10	130064384	130079565	2	2	1	1	0	9
chr10	130169491	130171583	1	1	1	1	0	18
chr10	130171637	130174866	1	1	1	1	0	8
chr10	130174907	130174996	1	1	1	2	0	40
chr10	130175090	130179341	1	1	1	1	0	16
chr10	131940197	131940581	1	1	1	1	0	24
chr10	132512162	132518116	2	2	1	1	0	43
chr10	133309978	133310163	1	1	1	1	0	11
chr11	249058	250802	1	1	1	1	0	11
chr11	250866	251545	1	1	1	1	0	17
chr11	251627	251819	1	1	1	1	0	38
chr11	308439	314921	1	1	1	0	1	3
chr11	309185	309252	1	3	1	1	0	3
chr11	309206	309273	2	2	1	1	0	30
chr11	314357	314921	1	1	1	1	1	22
chr11	319991	320564	2	2	1	0	1	3
chr11	404136	404235	1	1	1	1	0	12
chr11	489734	489882	1	1	1	1	0	19
chr11	495054	497970	2	2	1	1	0	30
chr11	592675	596922	1	1	1	1	0	38
chr11	597571	598372	1	1	1	1	0	30
chr11	763520	763746	1	1	1	1	0	8
chr11	764434	764812	1	1	1	12	0	46
chr11	810358	811596	1	1	1	11	0	41
chr11	811646	812534	1	1	1	38	0	46
chr11	812634	812759	1	1	1	77	0	44
chr11	812634	812762	1	1	1	10	0	42
chr11	840481	842413	2	2	1	1	0	21
chr11	869957	870120	2	2	1	2	0	34
chr11	870164	870418	2	2	1	1	0	15
chr11	1352237	1352279	2	2	1	0	1	29
chr11	1352237	1352697	2	2	1	0	1	29
chr11	1352655	1352697	2	2	1	0	1	29
chr11	1956449	1956541	1	1	1	2	0	15
chr11	2976124	2978283	2	2	1	3	0	42
chr11	2978343	2979206	2	2	1	1	0	31
chr11	2979238	2983745	2	2	1	1	0	3
chr11	3006960	3012194	2	2	1	4	0	35
chr11	3017296	3017856	2	2	1	1	0	11
chr11	3410845	3411632	1	3	1	1	0	23
chr11	4102082	4106045	1	1	1	1	0	9
chr11	4132422	4133562	1	1	1	2	0	39
chr11	4135271	4138194	1	1	1	3	0	32
chr11	5665396	5665655	2	2	1	2	0	21
chr11	5665683	5665980	2	2	1	2	0	27
chr11	6608212	6608393	1	1	1	1	0	36
chr11	6608490	6608693	1	1	1	1	0	15
chr11	6611012	6611188	2	2	1	5	0	44
chr11	6682403	6682746	2	2	1	1	0	27
chr11	7993025	7994425	1	1	1	1	0	30
chr11	7995368	7995944	1	1	1	8	0	38
chr11	8683266	8684005	1	1	1	1	0	9
chr11	8684082	8684717	1	1	1	2	0	19
chr11	8684893	8685677	1	1	1	91	0	45
chr11	8917368	8919336	1	1	1	1	0	15
chr11	9142846	9143402	2	2	1	1	0	43
chr11	9428630	9429030	1	1	1	1	0	15
chr11	9442198	9445096	1	1	1	0	1	12
chr11	9749184	9749863	1	1	1	1	0	18
chr11	9968546	9989496	2	2	1	1	0	17
chr11	9992544	9992989	2	2	1	1	0	15
chr11	10772656	10773126	1	1	1	4	0	20
chr11	10799114	10799212	2	2	1	2	0	33
chr11	10800648	10800730	2	2	1	1	0	38
chr11	10801775	10802048	2	2	1	2	0	29
chr11	10804051	10804136	2	2	1	2	0	39
chr11	11930752	11933003	1	1	1	1	0	40
chr11	12769636	12769844	2	4	1	1	0	16
chr11	13385792	13386595	1	1	1	1	0	19
chr11	13403279	13405658	2	2	1	1	0	44
chr11	14281721	14294470	2	2	1	1	0	46
chr11	14457884	14458531	2	2	1	2	0	29
chr11	14477016	14479568	2	2	1	1	0	39
chr11	14479715	14480758	2	2	1	1	0	15
chr11	14498986	14499706	2	2	1	1	0	9
chr11	14505249	14507655	2	2	1	1	0	5
chr11	14507767	14510871	2	2	1	2	0	23
chr11	14513888	14514402	2	2	1	2	0	38
chr11	16738842	16744600	1	1	1	2	0	34
chr11	16752895	16754870	1	1	1	1	0	35
chr11	17074467	17075096	2	2	1	120	0	46
chr11	17075164	17075453	2	2	1	1	0	38
chr11	17075198	17075453	2	2	1	87	0	45
chr11	17075624	17077167	2	2	1	1	0	15
chr11	17077247	17077428	2	2	1	2	0	30
chr11	17077478	17077618	2	2	1	2	0	14
chr11	17091460	17091546	2	2	1	1	0	12
chr11	17301871	17309571	1	1	1	2	0	43
chr11	17309676	17310824	1	1	1	1	0	37
chr11	17311284	17311871	1	1	1	1	0	45
chr11	17330298	17330901	1	1	1	1	0	33
chr11	17330984	17331411	1	1	1	2	0	17
chr11	18080492	18081410	2	2	1	4	0	37
chr11	18351970	18352328	1	1	1	2	0	21
chr11	18396969	18398797	1	1	1	0	1	3
chr11	18403014	18403693	1	1	1	1	0	32
chr11	18405573	18407116	1	1	1	1	0	5
chr11	18484073	18502485	2	2	1	1	0	36
chr11	20080090	20118444	2	2	1	1	0	24
chr11	22827875	22829694	2	2	1	2	0	18
chr11	27340838	27341391	2	2	1	1	0	25
chr11	27341551	27350331	2	2	1	6	0	37
chr11	27350440	27357402	2	2	1	4	0	44
chr11	27357542	27362835	2	2	1	4	0	28
chr11	30331375	30332865	1	1	1	1	0	21
chr11	31370860	31414810	1	1	1	2	0	29
chr11	31432569	31433459	2	2	1	6	0	36
chr11	31433571	31456259	2	2	1	1	0	30
chr11	32588733	32589011	1	1	1	1	0	4
chr11	32589642	32593865	1	1	1	1	0	40
chr11	32595014	32595965	1	1	1	1	0	28
chr11	32600833	32601761	1	1	1	6	0	22
chr11	32601823	32602278	1	1	1	24	0	46
chr11	32954180	32955295	1	1	1	2	0	43
chr11	32973550	32975247	1	1	1	1	0	30
chr11	33026050	33027685	1	1	1	1	0	8
chr11	33032968	33033261	1	1	1	1	0	34
chr11	33098765	33099033	2	2	1	3	0	30
chr11	33108001	33108385	2	2	1	1	0	20
chr11	33141987	33161298	2	2	1	1	0	43
chr11	34071789	34071900	1	1	1	1	0	22
chr11	34086414	34089394	1	1	1	1	0	8
chr11	34089457	34090178	1	1	1	1	0	22
chr11	34096674	34097195	1	1	1	1	0	44
chr11	34141818	34142274	1	1	1	1	0	26
chr11	34452208	34453089	1	1	1	1	0	22
chr11	34916816	34931403	1	1	1	3	0	26
chr11	36633439	36636050	1	1	1	2	0	33
chr11	36636118	36648015	1	1	1	1	0	17
chr11	43359114	43379232	1	1	1	2	0	39
chr11	43490359	43492019	1	1	1	1	0	44
chr11	43680988	43750910	1	1	1	1	0	20
chr11	43750958	43754045	1	1	1	1	0	25
chr11	43854865	43855143	1	1	1	1	0	16
chr11	46382134	46382293	1	1	1	1	0	32
chr11	46382462	46382586	1	1	1	2	0	43
chr11	46382749	46383468	1	1	1	2	0	43
chr11	46681110	46681292	2	2	1	1	0	33
chr11	46744266	46744425	2	2	1	1	0	33
chr11	46751535	46752634	2	2	1	1	0	29
chr11	46752711	46753309	2	2	1	1	0	36
chr11	46765257	46767574	2	2	1	2	0	18
chr11	46767664	46769962	2	2	1	2	0	32
chr11	46809501	46809741	2	2	1	1	0	16
chr11	47171783	47172733	1	3	1	1	0	39
chr11	47171801	47172280	2	2	1	1	0	19
chr11	47172334	47173425	2	2	1	1	0	20
chr11	47268027	47268260	1	1	1	1	0	17
chr11	47268290	47268549	1	1	1	1	0	29
chr11	47418946	47419115	2	2	1	4	0	39
chr11	47419198	47420263	2	2	1	1	0	4
chr11	47420410	47420630	2	2	1	1	0	6
chr11	47425247	47425866	2	2	1	2	0	17
chr11	47425947	47426116	2	2	1	2	0	4
chr11	47425951	47426204	2	2	1	2	0	32
chr11	47569892	47571470	1	1	1	1	0	22
chr11	47582469	47584313	1	1	1	1	0	25
chr11	47618920	47622700	2	2	1	11	0	45
chr11	47751291	47752915	2	2	1	1	0	42
chr11	57300082	57300527	2	2	1	1	0	5
chr11	57327515	57327711	2	2	1	5	0	45
chr11	57327883	57328296	2	2	1	2	0	40
chr11	57328427	57330092	2	2	1	1	0	19
chr11	57530235	57530657	2	2	1	1	0	44
chr11	57657861	57659454	1	1	1	1	0	28
chr11	57704816	57704972	2	2	1	2	0	39
chr11	57741718	57741808	1	1	1	1	0	14
chr11	57741955	57742116	1	1	1	3	0	26
chr11	57742248	57742862	1	1	1	27	0	46
chr11	57810559	57810717	1	3	1	1	0	28
chr11	59773295	59787036	1	1	1	1	0	39
chr11	60900692	60900853	2	2	1	1	0	18
chr11	60936929	60937048	1	3	1	1	0	18
chr11	61316568	61321594	2	2	1	1	0	29
chr11	61393977	61397773	1	1	1	1	0	34
chr11	61789236	61789784	2	2	1	65	0	45
chr11	61789922	61790492	2	2	1	6	0	26
chr11	61803460	61803669	2	2	1	3	0	17
chr11	61853284	61867314	2	2	1	1	0	12
chr11	61866996	61867232	1	1	1	1	0	31
chr11	61964892	61964986	2	2	1	2	0	43
chr11	61965113	61965368	2	2	1	6	1	36
chr11	61965516	61967311	2	2	1	0	2	20
chr11	62559838	62560068	2	2	1	19	0	46
chr11	62560194	62560281	2	2	1	5	0	35
chr11	62560455	62566805	2	2	1	0	1	36
chr11	62567529	62570964	2	2	1	1	0	5
chr11	62571902	62572583	2	2	1	1	0	10
chr11	62663160	62663235	2	2	1	2	0	4
chr11	62665333	62665646	1	1	1	2	0	24
chr11	62676640	62676812	2	2	1	8	0	41
chr11	62692474	62692662	2	2	1	1	0	3
chr11	62705618	62707108	2	2	1	2	0	26
chr11	62722904	62723586	2	2	1	1	0	30
chr11	62765725	62766242	1	1	1	1	0	7
chr11	62766277	62766493	1	1	1	1	0	34
chr11	62792702	62794257	2	2	1	1	0	16
chr11	62833132	62833617	2	2	1	1	0	12
chr11	62833675	62833791	2	2	1	1	0	23
chr11	63575047	63590099	2	2	1	4	0	45
chr11	63752646	63753068	1	1	1	1	0	28
chr11	63753709	63756111	1	1	1	1	0	39
chr11	63756171	63758155	1	1	1	1	0	35
chr11	63902783	63903060	1	1	1	1	0	18
chr11	63909386	63909425	2	2	1	4	0	41
chr11	63912535	63912675	2	2	1	2	0	18
chr11	63912734	63912869	2	2	1	2	0	16
chr11	63974795	63976224	1	1	1	2	0	21
chr11	64195814	64197270	1	1	1	1	0	13
chr11	64200037	64200168	1	1	1	1	0	27
chr11	64223968	64224099	2	2	1	4	0	32
chr11	64229572	64229849	1	1	1	2	0	36
chr11	64243312	64243450	1	1	1	2	0	32
chr11	64243498	64243840	1	1	1	3	0	36
chr11	64243877	64243967	1	1	1	5	0	38
chr11	64244823	64244929	2	2	1	2	0	33
chr11	64244963	64245203	2	2	1	1	0	12
chr11	64271804	64284181	2	2	1	1	0	10
chr11	64316969	64317057	2	2	1	4	0	38
chr11	64318387	64319733	1	1	1	2	0	11
chr11	64319869	64320864	1	1	1	1	0	39
chr11	64320793	64320864	1	1	1	1	0	29
chr11	64320904	64321006	1	1	1	1	0	3
chr11	64321069	64321585	1	1	1	11	0	44
chr11	64727132	64727295	2	2	1	1	0	7
chr11	65020500	65021720	1	1	1	2	0	30
chr11	65110782	65111326	1	1	1	1	0	20
chr11	65115395	65115475	1	1	1	1	0	3
chr11	65120807	65120980	2	2	1	65	0	45
chr11	65121037	65121499	2	2	1	9	0	44
chr11	65210873	65211259	1	1	1	1	0	10
chr11	65499463	65499624	1	1	1	3	0	4
chr11	65499463	65502289	1	1	1	0	1	6
chr11	65499483	65499688	1	3	1	5	0	4
chr11	65538183	65538269	1	1	1	1	0	9
chr11	65538325	65538441	1	1	1	3	0	28
chr11	65570756	65570885	1	1	1	1	0	12
chr11	65584302	65584556	2	4	1	1	0	33
chr11	65719810	65720044	2	2	1	5	0	25
chr11	65720165	65720241	2	2	1	1	0	8
chr11	65855449	65855653	2	2	1	1	0	10
chr11	65855731	65855934	2	2	1	1	0	28
chr11	65884044	65884391	2	2	1	3	0	45
chr11	65884490	65884569	2	2	1	1	0	17
chr11	65919853	65919947	1	1	1	1	0	18
chr11	65920042	65920342	1	1	1	1	0	7
chr11	65920973	65921329	1	1	1	3	0	4
chr11	65966557	65967258	1	1	1	1	0	13
chr11	65978690	65978792	1	1	1	1	0	37
chr11	65978915	65979011	1	1	1	9	0	43
chr11	66057376	66058053	1	1	1	2	0	38
chr11	66058151	66058313	1	1	1	2	0	42
chr11	66061776	66061890	1	1	1	1	0	36
chr11	66068334	66068673	1	1	1	5	0	41
chr11	66271870	66272156	1	1	1	1	0	43
chr11	66284784	66284872	2	2	1	2	0	15
chr11	66437264	66437349	2	2	1	2	0	29
chr11	66491625	66491697	1	1	1	1	0	38
chr11	66682279	66704162	2	2	1	1	0	15
chr11	66843070	66843168	1	1	1	1	0	13
chr11	67398284	67401727	2	2	1	1	0	29
chr11	67399666	67400688	2	2	1	1	0	20
chr11	67431494	67435056	2	2	1	0	1	4
chr11	67585242	67586103	1	1	1	2	0	5
chr11	67586212	67586388	1	1	1	14	0	40
chr11	67612266	67612371	1	1	1	1	0	32
chr11	68036382	68036461	1	3	1	2	0	42
chr11	68068938	68070188	2	2	1	1	0	34
chr11	68891396	68892889	2	2	1	14	1	43
chr11	68892994	68893402	2	2	1	3	0	44
chr11	68893456	68896514	2	2	1	1	0	19
chr11	68896679	68897926	2	2	1	1	0	40
chr11	69643992	69647993	1	1	1	1	0	21
chr11	70324504	70324846	1	1	1	1	0	8
chr11	72109799	72110087	2	2	1	1	0	26
chr11	73863262	73864295	1	1	1	1	0	10
chr11	73914505	73916544	1	3	1	1	0	9
chr11	74204446	74222311	1	1	1	2	0	33
chr11	74231003	74235900	1	1	1	1	0	43
chr11	74620090	74625407	1	1	1	4	0	36
chr11	74629324	74634582	1	1	1	1	0	20
chr11	74969700	74976856	1	1	1	11	0	31
chr11	75399578	75400693	1	1	1	2	0	32
chr11	75401734	75402351	1	1	1	1	0	19
chr11	75401734	75404759	1	1	1	0	2	3
chr11	75402447	75404019	1	1	1	3	0	36
chr11	75404208	75404671	1	1	1	8	0	41
chr11	75404720	75404829	1	1	1	1	0	39
chr11	75404869	75405613	1	1	1	226	0	46
chr11	75572323	75572556	2	2	1	1	0	38
chr11	75572400	75572550	1	1	1	1	0	4
chr11	76003470	76006412	2	4	1	2	0	31
chr11	76361053	76365851	2	2	1	1	0	17
chr11	76361064	76362881	2	2	1	1	0	34
chr11	77392542	77408153	2	2	1	2	0	4
chr11	77392542	77473551	2	2	1	1	0	25
chr11	77675257	77676791	2	2	1	1	0	31
chr11	77677000	77678085	2	2	1	1	0	29
chr11	77678154	77683709	2	2	1	1	0	31
chr11	77691239	77693506	2	2	1	2	0	46
chr11	77702496	77725544	2	2	1	3	0	28
chr11	77725700	77740730	2	2	1	1	0	13
chr11	78070037	78072997	2	2	1	34	0	44
chr11	78073142	78079578	2	2	1	1	0	28
chr11	78101196	78103979	2	2	1	1	0	11
chr11	78104053	78104355	2	2	1	1	0	8
chr11	82689598	82689645	1	1	1	0	1	17
chr11	83167309	83167414	1	1	1	1	0	35
chr11	83261967	83265864	2	2	1	2	0	35
chr11	83273701	83273792	2	2	1	1	0	40
chr11	85628689	85631686	1	1	1	1	0	11
chr11	85737657	85745636	2	2	1	2	0	29
chr11	86001159	86003365	2	2	1	2	0	6
chr11	86337531	86344602	1	1	1	3	0	19
chr11	86344722	86345583	1	1	1	6	0	39
chr11	90202552	90202812	2	2	1	1	0	28
chr11	90202876	90203307	2	2	1	1	0	20
chr11	90203428	90205459	2	2	1	1	0	12
chr11	93355543	93356947	1	1	1	1	0	14
chr11	93687866	93691682	1	1	1	1	0	28
chr11	93722051	93723040	1	1	1	1	0	44
chr11	93729782	93729869	1	1	1	1	0	13
chr11	93730448	93730676	2	2	1	5	0	33
chr11	93731217	93731752	2	2	1	2	0	26
chr11	93731800	93732243	2	2	1	1	0	25
chr11	93738441	93739236	2	2	1	1	0	3
chr11	93738500	93739236	2	2	1	3	0	36
chr11	94464240	94467812	2	2	1	1	0	11
chr11	94869474	94870688	1	1	1	1	0	43
chr11	94963515	94966294	2	2	1	5	0	43
chr11	94971066	94971374	2	2	1	4	0	21
chr11	95813590	95818826	1	1	1	1	0	45
chr11	95817904	95818826	1	1	1	4	2	23
chr11	95829332	95831025	1	1	1	1	0	29
chr11	96384294	96384362	2	6	1	3	0	39
chr11	102347377	102348597	1	1	1	1	0	46
chr11	102368549	102377495	1	1	1	1	0	24
chr11	102401693	102401915	2	2	1	2	0	11
chr11	103062415	103064274	2	2	1	2	0	28
chr11	103089319	103091786	2	2	1	1	0	20
chr11	103204965	103209875	1	1	1	2	0	30
chr11	103304721	103307720	1	1	1	2	0	26
chr11	105905302	105910434	1	1	1	1	0	17
chr11	106011068	106020961	2	2	1	1	0	11
chr11	106090679	106091315	1	1	1	1	0	42
chr11	106094655	106096742	1	1	1	1	0	29
chr11	107390190	107403097	2	2	1	2	0	16
chr11	107429452	107433633	2	2	1	1	0	3
chr11	107455777	107457711	2	2	1	3	0	43
chr11	108098679	108099191	1	3	1	1	0	24
chr11	108252032	108252816	1	1	1	1	0	11
chr11	108678436	108679370	1	1	1	2	0	46
chr11	108689063	108691875	1	1	1	1	0	44
chr11	108693601	108706738	1	1	1	1	0	30
chr11	108723463	108838445	1	1	1	1	0	37
chr11	108852210	108917872	1	1	1	0	2	8
chr11	108918019	108940245	1	1	1	1	0	6
chr11	110233480	110236098	2	2	1	1	0	8
chr11	110237653	110247702	2	2	1	1	0	14
chr11	110247834	110253945	2	2	1	1	0	40
chr11	110254110	110255288	2	2	1	5	0	37
chr11	110257914	110258105	2	2	1	1	0	43
chr11	110258190	110263959	2	2	1	2	0	43
chr11	110279757	110296466	2	2	1	1	0	18
chr11	110575266	110588853	2	2	1	1	0	40
chr11	111974255	111974875	1	1	1	1	0	8
chr11	111974984	111980736	1	1	1	2	0	35
chr11	112074917	112075566	1	1	1	2	0	38
chr11	112080559	112081981	1	1	1	1	0	6
chr11	112082036	112082464	1	1	1	4	0	36
chr11	113365061	113366224	1	1	1	1	0	25
chr11	113823701	113827232	2	2	1	1	0	20
chr11	113827361	113829196	2	2	1	1	0	5
chr11	114444653	114445978	1	1	1	6	0	44
chr11	114446088	114447825	1	1	1	4	0	38
chr11	114447880	114449845	1	1	1	1	0	25
chr11	116785637	116785795	2	2	1	1	0	22
chr11	116897318	116927218	2	2	1	1	0	37
chr11	117136614	117137422	1	1	1	0	1	32
chr11	117160024	117161144	1	1	1	2	0	26
chr11	117161262	117163769	1	1	1	1	0	18
chr11	117201689	117202964	2	2	1	1	0	36
chr11	117207161	117207969	2	2	1	0	1	32
chr11	117239861	117244444	1	1	1	1	0	42
chr11	118407098	118408999	1	1	1	13	0	41
chr11	118482093	118482421	1	1	1	1	0	20
chr11	118488761	118489791	1	1	1	2	0	37
chr11	118552336	118554458	2	2	1	1	0	40
chr11	118584015	118584479	1	1	1	2	0	27
chr11	118657700	118657966	1	1	1	1	0	20
chr11	119015759	119015840	2	2	1	81	13	43
chr11	119015940	119017361	2	2	1	0	119	46
chr11	119017546	119017957	2	2	1	6	0	21
chr11	119018054	119018281	2	2	1	1	0	10
chr11	119049204	119049555	2	2	1	2	0	27
chr11	119285567	119287851	1	1	1	1	0	20
chr11	119674648	119675158	2	2	1	1	0	28
chr11	121024155	121036504	1	1	1	1	0	36
chr11	121627768	121629495	1	1	1	6	0	27
chr11	123057829	123058766	2	4	1	2	0	12
chr11	123057920	123058251	2	2	1	5	0	39
chr11	123058485	123058631	2	2	1	1	0	18
chr11	123058831	123059058	2	2	1	5	0	38
chr11	123059262	123059472	2	2	1	1	0	22
chr11	124773055	124774718	2	2	1	1	0	7
chr11	124774819	124799870	2	2	1	1	0	40
chr11	124880609	124881238	1	1	1	2	0	26
chr11	125003960	125005108	1	1	1	1	0	12
chr11	125602949	125604156	1	1	1	1	0	27
chr11	125629461	125633162	1	1	1	1	0	37
chr11	125633352	125635428	1	1	1	1	0	22
chr11	126338400	126343306	1	1	1	1	0	27
chr11	126351778	126354378	2	4	1	1	0	26
chr11	127772457	127774352	2	2	1	0	1	27
chr11	129884144	129884744	2	2	1	1	0	17
chr11	130120819	130121613	1	1	1	2	0	14
chr11	130122514	130126699	1	1	1	1	0	22
chr11	130129207	130130037	1	1	1	1	0	27
chr11	131903579	131911499	2	2	1	2	0	25
chr11	132299101	132490623	2	2	1	0	3	30
chr11	132615451	132657086	2	2	1	1	0	36
chr11	134169055	134176306	2	2	1	3	0	3
chr11	134176387	134177218	2	2	1	3	0	9
chr11	134217099	134220571	2	2	1	2	0	21
chr11	134248485	134248808	2	2	1	2	0	20
chr11	134248485	134249166	2	2	1	2	0	30
chr11	134251309	134252839	2	2	1	1	0	7
chr12	293170	295572	2	2	1	2	0	22
chr12	433323	438334	1	1	1	1	0	20
chr12	436163	439751	1	3	1	1	0	29
chr12	754325	813641	1	1	1	1	0	39
chr12	857250	859244	1	1	1	1	0	8
chr12	883060	883394	1	1	1	1	0	26
chr12	1116034	1141619	1	1	1	2	0	46
chr12	1190053	1236768	1	1	1	1	0	4
chr12	1784074	1785943	1	1	1	1	0	41
chr12	2000912	2006282	2	2	1	0	2	25
chr12	2797273	2803788	2	2	1	0	1	3
chr12	2800123	2800391	1	1	1	2	0	15
chr12	2801357	2803150	1	1	1	4	0	37
chr12	2872248	2873976	2	2	1	1	0	32
chr12	2885535	2887910	1	1	1	1	0	36
chr12	2899663	2910061	1	1	1	0	1	16
chr12	2899663	2936876	1	1	1	0	1	16
chr12	3038109	3040106	1	1	1	2	0	32
chr12	3040260	3040364	1	1	1	1	0	19
chr12	4538957	4541883	1	1	1	1	0	20
chr12	4541934	4543762	1	1	1	1	0	22
chr12	4548837	4552982	1	1	1	2	0	38
chr12	4605087	4607326	1	1	1	1	0	30
chr12	6492973	6493057	2	2	1	2	0	35
chr12	6536594	6536683	1	1	1	1	0	38
chr12	6536791	6536919	1	1	1	0	1	13
chr12	6537217	6537308	1	1	1	3	0	42
chr12	6537391	6537583	1	1	1	2	0	36
chr12	6537931	6538202	2	2	1	4	0	34
chr12	6537997	6538100	1	1	1	29	3	43
chr12	6571033	6573073	2	2	1	1	0	16
chr12	6573270	6577784	2	2	1	3	0	14
chr12	6578918	6581043	2	2	1	4	0	27
chr12	6581174	6581290	2	2	1	6	0	33
chr12	6581389	6581648	2	2	1	1	0	17
chr12	6581815	6582136	2	2	1	4	0	45
chr12	6587560	6587706	2	2	1	0	1	3
chr12	6587560	6587711	2	2	1	0	1	3
chr12	6587950	6588297	2	2	1	2	0	41
chr12	6600013	6600216	2	2	1	2	0	40
chr12	6600670	6600925	2	2	1	4	0	41
chr12	6601054	6601288	2	2	1	3	0	40
chr12	6602176	6602375	2	2	1	3	0	28
chr12	6602498	6606273	2	2	1	1	0	6
chr12	6750767	6751640	2	2	1	1	0	36
chr12	6751677	6751924	2	2	1	1	0	19
chr12	6849199	6849322	2	2	1	1	0	29
chr12	6869163	6870745	1	1	1	2	0	36
chr12	6870137	6870264	1	1	1	2	0	15
chr12	6944653	6945770	1	1	1	2	0	38
chr12	6965713	6965910	2	2	1	2	0	9
chr12	6965917	6966423	2	2	1	1	0	6
chr12	6975379	6975695	1	1	1	1	0	4
chr12	7930643	7931244	2	2	1	1	0	15
chr12	8780740	8782911	1	1	1	1	0	27
chr12	8935239	8936855	1	1	1	0	4	27
chr12	8936965	8937175	1	1	1	1	0	16
chr12	9397215	9397614	2	2	1	1	0	24
chr12	9437105	9437402	2	2	1	0	1	31
chr12	10699655	10701253	2	2	1	3	0	35
chr12	12822084	12822660	1	1	1	1	0	11
chr12	14434424	14436105	1	1	1	1	0	19
chr12	14705630	14705660	1	1	1	0	7	43
chr12	14705630	14710398	1	1	1	0	7	43
chr12	14801429	14803351	2	2	1	1	0	6
chr12	15890670	15894046	1	1	1	1	0	43
chr12	15895497	15897881	1	1	1	1	0	23
chr12	15900054	15900946	1	1	1	1	0	30
chr12	15901013	15902916	1	1	1	1	0	27
chr12	15903421	15925382	2	2	1	1	0	12
chr12	19130131	19132392	1	1	1	1	0	9
chr12	19132451	19253939	1	1	1	1	0	25
chr12	19265851	19269769	1	1	1	1	0	40
chr12	19265851	19269815	1	1	1	1	0	23
chr12	19269886	19274515	1	1	1	6	0	40
chr12	19348520	19353883	1	1	1	1	0	11
chr12	21486586	21490198	2	2	1	1	0	42
chr12	21491717	21499554	2	2	1	1	0	6
chr12	21499616	21501169	2	2	1	1	0	25
chr12	21501373	21501480	2	2	1	1	0	17
chr12	21635710	21637070	2	2	1	4	0	40
chr12	21637195	21638352	2	2	1	1	0	15
chr12	21638471	21641951	2	2	1	1	0	25
chr12	21642126	21643934	2	2	1	2	0	25
chr12	21644109	21646898	2	2	1	1	0	18
chr12	21647017	21654542	2	2	1	1	0	31
chr12	22060927	22061280	1	1	1	2	0	6
chr12	22061453	22062280	1	1	1	2	0	20
chr12	22062435	22065120	1	1	1	1	0	4
chr12	24829898	24832722	2	2	1	3	0	28
chr12	24832864	24836510	2	2	1	1	0	34
chr12	25215561	25225613	2	2	1	1	0	11
chr12	25225774	25227233	2	2	1	4	0	38
chr12	26556376	26561761	2	2	1	1	0	12
chr12	26595591	26596882	2	2	1	1	0	4
chr12	26624357	26628032	2	2	1	1	0	31
chr12	26682674	26686480	2	2	1	1	0	5
chr12	26725766	26790156	2	2	1	1	0	4
chr12	26790228	26832689	2	2	1	2	0	15
chr12	26913688	26913973	2	2	1	1	0	24
chr12	26914129	26914407	2	2	1	2	0	29
chr12	26957744	26960514	1	1	1	1	0	16
chr12	26957744	26963341	1	1	1	2	0	46
chr12	27650142	27654721	1	1	1	2	0	36
chr12	27654815	27656615	1	1	1	5	0	39
chr12	27716459	27719807	1	1	1	1	0	31
chr12	27724187	27735446	1	1	1	1	0	31
chr12	28362516	28391303	1	1	1	1	0	13
chr12	28391412	28450160	1	1	1	1	1	18
chr12	28450254	28450349	1	1	1	1	0	21
chr12	28450419	28452477	1	1	1	2	0	19
chr12	29341219	29341733	2	2	1	3	0	35
chr12	29341817	29343119	2	2	1	1	0	19
chr12	30719226	30723258	2	2	1	1	0	46
chr12	30731511	30734967	2	2	1	2	0	22
chr12	31084670	31084968	1	1	1	0	1	31
chr12	31111810	31112980	2	2	1	1	0	11
chr12	31252143	31332794	1	1	1	3	0	13
chr12	31282872	31287633	2	2	1	5	0	45
chr12	31295334	31298076	2	2	1	0	1	37
chr12	31298225	31326023	2	2	1	1	0	4
chr12	31960872	31970188	1	1	1	1	0	4
chr12	32294147	32305696	1	1	1	2	0	7
chr12	32610835	32611136	1	1	1	1	0	12
chr12	32619871	32624421	1	1	1	1	0	27
chr12	32624453	32624975	1	1	1	1	0	31
chr12	32625780	32633548	1	1	1	2	0	42
chr12	32631824	32633548	1	1	1	1	0	35
chr12	32679466	32701414	1	1	1	1	0	39
chr12	32925169	32936386	2	2	1	1	0	43
chr12	38730359	38760846	2	2	1	1	0	33
chr12	38760889	38762111	2	2	1	2	0	42
chr12	39340365	39340905	2	2	1	1	0	18
chr12	39341095	39341504	2	2	1	1	0	45
chr12	39351981	39356831	2	2	1	2	0	36
chr12	39356896	39357247	2	2	1	2	0	5
chr12	39357438	39358177	2	2	1	2	0	38
chr12	39830229	39864761	2	2	1	1	0	42
chr12	42097615	42097909	2	2	1	2	0	17
chr12	42317448	42317786	2	2	1	6	0	45
chr12	42317899	42322417	2	2	1	1	0	3
chr12	43746239	43748449	2	2	1	1	0	39
chr12	43748610	43754335	2	2	1	3	0	44
chr12	43786558	43786679	1	1	1	1	0	44
chr12	45421274	45422956	1	3	1	2	0	20
chr12	45837418	45837497	1	1	1	1	0	34
chr12	45922583	45922935	2	4	1	1	0	7
chr12	45923155	45924727	2	2	1	2	0	9
chr12	45931613	45933130	2	2	1	1	0	40
chr12	45948538	45951649	2	2	1	2	0	37
chr12	45951728	45961699	2	2	1	1	0	33
chr12	46189072	46197719	2	2	1	1	0	36
chr12	46239894	46243199	2	2	1	3	0	27
chr12	47702847	47705951	2	2	1	1	0	41
chr12	47967262	47968132	1	1	1	1	0	33
chr12	48065681	48066926	2	2	1	1	0	24
chr12	48066966	48071666	2	2	1	1	0	29
chr12	48145131	48145209	1	1	1	1	0	43
chr12	48830693	48831141	2	2	1	1	0	23
chr12	48922202	48923781	2	2	1	3	0	39
chr12	48940108	48940947	2	2	1	1	0	31
chr12	49043999	49044190	2	2	1	1	0	12
chr12	49128126	49185177	1	1	1	0	4	44
chr12	49324038	49324211	1	1	1	1	0	36
chr12	49461038	49484589	1	1	1	1	0	15
chr12	49484670	49489464	1	1	1	5	0	42
chr12	49643017	49643222	1	1	1	1	0	22
chr12	49758763	49759220	1	1	1	2	0	36
chr12	49759322	49761703	1	1	1	1	0	30
chr12	49761780	49762872	1	1	1	8	0	44
chr12	50085547	50086160	1	1	1	3	0	45
chr12	50178070	50181903	2	2	1	3	0	38
chr12	50401029	50412404	1	1	1	1	0	16
chr12	50429091	50430494	1	1	1	1	0	18
chr12	50453673	50454313	1	1	1	2	0	35
chr12	50780239	50795908	1	1	1	1	0	38
chr12	51986329	51993677	1	3	1	1	0	45
chr12	52902073	52904657	2	2	1	0	1	22
chr12	52950411	52950749	1	1	1	1	0	18
chr12	52951857	52952118	1	1	1	3	0	17
chr12	52952343	52952721	1	1	1	66	0	46
chr12	53028189	53033805	1	1	1	1	0	11
chr12	53038412	53039237	1	1	1	1	0	10
chr12	53039344	53039629	1	1	1	3	0	38
chr12	53039703	53040142	1	1	1	10	0	44
chr12	53040264	53049616	2	2	1	0	1	3
chr12	53040264	53053488	2	2	1	0	1	3
chr12	53067706	53068154	2	2	1	1	0	40
chr12	53286463	53289549	2	4	1	1	0	20
chr12	53295640	53295838	1	1	1	1	0	21
chr12	53295942	53296243	1	1	1	1	0	10
chr12	53297925	53298044	1	1	1	1	0	29
chr12	53298151	53299268	1	1	1	15	0	44
chr12	53306862	53306965	1	1	1	3	0	23
chr12	53465974	53467220	1	1	1	1	0	12
chr12	53467294	53468776	1	1	1	1	0	7
chr12	53468833	53471637	1	1	1	1	0	8
chr12	53471808	53479405	1	1	1	3	4	31
chr12	53665429	53669147	2	2	1	2	0	35
chr12	54067221	54070041	2	2	1	0	1	46
chr12	54246216	54252040	2	2	1	1	0	34
chr12	54252228	54257513	2	2	1	2	0	5
chr12	54281503	54281794	1	1	1	1	0	10
chr12	54281897	54283826	1	1	1	0	1	3
chr12	54281942	54282089	1	1	1	8	3	37
chr12	54282301	54282393	1	1	1	2	0	39
chr12	54282487	54282572	1	1	1	3	0	12
chr12	54282666	54282799	1	1	1	1	1	41
chr12	54282875	54283811	1	1	1	3	1	35
chr12	54283908	54283937	1	3	1	0	1	4
chr12	54283968	54284257	1	1	1	4	2	33
chr12	54284318	54284548	1	1	1	8	1	15
chr12	54284318	54286661	1	1	1	1	0	16
chr12	54284318	54286952	1	1	1	0	1	3
chr12	54286733	54286952	1	1	1	18	0	40
chr12	54342288	54343224	1	1	1	2	0	34
chr12	54580393	54580943	2	2	1	5	0	39
chr12	55698577	55698709	2	2	1	1	0	11
chr12	55719224	55719498	1	1	1	2	0	4
chr12	55725627	55725812	2	2	1	31	0	44
chr12	55725897	55726120	2	2	1	5	0	36
chr12	55726796	55726889	2	2	1	2	0	23
chr12	55757554	55760550	2	2	1	1	0	40
chr12	55800901	55803628	2	2	1	0	1	6
chr12	55803729	55817665	2	2	1	1	0	13
chr12	55819494	55820259	1	1	1	1	0	46
chr12	55835742	55836125	1	1	1	1	0	24
chr12	56042603	56043362	1	1	1	27	0	37
chr12	56043494	56044118	1	1	1	127	2	46
chr12	56104826	56106587	1	1	1	3	0	35
chr12	56107614	56109229	1	1	1	3	0	42
chr12	56109294	56109856	1	1	1	1	0	7
chr12	56110693	56110963	1	1	1	1	0	44
chr12	56111059	56111181	1	1	1	13	0	45
chr12	56111310	56111475	1	1	1	1	0	17
chr12	56111530	56112822	1	1	1	1	0	33
chr12	56116800	56117188	1	1	1	1	0	24
chr12	56117212	56117481	1	1	1	2	1	25
chr12	56144070	56144349	1	3	1	2	0	37
chr12	56155199	56155418	1	1	1	1	0	25
chr12	56155593	56157467	1	1	1	2	0	41
chr12	56157546	56157697	1	1	1	13	0	38
chr12	56157736	56157881	1	1	1	14	0	38
chr12	56158405	56158683	1	1	1	1	0	9
chr12	56158712	56159586	1	1	1	2	0	28
chr12	56159731	56159974	1	1	1	2	0	16
chr12	56160149	56160242	1	1	1	10	0	31
chr12	56160321	56160625	1	1	1	2	0	22
chr12	56160321	56161386	1	1	1	60	0	45
chr12	56160671	56161386	1	1	1	1	0	25
chr12	56171938	56172427	2	2	1	1	0	40
chr12	56181598	56181703	2	2	1	4	0	32
chr12	56181836	56182003	2	2	1	2	0	44
chr12	56182080	56183860	2	2	1	1	0	11
chr12	56184245	56184843	2	2	1	0	2	26
chr12	56274879	56275001	2	2	1	1	0	5
chr12	56310596	56310957	2	2	1	19	0	41
chr12	56311055	56311210	2	2	1	3	0	46
chr12	56314967	56315129	2	2	1	0	1	3
chr12	56314967	56315820	2	2	1	0	1	3
chr12	56418009	56418133	2	2	1	1	0	37
chr12	56420882	56420962	2	2	1	1	0	28
chr12	56433128	56433380	2	2	1	1	0	25
chr12	56606313	56606632	2	2	1	2	0	23
chr12	56606734	56609735	2	2	1	4	0	43
chr12	56638424	56639105	2	2	1	13	0	46
chr12	56643250	56663370	1	1	1	0	1	20
chr12	56666267	56670274	2	2	1	2	0	28
chr12	56670365	56671748	2	2	1	2	0	33
chr12	56673066	56687997	2	2	1	2	0	31
chr12	56712553	56712785	2	2	1	95	0	45
chr12	56712909	56713061	2	2	1	15	1	45
chr12	56713191	56713536	2	2	1	3	0	14
chr12	56713684	56714361	2	2	1	2	0	3
chr12	56714440	56714601	2	2	1	2	0	11
chr12	56714688	56724451	2	2	1	2	0	29
chr12	56731735	56734146	2	2	1	4	0	37
chr12	56744124	56746044	2	2	1	3	0	32
chr12	57420575	57429223	2	2	1	1	0	13
chr12	57490380	57490537	1	1	1	2	0	25
chr12	57512965	57514719	1	1	1	3	0	32
chr12	57514852	57514953	1	1	1	1	0	23
chr12	57515337	57515919	1	1	1	3	0	23
chr12	57516338	57516434	1	1	1	8	0	35
chr12	57535155	57535483	2	2	1	2	0	44
chr12	62325934	62355330	1	1	1	1	0	42
chr12	63780463	63781018	1	1	1	1	0	17
chr12	63932142	63954613	1	1	1	1	0	39
chr12	63990073	64016949	1	1	1	1	0	27
chr12	64497051	64497162	1	1	1	2	0	11
chr12	65216044	65218551	1	1	1	2	0	39
chr12	65218620	65238501	1	1	1	1	0	9
chr12	66124019	66128895	2	2	1	0	1	36
chr12	67269786	67281909	1	1	1	1	0	8
chr12	67307493	67309900	1	1	1	1	0	44
chr12	68327022	68331106	2	2	1	1	0	15
chr12	68650469	68651994	1	1	1	1	0	18
chr12	68652052	68654111	1	1	1	1	0	17
chr12	68656450	68657100	1	1	1	2	0	13
chr12	68731261	68731606	1	1	1	1	0	23
chr12	68733613	68734707	1	1	1	2	0	6
chr12	68741981	68742354	1	1	1	1	0	33
chr12	68759240	68760039	1	1	1	1	0	8
chr12	69260198	69262372	1	1	1	1	0	34
chr12	69262563	69269511	1	1	1	1	0	33
chr12	69586819	69587504	1	1	1	1	0	9
chr12	69588263	69589484	1	1	1	1	0	25
chr12	69589688	69592058	1	1	1	14	0	39
chr12	69592160	69592975	1	1	1	5	0	41
chr12	69593614	69597155	1	1	1	1	0	10
chr12	69600005	69601294	1	1	1	6	0	38
chr12	70278275	70310894	1	1	1	1	0	33
chr12	70330470	70332766	1	1	1	1	0	16
chr12	70344229	70346179	1	1	1	3	0	39
chr12	70346325	70353828	1	1	1	5	0	21
chr12	71630722	71630822	2	2	1	1	0	11
chr12	71634826	71635442	2	2	1	1	0	32
chr12	71638516	71642435	2	2	1	2	0	28
chr12	71657302	71663012	2	2	1	1	0	25
chr12	71770700	71773958	1	1	1	1	0	23
chr12	71772090	71774253	2	4	1	1	0	23
chr12	72816321	72816351	1	1	1	0	7	43
chr12	75369987	75370084	1	1	1	1	0	36
chr12	75499952	75501722	2	2	1	4	0	40
chr12	75501817	75501922	2	2	1	6	0	38
chr12	75502001	75503903	2	2	1	2	0	24
chr12	75504075	75505197	2	2	1	1	0	26
chr12	75505255	75506315	2	2	1	2	0	41
chr12	76047719	76048392	2	2	1	33	0	41
chr12	76047719	76048420	2	2	1	23	0	45
chr12	76047719	76049199	2	2	1	2	0	24
chr12	76048465	76049199	2	2	1	29	0	45
chr12	76049251	76049755	2	2	1	7	0	30
chr12	76049526	76049755	2	2	1	8	0	30
chr12	76049786	76050530	2	2	1	21	0	41
chr12	76050654	76053090	2	2	1	4	0	22
chr12	76053111	76053204	2	2	1	4	0	21
chr12	76053351	76053769	2	2	1	1	0	17
chr12	76053910	76055018	2	2	1	2	0	7
chr12	76055091	76056032	2	2	1	1	0	44
chr12	76056162	76059797	2	2	1	2	0	9
chr12	76059879	76060137	2	2	1	19	0	44
chr12	76060280	76067370	2	2	1	3	0	41
chr12	76079804	76081053	2	4	1	2	0	36
chr12	76356729	76358705	2	2	1	2	0	43
chr12	76358812	76369213	2	2	1	1	0	22
chr12	76386267	76386578	2	2	1	1	0	31
chr12	76410635	76450850	2	2	1	2	0	34
chr12	76849471	76850846	1	1	1	1	0	7
chr12	76859029	76859546	2	2	1	1	0	25
chr12	76859641	76860283	2	2	1	1	0	45
chr12	77056131	77064542	2	2	1	1	0	11
chr12	78865110	78977798	1	1	1	1	0	39
chr12	78955567	78977798	1	1	1	1	0	3
chr12	79292131	79296068	1	1	1	1	0	10
chr12	79596659	79613574	2	2	1	10	0	37
chr12	79613610	79621075	2	2	1	5	0	30
chr12	79776016	79778549	2	2	1	1	0	22
chr12	79778601	79781814	2	2	1	3	0	43
chr12	79781863	79786373	2	2	1	1	0	4
chr12	79796951	79797194	2	2	1	1	0	28
chr12	79797396	79798493	2	2	1	2	0	35
chr12	79798585	79805591	2	2	1	9	0	42
chr12	79805769	79807225	2	2	1	1	0	37
chr12	79807331	79808482	2	2	1	1	0	25
chr12	79808578	79809794	2	2	1	1	0	12
chr12	79817519	79820773	2	2	1	1	0	43
chr12	81253671	81254856	1	1	1	1	0	3
chr12	82354595	82356959	2	2	1	5	0	25
chr12	82399395	82402982	1	1	1	1	0	17
chr12	86194679	86194902	1	1	1	1	0	30
chr12	88043716	88045581	1	1	1	1	0	36
chr12	88060995	88062691	2	2	1	1	0	30
chr12	88062779	88063980	2	2	1	1	0	42
chr12	88087945	88089031	2	2	1	1	0	43
chr12	88109182	88111201	2	2	1	2	0	30
chr12	88114563	88115097	2	2	1	1	0	36
chr12	88117146	88118482	2	2	1	1	0	13
chr12	88118571	88118642	2	4	1	1	0	33
chr12	88139565	88140955	2	2	1	1	0	10
chr12	88141034	88141205	2	2	1	2	0	17
chr12	88174728	88176207	1	1	1	1	0	25
chr12	89349562	89350587	2	2	1	2	0	37
chr12	89349562	89351639	2	2	1	1	0	34
chr12	89611373	89616801	2	2	1	2	0	18
chr12	89626616	89627677	2	2	1	1	0	19
chr12	89627717	89630504	2	2	1	1	0	11
chr12	89630646	89634777	2	2	1	3	0	46
chr12	92780412	92781949	2	2	1	1	0	20
chr12	92801702	92802403	2	2	1	1	0	33
chr12	92809157	92811278	2	2	1	1	0	21
chr12	92842582	92851110	2	2	1	1	0	29
chr12	92864988	92891628	2	2	1	1	0	35
chr12	93487661	93501175	1	1	1	2	0	38
chr12	93513322	93514564	2	2	1	1	0	44
chr12	94331830	94333463	2	2	1	1	0	33
chr12	94333640	94335588	2	2	1	1	0	24
chr12	94971486	95002805	2	2	1	1	0	5
chr12	94971621	94994169	2	2	1	2	0	43
chr12	94993500	94993808	2	2	1	2	0	27
chr12	94994258	95002738	2	2	1	4	0	25
chr12	95089697	95091706	2	2	1	1	0	43
chr12	95218278	95251939	1	1	1	1	0	41
chr12	95474331	95476070	1	1	1	4	0	38
chr12	95474331	95476073	1	1	1	2	0	9
chr12	95476179	95483214	1	1	1	3	0	33
chr12	95504162	95511894	1	1	1	2	0	38
chr12	95861294	95865323	1	1	1	30	0	46
chr12	95865389	95866004	1	1	1	78	0	44
chr12	96009149	96013187	2	2	1	1	0	27
chr12	96334866	96399985	2	2	1	1	0	34
chr12	98516147	98527885	1	1	1	1	0	6
chr12	98598704	98599954	1	1	1	1	0	28
chr12	98600128	98601170	1	1	1	2	0	22
chr12	98601282	98601367	1	1	1	1	0	43
chr12	100314615	100315557	1	1	1	1	0	33
chr12	100334267	100335624	1	1	1	1	0	12
chr12	100335692	100335810	1	1	1	1	0	13
chr12	100335907	100337386	1	1	1	1	0	9
chr12	101338278	101338812	1	1	1	1	0	30
chr12	101363744	101365458	1	1	1	1	0	19
chr12	101383670	101385582	1	1	1	2	0	26
chr12	101395671	101396398	2	4	1	2	0	21
chr12	101726405	101728900	1	1	1	10	0	44
chr12	101749192	101753371	2	2	1	1	0	37
chr12	101780287	101780556	2	2	1	1	0	30
chr12	102077504	102085765	2	2	1	1	0	33
chr12	102101105	102112107	2	2	1	1	0	24
chr12	103930565	103931520	1	1	1	1	0	46
chr12	103931624	103932276	1	1	1	6	0	36
chr12	103932419	103932825	1	1	1	1	0	27
chr12	103934288	103937694	1	1	1	13	0	44
chr12	103937807	103938339	1	1	1	11	0	39
chr12	103938460	103939508	1	1	1	2	0	30
chr12	103941898	103942526	1	1	1	1	0	32
chr12	103942797	103943073	1	1	1	1	0	34
chr12	103943320	103943737	1	1	1	1	0	24
chr12	103943875	103946617	1	1	1	3	0	33
chr12	103946697	103946785	1	1	1	3	0	28
chr12	103946942	103947310	1	1	1	4	0	31
chr12	103947431	103947632	1	1	1	3	0	43
chr12	103977061	103979830	1	1	1	0	6	41
chr12	104287110	104311289	1	1	1	1	0	10
chr12	104325430	104326346	1	1	1	1	0	11
chr12	104331642	104334236	1	1	1	1	0	12
chr12	104986468	104988166	1	1	1	1	0	6
chr12	104988254	104991711	1	1	1	1	0	22
chr12	104991849	104994477	1	1	1	5	0	31
chr12	105120598	105121100	1	1	1	1	0	8
chr12	105157323	105160000	1	1	1	1	0	29
chr12	105164308	105164640	1	1	1	1	0	19
chr12	107693097	107696473	1	1	1	1	0	15
chr12	107696585	107697466	1	1	1	1	0	30
chr12	107704748	107708925	1	1	1	1	0	6
chr12	108525610	108526098	2	2	1	1	0	36
chr12	108530311	108531203	2	2	1	1	0	38
chr12	108531281	108532221	2	2	1	2	0	14
chr12	108564393	108565320	1	1	1	1	0	30
chr12	108565432	108567189	1	1	1	1	0	45
chr12	108740506	108740640	2	4	1	1	0	30
chr12	109103612	109109828	1	1	1	1	0	18
chr12	109488669	109489918	1	1	1	3	0	43
chr12	109561105	109561242	2	2	1	1	0	45
chr12	109938569	109939164	2	2	1	1	0	7
chr12	110129131	110132546	1	1	1	1	0	41
chr12	110192707	110203863	1	1	1	1	0	37
chr12	110203951	110205442	1	1	1	1	0	39
chr12	110339404	110339502	1	3	1	1	0	40
chr12	110374053	110374209	1	1	1	1	0	33
chr12	110377618	110381751	2	2	1	1	0	17
chr12	110383263	110397027	2	2	1	0	1	43
chr12	110436684	110437083	2	2	1	1	0	6
chr12	110437153	110440311	2	2	1	1	0	17
chr12	110440389	110445451	2	2	1	2	0	7
chr12	110453097	110453742	2	2	1	1	0	5
chr12	110492123	110492995	2	2	1	8	0	45
chr12	111485332	111485712	2	2	1	1	0	6
chr12	111509620	111509890	2	2	1	2	0	28
chr12	111520974	111525191	2	2	1	1	0	8
chr12	111655656	111658735	2	2	1	1	0	39
chr12	111792164	111792597	1	1	1	1	0	19
chr12	111803974	111809542	1	1	1	4	0	22
chr12	111890145	111892966	1	1	1	1	0	13
chr12	112039340	112040480	2	2	1	4	0	42
chr12	112040579	112042038	2	2	1	10	0	34
chr12	112042105	112043087	2	2	1	4	0	10
chr12	112053658	112054387	2	2	1	1	0	10
chr12	112074765	112075677	2	2	1	1	0	28
chr12	112291505	112330045	1	1	1	0	1	29
chr12	112405377	112405852	2	2	1	105	0	46
chr12	112406038	112406293	2	2	1	12	0	44
chr12	112406343	112406746	2	2	1	7	0	45
chr12	112406891	112408239	2	2	1	5	5	44
chr12	112408339	112408419	2	2	1	37	2	46
chr12	112408657	112409410	2	2	1	1	0	5
chr12	112408657	112409586	2	2	1	3	0	19
chr12	112446399	112450317	1	1	1	2	0	19
chr12	112452322	112467589	1	1	1	0	1	44
chr12	112454681	112455949	1	1	1	4	0	36
chr12	112456064	112472943	1	1	1	1	0	13
chr12	112477731	112477856	1	1	1	1	0	10
chr12	113127874	113128064	2	2	1	1	0	45
chr12	113181059	113185277	2	2	1	1	0	41
chr12	113403501	113425798	1	1	1	1	0	24
chr12	113960179	113962231	2	2	1	1	0	6
chr12	116185814	116186134	2	4	1	1	0	31
chr12	117049159	117056805	2	2	1	1	0	8
chr12	117186572	117189226	2	2	1	1	0	30
chr12	118031661	118032484	1	1	1	1	0	13
chr12	118083036	118084801	2	2	1	0	2	46
chr12	118139552	118144585	1	1	1	1	0	8
chr12	118151159	118152226	2	2	1	1	0	42
chr12	118177330	118181370	2	2	1	1	0	7
chr12	118376834	118380161	1	1	1	1	0	41
chr12	118380232	118384011	1	1	1	1	0	24
chr12	118384068	118386113	1	1	1	5	0	36
chr12	118386186	118389926	1	1	1	6	0	20
chr12	118389947	118391125	1	1	1	5	0	20
chr12	120127975	120129275	2	2	1	1	0	30
chr12	120196935	120197321	2	2	1	42	0	46
chr12	120197463	120198553	2	2	1	3	0	33
chr12	120197463	120198853	2	2	1	1	0	10
chr12	120199001	120199117	2	2	1	3	0	44
chr12	120199206	120199309	2	2	1	1	0	15
chr12	120438522	120440453	1	1	1	0	3	23
chr12	120462163	120463949	2	2	1	1	0	40
chr12	120464123	120465626	2	2	1	1	0	27
chr12	120496217	120496415	1	1	1	2	0	36
chr12	120496554	120498072	1	1	1	2	0	33
chr12	120565530	120566824	1	1	1	2	0	25
chr12	120571292	120575630	1	1	1	1	0	20
chr12	120575689	120575791	1	1	1	1	0	18
chr12	120695001	120695094	1	1	1	2	0	42
chr12	121177814	121178699	1	1	1	2	0	36
chr12	121347006	121347801	2	2	1	1	0	21
chr12	121400219	121417860	1	1	1	1	0	44
chr12	121420335	121420576	1	1	1	1	0	22
chr12	121443031	121443679	2	2	1	1	0	29
chr12	121491562	121491931	1	1	1	2	0	32
chr12	121532960	121534496	2	2	1	1	0	4
chr12	121548984	121549459	2	2	1	1	0	41
chr12	121920342	121920510	2	4	1	1	0	23
chr12	122216585	122216758	2	2	1	1	0	45
chr12	122316856	122319231	2	2	1	1	0	33
chr12	122319349	122327946	2	2	1	1	0	23
chr12	122333144	122334026	2	2	1	1	0	4
chr12	122334111	122334647	2	2	1	1	0	4
chr12	122508451	122511108	2	2	1	1	0	10
chr12	122511189	122515104	2	2	1	2	0	13
chr12	122515228	122517226	2	2	1	3	0	40
chr12	122519030	122521384	2	2	1	5	0	19
chr12	122586758	122587710	1	1	1	1	0	45
chr12	122624689	122626204	1	1	1	4	0	28
chr12	122753808	122762186	1	3	1	2	0	20
chr12	122762207	122762844	1	1	1	1	0	17
chr12	122762930	122765303	1	1	1	2	0	40
chr12	122767605	122768781	1	1	1	1	0	15
chr12	122979011	122979082	1	1	1	3	0	24
chr12	122982075	122982468	1	1	1	1	0	13
chr12	123198335	123202163	2	2	1	2	0	20
chr12	123202320	123202623	2	2	1	1	0	18
chr12	123253957	123256812	1	1	1	1	0	32
chr12	123320867	123321534	2	2	1	4	0	22
chr12	123321733	123323679	2	2	1	1	0	23
chr12	123323832	123325501	2	2	1	2	0	34
chr12	123325600	123326151	2	2	1	1	0	37
chr12	123327813	123327891	2	2	1	1	0	25
chr12	123330510	123331241	2	2	1	2	0	45
chr12	123618838	123619431	1	1	1	2	0	36
chr12	123974021	124011380	1	1	1	1	0	30
chr12	124422556	124426621	2	2	1	1	0	35
chr12	124911823	124912734	2	2	1	7	1	42
chr12	130801291	130801414	2	2	1	1	0	15
chr12	130827268	130839069	2	2	1	1	0	11
chr12	130872630	130872835	1	1	1	1	0	7
chr12	130872921	130873002	1	1	1	2	0	18
chr12	130873129	130874545	1	1	1	1	0	23
chr12	130875783	130875881	1	1	1	1	0	29
chr12	131719540	131725404	1	1	1	1	0	29
chr12	131799110	131799422	1	1	1	1	0	23
chr12	131990105	131990635	1	3	1	1	0	31
chr12	131991457	131992172	1	1	1	2	0	37
chr12	132043463	132043644	1	1	1	1	0	13
chr12	132125676	132138848	2	2	1	1	1	40
chr12	132152198	132152281	1	1	1	2	0	26
chr12	132734072	132734384	2	2	1	1	0	3
chr12	132848725	132851617	2	2	1	1	0	17
chr12	133192004	133202143	1	1	1	1	0	19
chr12	133193534	133202143	1	1	1	1	0	20
chr13	19219776	19227247	2	2	1	0	1	7
chr13	19633962	19642114	1	1	1	1	0	31
chr13	19648522	19650002	1	1	1	2	0	14
chr13	19671290	19671833	1	1	1	3	0	41
chr13	19741650	19751270	2	2	1	2	1	20
chr13	20082131	20082780	1	1	1	2	0	33
chr13	20592405	20596149	1	1	1	1	0	35
chr13	20644959	20653875	1	1	1	2	0	43
chr13	21140682	21140885	1	1	1	2	0	25
chr13	21146928	21147185	1	1	1	6	0	39
chr13	21155151	21155692	2	2	1	2	0	8
chr13	21155812	21157921	2	2	1	1	0	44
chr13	21381550	21381900	2	2	1	1	0	8
chr13	21510102	21514352	2	2	1	1	0	25
chr13	23353877	23354518	2	2	1	1	0	29
chr13	23368488	23371077	2	2	1	1	0	7
chr13	24421315	24426465	2	2	1	1	0	43
chr13	24710594	24710791	1	1	1	1	0	12
chr13	24899585	24903925	2	2	1	1	0	43
chr13	27105945	27116515	2	2	1	1	0	17
chr13	27253844	27254219	1	1	1	3	2	39
chr13	27254282	27255241	1	1	1	1	5	41
chr13	27255355	27256183	1	1	1	36	1	41
chr13	27256335	27256435	1	1	1	144	1	45
chr13	27621141	27648378	1	1	1	1	0	23
chr13	28397069	28405779	2	2	1	1	0	35
chr13	28662508	28664508	1	1	1	1	0	7
chr13	28664570	28668472	1	1	1	1	0	24
chr13	28668575	28672338	1	1	1	1	0	28
chr13	28672433	28678034	1	1	1	34	0	42
chr13	30461534	30462537	2	2	1	0	1	39
chr13	30462713	30463206	2	2	1	23	0	45
chr13	30463353	30463530	2	2	1	6	1	39
chr13	30463695	30465795	2	2	1	0	5	42
chr13	31137525	31138406	2	2	1	1	0	18
chr13	31138569	31138780	2	2	1	1	0	27
chr13	31141260	31143791	2	2	1	5	0	30
chr13	31143924	31145562	2	2	1	3	0	16
chr13	31148481	31149953	2	2	1	2	0	11
chr13	32331031	32332271	1	1	1	1	0	26
chr13	32376792	32379316	1	1	1	2	0	27
chr13	32522271	32527407	2	2	1	1	0	26
chr13	32755957	32758086	1	1	1	1	0	41
chr13	33818266	33821131	1	1	1	1	0	43
chr13	36283407	36283591	2	2	1	1	0	40
chr13	36283703	36297636	2	2	1	1	0	11
chr13	36304633	36312144	2	2	1	1	0	17
chr13	36950058	36952513	2	2	1	2	0	29
chr13	37006026	37006114	1	1	1	2	0	42
chr13	37006161	37006974	1	1	1	2	0	4
chr13	37008178	37008728	1	1	1	1	0	30
chr13	37008836	37009183	1	3	1	5	0	29
chr13	37033589	37040404	2	2	1	1	0	30
chr13	37047937	37048563	2	2	1	1	0	36
chr13	37048600	37051487	2	2	1	2	0	35
chr13	40559035	40559508	2	2	1	2	0	39
chr13	40729602	40749137	2	2	1	2	0	44
chr13	40757014	40758947	2	2	1	1	0	10
chr13	40767034	40770984	2	2	1	1	0	37
chr13	40949974	40951328	2	2	1	1	0	29
chr13	41062717	41065015	1	1	1	1	0	34
chr13	41065288	41068560	1	1	1	1	0	15
chr13	41072858	41076043	1	1	1	1	0	33
chr13	41234008	41240260	2	2	1	1	0	27
chr13	41367653	41369089	1	1	1	2	0	34
chr13	41967841	41989880	2	4	1	1	0	13
chr13	43085839	43107177	1	1	1	1	0	28
chr13	44943675	44949721	2	2	1	1	0	16
chr13	45008880	45014951	1	1	1	1	0	45
chr13	45151832	45207423	1	1	1	3	0	30
chr13	45207506	45252870	1	1	1	1	0	26
chr13	45337389	45338659	2	2	1	35	0	45
chr13	45338777	45339496	2	2	1	2	0	19
chr13	45339603	45339993	2	2	1	5	0	39
chr13	45340185	45340711	2	2	1	1	0	11
chr13	45969972	45970361	2	2	1	2	0	35
chr13	45975839	45979812	2	2	1	3	0	35
chr13	45980005	45985296	2	2	1	1	0	29
chr13	46003337	46010347	2	2	1	1	0	17
chr13	46010466	46011465	1	1	1	1	0	35
chr13	46011555	46020448	2	2	1	1	0	18
chr13	46130939	46134126	2	2	1	1	0	17
chr13	46771497	46777455	2	4	1	4	0	27
chr13	46777624	46779934	2	2	1	1	0	3
chr13	48081732	48083370	2	2	1	2	0	26
chr13	48083429	48086281	2	2	1	2	0	43
chr13	48258948	48261138	1	1	1	2	0	33
chr13	49168752	49172042	1	1	1	1	0	36
chr13	49490911	49491731	1	1	1	1	0	15
chr13	49706170	49706267	2	2	1	1	0	24
chr13	50945533	50947986	1	1	1	1	0	26
chr13	50948069	50949462	1	1	1	3	0	41
chr13	50949506	50953904	1	1	1	3	0	33
chr13	50953986	50956357	1	1	1	8	0	45
chr13	51365846	51367804	2	2	1	1	0	39
chr13	52143988	52144690	2	2	1	1	0	9
chr13	52433749	52434792	2	2	1	1	0	10
chr13	52455627	52456522	1	1	1	1	0	30
chr13	52617683	52621988	1	1	1	1	0	26
chr13	52652959	52653045	1	1	1	1	0	25
chr13	52653104	52657531	1	1	1	2	0	15
chr13	52663113	52664034	1	1	1	1	0	18
chr13	52664058	52665636	1	1	1	1	0	23
chr13	52666920	52676229	1	1	1	8	0	24
chr13	52680156	52687733	1	1	1	16	0	40
chr13	52712870	52723996	2	2	1	1	0	44
chr13	53890304	53890348	1	1	1	1	0	21
chr13	59833272	59839323	2	6	1	2	0	13
chr13	59970059	59970851	2	2	1	1	0	14
chr13	60042821	60093627	2	2	1	1	0	13
chr13	60467380	60483774	1	1	1	1	0	23
chr13	60485949	60494434	1	1	1	3	0	41
chr13	72768913	72770903	2	2	1	1	0	11
chr13	72770989	72771080	2	2	1	1	0	37
chr13	72821983	72827009	1	1	1	1	0	8
chr13	72893950	72908530	1	1	1	1	0	22
chr13	75289111	75292101	2	2	1	1	0	42
chr13	75312899	75326196	2	2	1	1	0	13
chr13	75526640	75530113	2	2	1	5	0	40
chr13	75560882	75566694	1	1	1	1	0	19
chr13	75567313	75569459	1	1	1	2	0	19
chr13	75569508	75594914	1	1	1	3	0	45
chr13	75594991	75604768	1	1	1	2	0	37
chr13	75604828	75605728	1	1	1	5	0	46
chr13	75836458	75838139	1	1	1	1	0	23
chr13	75838197	75838346	1	1	1	1	0	12
chr13	77270064	77270295	2	2	1	1	0	30
chr13	77899968	77900520	2	2	1	2	0	21
chr13	79344323	79344668	2	2	1	2	0	23
chr13	79344795	79354438	2	2	1	1	0	39
chr13	79377516	79378788	2	2	1	1	0	14
chr13	79378908	79405703	2	2	1	2	0	27
chr13	79481525	79520809	1	1	1	1	0	19
chr13	90844592	90849157	0	0	1	0	3	42
chr13	95186893	95188452	2	2	1	1	0	38
chr13	95586137	95587538	2	2	1	2	0	18
chr13	95609514	95611444	2	2	1	2	0	42
chr13	95763954	95785938	1	1	1	2	0	28
chr13	95877365	95877697	2	2	1	4	0	20
chr13	95877857	95884490	2	2	1	1	0	36
chr13	98010014	98010102	1	1	1	1	0	15
chr13	98019810	98020991	1	1	1	3	0	32
chr13	98021134	98021735	1	1	1	6	0	35
chr13	98343867	98365394	1	1	1	2	0	18
chr13	98365438	98368116	1	1	1	2	0	31
chr13	98368196	98377820	1	1	1	1	0	15
chr13	98446818	98448235	1	1	1	2	0	38
chr13	98461898	98463690	2	2	1	1	0	12
chr13	99386190	99386281	1	1	1	1	0	16
chr13	99536738	99537738	1	1	1	3	0	28
chr13	99559535	99562690	1	1	1	3	0	40
chr13	99650049	99654790	1	1	1	0	1	43
chr13	100330672	100340156	1	1	1	1	0	18
chr13	100635196	100636531	2	2	1	1	0	38
chr13	102604922	102614100	1	1	1	2	0	46
chr13	102649152	102649407	1	1	1	4	0	35
chr13	102649487	102651358	1	1	1	1	0	39
chr13	102651398	102657055	1	1	1	1	0	10
chr13	102674491	102676295	1	1	1	3	0	27
chr13	102784513	102786231	2	2	1	1	0	23
chr13	102787924	102789011	2	2	1	1	0	16
chr13	102853873	102854287	1	3	1	1	0	39
chr13	106544161	106557047	2	2	1	2	0	36
chr13	106557132	106559431	2	2	1	1	0	11
chr13	106559658	106567572	2	2	1	1	0	35
chr13	110489509	110489710	1	1	1	1	0	29
chr13	110641609	110642314	2	2	1	1	0	41
chr13	112498937	112499044	2	2	1	1	0	41
chr13	113177977	113178173	2	2	1	1	0	10
chr13	113195126	113196180	2	2	1	1	0	4
chr13	113196223	113197177	2	6	1	1	0	42
chr13	113633286	113633889	1	1	1	1	0	23
chr13	114272482	114272563	1	1	1	6	0	41
chr13	114282944	114286518	1	1	1	0	2	33
chr13	114286401	114286518	1	1	1	3	0	43
chr13	114286630	114291488	1	1	1	0	1	24
chr13	114291545	114291633	1	1	1	2	0	36
chr14	20350623	20351046	1	1	1	1	0	10
chr14	20352348	20354084	1	1	1	1	0	14
chr14	20447280	20447421	2	2	1	3	0	46
chr14	20476607	20476903	2	4	1	1	0	37
chr14	20476654	20476921	2	4	1	1	0	19
chr14	20995234	20995900	1	1	1	1	0	28
chr14	21211307	21211405	2	2	1	1	0	3
chr14	21211567	21211809	2	2	1	2	0	22
chr14	21211924	21212959	2	2	1	4	0	16
chr14	21213118	21230318	2	2	1	1	3	24
chr14	21230367	21230957	2	2	1	1	0	29
chr14	21230367	21230996	2	2	1	1	0	26
chr14	21234230	21263310	2	2	1	1	0	18
chr14	21263337	21269297	2	2	1	1	0	26
chr14	21353566	21353702	2	2	1	1	0	43
chr14	21354541	21357196	2	2	1	1	0	32
chr14	21363329	21363437	2	2	1	4	0	44
chr14	21363504	21364826	2	2	1	4	0	29
chr14	21366530	21368268	2	2	1	4	0	36
chr14	21369897	21370335	2	2	1	2	0	35
chr14	21372045	21373337	2	2	1	6	0	40
chr14	21373431	21383861	2	2	1	1	0	42
chr14	21415908	21426127	2	2	1	1	0	24
chr14	21426243	21427868	2	2	1	2	0	3
chr14	21488851	21489172	1	1	1	1	0	8
chr14	21498370	21499024	2	2	1	2	0	25
chr14	22565138	22575058	2	2	1	1	0	10
chr14	22773717	22773932	2	2	1	1	0	40
chr14	22830255	22833417	1	1	1	4	0	37
chr14	22830255	22834171	1	1	1	1	0	8
chr14	22833483	22834171	1	1	1	8	0	46
chr14	23016636	23033367	2	2	1	1	0	34
chr14	23022745	23033367	2	2	1	1	0	13
chr14	23080810	23081747	2	2	1	2	0	42
chr14	23323067	23323376	1	1	1	1	0	36
chr14	23324053	23324137	1	1	1	4	0	40
chr14	23324290	23325246	1	1	1	22	0	45
chr14	23477561	23478006	1	1	1	2	0	31
chr14	23564160	23564332	2	2	1	1	0	30
chr14	23564389	23564561	2	2	1	1	0	6
chr14	23966418	23967210	1	1	1	0	1	5
chr14	23967267	23968756	1	1	1	0	1	31
chr14	24001518	24004336	1	1	1	0	1	5
chr14	24004393	24005885	1	1	1	0	1	31
chr14	24100211	24103947	2	2	1	1	0	18
chr14	24143490	24143584	2	2	1	7	0	45
chr14	24143672	24143974	2	2	1	6	0	37
chr14	24144030	24144191	2	2	1	2	0	27
chr14	24145773	24146207	2	2	1	2	0	33
chr14	24146241	24146533	2	2	1	2	0	18
chr14	24180573	24180682	2	2	1	1	0	18
chr14	24184419	24184649	2	2	1	1	0	7
chr14	24210484	24210653	2	2	1	1	0	7
chr14	24214152	24214309	2	2	1	1	0	43
chr14	24214152	24214545	2	2	1	1	0	6
chr14	24217224	24218132	2	2	1	1	0	4
chr14	24218216	24218383	2	2	1	1	0	6
chr14	24218432	24232249	2	2	1	1	0	15
chr14	24235821	24235966	1	1	1	1	0	14
chr14	24271311	24298613	1	1	1	1	0	29
chr14	26472392	26479976	2	2	1	1	0	27
chr14	30593640	30597419	1	1	1	1	0	19
chr14	30598600	30601769	1	1	1	1	0	20
chr14	30601895	30601998	1	1	1	1	0	37
chr14	30602132	30605504	1	1	1	3	0	41
chr14	30673998	30674983	1	1	1	3	0	44
chr14	30675066	30694772	1	1	1	2	0	24
chr14	30722560	30734789	1	1	1	2	0	39
chr14	30734859	30735585	1	1	1	4	0	36
chr14	31168473	31169353	2	2	1	1	0	38
chr14	31169469	31171860	2	2	1	5	0	32
chr14	34516587	34524696	2	2	1	1	0	5
chr14	34533540	34536093	2	2	1	2	0	30
chr14	34584503	34592361	2	4	1	1	0	22
chr14	34586306	34593044	2	2	1	1	0	13
chr14	34603472	34605595	2	2	1	1	0	19
chr14	34780311	34783118	2	2	1	1	0	7
chr14	34783233	34783761	2	2	1	1	0	19
chr14	34800391	34801093	2	2	1	4	0	43
chr14	34801194	34802853	2	2	1	5	0	27
chr14	35008694	35008773	1	1	1	1	0	32
chr14	35008832	35011508	1	1	1	1	0	27
chr14	35013903	35014743	1	1	1	1	0	17
chr14	35023081	35028087	1	1	1	1	0	29
chr14	35028184	35029060	1	1	1	3	0	30
chr14	35053452	35077149	1	1	1	2	0	5
chr14	35077217	35078926	1	1	1	2	0	20
chr14	35099385	35107303	2	2	1	1	0	13
chr14	35314456	35317248	1	1	1	14	1	42
chr14	35742566	35748584	2	2	1	0	1	32
chr14	35775746	35808729	2	2	1	1	0	5
chr14	35863954	35864934	1	5	1	1	0	17
chr14	35865000	35865721	1	1	1	1	0	10
chr14	36316813	36320459	2	2	1	3	0	32
chr14	37422950	37499907	1	1	1	1	0	5
chr14	39132069	39133660	1	1	1	1	0	41
chr14	39154295	39159482	2	2	1	1	0	18
chr14	39176150	39176526	1	1	1	1	0	14
chr14	39176596	39177411	1	1	1	1	0	9
chr14	39177688	39177840	1	1	1	2	0	40
chr14	39177917	39179090	1	1	1	1	0	16
chr14	39179247	39179323	1	1	1	4	0	43
chr14	45107617	45108414	1	1	1	1	0	37
chr14	45112503	45114182	1	1	1	1	0	3
chr14	45116253	45118027	2	2	1	1	0	43
chr14	45118126	45120886	2	2	1	1	0	19
chr14	45120955	45121484	2	2	1	1	0	19
chr14	45121621	45129793	2	2	1	10	0	37
chr14	45129902	45130698	2	2	1	10	0	34
chr14	45173211	45175070	1	1	1	1	0	16
chr14	45187888	45188801	1	1	1	2	0	18
chr14	45226837	45227662	2	2	1	2	0	9
chr14	45227815	45231140	2	2	1	2	0	46
chr14	45232821	45235813	2	2	1	1	0	15
chr14	45242519	45242760	2	2	1	1	0	18
chr14	47104437	47104468	2	2	1	0	7	43
chr14	49583676	49585949	2	2	1	148	7	44
chr14	49586050	49586284	2	2	1	41	0	40
chr14	49643671	49647292	2	2	1	3	0	34
chr14	49647361	49650264	2	2	1	1	0	5
chr14	49784714	49784924	2	2	1	1	0	41
chr14	49789574	49795790	2	2	1	1	0	30
chr14	49795945	49799474	2	2	1	5	0	42
chr14	49799525	49799635	2	2	1	1	0	29
chr14	49799679	49800419	2	2	1	3	0	41
chr14	49834450	49837334	2	2	1	2	0	36
chr14	49834450	49838138	2	2	1	2	0	42
chr14	49838207	49840717	2	2	1	1	0	6
chr14	50115912	50116068	2	2	1	1	0	23
chr14	50219049	50224226	1	1	1	0	1	30
chr14	50324117	50325608	1	1	1	2	0	28
chr14	50464134	50466582	2	2	1	1	0	37
chr14	50466646	50468650	2	2	1	1	0	5
chr14	50770563	50770851	2	2	1	2	0	23
chr14	50937838	50944160	2	2	1	1	0	31
chr14	51722081	51725778	1	1	1	1	0	5
chr14	51989701	51991316	1	1	1	1	0	32
chr14	52001867	52004193	1	1	1	1	0	23
chr14	52004243	52004361	1	1	1	1	0	20
chr14	52542454	52543397	2	2	1	1	0	15
chr14	52719039	52720860	1	1	1	2	0	33
chr14	54417952	54419991	1	1	1	4	0	44
chr14	54483768	54488924	2	2	1	1	0	36
chr14	54764541	54770103	1	1	1	1	0	43
chr14	54941691	54944331	2	2	1	1	0	12
chr14	54955695	54957033	2	2	1	2	0	26
chr14	54957205	54957591	2	2	1	2	0	17
chr14	55148474	55148593	2	2	1	1	0	29
chr14	55148474	55150798	2	2	1	1	0	30
chr14	55169560	55170701	2	2	1	1	0	13
chr14	55170788	55175345	2	2	1	1	0	43
chr14	55179700	55180655	2	2	1	1	0	37
chr14	55181298	55182369	2	2	1	1	0	3
chr14	55182433	55183559	2	2	1	1	0	26
chr14	55183754	55188941	2	2	1	2	0	41
chr14	55580355	55612018	1	1	1	4	0	22
chr14	55601881	55612018	1	1	1	2	0	23
chr14	55612572	55616516	1	1	1	1	0	28
chr14	55616655	55617963	1	1	1	1	0	37
chr14	55619313	55627911	1	1	1	2	0	37
chr14	55634659	55636448	1	1	1	1	0	37
chr14	55637848	55639184	1	1	1	1	0	21
chr14	55639223	55639912	1	1	1	1	0	33
chr14	55641761	55646972	1	1	1	1	0	23
chr14	55649814	55650327	1	1	1	2	0	4
chr14	55651928	55652849	1	1	1	2	0	6
chr14	55653597	55656041	1	1	1	2	0	27
chr14	55659704	55661521	1	1	1	1	0	36
chr14	55678445	55679564	1	1	1	1	0	32
chr14	55679686	55684098	1	1	1	4	0	43
chr14	57218069	57219321	2	2	1	1	0	34
chr14	58247833	58252118	1	1	1	1	0	21
chr14	58267521	58270417	1	1	1	1	0	21
chr14	58270486	58270933	1	1	1	14	0	33
chr14	58270999	58271850	1	1	1	30	0	45
chr14	58278394	58278525	2	2	1	1	0	22
chr14	58353856	58359131	1	1	1	1	0	12
chr14	58470724	58472198	1	1	1	1	0	24
chr14	59326649	59326932	1	1	1	2	0	44
chr14	59363783	59367428	1	1	1	2	0	15
chr14	60145014	60149352	2	2	1	3	0	20
chr14	60796370	60798086	1	1	1	1	0	18
chr14	60798161	60808324	1	1	1	1	0	18
chr14	60808429	60811986	1	1	1	1	0	46
chr14	60975195	60975474	2	2	1	1	0	29
chr14	61052136	61052348	1	1	1	1	0	28
chr14	61737110	61738086	1	1	1	1	0	29
chr14	61776254	61778071	1	1	1	1	0	13
chr14	63382158	63384443	2	2	1	3	0	45
chr14	63384572	63389611	2	2	1	0	1	19
chr14	63631425	63632097	1	1	1	2	0	30
chr14	63967847	63976562	1	1	1	1	0	31
chr14	63982795	63983736	1	1	1	1	0	35
chr14	63991116	63993834	1	1	1	3	0	10
chr14	63993970	63995043	1	1	1	1	0	27
chr14	64025032	64025129	1	1	1	1	0	44
chr14	64025422	64026578	1	1	1	2	0	19
chr14	64031358	64047999	1	1	1	1	0	19
chr14	64074137	64075944	1	1	1	1	0	36
chr14	64076101	64078465	1	1	1	5	0	41
chr14	64078607	64080455	1	1	1	1	0	40
chr14	64186580	64188549	1	1	1	3	0	25
chr14	64431640	64431786	1	1	1	1	0	30
chr14	64453862	64454722	1	1	1	1	0	31
chr14	64458308	64459758	1	1	1	5	0	41
chr14	64924127	64926009	1	1	1	1	0	6
chr14	64924127	64932137	1	1	1	4	0	30
chr14	64926081	64932137	1	1	1	12	0	46
chr14	67340519	67343371	2	2	1	2	0	45
chr14	67343439	67345767	2	2	1	1	0	30
chr14	67360457	67364766	1	1	1	1	0	25
chr14	67382591	67383314	1	1	1	1	0	23
chr14	67762413	67762671	2	2	1	1	0	12
chr14	68877241	68879961	2	2	1	1	0	13
chr14	68879070	68879961	2	2	1	1	0	33
chr14	68882593	68882872	2	2	1	1	0	12
chr14	68883056	68884167	2	2	1	2	0	36
chr14	68890287	68892052	2	2	1	1	0	21
chr14	69167714	69185167	2	2	1	1	0	15
chr14	69768897	69769181	1	1	1	5	0	31
chr14	69885374	69886034	1	3	1	0	17	34
chr14	70326450	70328165	2	2	1	2	0	29
chr14	70326450	70329173	2	2	1	5	0	29
chr14	70329237	70342657	2	2	1	1	0	27
chr14	73097101	73099379	1	1	1	6	0	35
chr14	73099434	73099666	1	1	1	5	0	30
chr14	73099751	73103191	1	1	1	2	0	28
chr14	73103479	73105858	1	1	1	4	0	46
chr14	73106082	73106195	1	1	1	7	0	45
chr14	73106286	73107825	1	1	1	2	0	14
chr14	73107900	73109341	1	1	1	2	0	4
chr14	73109493	73110830	1	1	1	6	0	38
chr14	73689516	73695901	1	1	1	2	0	35
chr14	73719502	73721296	2	2	1	1	0	13
chr14	73961904	73962969	1	1	1	1	0	32
chr14	74764363	74778446	1	1	1	1	0	4
chr14	74812783	74816202	1	1	1	1	0	44
chr14	74817278	74818230	1	1	1	1	0	13
chr14	75745582	75752892	1	1	1	1	0	34
chr14	76155026	76166662	1	1	1	1	0	38
chr14	77708209	77710837	1	1	1	5	0	38
chr14	77710897	77715771	1	1	1	23	0	38
chr14	77715880	77717479	1	1	1	1	0	38
chr14	77715880	77717495	1	1	1	90	3	44
chr14	77715880	77717501	1	1	1	4	0	36
chr14	77732602	77734946	2	2	1	1	0	5
chr14	77735013	77735936	2	2	1	1	0	21
chr14	77751481	77754966	2	2	1	3	0	29
chr14	81180331	81185530	2	2	1	2	0	44
chr14	81504307	81506073	2	2	1	1	0	20
chr14	88433213	88437542	1	1	1	1	0	41
chr14	89337841	89338690	1	3	1	1	0	44
chr14	89350809	89411933	2	2	1	1	0	22
chr14	90263848	90264040	1	1	1	1	0	42
chr14	90270353	90272272	1	1	1	0	2	6
chr14	90397234	90400064	1	1	1	1	0	3
chr14	90400096	90401258	1	1	1	2	0	31
chr14	90401403	90403861	1	1	1	2	0	41
chr14	90403969	90404378	1	1	1	15	0	42
chr14	90404515	90404688	1	1	1	53	0	46
chr14	90920310	90923112	2	2	1	1	0	24
chr14	91462240	91462734	2	2	1	3	0	41
chr14	91462878	91465249	2	2	1	1	0	38
chr14	91988384	91993808	2	2	1	1	0	8
chr14	92064415	92070934	2	2	1	1	0	7
chr14	92069193	92069487	2	4	1	1	0	46
chr14	92116230	92117497	2	2	1	15	0	40
chr14	92134356	92135366	1	1	1	1	0	11
chr14	92161247	92161651	1	1	1	1	0	30
chr14	92809520	92810253	1	1	1	1	0	16
chr14	92818575	92819707	1	1	1	1	0	36
chr14	93294938	93295969	2	2	1	1	0	34
chr14	94102060	94102476	1	1	1	1	0	38
chr14	94127993	94128513	2	2	1	1	0	13
chr14	95090664	95091033	2	2	1	1	0	4
chr14	95091110	95091202	2	2	1	1	0	12
chr14	95094157	95095824	2	2	1	1	0	17
chr14	95099936	95103345	2	2	1	1	0	29
chr14	95116696	95117621	2	2	1	2	0	26
chr14	95533062	95533692	2	2	1	3	0	41
chr14	96521073	96525309	1	1	1	4	0	42
chr14	96527540	96527952	1	1	1	1	0	11
chr14	96532421	96532510	1	1	1	10	0	39
chr14	96542297	96542773	1	1	1	1	0	40
chr14	96544259	96547796	1	1	1	3	0	33
chr14	96560712	96562818	1	1	1	1	0	21
chr14	96833632	96837761	1	1	1	1	0	25
chr14	96837818	96846094	1	1	1	1	0	11
chr14	96860736	96876029	1	1	1	1	0	16
chr14	98985447	98985477	2	2	1	0	6	43
chr14	99465814	99480727	2	2	1	1	0	38
chr14	99492875	99493513	1	1	1	1	0	37
chr14	99495630	99500765	1	1	1	1	0	29
chr14	99501414	99502206	1	1	1	1	0	32
chr14	99502377	99502718	1	1	1	1	0	29
chr14	100201197	100226709	1	1	1	1	0	13
chr14	100239924	100262303	1	1	1	5	0	44
chr14	100264852	100265252	2	4	1	2	0	39
chr14	101980551	101983018	1	1	1	1	0	19
chr14	101983291	101983381	1	1	1	1	0	31
chr14	101983610	101985686	1	1	1	1	0	9
chr14	102002704	102002791	1	1	1	1	0	42
chr14	102018617	102019892	1	1	1	1	0	19
chr14	102026708	102027173	1	1	1	1	0	5
chr14	102038849	102039000	1	1	1	1	0	37
chr14	102081822	102082110	2	2	1	1	0	29
chr14	102082445	102083033	2	2	1	1	0	9
chr14	102083303	102083545	2	2	1	13	0	45
chr14	102083984	102084398	2	2	1	2	0	34
chr14	102084565	102084680	2	2	1	3	0	29
chr14	102084999	102085297	2	2	1	77	0	43
chr14	102085432	102085757	2	2	1	64	0	43
chr14	102428383	102431795	1	1	1	1	0	21
chr14	102963156	102964501	2	2	1	3	0	20
chr14	102968717	102970150	2	2	1	2	0	45
chr14	102976050	102978125	2	2	1	1	0	44
chr14	103036388	103049943	2	2	1	0	2	45
chr14	103336118	103336676	1	1	1	2	0	27
chr14	103336850	103337115	1	1	1	24	0	41
chr14	103337228	103338326	1	1	1	0	1	19
chr14	103338473	103338734	1	1	1	1	0	23
chr14	103339804	103340426	1	1	1	2	0	11
chr14	103468187	103474992	1	1	1	2	0	24
chr14	103492035	103500155	1	1	1	1	0	18
chr14	103574171	103587273	1	1	1	0	1	3
chr14	103579492	103587273	1	1	1	0	1	3
chr14	103587365	103590180	1	1	1	1	0	19
chr14	103673432	103675551	1	1	1	1	0	27
chr14	103912695	103913960	2	2	1	2	0	21
chr14	103913985	103915065	2	2	1	3	0	24
chr14	104714754	104719327	1	1	1	1	0	25
chr14	104756761	104759427	1	1	1	5	0	44
chr14	105391648	105395060	1	3	1	1	0	26
chr15	20454011	20454539	2	2	1	0	1	45
chr15	20483518	20505390	2	2	1	0	3	45
chr15	22495673	22516875	1	1	1	0	3	45
chr15	22561790	22562948	1	1	1	0	1	27
chr15	22851871	22853211	1	1	1	1	0	6
chr15	22853269	22858539	1	1	1	1	0	29
chr15	23006173	23006267	2	2	1	2	0	14
chr15	23032825	23036896	2	2	1	1	0	36
chr15	23040934	23046449	2	2	1	0	1	39
chr15	23040944	23041205	1	1	1	0	1	43
chr15	23040944	23044398	1	1	1	0	1	43
chr15	23309458	23309606	1	1	1	2	0	22
chr15	24962210	24967931	1	1	1	3	0	42
chr15	24968083	24974310	1	1	1	1	0	43
chr15	24974457	24975357	1	1	1	4	0	44
chr15	24975510	24976304	1	1	1	1	0	26
chr15	24976417	24976876	1	1	1	3	0	27
chr15	24977030	24977777	1	1	1	1	0	6
chr15	24977917	24978192	1	1	1	2	0	9
chr15	24978301	24978412	2	2	1	1	0	32
chr15	24978319	24978406	1	1	1	30	0	42
chr15	25000375	25001357	1	1	1	1	0	23
chr15	25097440	25098716	1	1	1	1	0	21
chr15	25098829	25099144	1	1	1	2	0	16
chr15	25099279	25103858	1	1	1	1	0	20
chr15	25118383	25119064	1	1	1	1	0	21
chr15	25339258	25340084	2	2	1	12	0	43
chr15	25340229	25354352	2	2	1	1	0	29
chr15	25354684	25355891	2	2	1	1	0	24
chr15	26943427	26947933	1	1	1	1	0	30
chr15	28212584	28213741	2	2	1	0	1	27
chr15	28213186	28241792	2	2	1	0	1	24
chr15	28229848	28230366	2	2	1	0	1	45
chr15	28255997	28256088	2	2	1	1	0	39
chr15	28293023	28299401	2	2	1	1	0	19
chr15	28299517	28321361	2	2	1	0	3	45
chr15	28321465	28322074	2	2	1	0	1	12
chr15	28589549	28590157	1	1	1	0	1	12
chr15	28590261	28612058	1	1	1	0	3	45
chr15	28640393	28640921	1	1	1	0	1	45
chr15	28656027	28657186	1	1	1	0	1	27
chr15	28833379	28838687	1	1	1	1	0	41
chr15	29356433	29357742	1	1	1	1	0	44
chr15	29772167	29773232	2	2	1	2	0	38
chr15	34385779	34386624	2	2	1	0	1	29
chr15	34406871	34407523	2	2	1	0	2	33
chr15	34532000	34532845	2	2	1	0	1	29
chr15	34553092	34553744	2	2	1	0	2	33
chr15	34884735	34886525	2	2	1	1	0	36
chr15	34904506	34906544	2	2	1	1	0	19
chr15	35372204	35373520	2	4	1	3	0	45
chr15	36709962	36808323	1	1	1	1	0	25
chr15	38465404	38470226	1	1	1	3	0	46
chr15	39600927	39617734	2	2	1	1	0	14
chr15	39943486	39949115	1	1	1	3	0	21
chr15	39949269	39953903	1	1	1	1	0	7
chr15	40002789	40003192	1	1	1	1	0	42
chr15	40034445	40035026	1	1	1	1	0	43
chr15	40036501	40036985	2	2	1	6	0	33
chr15	40037019	40038281	2	2	1	7	2	33
chr15	40410798	40411259	1	1	1	1	0	33
chr15	40650379	40650543	1	1	1	1	0	29
chr15	40650584	40651470	1	1	1	1	0	23
chr15	40652106	40654908	1	1	1	1	0	32
chr15	40768063	40773726	2	2	1	2	0	12
chr15	40856063	40856275	1	1	1	1	0	8
chr15	40987194	40987815	2	2	1	1	0	19
chr15	41087683	41092026	2	2	1	1	0	15
chr15	41270619	41278766	1	1	1	1	0	11
chr15	41349242	41350987	1	1	1	1	0	17
chr15	41351130	41356038	1	1	1	7	0	37
chr15	41351148	41356038	1	1	1	1	0	35
chr15	41356141	41358148	1	1	1	1	0	45
chr15	41371685	41375711	1	1	1	4	0	37
chr15	41377305	41380092	1	1	1	2	0	33
chr15	41453049	41457671	1	1	1	3	0	18
chr15	41457877	41464770	1	1	1	3	0	31
chr15	41464886	41466140	1	1	1	1	0	12
chr15	41471350	41474619	1	1	1	1	0	6
chr15	41527606	41527859	2	2	1	1	0	28
chr15	41761851	41762128	1	1	1	4	0	15
chr15	42446659	42448071	2	2	1	1	0	6
chr15	42451955	42456957	2	2	1	1	0	16
chr15	42457159	42466052	2	2	1	1	0	13
chr15	42511904	42512954	1	1	1	1	0	21
chr15	43017182	43021274	2	2	1	2	0	8
chr15	43021376	43022701	2	2	1	1	0	40
chr15	43160795	43169592	1	1	1	1	0	10
chr15	43428169	43432193	2	2	1	2	0	42
chr15	43578157	43579018	2	2	1	0	1	38
chr15	43677722	43678589	2	2	1	0	1	38
chr15	43761532	43763076	1	1	1	1	0	11
chr15	43765567	43765886	1	1	1	1	0	9
chr15	43766911	43768488	1	1	1	2	0	16
chr15	43768598	43770249	1	1	1	0	1	4
chr15	43769647	43770249	1	1	1	5	1	20
chr15	43770330	43770522	1	1	1	5	1	41
chr15	43770581	43771104	1	1	1	1	0	29
chr15	43792384	43792974	1	1	1	2	0	46
chr15	43793084	43793709	1	1	1	6	0	26
chr15	43800785	43801131	1	1	1	3	0	36
chr15	43801188	43801517	1	1	1	27	0	43
chr15	43801570	43801710	1	1	1	65	0	45
chr15	43805277	43805375	2	2	1	1	0	44
chr15	43892070	43902174	2	2	1	2	0	25
chr15	44427773	44458990	1	1	1	1	0	21
chr15	44459201	44484223	1	1	1	3	0	44
chr15	44537238	44537323	1	1	1	1	0	8
chr15	44537428	44550875	1	1	1	3	0	27
chr15	44550931	44551430	1	1	1	1	0	10
chr15	44633638	44648865	2	2	1	1	0	34
chr15	45043422	45061066	1	1	1	1	0	36
chr15	45592277	45603103	1	1	1	1	0	40
chr15	48334509	48336045	1	1	1	2	0	15
chr15	48336091	48341288	1	1	1	2	0	32
chr15	48341364	48341514	1	1	1	2	0	18
chr15	48341586	48342021	1	1	1	5	0	32
chr15	48741705	48741946	2	2	1	1	0	17
chr15	48760267	48762390	2	2	1	2	0	42
chr15	49139654	49144226	2	2	1	2	0	40
chr15	50286184	50289482	2	2	1	1	0	35
chr15	50477500	50481480	1	1	1	1	0	6
chr15	50594614	50596254	2	2	1	1	0	41
chr15	50881451	50919104	2	4	1	1	0	26
chr15	51681838	51682516	1	1	1	2	0	8
chr15	51682570	51683078	1	1	1	3	0	39
chr15	51683125	51683218	1	1	1	1	0	7
chr15	51863011	51869216	1	1	1	1	0	27
chr15	51938261	51947291	2	2	1	2	0	25
chr15	51947390	51949807	2	2	1	1	0	31
chr15	51958827	51959898	2	2	1	2	0	40
chr15	51983316	52004264	1	1	1	1	0	36
chr15	52019377	52045829	1	1	1	5	0	31
chr15	52221256	52223543	2	2	1	1	0	14
chr15	52269861	52272579	2	2	1	1	0	28
chr15	52346462	52348817	2	2	1	1	0	9
chr15	52367125	52370168	2	2	1	1	0	40
chr15	52552105	52557099	2	2	1	1	0	27
chr15	52557223	52568847	2	2	1	2	0	31
chr15	55191048	55192719	2	2	1	3	1	41
chr15	55192834	55196809	2	2	1	1	0	18
chr15	55467162	55491122	2	2	1	1	0	15
chr15	55951590	55966472	2	2	1	2	0	39
chr15	56365671	56373440	1	1	1	1	0	19
chr15	56373505	56383951	1	1	1	1	0	9
chr15	56391419	56394164	1	1	1	1	0	45
chr15	56431499	56434137	2	2	1	1	0	36
chr15	56446944	56456393	2	2	1	1	0	5
chr15	56701073	56701172	2	2	1	1	0	29
chr15	57461893	57516779	1	1	1	1	0	40
chr15	58597642	58599597	2	2	1	1	0	23
chr15	58640961	58646054	2	2	1	1	0	32
chr15	58682315	58717576	2	2	1	1	0	21
chr15	58851966	58854481	1	1	1	3	0	17
chr15	58851966	58854484	1	1	1	1	0	39
chr15	58880108	58883625	2	2	1	1	0	34
chr15	58890462	58892896	2	2	1	1	0	26
chr15	58893061	58893278	2	2	1	1	0	12
chr15	58893988	58894089	2	2	1	3	0	26
chr15	58894194	58894432	2	2	1	4	0	25
chr15	58917000	58932355	2	2	1	3	0	30
chr15	58932444	58933403	2	2	1	2	0	45
chr15	59107451	59107556	1	1	1	1	0	3
chr15	59664121	59668891	2	2	1	1	0	4
chr15	60382442	60386027	2	2	1	1	0	6
chr15	62652135	62653161	1	1	1	1	0	15
chr15	63044153	63056984	1	1	1	4	0	44
chr15	63057119	63059562	1	1	1	4	0	26
chr15	63062646	63065895	1	1	1	1	0	39
chr15	63064143	63065895	1	1	1	3	0	20
chr15	63154061	63155620	2	2	1	7	0	34
chr15	63155732	63156412	2	2	1	1	0	11
chr15	63537157	63553714	1	1	1	1	0	31
chr15	63678366	63680076	2	2	1	1	0	34
chr15	64126221	64127173	1	1	1	1	0	41
chr15	64156146	64156724	2	2	1	2	0	28
chr15	64366076	64376742	2	2	1	1	0	4
chr15	64366076	64380957	2	2	1	2	0	4
chr15	64688634	64703028	2	2	1	3	1	42
chr15	64690550	64691433	2	2	1	1	0	25
chr15	65119955	65129031	2	2	1	2	0	18
chr15	65153640	65154781	2	2	1	1	0	24
chr15	65155857	65156843	2	2	1	1	0	26
chr15	65331660	65331940	2	2	1	1	0	8
chr15	65571655	65572234	1	1	1	3	0	35
chr15	65572367	65576302	1	1	1	1	0	33
chr15	66349438	66352814	2	2	1	1	0	20
chr15	66457201	66463564	2	2	1	1	0	30
chr15	66499439	66499507	1	1	1	1	0	29
chr15	66499653	66500055	2	2	1	10	0	38
chr15	66500177	66500292	2	2	1	3	0	17
chr15	66500377	66500948	2	2	1	3	0	21
chr15	66501106	66501374	2	2	1	2	0	27
chr15	66501505	66501787	2	2	1	1	0	10
chr15	66501913	66502611	2	2	1	2	0	18
chr15	66503165	66503357	2	2	1	1	0	14
chr15	66665995	66675361	2	2	1	1	0	44
chr15	68510312	68549764	2	2	1	1	0	28
chr15	68780143	68780409	2	2	1	8	0	40
chr15	68780474	68782955	2	2	1	2	0	19
chr15	68783054	68784396	2	2	1	1	0	22
chr15	68784596	68787412	2	2	1	1	0	36
chr15	69436723	69438247	1	1	1	8	0	44
chr15	69453021	69453646	1	1	1	10	0	42
chr15	69453722	69455169	1	1	1	36	0	41
chr15	69455288	69455427	1	1	1	234	0	46
chr15	70657128	70660150	2	2	1	3	0	15
chr15	70660217	70664661	2	2	1	1	0	19
chr15	70695106	70699526	2	2	1	1	0	6
chr15	71009993	71012803	1	1	1	1	0	37
chr15	71341204	71341562	1	5	1	9	1	30
chr15	72010448	72020917	2	2	1	1	0	14
chr15	72217501	72218943	2	2	1	1	0	10
chr15	72686252	72695176	1	1	1	1	0	4
chr15	72736964	72737477	1	1	1	1	0	34
chr15	73278200	73282963	1	1	1	1	0	20
chr15	74622561	74624901	1	1	1	1	0	25
chr15	74628053	74629973	1	1	1	1	0	21
chr15	74918365	74960774	1	1	1	2	0	45
chr15	74920443	74923647	2	2	1	30	0	46
chr15	74923771	74926765	2	2	1	1	0	28
chr15	74923771	74929115	2	2	1	1	0	42
chr15	75396497	75400039	2	2	1	1	0	15
chr15	75409992	75410133	2	2	1	1	0	29
chr15	75859983	75868950	1	1	1	1	0	33
chr15	76216598	76225848	2	2	1	3	0	24
chr15	76225930	76231332	2	2	1	1	0	11
chr15	76292514	76292618	2	2	1	1	0	15
chr15	76405228	76406621	2	2	1	2	0	39
chr15	77284031	77284957	2	2	1	1	0	10
chr15	77365226	77420005	2	2	1	1	0	14
chr15	78030171	78044899	2	2	1	1	0	11
chr15	78488337	78488646	1	1	1	1	0	37
chr15	78540951	78541904	1	3	1	1	0	26
chr15	78541931	78542176	1	1	1	1	0	12
chr15	78544268	78544868	1	1	1	3	0	23
chr15	78545765	78546574	1	1	1	1	0	12
chr15	78546699	78548789	1	1	1	9	0	43
chr15	78878260	78880511	1	1	1	6	1	20
chr15	78880580	78886140	1	1	1	35	0	45
chr15	78885084	78886140	1	1	1	1	0	7
chr15	78886228	78887268	1	1	1	2	8	38
chr15	78887350	78890988	1	1	1	0	1	7
chr15	78891573	78892211	1	1	1	1	0	18
chr15	78893628	78894057	1	1	1	1	0	20
chr15	78894231	78894819	1	1	1	1	0	33
chr15	79899126	79907628	2	2	1	2	0	7
chr15	80121821	80122699	1	1	1	1	0	26
chr15	80162337	80168051	1	1	1	1	0	39
chr15	80181160	80186129	1	1	1	1	0	26
chr15	80979478	80981949	2	2	1	2	0	43
chr15	82342836	82344807	2	4	1	0	1	25
chr15	82434380	82436330	1	3	1	0	1	46
chr15	82524203	82526348	1	3	1	0	1	46
chr15	82536882	82537921	2	2	1	1	0	30
chr15	82536882	82538305	2	2	1	193	0	46
chr15	82538372	82538879	2	2	1	87	0	45
chr15	82538986	82539980	2	2	1	11	0	45
chr15	82540133	82540425	2	2	1	2	0	20
chr15	83004973	83008547	2	2	1	1	0	19
chr15	83139276	83151214	2	2	1	1	0	40
chr15	83157574	83157902	2	2	1	6	0	40
chr15	83158042	83163998	2	2	1	1	0	10
chr15	84240365	84242511	1	3	1	0	1	46
chr15	84354430	84356575	1	3	1	0	1	46
chr15	84431185	84433330	2	4	1	0	1	25
chr15	84509984	84512130	2	4	1	0	1	25
chr15	84546278	84554965	2	2	1	2	0	24
chr15	84670070	84670724	2	2	1	1	0	27
chr15	85091182	85097947	1	1	1	1	0	24
chr15	85245043	85247089	1	3	1	0	1	46
chr15	85669831	85682157	1	1	1	1	0	26
chr15	85682213	85684740	1	1	1	4	0	13
chr15	85727248	85727380	1	1	1	2	0	32
chr15	88899812	88901550	2	2	1	3	0	11
chr15	88907377	88909791	2	2	1	1	0	44
chr15	89247727	89258703	1	1	1	1	0	24
chr15	89315390	89316396	1	1	1	1	0	36
chr15	89327064	89327166	2	2	1	1	0	22
chr15	89584528	89585707	1	1	1	1	0	27
chr15	90231023	90231094	2	2	1	1	0	41
chr15	90440616	90441505	1	1	1	2	0	17
chr15	90491546	90492544	1	1	1	1	0	24
chr15	90804360	90809136	1	1	1	1	0	20
chr15	90976772	90979157	2	2	1	1	0	3
chr15	90984141	90984692	2	2	1	3	0	31
chr15	92883187	92885514	1	1	1	2	0	13
chr15	92924553	92927243	1	1	1	2	0	36
chr15	92941956	92942842	1	1	1	1	0	28
chr15	92980912	92981364	1	1	1	1	0	30
chr15	92992999	92996956	1	1	1	1	0	29
chr15	92998622	93000511	1	1	1	1	0	41
chr15	93000641	93002176	1	1	1	1	0	27
chr15	93002318	93004616	1	1	1	1	0	37
chr15	101275362	101276540	2	2	1	1	0	21
chr15	101276676	101277341	2	2	1	2	0	10
chr15	101285061	101285725	2	2	1	1	0	13
chr15	101286294	101286907	2	2	1	1	0	18
chr15	101974085	101976424	1	1	1	0	1	4
chr16	189340	189967	2	2	1	1	0	38
chr16	206148	208077	2	2	1	1	0	21
chr16	249655	254380	1	1	1	1	0	23
chr16	399124	399378	1	1	1	1	0	26
chr16	399740	400218	1	1	1	1	0	39
chr16	634645	634718	2	2	1	5	0	15
chr16	634798	634888	2	2	1	2	0	13
chr16	634798	635280	2	2	1	1	0	13
chr16	681881	682019	1	1	1	3	0	21
chr16	682077	682164	1	1	1	2	0	26
chr16	682689	682806	1	1	1	1	0	3
chr16	797752	797838	1	1	1	3	0	32
chr16	1320518	1324729	1	1	1	1	0	41
chr16	1770767	1770888	2	2	1	1	0	28
chr16	1772514	1772603	2	2	1	1	0	34
chr16	1772647	1772798	2	2	1	1	0	15
chr16	1961637	1961796	1	1	1	6	0	28
chr16	1962271	1962496	2	2	1	130	0	44
chr16	1962657	1962735	2	2	1	2	0	41
chr16	1962910	1963148	2	2	1	4	0	37
chr16	1963257	1964275	2	2	1	0	1	44
chr16	1964366	1964448	2	2	1	4	0	22
chr16	1965130	1965405	1	1	1	3	0	33
chr16	1978472	1978551	1	1	1	5	0	41
chr16	2040048	2040132	2	2	1	1	0	16
chr16	2086872	2087862	1	1	1	2	0	44
chr16	2118846	2119113	2	2	1	0	1	25
chr16	2154923	2155142	2	2	1	4	0	45
chr16	2240146	2243045	2	2	1	2	0	15
chr16	2249189	2293680	1	1	1	1	0	41
chr16	2262432	2262739	2	2	1	1	0	26
chr16	2264761	2268054	2	2	1	1	0	36
chr16	2756607	2757471	1	1	1	1	0	6
chr16	2757580	2757780	1	1	1	8	0	42
chr16	2757946	2758469	1	1	1	4	0	40
chr16	2758548	2758984	1	1	1	1	0	18
chr16	2759048	2759139	1	1	1	1	0	11
chr16	2770466	2770603	1	1	1	1	0	34
chr16	2770718	2770857	1	1	1	2	0	9
chr16	2772103	2775450	2	2	1	32	3	44
chr16	2772103	2776992	2	2	1	1	0	3
chr16	2775557	2776992	2	2	1	1	0	26
chr16	2777128	2777236	2	2	1	1	0	8
chr16	2896726	2899161	1	3	1	2	0	31
chr16	2972369	2972630	2	2	1	2	0	22
chr16	2973065	2973137	2	2	1	1	0	34
chr16	3026414	3026515	1	1	1	2	0	10
chr16	3027501	3027576	1	1	1	8	0	44
chr16	3057395	3057530	1	1	1	1	0	37
chr16	3404649	3404908	1	1	1	3	0	41
chr16	3512479	3515507	1	1	1	1	0	43
chr16	3657817	3657905	1	1	1	1	0	23
chr16	3658231	3658792	2	2	1	4	0	34
chr16	3662968	3663423	2	2	1	2	0	46
chr16	3671792	3672699	2	2	1	1	0	18
chr16	3736204	3736649	2	2	1	2	0	37
chr16	3751807	3757287	2	2	1	1	0	41
chr16	3781307	3782683	2	2	1	1	0	40
chr16	4340406	4340919	2	2	1	10	0	46
chr16	4340986	4341367	2	2	1	3	0	31
chr16	4341505	4343206	2	2	1	1	0	40
chr16	4354686	4354839	1	1	1	1	0	37
chr16	4461730	4461975	2	4	1	2	0	35
chr16	4461960	4463419	2	4	1	0	1	3
chr16	4461960	4463659	2	2	1	0	1	3
chr16	4461960	4463677	2	2	1	0	1	3
chr16	4832913	4845073	2	2	1	2	0	17
chr16	4845154	4846173	2	2	1	1	0	9
chr16	4858077	4858567	1	1	1	1	0	17
chr16	5085733	5089106	2	2	1	1	0	7
chr16	8644726	8646107	1	1	1	2	0	44
chr16	8806408	8811078	1	1	1	1	0	42
chr16	8902483	8903267	2	2	1	1	0	43
chr16	8904566	8905186	2	2	1	1	0	25
chr16	8915345	8915444	2	2	1	2	0	39
chr16	8915526	8916501	2	2	1	2	0	23
chr16	8916557	8917025	2	2	1	1	0	14
chr16	8917157	8919030	2	2	1	1	0	5
chr16	8919140	8920358	2	2	1	2	0	12
chr16	10743883	10743960	1	1	1	2	0	33
chr16	10761475	10761756	1	1	1	1	0	8
chr16	10929075	10929216	2	2	1	1	0	36
chr16	11756371	11758430	2	2	1	1	0	32
chr16	11758540	11761405	2	2	1	3	0	41
chr16	11838114	11839694	2	2	1	2	0	18
chr16	11839986	11841694	2	2	1	4	0	28
chr16	11841818	11841906	2	2	1	1	0	39
chr16	11841821	11841906	2	2	1	6	0	35
chr16	11842001	11846500	2	2	1	2	0	14
chr16	11850419	11851407	2	2	1	1	0	45
chr16	11876176	11877406	2	2	1	1	0	5
chr16	11886932	11887569	2	2	1	2	0	38
chr16	11891140	11894953	2	2	1	5	0	33
chr16	11894988	11896557	2	2	1	7	0	36
chr16	13357784	13357814	1	1	1	0	4	43
chr16	14555710	14580873	2	2	1	1	0	35
chr16	14593379	14599903	2	2	1	1	0	26
chr16	14609124	14610643	2	2	1	1	0	29
chr16	14617651	14627105	2	2	1	1	0	41
chr16	14917805	14918072	1	1	1	0	1	25
chr16	14937651	14941811	1	1	1	0	1	14
chr16	15018966	15022703	1	1	1	1	0	25
chr16	15104409	15104479	1	1	1	2	0	12
chr16	15137924	15138191	2	2	1	0	1	25
chr16	15434760	15515304	1	1	1	1	0	33
chr16	16316456	16316723	1	1	1	0	1	25
chr16	16336138	16340305	1	1	1	0	1	14
chr16	16356489	16356756	1	1	1	0	1	25
chr16	18351944	18352211	2	2	1	0	1	25
chr16	18368387	18372577	2	2	1	0	1	14
chr16	18395425	18395692	2	2	1	0	1	25
chr16	18783103	18784737	2	2	1	144	23	45
chr16	18784824	18788062	2	2	1	37	0	44
chr16	18788143	18788980	2	2	1	2	0	5
chr16	18793371	18794598	2	2	1	8	0	41
chr16	18794684	18795463	2	2	1	2	0	37
chr16	18795582	18797924	2	2	1	2	0	21
chr16	18798045	18798700	2	2	1	1	0	13
chr16	18798835	18801430	2	2	1	2	0	25
chr16	18842455	18845428	2	2	1	1	0	45
chr16	18860777	18863649	2	2	1	0	3	17
chr16	18876394	18877130	2	2	1	0	1	32
chr16	18877233	18879494	2	2	1	0	2	45
chr16	19223166	19224682	1	1	1	1	0	24
chr16	19224839	19266879	1	1	1	1	0	10
chr16	19640101	19642395	1	1	1	1	0	14
chr16	19715038	19718157	2	2	1	1	0	17
chr16	20737957	20738896	2	2	1	1	0	18
chr16	20780858	20780973	1	1	1	1	0	28
chr16	21411342	21414956	2	2	1	0	1	34
chr16	21449699	21452581	2	2	1	0	5	38
chr16	21455508	21455675	2	2	1	0	2	31
chr16	21464818	21467091	2	2	1	0	2	45
chr16	21542261	21570358	2	2	1	1	0	34
chr16	21819482	21820294	2	2	1	1	0	25
chr16	21843794	21847412	2	2	1	0	1	34
chr16	21881952	21884823	2	2	1	0	3	17
chr16	21887749	21887916	2	2	1	0	2	31
chr16	21896617	21898886	2	2	1	0	2	45
chr16	21962886	21965407	1	1	1	2	0	36
chr16	21976244	21980546	1	1	1	1	0	23
chr16	21980701	21983087	1	1	1	1	0	3
chr16	22237126	22262274	1	1	1	1	0	21
chr16	22422215	22429795	2	2	1	2	0	3
chr16	22471853	22474124	1	1	1	0	2	45
chr16	22483228	22483395	1	1	1	0	2	31
chr16	22486323	22489205	1	1	1	0	5	38
chr16	22498664	22542785	2	4	1	1	0	13
chr16	22523949	22527565	1	1	1	0	1	34
chr16	22534341	22534580	2	2	1	1	0	40
chr16	23581174	23582275	2	2	1	19	0	44
chr16	23582376	23585335	2	2	1	6	0	20
chr16	23585424	23587196	2	2	1	1	0	27
chr16	23585424	23596122	2	2	1	1	0	31
chr16	23689393	23689493	1	1	1	2	0	10
chr16	24729847	24730252	1	1	1	5	0	33
chr16	24730301	24750725	1	1	1	2	0	14
chr16	24794720	24795906	1	1	1	1	0	13
chr16	25140248	25151553	1	1	1	1	0	32
chr16	25196508	25262163	1	1	1	2	0	36
chr16	26031899	26032658	2	2	1	0	1	6
chr16	27226837	27233000	2	2	1	2	0	36
chr16	27497822	27498629	2	4	1	1	0	19
chr16	27545524	27549669	2	2	1	1	0	24
chr16	28101946	28104545	2	2	1	1	0	38
chr16	28379881	28379975	2	2	1	0	27	41
chr16	28390646	28390839	2	2	1	0	1	39
chr16	28392143	28399870	2	2	1	0	2	22
chr16	28590936	28591589	1	1	1	1	0	34
chr16	28592141	28592262	2	2	1	0	1	26
chr16	28605934	28606055	2	2	1	0	1	26
chr16	28617685	28617807	1	3	1	1	0	42
chr16	28715435	28723163	1	1	1	0	2	22
chr16	28724464	28724657	1	1	1	0	1	39
chr16	28735336	28735430	1	1	1	0	27	41
chr16	29390349	29393947	2	2	1	0	1	34
chr16	29428412	29431278	2	2	1	0	3	17
chr16	29431481	29431628	2	2	1	0	1	8
chr16	29432068	29433541	2	2	1	0	2	45
chr16	29443689	29444397	2	2	1	0	4	32
chr16	29444500	29446801	2	2	1	0	2	45
chr16	29449238	29449520	1	1	1	0	1	15
chr16	29453733	29454015	2	2	1	0	14	42
chr16	29454114	29454190	2	2	1	0	5	42
chr16	29457760	29457927	1	1	1	0	3	40
chr16	29458016	29458094	1	1	1	0	3	44
chr16	29464341	29464462	1	1	1	0	1	26
chr16	29491875	29495478	2	2	1	0	1	34
chr16	29533247	29533394	2	2	1	0	1	8
chr16	29545451	29546165	2	2	1	0	4	32
chr16	29546268	29548537	2	2	1	0	1	19
chr16	29662069	29662559	1	3	1	1	0	29
chr16	29805027	29805114	1	1	1	3	0	40
chr16	29805175	29805262	1	1	1	8	0	43
chr16	29971579	29972949	1	1	1	5	0	33
chr16	29972141	29972949	1	1	1	2	0	20
chr16	30067662	30068645	1	1	1	2	0	32
chr16	30068701	30068817	1	1	1	1	0	30
chr16	30069652	30070330	0	0	1	6	0	42
chr16	30069674	30069829	1	1	1	1	0	13
chr16	30070030	30070116	1	1	1	4	0	19
chr16	30070219	30070277	1	1	1	5	0	4
chr16	30188577	30188859	1	1	1	0	1	15
chr16	30193075	30193357	2	2	1	0	14	42
chr16	30193456	30193532	2	2	1	0	5	42
chr16	30197102	30197269	1	1	1	0	3	40
chr16	30197358	30197436	1	1	1	0	3	44
chr16	30203686	30203807	1	1	1	0	1	26
chr16	30231848	30235450	2	2	1	0	1	34
chr16	30273231	30273378	2	2	1	0	1	8
chr16	30285458	30286166	2	2	1	0	4	32
chr16	30286269	30288560	2	2	1	0	1	19
chr16	30354323	30354603	2	2	1	1	0	19
chr16	30887991	30888859	2	2	1	2	0	27
chr16	31034326	31034461	1	1	1	1	0	25
chr16	31112028	31112120	1	1	1	1	0	23
chr16	31130901	31131194	1	1	1	1	0	28
chr16	31184397	31184938	1	1	1	2	0	18
chr16	31190142	31190274	1	1	1	1	0	43
chr16	31190399	31190741	1	1	1	1	0	34
chr16	31190828	31191077	1	1	1	1	0	33
chr16	31190843	31190962	1	1	1	2	0	45
chr16	31191111	31191398	1	1	1	38	0	44
chr16	31201670	31201776	1	3	1	1	0	29
chr16	31723354	31753765	1	1	1	1	0	22
chr16	31753901	31759356	1	1	1	1	0	8
chr16	31885257	31914475	1	1	1	2	0	8
chr16	46672473	46674313	2	2	1	1	0	28
chr16	46679157	46680670	2	2	1	2	0	37
chr16	46695675	46696016	1	1	1	2	0	42
chr16	46884959	46897647	1	1	1	1	0	25
chr16	48252366	48256609	1	1	1	1	0	31
chr16	48593779	48595367	1	3	1	1	0	25
chr16	50319267	50319886	2	2	1	5	0	43
chr16	50340087	50350022	2	2	1	0	2	43
chr16	50368299	50368725	2	2	1	4	0	43
chr16	53245480	53245594	1	1	1	2	0	24
chr16	53658465	53658771	2	2	1	1	0	10
chr16	53658879	53664869	2	2	1	1	0	17
chr16	53673017	53675016	2	2	1	1	0	5
chr16	54919210	54920297	2	2	1	1	0	29
chr16	56432734	56434330	2	2	1	2	0	42
chr16	56434446	56434753	2	2	1	1	0	37
chr16	56441380	56443319	1	1	1	1	0	22
chr16	56441488	56442452	2	4	1	1	0	44
chr16	56466968	56467164	1	1	1	1	0	13
chr16	56658741	56659072	1	1	1	1	0	4
chr16	56683231	56683957	1	1	1	4	0	22
chr16	56833407	56834127	1	1	1	1	0	24
chr16	56837727	56838951	1	1	1	1	0	44
chr16	56841834	56844498	1	1	1	1	0	36
chr16	57146322	57147550	1	1	1	1	0	37
chr16	57172373	57172775	2	2	1	2	0	44
chr16	57172875	57173727	2	2	1	2	0	33
chr16	57231320	57235123	1	1	1	1	0	32
chr16	57235229	57238878	1	1	1	2	0	34
chr16	57432561	57434043	2	2	1	1	0	37
chr16	57469294	57469709	1	1	1	2	0	27
chr16	57985547	57985908	1	1	1	1	0	19
chr16	58278638	58279690	1	1	1	1	0	20
chr16	58534396	58536967	2	2	1	2	0	5
chr16	58551273	58551588	2	2	1	1	0	43
chr16	58716180	58716662	2	2	1	1	0	6
chr16	58718689	58719195	2	2	1	1	0	15
chr16	66563218	66565885	1	1	1	4	0	31
chr16	66738378	66738772	1	3	1	0	1	20
chr16	66803119	66805776	2	2	1	2	0	21
chr16	66805827	66805911	2	2	1	1	0	35
chr16	66806027	66808520	2	2	1	1	0	25
chr16	66809076	66810373	2	2	1	2	0	43
chr16	66810414	66810696	2	2	1	1	0	40
chr16	66813698	66813786	2	2	1	1	0	42
chr16	66817488	66818527	2	2	1	2	0	42
chr16	66932301	66932779	2	2	1	1	0	12
chr16	67174945	67175046	1	1	1	1	0	27
chr16	67227932	67228354	1	1	1	1	0	20
chr16	67230792	67231187	2	2	1	1	0	28
chr16	67292021	67298140	2	2	1	0	1	38
chr16	67438871	67438970	2	2	1	1	0	35
chr16	67629534	67636689	1	1	1	1	0	45
chr16	67657317	67657405	1	1	1	1	0	19
chr16	67657685	67657761	2	2	1	3	0	9
chr16	67828391	67828473	2	2	1	1	0	22
chr16	67863470	67891582	2	2	1	0	1	21
chr16	67934672	67934796	2	2	1	9	0	42
chr16	67934949	67935419	2	2	1	3	0	16
chr16	68356798	68357053	1	1	1	3	0	44
chr16	69137886	69139824	1	1	1	2	0	19
chr16	69167186	69168820	1	1	1	1	0	20
chr16	69299775	69300831	1	1	1	2	0	45
chr16	69655800	69659726	1	1	1	2	0	22
chr16	69695380	69696359	1	1	1	1	0	14
chr16	69710102	69710236	1	1	1	1	0	34
chr16	69735991	69740487	2	4	1	1	0	46
chr16	69749631	69752240	2	2	1	1	0	20
chr16	70227552	70229016	2	2	1	0	1	45
chr16	70253801	70253918	2	2	1	1	0	22
chr16	70272404	70275660	1	3	1	1	0	32
chr16	70325689	70329291	1	1	1	1	0	16
chr16	70330069	70331721	1	1	1	0	1	33
chr16	70333160	70333520	1	1	1	0	1	3
chr16	70366862	70370222	1	1	1	0	1	33
chr16	70371564	70371924	1	1	1	0	1	3
chr16	70554598	70555050	1	1	1	1	0	18
chr16	70564051	70565064	1	1	1	1	0	41
chr16	70565525	70567410	1	1	1	1	0	4
chr16	71655646	71657537	1	1	1	0	1	45
chr16	71895590	71915625	1	1	1	1	0	23
chr16	71915729	71916461	1	1	1	1	0	31
chr16	74302293	74304302	1	1	1	3	0	33
chr16	74304395	74305288	1	1	1	1	0	6
chr16	74452132	74453170	2	2	1	3	0	25
chr16	74462196	74462487	2	2	1	1	0	45
chr16	74465814	74467755	2	2	1	2	0	42
chr16	74467849	74468945	2	2	1	1	0	12
chr16	74637971	74644361	2	2	1	3	0	9
chr16	74949799	74951457	2	2	1	2	0	17
chr16	75411953	75412534	2	2	1	2	0	33
chr16	75627994	75628568	2	2	1	5	0	15
chr16	75628713	75629414	2	2	1	2	0	28
chr16	75654398	75656206	1	1	1	1	0	15
chr16	77212647	77212856	1	1	1	1	0	17
chr16	81020277	81022754	1	1	1	4	0	42
chr16	81082964	81084462	2	2	1	0	4	43
chr16	81084595	81087600	2	2	1	0	2	40
chr16	81445542	81607566	1	1	1	1	0	21
chr16	82151515	82164081	2	2	1	1	0	25
chr16	83808747	83809304	1	5	1	1	0	30
chr16	83809426	83811420	1	1	1	4	0	43
chr16	84093298	84093710	2	2	1	1	0	31
chr16	84590263	84617500	2	2	1	0	1	5
chr16	84740370	84744632	1	1	1	2	0	38
chr16	85668425	85670994	1	1	1	2	0	40
chr16	85805105	85805732	1	1	1	3	0	33
chr16	85805865	85806737	1	1	1	2	0	42
chr16	86741190	86741404	1	1	1	1	0	28
chr16	87690527	87696579	1	1	1	1	0	33
chr16	87708076	87708349	2	2	1	1	0	40
chr16	87859770	87907755	2	2	1	1	0	40
chr16	87984965	87985466	1	1	1	0	1	3
chr16	88038012	88065266	1	1	1	1	0	24
chr16	88586685	88598177	1	1	1	1	0	41
chr16	88662168	88662711	2	2	1	1	0	33
chr16	88714738	88714859	1	1	1	1	0	13
chr16	88714927	88715047	1	1	1	1	0	12
chr16	88715107	88715181	1	1	1	2	0	38
chr16	88809707	88810069	2	2	1	1	0	14
chr16	88810149	88810422	2	2	1	1	0	29
chr16	88859973	88860913	1	1	1	4	0	39
chr16	89285650	89286038	2	2	1	1	0	11
chr16	89560713	89560939	1	1	1	2	0	41
chr16	89561369	89561577	1	1	1	1	0	22
chr16	89561599	89561739	1	1	1	4	0	6
chr16	89561655	89561736	1	1	1	3	0	15
chr16	89561752	89562334	1	1	1	37	0	45
chr16	89562392	89562883	1	1	1	81	0	45
chr16	89738709	89738881	2	2	1	1	0	22
chr17	771462	775774	2	2	1	1	0	25
chr17	775920	776867	2	2	1	1	0	32
chr17	1010864	1011845	2	2	1	1	0	31
chr17	1344717	1344825	1	1	1	1	0	17
chr17	1362009	1364858	2	2	1	3	0	40
chr17	1365059	1400046	2	2	1	13	0	43
chr17	1467578	1467839	2	2	1	1	0	33
chr17	1495880	1496059	2	2	1	1	0	11
chr17	1538953	1541565	2	2	1	2	0	19
chr17	1650957	1651107	2	2	1	1	0	11
chr17	1655544	1656391	2	2	1	1	0	20
chr17	1679207	1679290	2	2	1	1	0	7
chr17	2333125	2333556	2	2	1	1	0	12
chr17	2334897	2335259	2	2	1	1	0	4
chr17	2417152	2418568	2	2	1	1	0	35
chr17	2638321	2665371	1	1	1	1	0	22
chr17	2665457	2666015	1	1	1	3	0	29
chr17	2680321	2681728	1	1	1	4	0	44
chr17	2703490	2704361	2	2	1	1	0	32
chr17	4545762	4545845	2	2	1	1	0	5
chr17	4671532	4671690	2	2	1	18	0	44
chr17	4797812	4798008	1	1	1	2	0	43
chr17	4798154	4798279	1	1	1	25	0	43
chr17	4945998	4946627	2	2	1	2	0	38
chr17	4960548	4960785	2	2	1	1	0	17
chr17	5386270	5386707	2	2	1	4	0	44
chr17	5394982	5399551	2	2	1	1	0	19
chr17	5422830	5432541	1	1	1	2	0	42
chr17	5428212	5432541	1	1	1	1	0	20
chr17	5433165	5433292	2	2	1	2	0	46
chr17	5433416	5433668	2	2	1	2	0	29
chr17	5433768	5434872	2	2	1	3	0	19
chr17	6641835	6642248	1	1	1	6	0	29
chr17	6642325	6642950	1	1	1	22	0	43
chr17	7220530	7220603	1	1	1	0	1	20
chr17	7309801	7311017	1	1	1	0	1	29
chr17	7311641	7312270	2	4	1	0	1	43
chr17	7312840	7313028	2	2	1	3	0	26
chr17	7403210	7403309	2	2	1	1	0	7
chr17	7577707	7577826	1	1	1	2	0	3
chr17	7577917	7578164	1	1	1	2	0	24
chr17	7578245	7578341	1	1	1	11	0	45
chr17	7626615	7626752	2	2	1	1	0	3
chr17	7708278	7708331	1	1	1	1	0	30
chr17	7856844	7856984	2	2	1	2	0	32
chr17	7856844	7857014	2	2	1	5	0	43
chr17	8141341	8141804	2	2	1	1	0	24
chr17	8377668	8379902	0	0	1	4	0	34
chr17	8377693	8379795	2	2	1	133	57	46
chr17	8379937	8382142	2	2	1	5	7	36
chr17	8382316	8383156	2	2	1	1	0	16
chr17	8436046	8444259	1	1	1	1	0	44
chr17	8492510	8492775	2	2	1	1	0	29
chr17	8499477	8500825	2	2	1	2	0	43
chr17	8506490	8508553	2	2	1	1	0	38
chr17	8508678	8509811	2	2	1	1	0	30
chr17	8512658	8513537	2	2	1	14	0	43
chr17	8513895	8518630	2	2	1	1	0	7
chr17	8518792	8518880	2	2	1	3	0	24
chr17	8518951	8520877	2	2	1	1	0	39
chr17	9250646	9378551	2	2	1	3	0	25
chr17	14074457	14076734	1	1	1	2	0	43
chr17	15553830	15555281	2	2	1	0	1	13
chr17	15977914	15978043	2	2	1	2	0	37
chr17	16002832	16003830	1	1	1	2	0	27
chr17	16003888	16004200	1	1	1	6	0	36
chr17	16004263	16006473	1	1	1	5	0	32
chr17	16041528	16041850	2	4	1	1	0	45
chr17	16126207	16137310	2	2	1	4	0	37
chr17	16137413	16138157	2	2	1	9	0	45
chr17	16138213	16139007	2	2	1	2	0	39
chr17	16143697	16146375	2	2	1	1	0	19
chr17	16146549	16149450	2	2	1	2	0	37
chr17	16153396	16158759	2	2	1	3	0	40
chr17	16381185	16381901	1	1	1	1	0	38
chr17	16382131	16382358	1	1	1	1	0	32
chr17	16440254	16441073	1	1	1	1	0	16
chr17	16720659	16727526	1	1	1	0	1	6
chr17	17176513	17177249	1	1	1	1	0	30
chr17	17505849	17506226	2	2	1	1	0	9
chr17	18058970	18061844	1	1	1	2	0	8
chr17	18061976	18065179	1	1	1	2	0	8
chr17	18104682	18106432	1	1	1	1	0	29
chr17	18242603	18244751	1	1	1	1	0	39
chr17	18245420	18245554	2	2	1	1	0	9
chr17	18335676	18340042	2	2	1	1	0	40
chr17	18572791	18572838	1	1	1	0	1	17
chr17	18587880	18594720	2	2	1	0	1	6
chr17	18611116	18702519	2	2	1	3	0	14
chr17	18789436	18790895	1	1	1	0	1	13
chr17	18865565	18865801	1	1	1	2	0	31
chr17	19237532	19281954	1	1	1	1	0	9
chr17	19282078	19282949	1	1	1	2	0	30
chr17	19671957	19675557	1	1	1	2	0	11
chr17	20205913	20227412	1	1	1	1	0	40
chr17	28577771	28578009	2	2	1	4	0	46
chr17	28578529	28578671	2	2	1	1	0	9
chr17	28609169	28609950	1	3	1	1	0	26
chr17	28615799	28616095	2	2	1	1	0	45
chr17	28639461	28639574	2	2	1	1	0	37
chr17	28714711	28714792	2	2	1	1	0	20
chr17	28720031	28720706	1	1	1	1	0	27
chr17	28720891	28722722	1	1	1	0	4	34
chr17	28722900	28723570	1	1	1	131	1	46
chr17	28723641	28723866	1	1	1	119	9	45
chr17	29508133	29510863	1	1	1	2	0	42
chr17	29510993	29517452	1	1	1	1	0	10
chr17	29560700	29707056	1	3	1	1	1	20
chr17	29569963	29570437	1	3	1	0	1	24
chr17	29573671	29573952	1	1	1	1	0	25
chr17	29635450	29676425	1	3	1	1	0	23
chr17	30118174	30172541	1	1	1	1	0	27
chr17	30156663	30172541	1	1	1	1	0	17
chr17	30172599	30178070	1	1	1	8	0	34
chr17	30178200	30179089	1	1	1	2	0	20
chr17	30179298	30180907	1	1	1	1	0	25
chr17	30271389	30272560	2	2	1	1	0	38
chr17	30272900	30274041	2	2	1	1	0	24
chr17	30490218	30492678	1	1	1	1	0	24
chr17	30589992	30636477	2	2	1	1	0	36
chr17	30633391	30633993	1	1	1	1	0	45
chr17	30735098	30743300	1	1	1	0	1	12
chr17	30743370	30759490	1	1	1	0	1	11
chr17	30786538	30787438	1	1	1	1	0	42
chr17	31032507	31033923	1	1	1	1	0	17
chr17	31034419	31034593	2	2	1	6	0	40
chr17	31201486	31206239	1	1	1	1	0	9
chr17	31230926	31232072	1	1	1	2	0	38
chr17	31236022	31248983	1	1	1	3	0	11
chr17	31868113	31873377	2	2	1	2	0	31
chr17	31886062	31887235	2	2	1	1	0	11
chr17	31940487	31947616	1	1	1	0	1	12
chr17	31947686	31966146	1	1	1	0	1	11
chr17	31988498	31993241	1	1	1	3	0	45
chr17	32480632	32480752	1	1	1	12	0	40
chr17	32638836	32653842	2	2	1	1	0	17
chr17	32936448	32939476	1	1	1	2	0	39
chr17	35587598	35594007	1	1	1	2	0	38
chr17	35756420	35757260	2	2	1	2	0	37
chr17	35827581	35851128	2	4	1	2	0	19
chr17	35834599	35836131	1	1	1	1	0	17
chr17	35844369	35844719	1	1	1	1	0	27
chr17	35845039	35846905	1	1	1	2	0	36
chr17	36318882	36320486	1	1	1	0	1	21
chr17	36579420	36581343	1	1	1	1	0	37
chr17	36585966	36586049	1	1	1	4	0	43
chr17	37401673	37401808	2	2	1	1	0	24
chr17	37613975	37614118	2	2	1	1	0	26
chr17	37619840	37620872	2	2	1	4	0	29
chr17	37620949	37621126	2	2	1	4	0	42
chr17	37621278	37621397	2	2	1	1	0	11
chr17	37633419	37642109	2	2	1	1	0	39
chr17	37642309	37643333	2	2	1	2	0	45
chr17	38122965	38124569	1	1	1	0	1	21
chr17	38195941	38197545	2	2	1	0	1	21
chr17	38482679	38486061	1	1	1	1	0	16
chr17	38755991	38762410	1	1	1	1	0	20
chr17	38760572	38762410	1	1	1	1	0	26
chr17	38760609	38762410	1	1	1	14	0	40
chr17	38762506	38764118	1	1	1	24	0	45
chr17	38771273	38777686	2	2	1	1	0	16
chr17	38810596	38812794	2	2	1	1	0	8
chr17	38812865	38814860	2	2	1	2	0	14
chr17	38850200	38850361	2	2	1	1	0	31
chr17	38850215	38850361	2	2	1	250	1	46
chr17	38850476	38852603	2	2	1	41	0	42
chr17	38852733	38853021	2	2	1	6	0	25
chr17	39201320	39202316	1	1	1	1	0	16
chr17	39202440	39202988	1	1	1	2	0	29
chr17	39203110	39204076	1	1	1	6	0	42
chr17	39204188	39204524	1	1	1	69	0	46
chr17	39728186	39728472	2	2	1	1	1	39
chr17	39997381	39997503	1	1	1	3	0	34
chr17	40026747	40026855	2	2	1	1	0	25
chr17	40140780	40141206	1	1	1	1	0	28
chr17	40141235	40141569	1	1	1	1	0	26
chr17	40294057	40294363	1	1	1	1	0	25
chr17	40301031	40301467	1	1	1	1	0	18
chr17	40301609	40301911	1	1	1	3	0	43
chr17	40389648	40389964	2	2	1	2	0	27
chr17	40392342	40392584	2	2	1	1	0	41
chr17	40392738	40395448	2	2	1	3	0	27
chr17	40395540	40396282	2	2	1	12	0	29
chr17	40396466	40398557	2	2	1	10	0	43
chr17	40398642	40398772	2	2	1	1	0	14
chr17	40401082	40402905	2	2	1	1	0	16
chr17	40406943	40407548	2	2	1	1	0	38
chr17	40628994	40630713	2	2	1	0	1	4
chr17	40631694	40632194	2	2	1	1	0	6
chr17	40636527	40637491	2	2	1	5	0	35
chr17	40637573	40642454	2	2	1	2	0	30
chr17	41689942	41690087	1	1	1	2	0	19
chr17	41690190	41690781	1	1	1	13	0	43
chr17	41817204	41818088	1	1	1	1	0	43
chr17	41821090	41821653	1	1	1	1	0	9
chr17	41867905	41868708	2	2	1	1	0	18
chr17	41869588	41871688	2	2	1	2	0	21
chr17	41887704	41892278	2	2	1	1	0	21
chr17	41974156	41975054	2	2	1	1	0	16
chr17	41987911	41988731	2	2	1	4	0	41
chr17	41988897	41989403	2	2	1	1	0	8
chr17	41989558	41990263	2	2	1	2	0	32
chr17	41996425	41997114	2	2	1	1	0	42
chr17	42117162	42117387	2	2	1	1	0	25
chr17	42614658	42614843	1	1	1	1	0	29
chr17	42950729	42951799	2	2	1	2	0	36
chr17	42998832	42999932	1	1	1	5	0	44
chr17	42998832	43002672	1	1	1	0	1	3
chr17	43000103	43002672	1	1	1	72	1	46
chr17	43002784	43002871	1	1	1	173	0	45
chr17	43028677	43029089	1	1	1	1	0	45
chr17	43203787	43209900	1	1	1	1	0	19
chr17	43484186	43489448	1	1	1	1	0	35
chr17	43489535	43490390	1	1	1	1	0	10
chr17	43810916	43811111	2	2	1	1	0	6
chr17	44047478	44081483	2	2	1	2	0	19
chr17	44078416	44078499	2	2	1	2	0	16
chr17	44078666	44078794	2	2	1	1	0	44
chr17	44210474	44210791	2	2	1	2	0	7
chr17	44211748	44211872	2	2	1	2	0	3
chr17	44679044	44680584	2	2	1	1	0	8
chr17	44683960	44689549	2	2	1	1	0	44
chr17	44851370	44851709	2	2	1	1	0	5
chr17	44883725	44885255	2	2	1	1	0	31
chr17	45061461	45081643	1	1	1	2	0	24
chr17	47142437	47143882	2	2	1	1	0	17
chr17	47143983	47151805	2	2	1	4	0	42
chr17	47590882	47592484	1	1	1	0	1	21
chr17	47599740	47601607	1	1	1	1	0	34
chr17	47612603	47613668	1	1	1	1	0	46
chr17	47618458	47619008	1	1	1	1	0	32
chr17	47658598	47683481	2	2	1	1	0	29
chr17	47678190	47678307	1	1	1	1	0	43
chr17	47680135	47680507	1	1	1	1	0	19
chr17	47680670	47682403	1	1	1	3	0	27
chr17	48048463	48050606	1	1	1	4	0	35
chr17	48076179	48076864	2	2	1	4	0	45
chr17	48852629	48852925	1	1	1	1	0	15
chr17	48894450	48895155	1	1	1	1	0	13
chr17	48895335	48895654	1	1	1	5	0	23
chr17	48930613	48931642	2	2	1	1	0	38
chr17	48931718	48933204	2	2	1	1	0	42
chr17	48937125	48940923	2	2	1	1	0	4
chr17	49040092	49041377	1	1	1	1	0	3
chr17	49045066	49045889	1	1	1	2	0	45
chr17	49405205	49406758	2	2	1	2	0	16
chr17	49406855	49409041	2	2	1	1	0	5
chr17	49409159	49409330	2	2	1	1	0	21
chr17	49409474	49411677	2	2	1	2	0	7
chr17	49701511	49702857	2	2	1	1	0	33
chr17	49826800	49827400	1	1	1	1	0	15
chr17	50741247	50741656	1	1	1	1	0	28
chr17	50741732	50743705	1	1	1	1	0	37
chr17	50743811	50744651	1	1	1	7	0	40
chr17	50744814	50745719	1	1	1	3	0	30
chr17	50746004	50746541	1	1	1	4	0	38
chr17	50746703	50750500	1	1	1	1	0	24
chr17	51007327	51014231	2	2	1	1	0	31
chr17	51021366	51041500	2	2	1	1	0	45
chr17	51155781	51159979	1	1	1	1	0	21
chr17	51160082	51161159	1	1	1	1	0	19
chr17	51161273	51161727	1	1	1	2	0	5
chr17	51166957	51168241	1	1	1	1	0	10
chr17	51168344	51169936	1	1	1	1	0	32
chr17	51170050	51171486	1	1	1	2	0	26
chr17	51260927	51263273	1	1	1	2	0	16
chr17	51263387	51266181	1	1	1	2	0	26
chr17	51280480	51285244	1	1	1	1	0	32
chr17	51285369	51288028	1	1	1	1	0	39
chr17	51288204	51293902	1	1	1	3	0	9
chr17	51294046	51296964	1	1	1	8	0	41
chr17	51297004	51297781	1	1	1	16	0	39
chr17	54936710	54937108	1	1	1	1	0	7
chr17	56950997	56960774	2	2	1	1	0	14
chr17	57989270	57989648	2	2	1	1	0	43
chr17	58083684	58087081	1	1	1	2	0	32
chr17	58724101	58732483	1	1	1	1	0	19
chr17	58732545	58734117	1	1	1	7	0	26
chr17	59194856	59195330	1	1	1	1	0	41
chr17	59602617	59605114	1	1	1	1	0	27
chr17	59681840	59682270	1	1	1	1	0	19
chr17	59683986	59685055	1	1	1	1	0	9
chr17	59685809	59690635	1	1	1	1	0	22
chr17	60180638	60181323	2	2	1	1	0	27
chr17	60269558	60271349	2	2	1	1	0	34
chr17	61781006	61784269	2	2	1	1	0	3
chr17	61972889	61982197	2	2	1	1	0	21
chr17	62052706	62063066	2	2	1	1	0	36
chr17	63589238	63594202	1	1	1	1	0	5
chr17	63746962	63751939	2	2	1	1	0	42
chr17	63752108	63752319	2	2	1	1	0	37
chr17	63752430	63752740	2	2	1	1	0	6
chr17	63752800	63754432	2	2	1	1	0	27
chr17	63766195	63773411	2	2	1	3	0	4
chr17	63811174	63811931	1	1	1	1	0	5
chr17	63819995	63820078	2	2	1	1	0	12
chr17	63831227	63831326	1	1	1	1	0	39
chr17	63831617	63831723	1	1	1	16	0	40
chr17	63831811	63831915	1	1	1	26	0	42
chr17	64146001	64146229	1	1	1	1	0	16
chr17	64481447	64482918	2	2	1	2	0	23
chr17	64502070	64502161	2	2	1	1	0	5
chr17	64502224	64502438	2	2	1	1	0	22
chr17	64502550	64502925	2	2	1	3	0	35
chr17	64503099	64503187	2	2	1	1	0	29
chr17	64526201	64527110	1	3	1	2	0	19
chr17	64751957	64754004	2	2	1	0	1	34
chr17	67167797	67178658	2	2	1	1	0	11
chr17	67341053	67342185	2	2	1	1	0	10
chr17	67347251	67347335	2	2	1	1	0	7
chr17	67721527	67722579	1	1	1	1	0	23
chr17	67722638	67724048	1	1	1	1	0	11
chr17	67724194	67726459	1	1	1	1	0	21
chr17	67736024	67736665	1	1	1	1	0	42
chr17	67738356	67738931	1	1	1	2	0	16
chr17	67739011	67739515	1	1	1	1	0	4
chr17	67739609	67743478	1	1	1	1	0	36
chr17	67743587	67743742	1	1	1	1	0	9
chr17	67854763	67866463	1	1	1	1	0	19
chr17	67866688	67874816	1	1	1	2	0	4
chr17	67893726	67894033	1	1	1	11	0	44
chr17	67894166	67903788	1	1	1	1	0	5
chr17	67903919	67904701	1	1	1	4	0	30
chr17	67904841	67909581	1	1	1	1	0	16
chr17	67909762	67910876	1	1	1	1	0	8
chr17	67945897	67947725	1	1	1	2	0	42
chr17	67947809	67948080	1	1	1	2	0	23
chr17	68044072	68044320	1	1	1	1	0	4
chr17	68044504	68045771	1	1	1	0	4	34
chr17	68045586	68045771	1	1	1	0	3	3
chr17	68045922	68046503	1	1	1	4	0	46
chr17	68522927	68523724	1	1	1	2	0	41
chr17	68524959	68525753	1	1	1	1	0	20
chr17	68525913	68527839	1	1	1	1	0	45
chr17	68530002	68530276	1	1	1	1	0	15
chr17	72647663	72648802	2	2	1	1	0	21
chr17	74203746	74203917	1	1	1	3	0	11
chr17	74203959	74204129	1	1	1	9	0	41
chr17	74204191	74209186	1	1	1	74	0	46
chr17	74209310	74209803	1	1	1	123	0	46
chr17	74958220	74958326	2	2	1	1	0	21
chr17	75006350	75040680	1	1	1	0	1	39
chr17	75039064	75039208	2	2	1	17	0	41
chr17	75039272	75040091	2	2	1	3	0	14
chr17	75040164	75042180	2	2	1	3	0	33
chr17	75148672	75154341	2	2	1	1	0	36
chr17	75168402	75174751	2	2	1	2	0	11
chr17	75174824	75181056	2	2	1	3	0	20
chr17	75235202	75235577	1	1	1	2	0	24
chr17	75265967	75266192	1	1	1	1	0	21
chr17	75702572	75703310	1	1	1	1	0	4
chr17	75706093	75706339	1	1	1	1	0	23
chr17	75758128	75758209	2	2	1	1	0	21
chr17	76057544	76060307	2	2	1	1	0	22
chr17	76067331	76070377	2	2	1	1	0	21
chr17	76735159	76736153	2	2	1	1	0	17
chr17	77488322	77488726	1	1	1	1	0	9
chr17	78113212	78113547	2	2	1	1	0	6
chr17	78214428	78214679	1	1	1	1	0	16
chr17	78214790	78216663	1	1	1	6	0	40
chr17	78799769	78802323	2	2	1	1	0	6
chr17	78802536	78803384	2	2	1	2	0	42
chr17	79090886	79094450	2	2	1	1	0	45
chr17	80135507	80136003	2	2	1	3	0	38
chr17	80241822	80245195	1	1	1	1	0	28
chr17	80245257	80246153	1	1	1	1	0	3
chr17	80263779	80273240	1	1	1	2	0	40
chr17	80298519	80306251	1	1	1	1	0	32
chr17	80314511	80315011	1	1	1	0	1	43
chr17	80314787	80315011	1	1	1	0	1	43
chr17	81239679	81240986	1	1	1	1	0	19
chr17	81510834	81510926	2	2	1	4	0	33
chr17	81511109	81511187	2	2	1	2	0	35
chr17	81511627	81511902	2	2	1	2	0	36
chr17	81824555	81833237	2	2	1	1	0	26
chr17	81844093	81845143	2	2	1	1	0	35
chr17	81845992	81846428	2	2	1	1	0	34
chr17	81932964	81933306	2	2	1	1	0	44
chr17	82009568	82010801	1	1	1	1	0	43
chr17	82016528	82016799	1	1	1	1	0	45
chr17	82016870	82016940	1	1	1	1	0	9
chr17	82017114	82017308	1	1	1	2	0	14
chr17	82036764	82036858	2	2	1	1	0	20
chr17	82079609	82080139	2	2	1	2	0	29
chr17	82080239	82080369	2	2	1	1	0	32
chr17	82398320	82403936	2	2	1	1	0	18
chr17	82404091	82405323	2	2	1	1	0	34
chr17	82644024	82648273	2	2	1	1	0	21
chr18	196768	197615	1	1	1	1	0	28
chr18	197697	198046	1	1	1	1	0	20
chr18	199317	202879	1	1	1	1	0	28
chr18	224995	225088	2	2	1	1	0	8
chr18	225140	225336	2	2	1	1	0	30
chr18	247958	252538	2	2	1	1	0	18
chr18	743416	745707	2	2	1	1	0	40
chr18	748019	751704	2	2	1	1	0	37
chr18	2585203	2587829	1	1	1	4	0	38
chr18	2601486	2606414	1	1	1	1	0	17
chr18	2610862	2616436	1	1	1	2	0	35
chr18	2666233	2666869	1	1	1	1	0	27
chr18	2707921	2718157	1	1	1	2	0	19
chr18	2747648	2750042	1	1	1	1	0	27
chr18	2770109	2771532	1	1	1	2	0	44
chr18	2771619	2772249	1	1	1	1	0	44
chr18	2920130	2920230	2	4	1	1	0	26
chr18	2951357	2954503	2	2	1	1	0	45
chr18	3667135	3668973	1	1	1	1	0	39
chr18	8718649	8720337	1	1	1	1	0	10
chr18	9117904	9119325	1	1	1	1	0	21
chr18	9119389	9119473	1	1	1	2	0	28
chr18	9124984	9126830	1	1	1	5	0	41
chr18	9124984	9134185	1	1	1	1	0	24
chr18	9126908	9134185	1	1	1	31	0	45
chr18	9182520	9195550	1	1	1	2	0	36
chr18	9513290	9516844	1	1	1	8	0	39
chr18	9563551	9570156	2	2	1	1	0	25
chr18	10539872	10539987	1	1	1	2	0	41
chr18	10735331	10736603	2	2	1	1	0	37
chr18	10787185	10789078	2	2	1	1	0	29
chr18	10795003	10797373	2	2	1	2	0	35
chr18	10871416	10911185	2	2	1	1	0	11
chr18	11910863	11914194	2	2	1	1	0	20
chr18	12371692	12376968	2	2	1	1	0	25
chr18	12794486	12801969	2	2	1	1	0	40
chr18	13008632	13012998	1	1	1	1	0	27
chr18	13013026	13015327	1	1	1	1	0	27
chr18	13726730	13730626	1	1	1	1	0	26
chr18	13734600	13737009	1	1	1	1	0	8
chr18	13754148	13759941	1	1	1	1	0	30
chr18	20959929	20960135	2	2	1	1	0	46
chr18	20967941	20968771	2	2	1	1	0	19
chr18	20968861	20969114	2	2	1	3	0	29
chr18	20980005	20982762	2	2	1	2	0	27
chr18	20982833	20984350	2	2	1	3	0	30
chr18	20991327	20992830	2	2	1	3	0	45
chr18	21008195	21015430	2	2	1	1	0	22
chr18	21015480	21020150	2	2	1	1	0	6
chr18	21020240	21023619	2	2	1	1	0	24
chr18	21023681	21028775	2	2	1	3	0	31
chr18	21039564	21042096	2	2	1	1	0	15
chr18	21564318	21566145	2	2	1	1	0	19
chr18	21566207	21567979	2	2	1	1	0	12
chr18	21622802	21623747	1	1	1	2	0	41
chr18	21623940	21629061	1	1	1	25	0	46
chr18	22260929	22264127	2	2	1	1	0	42
chr18	22949714	22968805	1	1	1	1	0	12
chr18	22957397	22968805	1	1	1	1	0	23
chr18	22996463	22997619	1	1	1	1	0	34
chr18	23530613	23531624	1	1	1	3	0	19
chr18	24160070	24161515	1	1	1	2	0	32
chr18	24166703	24167328	2	2	1	1	0	11
chr18	24170454	24171408	2	2	1	1	0	36
chr18	24225199	24239219	2	2	1	2	0	21
chr18	24377536	24397654	2	2	1	1	0	4
chr18	24438041	24440495	1	1	1	1	0	35
chr18	24448184	24449818	1	1	1	1	0	7
chr18	26035128	26038554	2	2	1	1	0	18
chr18	26266208	26266769	1	1	1	1	0	28
chr18	31068213	31068298	2	2	1	1	0	28
chr18	31068213	31068893	2	2	1	1	0	25
chr18	31087814	31089438	2	2	1	2	0	16
chr18	31092301	31093558	2	2	1	2	0	43
chr18	31519938	31520802	1	1	1	1	0	15
chr18	31522250	31522386	1	1	1	2	0	31
chr18	31524889	31530986	1	1	1	1	0	29
chr18	32411786	32412881	2	2	1	0	1	3
chr18	35102160	35126947	1	1	1	1	0	37
chr18	35444023	35446874	2	2	1	3	0	39
chr18	35480564	35497718	2	2	1	1	0	34
chr18	35687187	35689172	1	1	1	1	0	9
chr18	35703644	35709623	1	1	1	2	0	43
chr18	36122271	36123494	2	2	1	2	0	45
chr18	36155000	36156465	1	1	1	1	0	17
chr18	36156655	36158834	1	1	1	1	0	5
chr18	36171161	36174484	1	1	1	4	0	7
chr18	36266854	36268532	1	1	1	2	0	42
chr18	45896788	45898166	2	4	1	1	0	25
chr18	46084364	46084503	2	2	1	5	0	40
chr18	46086495	46087007	2	2	1	1	0	35
chr18	46089733	46089822	2	2	1	1	0	16
chr18	46123365	46124821	1	1	1	1	0	9
chr18	46124894	46125743	1	1	1	2	0	11
chr18	46125792	46128074	1	1	1	2	0	35
chr18	46719910	46726185	2	2	1	1	0	17
chr18	47108786	47112976	2	2	1	1	0	21
chr18	47156233	47157435	2	2	1	1	0	24
chr18	49488567	49489358	2	2	1	272	1	46
chr18	49489551	49490453	2	2	1	20	0	42
chr18	49490553	49490792	2	2	1	7	0	40
chr18	49490928	49491404	2	2	1	3	1	33
chr18	49491446	49491531	2	2	1	4	0	41
chr18	49491585	49492274	2	2	1	1	0	35
chr18	49491585	49492457	2	2	1	1	0	30
chr18	49787362	49791469	2	2	1	1	0	38
chr18	50895929	50908062	1	1	1	1	0	36
chr18	54358871	54360526	1	1	1	1	0	44
chr18	55228031	55228220	2	4	1	5	0	41
chr18	56603057	56610992	2	2	1	7	0	34
chr18	57615731	57615816	2	2	1	3	0	16
chr18	57615976	57620568	2	2	1	5	0	19
chr18	57620649	57621707	2	2	1	1	0	13
chr18	57620652	57621707	2	2	1	5	0	26
chr18	58948230	58953517	1	1	1	2	0	38
chr18	59155808	59157607	1	1	1	2	0	15
chr18	59155808	59158631	1	1	1	1	0	15
chr18	59157666	59158631	1	1	1	3	0	9
chr18	59338954	59345918	2	2	1	1	0	25
chr18	59346052	59347512	2	2	1	3	0	43
chr18	59347572	59349112	2	2	1	4	0	43
chr18	59349237	59353201	2	2	1	4	0	31
chr18	62298861	62305413	1	1	1	1	0	21
chr18	62560645	62563008	1	1	1	1	0	43
chr18	62963473	62972513	1	1	1	2	0	39
chr18	62975408	62979398	2	2	1	1	0	13
chr18	74253666	74255740	2	2	1	1	0	35
chr18	74255776	74260914	2	2	1	1	0	5
chr18	74960284	74960643	1	1	1	0	2	24
chr18	74960284	74960679	1	1	1	0	2	24
chr18	74960320	74960643	1	1	1	0	2	24
chr18	74960320	74960679	1	1	1	0	2	24
chr18	74960356	74960643	1	1	1	0	2	24
chr18	74960356	74960679	1	1	1	0	2	24
chr18	74960392	74960643	1	1	1	0	2	24
chr18	74960392	74960679	1	1	1	0	2	24
chr18	79069530	79096475	1	1	1	1	0	21
chr18	79096650	79110354	1	1	1	1	0	37
chr19	582331	582513	1	1	1	2	0	5
chr19	582579	582749	1	3	1	1	0	31
chr19	582583	582749	1	1	1	5	0	21
chr19	617324	617418	2	2	1	3	0	40
chr19	617481	617569	2	2	1	6	0	39
chr19	617656	617776	2	2	1	1	0	30
chr19	803637	804035	1	1	1	1	0	4
chr19	990365	990851	1	1	1	1	0	29
chr19	990902	997518	1	1	1	1	0	13
chr19	1089963	1090086	2	2	1	1	0	4
chr19	1090989	1091791	2	2	1	1	0	4
chr19	1105281	1105365	1	1	1	3	0	20
chr19	1105810	1106241	1	1	1	1	0	17
chr19	1106460	1106539	1	1	1	4	0	45
chr19	1220491	1227947	2	2	1	1	0	23
chr19	1242610	1244096	1	1	1	1	0	15
chr19	1244186	1244314	1	1	1	1	0	44
chr19	1244441	1244736	1	1	1	9	0	43
chr19	1271247	1271328	1	1	1	1	0	22
chr19	1272052	1272426	1	1	1	1	0	23
chr19	1274441	1274648	1	1	1	2	0	37
chr19	1355021	1356323	1	1	1	1	0	28
chr19	1356450	1357008	1	1	1	1	0	23
chr19	1421259	1422347	1	1	1	1	0	9
chr19	1438429	1438806	1	1	1	2	0	29
chr19	1438893	1440018	1	1	1	3	0	34
chr19	1440254	1440348	1	1	1	149	0	45
chr19	1473344	1473797	2	2	1	2	0	38
chr19	1598216	1599411	2	2	1	24	0	45
chr19	1611370	1611703	2	2	1	2	0	9
chr19	1979094	1981183	1	1	1	1	0	22
chr19	2112968	2113335	2	2	1	1	0	15
chr19	2114303	2114747	2	2	1	1	0	38
chr19	2114822	2115218	2	2	1	4	0	40
chr19	2271955	2272734	1	1	1	1	0	33
chr19	2272821	2272971	1	1	1	2	0	38
chr19	2324197	2328386	2	2	1	1	0	5
chr19	2427047	2427255	2	2	1	1	0	24
chr19	2430953	2431547	2	2	1	2	0	11
chr19	2439147	2439270	1	1	1	1	0	23
chr19	2443077	2443458	1	1	1	1	0	44
chr19	3053342	3053617	1	1	1	1	0	27
chr19	3575661	3576260	1	1	1	1	0	45
chr19	3976748	3977214	2	2	1	1	0	4
chr19	3977273	3977335	2	2	1	1	0	12
chr19	3977348	3977427	2	2	1	2	0	12
chr19	3980710	3980840	2	2	1	1	0	11
chr19	3981453	3981946	2	2	1	1	0	28
chr19	4047896	4095644	1	1	1	1	0	12
chr19	4095450	4097278	2	2	1	2	0	20
chr19	4097344	4099200	2	2	1	2	0	7
chr19	4341623	4341921	1	3	1	1	0	40
chr19	4359256	4359915	1	1	1	1	0	23
chr19	4422796	4423334	1	1	1	2	0	11
chr19	4454094	4457614	2	2	1	1	0	14
chr19	4488877	4491565	1	1	1	2	0	22
chr19	4498032	4498305	1	1	1	2	0	29
chr19	4499539	4502086	1	1	1	1	0	30
chr19	4499705	4501190	1	1	1	1	0	34
chr19	4644157	4653690	1	1	1	1	0	43
chr19	4789761	4807041	2	2	1	0	2	42
chr19	5273584	5274198	2	2	1	2	0	31
chr19	5604696	5604786	2	2	1	1	0	19
chr19	5653265	5653337	1	1	1	1	0	12
chr19	5664160	5664396	1	1	1	1	0	41
chr19	5667887	5668161	1	1	1	1	0	32
chr19	5678649	5679344	2	2	1	2	0	37
chr19	5690601	5691318	1	1	1	5	0	39
chr19	5691454	5691531	1	1	1	105	0	46
chr19	5785276	5785382	2	2	1	3	0	39
chr19	5785512	5785602	2	2	1	1	0	3
chr19	5894855	5896452	2	2	1	11	0	45
chr19	6364624	6368808	2	4	1	1	0	40
chr19	6374590	6374810	1	1	1	5	0	36
chr19	6381479	6381553	2	2	1	1	0	14
chr19	6381616	6381696	2	2	1	1	0	16
chr19	6413739	6415140	2	4	1	1	0	5
chr19	6415302	6415379	2	2	1	1	0	23
chr19	6415897	6416297	2	2	1	1	0	7
chr19	6741126	6741224	1	1	1	1	0	34
chr19	6743257	6743493	1	1	1	1	0	27
chr19	6748872	6751360	2	2	1	0	2	4
chr19	7619648	7619746	2	2	1	6	0	40
chr19	7619857	7619945	2	2	1	1	0	38
chr19	7629861	7630572	1	1	1	1	0	7
chr19	7630660	7630822	1	1	1	12	0	24
chr19	7630847	7631472	1	1	1	12	0	26
chr19	7630847	7631526	1	1	1	1	0	24
chr19	7647512	7647724	1	1	1	1	0	22
chr19	7926784	7927014	2	2	1	1	0	26
chr19	7932933	7933484	2	2	1	1	0	12
chr19	7938198	7941101	2	2	1	1	0	27
chr19	8321570	8321952	1	1	1	0	1	17
chr19	8321704	8321952	1	1	1	2	0	11
chr19	8322092	8322271	1	1	1	66	13	45
chr19	8322096	8322271	1	1	1	1	0	31
chr19	8445112	8455404	1	1	1	1	0	38
chr19	8471428	8473663	1	1	1	2	0	38
chr19	8473709	8474166	1	1	1	2	0	23
chr19	8486406	8487023	1	1	1	1	0	24
chr19	8487076	8488690	1	1	1	1	0	23
chr19	8556075	8556809	2	2	1	1	0	19
chr19	9568176	9569001	2	2	1	2	0	21
chr19	9828065	9828326	1	1	1	1	0	14
chr19	9828394	9828591	1	1	1	5	0	21
chr19	9828676	9828836	1	1	1	17	0	38
chr19	9828875	9829964	1	1	1	18	0	38
chr19	9835403	9838435	1	1	1	1	0	7
chr19	9838508	9849621	1	1	1	1	0	13
chr19	9838649	9848029	1	1	1	1	0	8
chr19	10110403	10110484	1	1	1	1	0	29
chr19	10115130	10115478	2	2	1	12	0	46
chr19	10115586	10115683	2	2	1	5	0	26
chr19	10116990	10117083	2	2	1	1	0	3
chr19	10118728	10118867	2	2	1	1	0	34
chr19	10151546	10151749	2	2	1	1	0	39
chr19	10162749	10163325	2	2	1	1	0	35
chr19	10163361	10166597	2	2	1	1	0	6
chr19	10166686	10168329	2	2	1	2	0	35
chr19	10168365	10173089	2	2	1	2	0	35
chr19	10173175	10173870	2	2	1	5	0	35
chr19	10173906	10175539	2	2	1	6	0	35
chr19	10175619	10177291	2	2	1	10	0	43
chr19	10177368	10180349	2	2	1	1	0	26
chr19	10180570	10180777	2	2	1	1	0	13
chr19	10182078	10194819	2	2	1	2	0	38
chr19	10680444	10681018	1	1	1	1	0	9
chr19	10681131	10681218	1	1	1	12	0	38
chr19	10712868	10712952	1	1	1	2	0	25
chr19	10813730	10838313	1	1	1	0	1	34
chr19	10923408	10923494	2	2	1	2	0	14
chr19	10991324	10994827	1	1	1	1	0	21
chr19	10995002	10996212	1	1	1	15	0	43
chr19	11060188	11065192	1	1	1	1	0	21
chr19	11101583	11115402	2	2	1	1	0	16
chr19	11353875	11354579	1	1	1	1	0	9
chr19	11368296	11371687	2	2	1	0	1	3
chr19	11449988	11450585	1	3	1	1	0	40
chr19	11553811	11554010	2	2	1	1	0	7
chr19	12810209	12810316	1	1	1	1	0	41
chr19	12813207	12813327	1	1	1	4	0	41
chr19	12897014	12897302	1	1	1	1	0	31
chr19	12899386	12900003	2	2	1	2	0	36
chr19	12924266	12924448	2	2	1	1	0	44
chr19	12939236	12939427	1	1	1	1	0	39
chr19	12940655	12940743	1	1	1	1	0	36
chr19	12943630	12943712	1	1	1	2	0	25
chr19	12944224	12944323	2	2	1	5	0	7
chr19	12952854	12952935	1	1	1	6	0	34
chr19	12954527	12956862	2	2	1	1	0	32
chr19	13105082	13105266	2	2	1	4	0	21
chr19	13139948	13141020	2	2	1	1	1	22
chr19	13343264	13344124	1	1	1	1	0	36
chr19	13774575	13774651	1	1	1	1	0	14
chr19	14158053	14158337	2	2	1	1	0	20
chr19	14160298	14160592	2	2	1	1	0	15
chr19	14183698	14205984	2	2	1	1	0	7
chr19	14408953	14409036	2	2	1	8	0	38
chr19	14473585	14475451	2	4	1	1	0	21
chr19	14565291	14565617	1	1	1	1	0	19
chr19	14565664	14565743	1	1	1	3	0	39
chr19	14566266	14566764	2	2	1	5	0	36
chr19	15162563	15165367	2	2	1	1	0	22
chr19	15244601	15244709	2	2	1	1	0	18
chr19	15256264	15256963	2	2	1	8	0	46
chr19	15257174	15263419	2	2	1	1	0	29
chr19	15263549	15264403	2	2	1	2	0	11
chr19	15361823	15362109	2	2	1	1	0	10
chr19	15397281	15397519	2	2	1	1	0	19
chr19	16076698	16081912	1	1	1	1	0	22
chr19	16086541	16088026	1	1	1	3	0	44
chr19	16088098	16089044	1	1	1	1	0	33
chr19	16125548	16127436	1	1	1	1	0	21
chr19	16127527	16128025	1	1	1	2	0	42
chr19	16128092	16129553	1	1	1	1	0	7
chr19	16529901	16530584	2	2	1	2	0	26
chr19	17059652	17059996	2	2	1	1	0	29
chr19	17198309	17200292	1	1	1	1	0	43
chr19	17305958	17306165	1	1	1	2	0	35
chr19	17733429	17734272	1	1	1	1	0	25
chr19	17859975	17861292	1	1	1	0	3	12
chr19	17861473	17862093	1	1	1	3	0	15
chr19	17862224	17862917	1	1	1	4	0	36
chr19	17863028	17863170	1	1	1	166	0	46
chr19	18309862	18312603	2	2	1	1	0	15
chr19	18433818	18434216	1	1	1	2	0	16
chr19	18435118	18435265	2	2	1	1	0	36
chr19	18532796	18533269	2	2	1	1	0	15
chr19	18573749	18574869	1	1	1	4	0	41
chr19	18574973	18575056	1	1	1	15	0	46
chr19	18878099	18878929	2	2	1	1	0	32
chr19	18899727	18899872	2	2	1	7	0	45
chr19	18899948	18900380	2	2	1	2	0	10
chr19	18903424	18904770	2	2	1	2	0	13
chr19	19130308	19132351	2	2	1	1	0	3
chr19	19135707	19136553	1	3	1	1	0	40
chr19	19199235	19201648	1	1	1	3	0	42
chr19	19201564	19201930	2	2	1	1	0	32
chr19	19276675	19276946	2	2	1	3	0	23
chr19	19277077	19277733	2	2	1	1	0	15
chr19	19297345	19302264	2	2	1	1	0	8
chr19	19527353	19527700	1	1	1	4	0	24
chr19	19527771	19528006	1	1	1	21	0	39
chr19	19786692	19787988	1	1	1	1	0	7
chr19	19916656	19933181	1	1	1	1	0	19
chr19	20105317	20117780	1	1	1	1	0	21
chr19	20120078	20121221	1	1	1	1	0	34
chr19	20228484	20238287	2	2	1	1	0	4
chr19	20792639	20793782	1	1	1	1	0	22
chr19	21084070	21098184	1	1	1	1	0	10
chr19	21375365	21375868	1	1	1	2	0	31
chr19	21375965	21379603	1	1	1	2	0	39
chr19	21817987	21819094	2	2	1	2	0	25
chr19	23136044	23145270	1	1	1	1	0	14
chr19	23231362	23250239	2	2	1	3	0	27
chr19	23827952	23828003	2	2	1	0	1	37
chr19	26316649	26317328	2	2	1	0	1	38
chr19	26484896	26512425	2	2	1	0	1	38
chr19	28467728	28517534	2	2	1	2	0	26
chr19	30012532	30015535	1	1	1	5	0	26
chr19	32585012	32585815	1	1	1	2	0	28
chr19	32585908	32586857	1	1	1	3	0	44
chr19	32586930	32587252	1	1	1	25	0	45
chr19	32899999	32901244	2	2	1	1	0	21
chr19	32901413	32915336	2	2	1	1	0	12
chr19	34215662	34219390	1	1	1	1	0	22
chr19	34396658	34399206	1	1	1	1	0	8
chr19	34399632	34399718	1	1	1	1	0	26
chr19	34399786	34399900	1	1	1	1	0	41
chr19	34421668	34425989	1	1	1	6	0	44
chr19	34454557	34458768	1	1	1	1	0	34
chr19	34467015	34469039	1	1	1	2	0	28
chr19	34683239	34683991	1	1	1	1	0	43
chr19	35166326	35169565	1	1	1	1	0	20
chr19	35267735	35267823	1	1	1	17	0	43
chr19	35503448	35505717	2	2	1	3	0	43
chr19	35505766	35505938	2	2	1	5	0	38
chr19	35505987	35509910	2	2	1	2	0	25
chr19	35546586	35546671	1	1	1	1	0	18
chr19	35547241	35547323	1	1	1	8	0	45
chr19	35637353	35637441	1	1	1	1	0	39
chr19	35651350	35654570	1	1	1	2	0	24
chr19	35654672	35658593	1	1	1	20	0	44
chr19	35746524	35746707	1	1	1	1	0	19
chr19	35758227	35759373	1	1	1	1	0	14
chr19	35903904	35904119	1	1	1	2	0	40
chr19	36003672	36005332	2	2	1	1	0	21
chr19	36113818	36114014	2	2	1	10	0	35
chr19	36114067	36114176	2	2	1	9	0	44
chr19	36114252	36114338	2	2	1	2	0	33
chr19	36114413	36114658	2	2	1	2	0	15
chr19	36228820	36235658	1	1	1	2	0	28
chr19	36330493	36331446	2	2	1	1	0	18
chr19	36577238	36580166	1	1	1	1	0	36
chr19	36578538	36602278	2	2	1	0	1	40
chr19	37128907	37130143	1	1	1	1	0	36
chr19	38251447	38252305	2	2	1	1	0	9
chr19	38304491	38304623	1	1	1	1	0	15
chr19	38304687	38304844	1	1	1	1	0	14
chr19	38307522	38307596	2	2	1	1	0	11
chr19	38381000	38382116	1	1	1	1	0	38
chr19	38593338	38595484	2	2	1	1	0	36
chr19	38620436	38624076	1	1	1	1	0	25
chr19	38624198	38626027	1	1	1	1	0	23
chr19	38626103	38632429	1	1	1	2	0	8
chr19	38632497	38632600	1	1	1	3	0	22
chr19	38632497	38634992	1	1	1	2	0	27
chr19	38632679	38634992	1	1	1	5	0	44
chr19	38635119	38636888	1	1	1	22	1	45
chr19	38647908	38700599	1	1	1	1	0	11
chr19	38725904	38726956	1	1	1	1	0	15
chr19	38815718	38815856	2	2	1	1	0	14
chr19	38817576	38831077	2	2	1	1	0	23
chr19	38843915	38844007	2	2	1	2	0	27
chr19	38846091	38847315	2	2	1	1	0	5
chr19	39019797	39020899	1	3	1	1	0	27
chr19	39178823	39179270	1	3	1	3	0	24
chr19	39433419	39433521	2	2	1	45	0	46
chr19	39433570	39433664	2	2	1	13	0	46
chr19	39433762	39435606	2	2	1	2	0	27
chr19	39465050	39466479	1	1	1	1	0	41
chr19	39470524	39471356	1	1	1	1	0	6
chr19	39482034	39482884	1	1	1	1	0	6
chr19	39482917	39483134	1	1	1	1	0	22
chr19	39483157	39485543	1	1	1	2	0	22
chr19	39485603	39485687	1	1	1	1	0	11
chr19	39486496	39488060	1	1	1	1	0	35
chr19	39488646	39489718	1	1	1	8	0	43
chr19	39507915	39508251	1	1	1	4	0	23
chr19	39834563	39834667	2	2	1	32	0	44
chr19	39834814	39836555	2	2	1	8	0	46
chr19	39839206	39840232	2	2	1	1	0	44
chr19	39840788	39846290	2	2	1	1	0	13
chr19	39863497	39863620	2	2	1	1	0	36
chr19	39972245	39972368	1	1	1	1	0	45
chr19	40081918	40083110	2	2	1	1	0	30
chr19	40083238	40084744	2	2	1	1	0	13
chr19	40440949	40441093	1	1	1	1	0	20
chr19	41198889	41201230	1	1	1	1	0	16
chr19	41201247	41207440	1	3	1	1	0	16
chr19	41860290	41860774	1	1	1	4	0	35
chr19	41860846	41861111	1	1	1	6	0	28
chr19	41861213	41869030	1	1	1	10	0	44
chr19	41869215	41869698	1	1	1	246	0	45
chr19	41869754	41871350	1	1	1	231	1	46
chr19	41906026	41906456	1	1	1	2	0	38
chr19	41956935	41957017	2	2	1	1	0	10
chr19	41958949	41959236	2	2	1	1	0	18
chr19	42247688	42248032	1	3	1	2	0	37
chr19	42297366	42299969	2	2	1	1	0	44
chr19	43399958	43441066	1	1	1	1	0	45
chr19	43506903	43507943	2	2	1	1	0	13
chr19	43624904	43625077	2	2	1	1	0	46
chr19	43652372	43655438	2	2	1	1	0	33
chr19	44144648	44148770	1	1	1	1	0	31
chr19	44794282	44800380	1	1	1	1	0	36
chr19	44901311	44903029	1	1	1	1	0	5
chr19	44909104	44909310	2	4	1	2	0	22
chr19	44916326	44919172	1	1	1	4	0	32
chr19	45069249	45070021	1	1	1	3	0	40
chr19	45070105	45070536	1	1	1	2	0	25
chr19	45070562	45070802	1	1	1	4	0	25
chr19	45351722	45352208	2	2	1	2	0	17
chr19	45352353	45352505	2	2	1	1	0	12
chr19	45409726	45413676	2	2	1	1	0	16
chr19	45413746	45413962	2	2	1	1	0	7
chr19	45416898	45419097	2	2	1	1	0	41
chr19	45526004	45526139	1	1	1	1	0	26
chr19	45687728	45688386	2	2	1	3	0	29
chr19	45815698	45815850	2	2	1	1	0	39
chr19	46353990	46375603	1	1	1	1	0	21
chr19	46608982	46609124	1	1	1	3	0	44
chr19	46720772	46721985	2	2	1	1	0	24
chr19	46775045	46775295	1	1	1	1	0	37
chr19	46784145	46784516	2	2	1	2	0	37
chr19	46784560	46787399	2	2	1	1	0	12
chr19	47046253	47046592	2	2	1	1	0	41
chr19	47155214	47169817	1	1	1	1	0	19
chr19	47266793	47270406	1	1	1	1	0	17
chr19	47270454	47270552	1	1	1	1	0	28
chr19	47475545	47476531	2	2	1	1	0	44
chr19	47750975	47751569	1	3	1	1	0	21
chr19	47751591	47752511	1	1	1	1	0	21
chr19	47755823	47756527	1	1	1	11	0	40
chr19	47756605	47756687	1	1	1	33	0	45
chr19	47756745	47756998	1	1	1	25	0	45
chr19	47780750	47780863	1	1	1	1	0	14
chr19	47780918	47781107	1	1	1	1	0	24
chr19	47781389	47784405	1	1	1	0	3	3
chr19	48238533	48240961	2	2	1	1	0	18
chr19	48282498	48285760	1	1	1	2	0	18
chr19	48427575	48460338	1	1	1	1	0	41
chr19	48446193	48446384	1	1	1	1	0	25
chr19	48446844	48450312	1	1	1	1	0	29
chr19	48478593	48479122	1	1	1	2	0	10
chr19	48615448	48615876	2	2	1	87	0	46
chr19	48615947	48616078	2	2	1	31	0	42
chr19	48638145	48638887	2	2	1	3	0	34
chr19	48921933	48922317	1	1	1	1	0	38
chr19	48965610	48965769	1	1	1	1	0	8
chr19	48965917	48966280	1	1	1	3	0	28
chr19	48966407	48966582	1	1	1	3	0	33
chr19	49015151	49015571	1	1	1	4	0	45
chr19	49015687	49015816	1	1	1	21	0	43
chr19	49139832	49139960	1	1	1	1	0	32
chr19	49151333	49151516	2	2	1	1	0	33
chr19	49446424	49446550	2	2	1	13	0	45
chr19	49447909	49448000	2	2	1	1	0	27
chr19	49490298	49490474	1	1	1	2	0	34
chr19	49490577	49490778	1	1	1	0	1	22
chr19	49490865	49491039	1	1	1	12	0	40
chr19	49491100	49491424	1	1	1	21	0	38
chr19	49491548	49491728	1	1	1	272	3	46
chr19	49496472	49497193	1	1	1	1	0	14
chr19	49497326	49497519	1	1	1	3	0	43
chr19	49497596	49497916	1	1	1	5	0	42
chr19	49498047	49499511	1	1	1	56	0	45
chr19	49499534	49499614	1	1	1	2	0	22
chr19	49555823	49556316	2	2	1	12	0	41
chr19	49556426	49556548	2	2	1	1	0	24
chr19	49556994	49557080	2	2	1	1	0	15
chr19	49556994	49557089	2	2	1	1	0	33
chr19	49677317	49680486	1	1	1	1	0	11
chr19	49682066	49682195	1	1	1	3	0	43
chr19	49683563	49724078	2	2	1	1	0	20
chr19	49684070	49684753	1	1	1	1	0	7
chr19	49685038	49686092	1	1	1	1	0	40
chr19	49686727	49688161	1	1	1	1	0	4
chr19	49805778	49805871	1	1	1	1	0	32
chr19	49860184	49860267	1	1	1	3	0	36
chr19	49860337	49860613	1	1	1	9	0	31
chr19	49861366	49861448	2	2	1	3	0	42
chr19	49861511	49861607	2	2	1	1	0	11
chr19	49979243	49980954	2	2	1	1	0	5
chr19	50417270	50417841	1	1	1	6	0	37
chr19	50466956	50467621	2	2	1	2	0	43
chr19	50483145	50483299	1	1	1	1	0	42
chr19	51345382	51346899	2	2	1	4	0	45
chr19	51891993	51896471	2	2	1	1	0	38
chr19	52220250	52220978	1	1	1	1	0	21
chr19	52222242	52225716	1	1	1	1	0	36
chr19	52225809	52225964	1	1	1	1	0	13
chr19	52282238	52283284	1	1	1	1	0	36
chr19	52398620	52401684	1	1	1	1	0	28
chr19	52878360	52880270	2	2	1	3	0	17
chr19	53038521	53053216	1	1	1	0	1	43
chr19	53569386	53571603	1	1	1	1	0	22
chr19	54103189	54105933	1	1	1	1	0	24
chr19	54103189	54106810	1	1	1	2	0	25
chr19	54106012	54106810	1	1	1	9	0	42
chr19	54107170	54108025	2	2	1	2	0	31
chr19	54131580	54131607	1	1	1	1	0	31
chr19	54200889	54201159	1	1	1	2	0	31
chr19	54201282	54201486	1	1	1	2	0	45
chr19	54201610	54206275	1	1	1	5	0	43
chr19	54206463	54207397	1	1	1	18	0	45
chr19	55091074	55103524	1	3	1	1	0	16
chr19	55096179	55096261	2	2	1	2	0	18
chr19	55132961	55133886	2	2	1	5	0	41
chr19	55133928	55134065	2	2	1	5	0	41
chr19	55385966	55386349	1	1	1	3	0	21
chr19	55386439	55386569	1	1	1	3	0	34
chr19	55386694	55387929	1	1	1	42	0	44
chr19	55386698	55388021	1	1	1	1	0	16
chr19	55388049	55388242	1	1	1	209	0	45
chr19	55401763	55404287	2	2	1	0	1	9
chr19	55404479	55406814	2	2	1	1	0	41
chr19	55456490	55461511	2	2	1	1	0	13
chr19	58347030	58347352	2	2	1	2	0	31
chr19	58388246	58392975	1	1	1	1	0	9
chr19	58388246	58394496	1	1	1	1	1	41
chr19	58393186	58393358	1	1	1	3	0	27
chr19	58393488	58394496	1	1	1	57	1	45
chr19	58394596	58394681	1	1	1	223	0	46
chr19	58547714	58547791	1	1	1	2	0	14
chr19	58548911	58548987	1	1	1	1	0	21
chr19	58549861	58549948	1	1	1	1	0	19
chr19	58550036	58550146	1	1	1	2	0	27
chr19	58550285	58550376	1	1	1	1	0	34
chr19	58556791	58556891	2	2	1	1	0	29
chr19	58556931	58557062	2	2	1	1	0	24
chr20	505230	508450	2	2	1	0	1	7
chr20	1164477	1165028	1	1	1	1	0	43
chr20	1370073	1372075	2	2	1	1	1	33
chr20	2461794	2462635	2	2	1	14	0	41
chr20	2461824	2463776	2	2	1	1	0	44
chr20	2461940	2462635	2	2	1	1	0	29
chr20	2462762	2463088	2	2	1	2	0	40
chr20	2463140	2467672	1	1	1	1	0	25
chr20	2463228	2463746	2	2	1	1	0	17
chr20	2656550	2656773	1	1	1	2	0	45
chr20	2656896	2657080	1	1	1	5	0	46
chr20	2657219	2657372	1	1	1	2	0	33
chr20	2657219	2657928	1	1	1	3	0	32
chr20	2658523	2658758	0	0	1	2	0	6
chr20	2658838	2659524	2	2	1	1	0	24
chr20	2659586	2659698	2	2	1	1	0	7
chr20	2882449	2895234	2	2	1	0	1	24
chr20	3783956	3784273	1	3	1	1	0	43
chr20	5115363	5115448	2	2	1	1	0	17
chr20	5117665	5118609	2	2	1	1	0	30
chr20	5580132	5584280	2	2	1	2	0	45
chr20	5944254	5944804	2	2	1	2	0	30
chr20	5944915	5946405	2	2	1	2	0	43
chr20	6034556	6037073	1	1	1	1	0	22
chr20	6112624	6115810	2	2	1	1	0	29
chr20	6809341	6822468	2	2	1	1	0	29
chr20	8774720	8788448	1	1	1	1	0	36
chr20	10413932	10420527	2	2	1	1	0	35
chr20	13569587	13580896	2	2	1	1	0	12
chr20	13718985	13728377	2	2	1	1	0	29
chr20	13728466	13733720	2	2	1	6	0	41
chr20	13733843	13759691	2	2	1	1	0	40
chr20	13814516	13816462	1	1	1	1	0	37
chr20	13816958	13817117	1	1	1	3	0	24
chr20	16381748	16404812	2	2	1	1	0	35
chr20	16730165	16731667	1	1	1	1	0	19
chr20	16731767	16732163	1	1	1	2	0	22
chr20	16732337	16737260	1	1	1	6	0	36
chr20	17570212	17600737	1	1	1	3	0	36
chr20	17604632	17607036	1	1	1	1	0	15
chr20	17614221	17614739	2	4	1	1	0	6
chr20	17615530	17615925	2	2	1	4	0	37
chr20	17616010	17616731	2	2	1	4	0	45
chr20	17627683	17629822	2	2	1	1	0	19
chr20	17660529	17679998	2	2	1	2	0	36
chr20	17660529	17682027	2	2	1	1	0	33
chr20	17942408	17943109	2	2	1	7	0	24
chr20	17943196	17947485	2	2	1	2	0	7
chr20	17947646	17948889	2	2	1	2	0	15
chr20	17949104	17950131	2	2	1	1	0	37
chr20	17970371	17988165	1	1	1	2	0	35
chr20	18135521	18136061	1	3	1	1	0	41
chr20	18628234	18744099	1	1	1	2	0	30
chr20	20036363	20037322	2	2	1	5	0	42
chr20	20050623	20052291	2	2	1	2	0	13
chr20	21215649	21229010	1	1	1	1	0	33
chr20	21229116	21232733	1	1	1	1	0	8
chr20	21232831	21244244	1	1	1	3	0	39
chr20	21244289	21246478	1	1	1	2	0	34
chr20	21326407	21326489	1	1	1	2	0	9
chr20	21333619	21333703	1	1	1	1	0	36
chr20	21333838	21333936	1	1	1	3	0	42
chr20	21333995	21334077	1	1	1	8	0	44
chr20	21334186	21339043	1	1	1	2	0	8
chr20	22604882	22618352	1	1	1	1	0	24
chr20	25410645	25430612	2	2	1	1	0	35
chr20	25461636	25462382	2	2	1	1	0	12
chr20	25480268	25481967	2	2	1	2	0	43
chr20	28583111	28583869	2	2	1	1	0	12
chr20	28583947	28586298	2	2	1	2	0	39
chr20	28586404	28588642	2	2	1	1	0	10
chr20	28902398	28922417	1	1	1	0	1	30
chr20	28902398	28927209	1	1	1	0	1	30
chr20	30391309	30393550	1	1	1	1	1	25
chr20	31061258	31074347	2	2	1	1	0	39
chr20	31071662	31073226	2	2	1	1	0	35
chr20	31073693	31074347	2	2	1	0	1	31
chr20	31760180	31766555	1	1	1	1	0	30
chr20	31770472	31771559	1	1	1	1	0	36
chr20	31775989	31777486	1	1	1	1	0	37
chr20	31792831	31793847	1	1	1	1	0	23
chr20	32231588	32232049	1	3	1	1	0	20
chr20	32371875	32372163	1	1	1	1	0	44
chr20	32704490	32704813	2	2	1	1	0	22
chr20	32706761	32727892	2	2	1	1	0	41
chr20	32787452	32788853	1	1	1	1	0	15
chr20	32792771	32793535	1	1	1	1	0	31
chr20	32797300	32798459	1	1	1	1	0	22
chr20	32798644	32799243	1	1	1	1	0	14
chr20	32799329	32800152	1	1	1	2	0	38
chr20	33625018	33628349	1	1	1	1	0	10
chr20	33715959	33734818	2	2	1	1	0	30
chr20	34073636	34075873	1	1	1	1	0	25
chr20	34078554	34079909	1	1	1	2	0	45
chr20	34089906	34090516	2	2	1	1	0	4
chr20	34090603	34093674	2	2	1	1	0	38
chr20	34093732	34096656	2	2	1	1	0	34
chr20	34098634	34103461	2	2	1	0	8	31
chr20	34103566	34105367	2	2	1	15	8	41
chr20	34105546	34112095	2	2	1	0	6	32
chr20	34280651	34281026	2	2	1	1	0	36
chr20	34369471	34393790	1	1	1	3	0	45
chr20	34427029	34427338	2	4	1	1	0	43
chr20	34489927	34492500	1	1	1	1	0	13
chr20	35279207	35279565	2	2	1	1	0	17
chr20	35507818	35510022	1	1	1	2	0	32
chr20	35510055	35511362	1	1	1	2	0	15
chr20	35557250	35557424	1	1	1	5	0	24
chr20	35557563	35557597	2	4	1	1	0	31
chr20	35631174	35631267	2	2	1	1	0	40
chr20	35631355	35631491	2	2	1	1	0	9
chr20	35631579	35631687	2	2	1	1	0	4
chr20	35699764	35700797	1	1	1	10	0	35
chr20	35704582	35704667	2	2	1	1	0	14
chr20	35716806	35721739	2	2	1	1	0	13
chr20	35740598	35740823	2	2	1	2	0	44
chr20	35740888	35741940	2	2	1	4	1	45
chr20	35740990	35741940	2	2	1	0	1	6
chr20	35863401	35869437	1	1	1	1	0	15
chr20	35899649	35913248	1	1	1	4	0	36
chr20	36323006	36324257	2	2	1	1	0	46
chr20	36528547	36528584	2	4	1	1	0	13
chr20	36809696	36815634	2	4	1	2	0	19
chr20	37228745	37229972	1	1	1	1	0	28
chr20	37234096	37236579	1	1	1	1	0	7
chr20	37236710	37241302	1	1	1	7	0	30
chr20	37694153	37732878	1	1	1	1	0	41
chr20	37860345	37871924	1	1	1	4	0	45
chr20	37999329	38002627	2	2	1	1	0	43
chr20	38048482	38057531	1	1	1	1	0	5
chr20	38057645	38059393	1	1	1	2	0	12
chr20	41061491	41076170	1	1	1	2	0	45
chr20	41076295	41077581	1	1	1	2	0	33
chr20	41077638	41080084	1	1	1	11	0	43
chr20	41080181	41081164	1	1	1	2	0	45
chr20	41081241	41084461	1	1	1	2	0	21
chr20	41092588	41097219	1	1	1	4	0	41
chr20	41097342	41098214	1	1	1	1	0	23
chr20	41112926	41113969	1	1	1	1	0	19
chr20	41116393	41118168	1	1	1	1	0	6
chr20	43515416	43515918	1	1	1	1	0	16
chr20	44901834	44903992	1	1	1	1	0	35
chr20	44905132	44906000	1	1	1	9	0	27
chr20	44906097	44906381	1	1	1	35	0	45
chr20	44908109	44908923	2	2	1	1	0	3
chr20	44921732	44938709	1	1	1	1	0	39
chr20	44938192	44938673	1	1	1	1	0	26
chr20	44938749	44939125	1	1	1	2	0	46
chr20	45470533	45479941	1	1	1	1	0	32
chr20	45815914	45816708	1	1	1	4	0	46
chr20	45899064	45899461	2	2	1	2	0	31
chr20	46014475	46016249	1	1	1	1	0	14
chr20	47291889	47294665	2	2	1	2	0	16
chr20	47310205	47347855	2	2	1	1	0	40
chr20	49058549	49063201	1	1	1	1	0	16
chr20	49085387	49088008	1	1	1	1	0	40
chr20	49091023	49092045	1	1	1	1	0	4
chr20	49094964	49096348	1	1	1	2	0	38
chr20	49135932	49151581	2	2	1	1	0	41
chr20	49219542	49221451	1	1	1	1	0	16
chr20	49236511	49238948	1	1	1	1	0	29
chr20	49239056	49239235	1	1	1	1	0	31
chr20	49239339	49241892	1	1	1	1	0	30
chr20	49242682	49243628	1	1	1	1	0	15
chr20	49243704	49243815	1	1	1	4	0	29
chr20	49279209	49289044	1	1	1	1	0	34
chr20	49280571	49289044	1	1	1	1	0	15
chr20	49280965	49289044	1	1	1	2	0	17
chr20	49946251	49949247	1	1	1	1	0	24
chr20	49949356	49952075	1	1	1	4	0	41
chr20	50082915	50084128	2	2	1	4	0	28
chr20	50084255	50096671	2	2	1	1	0	22
chr20	50565070	50568379	1	1	1	1	0	39
chr20	50579330	50579702	1	1	1	1	0	42
chr20	50894513	50902016	2	2	1	1	0	19
chr20	50933828	50944356	1	1	1	1	0	24
chr20	50935237	50936147	2	2	1	1	0	30
chr20	53577281	53578333	2	2	1	1	0	28
chr20	54208125	54214350	1	1	1	1	0	29
chr20	54214459	54215299	1	1	1	2	0	22
chr20	54215441	54219018	1	1	1	15	0	44
chr20	56468767	56470599	1	1	1	1	0	44
chr20	57368813	57373474	1	1	1	1	0	14
chr20	58418364	58434601	1	1	1	1	0	39
chr20	58898986	58903530	1	1	1	1	0	32
chr20	58909805	58909950	1	1	1	1	0	34
chr20	58910402	58910682	1	1	1	2	0	29
chr20	59028842	59030302	2	2	1	27	0	45
chr20	59030430	59032219	2	2	1	2	0	42
chr20	59036761	59037190	2	2	1	1	0	40
chr20	62010166	62012814	2	2	1	1	0	5
chr20	62136950	62137101	2	2	1	1	0	17
chr20	62136950	62137363	2	2	1	16	0	43
chr20	62137427	62138170	2	2	1	23	0	46
chr20	62138291	62139074	2	2	1	4	0	36
chr20	62143890	62158671	1	1	1	1	0	11
chr20	62158749	62159876	1	1	1	1	0	4
chr20	62281166	62281789	1	1	1	3	0	18
chr20	62308471	62308654	1	1	1	5	0	37
chr20	62387389	62387610	1	1	1	8	0	32
chr20	62387675	62387842	1	1	1	56	0	44
chr20	62387675	62388308	1	1	1	1	0	21
chr20	62387915	62388308	1	1	1	122	0	46
chr20	62388365	62388456	1	1	1	93	0	45
chr20	62907360	62909698	2	2	1	2	0	29
chr20	63196735	63202286	2	2	1	1	0	19
chr20	63289497	63289677	1	1	1	2	0	15
chr20	63433904	63438624	2	2	1	1	0	26
chr20	63940056	63940149	2	2	1	3	0	19
chr20	63958558	63958746	2	2	1	1	0	19
chr20	63983216	63984906	1	1	1	1	0	42
chr20	64026059	64026981	1	1	1	1	0	8
chr20	64032045	64032840	1	1	1	1	0	44
chr21	5133501	5133654	2	2	1	0	1	17
chr21	6448566	6449822	2	2	1	0	1	19
chr21	6458056	6460186	2	2	1	0	1	41
chr21	6484917	6486137	2	2	1	0	5	44
chr21	6486231	6486321	2	2	1	0	1	36
chr21	6486720	6487106	2	2	1	0	1	37
chr21	8208270	8252247	1	1	1	0	1	19
chr21	8209995	8254205	2	2	1	0	3	28
chr21	8209995	8393030	2	2	1	0	3	28
chr21	8210238	8210860	2	4	1	0	7	13
chr21	8210251	8210505	0	0	1	0	3	42
chr21	8210310	8254473	1	1	1	0	1	41
chr21	8211336	8216218	1	1	1	0	1	35
chr21	8211336	8260447	1	1	1	0	1	35
chr21	8214128	8215220	1	1	1	0	1	44
chr21	8214128	8259449	1	1	1	0	1	44
chr21	8215730	8253844	2	2	1	0	1	15
chr21	8215730	8254242	2	2	1	0	2	33
chr21	8215808	8260035	2	2	1	0	1	13
chr21	8216322	8217453	2	4	1	2	0	35
chr21	8216566	8260407	2	4	1	0	2	26
chr21	8216685	8254796	1	1	1	0	2	22
chr21	8216694	8217730	2	4	1	1	0	19
chr21	8217010	8260748	1	1	1	0	1	32
chr21	8218243	8218524	1	1	1	0	1	13
chr21	8254205	8393030	2	2	1	0	3	28
chr21	8254205	8437240	2	2	1	0	3	28
chr21	8254459	8254713	0	0	1	0	3	42
chr21	8255544	8260447	1	1	1	0	1	35
chr21	8258349	8259449	1	1	1	0	1	44
chr21	8391317	8435272	1	1	1	0	1	19
chr21	8393030	8437240	2	2	1	0	3	28
chr21	8393273	8393895	2	4	1	0	7	13
chr21	8393286	8393540	0	0	1	0	3	42
chr21	8393345	8437510	1	1	1	0	1	41
chr21	8394371	8399252	1	1	1	0	1	35
chr21	8394371	8443487	1	1	1	0	1	35
chr21	8397166	8398254	1	1	1	0	1	44
chr21	8397166	8442483	1	1	1	0	1	44
chr21	8398764	8436878	2	2	1	0	1	15
chr21	8398764	8437277	2	2	1	0	2	33
chr21	8398842	8443069	2	2	1	0	1	13
chr21	8399600	8443447	2	4	1	0	2	26
chr21	8399719	8437833	1	1	1	0	2	22
chr21	8400044	8443788	1	1	1	0	1	32
chr21	8401281	8401562	1	1	1	0	1	13
chr21	8437483	8438105	2	4	1	0	7	13
chr21	8437496	8437750	0	0	1	0	3	42
chr21	8438581	8443487	1	1	1	0	1	35
chr21	8440607	8441146	2	2	1	0	1	16
chr21	8441386	8442483	1	1	1	0	1	44
chr21	8445513	8445794	1	1	1	0	1	13
chr21	15778028	15791501	1	1	1	1	0	11
chr21	15818847	15824038	1	1	1	1	0	38
chr21	15824167	15824965	1	1	1	1	0	9
chr21	15831630	15833347	1	1	1	1	0	35
chr21	15842541	15864267	1	1	1	2	0	33
chr21	17594333	17598616	2	2	1	1	0	31
chr21	23373085	23384687	2	2	1	1	0	11
chr21	25585755	25588834	2	2	1	8	0	31
chr21	25588883	25592811	2	2	1	12	0	44
chr21	25603936	25606448	2	2	1	4	0	40
chr21	25724678	25725225	2	2	1	46	0	45
chr21	25725351	25729630	2	2	1	8	0	42
chr21	25881772	25891721	2	2	1	1	0	8
chr21	25955756	25975069	2	2	1	2	0	41
chr21	26053349	26089942	2	2	1	1	0	42
chr21	27896216	27920594	1	1	1	2	0	27
chr21	29030774	29034836	1	1	1	1	0	27
chr21	29034941	29036270	1	1	1	1	0	46
chr21	29036375	29037275	1	1	1	1	0	4
chr21	29039569	29040608	1	1	1	1	0	19
chr21	29042105	29042471	1	1	1	1	0	25
chr21	29042529	29043422	1	1	1	3	0	44
chr21	29056553	29060540	2	2	1	16	0	43
chr21	29060661	29061252	2	2	1	1	0	24
chr21	29061418	29061495	2	2	1	1	0	42
chr21	29062244	29062327	2	2	1	1	0	43
chr21	29063531	29064967	2	2	1	1	0	24
chr21	29321515	29326058	1	1	1	1	0	30
chr21	31663887	31666448	1	1	1	1	0	23
chr21	31666519	31667257	1	1	1	1	0	41
chr21	31667376	31668470	1	1	1	8	0	36
chr21	32080518	32086203	2	2	1	1	0	20
chr21	32269118	32269706	2	2	1	8	0	34
chr21	32601974	32602271	2	2	1	1	0	40
chr21	32653367	32656686	2	2	1	1	0	39
chr21	32744914	32745573	2	2	1	1	0	43
chr21	33260728	33262560	1	1	1	1	0	7
chr21	33349291	33349388	1	1	1	1	0	42
chr21	33432872	33436827	1	1	1	1	0	7
chr21	33450864	33455726	2	2	1	2	0	30
chr21	33504528	33505560	2	2	1	2	0	42
chr21	33543170	33546212	1	1	1	8	0	46
chr21	33546380	33549475	1	1	1	58	0	44
chr21	33555392	33557155	1	1	1	1	0	27
chr21	33559377	33559586	1	1	1	1	0	44
chr21	33569088	33573307	1	1	1	2	0	29
chr21	33575668	33575777	1	1	1	1	0	26
chr21	33766013	33767712	1	1	1	2	0	39
chr21	33781549	33781993	1	1	1	3	0	26
chr21	33782134	33794340	1	1	1	3	0	35
chr21	33903640	33903934	2	2	1	25	0	45
chr21	33903657	33903934	2	2	1	1	0	20
chr21	33904022	33907340	2	2	1	1	0	31
chr21	33909212	33912288	2	2	1	2	0	19
chr21	33912400	33914449	2	2	1	1	0	20
chr21	36570924	36597988	2	2	1	1	0	18
chr21	37091414	37094004	1	1	1	0	1	37
chr21	37123029	37124618	1	1	1	1	0	18
chr21	37167621	37172594	1	1	1	1	0	25
chr21	37172745	37182773	1	1	1	2	0	45
chr21	37196037	37197569	1	1	1	3	0	32
chr21	37480827	37486466	1	1	1	1	0	31
chr21	39175665	39177434	2	2	1	5	0	41
chr21	39177572	39178448	2	2	1	1	0	38
chr21	39178648	39179923	2	2	1	2	0	28
chr21	39197416	39198762	2	2	1	1	0	5
chr21	39236785	39238478	2	2	1	1	0	32
chr21	39250890	39255644	2	2	1	1	0	14
chr21	39345275	39348291	2	2	1	2	0	36
chr21	39348340	39348421	2	2	1	1	0	30
chr21	39348452	39348544	2	2	1	1	0	28
chr21	39393281	39396865	1	1	1	1	0	27
chr21	41397692	41398896	1	1	1	1	0	14
chr21	42760433	42760824	1	1	1	1	0	36
chr21	42843282	42850040	2	2	1	2	0	34
chr21	42893382	42896926	1	1	1	1	0	23
chr21	43021432	43024870	1	1	1	2	0	3
chr21	43056888	43058144	2	2	1	0	1	19
chr21	43066378	43068508	2	2	1	0	1	41
chr21	43093250	43094470	2	2	1	0	5	44
chr21	43094564	43094654	2	2	1	0	1	36
chr21	43095051	43095437	2	2	1	0	1	37
chr21	43683374	43684552	1	1	1	1	0	11
chr21	43684651	43685769	1	1	1	7	0	20
chr21	43685790	43686803	1	1	1	7	0	20
chr21	43686936	43687515	1	1	1	1	0	18
chr21	43753720	43755697	1	1	1	1	0	7
chr21	43755765	43755950	1	1	1	2	0	45
chr21	44037928	44052279	1	1	1	1	0	16
chr21	44055894	44059102	1	1	1	1	0	20
chr21	44128398	44128551	1	1	1	0	1	17
chr21	45288166	45289350	1	1	1	1	0	7
chr21	45437131	45438039	1	3	1	1	0	36
chr21	45505279	45505357	1	1	1	1	0	39
chr21	46235427	46236828	2	2	1	1	0	15
chr21	46291463	46296161	1	1	1	1	0	6
chr21	46293044	46294671	2	2	1	0	1	46
chr21	46294154	46294671	2	2	1	0	1	46
chr21	46296231	46297538	1	1	1	2	0	13
chr21	46346999	46347456	1	1	1	1	0	22
chr21	46355627	46356973	1	1	1	1	0	31
chr22	17427502	17447430	1	1	1	0	1	22
chr22	17446424	17447430	1	1	1	0	1	22
chr22	17497587	17499409	1	1	1	2	0	42
chr22	17499550	17500630	1	1	1	1	0	27
chr22	17503132	17504846	1	1	1	2	0	43
chr22	17735592	17738016	2	2	1	1	0	20
chr22	19179583	19208263	2	4	1	1	0	34
chr22	19441695	19447377	2	2	1	1	0	41
chr22	19450745	19454748	2	2	1	19	0	44
chr22	19454831	19455679	2	2	1	7	0	41
chr22	19516646	19516816	1	1	1	1	0	26
chr22	19516894	19518843	1	1	1	4	0	29
chr22	19518910	19520480	1	1	1	5	0	28
chr22	20117665	20119012	1	1	1	1	0	39
chr22	20122422	20125307	1	1	1	3	0	43
chr22	20125437	20126302	1	1	1	7	0	25
chr22	20126369	20126951	1	1	1	5	0	31
chr22	20126369	20126954	1	1	1	3	0	19
chr22	21679970	21684332	1	1	1	0	1	41
chr22	21679970	21691560	1	1	1	0	1	41
chr22	21774499	21782569	1	1	1	0	2	26
chr22	23765458	23765720	1	1	1	1	0	18
chr22	23766027	23766127	2	2	1	7	0	41
chr22	23894583	23894771	1	1	1	1	0	6
chr22	23894945	23895039	1	1	1	39	0	43
chr22	23895097	23895143	2	2	1	1	0	32
chr22	23971624	23973767	2	2	1	4	0	37
chr22	24328920	24330255	1	1	1	2	0	40
chr22	24557801	24567983	1	1	1	2	0	24
chr22	24568177	24571915	1	1	1	16	0	43
chr22	25457402	25459415	1	1	1	1	0	30
chr22	25465382	25481277	1	1	1	0	1	27
chr22	25520163	25520681	1	1	1	1	0	6
chr22	25700731	25716129	1	3	1	1	0	45
chr22	26660028	26660277	1	1	1	1	0	27
chr22	27860242	27873737	2	2	1	1	0	36
chr22	27873816	27894554	2	2	1	1	0	38
chr22	28687987	28689134	2	2	1	1	0	37
chr22	28697677	28698342	2	4	1	1	0	44
chr22	28725368	28734402	2	2	1	1	0	8
chr22	28743979	28744614	1	1	1	1	0	5
chr22	28744710	28745863	1	1	1	1	0	6
chr22	28751289	28757077	1	1	1	1	0	44
chr22	29292607	29296238	1	1	1	1	0	30
chr22	29299852	29300121	1	1	1	13	0	44
chr22	29363107	29367206	2	2	1	1	0	11
chr22	29367271	29388423	2	2	1	1	0	17
chr22	29508521	29511105	2	2	1	3	0	43
chr22	29511297	29512020	2	2	1	1	0	45
chr22	29767549	29769677	1	1	1	5	0	33
chr22	29767608	29769677	1	1	1	1	0	37
chr22	30337181	30337689	2	2	1	1	0	5
chr22	30342351	30342804	2	2	1	1	0	22
chr22	30579936	30580052	2	2	1	1	0	40
chr22	31198519	31198901	2	4	1	1	0	38
chr22	31372992	31373018	1	3	1	1	0	27
chr22	31777984	31778098	1	1	1	1	0	46
chr22	31877079	31885968	1	1	1	1	0	19
chr22	31944821	31945499	1	1	1	0	1	4
chr22	31944821	31956138	1	1	1	1	1	16
chr22	32394003	32395025	2	2	1	1	0	24
chr22	32408243	32408754	2	2	1	1	0	22
chr22	32484125	32485067	1	1	1	1	0	22
chr22	33650669	33761370	2	2	1	1	0	3
chr22	33879064	33901019	2	2	1	1	0	43
chr22	34008941	34054604	2	2	1	1	0	36
chr22	35323178	35347748	1	1	1	1	0	14
chr22	35400209	35400430	1	1	1	1	0	26
chr22	35423342	35424153	1	1	1	1	0	5
chr22	35744250	35745922	2	2	1	3	0	42
chr22	35745996	35746472	2	2	1	3	0	44
chr22	36326662	36327460	2	2	1	1	0	28
chr22	36327489	36341369	2	2	1	1	0	9
chr22	36467537	36467679	2	4	1	1	0	43
chr22	36511001	36511502	2	2	1	7	0	35
chr22	36511787	36512459	2	2	1	1	0	19
chr22	36518911	36519404	2	2	1	1	0	26
chr22	36523282	36523894	2	2	1	1	0	8
chr22	36524733	36525663	2	2	1	1	0	29
chr22	37678655	37679602	1	1	1	2	0	36
chr22	37691425	37693331	1	1	1	1	0	26
chr22	37769188	37769261	1	1	1	1	0	26
chr22	37771737	37772600	1	1	1	1	0	21
chr22	37878172	37886764	1	1	1	1	1	28
chr22	37886846	37888425	1	1	1	12	0	42
chr22	37959477	37967098	1	1	1	2	0	22
chr22	37967171	37967624	1	1	1	14	0	42
chr22	38291006	38291434	1	3	1	1	0	40
chr22	38293320	38294108	2	2	1	6	0	43
chr22	38294249	38294341	2	2	1	1	0	22
chr22	38494803	38494885	2	2	1	2	0	27
chr22	39312985	39313190	2	2	1	310	0	45
chr22	39313311	39313633	2	2	1	60	0	46
chr22	39313730	39314106	2	2	1	8	0	43
chr22	39314209	39314685	2	2	1	6	0	36
chr22	39314847	39315368	2	2	1	2	0	23
chr22	39316842	39317460	2	2	1	3	0	42
chr22	39317630	39318399	2	2	1	2	0	36
chr22	40178141	40246014	1	1	1	2	0	18
chr22	40361343	40361487	1	1	1	1	0	46
chr22	40363072	40364275	1	1	1	3	1	21
chr22	40364366	40364879	1	1	1	1	0	12
chr22	40364366	40366435	1	1	1	5	0	44
chr22	40365057	40366435	1	1	1	22	0	44
chr22	40774020	40777039	2	2	1	1	0	35
chr22	40799084	40819194	2	2	1	1	0	15
chr22	40826667	40827095	2	2	1	2	0	43
chr22	40830957	40832568	2	2	1	1	1	21
chr22	40832672	40835559	2	2	1	1	2	31
chr22	40835888	40840625	2	2	1	0	1	21
chr22	40850881	40856430	2	2	1	2	0	42
chr22	40953634	40964046	1	1	1	1	0	21
chr22	40964118	40967798	1	1	1	1	0	34
chr22	40967885	40972475	1	1	1	16	0	31
chr22	41157409	41158411	1	1	1	1	0	19
chr22	41160723	41162722	1	1	1	1	0	6
chr22	41172664	41173622	1	1	1	1	0	16
chr22	41246673	41249329	2	2	1	1	0	7
chr22	41256291	41256710	2	2	1	1	0	22
chr22	41274728	41280932	2	2	1	2	0	22
chr22	41301930	41302032	2	2	1	1	0	19
chr22	41621346	41621989	1	1	1	1	0	20
chr22	41628231	41636112	1	1	1	3	0	40
chr22	41637792	41646895	1	1	1	4	0	38
chr22	41657033	41658251	1	1	1	3	0	26
chr22	41658353	41661330	1	1	1	1	0	36
chr22	41675196	41680243	2	2	1	1	0	32
chr22	41858998	41864827	2	2	1	1	0	21
chr22	42086315	42087059	2	2	1	12	0	42
chr22	42364726	42368714	2	2	1	1	0	29
chr22	42571884	42574679	2	2	1	1	0	22
chr22	42822410	42823655	2	2	1	1	0	5
chr22	42823703	42826939	2	2	1	1	0	40
chr22	42827000	42831548	2	2	1	2	0	12
chr22	43039906	43046409	2	2	1	1	0	28
chr22	43361385	43392228	1	1	1	1	0	28
chr22	43990407	43996337	1	1	1	3	0	38
chr22	45178901	45181285	1	1	1	1	0	46
chr22	45843179	45843668	1	1	1	2	0	9
chr22	46687207	46689991	2	2	1	2	0	35
chr22	46912189	46974289	1	1	1	1	0	4
chr22	49923318	49924359	1	1	1	1	0	33
chr22	50217828	50217917	2	2	1	1	0	10
chr22	50292274	50341928	1	1	1	0	2	42
chr22	50444118	50444198	1	1	1	2	0	30
chr22	50523167	50523234	1	1	1	1	0	33
chr22	50573061	50573519	2	2	1	1	0	12
chr22	50776750	50777951	2	2	1	1	0	26
chrX	321249	321682	1	1	1	0	1	10
chrX	334518	338603	2	2	1	0	1	3
chrX	338711	338777	2	2	1	0	1	17
chrX	1338790	1341597	2	2	1	0	1	28
chrX	1387420	1389240	2	2	1	0	2	30
chrX	2249356	2274585	2	2	1	0	1	30
chrX	2408814	2425196	2	2	1	0	1	17
chrX	2425305	2500310	2	2	1	0	1	42
chrX	7900818	7901988	2	2	1	3	0	28
chrX	8566213	8568231	2	2	1	1	0	7
chrX	9711777	9714901	1	1	1	1	0	42
chrX	11120994	11121611	1	1	1	3	0	17
chrX	11760499	11760836	1	1	1	1	0	8
chrX	12975169	12976245	1	1	1	2	0	15
chrX	12976362	12976776	1	1	1	2	0	42
chrX	13608447	13617729	1	1	1	1	0	39
chrX	13744520	13746318	1	1	1	2	0	45
chrX	13749534	13753367	1	1	1	1	0	31
chrX	13760721	13761084	1	1	1	2	0	32
chrX	13763856	13767126	1	1	1	1	0	22
chrX	15791014	15799871	1	1	1	1	0	44
chrX	15799954	15803687	1	1	1	1	0	41
chrX	16589776	16590751	2	2	1	1	0	31
chrX	16757310	16760231	1	1	1	1	0	32
chrX	16832743	16834282	1	1	1	4	0	44
chrX	16834358	16837592	1	1	1	7	0	45
chrX	16837686	16839820	1	1	1	1	0	5
chrX	18892478	18936083	1	3	1	1	0	27
chrX	19355758	19357651	1	1	1	1	0	12
chrX	19357720	19358915	1	1	1	1	0	12
chrX	20128312	20130515	2	2	1	0	1	18
chrX	20130608	20132181	2	2	1	2	0	44
chrX	20135842	20138538	2	2	1	0	2	45
chrX	20138623	20141624	2	2	1	3	0	38
chrX	21561561	21563237	1	1	1	1	0	28
chrX	21940874	21967195	1	1	1	1	0	11
chrX	21992713	21994311	1	1	1	4	0	42
chrX	23076340	23076668	0	0	1	0	2	26
chrX	23679288	23682395	1	1	1	3	0	14
chrX	23682527	23683670	1	1	1	22	0	35
chrX	23683706	23686284	1	1	1	23	0	37
chrX	23704845	23704992	2	2	1	1	0	33
chrX	23707945	23713134	2	2	1	1	0	29
chrX	23713209	23721880	2	2	1	1	0	39
chrX	23721985	23722669	2	2	1	1	0	16
chrX	23783710	23783799	1	1	1	2	0	46
chrX	23833511	23840312	2	2	1	1	0	11
chrX	24057755	24060087	1	1	1	1	0	36
chrX	24060183	24062415	1	1	1	1	0	44
chrX	24152831	24172714	1	1	1	2	0	42
chrX	24741505	24742001	1	1	1	1	0	28
chrX	40063072	40063607	2	2	1	2	0	15
chrX	40118383	40118421	2	2	1	1	0	27
chrX	41140772	41140965	1	1	1	3	0	37
chrX	41225138	41229252	1	1	1	1	0	10
chrX	41229410	41229566	1	1	1	1	0	32
chrX	41342654	41342736	1	1	1	1	0	31
chrX	41343823	41344029	1	1	1	1	0	12
chrX	41363591	41385548	2	4	1	1	0	36
chrX	45083609	45085864	1	1	1	2	0	34
chrX	47142441	47142583	2	2	1	2	0	15
chrX	47142441	47142613	2	2	1	1	0	17
chrX	47182043	47182161	1	1	1	1	0	27
chrX	47212864	47212989	1	1	1	1	0	3
chrX	47214429	47214536	1	1	1	1	0	27
chrX	47227100	47227180	1	1	1	2	0	5
chrX	47245483	47247071	1	1	1	1	0	11
chrX	47247420	47247610	1	1	1	1	0	22
chrX	47247700	47247792	1	1	1	4	0	15
chrX	47651896	47652080	2	2	1	8	0	46
chrX	47652145	47657182	2	2	1	3	0	46
chrX	48902796	48902927	1	1	1	4	0	37
chrX	48974286	48975154	2	4	1	3	0	25
chrX	48981315	48981415	2	2	1	1	0	8
chrX	51901939	51902145	1	1	1	7	0	38
chrX	52191730	52191843	1	1	1	1	0	18
chrX	52191862	52192056	1	1	1	1	0	18
chrX	53399731	53403565	2	2	1	3	0	44
chrX	53403673	53403776	2	2	1	1	0	16
chrX	53405957	53409061	2	2	1	1	0	6
chrX	53413139	53413231	2	2	1	1	0	33
chrX	53533412	53534006	2	2	1	3	0	35
chrX	53548274	53548958	2	2	1	1	0	11
chrX	53558810	53558970	2	2	1	1	0	38
chrX	53559061	53559353	2	4	1	2	0	42
chrX	53562245	53562830	2	2	1	1	0	44
chrX	53562930	53563745	2	2	1	1	0	15
chrX	53575222	53575642	2	2	1	1	0	31
chrX	53584346	53585011	2	2	1	4	0	22
chrX	54251688	54253958	2	2	1	1	0	4
chrX	54294848	54298174	2	2	1	1	0	35
chrX	54333793	54357798	2	2	1	1	0	16
chrX	54554693	54558435	1	1	1	2	0	21
chrX	54815691	54815880	1	1	1	4	0	35
chrX	54931032	54931203	1	1	1	1	0	13
chrX	56129342	56204972	1	1	1	2	0	18
chrX	56729590	56732062	1	1	1	1	0	42
chrX	65512902	65514822	2	2	1	2	0	24
chrX	65731985	65733183	1	1	1	1	0	38
chrX	70299203	70301899	1	1	1	1	0	17
chrX	70352657	70353621	1	1	1	1	0	8
chrX	70375349	70376099	1	1	1	1	0	30
chrX	71033890	71063283	1	1	1	1	0	29
chrX	71294529	71296564	1	1	1	1	0	18
chrX	71297048	71297376	1	1	1	1	0	12
chrX	71297462	71297835	1	1	1	4	0	38
chrX	71297939	71298468	1	1	1	1	0	25
chrX	71298509	71298706	1	1	1	1	0	25
chrX	71470667	71470783	1	1	1	3	0	41
chrX	72196905	72197367	1	1	1	6	0	32
chrX	72204845	72205299	2	2	1	1	0	23
chrX	72272773	72273231	2	2	1	86	0	45
chrX	72273390	72273800	2	2	1	4	0	34
chrX	72273973	72275052	2	2	1	2	0	35
chrX	74594390	74595808	2	2	1	1	0	13
chrX	75060331	75062327	2	2	1	1	0	3
chrX	75076655	75098941	2	2	1	1	0	9
chrX	77599821	77600433	2	2	1	6	0	45
chrX	77600565	77616612	2	2	1	1	0	29
chrX	77652354	77654097	2	2	1	1	0	10
chrX	77656654	77663381	2	2	1	3	0	43
chrX	77664779	77676225	2	2	1	1	0	24
chrX	77676299	77681519	2	2	1	1	0	18
chrX	77899594	77902649	1	1	1	0	1	3
chrX	77902768	77905183	1	1	1	5	0	40
chrX	79361178	79361328	2	2	1	1	0	32
chrX	81115231	81116203	2	2	1	1	0	13
chrX	81202246	81276983	1	1	1	1	0	24
chrX	85268342	85270002	1	1	1	1	0	21
chrX	92105646	92105676	1	1	1	0	6	43
chrX	97348281	97383908	1	1	1	3	0	13
chrX	97384045	97429649	1	1	1	4	0	43
chrX	97429746	97469693	1	1	1	2	2	12
chrX	98876903	98881614	1	1	1	1	0	21
chrX	100838365	100840713	1	1	1	1	0	4
chrX	101391565	101391754	1	1	1	6	0	42
chrX	101391823	101395334	1	1	1	3	41	45
chrX	101395458	101395727	1	1	1	96	0	46
chrX	102599848	102605481	1	1	1	0	1	4
chrX	102901134	102901630	1	1	1	1	0	6
chrX	103063280	103063641	2	2	1	1	0	25
chrX	103063732	103064095	2	2	1	1	0	28
chrX	103254018	103254604	2	2	1	1	0	6
chrX	103254678	103255077	2	2	1	2	0	39
chrX	103275343	103276672	2	2	1	1	0	46
chrX	103309982	103310357	2	2	1	2	0	28
chrX	103356607	103357082	1	1	1	1	0	44
chrX	103376614	103377027	1	1	1	1	0	44
chrX	103586292	103586648	1	1	1	2	0	10
chrX	107167785	107175088	2	2	1	1	0	45
chrX	107647766	107649939	1	1	1	4	0	34
chrX	108157261	108159461	2	2	1	1	0	32
chrX	108204413	108205438	2	2	1	1	0	34
chrX	108621893	108622675	1	1	1	1	0	31
chrX	109659512	109661530	2	2	1	2	0	42
chrX	111685104	111687886	1	1	1	1	0	6
chrX	111718275	111720094	1	1	1	1	0	22
chrX	111723899	111724933	1	1	1	1	0	42
chrX	115561261	115610242	1	1	1	1	0	6
chrX	115610324	115622245	1	1	1	2	0	13
chrX	119470514	119470900	1	1	1	1	0	36
chrX	119581597	119582587	1	3	1	1	0	16
chrX	119786733	119789907	2	2	1	0	94	46
chrX	119790012	119791573	2	2	1	0	7	32
chrX	119835028	119837756	2	2	1	1	0	26
chrX	119838528	119841075	2	2	1	4	0	9
chrX	119872014	119873303	1	1	1	3	0	24
chrX	119873394	119876513	1	1	1	22	0	45
chrX	119936432	119936611	2	2	1	1	0	9
chrX	120544204	120544480	2	2	1	1	0	22
chrX	120605560	120606078	1	1	1	1	0	29
chrX	120611079	120612182	1	1	1	4	0	9
chrX	123614190	123619400	2	2	1	3	0	29
chrX	123619437	123620906	2	2	1	1	0	32
chrX	123621588	123622757	2	2	1	3	0	11
chrX	123622861	123623104	2	2	1	2	0	35
chrX	123639028	123640537	2	2	1	1	0	22
chrX	123640623	123644574	2	2	1	1	0	6
chrX	123668315	123671668	2	2	1	2	0	19
chrX	123671762	123686547	2	2	1	2	0	23
chrX	123891317	123892730	1	1	1	1	0	42
chrX	124021432	124022530	1	1	1	1	0	28
chrX	124022672	124025839	1	1	1	1	0	18
chrX	124045369	124047353	1	1	1	1	0	22
chrX	124094145	124095371	1	1	1	2	0	22
chrX	129448444	129465519	2	2	1	1	0	35
chrX	129499842	129504733	2	2	1	1	0	25
chrX	129516498	129518360	2	2	1	2	0	6
chrX	129912711	129913309	1	1	1	1	0	44
chrX	130156604	130165550	2	2	1	1	0	45
chrX	130350732	130358639	1	1	1	1	0	5
chrX	130409387	130411347	1	1	1	3	0	3
chrX	130637411	130656580	2	2	1	1	0	34
chrX	131279342	131281217	2	2	1	1	0	25
chrX	132054862	132063432	1	1	1	1	0	22
chrX	132063490	132068214	1	1	1	1	0	13
chrX	133596600	133661729	2	2	1	1	0	38
chrX	134377756	134378004	1	1	1	1	0	36
chrX	134393635	134393908	1	1	1	2	0	43
chrX	134393953	134413490	1	1	1	1	0	5
chrX	134413967	134415015	1	1	1	2	0	7
chrX	134415121	134417168	1	1	1	1	0	35
chrX	134498685	134500029	1	1	1	1	0	27
chrX	136226014	136227283	2	2	1	1	0	7
chrX	136227432	136228622	2	2	1	1	0	3
chrX	136246149	136246242	2	2	1	2	0	44
chrX	136497871	136499597	1	1	1	2	0	38
chrX	136509181	136510081	1	1	1	1	0	15
chrX	136879124	136879318	2	2	1	1	0	34
chrX	139738070	139740990	2	2	1	1	0	13
chrX	139782729	139783163	2	2	1	2	0	38
chrX	139787245	139788191	2	2	1	1	0	19
chrX	147936614	147937465	1	1	1	1	0	30
chrX	147945617	147948412	1	1	1	1	0	34
chrX	149545884	149546738	1	1	1	0	1	35
chrX	149604071	149608626	2	2	1	2	0	27
chrX	149932768	149933621	2	2	1	0	1	35
chrX	150983377	150985594	1	1	1	1	0	19
chrX	150985750	150986050	1	1	1	1	0	14
chrX	150986191	150987127	1	1	1	1	0	21
chrX	150987303	150987776	1	1	1	11	0	39
chrX	152651783	152658828	1	1	1	1	0	14
chrX	153447910	153454393	2	2	1	1	0	20
chrX	153455767	153456264	2	2	1	1	0	45
chrX	153702108	153702934	2	2	1	1	0	35
chrX	153785974	153786211	2	2	1	1	0	15
chrX	153794755	153795662	1	1	1	1	0	34
chrX	153797815	153798070	1	1	1	5	0	38
chrX	153798137	153798328	1	1	1	3	0	43
chrX	153930224	153930762	2	2	1	2	0	46
chrX	153957534	153957781	2	2	1	1	0	11
chrX	154348605	154351696	2	2	1	1	0	19
chrX	154349037	154349361	2	2	1	2	0	22
chrX	154352925	154353000	2	2	1	2	0	33
chrX	154362149	154362241	2	2	1	1	0	46
chrX	154399595	154399802	1	1	1	1	0	11
chrX	154399942	154400463	1	1	1	1	0	32
chrX	154400627	154400701	1	1	1	74	1	46
chrX	154448561	154448689	1	1	1	1	0	27
chrX	154450320	154450423	1	1	1	1	0	31
chrX	154478412	154478727	2	2	1	1	0	3
chrX	154769311	154770758	1	1	1	0	1	4
chrX	154774706	154775194	1	1	1	2	0	26
chrX	154776325	154776798	1	1	1	2	0	36
chrX	155077290	155078615	1	5	1	2	0	5
chrX	155120169	155121222	1	1	1	1	0	22
chrY	321249	321682	1	1	1	0	1	10
chrY	334518	338603	2	2	1	0	1	3
chrY	338711	338777	2	2	1	0	1	17
chrY	1338790	1341597	2	2	1	0	1	28
chrY	1387420	1389240	2	2	1	0	2	30
chrY	2249356	2274585	2	2	1	0	1	30
chrY	2408814	2425196	2	2	1	0	1	17
chrY	2425305	2500310	2	2	1	0	1	42
chrY	2844258	2845645	1	1	1	9	0	38
chrY	2845744	2854599	1	1	1	3	0	34
chrY	2854772	2865087	1	1	1	3	0	45
chrY	2865246	2866792	1	1	1	26	0	46
chrY	11305622	11318359	2	2	1	0	2	31
chrY	11318154	11327313	2	2	1	0	1	24
chrY	11324516	11327313	2	2	1	0	1	24
chrY	12662707	12664639	1	1	1	1	0	18
chrY	12686607	12690325	1	1	1	1	0	5
chrY	12917543	12918042	1	1	1	5	0	44
chrY	19557290	19558039	2	2	1	1	0	33
chrY	20575888	20579607	1	1	1	2	0	45
chrY	20589576	20592340	1	1	1	1	0	27
chrY	24172217	24213333	1	1	1	0	1	40
chrY	25456854	25497973	1	1	1	0	1	40
chrM	3226	7382	1	1	1	1	0	41
chrM	3897	4167	2	2	1	1	0	15
chrM	6424	6545	2	2	1	1	0	45
chrM	6456	7422	1	1	1	0	1	44
chrM	7422	7462	0	0	1	0	5	41
chrM	8068	8125	2	2	1	1	0	19
chrM	8971	9030	2	2	1	4	0	44
GL000195.1	147207	148203	2	2	1	1	0	29
GL000195.1	149165	167047	1	1	1	0	2	7
GL000220.1	107706	151446	1	1	1	0	1	19
GL000220.1	109442	153414	2	2	1	0	3	28
GL000220.1	109685	110307	2	4	1	0	7	13
GL000220.1	109698	109952	0	0	1	0	3	42
GL000220.1	109757	153684	1	1	1	0	1	41
GL000220.1	110783	115689	1	1	1	0	1	35
GL000220.1	110783	159661	1	1	1	0	1	35
GL000220.1	112809	113348	2	2	1	0	1	16
GL000220.1	113588	114685	1	1	1	0	1	44
GL000220.1	113588	158657	1	1	1	0	1	44
GL000220.1	115195	153052	2	2	1	0	1	15
GL000220.1	115195	153451	2	2	1	0	2	33
GL000220.1	115273	159243	2	2	1	0	1	13
GL000220.1	116037	159621	2	4	1	0	2	26
GL000220.1	116156	154007	1	1	1	0	2	22
GL000220.1	116481	159962	1	1	1	0	1	32
GL000220.1	117718	117999	1	1	1	0	1	13
GL000220.1	153657	154279	2	4	1	0	7	13
GL000220.1	153670	153924	0	0	1	0	3	42
GL000220.1	154755	159661	1	1	1	0	1	35
GL000220.1	156781	157320	2	2	1	0	1	16
GL000220.1	157560	158657	1	1	1	0	1	44
GL000225.1	6617	21585	2	2	1	0	1	22
GL000225.1	14080	15034	2	2	1	0	2	32
GL000225.1	14284	21585	2	2	1	0	1	22
GL000225.1	20293	46099	2	2	1	0	1	24
GL000225.1	82006	117954	1	1	1	1	0	30
GL000225.1	82118	92908	1	3	1	2	0	42
KI270442.1	82340	87432	1	1	1	0	1	30
KI270442.1	82340	89616	1	1	1	0	1	30
KI270711.1	7103	7816	2	2	1	0	1	6
KI270733.1	124555	169409	1	1	1	0	1	19
KI270733.1	126295	171376	2	2	1	0	3	28
KI270733.1	126538	127160	2	4	1	0	7	13
KI270733.1	126551	126805	0	0	1	0	3	42
KI270733.1	126610	171646	1	1	1	0	1	41
KI270733.1	127636	132544	1	1	1	0	1	35
KI270733.1	127636	177623	1	1	1	0	1	35
KI270733.1	127853	160102	2	2	1	6	2	17
KI270733.1	129661	130204	2	2	1	0	1	16
KI270733.1	130444	131541	1	1	1	0	1	44
KI270733.1	130444	176620	1	1	1	0	1	44
KI270733.1	132051	171014	2	2	1	0	1	15
KI270733.1	132051	171413	2	2	1	0	2	33
KI270733.1	132129	177206	2	2	1	0	1	13
KI270733.1	132421	160102	2	2	1	1	0	15
KI270733.1	132892	177583	2	4	1	0	2	26
KI270733.1	133011	171969	1	1	1	0	2	22
KI270733.1	133336	177924	1	1	1	0	1	32
KI270733.1	134581	134862	1	1	1	0	1	13
KI270733.1	171619	172241	2	4	1	0	7	13
KI270733.1	171632	171886	0	0	1	0	3	42
KI270733.1	172717	177623	1	1	1	0	1	35
KI270733.1	174740	175283	2	2	1	0	1	16
KI270733.1	175523	176620	1	1	1	0	1	44
