chr1	4844740	4846632	2	2	1	1	0	26
chr1	4911356	4915185	1	1	1	0	1	3
chr1	4928200	4937692	1	1	1	3	0	17
chr1	4937756	4948249	1	1	1	6	0	37
chr1	4948356	4956966	1	1	1	0	1	42
chr1	4957055	4959679	1	1	1	0	1	38
chr1	4962293	4963639	1	1	1	1	0	8
chr1	6320392	6331153	1	1	1	1	0	16
chr1	6333489	6334765	1	1	1	1	0	26
chr1	6334815	6335797	1	1	1	1	0	12
chr1	6342996	6344421	1	1	1	1	0	34
chr1	7233596	7239738	1	1	1	3	0	33
chr1	7249129	7249814	0	0	1	0	3	35
chr1	9637164	9646415	1	1	1	1	0	12
chr1	10012375	10012547	2	2	1	1	0	14
chr1	10012381	10012547	2	2	1	3	0	39
chr1	10012617	10012834	2	2	1	2	0	11
chr1	10095289	10097327	2	2	1	1	0	8
chr1	10115410	10117648	1	3	1	1	0	26
chr1	10182768	10183105	1	1	1	2	0	34
chr1	10244421	10250050	2	2	1	2	0	44
chr1	10251267	10253887	2	2	1	1	0	18
chr1	10253973	10254200	2	2	1	3	0	35
chr1	10259184	10259451	2	2	1	1	0	32
chr1	10264717	10269067	2	2	1	1	0	44
chr1	10285985	10286061	2	2	1	2	0	31
chr1	10286219	10286753	2	2	1	1	0	6
chr1	11177977	11180505	1	1	1	1	0	34
chr1	13636621	13639694	2	2	1	4	0	40
chr1	13646677	13648323	2	2	1	3	0	33
chr1	13648383	13649673	2	2	1	2	0	45
chr1	13697129	13697579	2	2	1	6	0	33
chr1	13697129	13700288	2	2	1	1	0	46
chr1	13700438	13708454	2	2	1	2	0	38
chr1	13708634	13717608	2	2	1	1	0	38
chr1	13717736	13720944	2	2	1	2	0	41
chr1	13721109	13730552	2	2	1	1	0	8
chr1	16171584	16171950	2	2	1	49	3	46
chr1	16172161	16172713	2	2	1	9	0	40
chr1	16172824	16172915	2	2	1	2	0	23
chr1	16713703	16715909	2	2	1	5	0	43
chr1	21320083	21327554	1	1	1	1	0	34
chr1	21327607	21329071	1	1	1	2	0	13
chr1	21333149	21335066	1	1	1	4	0	27
chr1	23915531	23916789	2	2	1	13	0	38
chr1	23916876	23930940	2	2	1	3	0	38
chr1	23931075	23961118	2	2	1	2	0	31
chr1	24654769	24654805	1	1	1	0	12	12
chr1	24744000	24745057	1	1	1	1	0	9
chr1	30849912	30850852	2	2	1	1	0	24
chr1	30859319	30859763	2	2	1	2	0	44
chr1	30859909	30860211	2	2	1	1	0	18
chr1	34203319	34203407	1	1	1	2	0	13
chr1	34212167	34213195	1	1	1	1	0	4
chr1	34213304	34213777	1	1	1	1	0	42
chr1	34289776	34290776	1	1	1	0	1	20
chr1	34512491	34512659	1	1	1	2	0	22
chr1	36216698	36218639	2	2	1	1	0	9
chr1	36731366	36731531	1	1	1	1	0	45
chr1	36731632	36732277	1	1	1	27	0	43
chr1	36820540	36821541	1	1	1	1	0	4
chr1	37936916	37937141	1	1	1	1	0	20
chr1	38037406	38056886	1	1	1	5	0	41
chr1	38057013	38057105	1	1	1	4	0	16
chr1	38058616	38060674	1	1	1	4	0	43
chr1	38060893	38061244	1	1	1	6	0	30
chr1	38061396	38071357	1	1	1	1	0	37
chr1	38071457	38072148	1	1	1	2	0	43
chr1	38072239	38073109	1	3	1	4	0	26
chr1	39407337	39409094	1	1	1	0	1	41
chr1	39409221	39410034	1	1	1	36	1	44
chr1	39410148	39410382	1	1	1	69	1	46
chr1	39453346	39453666	2	2	1	1	0	30
chr1	42942625	42944564	1	1	1	1	0	6
chr1	44038996	44040478	1	1	1	1	0	42
chr1	44146265	44146924	2	2	1	3	0	23
chr1	44187311	44196096	1	1	1	1	0	20
chr1	44218392	44219690	1	1	1	2	0	11
chr1	45365019	45365730	1	1	1	3	0	9
chr1	45365785	45366748	1	1	1	3	0	9
chr1	45843162	45844536	1	1	1	1	0	35
chr1	45859351	45861607	1	1	1	2	0	12
chr1	51797168	51799453	2	2	1	2	0	32
chr1	51801786	51803048	2	2	1	1	0	16
chr1	51803124	51805980	2	2	1	1	0	20
chr1	51803124	51808162	2	2	1	2	0	23
chr1	51806068	51808162	2	2	1	5	0	38
chr1	51808250	51809944	2	2	1	1	0	7
chr1	51810014	51812391	2	2	1	1	0	16
chr1	51833558	51836157	2	2	1	1	0	14
chr1	51836695	51838690	2	2	1	6	0	44
chr1	51838795	51840342	2	2	1	2	0	22
chr1	52195242	52198441	1	1	1	1	0	20
chr1	52520164	52529079	2	2	1	1	0	22
chr1	52899325	52901426	1	1	1	1	0	34
chr1	53362430	53365162	1	1	1	1	0	21
chr1	53365617	53369370	2	2	1	1	0	28
chr1	53389222	53390038	2	2	1	1	0	37
chr1	54570119	54571180	2	2	1	1	0	34
chr1	55026652	55027097	2	2	1	1	0	39
chr1	55042365	55042451	2	2	1	1	0	9
chr1	55042650	55044960	2	2	1	2	0	45
chr1	55055650	55055937	2	2	1	1	0	24
chr1	55117867	55118214	2	2	1	1	0	26
chr1	55119507	55120231	2	2	1	8	0	45
chr1	55121311	55122225	2	4	1	2	0	41
chr1	55122967	55123691	2	2	1	1	0	29
chr1	55128375	55129871	1	1	1	0	3	41
chr1	55129962	55130228	1	1	1	30	0	46
chr1	58092885	58093806	1	1	1	1	0	28
chr1	58108006	58109199	1	1	1	1	0	41
chr1	58152472	58154029	1	1	1	1	0	45
chr1	58158749	58160136	1	1	1	1	0	4
chr1	58160264	58164176	1	1	1	23	0	45
chr1	58164239	58166785	1	1	1	18	0	37
chr1	58166867	58177374	1	1	1	1	0	12
chr1	58185735	58186352	1	1	1	2	0	22
chr1	58192732	58197359	1	1	1	1	0	10
chr1	58198179	58198795	1	1	1	4	0	32
chr1	58209903	58210900	1	1	1	1	0	21
chr1	58219818	58222624	1	1	1	1	0	8
chr1	58227683	58233784	1	1	1	1	0	38
chr1	58233953	58238101	1	1	1	1	0	17
chr1	58233953	58239328	1	1	1	2	0	19
chr1	58440383	58440499	1	1	1	4	0	30
chr1	58443514	58444193	1	1	1	1	0	39
chr1	58522863	58532015	2	2	1	1	0	32
chr1	58532048	58532819	2	2	1	1	0	19
chr1	58630409	58634807	1	1	1	4	0	16
chr1	58870827	58872791	1	1	1	1	0	41
chr1	59214201	59217690	2	2	1	1	0	25
chr1	59227026	59231047	2	2	1	2	0	45
chr1	59383526	59391428	1	1	1	1	0	19
chr1	59663642	59671935	1	1	1	0	1	43
chr1	59729722	59731495	1	1	1	5	0	41
chr1	59748296	59749653	1	1	1	2	0	37
chr1	59749812	59750429	1	1	1	1	0	25
chr1	60117401	60119677	2	2	1	5	0	36
chr1	60124916	60126204	2	2	1	4	0	23
chr1	60220914	60233662	1	1	1	2	0	19
chr1	60234336	60239263	1	1	1	6	0	39
chr1	60309589	60311291	1	1	1	1	0	38
chr1	60311417	60316283	1	1	1	1	0	36
chr1	60522500	60532696	2	2	1	3	0	41
chr1	63101413	63104862	2	2	1	1	0	24
chr1	63196437	63198908	2	2	1	1	0	35
chr1	63200174	63202825	2	2	1	1	0	9
chr1	63203012	63203888	2	2	1	2	0	38
chr1	63218533	63218616	1	1	1	22	0	45
chr1	63607128	63610068	1	1	1	3	0	44
chr1	63790538	63791455	1	1	1	2	0	32
chr1	64074924	64081472	2	2	1	1	0	10
chr1	65197896	65198148	0	0	1	3	0	40
chr1	65200372	65200958	2	2	1	1	0	4
chr1	65214528	65218148	2	2	1	1	0	12
chr1	66870687	66876120	2	2	1	2	0	19
chr1	66876208	66877437	2	2	1	1	0	33
chr1	66887626	66892285	2	2	1	1	0	20
chr1	67042717	67043497	2	2	1	2	0	17
chr1	67043571	67043948	2	2	1	2	0	32
chr1	67185003	67187868	1	1	1	1	0	31
chr1	67187962	67191440	1	1	1	2	0	41
chr1	67191531	67195291	1	1	1	2	0	42
chr1	67195421	67195982	1	1	1	1	0	16
chr1	67198101	67200017	1	1	1	4	0	29
chr1	67200117	67201739	1	1	1	1	0	13
chr1	67201836	67204540	1	1	1	1	0	26
chr1	67204731	67205527	1	1	1	1	0	32
chr1	67205686	67207399	1	1	1	3	0	41
chr1	67207529	67210007	1	1	1	1	0	10
chr1	67216245	67219229	1	1	1	1	0	4
chr1	67219349	67234301	1	1	1	1	0	12
chr1	67236228	67237459	1	1	1	1	0	31
chr1	67237642	67243666	1	1	1	2	0	29
chr1	67245991	67248754	1	1	1	1	0	35
chr1	67248833	67251561	1	1	1	1	0	16
chr1	67251670	67253175	1	1	1	2	0	33
chr1	67254740	67257010	1	1	1	1	0	4
chr1	67257086	67259661	1	1	1	1	0	13
chr1	67259761	67266282	1	1	1	1	0	13
chr1	67266343	67267394	1	1	1	1	0	19
chr1	67267508	67268547	1	1	1	3	0	22
chr1	67268585	67270297	2	4	1	1	0	26
chr1	71626103	71629256	2	2	1	1	0	33
chr1	71629364	71629925	2	2	1	2	0	27
chr1	71632395	71634822	2	2	1	9	0	42
chr1	71636547	71637532	2	2	1	1	0	33
chr1	71636907	71637532	2	2	1	1	0	28
chr1	71641657	71644128	2	2	1	2	0	35
chr1	71645200	71645861	2	2	1	1	0	34
chr1	71666517	71667215	2	2	1	1	0	4
chr1	71667696	71668474	2	2	1	1	0	28
chr1	71688485	71689720	2	2	1	1	0	7
chr1	71689859	71690679	2	2	1	1	0	27
chr1	71690809	71691132	2	2	1	1	0	45
chr1	72298593	72301110	2	2	1	1	0	41
chr1	72316580	72323251	2	2	1	2	0	16
chr1	72420888	72422516	1	1	1	1	0	6
chr1	72433127	72433866	1	1	1	2	0	13
chr1	72750960	72751300	1	3	1	106	0	44
chr1	72751384	72752660	1	1	1	230	45	46
chr1	72888864	72891156	1	1	1	1	0	17
chr1	74088091	74088827	1	1	1	1	0	25
chr1	74285274	74287290	1	1	1	1	0	36
chr1	74295211	74301617	1	1	1	1	0	31
chr1	74301745	74302901	1	1	1	4	0	41
chr1	74303613	74306929	1	1	1	4	0	45
chr1	74321331	74321569	2	2	1	0	1	36
chr1	74434182	74434614	1	1	1	1	0	33
chr1	74434985	74435929	2	4	1	0	1	22
chr1	74774911	74775022	1	1	1	1	0	5
chr1	74776007	74776175	1	1	1	3	0	24
chr1	74776551	74776701	1	1	1	1	0	34
chr1	75124215	75124354	1	3	1	1	0	23
chr1	75148633	75148757	2	2	1	1	0	36
chr1	75285354	75285942	2	2	1	15	0	36
chr1	75286111	75288435	2	2	1	2	0	36
chr1	75293088	75293184	2	2	1	1	0	12
chr1	78401983	78420271	2	2	1	1	0	20
chr1	78585585	78602864	1	1	1	1	0	16
chr1	78683109	78683974	1	1	1	2	0	26
chr1	80260517	80261392	2	2	1	2	0	26
chr1	80261539	80264615	2	2	1	1	0	10
chr1	80264845	80266460	2	2	1	1	0	26
chr1	80266576	80267798	2	2	1	3	0	30
chr1	82817611	82836076	1	1	1	1	0	38
chr1	84702536	84703116	2	2	1	2	0	7
chr1	84703221	84703456	2	2	1	1	0	32
chr1	84716556	84717234	2	2	1	2	0	39
chr1	84717378	84719907	2	2	1	1	0	17
chr1	84725051	84726878	2	2	1	2	0	23
chr1	85507467	85511232	2	2	1	1	0	42
chr1	85992528	85998304	1	1	1	1	0	15
chr1	85998349	85999335	1	1	1	1	0	33
chr1	86056028	86058358	1	1	1	19	0	39
chr1	86058452	86060435	1	1	1	15	0	38
chr1	86064839	86066801	1	1	1	5	0	26
chr1	86278401	86278614	2	4	1	1	0	25
chr1	86278419	86278533	2	2	1	19	0	41
chr1	86281578	86282741	2	2	1	1	0	10
chr1	86282867	86283773	2	2	1	1	0	30
chr1	86283916	86284092	2	2	1	1	0	44
chr1	86284180	86284277	2	2	1	2	0	10
chr1	86284464	86284678	2	2	1	2	0	22
chr1	86285175	86285828	2	2	1	1	0	28
chr1	86456967	86457177	1	1	1	2	0	28
chr1	86457275	86457452	1	1	1	5	1	34
chr1	86457527	86457686	1	1	1	3	0	41
chr1	87153956	87155522	1	1	1	4	0	36
chr1	87153956	87160124	1	1	1	1	0	33
chr1	87352949	87356291	1	1	1	2	0	36
chr1	87356451	87361401	1	1	1	5	0	43
chr1	87696466	87697044	1	1	1	1	0	34
chr1	88143605	88143859	1	1	1	1	1	28
chr1	88146406	88146579	0	0	1	4	0	37
chr1	88335164	88338830	1	1	1	1	0	9
chr1	88340081	88344959	1	1	1	2	0	29
chr1	88345015	88346108	1	1	1	5	0	37
chr1	88346160	88348304	1	1	1	6	0	28
chr1	88348401	88354043	1	1	1	23	0	45
chr1	91033020	91035019	1	1	1	1	0	3
chr1	91182116	91189988	1	1	1	1	0	39
chr1	91316187	91318328	2	2	1	2	0	6
chr1	92367630	92379732	2	2	1	10	0	42
chr1	92379842	92388101	2	2	1	2	0	37
chr1	92392205	92395102	2	2	1	1	0	17
chr1	92565126	92567408	2	2	1	5	0	34
chr1	92567482	92569328	2	2	1	1	0	25
chr1	93069860	93071776	1	1	1	1	0	23
chr1	93071873	93072232	1	1	1	2	0	25
chr1	93271434	93273877	1	1	1	1	0	45
chr1	93274010	93278046	1	1	1	1	0	21
chr1	93278103	93278670	1	1	1	1	0	15
chr1	93344362	93344893	2	2	1	1	0	33
chr1	93345412	93347790	2	2	1	1	0	43
chr1	93348010	93348805	2	2	1	2	0	19
chr1	93358893	93359033	2	2	1	3	0	25
chr1	93365032	93365947	2	2	1	3	0	20
chr1	93369973	93373301	2	2	1	3	0	40
chr1	93429375	93431156	1	1	1	1	0	12
chr1	97668370	97668548	2	2	1	1	0	27
chr1	97674230	97675271	2	2	1	1	0	40
chr1	105284631	105289313	1	1	1	1	0	35
chr1	105515797	105516773	2	2	1	2	0	31
chr1	105526853	105565234	2	2	1	2	0	12
chr1	105565291	105565907	2	2	1	2	0	24
chr1	106314252	106317403	1	1	1	1	0	33
chr1	106717816	106719407	2	2	1	1	0	44
chr1	106719520	106724150	2	2	1	2	0	34
chr1	119398243	119399126	1	1	1	2	0	30
chr1	120041264	120044115	2	2	1	65	0	44
chr1	120044179	120047624	2	2	1	21	0	36
chr1	120047743	120048674	2	2	1	1	0	21
chr1	121233677	121234592	2	2	1	4	0	43
chr1	121234693	121234868	2	2	1	1	0	16
chr1	121240055	121247325	2	2	1	1	0	10
chr1	121420717	121422124	1	1	1	1	0	13
chr1	121422163	121424712	1	1	1	1	0	38
chr1	121493898	121495519	2	2	1	1	0	46
chr1	125324970	125325188	2	2	1	1	0	22
chr1	125518867	125522649	1	1	1	1	0	6
chr1	127325378	127339863	1	1	1	2	0	21
chr1	127657108	127658191	2	2	1	1	0	42
chr1	127702123	127702837	1	1	1	1	0	29
chr1	127846027	127847304	1	1	1	1	0	38
chr1	128102970	128106619	1	1	1	1	0	12
chr1	128106729	128106823	1	1	1	1	0	26
chr1	128183975	128186568	1	1	1	1	0	14
chr1	128186741	128187180	1	1	1	3	0	25
chr1	128187275	128188567	1	1	1	4	0	40
chr1	128187275	128188570	1	1	1	18	0	43
chr1	128188626	128190529	1	1	1	13	0	43
chr1	128200690	128202538	1	1	1	1	0	39
chr1	128333206	128341396	2	2	1	1	0	22
chr1	130564614	130566805	2	2	1	1	0	32
chr1	130570851	130575765	2	2	1	1	0	38
chr1	130775283	130776174	1	1	1	2	0	22
chr1	130776856	130777224	1	1	1	3	0	41
chr1	130777357	130777467	1	1	1	5	0	41
chr1	130777527	130778537	1	1	1	1	0	10
chr1	130778839	130779532	1	1	1	1	0	36
chr1	130778839	130779837	1	1	1	1	0	23
chr1	130778856	130779598	1	1	1	3	0	19
chr1	130779018	130779472	2	4	1	1	0	32
chr1	131098849	131101040	1	1	1	2	0	44
chr1	131339701	131364412	2	2	1	1	0	15
chr1	131364606	131452675	2	2	1	1	0	39
chr1	131461672	131466572	1	1	1	1	0	24
chr1	131739942	131741628	1	1	1	1	0	7
chr1	131743850	131743992	1	3	1	1	0	22
chr1	131838489	131846742	1	1	1	3	0	35
chr1	131846793	131849680	1	1	1	2	0	15
chr1	131855955	131857350	1	1	1	6	0	35
chr1	133061354	133064400	1	1	1	1	0	44
chr1	133307715	133307885	2	4	1	2	0	41
chr1	133531815	133534238	2	2	1	6	0	41
chr1	134288663	134289271	2	2	1	1	0	32
chr1	134352661	134353646	1	1	1	1	0	9
chr1	134358989	134359267	1	1	1	7	0	45
chr1	134400282	134403525	1	1	1	1	0	15
chr1	134521202	134523537	1	1	1	1	0	32
chr1	134541108	134541624	1	1	1	2	0	27
chr1	135229742	135232167	2	2	1	1	0	26
chr1	138779912	138781308	2	2	1	2	0	45
chr1	138781411	138784318	2	2	1	1	0	8
chr1	139435488	139435826	1	1	1	2	0	15
chr1	139444226	139444909	1	1	1	2	0	17
chr1	139445093	139450080	1	1	1	1	0	16
chr1	139475659	139478557	2	2	1	1	0	15
chr1	139660215	139660777	2	2	1	1	7	28
chr1	139660988	139661148	2	2	1	2	0	31
chr1	139664713	139666928	2	2	1	12	0	40
chr1	139667109	139667194	2	2	1	2	0	32
chr1	139667381	139668152	2	2	1	1	0	31
chr1	139668327	139680711	2	2	1	1	0	36
chr1	139680889	139681966	2	2	1	2	0	38
chr1	139682150	139701667	2	2	1	1	0	19
chr1	139701845	139702214	2	2	1	1	0	8
chr1	139736364	139741171	2	2	1	1	0	28
chr1	139738758	139741171	2	2	1	2	0	45
chr1	140014261	140016395	2	2	1	1	0	19
chr1	140026785	140028545	2	2	1	1	0	3
chr1	140028723	140029322	2	2	1	2	0	42
chr1	140029497	140030074	2	2	1	1	7	43
chr1	140030623	140033132	2	2	1	1	0	28
chr1	140040345	140046324	2	2	1	2	0	12
chr1	140046502	140047608	2	2	1	2	0	27
chr1	140075564	140082206	2	2	1	1	0	36
chr1	140085075	140090283	2	2	1	1	0	9
chr1	140090390	140090688	2	2	1	1	0	12
chr1	140090875	140110902	2	2	1	1	0	5
chr1	143620962	143622245	1	1	1	1	0	44
chr1	150239350	150247779	2	2	1	3	0	44
chr1	150269410	150270949	1	1	1	1	0	32
chr1	150271055	150274350	1	1	1	1	0	33
chr1	150279453	150279625	1	3	1	2	0	43
chr1	150283161	150283240	1	1	1	6	0	25
chr1	150283329	150284494	1	1	1	1	0	22
chr1	150284636	150284953	1	1	1	2	0	44
chr1	150289559	150290166	1	1	1	4	0	37
chr1	150290301	150290416	1	1	1	1	0	22
chr1	150290566	150291819	1	1	1	1	0	7
chr1	150299733	150300413	1	1	1	1	0	3
chr1	150312618	150313153	1	1	1	2	0	19
chr1	150324990	150325482	1	1	1	4	0	24
chr1	150325833	150326513	2	2	1	5	0	44
chr1	150336523	150337847	2	2	1	1	0	26
chr1	151278895	151279545	2	2	1	1	0	8
chr1	152753929	152778259	2	2	1	1	0	45
chr1	153104938	153106467	2	2	1	1	0	22
chr1	153334236	153335083	2	2	1	1	0	25
chr1	153354725	153356877	2	2	1	1	0	5
chr1	153780340	153783899	1	3	1	1	0	42
chr1	153784979	153785282	2	4	1	4	0	38
chr1	155440468	155443330	1	1	1	4	0	40
chr1	155443428	155447943	1	1	1	5	0	28
chr1	155655685	155657020	2	2	1	1	0	42
chr1	155658419	155659148	2	2	1	1	0	4
chr1	155770501	155773180	2	2	1	1	0	4
chr1	155819959	155828899	2	2	1	1	0	4
chr1	155835578	155836889	2	2	1	1	0	32
chr1	155836934	155838220	2	2	1	1	0	14
chr1	155907220	155909471	2	2	1	1	0	6
chr1	155909547	155911503	2	2	1	4	0	29
chr1	155937916	155939338	1	1	1	1	0	25
chr1	156728207	156729355	2	2	1	3	0	13
chr1	156729461	156735208	2	2	1	1	0	13
chr1	157360749	157362198	1	1	1	1	0	12
chr1	159067192	159072158	1	1	1	0	1	38
chr1	160033766	160034182	2	2	1	1	0	42
chr1	160036166	160040216	2	2	1	1	0	21
chr1	160064280	160066100	2	2	1	1	0	14
chr1	160169735	160219751	2	2	1	1	0	4
chr1	160219794	160269392	2	2	1	1	0	42
chr1	160568502	160620305	2	2	1	1	0	22
chr1	160790055	160791048	1	1	1	1	0	33
chr1	160806286	160815101	1	1	1	1	0	3
chr1	160815154	160816948	1	1	1	1	0	18
chr1	160822946	160829869	1	3	1	3	2	36
chr1	160823026	160824919	1	1	1	3	0	33
chr1	160825311	160827558	1	1	1	13	0	41
chr1	160827624	160829856	1	1	1	59	0	46
chr1	160829870	160829977	1	3	1	6	1	13
chr1	160863375	160863552	1	1	1	1	0	23
chr1	160863585	160863777	1	1	1	3	0	32
chr1	160863815	160864118	1	1	1	1	0	31
chr1	160864150	160864389	1	1	1	1	0	10
chr1	160864886	160865074	1	1	1	4	0	25
chr1	160865118	160865564	1	1	1	11	0	41
chr1	160865608	160865794	1	1	1	18	0	37
chr1	160865843	160866026	1	1	1	18	0	43
chr1	161069420	161071144	2	2	1	1	0	18
chr1	161655318	161655724	2	2	1	1	0	36
chr1	161684541	161684912	2	2	1	3	0	24
chr1	162501226	162501667	2	2	1	1	0	27
chr1	162526603	162529750	2	2	1	2	0	12
chr1	162549109	162550678	2	2	1	3	0	43
chr1	163979690	163981894	1	1	1	3	0	8
chr1	164007147	164009180	1	3	1	1	0	28
chr1	164010564	164012076	1	1	1	1	0	8
chr1	164012177	164012480	1	1	1	1	0	39
chr1	164035493	164036505	1	1	1	4	0	15
chr1	164039462	164041943	1	1	1	1	0	14
chr1	164045119	164046946	1	1	1	77	0	44
chr1	164269211	164270763	2	2	1	1	0	29
chr1	165043450	165045351	2	2	1	1	0	21
chr1	165047764	165050097	2	2	1	1	0	4
chr1	165289081	165302522	1	1	1	3	0	34
chr1	165302564	165305789	1	1	1	1	0	17
chr1	165305875	165307035	1	1	1	1	0	30
chr1	165307148	165308471	1	1	1	22	0	45
chr1	165591628	165601412	1	1	1	2	0	36
chr1	165597502	165598200	1	1	1	3	0	33
chr1	165598386	165601412	1	1	1	19	0	46
chr1	165724152	165725193	2	2	1	1	0	21
chr1	167136503	167136874	1	1	1	11	0	40
chr1	167136953	167141675	1	1	1	1	0	12
chr1	167192219	167193343	1	1	1	1	0	7
chr1	167200212	167201361	2	2	1	2	0	22
chr1	169510386	169517984	1	1	1	1	0	36
chr1	170647002	170662388	2	2	1	1	0	31
chr1	170788803	170793270	2	2	1	1	0	27
chr1	171052691	171052852	1	1	1	6	0	33
chr1	171052691	171052855	1	1	1	9	0	28
chr1	171052691	171052867	1	1	1	1	0	12
chr1	171052776	171052852	1	1	1	1	0	37
chr1	171052902	171053321	1	1	1	4	0	28
chr1	171052924	171053761	1	1	1	1	0	37
chr1	171052936	171053234	1	1	1	44	0	46
chr1	171052936	171053299	1	1	1	1	0	36
chr1	171053363	171053851	1	3	1	93	2	35
chr1	171053368	171053711	1	1	1	733	0	46
chr1	171053784	171053902	2	2	1	2	0	21
chr1	171062657	171062841	2	2	1	7	0	46
chr1	171062900	171063925	2	2	1	2	0	33
chr1	171064010	171064174	2	2	1	2	0	40
chr1	171064271	171064708	2	2	1	2	0	16
chr1	171104773	171104858	2	2	1	3	0	40
chr1	171104902	171105019	2	2	1	2	0	43
chr1	171167908	171168395	1	1	1	1	0	27
chr1	171228269	171229492	1	1	1	1	0	26
chr1	171247653	171247758	1	1	1	1	0	13
chr1	171247669	171247758	1	1	1	9	0	45
chr1	171958341	171960696	1	1	1	1	0	12
chr1	171962091	171962769	1	3	1	1	0	44
chr1	171993486	171999895	1	1	1	2	0	7
chr1	172001651	172003049	1	1	1	2	0	40
chr1	172003145	172007473	1	1	1	2	0	36
chr1	172021469	172022122	1	1	1	2	0	31
chr1	173687931	173690026	2	2	1	1	0	11
chr1	175429133	175431503	2	2	1	22	0	38
chr1	175437369	175439712	2	2	1	1	0	11
chr1	175479275	175481092	1	1	1	0	2	31
chr1	175485989	175486078	1	1	1	1	0	15
chr1	176652471	176653764	1	1	1	1	0	27
chr1	177611684	177612461	2	2	1	2	0	8
chr1	178149425	178149506	1	1	1	3	0	43
chr1	178149571	178150045	1	1	1	2	0	25
chr1	178156973	178157432	2	2	1	4	0	44
chr1	178157505	178157729	2	2	1	3	0	45
chr1	178158412	178158657	2	4	1	8	0	41
chr1	178158827	178158913	2	2	1	1	0	24
chr1	178159043	178159399	2	2	1	1	0	25
chr1	178159922	178160561	2	2	1	2	0	3
chr1	178161592	178163446	2	2	1	1	0	33
chr1	178163724	178164517	2	2	1	2	0	26
chr1	179623496	179626775	2	2	1	1	0	42
chr1	179788853	179826926	1	1	1	2	0	9
chr1	180006209	180006447	2	2	1	2	0	36
chr1	180055294	180056407	2	2	1	8	0	12
chr1	180056527	180056950	2	2	1	2	0	34
chr1	180057491	180061175	2	2	1	1	0	28
chr1	180821653	180822192	2	2	1	1	0	35
chr1	180827469	180829363	2	2	1	1	0	7
chr1	180954605	180957073	2	2	1	1	0	21
chr1	180958436	180962356	2	2	1	2	0	44
chr1	180989740	180993811	2	2	1	0	1	34
chr1	180989781	180993745	1	1	1	1	0	5
chr1	181005397	181008868	2	2	1	11	0	43
chr1	182286525	182289251	1	1	1	2	0	34
chr1	182314270	182315279	2	2	1	1	0	35
chr1	183112549	183113679	2	2	1	2	0	40
chr1	183113782	183114963	2	2	1	2	0	46
chr1	183115349	183115436	2	2	1	2	0	19
chr1	183115493	183116294	2	2	1	2	0	28
chr1	183116407	183116484	2	2	1	2	0	11
chr1	183119788	183120019	2	2	1	1	0	8
chr1	183125807	183132406	2	2	1	1	0	21
chr1	183135484	183137604	2	2	1	1	0	28
chr1	184520039	184527430	2	2	1	1	0	28
chr1	184527503	184527628	2	2	1	1	0	9
chr1	184527691	184534098	2	2	1	2	0	35
chr1	184536288	184539211	2	2	1	2	0	25
chr1	184546081	184551397	2	2	1	41	0	45
chr1	184551545	184554531	2	2	1	1	0	9
chr1	184554604	184554685	2	2	1	1	0	11
chr1	185106410	185110971	1	1	1	1	0	33
chr1	185111099	185111741	1	1	1	2	0	45
chr1	185118528	185119255	1	3	1	1	0	16
chr1	185119316	185126559	1	1	1	1	0	16
chr1	185126671	185128226	1	1	1	1	0	27
chr1	185133866	185139157	1	1	1	1	0	5
chr1	185139392	185139687	1	1	1	15	0	45
chr1	185142434	185143354	1	1	1	1	0	41
chr1	187036595	187048720	1	1	1	2	0	13
chr1	187048761	187054480	1	1	1	2	0	39
chr1	191086173	191086727	2	2	1	1	0	14
chr1	191086856	191086938	2	2	1	1	0	9
chr1	191087059	191087219	2	2	1	1	0	26
chr1	191087271	191088530	2	2	1	1	0	9
chr1	191088585	191089083	2	2	1	3	0	27
chr1	191508542	191510494	1	1	1	1	0	14
chr1	191758178	191758224	1	3	1	2	0	25
chr1	192850944	192851589	1	1	1	1	0	5
chr1	192904537	192905929	2	2	1	2	0	31
chr1	194462973	194468874	1	1	1	1	0	20
chr1	194781150	194793387	2	2	1	1	0	12
chr1	194786216	194789125	2	2	1	6	0	24
chr1	194789231	194793387	2	2	1	4	0	44
chr1	194797150	194799786	2	2	1	1	1	42
chr2	3459767	3460793	2	2	1	1	0	43
chr2	3492771	3495534	2	2	1	1	0	22
chr2	4749333	4754346	1	1	1	1	0	30
chr2	4923956	4927638	1	1	1	1	0	16
chr2	4927698	4930408	1	1	1	1	0	17
chr2	4933564	4935523	1	1	1	1	0	10
chr2	4935706	4940779	1	1	1	2	0	42
chr2	4940930	4942486	1	1	1	11	0	36
chr2	4942622	4943117	1	1	1	11	0	44
chr2	4999494	5000312	2	2	1	1	0	40
chr2	4999494	5000531	2	2	1	1	0	39
chr2	5026293	5028877	2	2	1	1	0	7
chr2	5032056	5036070	2	2	1	1	0	30
chr2	5058002	5059350	2	2	1	1	0	33
chr2	5799692	5800359	2	2	1	7	0	36
chr2	5800498	5803171	2	2	1	2	0	43
chr2	5812318	5815606	2	2	1	1	0	26
chr2	5815656	5826086	2	2	1	1	0	43
chr2	5926648	5928679	2	2	1	1	0	5
chr2	5956365	5962281	1	1	1	8	0	36
chr2	5980914	5984584	1	1	1	1	0	9
chr2	6039063	6044919	1	1	1	1	0	9
chr2	6405131	6413739	1	1	1	1	0	7
chr2	9921278	9922913	2	2	1	1	0	39
chr2	10060973	10061580	2	2	1	28	0	37
chr2	10060973	10063806	2	2	1	2	0	45
chr2	10061618	10063806	2	2	1	27	0	43
chr2	10063904	10064311	2	2	1	10	0	38
chr2	10064468	10068096	2	2	1	1	0	41
chr2	10068398	10068917	2	2	1	2	0	22
chr2	10099713	10101261	2	2	1	6	1	38
chr2	10103379	10106885	2	2	1	1	0	12
chr2	10114418	10115205	2	2	1	2	0	40
chr2	10115375	10120039	2	2	1	1	0	11
chr2	10121544	10122149	2	2	1	1	0	26
chr2	11601607	11602862	2	2	1	1	0	4
chr2	11732645	11735381	1	1	1	1	0	8
chr2	12402378	12404833	2	2	1	1	0	23
chr2	12979265	12982970	1	1	1	1	0	22
chr2	13586510	13587283	1	1	1	1	0	16
chr2	14031818	14040589	2	2	1	1	1	27
chr2	14299756	14308921	1	1	1	1	0	34
chr2	14308964	14310126	1	1	1	1	0	16
chr2	18114703	18127055	1	1	1	1	0	11
chr2	18127160	18128529	1	1	1	3	0	11
chr2	18222137	18224261	2	2	1	3	0	38
chr2	18298856	18311783	2	2	1	1	0	24
chr2	18311878	18312725	2	2	1	1	0	38
chr2	18321216	18321709	2	2	1	1	0	42
chr2	18679000	18679091	1	1	1	1	0	35
chr2	18679127	18679466	1	1	1	1	0	17
chr2	20870202	20872612	2	2	1	1	0	37
chr2	20904742	20904837	2	2	1	0	34	31
chr2	22435000	22478216	2	2	1	1	0	12
chr2	22478077	22634873	0	0	1	14	0	31
chr2	22478087	22478116	0	0	1	40	5	42
chr2	22959632	22965501	1	1	1	1	0	17
chr2	22959632	22968155	1	1	1	1	0	12
chr2	22965623	22968155	1	1	1	2	0	18
chr2	22977632	22979602	1	1	1	1	0	5
chr2	22980595	22984300	1	1	1	1	0	6
chr2	22989777	23000256	1	1	1	2	0	21
chr2	23000299	23000665	1	1	1	2	0	39
chr2	23081138	23082418	1	1	1	1	0	25
chr2	23082575	23083099	1	1	1	1	0	25
chr2	23085421	23086899	1	1	1	1	0	22
chr2	23435287	23435455	2	2	1	1	0	8
chr2	24942650	24943343	1	1	1	1	0	28
chr2	25349714	25349786	2	2	1	4	0	41
chr2	25349872	25350020	2	2	1	1	0	12
chr2	25388836	25388916	2	2	1	72	0	39
chr2	25388853	25388916	2	2	1	1	0	17
chr2	25388956	25389025	2	2	1	36	0	39
chr2	25389128	25389409	2	2	1	9	0	44
chr2	25389518	25389600	2	2	1	1	0	11
chr2	25389988	25390105	2	2	1	1	0	22
chr2	25448042	25450162	1	1	1	1	0	5
chr2	25450215	25450551	1	1	1	1	0	35
chr2	25450713	25450980	1	1	1	1	0	20
chr2	25451075	25451862	1	1	1	17	0	45
chr2	25463712	25464199	2	2	1	1	0	39
chr2	25515101	25515224	2	2	1	1	0	15
chr2	25517562	25517760	2	2	1	1	0	27
chr2	25590190	25590721	1	1	1	1	0	24
chr2	25592291	25592741	1	1	1	2	0	24
chr2	25592766	25593174	1	1	1	2	0	15
chr2	26240571	26241784	2	2	1	1	0	18
chr2	26280590	26281095	1	1	1	1	0	23
chr2	26320605	26321116	2	2	1	1	0	26
chr2	26483180	26483504	1	3	1	1	0	35
chr2	26802814	26802999	1	1	1	27	0	41
chr2	26803070	26803176	1	1	1	82	0	45
chr2	26803518	26803588	2	2	1	5	0	42
chr2	26803671	26803924	2	2	1	1	0	26
chr2	26804908	26805443	2	2	1	1	0	41
chr2	27079657	27081890	2	2	1	1	3	44
chr2	27086830	27087540	2	2	1	1	0	32
chr2	27101117	27105049	2	2	1	1	0	22
chr2	27105198	27108809	2	2	1	1	0	16
chr2	27117173	27118255	2	2	1	1	0	10
chr2	27118398	27120449	2	4	1	1	0	5
chr2	27120541	27120782	2	2	1	1	0	9
chr2	27343087	27343411	2	2	1	2	0	37
chr2	27343087	27344324	2	2	1	3	0	34
chr2	27343463	27344324	2	2	1	1	0	26
chr2	29034074	29034189	1	1	1	1	0	7
chr2	29048278	29048852	1	1	1	3	0	30
chr2	29830349	29832549	1	1	1	1	0	28
chr2	29845701	29847761	1	1	1	1	0	9
chr2	29847826	29848458	1	1	1	1	0	19
chr2	29888261	29889137	1	1	1	2	0	33
chr2	29896683	29897505	1	1	1	1	0	19
chr2	30047934	30059950	1	1	1	0	5	24
chr2	30075766	30076203	2	2	1	1	0	23
chr2	30076284	30076368	2	2	1	1	0	24
chr2	30088172	30095644	2	2	1	1	0	7
chr2	30146281	30147285	0	0	1	3	0	30
chr2	30147345	30151859	1	1	1	3	0	3
chr2	30170096	30170182	1	1	1	1	0	45
chr2	30295301	30295396	2	2	1	1	0	5
chr2	30868978	30870010	2	2	1	3	0	29
chr2	30870063	30871494	2	2	1	3	0	21
chr2	31100583	31104255	1	1	1	1	0	26
chr2	31342058	31344859	2	2	1	1	0	40
chr2	31360352	31364718	1	1	1	1	0	32
chr2	31364783	31366897	1	1	1	2	0	44
chr2	31367008	31368946	1	1	1	0	2	39
chr2	31369016	31370986	1	1	1	0	1	8
chr2	31371176	31376500	1	1	1	2	0	40
chr2	31376558	31378589	1	1	1	1	0	10
chr2	31378665	31382325	1	1	1	3	0	34
chr2	31382397	31383156	1	1	1	5	0	31
chr2	31383188	31388158	1	1	1	5	0	31
chr2	31388250	31390844	1	1	1	2	0	43
chr2	31390930	31391499	1	1	1	2	0	39
chr2	31391565	31400121	1	1	1	0	1	32
chr2	31400254	31404690	1	1	1	4	3	38
chr2	31400254	31410568	1	1	1	1	51	14
chr2	31404848	31408737	1	1	1	10	0	44
chr2	31408804	31410383	1	1	1	8	35	44
chr2	31408804	31410475	1	1	1	1	8	20
chr2	31410476	31410592	1	3	1	1	0	31
chr2	31410530	31410566	2	2	1	25	21	23
chr2	31687740	31690217	1	1	1	1	0	26
chr2	31869901	31870521	1	1	1	1	0	10
chr2	31870593	31872622	1	1	1	1	0	11
chr2	32169144	32170720	2	2	1	1	0	9
chr2	32572830	32572983	2	4	1	1	0	34
chr2	32853079	32853508	1	1	1	7	0	22
chr2	32853596	32853752	1	1	1	23	5	45
chr2	32853866	32854002	1	1	1	25	2	44
chr2	34322343	34325144	1	1	1	2	0	32
chr2	34590863	34594177	2	2	1	7	0	35
chr2	34662803	34663181	1	1	1	4	0	28
chr2	34663320	34663832	1	1	1	3	0	44
chr2	34663946	34664039	1	1	1	5	0	46
chr2	34664785	34665077	1	1	1	1	0	24
chr2	34665246	34665562	1	1	1	8	0	25
chr2	34873823	34874709	2	2	1	3	0	21
chr2	34879251	34879885	2	2	1	1	0	29
chr2	34879970	34881001	2	2	1	2	0	44
chr2	34881715	34884973	2	2	1	1	0	21
chr2	34898292	34899929	2	2	1	1	0	7
chr2	34903700	34905074	2	2	1	2	0	33
chr2	34908169	34909476	2	2	1	2	0	25
chr2	34909705	34914131	2	2	1	1	0	35
chr2	34914272	34914896	2	2	1	1	0	7
chr2	34914971	34916525	2	2	1	1	0	11
chr2	34918211	34919413	2	2	1	3	0	18
chr2	34919486	34920345	2	2	1	2	0	46
chr2	34920479	34921838	2	2	1	2	0	17
chr2	34933283	34935274	2	2	1	1	0	33
chr2	34972504	34975182	2	2	1	4	0	35
chr2	34975779	34976112	2	2	1	1	0	16
chr2	34976176	34976442	2	2	1	4	0	41
chr2	34976526	34978751	2	2	1	2	0	41
chr2	34985936	34987899	2	2	1	1	0	21
chr2	34988093	34990576	2	2	1	3	0	36
chr2	34988096	34990866	2	2	1	1	0	23
chr2	35072460	35073404	2	2	1	4	0	30
chr2	35076753	35079911	2	2	1	1	0	13
chr2	35598925	35599829	1	1	1	2	0	12
chr2	37242395	37245647	2	2	1	1	0	27
chr2	37327012	37332698	2	2	1	1	0	19
chr2	37446319	37450486	1	1	1	1	0	25
chr2	37514603	37515189	2	2	1	1	0	10
chr2	37531029	37535482	2	2	1	2	0	22
chr2	37535704	37537127	2	2	1	1	0	3
chr2	38478301	38480708	2	2	1	1	0	25
chr2	38523979	38530084	2	2	1	1	0	12
chr2	38891778	38894118	2	2	1	1	44	42
chr2	38894201	38894743	2	2	1	4	0	37
chr2	38923265	38924072	2	2	1	1	0	12
chr2	43445422	43452968	1	1	1	1	0	35
chr2	43479484	43489592	1	1	1	1	0	25
chr2	43569995	43571360	1	1	1	3	0	41
chr2	49378861	49403226	1	1	1	1	0	38
chr2	51998604	51999203	1	1	1	1	0	9
chr2	52059176	52059854	2	2	1	1	0	33
chr2	52073393	52073743	2	2	1	1	0	24
chr2	52136877	52137167	2	2	1	1	0	32
chr2	52150611	52153507	2	2	1	1	0	40
chr2	52180973	52181053	2	2	1	1	0	13
chr2	52203238	52203787	2	2	1	3	0	27
chr2	52239496	52257415	2	2	1	1	0	24
chr2	53029283	53030472	2	2	1	3	0	21
chr2	53031693	53031778	2	2	1	4	0	44
chr2	53031876	53031954	2	2	1	6	0	28
chr2	53032042	53034795	2	2	1	1	0	36
chr2	53035383	53035631	2	2	1	3	0	38
chr2	53035749	53035835	2	2	1	1	0	38
chr2	53041842	53042457	2	2	1	1	0	36
chr2	53043135	53043475	2	2	1	1	0	33
chr2	58338457	58348896	2	2	1	1	0	26
chr2	58670161	58680040	1	1	1	1	0	45
chr2	59168046	59169062	1	1	1	2	0	43
chr2	59732336	59733502	2	2	1	1	0	17
chr2	59747843	59748782	2	2	1	4	0	22
chr2	59752562	59753884	2	2	1	1	0	22
chr2	59762515	59764014	2	2	1	1	0	24
chr2	59773168	59773281	2	2	1	3	0	34
chr2	59773375	59778430	2	2	1	1	0	18
chr2	60037308	60040056	2	2	1	1	0	21
chr2	60071397	60073900	1	1	1	2	0	34
chr2	60074015	60075555	1	1	1	4	0	31
chr2	60075605	60078233	1	1	1	3	0	32
chr2	61615904	61627738	1	1	1	2	0	24
chr2	61627802	61630325	1	1	1	1	0	5
chr2	62191061	62193005	2	2	1	1	0	5
chr2	62439646	62440784	2	2	1	1	0	36
chr2	68042338	68051247	2	2	1	1	0	36
chr2	69108215	69112934	2	2	1	1	0	16
chr2	69115136	69115553	2	2	1	4	0	42
chr2	69139593	69139680	2	4	1	2	0	45
chr2	69160883	69172860	2	2	1	1	0	42
chr2	69223881	69225309	2	2	1	1	0	4
chr2	69524327	69524859	2	2	1	2	0	19
chr2	69566473	69571829	1	1	1	3	0	31
chr2	69576460	69579304	1	1	1	1	0	8
chr2	69579442	69579615	1	1	1	1	0	37
chr2	69697724	69697795	1	1	1	7	0	44
chr2	69697897	69699122	1	1	1	1	0	6
chr2	69699195	69699485	1	1	1	1	0	11
chr2	69700365	69700728	1	1	1	1	0	25
chr2	69700925	69701024	1	1	1	1	0	7
chr2	69702126	69704227	2	2	1	6	0	39
chr2	69704280	69709445	2	2	1	5	0	37
chr2	69711293	69711640	2	2	1	1	0	38
chr2	69821982	69824019	1	1	1	1	0	38
chr2	70508447	70508871	1	1	1	1	0	33
chr2	70568832	70572397	2	2	1	1	0	46
chr2	70579672	70580778	2	2	1	4	0	34
chr2	70580869	70582578	2	2	1	1	0	7
chr2	70587894	70600347	2	2	1	1	0	8
chr2	70600420	70617220	2	2	1	2	0	38
chr2	70848719	70885714	2	2	1	1	0	6
chr2	71042190	71044782	1	1	1	1	0	28
chr2	71042419	71044782	1	1	1	2	0	44
chr2	71077520	71077632	1	1	1	2	0	17
chr2	72056124	72056342	1	1	1	2	0	24
chr2	72209065	72214474	1	1	1	1	0	21
chr2	72777083	72800498	2	2	1	1	0	32
chr2	72968000	72972241	2	2	1	1	0	34
chr2	72972340	72972651	2	2	1	1	0	7
chr2	72972733	72987081	2	2	1	1	0	4
chr2	73115380	73116681	2	2	1	0	3	18
chr2	73116768	73117952	2	2	1	0	2	21
chr2	73118060	73134083	2	2	1	0	1	15
chr2	73136283	73136620	2	2	1	1	0	20
chr2	73136686	73136771	2	2	1	1	0	7
chr2	73140896	73142760	2	2	1	0	1	37
chr2	73278282	73316723	2	2	1	1	0	33
chr2	73736714	73736947	1	1	1	1	0	32
chr2	73739052	73739527	2	2	1	6	0	35
chr2	74698757	74699226	1	1	1	1	0	39
chr2	74699266	74699647	1	1	1	1	0	10
chr2	75491933	75492014	1	1	1	6	0	22
chr2	75492162	75492239	1	1	1	1	0	36
chr2	75492921	75493004	1	1	1	1	0	18
chr2	75493101	75493188	1	1	1	1	0	25
chr2	76467234	76469543	2	2	1	1	0	22
chr2	76612442	76612533	2	2	1	1	0	16
chr2	76619664	76619755	2	2	1	1	0	44
chr2	76639004	76639094	2	2	1	1	0	31
chr2	76680725	76680913	2	2	1	1	0	41
chr2	76684812	76686608	2	2	1	1	0	10
chr2	76774517	76774652	2	2	1	1	0	43
chr2	76795573	76797397	2	2	1	1	0	31
chr2	76880103	76884920	2	2	1	1	0	11
chr2	76958682	76962525	2	2	1	1	0	25
chr2	78699750	78700800	1	1	1	2	0	26
chr2	80350001	80350182	2	2	1	2	0	40
chr2	83488506	83488873	1	1	1	2	0	38
chr2	83488966	83490401	1	1	1	5	0	38
chr2	83492617	83494163	1	1	1	1	0	30
chr2	84499742	84500330	2	2	1	5	0	44
chr2	84515792	84515946	1	1	1	4	0	45
chr2	84516044	84516534	1	1	1	2	0	35
chr2	84556501	84557506	2	2	1	1	0	31
chr2	84595836	84596085	2	2	1	2	0	41
chr2	84600641	84601768	2	2	1	1	0	6
chr2	84873346	84874662	1	1	1	1	0	5
chr2	84875925	84876027	1	1	1	5	0	38
chr2	90583311	90583413	1	1	1	1	0	16
chr2	90683211	90683394	1	1	1	1	0	14
chr2	90691794	90693933	1	1	1	1	0	28
chr2	90694010	90695527	1	1	1	10	0	40
chr2	90725222	90728727	2	2	1	8	3	41
chr2	90725222	90728980	2	2	1	0	1	3
chr2	90729107	90732706	2	2	1	1	0	40
chr2	90884677	90884919	1	1	1	5	0	42
chr2	90885004	90885323	1	1	1	3	0	43
chr2	90888501	90889390	1	1	1	5	0	37
chr2	90889473	90889598	1	1	1	12	0	44
chr2	90893324	90893408	2	2	1	1	0	37
chr2	91014544	91021121	2	2	1	1	0	24
chr2	91067747	91067822	1	1	1	1	0	44
chr2	91252314	91274913	2	2	1	1	0	17
chr2	91455919	91456046	2	2	1	37	0	44
chr2	91456118	91458666	2	2	1	8	0	44
chr2	91458849	91459004	2	2	1	2	0	38
chr2	91459179	91459495	2	2	1	2	0	27
chr2	92209681	92210754	1	1	1	2	0	41
chr2	92210820	92211380	1	1	1	11	0	41
chr2	92242113	92242958	2	2	1	1	0	14
chr2	93864007	93864271	2	2	1	2	0	5
chr2	93864422	93874217	2	2	1	1	0	16
chr2	94216527	94236851	2	2	1	1	0	44
chr2	102608001	102611807	1	1	1	1	0	32
chr2	102913401	102922809	1	1	1	1	0	12
chr2	102922262	102922809	1	1	1	7	0	18
chr2	103285167	103285422	2	2	1	3	0	42
chr2	103285507	103287194	2	2	1	1	0	33
chr2	103290718	103293631	2	2	1	1	0	45
chr2	103293771	103297421	2	2	1	1	0	35
chr2	103300770	103302110	2	2	1	1	0	21
chr2	103307266	103315317	2	2	1	4	0	44
chr2	103556108	103556464	2	2	1	1	0	18
chr2	103613551	103627075	2	2	1	2	0	34
chr2	103941190	103944319	1	1	1	1	0	8
chr2	104264845	104264934	2	2	1	1	0	14
chr2	104553300	104553383	2	2	1	1	0	45
chr2	104600526	104606516	2	2	1	1	0	29
chr2	104830187	104830586	2	2	1	6	0	31
chr2	104831760	104835269	2	2	1	1	0	16
chr2	105767464	105794524	1	1	1	1	0	26
chr2	105794636	105795608	1	1	1	2	0	12
chr2	106797573	106799416	2	2	1	1	0	18
chr2	110095960	110098572	2	2	1	2	0	35
chr2	113433635	113467076	1	1	1	1	0	9
chr2	113958141	113961015	2	2	1	1	0	12
chr2	114000549	114003171	2	2	1	1	0	7
chr2	114475396	114478221	2	2	1	1	0	44
chr2	117088261	117089701	1	1	1	1	0	13
chr2	117089837	117090655	1	1	1	1	0	11
chr2	118306789	118307307	2	2	1	1	0	28
chr2	118307341	118309401	2	2	1	1	0	31
chr2	118702029	118703365	1	1	1	2	0	38
chr2	118970603	118970740	2	2	1	2	0	43
chr2	119000252	119002422	1	1	1	1	0	44
chr2	119212480	119213344	2	2	1	1	0	45
chr2	119259044	119261468	2	2	1	1	0	35
chr2	119505762	119522596	1	1	1	1	0	9
chr2	119531747	119535919	1	1	1	3	0	22
chr2	119536125	119541445	1	1	1	3	0	37
chr2	119703073	119733086	1	1	1	2	0	34
chr2	120264339	120265743	1	1	1	1	0	39
chr2	120360999	120362075	2	2	1	1	0	17
chr2	120369974	120376323	2	2	1	5	0	44
chr2	120369974	120385711	2	2	1	1	0	36
chr2	120376386	120385711	2	2	1	2	0	10
chr2	120385797	120394167	2	2	1	3	0	40
chr2	120745898	120746904	2	2	1	1	0	13
chr2	120747008	120748301	2	2	1	1	0	24
chr2	120748355	120751858	2	2	1	1	0	15
chr2	121253009	121255005	1	1	1	1	0	37
chr2	121257184	121259934	1	1	1	1	0	41
chr2	121260065	121262132	1	1	1	2	0	38
chr2	121264575	121265269	1	1	1	1	0	36
chr2	121265399	121266401	1	1	1	4	0	35
chr2	121266482	121266837	1	1	1	7	0	39
chr2	121266896	121268066	1	1	1	5	0	44
chr2	121279923	121280455	1	1	1	1	0	33
chr2	121280565	121281201	1	1	1	2	0	21
chr2	121281296	121281433	2	4	1	0	1	23
chr2	121287773	121288126	1	1	1	5	0	44
chr2	121288183	121288472	1	1	1	7	0	41
chr2	121288525	121288629	1	1	1	20	0	46
chr2	121698013	121729278	1	1	1	2	0	25
chr2	121729334	121731662	1	1	1	2	0	12
chr2	121799761	121807811	1	1	1	1	0	8
chr2	121859206	121859288	1	1	1	3	0	33
chr2	121859393	121871636	1	1	1	0	4	35
chr2	121871692	121872062	1	1	1	3	0	38
chr2	121878032	121880967	1	1	1	0	1	38
chr2	121881130	121882222	1	1	1	0	3	13
chr2	121981633	121982127	1	1	1	19	0	29
chr2	121982157	121983131	1	1	1	36	0	29
chr2	122065440	122076962	1	1	1	1	0	34
chr2	122076997	122079279	1	1	1	1	0	6
chr2	122093791	122094521	1	1	1	2	0	8
chr2	122560151	122561191	1	1	1	1	0	15
chr2	122650053	122651200	1	1	1	1	0	18
chr2	124950940	124951073	2	2	1	1	0	24
chr2	124951124	124951589	2	2	1	1	0	18
chr2	125092938	125098768	1	1	1	2	0	35
chr2	125594901	125599113	2	2	1	7	0	45
chr2	125600167	125602191	2	2	1	1	0	14
chr2	126409792	126416621	1	1	1	12	0	43
chr2	126416817	126419779	1	1	1	5	0	45
chr2	126419871	126420768	1	1	1	2	0	38
chr2	126420968	126422825	1	1	1	2	0	16
chr2	126422924	126428171	1	1	1	1	0	25
chr2	126428303	126429679	1	1	1	7	0	43
chr2	126672184	126673116	2	2	1	1	0	25
chr2	126673258	126675607	2	2	1	2	0	23
chr2	126688166	126690416	2	2	1	2	0	31
chr2	126736026	126736097	1	3	1	3	0	17
chr2	126746991	126750025	2	2	1	1	0	14
chr2	126750101	126754562	2	2	1	1	0	3
chr2	126768298	126768736	2	2	1	1	0	18
chr2	127046771	127050094	2	2	1	1	0	39
chr2	127278327	127278465	2	2	1	4	0	12
chr2	127429406	127432614	1	1	1	2	0	6
chr2	127633753	127634053	2	2	1	3	0	39
chr2	128620931	128621711	1	1	1	1	0	19
chr2	128809757	128833010	1	1	1	2	0	40
chr2	129220605	129221048	0	0	1	0	1	32
chr2	130013864	130014522	2	2	1	2	0	21
chr2	130119891	130120075	1	1	1	2	0	25
chr2	130121358	130121475	2	2	1	2	0	36
chr2	130123023	130123132	2	2	1	1	0	46
chr2	130284171	130284254	1	1	1	1	0	37
chr2	130361429	130374008	1	1	1	2	0	13
chr2	130496243	130496581	2	2	1	1	0	3
chr2	130496631	130497105	2	2	1	1	0	39
chr2	132146877	132147072	1	1	1	1	0	13
chr2	132380064	132381818	2	2	1	1	0	15
chr2	132381859	132382204	2	2	1	1	0	37
chr2	132384256	132386311	2	2	1	1	0	41
chr2	132388894	132389476	2	2	1	1	0	4
chr2	132406632	132410539	2	2	1	5	0	29
chr2	132410637	132414104	2	2	1	1	0	23
chr2	132704324	132706009	1	1	1	1	0	24
chr2	135228091	135228192	1	1	1	1	0	17
chr2	136723560	136727392	2	2	1	1	0	12
chr2	139971208	139980852	2	2	1	1	0	33
chr2	139980975	139990672	2	2	1	1	0	43
chr2	139990835	139996713	2	2	1	3	0	42
chr2	140044870	140045207	1	1	1	1	0	20
chr2	140045291	140045451	1	1	1	2	0	25
chr2	142906551	142907095	1	1	1	1	0	29
chr2	143789850	143790255	2	2	1	2	0	13
chr2	143791289	143791591	2	2	1	3	0	23
chr2	143791676	143792347	2	2	1	1	0	34
chr2	143792444	143794111	2	2	1	3	0	23
chr2	143796745	143796876	2	2	1	3	0	17
chr2	143796958	143797033	2	2	1	1	0	7
chr2	143810556	143811329	2	2	1	1	0	7
chr2	143816530	143830067	2	2	1	2	0	36
chr2	143828090	143830067	2	2	1	1	0	18
chr2	143832187	143852918	2	2	1	3	0	34
chr2	144093153	144094364	2	2	1	2	0	36
chr2	144094451	144095581	2	2	1	1	0	24
chr2	144096733	144096822	2	2	1	1	0	23
chr2	144096863	144097259	2	2	1	1	0	24
chr2	144099116	144099789	2	2	1	1	0	26
chr2	144459348	144477677	1	1	1	1	0	28
chr2	145757600	145757723	1	1	1	1	0	22
chr2	146182371	146183897	2	2	1	2	0	43
chr2	146252191	146253965	2	2	1	1	0	3
chr2	146798217	146811463	1	1	1	2	0	44
chr2	146811508	146811876	1	1	1	4	0	35
chr2	146855117	146866427	1	1	1	1	0	27
chr2	146866747	146867114	1	1	1	1	0	38
chr2	146871549	146871646	1	1	1	4	0	35
chr2	146871705	146871788	1	1	1	8	0	45
chr2	146916947	146919402	1	1	1	1	0	9
chr2	148713964	148714736	2	2	1	1	0	16
chr2	148714851	148717072	2	2	1	1	0	33
chr2	149132700	149136027	2	2	1	0	1	40
chr2	152092532	152096129	1	1	1	3	2	25
chr2	152096242	152099297	1	1	1	0	1	4
chr2	153029352	153029450	1	1	1	2	0	44
chr2	153032870	153032970	1	1	1	2	0	18
chr2	153588300	153597850	1	1	1	1	0	23
chr2	154366020	154370756	1	1	1	1	0	29
chr2	154705970	154707827	1	1	1	1	0	14
chr2	154715555	154718535	2	2	1	0	1	10
chr2	154720485	154726230	2	2	1	0	2	30
chr2	154726367	154729623	2	2	1	3	0	46
chr2	154729728	154730102	2	2	1	15	1	41
chr2	154730281	154734609	2	2	1	1	0	10
chr2	154901817	154902452	1	1	1	0	1	46
chr2	154902501	154904068	2	2	1	0	3	43
chr2	154904264	154905699	2	2	1	0	2	28
chr2	154905818	154905908	2	2	1	2	0	36
chr2	154905997	154906073	2	2	1	2	0	38
chr2	154975506	154980115	1	1	1	1	0	12
chr2	154980193	155005312	1	1	1	1	0	3
chr2	155230965	155231667	2	4	1	1	0	39
chr2	155360205	155363900	1	1	1	2	0	24
chr2	155416610	155418728	1	1	1	1	0	43
chr2	155662032	155664756	2	2	1	1	0	41
chr2	155859637	155859716	1	1	1	2	0	36
chr2	155859773	155859990	1	1	1	2	0	24
chr2	155966248	155967200	2	2	1	2	0	35
chr2	155981733	155984045	2	2	1	1	0	8
chr2	155986510	155987521	1	1	1	8	0	41
chr2	155990112	155990204	2	2	1	1	0	30
chr2	156014943	156019255	2	2	1	5	0	45
chr2	156019306	156021096	2	2	1	2	0	7
chr2	156020873	156021096	2	2	1	3	0	45
chr2	156021161	156021806	2	2	1	8	0	44
chr2	156153858	156154362	1	1	1	1	0	35
chr2	157163793	157167630	1	1	1	1	0	29
chr2	157726421	157732824	1	1	1	2	0	30
chr2	157892134	157900571	1	1	1	2	0	13
chr2	160488183	160488527	1	1	1	1	0	22
chr2	160488553	160512019	1	1	1	2	0	27
chr2	160512123	160524570	1	1	1	1	0	36
chr2	160524695	160526367	1	1	1	1	0	6
chr2	160526424	160529567	1	1	1	6	0	30
chr2	160529664	160532196	1	1	1	1	0	36
chr2	160540160	160544621	1	1	1	2	0	15
chr2	160544744	160545491	1	1	1	4	0	33
chr2	160884053	160894307	2	2	1	1	0	10
chr2	162867884	162869950	1	1	1	1	0	37
chr2	162870023	162871654	1	1	1	1	0	21
chr2	163342660	163342914	2	4	1	1	0	23
chr2	163853825	163855925	1	1	1	1	0	21
chr2	164056515	164057033	2	2	1	1	0	11
chr2	164268158	164270812	2	2	1	1	0	30
chr2	164303450	164305220	1	1	1	1	0	31
chr2	164619254	164619391	2	2	1	9	0	37
chr2	164619529	164619650	2	2	1	1	0	6
chr2	164620008	164620095	2	2	1	1	0	21
chr2	164620148	164621582	2	2	1	1	0	19
chr2	164682111	164682240	2	2	1	1	0	38
chr2	165682011	165684683	2	2	1	1	0	19
chr2	165694069	165717624	2	2	1	1	0	17
chr2	165876884	165889375	1	1	1	1	0	5
chr2	165890476	165891985	1	1	1	1	0	34
chr2	165923304	165923397	2	2	1	1	0	26
chr2	166701912	166702233	1	1	1	2	0	26
chr2	166859810	166861546	1	1	1	1	0	11
chr2	166861960	166862419	1	1	1	1	0	14
chr2	166871583	166873254	1	1	1	1	0	15
chr2	166873362	166873470	1	1	1	2	0	34
chr2	166886164	166888811	2	2	1	1	0	42
chr2	166907138	166907353	1	1	1	1	0	36
chr2	166907401	166907606	1	1	1	2	0	9
chr2	167276783	167283048	1	1	1	1	0	17
chr2	167459898	167473859	2	2	1	0	1	5
chr2	168052557	168053285	2	2	1	1	0	5
chr2	168059697	168061139	2	2	1	1	0	26
chr2	172289034	172305096	1	1	1	3	0	35
chr2	172995406	172995727	1	1	1	2	0	42
chr2	172996698	172996969	1	1	1	1	0	22
chr2	172998930	172999021	1	1	1	2	0	19
chr2	172999882	172999984	1	1	1	3	0	13
chr2	173055703	173057469	2	2	1	1	0	41
chr2	173613418	173616186	1	1	1	1	0	20
chr2	174186923	174187020	1	1	1	2	0	22
chr2	174187573	174187782	1	1	1	1	0	22
chr2	174269424	174269692	1	3	1	3	0	16
chr2	174269776	174270370	2	2	1	2	0	14
chr2	174270537	174270848	2	2	1	1	0	22
chr2	174271000	174275280	2	2	1	1	0	38
chr2	174303015	174304292	2	2	1	55	0	43
chr2	174304423	174305757	2	2	1	5	0	27
chr2	175167842	175168998	2	2	1	0	1	5
chr2	175169060	175169264	2	2	1	0	1	23
chr2	175265399	175266555	2	2	1	0	1	5
chr2	175266617	175266821	2	2	1	0	1	23
chr2	175442925	175443129	1	1	1	0	1	23
chr2	175443191	175444347	1	1	1	0	1	5
chr2	175540484	175540688	1	1	1	0	1	23
chr2	175540750	175541906	1	1	1	0	1	5
chr2	175767889	175768093	1	1	1	0	1	23
chr2	175768155	175769311	1	1	1	0	1	5
chr2	175977505	175978659	1	1	1	0	3	44
chr2	176166377	176167533	2	2	1	0	1	5
chr2	176167595	176167799	2	2	1	0	1	23
chr2	176315941	176317097	2	2	1	0	1	5
chr2	176317159	176317363	2	2	1	0	1	23
chr2	176609305	176610459	2	2	1	0	3	44
chr2	176886072	176887228	2	2	1	0	1	5
chr2	176887290	176887494	2	2	1	0	1	23
chr2	177079803	177080953	2	2	1	0	1	27
chr2	177081015	177081219	2	2	1	0	1	4
chr2	177198829	177199035	1	1	1	0	1	4
chr2	177199097	177200246	1	1	1	2	1	33
chr2	177409964	177410168	1	1	1	0	1	4
chr2	177410230	177411379	1	1	1	0	1	27
chr2	179678367	179678730	2	2	1	15	0	44
chr2	179678794	179679175	2	2	1	13	0	44
chr2	179679296	179679857	2	2	1	1	0	16
chr2	179817750	179817866	1	1	1	5	0	40
chr2	179899477	179899580	1	1	1	3	0	30
chr2	179899645	179899778	1	1	1	17	0	45
chr2	179899851	179900022	1	1	1	36	0	44
chr2	179900079	179900170	1	1	1	37	0	44
chr2	180326970	180329268	2	2	1	1	0	26
chr2	180829894	180829974	1	1	1	1	0	15
chr2	181021973	181022167	1	1	1	1	0	32
chr2	181154881	181156872	1	1	1	2	0	26
chr2	181162491	181188163	1	1	1	1	0	20
chr2	181250082	181257769	1	1	1	5	0	38
chr2	181296756	181297214	1	1	1	2	0	12
chr3	8867475	8965045	2	2	1	2	0	20
chr3	10269631	10270300	2	2	1	1	0	37
chr3	10380362	10381162	2	2	1	1	0	19
chr3	10405966	10406053	2	2	1	1	0	16
chr3	14653362	14666062	1	5	1	1	0	44
chr3	14666107	14667707	1	1	1	1	0	4
chr3	14671469	14672236	2	2	1	15	0	45
chr3	14672354	14674600	2	2	1	0	2	15
chr3	14915320	14916737	2	2	1	1	0	43
chr3	14921857	14922547	1	1	1	1	0	39
chr3	14928666	14929309	1	1	1	1	0	16
chr3	14929508	14931862	1	1	1	3	0	41
chr3	14931982	14933408	1	1	1	8	0	32
chr3	14933484	14936730	1	1	1	1	0	29
chr3	14933502	14934294	1	1	1	1	0	21
chr3	14934325	14936708	2	4	1	1	0	43
chr3	14934358	14935101	1	1	1	1	0	17
chr3	14935258	14936601	1	1	1	11	0	41
chr3	18121378	18122115	2	6	1	1	0	32
chr3	18126918	18133468	2	2	1	3	0	44
chr3	19271588	19272325	1	1	1	1	0	33
chr3	19272486	19273201	1	1	1	2	0	28
chr3	20018692	20020402	1	1	1	7	0	43
chr3	20020613	20022203	1	1	1	2	0	14
chr3	20026919	20027940	1	1	1	1	0	33
chr3	20028094	20029025	1	1	1	1	0	31
chr3	20029223	20031259	1	1	1	1	0	18
chr3	20031411	20031711	1	1	1	2	0	38
chr3	20031411	20033023	1	1	1	2	0	35
chr3	20037686	20039723	1	1	1	2	0	30
chr3	20039831	20041522	1	1	1	5	0	41
chr3	20042237	20043216	1	1	1	6	0	31
chr3	20043383	20046672	1	1	1	22	0	42
chr3	28317849	28413139	1	1	1	1	0	26
chr3	28771681	28772817	1	1	1	2	0	46
chr3	28781335	28781424	1	1	1	1	0	4
chr3	28861008	28861335	1	1	1	4	0	27
chr3	30854389	30855208	1	1	1	11	0	42
chr3	30855315	30863970	1	1	1	56	0	45
chr3	32588523	32592418	1	1	1	1	0	43
chr3	32772275	32772516	1	1	1	1	0	28
chr3	32774665	32776768	1	1	1	2	0	42
chr3	32799092	32800596	1	1	1	1	0	6
chr3	32802717	32805177	1	1	1	16	0	43
chr3	32985892	32987288	1	1	1	2	0	31
chr3	34112264	34132923	2	2	1	1	0	20
chr3	34131674	34132923	2	2	1	16	8	45
chr3	34132995	34133353	2	2	1	17	0	44
chr3	34133434	34134232	2	2	1	1	0	17
chr3	35808560	35832173	1	1	1	1	0	31
chr3	35949849	35951612	2	2	1	0	4	44
chr3	36503556	36504460	2	2	1	3	0	24
chr3	36616314	36617221	1	1	1	1	0	21
chr3	36617407	36619366	1	1	1	1	0	7
chr3	36917498	36918535	1	1	1	1	0	3
chr3	36931888	36939505	1	1	1	1	0	11
chr3	37102310	37102662	1	1	1	3	0	40
chr3	37105078	37106472	1	1	1	1	0	29
chr3	37502712	37505791	1	1	1	2	0	15
chr3	40905120	40916042	1	1	1	5	0	41
chr3	40905386	40916042	1	1	1	1	0	18
chr3	40916102	40916603	1	1	1	12	0	45
chr3	40916664	40918402	1	1	1	7	0	35
chr3	40925052	40926795	1	1	1	2	0	33
chr3	41024871	41037029	2	2	1	1	0	32
chr3	41636808	41657820	2	2	1	1	0	38
chr3	51168507	51172289	2	2	1	1	0	8
chr3	51313041	51314756	2	2	1	39	7	45
chr3	51314834	51315565	2	2	1	18	2	44
chr3	51315670	51316284	2	2	1	2	0	30
chr3	51356081	51358730	1	1	1	1	0	45
chr3	51367582	51368504	1	1	1	7	0	28
chr3	51379004	51380020	1	1	1	1	0	12
chr3	52253812	52254416	1	1	1	2	0	43
chr3	53765417	53766662	2	2	1	1	0	13
chr3	53766696	53767654	2	2	1	1	0	33
chr3	53767695	53768635	2	2	1	1	0	6
chr3	53768694	53771034	2	2	1	1	0	44
chr3	54636315	54636614	2	2	1	1	0	21
chr3	54656115	54656649	1	1	1	1	0	41
chr3	57686930	57703618	1	1	1	1	0	26
chr3	58432580	58432830	2	2	1	1	0	6
chr3	58452794	58452920	1	1	1	1	0	5
chr3	58482386	58483541	2	2	1	1	0	19
chr3	59939363	59943231	1	1	1	1	0	11
chr3	59943455	59944687	1	1	1	1	0	7
chr3	60784468	60784586	1	1	1	0	1	5
chr3	62399854	62401150	2	2	1	3	0	34
chr3	62402959	62404149	2	2	1	1	0	6
chr3	62408490	62409394	2	2	1	1	0	25
chr3	63275996	63276300	1	1	1	1	0	3
chr3	63276378	63287653	1	1	1	1	0	12
chr3	63897770	63897937	1	1	1	1	0	14
chr3	63898104	63900611	1	1	1	1	0	19
chr3	63923019	63924053	1	1	1	1	9	43
chr3	64360229	64367414	1	1	1	0	9	43
chr3	64512058	64513092	1	1	1	0	1	18
chr3	65856022	65856111	2	2	1	2	0	32
chr3	66903924	66989868	1	1	1	1	0	42
chr3	66990043	67088161	1	1	1	1	0	10
chr3	67197749	67257241	1	1	1	1	0	36
chr3	67505459	67507272	1	1	1	1	0	4
chr3	68993149	68994789	2	2	1	1	0	12
chr3	69650962	69652545	1	1	1	1	0	14
chr3	69652619	69654061	1	1	1	1	0	5
chr3	69655702	69656104	1	1	1	2	0	22
chr3	75424909	75428008	2	2	1	0	1	6
chr3	75448686	75464028	2	2	1	0	1	28
chr3	75794148	75797828	2	2	1	2	0	29
chr3	75805440	75809707	2	2	1	1	0	17
chr3	79407775	79413513	2	2	1	1	0	10
chr3	79509666	79509749	1	1	1	1	0	27
chr3	79511473	79512211	2	2	1	1	0	26
chr3	79522454	79523230	2	2	1	1	0	17
chr3	79526228	79530044	2	2	1	1	0	3
chr3	81866252	81867776	2	2	1	4	0	34
chr3	81867868	81868739	2	2	1	1	0	19
chr3	81868820	81870031	2	2	1	1	0	27
chr3	81870090	81871228	2	2	1	1	0	7
chr3	81874400	81875391	2	2	1	5	0	38
chr3	81875579	81876796	2	2	1	1	0	33
chr3	82915290	82915459	1	1	1	6	0	45
chr3	82915505	82915680	1	1	1	6	0	38
chr3	82915865	82915954	1	1	1	11	0	45
chr3	82917502	82917762	1	1	1	3	0	44
chr3	82917897	82918651	1	1	1	2	0	24
chr3	82918837	82920070	1	1	1	3	0	22
chr3	82920349	82921444	1	1	1	10	0	45
chr3	82921615	82922141	1	1	1	321	0	46
chr3	82936573	82937491	1	1	1	1	0	17
chr3	82937638	82938139	1	1	1	6	0	42
chr3	82939167	82939355	2	2	1	1	0	36
chr3	82949942	82950538	2	2	1	11	0	46
chr3	82950825	82951083	2	2	1	2	0	37
chr3	82951210	82951525	2	2	1	11	0	46
chr3	82951640	82952179	2	2	1	18	0	45
chr3	82952408	82953308	2	2	1	22	0	40
chr3	82953493	82953960	2	2	1	32	0	45
chr3	82954156	82956987	2	2	1	7	0	44
chr3	82978691	82979417	1	1	1	4	0	39
chr3	83995482	84000861	2	2	1	0	1	17
chr3	86045418	86045789	2	2	1	85	0	46
chr3	86045900	86046346	2	2	1	4	0	28
chr3	86907382	86908206	2	2	1	2	0	18
chr3	86907382	86908709	2	2	1	4	0	39
chr3	86908781	86912803	2	2	1	2	0	12
chr3	87814022	87820397	1	1	1	1	0	6
chr3	87821545	87821779	1	1	1	1	0	15
chr3	87822283	87822927	1	3	1	1	0	30
chr3	87830373	87830516	1	1	1	2	0	23
chr3	87961768	87962009	1	1	1	1	0	15
chr3	87962061	87962264	1	1	1	1	0	26
chr3	87964084	87964292	2	2	1	2	0	37
chr3	87964084	87965026	2	2	1	1	0	18
chr3	88079566	88083157	2	2	1	1	0	31
chr3	88228013	88228320	1	1	1	2	0	43
chr3	88235421	88235509	1	1	1	1	0	25
chr3	88389408	88389652	2	2	1	3	0	44
chr3	88457312	88458002	2	2	1	26	0	43
chr3	88458093	88459661	2	2	1	2	0	43
chr3	88684822	88691614	1	1	1	0	2	26
chr3	88744828	88753694	1	1	1	0	2	26
chr3	88831221	88832600	2	2	1	1	0	5
chr3	88961825	88965794	1	1	1	1	0	31
chr3	88980371	88981525	2	2	1	1	0	21
chr3	89001151	89001537	2	2	1	10	0	42
chr3	89001673	89001758	2	2	1	5	0	27
chr3	89001837	89002166	2	2	1	6	0	43
chr3	89002240	89002320	2	2	1	1	0	31
chr3	89002410	89002660	2	2	1	1	0	34
chr3	89002784	89002905	2	2	1	2	0	34
chr3	89154240	89154371	1	1	1	1	0	4
chr3	89154436	89156380	1	1	1	3	0	21
chr3	89156448	89156877	1	1	1	13	0	44
chr3	89183733	89186757	2	2	1	1	0	4
chr3	89299814	89304579	1	1	1	2	0	31
chr3	89301701	89304579	1	1	1	1	0	33
chr3	89303170	89305265	1	1	1	1	0	29
chr3	89310609	89310702	2	2	1	2	0	23
chr3	89334607	89335717	2	2	1	1	0	14
chr3	89371756	89374853	1	1	1	1	0	39
chr3	89688771	89689077	1	1	1	1	0	24
chr3	89903018	89903120	2	2	1	3	0	35
chr3	89928824	89930737	2	2	1	1	0	5
chr3	89946324	89951006	2	2	1	1	0	42
chr3	89951118	89952160	2	2	1	2	0	35
chr3	89960188	89969611	1	1	1	1	0	31
chr3	89960427	89960814	1	1	1	1	0	41
chr3	89987171	89993752	1	1	1	1	0	18
chr3	89994880	89994980	1	1	1	3	0	35
chr3	89995052	89995707	1	1	1	3	0	22
chr3	89997387	89998319	1	1	1	2	0	21
chr3	90120061	90120240	2	2	1	41	2	46
chr3	90120352	90120499	2	2	1	18	0	36
chr3	90139819	90141229	1	1	1	2	0	43
chr3	90299908	90300097	2	2	1	1	0	15
chr3	90418672	90419302	2	2	1	1	0	38
chr3	90419457	90421507	2	2	1	1	0	45
chr3	94280239	94282341	1	1	1	3	0	33
chr3	94296904	94298380	1	1	1	2	0	20
chr3	94408579	94409476	2	2	1	1	0	45
chr3	94409537	94410162	2	2	1	1	0	25
chr3	94607020	94607244	1	1	1	1	0	14
chr3	94607424	94609626	1	1	1	1	0	8
chr3	94609706	94609787	1	1	1	1	0	5
chr3	94609910	94610793	1	1	1	3	0	38
chr3	94610887	94611028	1	1	1	0	3	31
chr3	94611148	94611360	1	1	1	2	0	46
chr3	94791752	94791981	2	2	1	35	0	46
chr3	94792071	94792227	2	2	1	10	0	40
chr3	94847140	94847358	1	1	1	1	0	26
chr3	94851243	94851385	1	1	1	0	3	31
chr3	94916229	94916386	2	2	1	1	0	30
chr3	94940238	94943152	0	0	1	3	0	33
chr3	94942636	94943120	2	2	1	1	0	36
chr3	95018526	95025535	1	3	1	1	0	4
chr3	95037195	95037474	2	2	1	1	0	43
chr3	95188923	95189993	1	1	1	1	0	10
chr3	95202298	95202583	1	1	1	2	0	16
chr3	95229545	95229630	1	1	1	2	0	32
chr3	95254433	95255306	2	2	1	1	0	10
chr3	95394635	95395665	1	1	1	1	0	25
chr3	95434237	95436747	1	1	1	2	0	27
chr3	95778998	95782004	1	1	1	3	0	3
chr3	95836963	95841220	1	1	1	1	0	34
chr3	95844508	95845193	1	1	1	1	0	12
chr3	95964427	95964993	2	2	1	1	0	15
chr3	96538885	96539004	1	1	1	2	0	23
chr3	96776548	96777425	1	1	1	1	0	3
chr3	96797306	96798118	2	2	1	2	0	31
chr3	96798240	96800181	2	2	1	1	0	11
chr3	97073933	97075302	1	1	1	1	0	28
chr3	97083110	97083646	1	1	1	3	0	32
chr3	97546319	97548983	1	1	1	2	0	17
chr3	97654915	97655080	2	2	1	3	0	32
chr3	98204451	98204693	1	1	1	1	0	38
chr3	98204860	98206435	1	1	1	2	0	32
chr3	98206607	98208888	1	1	1	1	0	12
chr3	98208996	98209937	1	1	1	3	0	35
chr3	98210064	98210480	1	1	1	1	0	46
chr3	98210593	98216345	1	3	1	2	0	39
chr3	98354188	98357700	2	2	1	0	1	6
chr3	98407584	98411075	2	2	1	0	1	6
chr3	98461055	98464546	2	2	1	0	1	6
chr3	98527135	98529318	2	2	1	0	1	6
chr3	98529484	98537369	2	2	1	2	0	30
chr3	98619634	98620743	2	2	1	0	1	22
chr3	98650012	98651138	2	2	1	0	1	22
chr3	98713988	98715080	2	2	1	0	1	22
chr3	100499265	100524278	2	2	1	1	0	44
chr3	100527469	100539819	2	2	1	1	0	27
chr3	100563591	100591876	2	2	1	4	0	40
chr3	101483683	101490120	1	3	1	1	0	36
chr3	101484327	101486309	2	2	1	2	0	6
chr3	101486412	101486836	2	2	1	2	0	40
chr3	101486968	101487089	2	2	1	1	0	27
chr3	101489196	101489317	2	2	1	1	0	3
chr3	102936529	102946007	1	1	1	2	0	38
chr3	102950555	102950872	1	1	1	1	0	38
chr3	102951002	102951121	1	1	1	3	0	26
chr3	102963794	102964201	1	1	1	5	0	42
chr3	103218830	103228860	1	1	1	3	0	46
chr3	103671076	103671777	2	2	1	1	0	39
chr3	103671898	103676713	2	2	1	1	0	21
chr3	103822470	103835666	1	1	1	1	0	40
chr3	103890421	103893068	1	1	1	1	0	43
chr3	104002501	104013046	2	2	1	3	0	34
chr3	104560904	104562763	1	1	1	1	0	16
chr3	104747305	104748143	2	2	1	1	0	36
chr3	105645215	105646829	2	2	1	1	0	28
chr3	105850380	105851002	2	2	1	2	0	24
chr3	105861498	105863211	2	2	1	1	0	42
chr3	107189343	107190950	1	1	1	1	0	15
chr3	107572430	107572831	2	2	1	1	0	35
chr3	107805593	107805766	1	1	1	1	0	31
chr3	107846199	107848357	2	2	1	1	0	24
chr3	107848420	107848504	2	2	1	1	0	6
chr3	107892466	107892562	2	2	1	2	0	34
chr3	107919766	107924704	1	1	1	1	0	32
chr3	107920095	107922068	2	2	1	0	1	21
chr3	107922180	107922260	2	2	1	2	0	7
chr3	107922357	107923643	2	2	1	1	0	17
chr3	107924265	107924666	2	2	1	1	0	37
chr3	107924743	107925055	2	2	1	1	0	28
chr3	107951745	107951952	2	2	1	1	0	35
chr3	108019405	108019788	2	2	1	2	0	28
chr3	108173817	108175108	1	1	1	2	0	44
chr3	108179694	108187050	1	1	1	0	4	28
chr3	108264005	108264544	1	1	1	1	0	32
chr3	108340478	108341364	2	2	1	1	0	9
chr3	108344896	108352312	2	2	1	1	0	25
chr3	108561840	108563632	2	4	1	1	0	34
chr3	108568812	108569247	1	1	1	1	0	10
chr3	108576156	108578217	1	1	1	1	0	6
chr3	113349823	113351741	2	2	1	12	0	42
chr3	113355381	113355472	2	2	1	3	0	22
chr3	113355596	113356276	2	2	1	1	0	23
chr3	113410523	113413673	2	2	1	1	0	39
chr3	114552551	114556099	2	2	1	1	0	38
chr3	116574526	116574640	2	2	1	1	0	35
chr3	116712283	116716883	2	2	1	2	0	12
chr3	116720933	116721049	2	2	1	1	0	27
chr3	116721084	116721223	2	2	1	3	0	31
chr3	116746787	116762146	2	2	1	1	0	7
chr3	118355964	118404093	1	1	1	1	0	45
chr3	118692986	118710721	1	1	1	1	0	45
chr3	118988012	118988717	1	1	1	1	0	42
chr3	119108581	119205782	1	1	1	1	0	44
chr3	119220938	119225135	1	1	1	1	0	5
chr3	120949707	120949835	2	2	1	2	0	28
chr3	121131076	121131819	1	3	1	1	0	15
chr3	121562906	121563000	2	2	1	2	0	3
chr3	121563067	121563163	2	2	1	8	0	26
chr3	121563242	121565951	2	2	1	2	0	35
chr3	121577784	121578121	2	2	1	1	0	18
chr3	121786094	121786181	1	1	1	1	0	16
chr3	121787367	121796190	1	1	1	1	0	31
chr3	122039761	122049193	1	1	1	1	0	12
chr3	122052941	122055516	1	1	1	1	0	5
chr3	122058558	122059876	1	1	1	1	0	15
chr3	122078153	122078705	1	1	1	2	0	35
chr3	122306653	122312911	1	1	1	1	0	13
chr3	122362465	122363243	2	2	1	1	0	22
chr3	122718306	122719127	1	1	1	3	0	31
chr3	123156373	123158469	1	1	1	1	0	28
chr3	123176492	123177244	2	2	1	1	0	9
chr3	123301310	123301465	2	2	1	7	0	26
chr3	123301512	123301760	2	2	1	1	0	12
chr3	127340219	127340302	2	2	1	0	6	42
chr3	129255991	129256226	1	3	1	0	1	27
chr3	129431849	129431884	2	4	1	1	0	15
chr3	129618859	129619196	2	2	1	1	0	20
chr3	129619266	129620472	2	2	1	1	0	3
chr3	129638578	129640183	2	2	1	4	0	33
chr3	129640264	129640483	2	2	1	2	0	17
chr3	129652118	129652361	1	1	1	5	0	43
chr3	129668705	129668824	1	1	1	1	0	28
chr3	130416025	130419116	1	1	1	3	0	37
chr3	130423073	130425454	1	1	1	1	0	44
chr3	130424312	130424977	1	1	1	1	0	11
chr3	130425068	130425368	1	1	1	1	0	3
chr3	130520609	130522396	2	2	1	75	93	45
chr3	130522501	130522699	2	2	1	49	0	45
chr3	130522800	130522877	2	2	1	2	0	17
chr3	132366503	132373145	2	2	1	1	0	9
chr3	132379891	132380509	2	2	1	1	0	31
chr3	132382900	132389553	2	2	1	1	0	38
chr3	132390156	132392532	1	3	1	1	0	15
chr3	133016043	133026696	1	1	1	1	0	36
chr3	133045111	133053824	1	1	1	1	0	4
chr3	133082350	133083607	1	1	1	1	0	30
chr3	135142364	135144181	2	2	1	1	0	32
chr3	135161139	135164558	1	1	1	1	0	31
chr3	135165842	135168710	1	1	1	2	0	41
chr3	135168805	135170955	1	1	1	3	0	39
chr3	137611819	137614105	1	1	1	1	0	6
chr3	137798511	137800719	2	2	1	1	0	17
chr3	137817513	137818220	2	2	1	3	0	21
chr3	137983498	137985491	1	1	1	3	0	46
chr3	137985594	137986134	1	1	1	1	0	17
chr3	137992714	137994509	1	1	1	3	0	26
chr3	137994646	137995562	1	1	1	12	0	31
chr3	137995702	137996295	1	1	1	266	0	45
chr3	138087691	138088771	1	1	1	1	0	43
chr3	138088914	138091594	1	1	1	12	0	46
chr3	138121311	138123885	1	1	1	1	0	20
chr3	138128155	138129754	1	1	1	1	0	30
chr3	138134937	138136485	1	1	1	19	0	42
chr3	138151153	138152843	1	1	1	1	0	40
chr3	138159639	138160428	1	1	1	1	0	4
chr3	138160568	138160845	1	1	1	26	0	41
chr3	142206508	142207022	1	1	1	1	0	5
chr3	142251314	142251622	1	1	1	1	0	28
chr3	142443607	142443985	1	1	1	3	0	26
chr3	144412493	144414993	2	2	1	2	0	11
chr3	144842485	144845544	1	1	1	1	0	33
chr3	145306335	145309689	1	1	1	2	0	33
chr3	145559032	145594838	1	1	1	1	0	23
chr3	145594983	145597196	1	1	1	6	0	46
chr3	146123546	146124029	1	1	1	1	0	23
chr3	146205776	146209014	1	1	1	1	0	16
chr3	146209155	146211088	1	1	1	3	6	41
chr3	146212331	146212826	2	2	1	1	0	41
chr3	146290444	146292645	2	2	1	1	0	14
chr3	146316244	146318037	1	1	1	2	0	32
chr3	146318155	146318247	1	1	1	2	0	16
chr3	146331634	146333555	1	1	1	4	0	28
chr3	146333640	146336287	1	1	1	1	0	14
chr3	146333640	146337039	1	1	1	1	20	39
chr3	151923522	151923612	1	1	1	2	0	11
chr3	151923685	151923849	1	1	1	2	0	9
chr3	151925484	151925569	1	1	1	3	0	13
chr3	151925669	151925772	1	1	1	1	0	14
chr3	151927046	151927720	1	3	1	1	0	38
chr3	151929003	151931716	1	1	1	2	0	40
chr3	151937660	151938031	1	1	1	1	0	30
chr3	151949661	151952722	2	2	1	3	0	36
chr3	151958594	151958687	2	2	1	1	0	34
chr3	152087522	152088547	1	1	1	3	0	44
chr3	153613379	153613691	2	2	1	2	0	18
chr3	153628640	153631301	2	2	1	1	0	33
chr3	153638773	153641931	2	2	1	5	0	43
chr3	153642063	153643339	2	2	1	2	0	36
chr3	153643421	153644190	2	2	1	2	0	15
chr3	153644292	153644533	2	2	1	7	0	39
chr3	153644604	153644706	2	2	1	1	0	9
chr3	157242224	157243223	1	1	1	1	0	25
chr3	157243307	157246269	1	1	1	1	0	39
chr3	157246347	157246691	1	1	1	1	0	6
chr3	157246827	157247336	1	1	1	1	0	29
chr3	157602968	157610781	2	2	1	1	0	15
chr3	157610835	157611819	2	2	1	1	0	24
chr3	157624173	157625653	2	2	1	3	0	37
chr3	157625750	157626591	2	2	1	2	0	27
chr3	157717841	157717946	2	2	1	2	0	37
chr3	157719679	157721958	2	2	1	2	0	23
chr3	157722091	157723446	2	2	1	6	0	38
chr4	3583490	3585030	1	1	1	2	0	32
chr4	3834684	3834935	2	2	1	12	0	45
chr4	3835010	3835191	2	2	1	2	0	23
chr4	3941312	3942720	1	1	1	1	0	12
chr4	3942820	3943387	1	1	1	2	0	34
chr4	8163725	8169595	2	2	1	1	0	36
chr4	8221675	8237918	2	2	1	1	0	24
chr4	8578038	8578470	1	1	1	4	0	27
chr4	8578564	8582381	1	1	1	3	0	43
chr4	8582494	8604373	1	1	1	1	0	10
chr4	8604443	8606407	1	1	1	1	0	19
chr4	8753149	8785341	1	1	1	2	0	41
chr4	8785764	8801323	1	1	1	1	0	28
chr4	11051226	11053431	2	2	1	1	0	27
chr4	11204584	11208825	2	2	1	1	0	16
chr4	11208870	11209211	2	2	1	1	0	29
chr4	11507077	11507906	1	1	1	1	0	28
chr4	14822773	14825498	2	2	1	2	0	31
chr4	14825654	14826290	2	2	1	2	0	38
chr4	14936540	14938483	1	1	1	2	0	33
chr4	15919095	15919193	2	2	1	23	0	42
chr4	15919257	15919831	2	2	1	2	0	36
chr4	15919979	15922484	2	2	1	2	0	38
chr4	15971864	15976034	1	1	1	1	0	26
chr4	15989116	15991181	1	1	1	3	0	21
chr4	15991232	15992433	1	1	1	2	0	37
chr4	16127715	16129022	2	2	1	1	0	39
chr4	19536626	19540740	2	2	1	2	0	36
chr4	19540831	19543253	2	2	1	1	0	30
chr4	19550660	19552243	2	2	1	2	0	24
chr4	19601444	19602642	1	1	1	3	0	31
chr4	19602674	19605402	1	1	1	3	0	31
chr4	19605537	19606084	1	1	1	2	0	37
chr4	19618358	19619155	2	2	1	1	0	45
chr4	19627774	19627871	2	2	1	4	0	35
chr4	19640081	19640194	2	2	1	1	0	8
chr4	19672544	19673155	2	2	1	4	0	41
chr4	19678436	19687790	2	2	1	3	0	41
chr4	20014785	20021191	1	1	1	1	0	17
chr4	21825078	21826153	1	1	1	1	0	14
chr4	21860992	21861986	1	1	1	1	0	43
chr4	21871609	21873585	1	1	1	1	0	22
chr4	25254690	25254770	2	2	1	2	0	35
chr4	32759963	32760421	1	1	1	3	0	45
chr4	33246508	33247947	2	2	1	1	0	1
chr4	33304979	33310011	2	2	1	0	1	4
chr4	33310525	33320518	1	1	1	1	0	33
chr4	34571019	34571728	2	2	1	1	0	7
chr4	34571809	34572464	2	2	1	1	0	5
chr4	34771415	34778223	2	2	1	1	0	35
chr4	37339139	37339186	2	4	1	1	0	42
chr4	40208923	40209878	2	2	1	1	0	15
chr4	40269720	40270037	1	1	1	3	0	37
chr4	40270848	40272809	2	2	1	14	0	45
chr4	40272855	40277652	2	2	1	4	0	30
chr4	40688213	40690968	2	2	1	1	0	37
chr4	40726210	40727955	1	1	1	0	3	45
chr4	40737396	40738289	2	2	1	1	0	46
chr4	40748659	40751924	2	2	1	1	0	14
chr4	40941639	40943624	2	2	1	1	0	3
chr4	40943708	40946168	2	2	1	1	0	20
chr4	40946298	40947721	2	2	1	2	0	22
chr4	40948677	40949453	1	1	1	1	0	39
chr4	40960972	40964594	1	1	1	1	0	17
chr4	41715456	41716395	2	2	1	1	0	14
chr4	41716455	41717356	2	2	1	1	0	19
chr4	41757779	41758083	1	1	1	1	0	12
chr4	41758239	41758502	1	1	1	12	0	46
chr4	41769655	41769843	2	2	1	3	0	40
chr4	41769977	41771137	2	2	1	0	1	16
chr4	42157144	42158339	1	1	1	0	1	16
chr4	42980635	42980793	2	2	1	4	0	20
chr4	42983150	42983363	2	2	1	1	0	38
chr4	43051378	43053153	1	1	1	1	0	5
chr4	43051693	43053153	1	1	1	1	0	18
chr4	43053052	43053153	1	1	1	1	0	41
chr4	43495622	43495696	1	1	1	2	0	22
chr4	43515842	43519388	2	2	1	0	1	4
chr4	43519507	43519610	2	2	1	1	0	17
chr4	43551288	43552985	2	2	1	2	0	29
chr4	43654412	43654512	2	2	1	16	0	44
chr4	43654586	43654715	2	2	1	8	0	46
chr4	43664171	43664308	2	4	1	0	1	23
chr4	44895042	44895818	1	1	1	1	0	13
chr4	44926071	44929117	1	1	1	1	0	8
chr4	44929236	44931035	1	1	1	1	0	7
chr4	44981535	44982878	1	1	1	1	0	21
chr4	44987352	44988919	1	1	1	1	0	31
chr4	44989051	44990376	1	1	1	1	0	12
chr4	45882861	45884541	1	1	1	2	0	44
chr4	45987675	45989077	1	1	1	1	0	22
chr4	46175416	46180206	2	2	1	1	0	5
chr4	46175416	46183117	2	2	1	1	0	12
chr4	46468788	46469882	1	1	1	1	0	45
chr4	46470008	46471397	1	1	1	1	0	26
chr4	46500980	46502434	1	1	1	1	0	6
chr4	46533111	46535879	2	2	1	2	0	23
chr4	47480233	47482974	1	1	1	5	1	32
chr4	48194710	48196802	2	2	1	10	0	30
chr4	48196906	48204143	2	2	1	1	0	35
chr4	48208814	48211649	2	2	1	3	0	38
chr4	48241336	48243476	2	2	1	1	0	19
chr4	49490414	49499635	2	2	1	1	0	8
chr4	49503172	49506328	2	2	1	1	0	46
chr4	49536889	49538127	2	2	1	7	0	40
chr4	49538328	49538717	2	2	1	1	0	21
chr4	49538893	49539712	2	2	1	2	0	40
chr4	49539797	49541130	2	2	1	2	0	32
chr4	49541292	49542793	2	2	1	7	0	32
chr4	49542849	49543656	2	2	1	5	0	40
chr4	49543869	49544796	2	2	1	1	0	14
chr4	49638335	49638624	1	3	1	1	0	23
chr4	49655513	49655800	1	1	1	1	0	32
chr4	53089916	53090253	2	2	1	1	0	10
chr4	55350428	55366776	1	1	1	2	0	10
chr4	55382616	55383586	1	1	1	4	0	16
chr4	56757272	56758212	2	2	1	1	0	25
chr4	57218670	57221897	2	2	1	1	0	27
chr4	57857038	57892868	1	1	1	0	1	4
chr4	57943968	57945146	2	2	1	30	0	45
chr4	57945213	57950838	2	2	1	5	0	40
chr4	57951902	57956186	2	2	1	1	0	30
chr4	58800321	58801732	2	2	1	1	0	23
chr4	58807890	58809395	2	2	1	1	0	7
chr4	58814082	58815258	2	2	1	2	0	34
chr4	58869555	58872588	2	2	1	1	0	11
chr4	58966764	58968758	2	2	1	1	0	28
chr4	59017823	59020058	1	1	1	1	0	4
chr4	59477016	59477154	2	2	1	1	0	27
chr4	59524477	59549147	2	2	1	1	0	22
chr4	59956895	60066560	1	1	1	0	24	37
chr4	59956895	60136022	1	1	1	0	24	37
chr4	59956895	60218710	1	1	1	0	24	37
chr4	59956895	60374135	1	1	1	0	24	37
chr4	59956895	60454101	1	1	1	0	24	37
chr4	59956895	60534349	1	1	1	0	24	37
chr4	59956895	60614555	1	1	0	0	9	18
chr4	59956895	60693471	1	1	1	0	24	37
chr4	59956895	60773675	1	1	1	0	24	37
chr4	59956895	61180397	1	1	1	0	24	37
chr4	59956895	61256127	1	1	1	0	24	37
chr4	59956895	61354115	1	1	1	0	24	37
chr4	59956895	61510256	1	1	0	0	6	18
chr4	59956895	61696651	1	1	1	0	24	37
chr4	59956923	60066587	1	1	1	0	2346	30
chr4	59956923	60136049	1	1	1	0	2345	30
chr4	59956923	60218737	1	1	1	0	2345	30
chr4	59956923	60454128	1	1	1	0	2342	29
chr4	59956923	60534376	1	1	1	0	2342	29
chr4	59956923	60693498	1	1	1	0	2341	29
chr4	59956923	60773702	1	1	1	0	2341	29
chr4	59956923	61180424	1	1	1	0	2333	28
chr4	59956923	61256154	1	1	1	0	2333	28
chr4	59956923	61354142	1	1	1	0	2333	28
chr4	59956923	61696678	1	1	1	0	2333	28
chr4	59957058	59957844	2	2	1	0	1	29
chr4	60006235	60007019	1	1	1	1	0	21
chr4	60006235	60089377	1	1	1	0	6	45
chr4	60006235	60244827	1	1	1	1	7	45
chr4	60006235	61122570	1	1	1	0	2	38
chr4	60006235	61282216	1	1	1	0	2	38
chr4	60006235	61373989	1	1	1	0	2	38
chr4	60006235	61456010	1	1	1	0	2	38
chr4	60006235	61530020	1	1	1	0	2	38
chr4	60006235	61620581	1	1	1	0	2	38
chr4	60006235	61719274	1	1	1	0	2	38
chr4	60051105	60066557	1	1	1	0	29	15
chr4	60066537	60089528	1	1	1	0	1	41
chr4	60066579	60068213	1	1	1	0	3	44
chr4	60066579	60068218	1	1	1	0	2	36
chr4	60066579	60137680	1	1	1	0	2	36
chr4	60066615	60066658	2	2	1	0	1	4
chr4	60066615	60477136	2	2	1	0	22	32
chr4	60066615	60716487	2	2	1	0	22	32
chr4	60066618	60070257	2	2	1	0	1	31
chr4	60066622	60069749	1	1	1	0	2	34
chr4	60066622	60139235	1	1	1	0	1	34
chr4	60066658	60067509	2	2	1	0	230	4
chr4	60066667	60067509	2	2	1	0	37	45
chr4	60066723	60067482	2	2	1	0	1	28
chr4	60066723	60067509	2	2	1	0	2979	46
chr4	60067556	60067719	2	2	1	0	1168	46
chr4	60067822	60068164	2	2	1	0	404	45
chr4	60068276	60068900	2	2	1	1	240	46
chr4	60068972	60069732	2	2	1	1	0	9
chr4	60068975	60069208	2	2	1	0	1	19
chr4	60068975	60069732	2	2	1	10	72	46
chr4	60069867	60070204	2	2	1	23	112	44
chr4	60136022	60136171	1	1	1	0	1	21
chr4	60136041	60137680	1	1	1	0	3	36
chr4	60136041	60137710	1	1	1	0	315	38
chr4	60136041	60220369	1	1	1	0	3	36
chr4	60136077	60136120	2	2	1	0	1	4
chr4	60136077	60477136	2	2	1	0	22	32
chr4	60136077	60716487	2	2	1	0	22	32
chr4	60136084	60139235	1	1	1	0	2	34
chr4	60136084	60221918	1	1	1	0	1	43
chr4	60136120	60136974	2	2	1	0	230	4
chr4	60136129	60136974	2	2	1	0	37	45
chr4	60136185	60136974	2	2	1	0	2979	46
chr4	60137021	60137183	2	2	1	0	1961	46
chr4	60137286	60137626	2	2	1	0	523	45
chr4	60137738	60138386	2	2	1	0	208	46
chr4	60138461	60138704	2	2	1	0	1	18
chr4	60138461	60139218	2	2	1	0	68	46
chr4	60139353	60139690	2	2	1	0	16	45
chr4	60140720	60154077	2	2	1	1	0	40
chr4	60218765	60218808	2	2	1	0	1	4
chr4	60218765	60477136	2	2	1	0	4	32
chr4	60218765	60716487	2	2	1	0	4	32
chr4	60218772	60221918	1	1	1	0	2	43
chr4	60218808	60219661	2	2	1	0	230	4
chr4	60218817	60219661	2	2	1	0	37	45
chr4	60218873	60219661	2	2	1	1	2978	46
chr4	60219708	60219871	2	2	1	0	1961	46
chr4	60219937	60222373	2	2	1	0	15	34
chr4	60219974	60220315	2	2	1	0	523	45
chr4	60220427	60221059	2	2	1	0	203	46
chr4	60221134	60221377	2	2	1	0	1	18
chr4	60221134	60221901	2	2	1	0	4	13
chr4	60222036	60222373	2	2	1	0	168	44
chr4	60243838	60244001	1	1	1	0	1	14
chr4	60244048	60244827	1	1	1	1	4	31
chr4	60374190	60374233	2	2	1	0	1	4
chr4	60374190	60477136	2	2	1	0	4	32
chr4	60374190	60716487	2	2	1	0	4	32
chr4	60374197	60377334	1	1	1	0	2	34
chr4	60374298	60375086	2	2	1	5	1426	46
chr4	60375025	60377789	2	2	1	0	25	18
chr4	60375038	60375792	2	4	1	0	2	41
chr4	60375133	60375295	2	2	1	0	1960	46
chr4	60375398	60375737	2	2	1	0	523	45
chr4	60375849	60376485	2	2	1	0	232	46
chr4	60376560	60376793	2	2	1	0	1	19
chr4	60376560	60377317	2	2	1	0	75	44
chr4	60377452	60377789	2	2	1	0	246	44
chr4	60454156	60454199	2	2	1	0	1	4
chr4	60454156	60477136	2	2	1	0	4	32
chr4	60454156	60716487	2	2	1	0	4	32
chr4	60454163	60457297	1	1	1	0	2	34
chr4	60454199	60455054	2	2	1	0	231	4
chr4	60454208	60455054	2	2	1	0	37	45
chr4	60454264	60455027	2	2	1	0	1	28
chr4	60454264	60455054	2	2	1	0	2979	46
chr4	60454993	60457752	2	2	1	0	6	18
chr4	60455006	60455764	2	4	1	0	1	41
chr4	60455101	60455264	2	2	1	0	1167	46
chr4	60455367	60455709	2	2	1	0	404	45
chr4	60455821	60456437	2	2	1	0	208	46
chr4	60456512	60456756	2	2	1	0	1	18
chr4	60456512	60457280	2	2	1	0	68	46
chr4	60457415	60457752	2	2	1	0	217	44
chr4	60534349	60534498	1	1	1	0	1	21
chr4	60534368	60536005	1	1	1	0	3	36
chr4	60534368	60536035	1	1	1	0	315	38
chr4	60534368	60616212	1	1	1	0	3	36
chr4	60534404	60534447	2	2	1	0	1	4
chr4	60534404	60716487	2	2	1	0	22	32
chr4	60534411	60617745	1	1	1	0	1	34
chr4	60534447	60535299	2	2	1	0	231	4
chr4	60534456	60535299	2	2	1	0	37	45
chr4	60534512	60535299	2	2	1	0	2979	46
chr4	60535238	60537991	2	2	1	0	25	18
chr4	60535346	60535508	2	2	1	0	1945	46
chr4	60535611	60535951	2	2	1	0	523	45
chr4	60536063	60536677	2	2	1	0	232	46
chr4	60536752	60537519	2	2	1	0	72	46
chr4	60537654	60537991	2	2	1	0	246	44
chr4	60614555	60616163	1	1	1	1	0	41
chr4	60614574	60616207	1	1	1	0	3	44
chr4	60614574	60616212	1	1	1	0	2	36
chr4	60614574	60693489	1	1	1	0	16286	46
chr4	60614574	60695132	1	1	1	0	2	36
chr4	60614574	60773693	1	1	1	0	16283	46
chr4	60614574	61180415	1	1	1	0	16069	46
chr4	60614574	61256145	1	1	1	0	16069	46
chr4	60614574	61354133	1	1	1	0	16069	46
chr4	60614574	61696669	1	1	1	0	16060	46
chr4	60614583	60617764	1	1	1	0	1	35
chr4	60614610	60716487	2	2	1	6	0	20
chr4	60614653	60615506	2	2	1	29	2	12
chr4	60614662	60615506	2	2	1	15	3	45
chr4	60614718	60615506	2	2	1	0	2978	46
chr4	60615445	60618200	2	2	1	0	25	18
chr4	60615553	60615715	2	2	1	0	1960	46
chr4	60615818	60616158	2	2	1	0	523	45
chr4	60616270	60616886	2	2	1	0	208	46
chr4	60616961	60617728	2	2	1	0	68	46
chr4	60617863	60618200	2	2	1	0	246	44
chr4	60678891	60693468	1	1	1	0	29	15
chr4	60693526	60693569	2	2	1	0	1	4
chr4	60693526	60716487	2	2	1	0	4	32
chr4	60693533	60696663	1	1	1	0	3	34
chr4	60693569	60694423	2	2	1	0	231	4
chr4	60693578	60694423	2	2	1	0	37	45
chr4	60693634	60694396	2	2	1	0	1	28
chr4	60693634	60694423	2	2	1	0	2979	46
chr4	60694470	60694633	2	2	1	0	1167	46
chr4	60694736	60695078	2	2	1	0	404	45
chr4	60695190	60695803	2	2	1	0	208	46
chr4	60695878	60696122	2	2	1	0	1	18
chr4	60695878	60696646	2	2	1	0	68	46
chr4	60696781	60697118	2	2	1	2	167	44
chr4	60773675	60773824	1	1	1	0	1	21
chr4	60773694	60775331	1	1	1	0	3	36
chr4	60773694	60775361	1	1	1	0	315	38
chr4	60773730	60773773	2	2	1	0	1	4
chr4	60773773	60774625	2	2	1	0	231	4
chr4	60773782	60774625	2	2	1	0	37	45
chr4	60773838	60774625	2	2	1	0	2979	46
chr4	60774564	60777318	2	2	1	0	25	18
chr4	60774672	60774834	2	2	1	0	1945	46
chr4	60774937	60775277	2	2	1	0	523	45
chr4	60775389	60776004	2	2	1	0	232	46
chr4	60776079	60776846	2	2	1	0	72	46
chr4	60776981	60777318	2	2	1	0	246	44
chr4	61180397	61180546	1	1	1	0	1	21
chr4	61180416	61182057	1	1	1	0	3	36
chr4	61180416	61257784	1	1	1	0	3	36
chr4	61180452	61180495	2	2	1	0	1	4
chr4	61180459	61183608	1	1	1	0	2	34
chr4	61180459	61259337	1	1	1	0	2	43
chr4	61180495	61181349	2	2	1	0	232	4
chr4	61180504	61181349	2	2	1	0	37	45
chr4	61180560	61181349	2	2	1	0	2979	46
chr4	61181288	61184063	2	2	1	0	25	18
chr4	61181396	61181558	2	2	1	0	1960	46
chr4	61181661	61182003	2	2	1	0	523	45
chr4	61182115	61182749	2	2	1	0	39	15
chr4	61182824	61183067	2	2	1	0	1	18
chr4	61182824	61183591	2	2	1	0	7	18
chr4	61183726	61184063	2	2	1	0	200	44
chr4	61244162	61256124	1	1	1	0	29	15
chr4	61256127	61256276	1	1	1	0	1	21
chr4	61256146	61257784	1	1	1	0	3	36
chr4	61256146	61257814	1	1	1	0	315	38
chr4	61256146	61355773	1	1	1	0	3	36
chr4	61256182	61256225	2	2	1	0	1	4
chr4	61256185	61259845	2	2	1	0	1	31
chr4	61256189	61259337	1	1	1	0	2	43
chr4	61256225	61257078	2	2	1	0	232	4
chr4	61256234	61257078	2	2	1	0	37	45
chr4	61256290	61257078	2	2	1	0	2979	46
chr4	61257125	61257287	2	2	1	0	1960	46
chr4	61257353	61259792	2	2	1	0	15	34
chr4	61257390	61257730	2	2	1	0	523	45
chr4	61257842	61258478	2	2	1	0	208	46
chr4	61258553	61258796	2	2	1	0	1	18
chr4	61258553	61259320	2	2	1	11	26	42
chr4	61259455	61259792	2	2	1	0	190	44
chr4	61281227	61281390	1	1	1	0	1	14
chr4	61342553	61354112	1	1	1	0	29	15
chr4	61354092	61374141	1	1	1	0	1	41
chr4	61354134	61355768	1	1	1	0	3	44
chr4	61354134	61355773	1	1	1	0	2	36
chr4	61354134	61435573	1	1	1	0	2	36
chr4	61354170	61354213	2	2	1	0	1	4
chr4	61354177	61357318	1	1	1	0	2	34
chr4	61354177	61437106	1	1	1	0	2	34
chr4	61354213	61355064	2	2	1	0	232	4
chr4	61354222	61355064	2	2	1	0	37	45
chr4	61354278	61355037	2	2	1	0	1	28
chr4	61354278	61355064	2	2	1	0	2979	46
chr4	61355111	61355274	2	2	1	0	1166	46
chr4	61355377	61355719	2	2	1	0	402	45
chr4	61355831	61356459	2	2	1	0	208	46
chr4	61356534	61357301	2	2	1	0	68	46
chr4	61357436	61357773	2	2	1	3	16	45
chr4	61433938	61435568	1	1	1	0	3	44
chr4	61433938	61435573	1	1	1	0	2	36
chr4	61433938	61511911	1	1	1	0	2	36
chr4	61433947	61437125	1	1	1	0	1	35
chr4	61434017	61434867	2	2	1	0	4	4
chr4	61434026	61434867	2	2	1	0	4	45
chr4	61434082	61434867	2	2	1	0	2978	46
chr4	61434806	61437561	2	2	1	0	25	18
chr4	61434914	61435076	2	2	1	0	1944	46
chr4	61435179	61435519	2	2	1	0	523	45
chr4	61435631	61436247	2	2	1	0	232	46
chr4	61436322	61437089	2	2	1	0	75	44
chr4	61437224	61437561	2	2	1	2	95	34
chr4	61456051	61456145	2	2	1	1	0	34
chr4	61510275	61511911	1	1	1	0	2	36
chr4	61510275	61590162	1	1	1	0	2	36
chr4	61510275	61696669	1	1	1	1	15972	46
chr4	61510284	61513465	1	1	1	0	1	35
chr4	61510354	61511205	2	2	1	5	2	4
chr4	61510363	61511205	2	2	1	6	3	45
chr4	61510419	61511205	2	2	1	73	3	46
chr4	61511144	61513901	2	2	1	0	25	18
chr4	61511155	61589404	1	3	0	0	2	38
chr4	61511252	61511414	2	2	1	13	1919	46
chr4	61511517	61511857	2	2	1	9	350	45
chr4	61511969	61512587	2	2	1	2	168	46
chr4	61512662	61513429	2	2	1	0	77	46
chr4	61513564	61513901	2	2	1	0	199	44
chr4	61588523	61590157	1	1	1	0	3	44
chr4	61588523	61590162	1	1	1	0	2	36
chr4	61588602	61589456	2	2	1	0	4	4
chr4	61588611	61589456	2	2	1	0	4	45
chr4	61588667	61589456	2	2	1	0	2977	46
chr4	61589395	61592163	2	2	1	0	25	18
chr4	61589503	61589665	2	2	1	19	1884	46
chr4	61589768	61590108	2	2	1	0	523	45
chr4	61590220	61590848	2	2	1	0	232	46
chr4	61590923	61591691	2	2	1	0	75	44
chr4	61591826	61592163	2	2	1	0	246	44
chr4	61619592	61619755	1	1	1	0	1	14
chr4	61619592	61620581	1	1	1	0	1	19
chr4	61619592	61719274	1	1	1	0	2	19
chr4	61696706	61696749	2	2	1	0	1	4
chr4	61696713	61699844	1	1	1	0	3	34
chr4	61696749	61697603	2	2	1	0	232	4
chr4	61696758	61697603	2	2	1	1	37	45
chr4	61696800	61697888	2	6	1	4	402	26
chr4	61696814	61697603	2	2	1	0	2978	46
chr4	61697542	61700299	2	2	1	0	25	18
chr4	61697555	61698310	2	4	1	0	2	41
chr4	61697650	61697812	2	2	1	0	1958	46
chr4	61697650	61793123	2	2	0	0	2	35
chr4	61697915	61698255	2	2	1	1	523	45
chr4	61698367	61698995	2	2	1	0	232	46
chr4	61699070	61699303	2	2	1	0	1	19
chr4	61699070	61699827	2	2	1	0	75	44
chr4	61699962	61700299	2	2	1	0	247	44
chr4	61718285	61719274	1	1	1	0	2	19
chr4	61718495	61719274	1	1	1	7	4	31
chr4	61749807	61750578	2	2	1	1	9	46
chr4	61750625	61750788	2	2	1	1	18	36
chr4	61750625	61793123	2	2	0	0	1	33
chr4	61775692	61776029	2	2	1	0	169	44
chr4	61792960	61793123	2	2	1	0	2	35
chr4	61801109	61801446	0	0	1	0	2	5
chr4	61867320	61968564	2	2	1	3	0	38
chr4	61875412	61875575	2	2	1	0	117	46
chr4	61876111	61876734	2	2	1	0	28	45
chr4	61876809	61877578	2	2	1	0	26	45
chr4	61877713	61878049	2	2	1	0	94	41
chr4	61929705	61947558	2	2	1	1	0	29
chr4	61968724	61969508	2	2	1	383	2	46
chr4	61969555	61969718	2	2	1	91	117	46
chr4	61969555	61970137	2	2	1	1	1	43
chr4	61969555	62003440	2	2	1	0	1	27
chr4	61969821	61970137	2	2	1	38	0	46
chr4	61970249	61970872	2	2	1	0	28	45
chr4	61970947	61971716	2	2	1	0	26	45
chr4	61971851	61972187	2	2	1	0	94	41
chr4	62001836	62001929	0	0	1	3	0	35
chr4	62001909	62002753	2	2	1	16	0	40
chr4	62001909	62002784	2	2	1	32	1	46
chr4	62001965	62002753	2	2	1	184	0	44
chr4	62001965	62002784	2	2	1	150	0	46
chr4	62002831	62002995	2	2	1	302	0	46
chr4	62002831	62002999	2	2	1	2	0	35
chr4	62003098	62003440	2	2	1	70	0	44
chr4	62003552	62004195	2	2	1	49	0	46
chr4	62004270	62005036	2	2	1	64	0	46
chr4	62005171	62005360	2	2	1	51	0	45
chr4	62066215	62066378	2	2	1	96	0	46
chr4	62066481	62066820	2	2	1	14	0	43
chr4	62067665	62068431	2	2	1	2	0	45
chr4	62068566	62068890	2	2	1	4	0	40
chr4	62302621	62302649	1	1	1	1	0	22
chr4	62307255	62307644	2	2	1	1	0	18
chr4	62427548	62428341	2	2	1	34	1	46
chr4	62428472	62428751	2	2	1	2	0	16
chr4	62428839	62428930	2	2	1	1	0	3
chr4	62429161	62429760	2	2	1	1	0	39
chr4	63061638	63061903	2	2	1	498	0	46
chr4	63062078	63062387	2	2	1	17	0	46
chr4	63062556	63063501	2	2	1	2	0	35
chr4	63066986	63067655	2	2	1	1	0	21
chr4	63067758	63068564	2	2	1	4	0	22
chr4	63068682	63069690	2	2	1	1	0	6
chr4	63070964	63072178	2	2	1	1	0	28
chr4	63235778	63236220	1	1	1	1	0	13
chr4	63236275	63236498	1	1	1	1	0	8
chr4	63242904	63243008	1	1	1	1	0	18
chr4	63243027	63243412	1	1	1	1	0	18
chr4	63243449	63244360	1	1	1	1	0	27
chr4	63244388	63246066	1	1	1	1	0	27
chr4	63262952	63263305	1	1	1	2	0	10
chr4	63263449	63263657	1	1	1	2	0	13
chr4	63263729	63264276	1	1	1	2	0	27
chr4	63264385	63264518	1	1	1	13	0	37
chr4	63264623	63266206	1	1	1	95	0	44
chr4	63282503	63283921	1	1	1	3	0	31
chr4	63466923	63468181	1	1	1	1	0	23
chr4	70141352	70141766	2	2	1	1	0	28
chr4	70141814	70146834	2	2	1	2	0	27
chr4	72036629	72036727	2	2	1	2	0	22
chr4	75196007	75196217	2	2	1	1	0	22
chr4	75863264	75865279	2	2	1	4	0	42
chr4	75865416	75868887	2	2	1	1	0	9
chr4	75875619	75900190	2	2	1	1	0	35
chr4	75957616	75968563	2	2	1	1	0	14
chr4	83354711	83360123	1	1	1	1	0	26
chr4	83381951	83383161	2	2	1	1	0	41
chr4	83383388	83384944	2	2	1	3	0	23
chr4	83384375	83385205	1	1	1	1	0	13
chr4	83385021	83386819	2	2	1	2	0	42
chr4	86580451	86582665	2	2	1	3	0	25
chr4	86586800	86586886	2	2	1	1	0	32
chr4	86586943	86588181	2	2	1	1	0	4
chr4	86773193	86774103	2	2	1	6	0	26
chr4	86774251	86774382	2	2	1	1	0	10
chr4	86774594	86774964	2	2	1	1	0	24
chr4	88332584	88337935	2	2	1	1	0	15
chr4	92079728	92079821	2	2	1	0	6	42
chr4	94761379	94762160	1	1	1	1	0	29
chr4	95811224	95814959	1	1	1	5	0	35
chr4	95887016	95889406	1	1	1	2	0	23
chr4	96406443	96411939	2	2	1	1	0	11
chr4	96517884	96518947	2	2	1	1	0	7
chr4	96524170	96529508	2	2	1	1	0	38
chr4	96547868	96551348	2	2	1	1	0	24
chr4	98357842	98379774	1	1	1	1	0	25
chr4	98379985	98383261	1	1	1	1	0	10
chr4	98919737	98920322	1	1	1	7	0	35
chr4	98920434	98921489	1	1	1	3	0	43
chr4	98921605	98922681	1	1	1	1	0	32
chr4	98923162	98923500	1	1	1	2	0	19
chr4	98923162	98925606	1	1	1	1	0	29
chr4	98925874	98926069	1	1	1	23	0	45
chr4	101010788	101011734	2	2	1	1	0	41
chr4	101023847	101028431	2	2	1	1	0	41
chr4	101034954	101036651	2	2	1	1	0	13
chr4	101231521	101232316	1	1	1	1	0	29
chr4	102988309	102996554	1	1	1	3	0	42
chr4	102997441	102998033	1	1	1	2	0	34
chr4	102998099	103000330	1	1	1	2	0	42
chr4	103007826	103012683	1	1	1	2	0	44
chr4	103017019	103019619	1	1	1	4	0	41
chr4	104640229	104641595	1	1	1	1	0	8
chr4	104647913	104648991	1	1	1	7	0	43
chr4	104674858	104679176	2	2	1	3	0	22
chr4	104685278	104703091	2	2	1	3	0	42
chr4	104806030	104808049	1	1	1	1	0	6
chr4	104808084	104836187	1	1	1	1	0	34
chr4	104853010	104853097	1	1	1	1	0	37
chr4	105066002	105066396	1	1	1	1	0	3
chr4	105076702	105088093	1	1	1	5	0	30
chr4	106219208	106219353	1	1	1	1	0	9
chr4	106219450	106219534	1	3	1	2	0	35
chr4	106219697	106219884	1	1	1	1	0	45
chr4	106225332	106225919	1	1	1	2	0	11
chr4	106535500	106535949	2	2	1	2	0	41
chr4	106903592	106904438	1	1	1	1	0	29
chr4	106904468	106904560	1	1	1	1	0	9
chr4	106913302	106914568	2	2	1	1	0	10
chr4	107044911	107047731	1	1	1	1	0	13
chr4	107050578	107054702	1	1	1	1	0	25
chr4	107132489	107135123	1	1	1	2	0	4
chr4	107135168	107136921	1	1	1	2	0	23
chr4	107207736	107216803	1	1	1	4	0	46
chr4	107742197	107744373	1	1	1	2	0	39
chr4	107752136	107754067	1	1	1	1	0	19
chr4	107902043	107904786	2	2	1	0	1	4
chr4	107904867	107912635	2	2	1	5	6	34
chr4	107912766	107921082	2	2	1	1	3	39
chr4	107921186	107928453	2	2	1	0	4	36
chr4	107928608	107931552	2	2	1	7	0	38
chr4	107931661	107942351	2	2	1	1	0	7
chr4	107942500	107944208	2	2	1	2	0	18
chr4	107944360	107948433	2	2	1	6	0	43
chr4	107948521	107950020	2	2	1	2	0	36
chr4	107950085	107955218	2	2	1	2	0	35
chr4	107955346	107959487	2	2	1	12	0	44
chr4	107959553	107962240	2	2	1	9	0	37
chr4	107962373	107964813	2	2	1	2	0	42
chr4	108422465	108424101	2	2	1	1	0	31
chr4	108432688	108434125	2	2	1	1	0	25
chr4	108586653	108600475	2	2	1	0	5	41
chr4	108674084	108675381	2	2	1	0	1	36
chr4	108703209	108710365	1	1	1	1	0	15
chr4	108710419	108713344	1	1	1	1	0	24
chr4	108858362	108870706	1	1	1	1	0	28
chr4	109792896	109818995	1	1	1	1	0	22
chr4	114818953	114820261	2	2	1	1	0	11
chr4	115290233	115290663	1	1	1	1	0	15
chr4	115597738	115603654	1	1	1	1	0	3
chr4	115657623	115668198	1	1	1	0	1	28
chr4	115862632	115862783	2	2	1	1	0	41
chr4	115924370	115927059	2	2	1	11	0	38
chr4	115927222	115927933	2	2	1	1	0	21
chr4	115927955	115932112	2	2	1	1	0	8
chr4	115937817	115940073	1	1	1	2	0	31
chr4	115953112	115953339	1	1	1	1	0	35
chr4	116456865	116457083	1	1	1	2	0	7
chr4	116469279	116471526	2	2	1	3	0	39
chr4	116493867	116494958	2	2	1	30	0	45
chr4	116493867	116497006	2	2	1	1	0	28
chr4	116495046	116495172	2	2	1	11	0	46
chr4	116495246	116496157	2	2	1	4	0	38
chr4	116496358	116497006	2	2	1	1	0	25
chr4	116499175	116502700	2	2	1	2	0	17
chr4	116542858	116544603	1	1	1	0	2	45
chr4	116544721	116548972	1	1	1	1	0	43
chr4	116549127	116550079	1	1	1	1	0	37
chr4	116550203	116550913	1	1	1	2	0	40
chr4	116551045	116556367	1	1	1	5	1	30
chr4	116847646	116848428	2	2	1	2	0	38
chr4	116857914	116858018	1	1	1	1	0	23
chr4	116938859	116943885	1	1	1	3	0	41
chr4	117011185	117011495	2	2	1	83	0	45
chr4	117011626	117011834	2	2	1	10	0	40
chr4	117012011	117012204	2	2	1	3	0	39
chr4	117531992	117532217	2	2	1	6	0	41
chr4	117742492	117742825	2	2	1	1	0	5
chr4	117742878	117743000	2	2	1	1	0	35
chr4	118218928	118219070	1	1	1	3	0	31
chr4	118219150	118219237	1	1	1	1	0	5
chr4	118219458	118219559	1	1	1	1	0	26
chr4	118219695	118219780	1	1	1	8	0	42
chr4	118271073	118271920	1	1	1	1	0	12
chr4	118482883	118483016	1	1	1	5	0	40
chr4	119135565	119136130	2	2	1	24	0	44
chr4	119136397	119138766	2	2	1	1	0	45
chr4	119138850	119139342	2	2	1	1	0	25
chr4	119168045	119168728	2	2	1	1	0	12
chr4	120826862	120829086	2	2	1	1	0	40
chr4	120839403	120840303	2	2	1	1	0	42
chr4	120931855	120938368	2	2	1	4	0	32
chr4	122756879	122758373	2	2	1	3	0	19
chr4	123021059	123027111	2	2	1	1	0	23
chr4	123027151	123028847	2	2	1	1	0	30
chr4	123184132	123184663	1	1	1	1	0	14
chr4	123277217	123278437	2	2	1	1	0	17
chr4	123383166	123384380	2	2	1	2	0	6
chr4	123405695	123405839	2	2	1	2	0	46
chr4	123405960	123406554	2	2	1	2	0	45
chr4	123606720	123609656	2	2	1	0	8	44
chr4	124572780	124573494	2	2	1	3	0	42
chr4	124610317	124612120	1	1	1	2	0	41
chr4	124612213	124615816	1	1	1	1	0	28
chr4	124625220	124625980	1	1	1	1	0	32
chr4	124947328	124947934	1	1	1	1	0	29
chr4	124948021	124948976	1	1	1	1	0	30
chr4	125398380	125398692	2	2	1	0	1	46
chr4	125398534	125398692	2	2	1	0	4	40
chr4	125398618	125398747	2	4	1	0	2	29
chr4	125948946	125949172	1	1	1	8	0	45
chr4	126031639	126032602	1	1	1	1	0	45
chr4	126058992	126059115	1	3	1	2	0	39
chr4	126059411	126060723	2	2	1	1	0	26
chr4	126067322	126069128	2	2	1	0	1	26
chr4	126069241	126069976	2	2	1	4	0	42
chr4	126601397	126603271	1	1	1	8	0	45
chr4	126805078	126808864	2	2	1	2	0	24
chr4	126917362	126917466	1	1	1	2	0	8
chr4	126917563	126919647	1	1	1	1	0	10
chr4	126919845	126919935	1	1	1	2	0	32
chr4	126929648	126930355	1	1	1	1	0	33
chr4	126930443	126930724	1	1	1	3	0	34
chr4	128887230	128892926	1	1	1	1	0	31
chr4	128902023	128904355	1	1	1	8	0	43
chr4	129131182	129132399	2	2	1	1	0	14
chr4	129228438	129229010	2	2	1	2	0	29
chr4	129236967	129240596	1	1	1	1	0	22
chr4	129238042	129240596	1	1	1	0	2	28
chr4	129365836	129366216	1	1	1	2	0	6
chr4	129366286	129366490	1	1	1	2	0	17
chr4	129411302	129411585	2	2	1	2	0	31
chr4	129485928	129486059	2	2	1	16	0	40
chr4	129486153	129486789	2	2	1	3	0	22
chr4	129501376	129502231	2	4	1	1	0	15
chr4	129525148	129525383	2	2	1	1	0	30
chr4	129609980	129612875	2	2	1	1	0	15
chr4	129736556	129738854	1	1	1	1	0	39
chr4	129740333	129741506	1	1	1	1	0	6
chr4	130063197	130066724	2	2	1	1	0	5
chr4	130066789	130067685	2	2	1	1	0	23
chr4	130210602	130220985	2	2	1	3	0	39
chr4	130221132	130223366	2	2	1	3	0	44
chr4	130223468	130230870	2	2	1	1	0	40
chr4	130553409	130553481	2	4	1	1	0	31
chr4	131585212	131588071	1	1	1	1	0	24
chr4	131695287	131701994	2	2	1	2	0	23
chr4	131727616	131730895	2	2	1	2	0	40
chr4	131914259	131931442	2	2	1	11	0	46
chr4	132037527	132037761	1	1	1	1	0	19
chr4	132037816	132038144	1	1	1	1	0	19
chr4	132039318	132041303	2	2	1	2	0	13
chr4	132041679	132046765	2	2	1	1	0	37
chr4	132097227	132097836	2	2	1	1	0	5
chr4	132114377	132140380	2	2	1	2	0	42
chr4	132258135	132260606	2	2	1	2	0	26
chr4	132265600	132269092	1	1	1	0	2	37
chr4	132269150	132271366	1	1	1	2	0	43
chr4	132271434	132271967	1	1	1	4	0	42
chr4	132912415	132912909	1	1	1	1	0	39
chr4	132913064	132916388	1	1	1	5	0	41
chr4	132916507	132917439	1	1	1	1	0	37
chr4	132980620	132980765	2	2	1	1	0	46
chr4	133260111	133260505	2	2	1	2	0	24
chr4	133260625	133260716	2	2	1	1	0	20
chr4	133300712	133304368	1	1	1	0	1	46
chr4	133692885	133693261	2	2	1	1	0	24
chr4	133879601	133881119	2	2	1	1	0	23
chr4	134534003	134536910	2	2	1	1	0	30
chr4	134538630	134539850	2	2	1	5	0	34
chr4	134555820	134557859	2	2	1	1	0	12
chr4	134637037	134640401	2	2	1	1	0	5
chr4	134652744	134654045	1	1	1	1	0	43
chr4	134654130	134654241	1	1	1	4	0	40
chr4	134658596	134661766	1	1	1	3	0	37
chr4	134661893	134662242	1	1	1	1	0	36
chr4	134953461	134966172	2	2	1	1	0	10
chr4	135049811	135051224	2	2	1	1	0	23
chr4	135068347	135069680	2	4	1	2	0	35
chr4	135069885	135071174	2	2	1	2	0	26
chr4	135071981	135074045	2	2	1	4	0	34
chr4	135590888	135591039	1	1	1	1	0	3
chr4	135648462	135650277	1	1	1	1	0	29
chr4	135662192	135664233	1	1	1	3	0	10
chr4	135664334	135666384	1	1	1	5	0	44
chr4	135688220	135689419	1	1	1	1	0	15
chr4	135738720	135740180	2	2	1	2	0	9
chr4	135777328	135777590	2	2	1	92	0	45
chr4	135777702	135778481	2	2	1	89	0	45
chr4	135778614	135778924	2	2	1	5	0	40
chr4	135779032	135779877	2	2	1	0	1	17
chr4	135975429	135981056	1	1	1	2	0	25
chr4	135981120	135981775	1	1	1	7	0	37
chr4	135981882	135982460	1	1	1	1	0	5
chr4	135998691	136000954	1	1	1	8	0	27
chr4	136001027	136002090	1	1	1	26	0	42
chr4	136059915	136063608	1	1	1	1	0	39
chr4	136286619	136287633	2	2	1	2	0	6
chr4	136617285	136617542	1	1	1	2	0	28
chr4	137056436	137059717	2	2	1	1	0	37
chr4	137350700	137352470	1	1	1	2	0	43
chr4	137832748	137847659	1	1	1	1	0	27
chr4	137899989	137903158	1	1	1	2	0	30
chr4	137915530	137917925	1	1	1	1	0	21
chr4	137930803	137933283	1	1	1	2	0	22
chr4	137949500	137950800	1	1	1	1	0	11
chr4	137964619	137966847	1	1	1	2	0	32
chr4	138831324	138832300	2	2	1	4	0	44
chr4	139041603	139041777	1	1	1	1	0	9
chr4	139045011	139045402	1	1	1	1	0	36
chr4	139178636	139179038	1	1	1	1	0	37
chr4	139195515	139196100	1	1	1	3	0	31
chr4	139197075	139197509	1	1	1	1	0	27
chr4	139208104	139213376	2	2	1	1	0	43
chr4	139213459	139216477	1	1	1	2	0	44
chr4	139365874	139367923	1	1	1	1	0	43
chr4	139692802	139693108	1	3	1	1	0	43
chr4	140158943	140159102	1	1	1	1	0	39
chr4	140289813	140291529	1	3	1	1	0	12
chr4	140326850	140327014	0	0	1	3	0	33
chr4	140693940	140698447	1	1	1	3	0	43
chr4	140698534	140700193	1	1	1	2	0	13
chr4	140700331	140700974	1	1	1	1	0	6
chr4	140701092	140703425	1	1	1	4	0	16
chr4	140703528	140704688	1	1	1	2	0	43
chr4	140704812	140706335	1	1	1	63	0	46
chr4	140977949	140978038	1	1	1	1	0	35
chr4	141190719	141190983	1	1	1	1	0	15
chr4	141196349	141196693	2	2	1	2	0	25
chr4	141433370	141435530	2	2	1	1	0	20
chr4	141477089	141482135	1	1	1	1	0	4
chr4	141485735	141486308	1	1	1	1	0	38
chr4	142835956	142838203	2	2	1	1	0	40
chr4	142991771	143000795	1	1	1	1	0	41
chr4	144620280	144645220	1	1	1	2	0	21
chr4	144784133	144789074	2	2	1	1	0	4
chr4	145443736	145444096	1	1	1	0	1	28
chr4	146148185	146148547	1	1	1	0	1	28
chr4	146207052	146209452	1	1	1	0	1	40
chr4	146636524	146636884	1	1	1	0	1	28
chr4	146695586	146697966	1	1	1	0	1	40
chr4	146818996	146819356	1	1	1	0	1	28
chr4	147028953	147029151	0	0	1	0	1	25
chr4	147158093	147158455	1	1	1	0	1	28
chr4	147216647	147219028	1	1	1	0	1	40
chr4	148666292	148666740	1	1	1	1	0	7
chr4	148687354	148687448	1	1	1	1	0	24
chr4	148688276	148688712	1	1	1	23	0	42
chr4	148701302	148702022	2	2	1	3	0	37
chr4	149046252	149047898	2	2	1	1	0	7
chr4	149359553	149361303	2	2	1	1	0	24
chr4	149468340	149469581	2	2	1	1	0	44
chr4	150064354	150064662	1	3	1	1	0	29
chr4	150325410	150325436	2	4	1	1	0	31
chr4	150329795	150331026	1	1	1	0	1	8
chr4	150332577	150332942	1	1	1	2	0	12
chr4	150949727	150949820	1	1	1	1	0	17
chr4	150949898	150950772	1	1	1	3	0	46
chr4	150985552	150988271	2	2	1	1	0	9
chr4	150989767	150991496	2	2	1	1	0	14
chr4	150992881	150994239	2	2	1	1	0	44
chr4	152062526	152063728	1	1	1	1	0	29
chr4	152130493	152131003	1	1	1	1	0	42
chr4	152414586	152416736	1	1	1	11	0	46
chr4	154077452	154077926	1	1	1	1	0	39
chr4	154091191	154092795	1	1	1	1	0	14
chr4	154981055	154981496	2	2	1	1	0	25
chr4	155159486	155160045	2	2	1	5	0	39
chr4	155167212	155170661	2	2	1	1	0	5
chr4	155439162	155440883	2	2	1	2	0	20
chr4	155672476	155673066	1	1	1	1	0	32
chr4	155718683	155722976	1	1	1	1	0	33
chr4	155723100	155724050	1	1	1	2	0	23
chr4	155724147	155724233	1	1	1	2	0	45
chr4	155726096	155734284	1	1	1	1	0	32
chr4	155734069	155734148	1	1	1	1	0	14
chr4	155789919	155799918	1	1	1	1	0	17
chr4	155816503	155817929	1	1	1	2	0	8
chr4	155904886	155905240	1	1	1	1	0	29
chr4	155917255	155917347	1	1	1	9	0	45
chr4	156331221	156331475	1	1	1	1	0	20
chr4	156409051	156409451	1	1	1	2	0	18
chr5	3593948	3604638	1	1	1	1	0	36
chr5	3604737	3607743	1	1	1	1	0	43
chr5	3607823	3608472	1	1	1	1	0	28
chr5	3641816	3645254	2	2	1	1	0	31
chr5	3657787	3659853	1	1	1	4	0	27
chr5	3685911	3686770	1	1	1	2	0	37
chr5	3693742	3694880	2	2	1	1	0	28
chr5	4006313	4007623	1	1	1	2	0	41
chr5	4089344	4093917	1	1	1	1	0	43
chr5	4094071	4094798	1	1	1	1	0	33
chr5	4094979	4095897	1	1	1	1	0	30
chr5	4100644	4101035	1	1	1	1	0	22
chr5	4101100	4101209	1	1	1	1	0	6
chr5	4127316	4127827	1	1	1	1	0	40
chr5	4127968	4129658	1	1	1	1	0	21
chr5	6470789	6520766	2	2	1	1	0	25
chr5	8010542	8025438	1	1	1	1	0	20
chr5	8109423	8112383	1	1	1	1	0	34
chr5	8453741	8454870	2	2	1	1	0	5
chr5	8454917	8455801	2	2	1	1	0	38
chr5	8710223	8710661	1	1	1	1	0	42
chr5	8943908	8944087	1	1	1	1	0	32
chr5	8984327	8985175	1	1	1	1	0	19
chr5	8989918	8990910	1	1	1	7	0	43
chr5	9000106	9000659	1	1	1	1	0	45
chr5	9005596	9008310	1	1	1	1	0	35
chr5	9008458	9008968	1	1	1	1	0	44
chr5	9016973	9018646	2	2	1	1	0	9
chr5	9018767	9018869	2	2	1	4	0	27
chr5	9018964	9019047	2	2	1	1	0	19
chr5	9026110	9027454	2	2	1	4	0	34
chr5	9027581	9028197	2	2	1	1	0	4
chr5	9033798	9037767	2	2	1	3	0	23
chr5	9038286	9039605	2	2	1	1	0	3
chr5	9043642	9046451	2	2	1	5	0	37
chr5	9151396	9154569	1	1	1	1	0	26
chr5	9167564	9168453	1	1	1	2	0	31
chr5	9180478	9181275	2	2	1	1	0	18
chr5	9181309	9182455	2	2	1	1	0	33
chr5	17993324	18000576	2	2	1	1	0	7
chr5	20999480	21006899	2	2	1	1	0	3
chr5	21234883	21260646	2	2	1	2	0	35
chr5	21433066	21434158	1	1	1	2	0	27
chr5	21953908	21961399	1	1	1	2	0	26
chr5	21961674	21961812	1	1	1	2	0	35
chr5	21961889	21961977	1	1	1	5	0	44
chr5	21962408	21962762	2	2	1	4	0	33
chr5	21978857	21979931	2	2	1	2	0	18
chr5	22004553	22004933	1	1	1	1	0	14
chr5	22007612	22008067	1	1	1	1	0	39
chr5	22008271	22008363	1	1	1	1	0	4
chr5	22008461	22008544	1	1	1	1	0	35
chr5	23683982	23686206	1	1	1	1	0	20
chr5	23686325	23687399	1	1	1	1	0	40
chr5	23687510	23690344	1	1	1	8	0	39
chr5	23690610	23691299	1	1	1	2	0	12
chr5	23698506	23700983	1	1	1	1	0	23
chr5	23730744	23731787	2	2	1	2	0	28
chr5	23733061	23745372	2	2	1	1	0	20
chr5	24044827	24046707	2	2	1	11	0	40
chr5	24046757	24048968	2	2	1	2	0	26
chr5	24340138	24343303	1	1	1	1	0	15
chr5	24646260	24646333	2	2	1	2	0	26
chr5	24913859	24913986	1	1	1	1	0	39
chr5	25013434	25018795	2	2	1	1	0	4
chr5	25552479	25554809	2	2	1	4	0	35
chr5	25554939	25556049	2	2	1	1	0	7
chr5	25557291	25558296	2	2	1	2	0	24
chr5	28544307	28557469	1	1	1	2	0	20
chr5	28547513	28557469	1	1	1	1	0	31
chr5	29941115	29953342	1	1	1	0	1	39
chr5	29953434	29955935	1	1	1	0	2	34
chr5	29958651	29969396	1	1	1	0	2	9
chr5	29969529	29970503	1	1	1	0	6	37
chr5	30266132	30266965	2	2	1	2	0	21
chr5	30325189	30325685	2	2	1	1	0	25
chr5	30328693	30331562	2	2	1	1	0	16
chr5	30339175	30339976	2	2	1	2	0	18
chr5	30340100	30345946	2	2	1	2	0	43
chr5	30346050	30347716	2	2	1	2	0	40
chr5	30347837	30349156	2	2	1	2	0	21
chr5	30379970	30381885	1	1	1	0	1	8
chr5	30475318	30475414	1	3	1	1	0	31
chr5	31064111	31064742	2	2	1	1	0	15
chr5	31079352	31082082	1	1	1	1	0	23
chr5	31082106	31088343	1	1	1	1	0	23
chr5	31084501	31085786	1	1	1	1	0	10
chr5	31085860	31086864	1	3	1	2	0	30
chr5	31087981	31088059	1	1	1	1	0	14
chr5	31088218	31088305	1	1	1	7	0	33
chr5	31294558	31294820	1	1	1	2	0	40
chr5	31299195	31302043	2	2	1	1	0	31
chr5	31317437	31323229	2	2	1	1	0	26
chr5	31330406	31331111	2	2	1	1	0	30
chr5	31345145	31345257	2	2	1	3	0	26
chr5	31410769	31410896	2	2	1	1	0	41
chr5	31465176	31465528	1	1	1	1	0	25
chr5	31624020	31624665	1	1	1	1	0	23
chr5	31666751	31668175	1	1	1	1	0	13
chr5	31688100	31689316	1	1	1	1	0	33
chr5	31691550	31692201	1	3	1	1	0	19
chr5	31773832	31779720	1	1	1	2	0	42
chr5	31782001	31805064	2	2	1	2	0	40
chr5	32812952	32816378	1	1	1	1	0	33
chr5	33899957	33900985	2	2	1	3	0	21
chr5	34311451	34320866	2	2	1	1	0	12
chr5	34597935	34600644	1	1	1	2	0	43
chr5	34618722	34619427	1	1	1	1	0	16
chr5	34795996	34796234	2	2	1	4	0	45
chr5	34801424	34802056	2	2	1	1	0	20
chr5	34809763	34811226	2	2	1	3	0	43
chr5	34811362	34811779	2	2	1	4	0	36
chr5	35178604	35179935	1	1	1	2	0	44
chr5	35187435	35187811	1	1	1	1	0	36
chr5	35204609	35205500	1	1	1	3	0	45
chr5	35250731	35252193	2	2	1	0	1	7
chr5	38385307	38385393	1	1	1	1	0	41
chr5	41790594	41793148	2	2	1	2	0	28
chr5	41855822	41860780	2	2	1	1	0	37
chr5	41955427	41957114	2	2	1	4	0	29
chr5	41957150	41957232	2	2	1	4	0	34
chr5	41957309	41958102	2	2	1	1	0	25
chr5	41984564	41986095	2	2	1	1	0	3
chr5	45600920	45601988	2	2	1	1	0	22
chr5	45602086	45604917	2	2	1	1	0	7
chr5	45668560	45669222	1	1	1	1	0	28
chr5	45932864	45933761	2	2	1	1	0	27
chr5	52342246	52347621	2	2	1	1	0	34
chr5	53130605	53147930	2	2	1	1	0	35
chr5	53799532	53803211	1	1	1	1	0	21
chr5	62834628	62835287	2	2	1	1	0	12
chr5	62864072	62872075	2	2	1	2	0	31
chr5	65179069	65185752	1	1	1	1	0	9
chr5	65442297	65445232	2	2	1	1	0	16
chr5	65451279	65453296	2	2	1	1	0	30
chr5	65460552	65468383	2	2	1	1	0	44
chr5	65468507	65470300	2	2	1	1	0	5
chr5	65470377	65476747	2	2	1	2	0	39
chr5	65545785	65545904	2	2	1	83	0	44
chr5	65546023	65546413	2	2	1	39	0	45
chr5	65546495	65546820	2	2	1	3	0	34
chr5	65546954	65547730	2	2	1	0	1	22
chr5	65549017	65549562	1	1	1	1	0	24
chr5	65562785	65566077	1	1	1	2	0	46
chr5	65571407	65574167	2	2	1	1	0	35
chr5	65574456	65574853	2	2	1	1	0	46
chr5	65581487	65584758	2	2	1	1	0	20
chr5	65617916	65625735	2	2	1	1	0	24
chr5	65749319	65751762	1	1	1	1	0	39
chr5	65791674	65792657	2	2	1	1	0	40
chr5	67145386	67150485	1	1	1	1	0	26
chr5	67441567	67443438	1	1	1	1	0	25
chr5	69726692	69728103	1	1	1	1	0	37
chr5	69728141	69728926	1	1	1	3	0	37
chr5	69733297	69735320	2	2	1	1	0	26
chr5	72946588	72960325	2	2	1	1	0	33
chr5	73458061	73460934	1	1	1	1	0	6
chr5	73460983	73461891	1	1	1	1	0	38
chr5	73481191	73483623	2	2	1	4	0	40
chr5	73493289	73495873	2	2	1	1	0	27
chr5	74752655	74755734	1	1	1	2	0	23
chr5	76123527	76125234	2	2	1	1	0	29
chr5	76414737	76421805	2	2	1	1	0	34
chr5	76754635	76757477	1	1	1	1	0	26
chr5	76757617	76759496	1	1	1	1	0	45
chr5	77114253	77114494	1	1	1	2	0	35
chr5	77132090	77132180	1	1	1	1	0	25
chr5	77135846	77137147	1	1	1	1	0	11
chr5	77142085	77142474	1	1	1	2	0	37
chr5	77142579	77142682	1	1	1	2	0	46
chr5	77142761	77143624	1	1	1	15	0	45
chr5	77143763	77144498	1	1	1	2	0	38
chr5	77144537	77145269	1	1	1	1	0	10
chr5	77145430	77146038	1	1	1	3	0	11
chr5	77149852	77149977	2	2	1	1	0	36
chr5	77468961	77471400	1	1	1	1	0	4
chr5	77496266	77496926	1	1	1	2	0	38
chr5	77497347	77499074	2	2	1	2	0	13
chr5	86952451	86963487	1	1	1	1	0	28
chr5	86963590	86964322	1	1	1	1	0	27
chr5	86964652	86964765	1	1	1	2	0	3
chr5	87049145	87052115	2	2	1	3	0	4
chr5	87065725	87067108	2	2	1	2	0	43
chr5	87152834	87155168	1	1	1	2	0	13
chr5	87155257	87155999	1	1	1	2	0	23
chr5	87214330	87228728	2	2	1	6	0	36
chr5	87228949	87229368	2	2	1	2	0	7
chr5	87237409	87238696	2	2	1	1	0	33
chr5	87273352	87275536	2	2	1	5	1	33
chr5	87275757	87276179	2	2	1	4	0	40
chr5	87276268	87283952	2	2	1	2	0	22
chr5	87284085	87285062	2	2	1	4	0	30
chr5	87285212	87287441	2	2	1	1	0	25
chr5	87388899	87390131	2	2	1	0	1	7
chr5	87558347	87559577	2	2	1	2	0	14
chr5	87668739	87669344	2	2	1	2	0	42
chr5	87706442	87707619	2	2	1	2	0	31
chr5	87707747	87711728	2	2	1	6	0	29
chr5	87711827	87712568	2	2	1	2	0	39
chr5	88769284	88775079	1	1	1	2	0	9
chr5	88775142	88775883	1	1	1	2	0	21
chr5	88813801	88818034	2	2	1	1	0	29
chr5	88818171	88819020	2	2	1	3	0	32
chr5	89373833	89376684	1	1	1	2	0	28
chr5	89565548	89569916	2	2	1	594	0	46
chr5	89569203	89569916	2	2	1	1	0	38
chr5	89569976	89573895	2	2	1	230	0	46
chr5	89574029	89582809	2	2	1	6	1	37
chr5	89582908	89583377	2	2	1	6	0	41
chr5	89583508	89586104	2	2	1	8	1	33
chr5	89586308	89587391	2	2	1	5	0	39
chr5	89587522	89589060	2	2	1	19	0	43
chr5	89589156	89589421	2	2	1	16	0	46
chr5	89589555	89591263	2	2	1	7	0	33
chr5	89591476	89593156	2	2	1	4	0	26
chr5	89594429	89605519	2	2	1	8	0	40
chr5	90392354	90398233	2	2	1	1	0	4
chr5	90401802	90402498	2	2	1	4	0	45
chr5	90402671	90406292	2	2	1	3	0	43
chr5	90406410	90407943	2	2	1	11	0	46
chr5	90408040	90411117	2	2	1	4	0	10
chr5	90608873	90609579	1	1	1	1	0	18
chr5	90609638	90610558	1	1	1	11	0	45
chr5	90610692	90611842	1	1	1	15	0	41
chr5	90611946	90622425	1	1	1	1	0	10
chr5	90612055	90612711	1	1	1	8	0	37
chr5	90612804	90624329	1	1	1	1	0	40
chr5	90612845	90613732	1	1	1	4	0	35
chr5	90613831	90615202	1	1	1	7	0	38
chr5	90615333	90616339	1	1	1	15	0	46
chr5	90616555	90617360	1	1	1	18	0	42
chr5	90617494	90618599	1	1	1	16	0	46
chr5	90618698	90619863	1	1	1	26	0	43
chr5	90619893	90623136	2	2	1	1	0	29
chr5	90619968	90624339	2	2	1	1	0	43
chr5	90619991	90623164	1	1	1	1	0	18
chr5	90620003	90620319	1	1	1	44	0	46
chr5	90620368	90624351	1	1	1	1	0	46
chr5	90620404	90622542	2	2	1	1	2	28
chr5	90620544	90622425	1	1	1	157	0	46
chr5	90620544	90623127	1	1	1	2	0	30
chr5	90622475	90624339	2	2	1	1	0	33
chr5	90622559	90623127	1	1	1	2793	0	46
chr5	90622559	90624318	1	1	1	1	0	33
chr5	90623196	90624318	1	1	1	10505	99	46
chr5	90623200	90624323	2	2	1	1	5	40
chr5	90672782	90673364	1	1	1	1	0	32
chr5	90673463	90674202	1	1	1	2	0	37
chr5	90698246	90699203	1	1	1	1	1	6
chr5	90699337	90700403	1	1	1	21	0	45
chr5	90700462	90701261	1	1	1	33	0	43
chr5	92103473	92105393	2	2	1	1	0	30
chr5	92329969	92331340	1	1	1	1	0	21
chr5	92331362	92335093	1	1	1	1	0	21
chr5	92335205	92335556	1	1	1	1	0	46
chr5	92335676	92335801	1	1	1	1	0	45
chr5	92349210	92349715	1	1	1	1	0	35
chr5	92436488	92437598	2	2	1	1	0	8
chr5	92570435	92570835	2	2	1	1	0	8
chr5	96371892	96374143	1	1	1	2	0	24
chr5	96375611	96379539	1	1	1	1	0	31
chr5	96410003	96412059	1	1	1	1	0	20
chr5	98086027	98086261	2	2	1	1	0	16
chr5	100112661	100113880	2	2	1	2	0	31
chr5	100124450	100126250	2	2	1	1	0	24
chr5	100182844	100183493	2	2	1	1	0	25
chr5	100184836	100184943	2	2	1	1	0	21
chr5	100185589	100185671	2	2	1	2	0	43
chr5	100533162	100533986	2	2	1	1	0	24
chr5	100569901	100574594	2	2	1	1	0	16
chr5	100574664	100576905	2	2	1	1	0	7
chr5	100574664	100576955	2	2	1	1	0	36
chr5	100949858	100950918	1	1	1	2	0	32
chr5	100949858	100951835	1	1	1	0	1	3
chr5	100950977	100951835	1	1	1	11	1	45
chr5	100951896	100952197	1	1	1	20	1	43
chr5	102009348	102011642	2	2	1	1	0	14
chr5	102220827	102221663	1	1	1	1	0	11
chr5	103997443	103998567	1	1	1	1	0	20
chr5	104111730	104113640	2	2	1	1	0	9
chr5	104235025	104236262	2	2	1	1	0	36
chr5	104656438	104665288	1	1	1	1	0	13
chr5	105229190	105229516	2	2	1	1	0	18
chr5	105968467	105969901	2	2	1	2	0	19
chr5	106036706	106038983	1	1	1	1	0	17
chr5	106058168	106059278	1	1	1	1	0	25
chr5	107254568	107254852	1	3	1	1	0	16
chr5	107943724	107945678	2	2	1	1	0	35
chr5	107961473	107963476	2	2	1	1	0	5
chr5	107963575	107963667	2	2	1	7	0	42
chr5	107963758	107964639	2	2	1	9	0	42
chr5	107969761	107989936	2	2	1	2	1	34
chr5	108051270	108051531	1	1	1	1	0	43
chr5	108051735	108052582	1	1	1	3	0	33
chr5	108052761	108055054	1	1	1	0	13	46
chr5	108055144	108055762	1	1	1	120	1	46
chr5	108581204	108581596	2	2	1	86	0	45
chr5	108581696	108581891	2	2	1	54	0	45
chr5	108581947	108582191	2	2	1	20	0	43
chr5	108718183	108719254	2	2	1	1	0	38
chr5	108739634	108740063	2	2	1	1	0	22
chr5	109886877	109887064	2	2	1	1	0	35
chr5	110324958	110329468	1	1	1	2	0	28
chr5	110397367	110398566	1	1	1	1	0	18
chr5	110422495	110425520	2	2	1	3	0	33
chr5	110827887	110828007	2	2	1	1	0	38
chr5	110877179	110877688	2	2	1	1	0	35
chr5	110877830	110881584	2	2	1	7	0	42
chr5	110920531	110922642	2	4	1	5	0	38
chr5	110977078	110978801	2	2	1	1	0	12
chr5	112836964	112839961	2	2	1	1	0	14
chr5	113286637	113287217	1	1	1	2	0	27
chr5	113912438	113913278	1	1	1	2	0	34
chr5	114569246	114571143	2	2	1	1	0	19
chr5	115286204	115288127	2	2	1	3	0	15
chr5	115288186	115288266	2	2	1	1	0	19
chr5	115376337	115378220	1	1	1	1	0	13
chr5	115483788	115483839	2	2	1	1	0	33
chr5	115483808	115483857	2	2	1	1	0	22
chr5	115483986	115486623	2	2	1	7	0	38
chr5	115699578	115700484	1	1	1	1	0	41
chr5	115700626	115701341	1	1	1	18	0	45
chr5	115733133	115733351	1	1	1	1	0	35
chr5	116546699	116547315	2	4	1	1	0	21
chr5	117246485	117247822	2	2	1	2	0	41
chr5	117247879	117250874	2	2	1	2	0	37
chr5	117355306	117363304	1	1	1	1	0	31
chr5	117389163	117390606	1	1	1	6	0	44
chr5	117410345	117411737	1	1	1	4	0	38
chr5	118862219	118864325	1	1	1	1	0	7
chr5	118864431	118866212	1	1	1	1	0	20
chr5	119709605	119712586	2	2	1	1	0	35
chr5	120621254	120621637	1	1	1	1	0	16
chr5	120663807	120671967	2	2	1	1	0	20
chr5	121281218	121281624	2	2	1	3	0	29
chr5	121292590	121300771	2	2	1	1	0	22
chr5	121300886	121301200	2	2	1	3	0	33
chr5	121343727	121343816	1	1	1	1	0	9
chr5	121343919	121344729	1	1	1	4	0	41
chr5	121346639	121346844	1	1	1	40	0	44
chr5	121574788	121575670	1	1	1	1	0	41
chr5	121575769	121576790	1	1	1	2	0	44
chr5	121577545	121577890	1	1	1	1	0	33
chr5	121663303	121663725	2	2	1	5	0	41
chr5	121706087	121706988	2	2	1	12	0	44
chr5	121707104	121708666	2	2	1	8	0	37
chr5	121708825	121710079	2	2	1	3	0	28
chr5	121710245	121710738	2	2	1	3	0	20
chr5	121714088	121714519	2	2	1	5	0	29
chr5	121718782	121731424	2	2	1	1	0	12
chr5	121923476	121923821	1	1	1	1	0	46
chr5	121940329	121941010	1	1	1	1	0	39
chr5	122243100	122244733	1	1	1	1	0	10
chr5	122312179	122313042	1	1	1	0	1	14
chr5	122500335	122500867	1	1	1	6	0	35
chr5	122542314	122543146	1	1	1	2	0	4
chr5	122543242	122543931	1	1	1	1	0	26
chr5	122596285	122596510	2	2	1	1	0	13
chr5	122926082	122926364	2	2	1	1	0	4
chr5	122956068	122956916	2	2	1	1	0	28
chr5	123310116	123310232	2	2	1	2	0	36
chr5	123310152	123310232	2	2	1	19	0	46
chr5	123310350	123312413	2	2	1	4	0	36
chr5	123312537	123313953	2	2	1	2	0	35
chr5	123314026	123314154	2	2	1	8	0	39
chr5	123314318	123315591	2	2	1	2	0	41
chr5	123316336	123317428	2	2	1	2	0	35
chr5	123317519	123318709	2	2	1	4	0	39
chr5	123372760	123377604	1	1	1	1	0	29
chr5	123384346	123386355	1	1	1	1	0	36
chr5	123747409	123749884	2	2	1	2	0	27
chr5	123750002	123755398	2	2	1	5	0	38
chr5	123755615	123755719	2	2	1	1	0	44
chr5	123755886	123759858	2	2	1	2	0	46
chr5	123760016	123760818	2	2	1	1	0	6
chr5	123760903	123761275	2	2	1	1	0	26
chr5	123874745	123877554	2	2	1	2	0	31
chr5	124046278	124053253	1	1	1	1	0	20
chr5	124053274	124055262	1	1	1	1	0	16
chr5	124055348	124060242	1	1	1	1	0	30
chr5	124065201	124065312	1	1	1	1	0	10
chr5	124255452	124255892	1	1	1	1	0	13
chr5	124255963	124256047	1	1	1	4	0	26
chr5	124476999	124478671	1	1	1	2	0	42
chr5	124517486	124519571	2	2	1	1	0	43
chr5	124524993	124525381	2	2	1	1	0	19
chr5	124531070	124531863	2	2	1	2	0	34
chr5	124532059	124533957	2	2	1	1	0	40
chr5	124546641	124548132	2	2	1	2	0	30
chr5	124552591	124563509	2	2	1	2	0	27
chr5	124722366	124724289	1	1	1	2	0	16
chr5	125463113	125463198	2	2	1	1	0	25
chr5	127727853	127734150	1	1	1	1	0	17
chr5	127734203	127740405	1	1	1	1	0	23
chr5	129099255	129099438	1	1	1	2	0	13
chr5	129867752	129868532	1	1	1	1	0	33
chr5	129868644	129868845	1	1	1	6	0	38
chr5	129871563	129872181	1	1	1	1	0	31
chr5	129910238	129911269	2	2	1	10	3	38
chr5	129911421	129912774	2	2	1	0	1	31
chr5	129928274	129929185	1	1	1	0	1	31
chr5	130040542	130040705	2	2	1	55	0	45
chr5	130040813	130040890	2	2	1	2	0	14
chr5	130040972	130041497	2	4	1	1	0	23
chr5	130042095	130042241	2	2	1	1	0	23
chr5	130042357	130042803	2	2	1	1	0	10
chr5	130047446	130047673	2	2	1	1	0	34
chr5	130047758	130048502	2	2	1	1	0	16
chr5	130066760	130071046	1	1	1	1	0	30
chr5	130269333	130270118	1	1	1	2	0	24
chr5	134269769	134270984	2	2	1	1	0	24
chr5	134271014	134271457	2	2	1	1	0	29
chr5	134322740	134324363	2	2	1	1	0	5
chr5	134356629	134364990	1	1	1	0	4	29
chr5	134386751	134387841	2	2	1	1	0	9
chr5	135040520	135040740	1	1	1	1	0	38
chr5	135059508	135072414	1	1	1	0	2	42
chr5	135150443	135150589	1	1	1	1	0	16
chr5	135151474	135152067	1	1	1	1	0	39
chr5	135151516	135152058	1	3	1	1	0	25
chr5	135152706	135152790	1	1	1	2	0	9
chr5	135162514	135162607	1	1	1	1	0	38
chr5	135225443	135227024	1	1	1	1	0	37
chr5	135257480	135259010	1	1	1	1	0	42
chr5	135259189	135260453	1	1	1	2	0	42
chr5	135718107	135744725	1	1	1	2	0	43
chr5	135757565	135758252	1	1	1	1	0	16
chr5	135760516	135761336	1	1	1	1	0	36
chr5	135763561	135763666	1	1	1	1	0	14
chr5	135818632	135818930	1	1	1	2	0	21
chr5	136151118	136151595	1	1	1	3	0	39
chr5	136399096	136402175	2	2	1	1	0	42
chr5	136421248	136436833	2	2	1	1	0	15
chr5	136994525	136994770	1	1	1	1	0	5
chr5	137013904	137016342	2	4	1	1	0	44
chr5	137019394	137019598	1	1	1	1	0	17
chr5	137294169	137294248	2	2	1	3	0	37
chr5	137522780	137524174	2	4	1	1	0	39
chr5	137580934	137581019	1	1	1	1	0	33
chr5	137892627	137893444	2	2	1	3	0	45
chr5	137905824	137908177	2	2	1	2	0	17
chr5	137985977	137987817	1	1	1	2	0	25
chr5	138161872	138161997	1	1	1	1	0	4
chr5	138257366	138257562	1	3	1	1	0	37
chr5	138503191	138503292	1	1	1	0	1	33
chr5	138962983	138964376	2	2	1	1	0	21
chr5	139251521	139252758	1	1	1	1	0	29
chr5	139737389	139737464	2	2	1	1	0	20
chr5	140415939	140416016	1	1	1	1	0	8
chr5	140416084	140416725	1	1	1	1	0	17
chr5	140425807	140426740	1	1	1	1	0	13
chr5	142750943	142751667	2	2	1	1	0	11
chr5	142889118	142889344	2	4	1	1	0	28
chr5	142889697	142889821	2	2	1	64	1	44
chr5	142891448	142892406	2	2	1	1	0	31
chr5	143066833	143071625	2	2	1	2	0	40
chr5	143075575	143075874	2	2	1	1	0	45
chr5	143302588	143305985	2	2	1	1	0	10
chr5	143810703	143812477	1	1	1	1	0	12
chr5	143820849	143821473	1	1	1	1	0	19
chr5	143823780	143826213	1	1	1	1	0	9
chr5	143925068	143927455	2	2	1	1	0	4
chr5	144261443	144294600	2	2	1	2	0	21
chr5	145064537	145064630	1	1	1	1	0	32
chr5	145068327	145069668	2	2	1	2	0	39
chr5	145069791	145071874	2	2	1	5	0	44
chr5	145071983	145073711	2	2	1	1	0	12
chr5	145078247	145079257	1	1	1	1	0	7
chr5	145083420	145084644	1	1	1	2	0	45
chr5	145120678	145121341	2	2	1	49	0	46
chr5	145121459	145123935	2	2	1	4	0	31
chr5	145377330	145378763	2	2	1	0	1	27
chr5	145791651	145810280	1	3	1	3	0	41
chr5	145791973	145795530	2	2	1	7	0	40
chr5	145795694	145797121	2	2	1	2	1	27
chr5	145797349	145799156	2	2	1	1	0	24
chr5	145799318	145801734	2	2	1	3	0	20
chr5	145801805	145802693	2	2	1	5	0	42
chr5	145802822	145805345	2	2	1	3	0	21
chr5	145805495	145805765	2	2	1	3	0	29
chr5	145805855	145805933	2	2	1	4	0	32
chr5	145806048	145810241	2	2	1	8	0	45
chr5	145810342	145812231	2	2	1	1	0	22
chr5	145812285	145814447	2	2	1	9	0	43
chr5	145814542	145816515	2	2	1	1	0	29
chr5	145914513	145914957	2	2	1	2	0	40
chr5	145918357	145921679	2	2	1	2	0	18
chr5	145921907	145923615	2	2	1	3	0	36
chr5	145923777	145926710	2	2	1	1	0	26
chr5	145926778	145928245	2	2	1	2	0	28
chr5	145928374	145929697	2	2	1	6	0	41
chr5	145929847	145930082	2	2	1	3	0	28
chr5	145931789	145935296	2	2	1	4	1	23
chr5	145935397	145938258	2	2	1	3	0	33
chr5	145938312	145939840	2	2	1	9	0	45
chr5	145939935	145946279	2	2	1	10	0	43
chr5	146160919	146197948	1	1	1	1	0	28
chr5	146233242	146235612	1	1	1	1	0	39
chr5	146771320	146771801	1	1	1	2	0	27
chr5	146771915	146772373	1	1	1	6	0	40
chr5	146772525	146772673	1	1	1	90	4	45
chr5	147476617	147479879	1	1	1	1	0	39
chr5	147799461	147805532	1	1	1	1	0	41
chr5	147806324	147809375	1	1	1	1	0	34
chr5	148446166	148448703	2	2	1	1	0	33
chr5	148895541	148895957	2	2	1	2	0	23
chr5	148985724	148986536	2	2	1	2	0	9
chr5	148986712	148987104	2	2	1	1	0	16
chr5	148987251	148987397	2	2	1	3	0	38
chr5	149543468	149544010	2	2	1	1	0	31
chr5	149554975	149555498	2	2	1	1	0	32
chr5	150499804	150500104	2	2	1	2	0	23
chr6	3200813	3200907	2	2	1	0	1	24
chr6	3200926	3201068	1	3	1	0	4	28
chr6	3201122	3201193	2	4	1	0	24	22
chr6	3201269	3201328	0	0	1	10	0	30
chr6	4004412	4008034	1	1	1	1	0	25
chr6	4078037	4079960	2	2	1	9	0	26
chr6	4080018	4082457	2	2	1	1	0	24
chr6	4621287	4624051	1	1	1	1	0	22
chr6	4689768	4690468	2	2	1	1	0	15
chr6	5100588	5110999	1	1	1	1	0	44
chr6	5168497	5171740	2	2	1	2	0	36
chr6	5221723	5230400	2	2	1	1	0	31
chr6	6068700	6073401	2	2	1	1	0	27
chr6	6131769	6152407	2	2	1	3	0	45
chr6	6152524	6180970	2	2	1	2	0	27
chr6	6173766	6174662	2	2	1	1	0	14
chr6	6558492	6560407	2	2	1	12	0	36
chr6	6560502	6578478	2	2	1	2	0	37
chr6	8257762	8258999	2	2	1	1	0	22
chr6	11694540	11704155	1	1	1	0	1	40
chr6	11900591	11905200	2	2	1	71	6	46
chr6	11905262	11906018	2	2	1	13	0	41
chr6	11906108	11907322	2	2	1	1	0	11
chr6	12047944	12080995	1	1	1	1	0	36
chr6	13069960	13070306	1	1	1	1	0	36
chr6	13078251	13081538	1	1	1	1	0	5
chr6	17657252	17660747	1	1	1	1	0	7
chr6	17660827	17662096	1	1	1	1	0	6
chr6	17662169	17665049	1	1	1	2	0	21
chr6	17665113	17665293	1	1	1	2	0	8
chr6	21851145	21852010	2	2	1	1	0	20
chr6	22017086	22051291	1	1	1	1	0	40
chr6	22321379	22322288	2	2	1	1	0	19
chr6	22322348	22328553	2	2	1	1	0	14
chr6	23074704	23075160	2	2	1	1	0	17
chr6	23496897	23528050	2	2	1	0	1	3
chr6	24518824	24519190	2	2	1	39	0	46
chr6	24519257	24522657	2	2	1	10	0	44
chr6	24519257	24527271	2	2	1	1	0	24
chr6	24626862	24629923	2	2	1	7	0	24
chr6	24629948	24633835	2	2	1	6	0	24
chr6	24633933	24634570	2	2	1	1	0	13
chr6	24634658	24637647	2	2	1	1	0	6
chr6	28545598	28626098	1	1	1	1	0	32
chr6	30126359	30144579	1	1	1	1	0	25
chr6	30221796	30241370	2	2	1	1	0	28
chr6	30241424	30242536	2	2	1	1	0	11
chr6	30750635	30786493	2	2	1	1	0	16
chr6	31312998	31313738	1	1	1	2	0	42
chr6	31312998	31314164	1	1	1	1	0	23
chr6	31313793	31314164	1	1	1	1	0	32
chr6	31375890	31395865	1	1	1	1	0	16
chr6	31395936	31403648	1	1	1	1	0	6
chr6	33026360	33036934	2	2	1	1	0	5
chr6	33223347	33224095	1	1	1	1	0	15
chr6	34718871	34722553	1	1	1	1	0	20
chr6	34722951	34724820	1	1	1	1	0	25
chr6	34722951	34730377	1	1	1	2	0	31
chr6	34723575	34730377	1	1	1	1	0	14
chr6	34730524	34732568	1	1	1	3	0	44
chr6	34763993	34764228	1	3	1	0	1	27
chr6	35055114	35056895	2	2	1	1	0	28
chr6	35238253	35238370	2	2	1	1	0	28
chr6	35498919	35499616	2	2	1	1	0	36
chr6	35499731	35516473	2	2	1	1	0	37
chr6	37513081	37527140	1	1	1	1	0	26
chr6	37534534	37535303	1	1	1	1	0	6
chr6	37783297	37783690	2	2	1	1	0	38
chr6	38417483	38429804	1	1	1	2	0	16
chr6	38438548	38439897	1	1	1	1	0	8
chr6	38440002	38440488	1	1	1	1	0	28
chr6	38475855	38476121	1	1	1	1	0	14
chr6	38511946	38516093	1	1	1	1	0	24
chr6	38531999	38534234	1	1	1	1	0	18
chr6	38547540	38561975	1	1	1	2	0	18
chr6	38562075	38566110	1	1	1	2	0	13
chr6	38566222	38568222	1	1	1	1	0	43
chr6	38569731	38570312	1	1	1	4	0	28
chr6	38580404	38585087	1	1	1	1	0	34
chr6	39569647	39573384	1	1	1	1	0	19
chr6	39573459	39575199	1	1	1	4	0	30
chr6	39573530	39575199	1	1	1	21	1	40
chr6	39575296	39576325	1	1	1	15	0	45
chr6	39575300	39576325	1	1	1	10	0	45
chr6	39779479	39782304	2	2	1	3	2	31
chr6	40448760	40449004	1	1	1	1	0	37
chr6	40453442	40453681	1	1	1	1	0	39
chr6	40453770	40454856	1	1	1	1	0	40
chr6	40454946	40457786	1	1	1	7	4	45
chr6	40648097	40648827	1	3	1	1	0	31
chr6	40648885	40649381	1	1	1	1	0	4
chr6	40659863	40660872	1	1	1	1	0	39
chr6	40727916	40731828	1	1	1	1	0	4
chr6	41516270	41516578	1	1	1	1	0	14
chr6	42223874	42224417	1	1	1	1	0	5
chr6	42226430	42226772	1	1	1	1	0	38
chr6	42226867	42227163	1	1	1	7	0	42
chr6	44769954	44770049	2	2	1	0	34	31
chr6	47474323	47478101	1	1	1	1	0	44
chr6	47501565	47502487	1	1	1	1	0	23
chr6	47775533	47776119	2	2	1	1	0	23
chr6	48404814	48418880	2	2	1	5	0	22
chr6	48546740	48546874	2	2	1	170	0	46
chr6	48546967	48547177	2	2	1	1	0	22
chr6	48546994	48547177	2	2	1	22	0	42
chr6	48546997	48547177	2	2	1	11	0	42
chr6	48547274	48548716	2	2	1	2	0	15
chr6	48548822	48549021	2	2	1	4	0	15
chr6	48549225	48549527	2	2	1	2	0	40
chr6	48811074	48811440	2	2	1	3	0	45
chr6	48811561	48812378	2	2	1	2	0	16
chr6	48821713	48822037	1	1	1	1	0	39
chr6	49052199	49059778	1	1	1	1	0	18
chr6	49059861	49061436	1	1	1	3	0	34
chr6	50155501	50157155	1	1	1	5	0	46
chr6	50157256	50157570	1	1	1	1	0	27
chr6	50171709	50173493	1	1	1	1	0	18
chr6	50173623	50175133	1	1	1	3	0	25
chr6	50542366	50542471	2	2	1	3	0	44
chr6	51438414	51438899	2	2	1	1	0	8
chr6	51439036	51440390	2	2	1	3	0	38
chr6	51441192	51441407	2	2	1	2	0	36
chr6	51442222	51443121	2	2	1	1	0	21
chr6	51443686	51443885	2	2	1	1	0	31
chr6	51447720	51448795	1	1	1	0	1	24
chr6	51455581	51458703	1	1	1	0	1	30
chr6	52525957	52533422	2	2	1	1	0	21
chr6	52710335	52713834	1	1	1	1	0	26
chr6	52713984	52714066	1	1	1	8	0	42
chr6	52714158	52716528	1	1	1	3	0	42
chr6	52716715	52718935	1	1	1	1	0	16
chr6	52719824	52721206	1	1	1	2	0	43
chr6	52721340	52723654	1	1	1	4	0	28
chr6	52723756	52728069	1	1	1	4	0	42
chr6	52742089	52742857	1	3	1	1	0	26
chr6	55147813	55150402	1	3	1	1	0	31
chr6	56678275	56679080	2	2	1	1	0	34
chr6	57492744	57499733	2	2	1	2	0	32
chr6	58640659	58641428	1	1	1	1	0	7
chr6	58666630	58667515	1	1	1	1	0	32
chr6	58667605	58669227	1	1	1	4	0	35
chr6	65044123	65044268	1	1	1	1	0	42
chr6	66873512	66891436	1	1	1	1	0	27
chr6	66891495	66992708	1	1	1	1	0	7
chr6	67244394	67248181	1	1	1	1	0	34
chr6	67249012	67249122	1	1	1	3	0	34
chr6	67249012	67249140	1	1	1	1	0	20
chr6	67249213	67249847	1	1	1	4	0	34
chr6	67249923	67254744	1	1	1	1	0	33
chr6	67258806	67260886	1	1	1	27	0	43
chr6	71176978	71178591	1	1	1	65	0	44
chr6	71178765	71180070	1	1	1	1960	1	46
chr6	71180164	71181887	1	1	1	4911	1	46
chr6	71181045	71181887	1	1	1	1	0	32
chr6	71259302	71260947	1	1	1	2	0	26
chr6	71371764	71373835	2	2	1	1	0	44
chr6	71521018	71529382	1	1	1	1	0	3
chr6	71570990	71571506	2	2	1	1	0	40
chr6	71828865	71829713	1	1	1	1	0	26
chr6	71828865	71829746	1	1	1	1	0	27
chr6	71858216	71858489	2	2	1	2	0	38
chr6	71944432	71944842	1	1	1	1	0	13
chr6	71945001	71949681	1	1	1	1	0	28
chr6	71949809	71951084	1	1	1	1	0	3
chr6	72305690	72306432	2	2	1	1	0	14
chr6	72314838	72315375	2	2	1	1	0	7
chr6	72346163	72346272	2	2	1	1	0	19
chr6	72362637	72365244	2	2	1	1	0	5
chr6	72584017	72584224	1	1	1	8	0	45
chr6	72589094	72591054	2	2	1	4	0	20
chr6	73252373	73253664	1	1	1	13	0	44
chr6	83033122	83033348	1	1	1	1	0	35
chr6	83034376	83034478	1	1	1	22	0	36
chr6	83288345	83288793	2	2	1	1	0	9
chr6	83328372	83330023	1	1	1	1	0	27
chr6	83330113	83335128	1	1	1	4	0	22
chr6	83457419	83457824	2	2	1	2	0	19
chr6	83457419	83458328	2	2	1	1	0	7
chr6	83772357	83773888	1	1	1	2	0	44
chr6	83778171	83778479	1	1	1	2	0	35
chr6	83791852	83808252	2	2	1	3	0	37
chr6	83954412	83955003	1	1	1	1	0	5
chr6	83955070	83955975	1	1	1	1	0	21
chr6	85887260	85887619	2	2	1	2	0	32
chr6	85904967	85905757	1	1	1	2	0	13
chr6	85904967	85907100	1	1	1	1	0	29
chr6	86353602	86355714	1	1	1	0	2	43
chr6	86652563	86653203	2	2	1	1	0	32
chr6	86658686	86659837	2	2	1	3	0	39
chr6	86659959	86661428	2	2	1	5	0	46
chr6	86714806	86718817	2	2	1	4	0	25
chr6	86737744	86742743	2	2	1	1	0	29
chr6	86742790	86770490	2	2	1	1	0	17
chr6	87002643	87005276	1	1	1	3	0	41
chr6	87034747	87036361	1	1	1	1	0	14
chr6	87765988	87766875	2	2	1	1	0	3
chr6	87798086	87810091	1	1	1	0	1	43
chr6	87880543	87881069	1	1	1	1	0	28
chr6	88468601	88473389	1	1	1	1	0	43
chr6	88482276	88483126	2	2	1	1	0	14
chr6	88544456	88563761	2	2	1	1	0	18
chr6	88800389	88802632	1	1	1	1	0	3
chr6	89360331	89361585	2	2	1	1	0	24
chr6	90321239	90322290	1	1	1	2	0	30
chr6	90326187	90328065	1	1	1	1	0	23
chr6	90540437	90541327	1	1	1	1	0	28
chr6	90541466	90543620	1	1	1	1	0	31
chr6	90547886	90548848	1	1	1	1	0	9
chr6	90553761	90554766	1	1	1	2	0	13
chr6	90554838	90557457	1	1	1	3	0	34
chr6	90557564	90560154	1	1	1	1	0	15
chr6	90560243	90566318	1	1	1	1	0	21
chr6	90566413	90567719	1	1	1	2	0	44
chr6	90567820	90568782	1	1	1	3	0	14
chr6	90568882	90571464	1	1	1	1	0	31
chr6	90571631	90573849	1	1	1	1	0	22
chr6	90575368	90575868	1	1	1	9	0	45
chr6	90655129	90657472	2	2	1	1	0	39
chr6	91857343	91858227	1	1	1	1	0	7
chr6	91870482	91872194	1	1	1	3	0	32
chr6	92155798	92160820	2	2	1	1	0	36
chr6	92914391	92919027	2	2	1	2	0	37
chr6	95451298	95451454	1	1	1	0	2	43
chr6	95452146	95474577	2	2	1	3	0	8
chr6	97137297	97137491	2	2	1	2	0	24
chr6	97137562	97138328	2	2	1	1	0	20
chr6	97138522	97140479	2	2	1	2	0	11
chr6	97141103	97144209	2	2	1	1	0	32
chr6	97147393	97149173	2	2	1	1	0	44
chr6	97161827	97162301	2	2	1	2	0	20
chr6	97162357	97162443	2	2	1	3	0	45
chr6	97283560	97283639	2	2	1	1	0	20
chr6	97287701	97300615	2	2	1	1	0	13
chr6	100843045	100843217	1	1	1	1	0	5
chr6	106755073	106755748	1	1	1	1	0	19
chr6	108331667	108333160	1	1	1	1	0	26
chr6	112706760	112708289	2	2	1	1	0	6
chr6	113024666	113026299	1	1	1	1	0	5
chr6	113026378	113032599	1	1	1	1	0	9
chr6	113499769	113508288	2	2	1	1	0	38
chr6	114922814	114924295	2	4	1	1	0	40
chr6	114987831	114989118	2	2	1	1	0	34
chr6	115562974	115563602	2	2	1	1	0	14
chr6	115782650	115783946	2	2	1	40	5	41
chr6	116194805	116195621	1	1	1	1	0	9
chr6	116195684	116196913	1	1	1	1	0	21
chr6	116225120	116231050	1	1	1	1	0	21
chr6	116231180	116231373	1	1	1	5	0	29
chr6	116231455	116232009	1	1	1	2	0	24
chr6	116233790	116235602	1	1	1	2	0	22
chr6	116382744	116382985	1	1	1	1	0	45
chr6	118375117	118380049	2	2	1	1	0	32
chr6	118480118	118482686	2	2	1	1	0	19
chr6	118536073	118536231	2	2	1	1	0	42
chr6	119699270	119720248	2	2	1	1	0	28
chr6	119738273	119750694	2	2	1	1	0	33
chr6	119750863	119754948	2	2	1	1	0	22
chr6	119946532	119947818	2	2	1	1	0	4
chr6	120358631	120359877	1	1	1	1	0	14
chr6	120359984	120362582	1	1	1	1	0	26
chr6	120395700	120396360	1	1	1	1	0	30
chr6	120405339	120407020	1	1	1	1	0	23
chr6	120407242	120408773	1	1	1	1	0	27
chr6	120599956	120631680	2	2	1	0	5	39
chr6	120853308	120863638	1	1	1	2	0	15
chr6	120950609	120959492	2	2	1	1	0	41
chr6	121301309	121301982	1	1	1	1	0	9
chr6	121312682	121312998	1	1	1	1	0	26
chr6	121313039	121314614	1	1	1	1	0	26
chr6	121761715	121762789	1	1	1	0	2	21
chr6	121762881	121763538	1	1	1	1	1	9
chr6	121815684	121817018	1	1	1	3	0	44
chr6	121817203	121817960	1	1	1	7	0	44
chr6	121826852	121827228	1	1	1	8	0	32
chr6	121827314	121828347	1	1	1	4	0	44
chr6	121828436	121833242	1	1	1	13	0	44
chr6	121833361	121833504	1	1	1	6	0	23
chr6	121833615	121834294	1	1	1	1	0	8
chr6	121834457	121838007	1	1	1	2	0	27
chr6	121847610	121848263	1	1	1	1	0	4
chr6	121851580	121852388	1	1	1	3	0	16
chr6	121852897	121853378	1	1	1	2	1	39
chr6	121853431	121855443	1	1	1	1	0	11
chr6	121855528	121855869	1	1	1	1	0	39
chr6	121856347	121857402	1	1	1	1	2	33
chr6	121857560	121857790	1	1	1	4	0	40
chr6	121857866	121858640	1	1	1	2	0	25
chr6	121859765	121861142	1	1	1	3	0	22
chr6	121861362	121861520	1	1	1	3	0	34
chr6	121861649	121862762	1	1	1	0	7	45
chr6	121862854	121863503	1	1	1	8	2	44
chr6	121863573	121864373	1	1	1	20	0	37
chr6	121864477	121865521	1	1	1	221	0	42
chr6	121865564	121865871	1	1	1	343	0	45
chr6	121923388	121925148	1	1	1	0	2	16
chr6	121925306	121925536	1	1	1	0	1	23
chr6	121929387	121930329	1	1	1	0	6	45
chr6	121932029	121933067	1	1	1	0	5	42
chr6	121985449	121986240	1	1	1	0	5	42
chr6	121986401	121986546	1	1	1	0	1	23
chr6	121986600	121999985	1	1	1	0	1	16
chr6	122000433	122000813	1	1	1	0	4	44
chr6	122000899	122001906	1	1	1	6	1	46
chr6	122001995	122012935	1	1	1	1	0	34
chr6	122014152	122017500	1	1	1	1	0	20
chr6	122024458	122026595	1	1	1	1	0	29
chr6	122027564	122027905	1	1	1	1	0	35
chr6	122036076	122036714	1	1	1	1	0	38
chr6	122049210	122049692	1	1	1	0	1	23
chr6	122054505	122055600	1	1	1	2	0	14
chr6	122058346	122058505	1	1	1	2	0	14
chr6	122058634	122059657	1	1	1	0	7	45
chr6	122059749	122060390	1	1	1	0	3	22
chr6	122060460	122061275	1	1	1	5	0	30
chr6	122061379	122062426	1	1	1	33	0	42
chr6	122062469	122062782	1	1	1	47	0	45
chr6	122115514	122116344	1	1	1	3	5	42
chr6	122116505	122116612	1	1	1	1	0	32
chr6	122127399	122127782	1	1	1	2	0	20
chr6	122127868	122128887	1	1	1	0	1	5
chr6	122154704	122155496	1	1	1	0	5	42
chr6	122155657	122155800	1	1	1	0	1	23
chr6	122155854	122169216	1	1	1	0	1	16
chr6	122169664	122170044	1	1	1	0	4	44
chr6	122186066	122195128	1	1	1	1	0	13
chr6	122208444	122209725	1	1	1	1	0	30
chr6	122212897	122213377	1	1	1	1	0	45
chr6	122215169	122216925	1	1	1	0	2	16
chr6	122217083	122217313	1	1	1	0	1	23
chr6	122221222	122222267	1	1	1	0	7	45
chr6	122222359	122223002	1	1	1	0	3	22
chr6	122223976	122225023	1	1	1	4	5	42
chr6	122225066	122225380	1	1	1	10	0	43
chr6	122225066	122226780	1	1	1	4	0	38
chr6	122226835	122226955	1	1	1	1	0	27
chr6	122226835	122232630	1	1	1	2	0	22
chr6	124375130	124375302	2	2	1	1	0	7
chr6	124485875	124486588	2	2	1	1	0	24
chr6	124486497	124487496	1	3	1	1	0	43
chr6	124510362	124510854	2	2	1	0	1	10
chr6	124510934	124511316	2	2	1	0	1	3
chr6	124604579	124605249	2	2	1	0	1	10
chr6	124605329	124605712	2	2	1	0	1	3
chr6	124680117	124680189	1	1	1	1	0	36
chr6	124680349	124680457	1	1	1	7	0	38
chr6	124680591	124680762	1	1	1	1	0	31
chr6	124692994	124693387	1	1	1	3	0	6
chr6	124693394	124693568	1	1	1	3	0	6
chr6	124697872	124698042	2	2	1	3	0	35
chr6	124716377	124717481	2	2	1	5	0	38
chr6	124890777	124890911	0	0	1	3	0	38
chr6	124891196	124891370	2	2	1	9	0	41
chr6	124891430	124891597	2	2	1	2	0	28
chr6	124891677	124891880	2	2	1	2	0	13
chr6	124891953	124894522	2	2	1	3	0	26
chr6	124892131	124892797	2	2	1	2	0	37
chr6	124909501	124909739	1	1	1	1	0	5
chr6	124909776	124910916	1	1	1	1	0	36
chr6	125077553	125077740	1	1	1	1	0	17
chr6	125077553	125077761	1	1	1	3	0	8
chr6	125078658	125078844	1	1	1	1	0	4
chr6	125098381	125098478	1	1	1	2	0	12
chr6	125139065	125139174	2	2	1	55	0	44
chr6	125139357	125139440	2	2	1	3	0	26
chr6	125285110	125286156	2	2	1	1	0	5
chr6	125339831	125340004	2	2	1	1	0	34
chr6	126799153	126801898	2	2	1	3	0	34
chr6	128407844	128409384	2	2	1	1	0	25
chr6	128460627	128499105	1	1	1	1	0	38
chr6	128460690	128461826	2	2	1	375	0	44
chr6	128461869	128462520	2	2	1	246	0	43
chr6	128462624	128463080	2	2	1	22	0	45
chr6	128463150	128463855	2	2	1	3	0	37
chr6	128463947	128464365	2	2	1	3	0	18
chr6	128464497	128464843	2	2	1	2	0	13
chr6	128465063	128465868	2	2	1	1	0	5
chr6	128466111	128466644	2	2	1	2	0	40
chr6	128467643	128468127	2	2	1	4	0	37
chr6	128468219	128468458	2	2	1	3	0	34
chr6	128472283	128472862	2	2	1	1	0	29
chr6	128483842	128487307	2	2	1	1	0	46
chr6	128490861	128493035	2	2	1	1	0	15
chr6	128493146	128493778	2	2	1	2	0	4
chr6	128493894	128496354	2	2	1	9	0	40
chr6	128496479	128498063	2	2	1	8	0	46
chr6	128498149	128498978	2	2	1	2	0	20
chr6	128499148	128499702	2	2	1	4	0	22
chr6	128499724	128500739	2	2	1	2	0	18
chr6	128500480	128500739	2	2	1	1	0	13
chr6	128500793	128500932	2	2	1	1	0	22
chr6	128501087	128502077	2	2	1	5	0	29
chr6	128502262	128503541	2	2	1	1	0	20
chr6	128516983	128517224	2	2	1	1	0	42
chr6	128517313	128517966	2	2	1	3	0	44
chr6	128518067	128519797	2	2	1	5	0	30
chr6	128619204	128619291	2	2	1	1	0	27
chr6	129209911	129210026	2	2	1	3	0	43
chr6	129380631	129382069	1	1	1	1	0	45
chr6	133082569	133087755	1	1	1	1	0	14
chr6	133084946	133087755	1	1	1	2	0	27
chr6	135130000	135132148	2	2	1	1	0	28
chr6	135132288	135145017	2	2	1	1	0	40
chr6	136495962	136536761	1	1	1	2	0	15
chr6	136803108	136805017	2	2	1	2	0	31
chr6	138117605	138124656	1	1	1	1	0	12
chr6	138124814	138127765	1	1	1	1	0	13
chr6	138127861	138133129	1	1	1	2	0	43
chr6	140480289	140482373	1	1	1	1	0	15
chr6	140593812	140596481	1	1	1	2	0	27
chr6	140596509	140599483	1	1	1	2	0	27
chr6	141580262	141594214	1	1	1	1	0	36
chr6	141594357	141598168	1	1	1	1	0	19
chr6	141598302	141601031	1	1	1	2	0	38
chr6	141601145	141602370	1	1	1	1	0	34
chr6	141601145	141602514	1	1	1	2	0	45
chr6	141602411	141602514	1	1	1	1	0	18
chr6	141602662	141603233	1	1	1	4	0	33
chr6	141603333	141609303	1	1	1	6	0	44
chr6	141615771	141615791	0	0	1	7	0	45
chr6	141622112	141627035	1	1	1	4	0	28
chr6	141627101	141628929	1	1	1	20	0	31
chr6	141629048	141631115	1	1	1	22	0	44
chr6	141755126	141756175	2	2	1	1	0	4
chr6	141756241	141758399	2	2	1	1	0	20
chr6	141867661	141868691	2	2	1	1	0	21
chr6	141871477	141878151	2	2	1	4	0	43
chr6	141885822	141889108	2	2	1	1	0	43
chr6	142368558	142369119	2	2	1	7	0	46
chr6	142397367	142400147	2	2	1	1	0	43
chr6	142405291	142406859	2	2	1	1	0	25
chr6	142702753	142710279	1	1	1	1	0	11
chr6	142716344	142716891	1	1	1	1	0	36
chr6	145170924	145177820	2	2	1	1	0	36
chr6	145177981	145179973	2	2	1	4	0	22
chr6	145878562	145878657	1	1	1	0	29	31
chr6	146228793	146229792	2	2	1	1	0	29
chr6	146627007	146659958	1	1	1	1	0	24
chr6	148083238	148083385	2	2	1	2	0	19
chr6	148706220	148707882	2	2	1	2	0	18
chr6	149059330	149068303	2	2	1	1	0	25
chr7	3158642	3159231	1	1	1	0	3	25
chr7	3620417	3620615	1	1	1	1	0	7
chr7	3620691	3622428	1	1	1	17	0	45
chr7	3622507	3622999	1	1	1	47	0	45
chr7	3654048	3654266	1	1	1	2	0	34
chr7	3661741	3662379	1	1	1	0	1	22
chr7	3663210	3664215	2	4	1	1	0	20
chr7	3707448	3707644	1	1	1	4	0	40
chr7	3707768	3708731	1	1	1	2	0	38
chr7	3708919	3709649	1	1	1	5	0	24
chr7	3709181	3709649	1	1	1	1	0	3
chr7	4635397	4635487	2	2	1	1	0	43
chr7	4788279	4792003	2	2	1	7	0	40
chr7	4795998	4796319	1	1	1	2	0	20
chr7	4796409	4796501	1	1	1	1	0	4
chr7	4796626	4797062	1	1	1	16	1	42
chr7	4797182	4797416	1	1	1	88	0	46
chr7	5077857	5078139	1	1	1	1	0	37
chr7	7287274	7290644	2	2	1	2	0	45
chr7	7290862	7291873	2	2	1	2	0	41
chr7	12578833	12580722	1	1	1	1	0	8
chr7	12657009	12659318	1	1	1	12	0	44
chr7	12659529	12659663	1	1	1	4	0	32
chr7	12659529	12660355	1	1	1	10	0	44
chr7	12659793	12660322	1	1	1	74	0	43
chr7	12660422	12660498	1	1	1	173	0	46
chr7	12722321	12731696	1	3	1	1	0	42
chr7	12722416	12731551	1	1	1	1	0	25
chr7	12722580	12722659	2	2	1	10	0	39
chr7	12722791	12722936	2	2	1	1	0	30
chr7	12723035	12723280	2	2	1	1	0	16
chr7	12724985	12725071	2	2	1	1	0	36
chr7	12762706	12762807	1	1	1	1	0	6
chr7	12766130	12766215	2	2	1	26	0	46
chr7	12766278	12766361	2	2	1	3	0	45
chr7	12766493	12766568	2	2	1	1	0	13
chr7	12767970	12768561	2	2	1	7	0	32
chr7	14150238	14157361	2	2	1	4	0	45
chr7	14157489	14159272	2	2	1	4	0	42
chr7	14159482	14161708	2	2	1	1	0	26
chr7	14161976	14180366	2	2	1	1	0	26
chr7	15671815	15672098	2	2	1	5	0	40
chr7	15672156	15672276	2	2	1	10	0	38
chr7	15672354	15672835	2	2	1	5	0	38
chr7	15672903	15673013	2	2	1	3	0	29
chr7	15849197	15849524	1	1	1	1	0	44
chr7	16010033	16010126	2	2	1	4	0	34
chr7	16229112	16229489	2	4	1	1	0	40
chr7	16472434	16483006	1	3	1	1	0	31
chr7	16556525	16556930	1	1	1	1	0	14
chr7	16557005	16558063	1	1	1	1	0	4
chr7	16650902	16650999	2	2	1	2	0	46
chr7	16651418	16651509	2	2	1	1	0	32
chr7	18749526	18749710	2	4	1	1	0	20
chr7	18885323	18886400	1	1	1	1	2	12
chr7	19089098	19089217	1	1	1	1	0	8
chr7	19089287	19090343	1	1	1	1	0	15
chr7	19155367	19155475	2	6	1	1	0	32
chr7	19315084	19315305	2	2	1	1	0	8
chr7	19315331	19316156	2	2	1	2	0	25
chr7	19405774	19407153	2	2	1	11	0	34
chr7	19407305	19407471	2	2	1	1	0	38
chr7	19412078	19412161	2	4	1	3	12	33
chr7	19412101	19412204	1	1	1	18	2	31
chr7	19412182	19412534	2	2	1	1	0	26
chr7	19412238	19412534	2	2	1	177	0	46
chr7	19412668	19415229	2	2	1	7	0	38
chr7	19423562	19425812	2	2	1	1313	2	46
chr7	19423562	19426335	2	2	1	3	0	34
chr7	19425961	19426315	2	2	1	1	3	18
chr7	19425961	19426335	2	2	1	29	3	46
chr7	19426412	19426533	2	2	1	9	0	30
chr7	19430224	19430736	1	3	1	6	0	28
chr7	19430263	19430325	2	2	1	169	2	32
chr7	19430263	19430648	2	2	1	1	0	6
chr7	19430263	19430958	2	2	1	1	2	43
chr7	19430314	19430496	2	2	1	269	5	16
chr7	19430431	19430526	1	3	1	31	1	24
chr7	19430518	19431546	2	2	1	1	5	26
chr7	19430521	19430922	2	2	1	11	0	17
chr7	19431029	19431403	2	2	1	14	2	37
chr7	19431573	19432112	2	2	1	16	0	41
chr7	19432179	19432935	2	2	1	9	0	43
chr7	19464655	19466839	2	2	1	1	0	43
chr7	19513722	19514697	2	2	1	1	0	39
chr7	19514773	19514894	2	2	1	1	0	21
chr7	19545334	19545419	2	2	1	1	0	42
chr7	24272555	24272649	1	1	1	3	0	39
chr7	24307383	24307776	1	1	1	1	0	38
chr7	24307894	24308147	1	1	1	8	0	40
chr7	24584632	24584876	1	1	1	3	0	45
chr7	24584978	24587706	1	1	1	0	4	36
chr7	24587891	24588331	1	1	1	83	2	45
chr7	24588387	24589165	1	1	1	67	2	46
chr7	24669435	24669511	2	2	1	1	0	34
chr7	24990768	24993398	1	1	1	0	1	6
chr7	25163326	25163935	2	2	1	1	0	46
chr7	25329548	25340923	1	1	1	0	3	35
chr7	25330597	25330766	2	2	1	1	0	6
chr7	25340969	25341068	2	2	1	0	3	12
chr7	25341252	25358057	2	2	1	1	0	9
chr7	26010308	26011611	1	1	1	0	1	29
chr7	26538470	26539784	1	1	1	0	1	29
chr7	26539927	26540361	1	1	1	1	0	45
chr7	26541295	26542302	1	1	1	1	0	45
chr7	26732089	26733450	1	1	1	1	0	26
chr7	26733590	26734035	1	1	1	1	0	28
chr7	26734878	26735889	1	1	1	2	0	18
chr7	26828777	26829141	1	1	1	3	0	16
chr7	26832041	26832640	1	1	1	1	0	8
chr7	26879260	26879593	2	2	1	1	0	37
chr7	27162121	27165144	1	1	1	2	0	44
chr7	27315795	27317632	1	1	1	1	0	4
chr7	27336436	27336516	1	1	1	2	0	23
chr7	27398177	27401804	1	1	1	1	0	22
chr7	27741344	27741525	2	2	1	1	0	16
chr7	27741346	27741525	2	2	1	11	0	37
chr7	27741582	27741763	2	2	1	2	0	41
chr7	27878469	27878555	1	1	1	9	0	41
chr7	28005456	28005847	2	2	1	1	0	36
chr7	28030955	28037776	2	2	1	1	0	34
chr7	28037861	28038119	2	2	1	1	0	30
chr7	28050519	28051601	1	1	1	0	1	35
chr7	28051699	28051787	1	1	1	16	1	42
chr7	28051836	28051918	1	1	1	37	0	46
chr7	28145416	28145796	1	1	1	1	0	24
chr7	28458630	28459251	2	2	1	1	0	5
chr7	28520172	28520640	1	1	1	1	0	36
chr7	28531293	28531428	1	1	1	8	0	42
chr7	28540733	28540911	1	1	1	1	0	26
chr7	28593202	28593544	0	0	1	4	0	36
chr7	28614726	28615584	2	2	1	1	0	31
chr7	28670864	28671956	2	2	1	12	0	45
chr7	28672083	28673573	2	2	1	4	0	29
chr7	28702979	28703158	2	2	1	1	0	24
chr7	28874173	28874835	2	2	1	2	0	44
chr7	28947160	28947321	2	2	1	5	0	36
chr7	28947391	28947552	2	2	1	2	0	42
chr7	28991016	28991475	1	1	1	1	0	17
chr7	28991509	28992614	1	1	1	1	0	33
chr7	29525213	29527545	1	1	1	1	0	35
chr7	29884597	29884699	1	1	1	2	0	24
chr7	29884785	29885336	1	1	1	4	0	32
chr7	29886959	29887095	2	2	1	2	0	34
chr7	29888869	29889186	1	1	1	1	0	41
chr7	29891803	29891927	2	2	1	1	0	14
chr7	29923773	29923897	2	2	1	1	0	21
chr7	29932407	29932491	1	1	1	6	0	42
chr7	29932544	29932709	1	1	1	2	0	44
chr7	30115101	30116768	1	1	1	1	0	31
chr7	30193950	30205645	1	1	1	1	0	16
chr7	30206119	30212343	2	4	1	1	1	30
chr7	30206203	30209191	1	1	1	1	0	30
chr7	30209303	30210562	1	1	1	1	0	9
chr7	30210649	30211393	1	1	1	1	0	42
chr7	30210649	30212234	1	1	1	5	0	43
chr7	30255034	30255112	2	2	1	1	0	16
chr7	30261854	30262220	2	2	1	1	0	44
chr7	30264224	30264519	1	1	1	1	0	40
chr7	30316588	30322839	2	2	1	34	0	43
chr7	30322941	30323924	2	2	1	2	0	21
chr7	30340646	30340732	2	2	1	6	0	29
chr7	30344042	30344250	2	2	1	1	0	12
chr7	30347060	30347155	2	2	1	1	0	16
chr7	30427329	30427411	2	2	1	15	0	45
chr7	30454472	30455389	1	1	1	1	0	24
chr7	30626390	30626475	2	2	1	0	1	18
chr7	30642007	30642089	2	2	1	123	1	46
chr7	30642150	30643321	2	2	1	25	1	45
chr7	30646305	30646389	2	2	1	0	1	18
chr7	30657327	30657413	2	2	1	58	0	44
chr7	30751206	30751357	2	2	1	6	0	37
chr7	30751220	30752855	1	1	1	1	0	24
chr7	30751227	30751380	1	1	1	1	0	32
chr7	30751241	30751357	2	2	1	52	0	46
chr7	30751413	30751552	2	2	1	30	0	45
chr7	30751603	30752449	2	2	1	8	0	37
chr7	30752487	30752824	2	2	1	2	0	16
chr7	30752900	30753317	2	2	1	1	0	6
chr7	30753351	30753730	2	2	1	1	0	27
chr7	30798499	30798639	2	2	1	2	0	45
chr7	30798805	30798930	2	2	1	1	0	45
chr7	33847101	33850212	2	2	1	1	0	8
chr7	33901664	33903453	2	2	1	2	0	30
chr7	33901975	33902061	2	2	1	1	0	12
chr7	33902129	33902239	2	2	1	1	0	13
chr7	33902316	33903453	2	2	1	0	2	9
chr7	34820434	34821292	2	2	1	1	0	15
chr7	34983094	34984140	2	2	1	1	0	8
chr7	34984175	34991177	2	2	1	1	0	34
chr7	35084908	35090179	1	1	1	2	0	25
chr7	35341611	35342039	2	2	1	15	0	44
chr7	35342112	35343048	2	2	1	2	0	10
chr7	35343141	35343775	2	2	1	5	0	36
chr7	35343838	35345568	2	2	1	1	0	7
chr7	41130924	41131989	2	2	1	1	0	21
chr7	41132051	41132256	2	2	1	1	0	10
chr7	43101924	43102222	1	1	1	1	0	10
chr7	43106062	43106993	1	1	1	61	0	46
chr7	43122452	43123293	2	2	1	1	0	30
chr7	44116238	44116308	1	1	1	1	0	23
chr7	44116758	44117066	1	1	1	23	0	35
chr7	44119962	44120282	1	1	1	1	0	10
chr7	44120732	44120838	1	1	1	1	0	5
chr7	44151267	44153060	2	2	1	1	0	27
chr7	44424960	44426645	1	1	1	1	0	43
chr7	44491054	44491406	2	2	1	1	0	8
chr7	44511183	44511617	1	1	1	1	0	44
chr7	44511706	44511789	1	1	1	3	0	15
chr7	44511852	44511922	1	1	1	8	0	43
chr7	44512619	44512802	2	2	1	5	0	40
chr7	44512869	44512958	2	2	1	2	0	19
chr7	44528939	44529350	2	2	1	5	0	38
chr7	44626408	44626927	2	2	1	1	0	27
chr7	44640879	44642167	2	2	1	1	0	13
chr7	44646111	44646301	2	2	1	1	0	33
chr7	44651213	44651587	1	1	1	4	0	37
chr7	44683657	44684032	2	2	1	1	0	30
chr7	44726354	44726735	1	1	1	1	0	12
chr7	44742780	44743205	2	2	1	1	0	3
chr7	44771983	44772252	2	2	1	41	0	41
chr7	44772383	44772586	2	2	1	6	0	44
chr7	44772663	44772842	2	2	1	3	0	24
chr7	44775433	44775574	2	4	1	3	1	6
chr7	44775457	44775538	2	2	1	179	1	46
chr7	44775662	44775901	2	2	1	22	0	41
chr7	44775962	44776132	2	2	1	3	0	34
chr7	44776219	44776414	2	2	1	2	0	27
chr7	44776517	44776632	2	2	1	3	0	34
chr7	44781562	44781651	2	2	1	1	0	43
chr7	44791527	44792203	2	2	1	1	0	23
chr7	44792723	44793936	2	2	1	1	0	3
chr7	44809249	44809327	1	1	1	1	0	25
chr7	44809249	44809365	1	1	1	12	0	40
chr7	45026101	45030206	2	4	1	1	0	21
chr7	45071430	45071515	2	2	1	4	0	25
chr7	45071631	45071808	2	2	1	3	0	18
chr7	45107416	45107545	1	3	1	2	3	29
chr7	45107427	45107517	1	1	1	2	0	34
chr7	45107471	45107629	1	1	1	0	5	40
chr7	45107471	45108034	1	1	1	0	1	46
chr7	45107484	45108630	2	2	1	1	0	25
chr7	45107526	45108983	1	3	1	1	0	20
chr7	45107708	45107958	2	2	1	27	2	46
chr7	45108085	45108507	2	2	1	7	0	38
chr7	45108655	45108953	2	2	1	10	1	42
chr7	45144739	45144978	2	2	1	2	0	27
chr7	45220617	45223836	2	2	1	1	0	45
chr7	45359854	45360328	1	3	1	1	0	23
chr7	45368764	45368952	1	1	1	1	0	21
chr7	45369912	45370137	1	1	1	47	0	46
chr7	45457273	45457356	2	2	1	2	0	22
chr7	46501419	46503406	1	1	1	1	0	37
chr7	46503531	46504400	1	1	1	1	0	16
chr7	46563036	46563125	2	2	1	1	0	19
chr7	51653208	51653682	2	2	1	1	0	19
chr7	51653734	51655485	2	2	1	2	0	38
chr7	55527536	55527626	1	1	1	1	0	11
chr7	55542994	55544728	1	1	1	2	0	45
chr7	55578083	55579745	1	1	1	1	0	27
chr7	55785430	55786334	1	1	1	1	0	3
chr7	58938529	58953415	1	1	1	2	0	7
chr7	58953560	58954557	1	1	1	6	0	42
chr7	64027144	64028485	2	2	1	1	0	18
chr7	64032777	64034049	2	2	1	2	0	32
chr7	64050255	64061582	1	1	1	1	0	37
chr7	64985928	64986244	2	2	1	3	0	27
chr7	65454081	65455561	1	1	1	1	0	15
chr7	65730215	65733147	1	1	1	5	0	37
chr7	66917953	66945122	2	2	1	2	0	29
chr7	67916869	67919875	2	2	1	2	0	24
chr7	73102976	73104076	2	2	1	3	0	45
chr7	73165561	73169224	2	2	1	1	0	43
chr7	75337070	75345371	1	1	1	5	0	42
chr7	75345415	75347049	1	1	1	4	0	30
chr7	79877135	79877741	2	2	1	3	0	18
chr7	80042733	80043156	2	2	1	1	0	25
chr7	80572969	80577484	2	2	1	2	0	18
chr7	80950467	80951902	1	1	1	3	0	40
chr7	80992598	80993482	2	2	1	52	0	46
chr7	80993549	80994058	2	2	1	33	4	45
chr7	80994165	80994604	2	2	1	3	0	25
chr7	81239274	81241509	1	1	1	4	0	40
chr7	81417472	81418116	1	1	1	3	0	35
chr7	84234536	84246447	1	1	1	1	0	20
chr7	84234553	84238038	2	2	1	79	1	46
chr7	84238157	84238781	2	2	1	5	0	34
chr7	84241637	84242393	2	2	1	2	0	26
chr7	84242470	84243920	2	2	1	1	0	9
chr7	84250035	84250240	2	2	1	1	0	13
chr7	84281965	84283092	2	2	1	2	0	43
chr7	88929209	88953888	2	2	1	1	0	33
chr7	89774241	89776135	2	2	1	2	0	30
chr7	89818484	89819786	1	1	1	1	0	13
chr7	89840962	89843480	1	1	1	1	0	24
chr7	89843505	89844862	1	1	1	1	0	24
chr7	90100144	90100750	2	2	1	3	0	46
chr7	97049565	97056072	1	1	1	2	0	37
chr7	97056217	97056825	1	1	1	14	0	43
chr7	97062723	97066238	2	2	1	1	0	40
chr7	97178502	97179506	1	1	1	1	0	6
chr7	97199949	97207337	2	2	1	1	0	21
chr7	97199949	97214357	2	2	1	2	0	37
chr7	97319081	97320009	1	1	1	1	0	25
chr7	97323843	97325362	1	1	1	1	0	30
chr7	97361006	97361833	1	1	1	1	0	39
chr7	97375912	97378177	2	2	1	2	0	32
chr7	98357239	98359332	1	1	1	1	0	19
chr7	98665882	98715006	2	2	1	1	0	40
chr7	98803021	98803340	1	1	1	2	0	44
chr7	98803054	98803232	1	3	1	1	0	36
chr7	98803908	98806183	2	2	1	1	0	35
chr7	99128159	99128480	2	2	1	69	1	46
chr7	99128535	99130903	2	2	1	0	1	4
chr7	99128678	99129082	2	2	1	6	0	36
chr7	99131562	99131776	2	2	1	1	0	32
chr7	99489091	99493906	2	2	1	8	2	37
chr7	99745743	99748670	2	2	1	1	0	13
chr7	99987701	99990237	2	2	1	3	0	8
chr7	99990304	99991052	2	2	1	3	0	18
chr7	99991144	99994158	2	2	1	1	0	30
chr7	100220497	100223668	2	2	1	1	0	33
chr7	100223722	100232196	2	2	1	1	0	6
chr7	100277665	100279044	1	1	1	1	0	34
chr7	100847817	100852927	1	1	1	1	0	45
chr7	100939142	100939376	2	2	1	1	0	6
chr7	100992495	100993123	1	1	1	1	0	10
chr7	100993242	100994841	1	1	1	1	0	30
chr7	100994895	100995098	1	1	1	3	0	39
chr7	100995207	100995429	2	2	1	1	0	35
chr7	100996946	100997053	2	2	1	1	0	29
chr7	101427824	101428408	1	1	1	1	0	14
chr7	101559754	101560479	1	1	1	1	0	46
chr7	101560629	101560942	2	2	1	1	0	37
chr7	101875653	101885300	1	1	1	1	0	25
chr7	103461992	103462645	2	2	1	0	7	33
chr7	103476001	103476654	2	2	1	0	7	33
chr7	105241149	105241286	2	2	1	13	0	44
chr7	105241664	105244277	2	2	1	3	0	41
chr7	105244407	105244666	2	2	1	2	0	23
chr7	105244880	105245467	2	2	1	2	0	25
chr7	105245622	105248466	2	2	1	2	0	19
chr7	105248941	105249022	2	2	1	1	0	10
chr7	105249082	105249214	2	2	1	2	0	8
chr7	105289830	105289968	1	1	1	1	0	34
chr7	105290368	105290828	1	1	1	1	0	5
chr7	105306492	105308117	1	1	1	1	0	34
chr7	105392271	105392432	2	2	1	7	0	40
chr7	105459352	105459656	2	2	1	1	0	13
chr7	107281062	107285066	1	1	1	2	0	8
chr7	108540215	108540667	1	1	1	2	0	36
chr7	109119201	109119674	1	1	1	1	0	6
chr7	109119850	109120807	1	1	1	0	77	46
chr7	109308229	109310956	1	1	1	1	0	32
chr7	109648901	109649986	1	1	1	1	0	37
chr7	109650735	109651917	1	1	1	1	0	17
chr7	110673752	110673886	2	2	1	1	0	43
chr7	110674449	110674543	2	2	1	2	0	27
chr7	110674649	110674793	2	2	1	1	0	4
chr7	110679530	110680105	2	2	1	4	0	44
chr7	110680172	110680713	2	2	1	3	0	45
chr7	111681769	111682294	1	1	1	1	0	19
chr7	111685315	111686207	1	1	1	1	0	11
chr7	111707691	111707780	1	1	1	1	0	44
chr7	111707912	111709151	1	1	1	1	0	20
chr7	113649655	113657774	2	2	1	1	0	16
chr7	113826410	113831409	2	2	1	1	0	18
chr7	113832593	113834173	2	2	1	1	0	31
chr7	113834271	113836021	2	2	1	2	0	29
chr7	114134068	114135265	1	1	1	4	0	40
chr7	115376494	115400603	2	2	1	1	0	25
chr7	115692761	115698674	1	1	1	2	0	44
chr7	115702556	115703446	1	1	1	1	0	10
chr7	115930819	115931613	2	2	1	50	1	46
chr7	115931715	115932163	2	2	1	30	1	41
chr7	116135268	116139179	1	1	1	2	0	41
chr7	116139262	116139676	1	1	1	1	0	25
chr7	117708417	117709155	2	2	1	62	0	44
chr7	117709242	117714007	2	2	1	0	12	36
chr7	117714088	117714331	2	2	1	6	0	39
chr7	117719634	117720383	2	2	1	5	0	40
chr7	117720469	117721148	2	2	1	7	0	43
chr7	117779705	117781596	2	2	1	1	0	3
chr7	118124518	118125046	2	2	1	2	0	3
chr7	118574427	118575735	2	2	1	1	0	14
chr7	119258424	119259786	1	1	1	1	0	33
chr7	119259907	119261419	1	1	1	6	0	39
chr7	119340294	119341157	1	1	1	0	1	14
chr7	120256894	120258243	1	1	1	13	0	41
chr7	120559480	120559732	2	2	1	1	0	21
chr7	121687562	121690808	2	2	1	1	0	18
chr7	121690187	121690808	2	2	1	33	0	44
chr7	121690909	121692839	2	2	1	0	9	46
chr7	122723556	122723890	1	1	1	9	0	43
chr7	122723939	122742972	1	1	1	2	0	39
chr7	125067016	125067450	2	2	1	2	0	33
chr7	125261620	125261748	2	2	1	1	0	16
chr7	126146253	126146356	2	2	1	11	0	36
chr7	126146430	126146479	2	2	1	1	0	17
chr7	126151511	126155454	2	2	1	1	0	24
chr7	126161863	126162175	2	2	1	3	0	43
chr7	126162283	126162414	2	2	1	3	0	17
chr7	126162470	126162798	2	2	1	2	0	20
chr7	126163778	126163874	2	2	1	1	0	23
chr7	126163941	126165250	2	2	1	1	0	3
chr7	126271491	126271741	1	1	1	4	0	37
chr7	126272770	126273258	2	2	1	1	0	31
chr7	126295272	126295354	1	1	1	1	0	42
chr7	126295453	126295726	1	1	1	14	0	44
chr7	126299158	126299428	2	2	1	1	0	44
chr7	126474397	126475024	2	2	1	1	0	15
chr7	126485488	126488062	2	2	1	5	0	46
chr7	126488233	126490774	2	2	1	1	0	10
chr7	126586287	126586648	2	2	1	3	0	46
chr7	126586838	126587489	2	2	1	1	0	42
chr7	126812413	126812589	1	1	1	1	0	3
chr7	126812861	126813106	1	1	1	1	0	16
chr7	126813156	126813262	1	1	1	1	0	27
chr7	126858641	126859694	2	2	1	1	0	9
chr7	126982673	126989025	2	2	1	1	0	23
chr7	127086955	127087045	1	1	1	2	0	18
chr7	127188301	127188683	1	1	1	1	0	22
chr7	127199799	127201638	1	1	1	1	0	24
chr7	127304348	127304898	2	2	1	7	0	46
chr7	127447840	127447922	1	1	1	2	0	35
chr7	127492664	127493676	2	2	1	1	0	12
chr7	127504463	127504541	1	1	1	1	0	34
chr7	127524436	127524758	1	1	1	2	0	39
chr7	127580464	127580582	1	1	1	1	0	4
chr7	127580728	127580962	1	1	1	6	0	44
chr7	127804985	127805071	2	2	1	1	0	37
chr7	128044384	128045530	2	2	1	1	0	23
chr7	128050444	128056659	2	2	1	1	0	5
chr7	128310930	128311505	2	2	1	1	0	26
chr7	128354641	128355773	1	1	1	2	0	10
chr7	128378651	128379007	1	1	1	1	0	5
chr7	128380339	128380789	1	1	1	1	0	38
chr7	130110989	130112540	2	2	1	1	0	24
chr7	130112645	130115491	2	2	1	2	0	35
chr7	130115555	130117834	2	2	1	1	0	9
chr7	130134423	130135306	2	2	1	9	0	44
chr7	130140841	130141543	2	2	1	1	0	13
chr7	130344032	130352919	1	1	1	2	0	30
chr7	130361371	130361644	1	1	1	1	0	13
chr7	130986323	130989346	1	1	1	1	0	18
chr7	131039221	131042930	1	1	1	3	0	42
chr7	132161520	132162480	2	2	1	1	0	6
chr7	132162595	132163512	2	2	1	2	0	33
chr7	132478447	132480257	1	1	1	3	0	22
chr7	133249196	133249914	1	1	1	1	0	27
chr7	133252155	133252229	1	1	1	1	0	22
chr7	133319516	133320832	1	1	1	1	0	13
chr7	134384577	134384730	1	1	1	1	0	31
chr7	134760336	134765006	1	1	1	1	0	39
chr7	135253893	135255621	1	1	1	1	0	32
chr7	137061272	137063074	1	1	1	1	0	41
chr7	138470237	138471418	1	1	1	2	0	16
chr7	138496446	138499724	2	2	1	2	0	22
chr7	138500558	138511091	2	2	1	1	0	35
chr7	139679536	139679791	2	2	1	2	0	14
chr7	139679866	139681002	2	2	1	2	0	5
chr7	139686291	139687996	2	2	1	3	0	34
chr7	139688065	139689899	2	2	1	2	0	32
chr7	139693047	139696219	2	2	1	1	0	4
chr7	139699782	139699879	1	1	1	2	0	17
chr7	139712452	139713922	1	1	1	0	1	24
chr7	140343941	140344712	1	1	1	1	0	6
chr7	140344873	140349008	1	1	1	3	0	37
chr7	140349159	140349476	1	1	1	2	0	23
chr7	140349638	140349964	1	1	1	6	0	43
chr7	140350142	140350854	1	1	1	11	0	43
chr7	140350997	140352931	1	1	1	4	0	29
chr7	140353120	140353542	1	1	1	3	0	30
chr7	140353685	140354470	1	1	1	9	0	42
chr7	140354714	140354785	2	2	1	1	0	36
chr7	140415665	140416659	1	1	1	5	0	36
chr7	140416796	140417598	1	1	1	7	0	37
chr7	140434537	140434677	2	2	1	1	0	33
chr7	140434735	140434986	2	2	1	1	0	27
chr7	140443997	140444887	2	2	1	1	0	11
chr7	140479003	140480144	2	2	1	2	0	37
chr7	140487265	140487469	1	1	1	3	0	46
chr7	140487265	140487703	1	1	1	2	0	45
chr7	140487619	140487703	1	1	1	4	0	30
chr7	140487619	140487752	1	1	1	16	0	43
chr7	140534875	140535601	1	1	1	1	0	25
chr7	140589803	140590309	2	2	1	2	0	46
chr7	140632158	140632826	1	1	1	1	0	24
chr7	140740479	140740562	2	2	1	3	0	38
chr7	140771108	140771254	2	2	1	1	0	16
chr7	140843273	140845338	2	4	1	1	0	20
chr7	140843294	140843368	2	2	1	4	0	41
chr7	140928413	140936688	1	1	1	0	4	39
chr7	140936154	140936237	1	1	1	1	0	3
chr7	140981983	140982096	1	1	1	2	0	6
chr7	140982243	140982656	1	1	1	1	0	22
chr7	141027945	141028638	1	1	1	4	0	45
chr7	141028688	141030916	1	1	1	18	1	42
chr7	141031016	141031144	1	1	1	47	0	45
chr7	141031016	141031147	1	1	1	2	0	15
chr7	141038891	141039079	1	1	1	1	0	39
chr7	141053318	141054940	2	2	1	0	1	6
chr7	141076060	141076283	2	2	1	3	0	31
chr7	141076327	141076513	2	2	1	1	0	18
chr7	141997820	141997951	1	1	1	1	0	37
chr7	142052637	142055356	1	1	1	1	0	9
chr7	142055392	142055565	1	1	1	1	0	14
chr7	142055580	142056476	1	1	1	1	0	14
chr7	142056495	142057784	1	1	1	1	0	16
chr7	142065111	142065201	1	1	1	1	0	23
chr7	142065887	142065992	1	1	1	1	0	36
chr7	142066360	142068062	1	1	1	2	0	15
chr7	142068104	142069512	1	1	1	4	0	36
chr7	142089890	142091003	1	1	1	0	3	14
chr7	142091078	142094255	1	1	1	0	3	39
chr7	142616345	142618945	1	1	1	2	0	14
chr7	143051168	143052821	1	1	1	2	0	17
chr7	143086118	143088022	2	2	1	1	0	25
chr7	143088155	143089387	2	2	1	1	0	13
chr7	143116779	143118720	2	2	1	2	0	44
chr7	144071484	144072885	2	2	1	1	0	19
chr8	3495014	3501507	2	2	1	1	0	13
chr8	3564914	3565013	1	1	1	4	0	28
chr8	3629922	3630399	1	1	1	2	0	29
chr8	3660220	3660310	2	2	1	4	0	44
chr8	3660421	3660544	2	2	1	1	0	41
chr8	3671612	3672341	1	1	1	3	0	22
chr8	3672429	3672592	1	1	1	9	0	33
chr8	3672626	3673223	1	1	1	17	0	33
chr8	3692056	3692645	1	1	1	2	0	26
chr8	3766557	3767193	2	2	1	1	0	17
chr8	3767310	3767416	2	2	1	1	0	26
chr8	3767828	3768341	2	2	1	1	0	30
chr8	3973382	3974209	2	2	1	2	0	28
chr8	4241675	4243119	1	1	1	1	0	16
chr8	4320026	4324136	2	2	1	2	0	26
chr8	5139182	5141621	2	2	1	1	0	42
chr8	8717417	8731383	2	2	1	4	0	37
chr8	8731468	8733747	2	2	1	1	0	13
chr8	8733974	8739976	2	2	1	1	0	8
chr8	11281469	11281946	2	2	1	1	0	24
chr8	11287887	11288997	2	2	1	1	0	41
chr8	11564192	11564492	2	2	1	1	0	12
chr8	12674950	12675024	2	2	1	1	0	37
chr8	13082326	13083375	1	1	1	1	0	23
chr8	13100862	13103355	1	1	1	1	0	12
chr8	13103388	13105681	2	2	1	2	0	27
chr8	13103474	13105292	1	1	1	2	0	17
chr8	13122594	13123095	1	1	1	1	0	18
chr8	13192599	13192961	1	1	1	1	0	6
chr8	13193135	13194276	1	1	1	1	0	17
chr8	13209435	13215848	1	1	1	1	0	39
chr8	13841981	13842099	1	1	1	1	0	32
chr8	14114340	14128769	2	2	1	1	0	33
chr8	15569844	15569942	2	2	1	0	34	31
chr8	22692361	22695682	1	1	1	1	0	41
chr8	22695798	22696792	1	1	1	2	0	13
chr8	22696883	22697872	1	1	1	1	0	8
chr8	22909902	22911325	1	1	1	1	0	25
chr8	22917908	22919196	1	1	1	2	0	14
chr8	23068117	23069007	2	2	1	3	0	36
chr8	23118386	23120358	2	2	1	1	0	11
chr8	23425815	23428004	1	1	1	1	0	40
chr8	23670233	23670648	2	2	1	1	0	38
chr8	23674615	23680731	2	2	1	1	0	40
chr8	25657608	25659212	2	2	1	1	0	20
chr8	26240820	26242126	2	2	1	1	0	4
chr8	26309747	26312722	2	2	1	1	0	31
chr8	26521769	26521872	2	6	1	1	0	40
chr8	26528151	26529696	2	2	1	1	0	19
chr8	26529780	26534267	2	2	1	7	0	34
chr8	26534303	26538279	2	2	1	7	0	35
chr8	27459044	27459291	2	2	1	1	0	41
chr8	34128631	34131877	2	2	1	1	0	28
chr8	34160010	34161550	1	1	1	1	0	7
chr8	34274215	34279419	2	2	1	2	0	36
chr8	34274215	34285109	2	2	1	1	0	41
chr8	34285179	34296744	2	2	1	1	0	22
chr8	34635012	34635610	1	1	1	1	0	26
chr8	35852481	35852905	2	4	1	1	0	22
chr8	41446671	41447584	2	2	1	1	0	45
chr8	41644718	41649994	2	2	1	6	0	46
chr8	41644718	41650350	2	2	1	1	0	23
chr8	41652787	41653481	2	2	1	1	0	35
chr8	41693001	41709032	1	1	1	3	0	36
chr8	41732931	41733058	1	1	1	1	0	13
chr8	41850682	41851992	2	2	1	2	0	34
chr8	41852104	41852601	2	2	1	3	0	6
chr8	41860797	41863300	2	2	1	2	0	31
chr8	45695394	45695902	2	2	1	2	0	6
chr8	45725449	45726512	2	2	1	1	0	20
chr8	45726689	45728444	2	2	1	1	0	45
chr8	45760146	45761416	2	2	1	2	0	30
chr8	45792410	45794019	2	2	1	2	0	20
chr8	46276873	46278781	1	1	1	1	0	21
chr8	46432333	46433351	1	1	1	2	0	28
chr8	46433530	46433609	1	1	1	1	0	19
chr8	46437271	46438358	1	1	1	1	0	46
chr8	46438506	46444784	1	1	1	1	0	14
chr8	46448700	46449738	1	1	1	3	0	43
chr8	46486860	46487438	2	2	1	2	0	24
chr8	46497170	46498222	2	2	1	1	0	40
chr8	46980323	46981616	1	1	1	1	0	28
chr8	46983513	46984006	1	1	1	1	0	35
chr8	46984124	46984824	1	1	1	6	0	32
chr8	47246621	47259505	1	1	1	2	0	34
chr8	47259606	47260256	1	1	1	3	0	44
chr8	47260787	47271825	1	1	1	1	0	7
chr8	47981066	47982363	2	2	1	1	0	33
chr8	47996065	47997145	1	1	1	1	0	19
chr8	50803222	50809937	2	2	1	0	7	46
chr8	56751498	56760628	1	1	1	1	0	5
chr8	56760726	56770784	1	1	1	1	0	45
chr8	56770862	56772027	1	1	1	2	0	37
chr8	56984768	56985511	2	2	1	1	0	38
chr8	56985550	56985810	2	2	1	1	0	10
chr8	56991719	56992730	2	2	1	1	0	19
chr8	57965783	57966095	1	1	1	4	0	27
chr8	58037262	58105886	2	2	1	1	0	39
chr8	60984783	60985232	1	1	1	1	0	32
chr8	60993196	60996555	1	1	1	1	0	12
chr8	60996658	60998256	1	1	1	5	0	34
chr8	61366210	61367786	2	2	1	3	0	42
chr8	61366210	61372373	2	2	1	2	0	17
chr8	61367863	61372373	2	2	1	1	0	10
chr8	61525867	61526538	1	1	1	2	0	35
chr8	62416776	62422486	1	1	1	2	0	10
chr8	66930710	66932991	2	2	1	1	0	40
chr8	68335723	68356768	2	2	1	1	0	17
chr8	68356828	68358910	2	2	1	2	0	36
chr8	69353983	69354935	1	1	1	1	0	15
chr8	69355038	69357157	1	1	1	1	0	13
chr8	70242072	70243790	2	2	1	2	0	30
chr8	70347061	70347153	2	2	1	17	0	43
chr8	70347226	70347891	2	2	1	5	0	32
chr8	70522209	70522645	1	1	1	1	0	29
chr8	70524302	70524455	1	1	1	3	0	7
chr8	70586114	70586875	2	2	1	1	0	23
chr8	70746338	70746477	2	2	1	1	0	7
chr8	70763142	70764277	1	1	1	3	0	45
chr8	70764347	70765355	1	1	1	7	0	45
chr8	70765431	70765508	1	1	1	24	0	41
chr8	70957160	70957633	2	2	1	2	0	3
chr8	70961179	70961945	2	2	1	16	0	42
chr8	70962033	70962170	2	2	1	2	0	46
chr8	70968092	70971014	2	2	1	2	0	16
chr8	70983924	70984171	1	1	1	1	0	7
chr8	70984352	70987924	2	2	1	1	0	28
chr8	71049562	71049646	1	1	1	1	0	17
chr8	71215554	71216477	2	2	1	1	0	36
chr8	71301533	71303243	2	2	1	1	0	44
chr8	71348152	71348243	2	2	1	75	0	45
chr8	71348354	71348559	2	2	1	7	0	38
chr8	71820338	71820413	1	1	1	1	0	10
chr8	71820493	71820602	1	1	1	1	0	3
chr8	71821948	71822170	1	1	1	6	0	41
chr8	71987125	71987315	2	2	1	14	0	40
chr8	71989079	71989771	2	2	1	4	0	16
chr8	72000279	72000405	1	1	1	3	0	35
chr8	72047846	72048700	1	1	1	3	0	25
chr8	72674100	72674649	2	2	1	1	0	43
chr8	72915327	72922270	1	1	1	1	0	30
chr8	72928448	72929683	1	1	1	4	0	30
chr8	72929774	72930166	1	1	1	2	0	39
chr8	72958275	72959406	2	2	1	4	0	45
chr8	72975826	72976025	1	1	1	1	0	31
chr8	72982072	72986799	2	2	1	0	3	25
chr8	73466117	73466357	1	1	1	7	0	36
chr8	79534875	79536575	2	2	1	3	0	27
chr8	80022137	80023240	1	1	1	1	0	14
chr8	80023281	80032231	1	1	1	1	0	38
chr8	81428865	81431233	2	2	1	0	1	9
chr8	81431447	81431847	2	2	1	1	0	39
chr8	81431967	81432075	2	2	1	2	0	35
chr8	81435856	81436284	2	2	1	2	0	46
chr8	81437306	81438285	2	2	1	0	1	5
chr8	81438435	81440562	2	2	1	0	2	38
chr8	81452996	81454244	2	2	1	0	1	43
chr8	83492688	83493297	2	2	1	1	0	3
chr8	84293560	84297458	1	1	1	1	0	21
chr8	84297628	84298061	1	1	1	15	0	45
chr8	84298425	84299875	1	1	1	1	0	30
chr8	84298565	84298641	2	2	1	5	0	28
chr8	84298688	84298860	2	2	1	3	0	25
chr8	84299222	84299309	2	2	1	1	0	30
chr8	84299383	84299469	2	2	1	1	0	38
chr8	84299953	84300039	2	2	1	0	1	14
chr8	84300085	84300499	2	2	1	0	1	25
chr8	84449664	84449753	1	1	1	3	0	19
chr8	84973323	84976102	2	2	1	1	0	41
chr8	85426100	85426231	1	1	1	3	0	33
chr8	85435307	85440394	2	2	1	6	0	44
chr8	85440487	85448271	2	2	1	13	0	40
chr8	85448448	85450356	2	2	1	1	0	10
chr8	85454309	85454533	2	2	1	1	0	5
chr8	85568795	85569230	1	3	1	10	0	37
chr8	85569474	85569572	2	2	1	15	0	43
chr8	85569666	85570693	2	2	1	26	0	43
chr8	85570838	85571006	2	2	1	1	0	9
chr8	85571121	85571202	2	2	1	1	0	7
chr8	85571413	85571499	2	2	1	1	0	35
chr8	85637822	85637965	2	4	1	1	0	19
chr8	85698322	85700628	1	1	1	2	0	7
chr8	85807063	85807141	2	2	1	2	0	19
chr8	85823667	85824059	1	1	1	1	0	25
chr8	85823684	85824030	1	1	1	6	0	45
chr8	86008554	86010621	2	2	1	1	0	16
chr8	86010836	86012969	2	2	1	2	0	42
chr8	86138925	86153488	2	2	1	1	0	15
chr8	86445557	86449259	2	2	1	1	0	40
chr8	86667566	86668820	1	1	1	1	0	19
chr8	87360629	87361424	1	1	1	7	0	45
chr8	87361548	87363106	1	1	1	2	0	27
chr8	87394468	87399563	1	1	1	1	0	29
chr8	88972273	88972992	1	1	1	1	0	35
chr8	89059172	89059508	2	2	1	2	0	24
chr8	89081402	89084164	2	2	1	2	0	13
chr8	89084223	89084527	2	2	1	2	0	21
chr8	89088339	89088533	2	2	1	3	0	33
chr8	89457450	89458302	1	1	1	1	0	18
chr8	89784080	89795774	1	1	1	5	0	24
chr8	92034815	92036965	2	2	1	1	0	22
chr8	92394548	92394910	2	2	1	1	0	20
chr8	93570585	93572708	1	1	1	1	0	14
chr8	93825831	93849767	1	1	1	1	0	30
chr8	93825977	93827281	2	2	1	10	0	39
chr8	93827355	93830746	2	2	1	7	1	44
chr8	93830879	93833187	2	2	1	1	0	14
chr8	93833336	93834160	2	2	1	3	0	34
chr8	93834242	93835060	2	2	1	2	0	26
chr8	93835202	93844931	2	2	1	1	0	9
chr8	93845043	93846895	2	2	1	3	0	30
chr8	93851221	93854131	2	2	1	1	0	32
chr8	93892889	93914492	2	2	1	1	0	20
chr8	93896422	93897647	2	2	1	1	0	14
chr8	93902875	93904658	2	2	1	1	0	21
chr8	93916224	93919388	2	2	1	1	0	15
chr8	93928204	93928468	2	2	1	1	0	33
chr8	93985017	93989605	2	2	1	3	0	18
chr8	93990029	93992369	2	2	1	2	0	42
chr8	93994720	93996601	2	2	1	1	0	6
chr8	94000886	94001869	2	2	1	1	0	24
chr8	94061853	94063730	2	2	1	1	0	11
chr8	94782786	94784343	1	1	1	1	0	43
chr8	95247535	95247643	1	1	1	1	0	36
chr8	95380960	95385331	1	1	1	2	0	41
chr8	95550360	95551843	2	2	1	1	0	22
chr8	95827302	95828036	2	2	1	1	0	6
chr8	96471269	96471570	2	2	1	1	0	44
chr8	96497339	96498598	2	2	1	1	0	8
chr8	96596266	96597402	2	2	1	0	2	13
chr8	105169180	105169326	2	2	1	1	0	21
chr8	105251077	105252911	2	2	1	1	0	14
chr8	105366719	105367151	2	2	1	1	0	6
chr8	105460780	105461328	1	1	1	2	0	12
chr8	105464183	105465285	1	1	1	1	0	34
chr8	105465803	105465921	1	1	1	1	0	32
chr8	105467467	105467861	1	1	1	16	0	40
chr8	105660387	105661078	1	1	1	13	0	36
chr8	105780081	105780175	1	1	1	1	0	43
chr8	105780317	105782210	1	1	1	1	0	11
chr8	105783164	105784092	1	1	1	0	1	4
chr8	105784243	105784367	1	1	1	1	0	5
chr8	105784447	105784539	1	1	1	2	0	16
chr8	105813559	105815050	1	1	1	1	0	34
chr8	105818217	105819236	1	1	1	0	1	4
chr8	105819606	105819698	1	1	1	1	0	36
chr8	105819606	105819986	1	1	1	1	0	28
chr8	105957843	105961113	1	1	1	1	0	12
chr8	106049379	106052858	2	2	1	2	0	32
chr8	106053107	106053682	1	1	1	1	0	7
chr8	106424961	106425039	2	2	1	2	0	38
chr8	106662538	106662627	2	2	1	7	0	37
chr8	106666353	106668363	1	3	1	1	1	29
chr8	106668674	106668769	2	2	1	1	0	21
chr8	106668886	106668962	2	2	1	1	0	12
chr8	106977926	106978110	1	1	1	4	0	37
chr8	107648915	107649496	1	1	1	2	0	40
chr8	107897053	107906045	1	1	1	1	0	29
chr8	107906075	107910209	1	1	1	1	0	20
chr8	108309106	108310804	2	2	1	1	0	27
chr8	110292696	110295521	1	1	1	1	0	36
chr8	110301798	110301877	2	6	1	3	0	38
chr8	110302682	110303336	2	2	1	1	0	11
chr8	110303864	110304111	2	2	1	1	0	19
chr8	110304195	110305641	2	2	1	2	0	24
chr8	110723555	110724153	1	1	1	1	0	10
chr8	110725028	110725380	1	1	1	2	0	25
chr8	110810416	110810975	1	1	1	1	0	29
chr8	111884694	111886430	2	2	1	1	0	45
chr8	112571844	112580775	2	2	1	2	0	29
chr8	112720339	112721495	2	2	1	1	0	42
chr8	112730073	112732263	2	2	1	1	0	37
chr8	114863232	114874634	1	1	1	2	0	17
chr8	114874794	114878393	1	1	1	1	0	7
chr8	115166619	115171207	1	1	1	1	0	4
chr8	117714116	117715862	2	2	1	1	0	34
chr8	118179016	118179818	1	1	1	1	0	32
chr8	118182484	118183625	1	1	1	2	0	32
chr8	118183697	118186067	1	1	1	1	0	39
chr8	118390572	118391725	2	2	1	1	0	7
chr8	118461446	118469070	1	1	1	1	0	19
chr8	120040934	120050133	1	1	1	1	0	32
chr8	121317873	121327172	2	2	1	0	1	28
chr8	121396122	121399463	1	1	1	1	0	3
chr8	121400092	121400709	1	1	1	25	0	42
chr8	122320285	122322724	1	1	1	0	1	9
chr8	123125902	123128329	1	1	1	1	0	10
chr8	123135108	123137619	1	1	1	1	0	28
chr8	123151827	123152924	2	2	1	1	0	39
chr8	123208137	123208209	1	1	1	1	0	40
chr8	123208269	123208334	1	1	1	1	0	37
chr8	123338433	123339804	1	1	1	1	0	44
chr8	123341127	123342129	1	1	1	3	0	28
chr8	123792449	123793211	1	1	1	1	0	41
chr8	123830096	123830636	1	1	1	16	0	44
chr8	123830694	123831782	1	1	1	11	34	45
chr8	123983974	123984284	1	3	1	1	0	31
chr8	124100804	124108138	1	1	1	3	0	42
chr8	124126084	124127363	1	1	1	1	0	15
chr8	124127437	124127814	1	1	1	1	0	41
chr8	124207176	124207809	1	1	1	1	0	30
chr8	124228173	124228253	1	1	1	1	0	8
chr8	124255162	124263241	2	2	1	1	0	32
chr8	124618892	124618967	2	2	1	1	0	27
chr8	125283445	125290526	1	1	1	1	0	25
chr8	125286237	125290461	2	2	1	1	0	42
chr8	125398937	125400186	2	2	1	1	0	39
chr8	125567246	125568032	2	2	1	2	0	15
chr8	125568120	125568425	2	2	1	3	0	33
chr8	125569159	125587684	2	2	1	1	0	42
chr8	125613686	125614496	1	1	1	2	0	37
chr8	128142279	128153002	1	1	1	1	0	18
chr8	129182023	129184430	2	2	1	10	0	39
chr8	129183404	129184430	2	2	1	3	0	35
chr8	129184470	129199535	2	2	1	7	0	39
chr8	129191746	129214853	2	2	1	2	0	20
chr8	129224573	129224985	1	1	1	4	0	36
chr8	129225083	129227102	1	1	1	1	0	12
chr8	129433641	129436733	1	1	1	1	0	29
chr8	129442759	129443687	1	1	1	1	0	4
chr8	129449514	129450676	1	1	1	1	0	29
chr8	129450910	129452500	1	1	1	4	0	44
chr9	3404191	3409965	1	1	1	2	0	36
chr9	3421377	3428667	1	1	1	4	0	45
chr9	4296840	4299297	2	2	1	2	0	14
chr9	4317072	4329848	1	1	1	5	0	30
chr9	5306227	5306669	1	1	1	2	0	22
chr9	9035611	9046505	2	2	1	1	0	34
chr9	9075012	9115690	2	2	1	1	0	26
chr9	9434835	9434941	2	2	1	0	1	34
chr9	13246677	13248883	1	1	1	1	0	33
chr9	13718567	13719997	1	1	1	1	0	26
chr9	13727429	13728182	2	2	1	1	0	34
chr9	13744468	13747180	1	1	1	1	0	19
chr9	14413351	14414109	1	1	1	1	0	12
chr9	14416237	14419146	1	1	1	2	0	7
chr9	14419266	14421495	1	1	1	12	0	44
chr9	15173735	15174899	2	2	1	1	0	26
chr9	15198769	15201962	2	2	1	2	0	22
chr9	15220212	15221154	1	1	1	1	0	23
chr9	15225329	15225526	1	1	1	1	0	3
chr9	15225561	15226397	1	1	1	1	0	30
chr9	15226428	15226678	1	1	1	1	0	25
chr9	15226737	15228184	1	1	1	1	0	34
chr9	18213480	18215578	1	1	1	1	0	23
chr9	18246315	18250686	2	2	1	1	0	7
chr9	20556190	20556488	1	1	1	1	0	7
chr9	20556556	20556701	1	1	1	1	0	18
chr9	20556786	20556917	1	1	1	3	0	32
chr9	20556956	20557911	1	1	1	9	0	38
chr9	20573705	20574470	1	1	1	1	0	30
chr9	20802503	20802582	1	1	1	1	0	5
chr9	20805739	20805928	2	2	1	20	0	44
chr9	20806036	20806128	2	2	1	2	0	39
chr9	20809273	20809379	2	2	1	2	0	39
chr9	20809464	20809673	2	2	1	1	0	44
chr9	21142723	21142992	2	2	1	1	0	15
chr9	21179966	21182015	1	1	1	1	0	28
chr9	21182044	21184994	1	1	1	1	0	19
chr9	21308965	21309264	1	1	1	1	0	9
chr9	21389645	21390194	1	3	1	1	0	3
chr9	21419688	21420226	2	2	1	3	0	31
chr9	21550688	21552207	1	1	1	1	0	8
chr9	21552382	21553720	1	1	1	10	0	42
chr9	21554048	21558646	1	1	1	2	0	43
chr9	21589690	21590224	1	1	1	1	0	22
chr9	21667592	21668412	2	2	1	2	0	33
chr9	21711696	21712466	2	2	1	1	0	11
chr9	21713165	21713648	2	2	1	1	0	5
chr9	21748249	21748355	1	1	1	1	0	17
chr9	21832646	21837286	2	2	1	4	0	45
chr9	21837451	21837544	2	2	1	1	0	6
chr9	21837654	21838587	2	2	1	1	0	26
chr9	21919670	21921452	1	1	1	1	0	13
chr9	21921538	21921819	1	1	1	1	0	24
chr9	21923067	21923329	1	1	1	1	0	17
chr9	21923400	21923514	1	1	1	1	0	5
chr9	22360151	22361097	2	2	1	6	0	45
chr9	22361160	22365074	2	2	1	6	0	40
chr9	22368799	22370006	2	2	1	1	0	20
chr9	25212834	25215012	1	1	1	2	0	21
chr9	26918248	26918453	1	1	1	3	0	37
chr9	26930771	26940694	2	2	1	1	0	30
chr9	26948436	26952688	1	1	1	1	0	19
chr9	26952852	26955791	1	1	1	1	0	28
chr9	31062269	31063132	2	2	1	2	0	43
chr9	31064796	31068990	2	2	1	3	0	44
chr9	31069144	31069794	2	2	1	1	0	4
chr9	31081930	31083229	2	2	1	4	0	45
chr9	31083343	31088313	2	2	1	3	0	43
chr9	31227631	31229807	1	3	1	3	0	43
chr9	31229868	31236922	1	1	1	1	0	4
chr9	31308434	31309015	1	1	1	2	0	46
chr9	31309090	31309855	1	1	1	2	0	43
chr9	35123808	35124015	1	1	1	15	0	41
chr9	35127110	35127233	1	1	1	1	0	4
chr9	36670164	36670498	2	2	1	1	0	32
chr9	37564466	37565511	2	2	1	1	0	17
chr9	37565733	37566317	2	2	1	2	0	43
chr9	37566389	37568293	2	2	1	1	0	37
chr9	40713920	40714034	1	1	1	1	0	6
chr9	40715992	40716227	1	1	1	16	0	45
chr9	42900342	42901270	2	2	1	2	0	4
chr9	42911359	42911652	2	2	1	1	0	33
chr9	42911686	42912264	2	2	1	2	0	17
chr9	42953973	42955559	2	2	1	1	0	24
chr9	42955584	43016473	2	2	1	1	0	8
chr9	44312230	44312717	1	1	1	2	0	13
chr9	44319055	44319284	1	1	1	1	0	27
chr9	44320167	44321250	1	1	1	0	61	46
chr9	44321350	44321442	1	1	1	34	7	46
chr9	44322078	44323749	2	2	1	1	0	25
chr9	44323781	44324213	2	2	1	1	0	31
chr9	44668582	44669857	2	2	1	0	1	8
chr9	44670064	44670177	2	2	1	1	0	12
chr9	44698202	44700863	1	1	1	1	0	5
chr9	44711031	44712890	2	2	1	3	1	38
chr9	44713080	44714007	2	2	1	1	0	13
chr9	44727957	44729002	2	2	1	1	0	35
chr9	44761352	44764234	2	2	1	1	0	24
chr9	44824765	44825948	2	2	1	0	31	45
chr9	45721207	45729275	2	2	1	3	0	45
chr9	45729388	45734943	2	2	1	1	0	4
chr9	45735063	45739799	2	2	1	1	0	8
chr9	45780356	45781046	2	4	1	1	0	37
chr9	45807524	45809729	2	2	1	2	0	44
chr9	46140035	46140235	1	1	1	1	0	28
chr9	46140298	46140413	1	1	1	6	0	44
chr9	46140568	46141102	1	1	1	17	0	42
chr9	46141566	46141722	2	2	1	1	19	17
chr9	46141575	46141728	2	4	1	1	0	34
chr9	46144642	46145714	2	2	1	14	0	43
chr9	46145839	46145956	2	2	1	4	0	9
chr9	46146025	46146556	2	2	1	1	0	24
chr9	46154427	46154680	2	2	1	2	0	33
chr9	46154467	46154667	1	3	1	1	0	34
chr9	46186749	46187028	1	1	1	2	0	46
chr9	47759597	47761569	1	1	1	4	0	36
chr9	48231227	48231814	2	2	1	1	0	16
chr9	48380247	48383119	2	2	1	1	0	46
chr9	48383174	48384331	2	2	1	4	0	43
chr9	48384441	48385701	2	2	1	1	0	19
chr9	48384922	48385701	2	2	1	1	0	36
chr9	50519237	50520671	2	2	1	1	0	35
chr9	50548893	50549220	2	2	1	1	0	5
chr9	50555834	50556338	2	2	1	1	0	3
chr9	50569590	50569987	2	2	1	1	0	12
chr9	50590663	50592786	2	2	1	1	0	21
chr9	51854950	51859876	2	2	1	8	0	42
chr9	51959733	51972131	1	1	1	4	0	40
chr9	51974962	51976159	1	1	1	2	0	40
chr9	51979577	51980106	1	1	1	1	0	22
chr9	51980204	51980914	1	1	1	21	0	44
chr9	51981079	51984453	1	1	1	7	0	25
chr9	51984585	51992318	1	1	1	4	0	32
chr9	51992480	51993742	1	1	1	2	0	31
chr9	53068633	53071197	2	2	1	1	0	32
chr9	53124638	53134959	2	2	1	2	0	20
chr9	53429970	53431291	2	2	1	1	0	5
chr9	53493966	53494736	2	2	1	3	0	30
chr9	53496205	53498752	2	2	1	1	0	25
chr9	53500574	53502606	2	2	1	1	0	12
chr9	53502758	53503267	2	2	1	1	0	26
chr9	53554127	53555786	2	2	1	1	0	15
chr9	54452769	54453172	2	2	1	2	0	33
chr9	54631759	54634872	2	2	1	2	0	22
chr9	54635046	54635453	2	2	1	1	0	12
chr9	54638722	54641652	2	2	1	3	0	29
chr9	54638722	54641758	2	2	1	1	0	35
chr9	54638722	54641761	2	2	1	1	0	32
chr9	54794692	54798286	1	1	1	1	0	9
chr9	54807391	54807731	1	1	1	1	0	32
chr9	54862025	54862164	1	1	1	1	0	7
chr9	54863672	54864094	1	1	1	4	0	31
chr9	54864219	54864918	1	1	1	4	0	40
chr9	55362047	55368903	2	2	1	17	0	45
chr9	55368985	55372077	2	2	1	6	0	45
chr9	55372144	55389556	2	2	1	4	0	32
chr9	55394795	55396113	2	2	1	2	0	36
chr9	55402929	55403025	2	2	1	1	0	33
chr9	55458156	55460754	2	2	1	1	0	12
chr9	55460807	55463368	2	2	1	1	0	28
chr9	55517359	55563188	2	2	1	1	0	27
chr9	55765477	55765691	2	2	1	1	0	44
chr9	55765810	55766282	2	2	1	2	0	7
chr9	55766359	55767031	2	2	1	2	0	9
chr9	57046686	57046894	1	1	1	2	0	16
chr9	57049200	57049278	1	1	1	1	0	6
chr9	57062565	57062695	2	2	1	2	0	43
chr9	57437646	57438951	1	1	1	4	0	28
chr9	57437646	57439578	1	1	1	1	1	25
chr9	57439076	57439564	1	1	1	71	0	45
chr9	57665634	57665909	2	2	1	1	0	37
chr9	57830561	57836995	1	1	1	1	0	34
chr9	59230266	59230670	2	2	1	1	0	17
chr9	60766500	60768333	1	1	1	1	0	29
chr9	61820804	61821169	2	2	1	4	0	44
chr9	61821245	61821638	2	2	1	2	0	38
chr9	62282034	62284581	1	1	1	1	0	25
chr9	62284646	62284835	1	1	1	2	0	11
chr9	62285285	62285460	1	1	1	2	0	41
chr9	62826768	62827739	2	2	1	1	0	44
chr9	63104655	63124274	2	2	1	1	0	31
chr9	63124308	63124620	2	2	1	1	0	28
chr9	63130073	63130185	1	1	1	0	2	28
chr9	63130077	63130213	1	1	1	0	2	24
chr9	63130077	63130347	1	1	1	0	2	24
chr9	63301958	63306157	2	2	1	3	0	39
chr9	64080716	64082105	1	1	1	1	0	30
chr9	64083499	64084222	1	1	1	1	0	46
chr9	64085087	64085178	1	1	1	2	0	38
chr9	64085300	64085504	1	1	1	6	0	39
chr9	64148794	64149023	2	4	1	1	0	26
chr9	64156259	64165236	2	2	1	1	0	34
chr9	64632865	64633905	2	2	1	1	0	20
chr9	64765016	64766580	1	1	1	1	0	37
chr9	65201848	65207182	1	1	1	1	0	14
chr9	65209248	65215749	1	1	1	1	0	26
chr9	65215905	65217433	1	1	1	3	0	24
chr9	65217594	65219379	1	1	1	1	0	33
chr9	65219422	65223925	1	1	1	1	0	17
chr9	65866004	65869609	1	1	1	1	0	44
chr9	65967683	65968748	1	1	1	2	0	26
chr9	65970365	65972768	1	1	1	1	0	10
chr9	66016911	66031888	2	2	1	1	0	45
chr9	66345033	66346459	1	1	1	1	0	35
chr9	66346567	66347077	1	1	1	2	0	29
chr9	66370380	66371987	1	1	1	1	0	6
chr9	66853463	66854112	1	1	1	1	0	25
chr9	66854222	66854868	1	1	1	7	0	34
chr9	66854980	66856610	1	1	1	35	3	44
chr9	66878219	66878457	2	2	1	3	0	43
chr9	66935450	66936945	2	2	1	3	0	44
chr9	66938797	66939747	2	2	1	1	0	29
chr9	67766168	67768065	1	1	1	1	0	43
chr9	67778568	67781136	1	1	1	1	0	19
chr9	67781197	67783508	1	1	1	1	0	13
chr9	67790842	67791853	1	1	1	2	0	13
chr9	67797095	67797576	1	1	1	1	0	15
chr9	69284173	69286078	1	1	1	2	0	23
chr9	69318749	69319483	1	1	1	1	0	41
chr9	69909394	69910660	1	1	1	2	0	44
chr9	69926798	69929718	1	1	1	1	0	29
chr9	70114986	70194193	1	1	1	1	0	9
chr9	70451340	70466318	1	1	1	1	0	15
chr9	70487338	70487448	1	1	1	1	0	14
chr9	70514941	70518110	2	2	1	1	0	17
chr9	70705691	70709354	2	2	1	22	0	45
chr9	70711097	70719951	2	2	1	1	0	35
chr9	71548731	71552773	2	2	1	1	0	10
chr9	71558669	71562574	2	2	1	1	0	33
chr9	71563535	71612429	2	2	1	1	0	16
chr9	71766237	71775353	2	2	1	2	0	34
chr9	72199993	72200228	2	4	1	0	1	27
chr9	72267624	72269215	1	1	1	2	0	4
chr9	72590465	72604907	2	2	1	0	1	28
chr9	72625667	72628582	1	1	1	1	0	32
chr9	72644071	72644155	1	1	1	1	0	34
chr9	72644227	72646321	1	1	1	2	0	7
chr9	72650043	72650821	1	1	1	1	0	21
chr9	72650919	72653688	1	1	1	5	0	44
chr9	72653762	72654407	1	1	1	10	0	46
chr9	72922712	72923179	1	1	1	2	0	44
chr9	74756234	74756413	1	1	1	1	0	9
chr9	74756494	74767163	1	1	1	1	0	3
chr9	74945244	74959514	1	1	1	2	0	44
chr9	74959638	74963916	1	1	1	21	0	44
chr9	75353459	75354246	2	2	1	2	7	46
chr9	75356785	75357769	1	1	1	1	0	13
chr9	75357855	75361905	1	1	1	1	0	9
chr9	75368386	75373475	1	1	1	2	0	17
chr9	77577104	77588364	2	2	1	1	0	33
chr9	77993283	77993556	2	2	1	1	0	43
chr9	77993653	77994455	2	2	1	3	0	18
chr9	78111647	78113193	1	1	1	1	0	24
chr9	78138013	78139499	1	1	1	0	2	26
chr9	78211786	78212576	1	1	1	0	1	12
chr9	78238532	78239368	2	2	1	2	1	29
chr9	78249221	78254370	2	2	1	0	2	26
chr9	78386141	78386239	2	2	1	8	0	38
chr9	78386475	78386559	2	2	1	2	0	35
chr9	78386817	78386905	2	2	1	1	0	6
chr9	78387431	78387522	2	2	1	4	0	31
chr9	79662888	79663558	2	2	1	25	0	43
chr9	79663644	79665771	2	2	1	3	0	24
chr9	79683523	79684505	2	2	1	1	0	32
chr9	79999695	80000818	1	1	1	3	0	14
chr9	80000924	80010975	1	1	1	1	0	17
chr9	80011047	80018592	1	1	1	2	0	40
chr9	80033535	80033617	1	1	1	2	0	3
chr9	80049678	80050931	1	1	1	4	0	29
chr9	80193104	80193563	1	1	1	1	0	19
chr9	80193715	80195289	1	1	1	1	0	14
chr9	80200836	80201226	1	1	1	1	0	8
chr9	80201257	80203924	1	1	1	1	0	30
chr9	80203964	80206427	1	1	1	2	0	28
chr9	80206532	80207816	1	1	1	1	0	32
chr9	82782907	82785176	2	2	1	2	0	17
chr9	82785254	82787701	2	2	1	1	0	14
chr9	83132162	83135675	2	2	1	1	0	7
chr9	83135736	83136468	2	2	1	1	0	18
chr9	84004436	84006021	1	1	1	1	0	27
chr9	85664086	85664321	2	4	1	0	1	27
chr9	86441567	86443873	2	2	1	2	0	19
chr9	86464961	86469015	2	2	1	2	0	45
chr9	86480878	86493905	2	2	1	1	0	16
chr9	86922520	86923305	1	1	1	1	0	30
chr9	88258993	88261562	2	2	1	1	0	19
chr9	88343845	88344288	2	2	1	4	0	32
chr9	88344439	88345007	2	2	1	1	0	38
chr9	89973779	89979424	2	2	1	1	0	40
chr9	89978658	89979424	2	2	1	1	0	7
chr9	89979514	89979916	2	2	1	1	0	20
chr9	89979943	89982495	2	2	1	1	1	22
chr9	89982577	89984352	2	2	1	1	20	46
chr9	89984376	89989325	2	2	1	0	1	23
chr9	89984440	89985707	2	2	1	1	0	19
chr9	89984440	89989287	2	2	1	2	26	45
chr9	89989356	89992178	2	2	1	3	1	36
chr9	89992226	89996588	2	2	1	1	2	45
chr9	95346535	95348598	2	2	1	1	0	25
chr9	95348710	95354095	2	2	1	4	0	43
chr9	95375285	95375755	2	2	1	1	0	43
chr9	95375871	95377887	2	2	1	1	0	23
chr9	95877257	95880268	1	1	1	2	0	43
chr9	96155996	96169653	1	1	1	1	0	41
chr9	96177181	96179679	1	1	1	2	0	21
chr9	96462029	96462539	2	2	1	1	0	34
chr9	96633437	96634437	2	2	1	1	0	13
chr9	98459581	98461033	1	1	1	6	0	42
chr9	98461145	98462134	1	1	1	1	0	8
chr9	98469883	98470097	1	1	1	1	0	37
chr9	98470980	98472087	2	2	1	6	0	36
chr9	98983454	98987583	2	2	1	1	0	21
chr9	99402636	99405191	2	2	1	1	0	33
chr9	100587308	100594490	1	1	1	1	0	15
chr9	100594594	100639742	1	1	1	1	0	38
chr9	100867685	100867831	2	2	1	1	0	23
chr9	101090762	101128860	2	2	1	1	0	8
chr9	102464030	102479645	2	4	1	1	0	27
chr9	102507088	102511212	1	1	1	7	0	44
chr9	103086158	103094631	2	2	1	2	0	33
chr9	103086233	103094647	2	2	1	1	0	17
chr9	103086278	103087693	2	2	1	865	0	46
chr9	103087878	103089010	2	2	1	19	0	43
chr9	103089196	103092391	2	2	1	26	0	44
chr9	103092457	103093012	2	2	1	15	0	43
chr9	103093143	103094561	2	2	1	25	0	46
chr9	103094733	103096421	2	2	1	20	0	33
chr9	103096455	103097000	2	2	1	16	0	33
chr9	103097092	103098091	2	2	1	5	0	40
chr9	103098244	103099249	2	2	1	17	0	42
chr9	103099428	103100133	2	2	1	5	0	23
chr9	103100313	103100782	2	2	1	4	0	26
chr9	103100839	103102241	2	2	1	6	0	38
chr9	103102375	103103159	2	2	1	3	0	20
chr9	103103337	103104036	2	2	1	4	0	41
chr9	103104146	103105094	2	2	1	2	0	10
chr9	103127862	103128989	2	2	1	83	0	46
chr9	103129177	103131838	2	2	1	4	0	38
chr9	103136711	103140228	2	2	1	1	0	29
chr9	103140385	103143401	2	2	1	1	0	31
chr9	103233229	103233478	2	2	1	1	0	16
chr9	103241251	103241661	2	2	1	3	0	41
chr9	103241251	103242252	2	2	1	1	1	34
chr9	103924886	103926432	2	2	1	2	0	39
chr9	103927170	103931261	2	2	1	1	0	26
chr9	103960097	103961359	1	1	1	1	0	36
chr9	103991738	103992476	1	1	1	1	0	39
chr9	104092967	104094910	2	2	1	1	0	17
chr9	104094968	104095725	2	2	1	1	0	18
chr9	105280791	105282197	1	1	1	1	0	27
chr9	105290389	105291832	2	2	1	1	0	43
chr9	105563654	105564313	1	1	1	1	0	16
chr9	106073911	106074002	2	2	1	2	0	25
chr9	106115439	106115841	2	2	1	1	0	43
chr9	106116916	106118314	2	2	1	1	0	24
chr9	106118985	106120360	2	2	1	1	0	37
chr9	106307572	106308267	1	1	1	1	1	25
chr9	106350406	106350631	2	2	1	1	0	19
chr9	106352348	106352997	2	2	1	1	0	6
chr9	106590786	106593259	2	2	1	1	0	16
chr9	106591620	106608894	1	1	1	1	0	26
chr9	106699291	106706259	1	1	1	1	0	26
chr9	106746561	106747401	2	2	1	1	0	37
chr9	106766135	106767353	2	2	1	2	0	39
chr9	106766425	106767359	2	2	1	2	0	20
chr9	106768398	106769012	2	2	1	1	0	29
chr9	107441896	107442045	1	1	1	2	0	31
chr9	107528461	107528717	2	2	1	2	0	31
chr9	107529238	107529327	2	2	1	2	0	24
chr9	107529432	107532221	2	2	1	3	0	24
chr9	107532885	107533133	2	2	1	1	0	17
chr9	107533877	107534828	2	2	1	2	0	37
chr9	107535102	107535192	2	2	1	2	0	43
chr9	107626999	107627206	2	2	1	1	0	34
chr9	107664598	107664977	2	2	1	1	0	11
chr9	107665064	107665306	2	2	1	1	0	15
chr9	107779963	107780060	1	1	1	1	0	13
chr9	107927972	107928047	1	1	1	1	0	8
chr9	107928442	107928524	1	1	1	1	0	34
chr9	107961407	107961486	1	1	1	1	0	46
chr9	107961832	107961972	1	1	1	3	0	32
chr9	108216758	108216975	1	1	1	5	0	42
chr9	108392432	108392994	1	1	1	6	0	44
chr9	108442445	108442525	1	1	1	8	0	39
chr9	108442610	108442696	1	1	1	1	0	44
chr9	108443275	108443357	2	2	1	1	0	40
chr9	108494635	108497257	2	2	1	0	2	26
chr9	108521282	108521344	1	5	1	0	1	25
chr9	108521568	108522131	2	2	1	1	0	41
chr9	108522194	108526427	2	2	1	1	0	4
chr9	108605480	108610308	1	1	1	1	0	10
chr9	108766225	108771151	1	1	1	1	0	20
chr9	108771210	108778516	1	3	1	1	6	14
chr9	108771239	108773111	1	1	1	1	0	20
chr9	108777702	108778006	1	1	1	6	0	41
chr9	108778083	108778502	1	1	1	15	0	44
chr9	108907494	108911069	2	2	1	0	3	15
chr9	108911158	108911238	2	2	1	2	0	28
chr9	108920074	108920582	1	1	1	1	0	10
chr9	109662364	109664385	1	1	1	1	0	25
chr9	109785712	109789668	2	2	1	0	5	38
chr9	109865924	109892084	1	1	1	1	0	21
chr9	109900208	109901680	1	1	1	1	0	16
chr9	109927928	109929883	2	2	1	1	0	28
chr9	109986414	109993869	1	1	1	1	0	5
chr9	109993946	109996672	1	1	1	2	0	21
chr9	110000136	110002948	1	1	1	1	0	39
chr9	110033395	110035066	1	1	1	1	0	13
chr9	110213542	110213623	1	1	1	1	0	40
chr9	110249107	110249880	1	1	1	1	0	36
chr9	110289442	110301503	1	1	1	1	0	37
chr9	110814212	110816134	2	2	1	2	0	45
chr9	110947458	110948707	1	1	1	2	0	44
chr9	111019353	111022114	1	1	1	4	0	46
chr9	111052439	111053017	1	1	1	1	0	19
chr9	113503571	113507373	2	2	1	1	0	38
chr9	113518797	113520520	2	2	1	1	0	25
chr9	113670720	113673141	1	1	1	1	0	11
chr9	114542672	114544161	1	1	1	1	0	25
chr9	114560442	114566250	1	1	1	1	0	32
chr9	114618814	114619705	2	2	1	7	0	34
chr9	114619823	114625108	2	2	1	2	0	40
chr9	115073114	115075112	2	2	1	2	0	39
chr9	117876702	117878377	1	1	1	1	0	36
chr9	117894417	117904189	2	2	1	2	0	18
chr9	117969361	117972097	1	1	1	1	0	15
chr9	118977482	118977801	2	2	1	1	0	27
chr9	118977948	118978029	2	2	1	2	0	32
chr9	118978086	118978338	2	2	1	0	2	37
chr9	118978519	118978667	2	2	1	0	1	5
chr9	118978859	118979891	2	2	1	1	0	32
chr9	118979973	118980883	2	2	1	1	0	36
chr9	119175635	119176795	1	1	1	1	0	44
chr9	119177838	119177986	1	1	1	0	1	5
chr9	119178167	119178419	1	1	1	0	2	37
chr9	119178704	119179023	1	1	1	1	0	8
chr9	119210684	119211319	1	1	1	1	0	25
chr9	119261910	119262332	1	1	1	1	0	10
chr9	119741536	119742693	1	1	1	3	0	41
chr9	119757103	119757292	2	2	1	1	0	3
chr9	119959430	119959833	1	1	1	1	0	23
chr9	119959963	119960065	1	1	1	3	0	27
chr9	119960232	119960465	1	1	1	81	2	46
chr9	120321908	120323172	1	1	1	1	0	43
chr9	120401929	120402641	1	1	1	3	0	24
chr9	120402742	120402829	1	1	1	1	0	37
chr9	120402884	120403160	1	1	1	1	0	10
chr9	121209812	121220922	1	1	1	1	0	28
chr9	121209948	121220922	1	1	1	2	0	41
chr9	121539538	121539704	1	1	1	1	0	28
chr9	121539782	121541630	1	1	1	1	0	11
chr9	121575657	121577096	1	1	1	3	0	42
chr9	121582159	121583310	1	1	1	1	0	26
chr9	121678756	121679253	2	2	1	30	0	44
chr9	121679389	121681556	2	2	1	3	0	45
chr9	121681676	121686577	2	2	1	1	0	36
chr9	121743602	121745300	1	1	1	2	0	21
chr9	121946569	121960958	1	1	1	1	0	42
chr9	122961106	122964963	1	1	1	3	0	45
chr9	123136346	123136798	1	1	1	4	0	8
chr9	123621815	123623789	2	2	1	3	0	46
chr9	124033196	124033755	2	2	1	1	0	40
chr10	3495702	3497004	1	1	1	1	0	22
chr10	4372191	4377170	2	2	1	0	1	26
chr10	5073137	5073654	2	2	1	1	0	27
chr10	5111562	5112333	2	2	1	2	0	26
chr10	5287334	5289224	2	2	1	1	0	40
chr10	7627414	7628507	1	1	1	1	0	45
chr10	7637134	7638553	1	1	1	1	0	26
chr10	7653635	7655066	2	2	1	2	0	20
chr10	7655127	7656524	2	2	1	1	0	17
chr10	7677734	7680719	1	1	1	1	0	35
chr10	7683147	7686125	1	1	1	2	0	44
chr10	8632526	8656282	2	2	1	1	0	33
chr10	8662199	8665324	2	2	1	1	0	22
chr10	8665366	8690004	2	2	1	1	0	29
chr10	12540883	12542442	2	2	1	1	0	24
chr10	12542581	12543243	2	2	1	2	0	9
chr10	12596687	12601954	2	2	1	6	0	34
chr10	12609745	12610841	2	2	1	1	0	24
chr10	12610962	12612695	2	2	1	1	0	22
chr10	13400713	13402693	2	2	1	2	0	29
chr10	18106367	18110599	2	2	1	1	0	41
chr10	19736741	19745039	2	2	1	2	0	38
chr10	20106629	20109114	1	1	1	1	0	35
chr10	20143123	20145105	1	1	1	2	0	43
chr10	20145335	20149025	1	1	1	2	0	44
chr10	20201552	20201675	1	1	1	1	0	7
chr10	20210392	20215454	1	1	1	1	0	17
chr10	21183679	21212865	1	1	1	1	0	22
chr10	23661172	23661473	2	2	1	65	0	44
chr10	23661576	23661799	2	2	1	30	0	42
chr10	23661903	23662522	2	2	1	2	0	8
chr10	23661903	23662661	2	2	1	3	0	24
chr10	24128529	24128829	1	1	1	1	0	30
chr10	24553928	24555085	2	2	1	2	0	10
chr10	24649971	24650680	2	2	1	1	0	9
chr10	24791678	24791925	2	2	1	6	0	31
chr10	24792063	24792252	2	2	1	2	0	12
chr10	24792358	24792672	2	2	1	2	0	31
chr10	24792768	24793810	2	2	1	1	0	15
chr10	24793971	24796520	2	2	1	3	0	35
chr10	24796696	24798518	2	2	1	2	0	42
chr10	25159940	25165496	2	2	1	1	0	26
chr10	25165629	25172825	2	2	1	1	0	41
chr10	25371490	25377475	1	1	1	1	0	23
chr10	25522160	25547860	1	1	1	1	0	30
chr10	26726107	26730869	1	1	1	1	0	6
chr10	27951174	28082129	1	1	1	1	0	44
chr10	28468902	28471797	1	1	1	1	0	22
chr10	29189294	29193502	1	1	1	1	0	9
chr10	30484420	30486312	2	2	1	7	0	46
chr10	30486440	30487643	2	2	1	3	0	7
chr10	30487714	30490708	2	2	1	2	0	35
chr10	31255327	31321707	2	2	1	1	0	11
chr10	33133134	33134082	1	1	1	1	0	21
chr10	33134137	33181032	1	1	1	1	0	17
chr10	33885120	33888067	2	2	1	3	0	46
chr10	34180976	34186296	2	2	1	1	0	26
chr10	39666840	39670859	1	1	1	1	0	43
chr10	39730805	39735102	1	1	1	1	0	34
chr10	40165466	40166113	2	2	1	3	0	43
chr10	42665411	42667174	1	1	1	1	0	17
chr10	42677724	42677817	1	1	1	2	0	19
chr10	42679979	42681071	1	1	1	2	0	44
chr10	42682668	42686838	1	1	1	1	0	6
chr10	42686922	42688431	1	1	1	9	0	41
chr10	42688492	42688660	1	1	1	3	0	42
chr10	44170671	44179562	1	1	1	1	0	38
chr10	45751948	45752101	2	4	1	1	0	21
chr10	50468994	50480846	1	1	1	2	0	24
chr10	50480979	50484015	1	1	1	1	0	16
chr10	50494368	50514003	1	1	1	2	0	13
chr10	52235034	52257706	2	2	1	1	0	18
chr10	53172465	53174148	2	2	1	1	0	39
chr10	53177778	53188603	2	2	1	3	0	36
chr10	53482382	53483760	1	1	1	1	0	17
chr10	53783660	53784038	2	2	1	1	0	44
chr10	57395690	57395793	2	2	1	1	0	14
chr10	58091705	58092641	1	1	1	1	0	24
chr10	58092727	58094062	1	1	1	1	0	43
chr10	58103894	58105083	1	1	1	3	0	26
chr10	58107529	58108154	1	1	1	1	0	43
chr10	58114774	58116413	1	1	1	2	0	27
chr10	58116519	58117178	1	1	1	3	0	44
chr10	58289246	58290394	1	1	1	1	0	25
chr10	59284681	59287027	2	2	1	1	0	31
chr10	59731583	59732171	1	1	1	3	0	37
chr10	59732324	59733312	1	1	1	2	0	24
chr10	59733864	59734955	0	0	1	3	0	39
chr10	60129255	60130312	1	1	1	1	0	17
chr10	60138074	60138177	2	2	1	1	0	22
chr10	61484571	61487338	1	1	1	1	0	14
chr10	61495282	61496690	1	1	1	1	0	44
chr10	61501246	61502689	1	1	1	1	0	41
chr10	61506267	61508169	1	1	1	2	0	28
chr10	61525685	61527063	1	1	1	5	0	39
chr10	61907716	61908186	1	3	1	1	0	42
chr10	62483423	62486803	2	2	1	1	0	14
chr10	62582866	62583122	2	2	1	3	0	14
chr10	62586796	62587521	2	2	1	1	0	8
chr10	62589193	62592261	2	2	1	1	0	12
chr10	62592454	62595872	2	2	1	1	0	11
chr10	62596059	62599218	2	2	1	2	0	28
chr10	62599303	62600102	2	4	1	1	0	24
chr10	62599303	62601045	2	2	1	1	0	30
chr10	62618072	62619012	2	2	1	1	0	23
chr10	62766216	62768497	1	1	1	1	0	41
chr10	62778499	62780093	1	1	1	4	0	30
chr10	62883347	62883720	1	1	1	1	0	23
chr10	62883820	62887979	1	1	1	1	0	18
chr10	62902403	62903207	1	1	1	1	0	9
chr10	63099965	63105406	1	1	1	1	0	37
chr10	63151623	63152478	1	1	1	1	0	32
chr10	63152582	63153058	1	1	1	1	0	32
chr10	66849566	66850680	2	2	1	1	0	21
chr10	66993851	67025514	1	1	1	1	0	3
chr10	67090363	67091226	1	1	1	1	0	33
chr10	67937924	67954080	2	2	1	3	0	38
chr10	67954179	67962528	2	2	1	1	0	26
chr10	71007793	71013688	2	2	1	1	0	34
chr10	71166957	71172043	2	2	1	1	0	30
chr10	71172250	71180553	2	2	1	1	0	24
chr10	72492194	72492361	1	1	1	2	0	17
chr10	75093776	75094801	1	1	1	2	0	39
chr10	75250912	75260326	1	1	1	2	0	28
chr10	75265966	75271979	1	1	1	1	0	24
chr10	75272753	75273890	1	1	1	2	0	21
chr10	75274046	75275687	1	1	1	1	0	36
chr10	75368204	75371094	1	1	1	3	0	23
chr10	75607341	75608571	2	2	1	4	0	10
chr10	75667929	75668228	2	2	1	2	0	28
chr10	75695378	75695520	2	2	1	15	0	42
chr10	75695694	75695894	2	2	1	2	0	7
chr10	75772280	75773140	1	1	1	8	0	35
chr10	75773289	75773408	1	1	1	160	0	45
chr10	76237370	76239457	2	2	1	1	0	13
chr10	76239479	76239591	2	2	1	1	0	22
chr10	76239709	76240255	2	2	1	1	0	28
chr10	76259060	76262718	2	2	1	1	0	43
chr10	76417469	76419644	1	1	1	2	0	13
chr10	76420134	76420365	1	1	1	3	0	32
chr10	76423011	76423134	1	1	1	1	0	10
chr10	76424000	76425059	1	1	1	2	0	37
chr10	76888296	76888438	1	3	1	1	0	18
chr10	76889242	76889988	2	2	1	2	0	42
chr10	76904299	76905269	2	2	1	1	0	32
chr10	76905333	76905653	2	2	1	1	0	29
chr10	76906885	76907144	2	2	1	1	0	30
chr10	76907181	76907437	2	2	1	1	0	26
chr10	76907510	76907860	2	2	1	1	0	38
chr10	76921231	76923209	2	2	1	2	0	9
chr10	76923264	76924703	2	2	1	1	0	27
chr10	77095288	77096407	1	1	1	1	0	35
chr10	77433890	77434510	2	2	1	1	0	15
chr10	77824615	77824698	2	2	1	1	0	12
chr10	78006816	78009210	2	2	1	1	0	30
chr10	78109610	78109905	2	2	1	12	0	38
chr10	78110105	78113843	2	2	1	1	0	31
chr10	78236819	78237683	2	2	1	1	0	40
chr10	78237801	78238258	2	2	1	3	0	20
chr10	78238279	78238443	2	2	1	3	0	20
chr10	78238542	78239338	2	2	1	2	0	6
chr10	79545662	79545891	1	1	1	1	0	41
chr10	79546755	79547089	1	1	1	3	0	25
chr10	79547115	79547327	1	1	1	4	0	26
chr10	79572118	79572200	2	2	1	4	0	25
chr10	79572278	79572356	2	2	1	2	0	37
chr10	79746630	79746725	1	1	1	1	0	29
chr10	79803223	79803304	1	1	1	5	0	37
chr10	79814628	79814701	2	2	1	1	0	19
chr10	79872136	79872360	2	2	1	1	0	30
chr10	79890443	79890533	1	1	1	1	0	35
chr10	79890954	79891756	1	1	1	2	0	23
chr10	79891782	79891873	1	1	1	4	0	25
chr10	79891934	79892019	1	1	1	9	0	44
chr10	79962616	79962878	1	1	1	1	0	46
chr10	79965946	79966089	1	1	1	3	0	30
chr10	79981142	79981256	1	1	1	1	0	24
chr10	80008347	80008470	1	1	1	3	0	35
chr10	80090854	80090923	1	1	1	1	0	6
chr10	80090971	80091757	1	1	1	2	0	39
chr10	80091847	80092469	1	1	1	14	0	46
chr10	80094292	80094773	2	2	1	3	0	36
chr10	80094885	80095010	2	2	1	1	0	21
chr10	80129711	80129800	1	1	1	53	2	43
chr10	80129711	80129804	1	1	1	2	0	43
chr10	80169431	80169522	1	1	1	1	0	29
chr10	80238990	80239969	2	2	1	67	44	45
chr10	80240121	80242529	2	2	1	1	0	40
chr10	80378316	80378398	2	2	1	1	0	10
chr10	80446964	80448175	1	1	1	2	0	27
chr10	80548042	80548429	2	2	1	2	0	37
chr10	80548765	80549390	2	2	1	1	0	17
chr10	80549465	80549806	2	2	1	1	0	26
chr10	80549995	80550080	2	4	1	1	0	33
chr10	80619126	80619257	1	1	1	1	0	44
chr10	80632657	80633606	2	2	1	1	0	20
chr10	80664217	80664294	1	1	1	1	0	32
chr10	80664631	80664704	1	1	1	2	0	32
chr10	80735776	80735878	2	4	1	1	0	30
chr10	80736094	80736315	2	2	1	1	0	27
chr10	80738735	80739045	2	2	1	1	0	25
chr10	80924451	80925140	2	2	1	10	0	37
chr10	80925279	80925910	2	2	1	14	0	40
chr10	80926018	80926971	2	2	1	1	0	10
chr10	80944714	80959518	2	2	1	1	0	39
chr10	80955538	80956879	1	1	1	1	0	42
chr10	80958447	80959453	1	1	1	4	0	45
chr10	81016246	81016398	1	1	1	2	0	16
chr10	81016788	81018257	1	1	1	1	0	26
chr10	81016938	81018029	2	2	1	1	0	19
chr10	81017245	81017326	1	1	1	1	0	8
chr10	81026134	81026215	1	1	1	1	0	29
chr10	81108232	81108417	1	1	1	1	0	45
chr10	81108794	81108882	1	1	1	3	0	20
chr10	81109224	81109482	2	2	1	1	0	41
chr10	81109530	81109636	2	2	1	2	0	12
chr10	81160330	81160702	1	1	1	2	0	18
chr10	81184924	81185213	2	2	1	2	0	24
chr10	81185323	81185967	2	2	1	1	0	34
chr10	81236906	81239185	2	2	1	5	0	36
chr10	81239263	81240657	2	2	1	1	0	22
chr10	81367080	81367155	2	2	1	2	0	30
chr10	81399993	81400506	1	1	1	1	0	12
chr10	81401201	81401305	1	1	1	2	0	33
chr10	81401581	81401915	1	1	1	1	0	21
chr10	81423635	81423707	1	1	1	1	0	3
chr10	82456052	82458541	2	2	1	1	0	14
chr10	82586282	82586571	2	2	1	1	0	18
chr10	82587300	82588240	2	2	1	2	0	35
chr10	82713220	82715039	1	1	1	5	0	7
chr10	82719841	82720318	1	1	1	1	0	17
chr10	83200380	83201567	1	1	1	1	0	29
chr10	83400402	83405831	1	1	1	1	0	26
chr10	83412694	83415345	1	1	1	1	0	26
chr10	83427048	83427552	1	1	1	1	0	27
chr10	84430649	84440370	1	1	1	1	0	38
chr10	84468420	84470764	1	1	1	2	0	14
chr10	84475715	84482659	1	1	1	2	0	43
chr10	85774984	85777762	2	2	1	1	0	41
chr10	86526993	86527492	2	2	1	11	0	46
chr10	86527613	86528003	2	2	1	5	0	40
chr10	86528160	86528249	2	2	1	1	0	30
chr10	86528329	86529240	2	2	1	6	0	41
chr10	86530024	86530213	2	2	1	2	0	43
chr10	86531602	86531689	2	2	1	3	0	44
chr10	86532700	86534182	2	2	1	2	0	20
chr10	86534303	86534447	2	2	1	20	0	38
chr10	86534560	86537560	2	2	1	32	0	38
chr10	86538890	86539323	2	2	1	2	0	27
chr10	86539466	86540157	2	2	1	1	0	32
chr10	86540261	86541170	2	2	1	2	0	28
chr10	86679482	86681893	2	2	1	1	0	21
chr10	86770809	86773756	2	2	1	1	0	28
chr10	87407158	87412018	1	1	1	1	0	10
chr10	87412076	87414121	1	1	1	1	0	25
chr10	87414849	87417709	1	1	1	2	0	43
chr10	87417826	87419393	1	1	1	5	0	37
chr10	87749663	87751159	1	1	1	2	0	7
chr10	87749663	87766536	1	1	1	15	0	39
chr10	87751212	87766536	1	1	1	12	0	45
chr10	88055223	88070255	1	1	1	1	0	16
chr10	88070321	88081617	1	1	1	2	0	17
chr10	88308847	88311194	2	4	1	1	0	11
chr10	88308847	88311287	2	2	1	10	0	44
chr10	88592998	88593718	2	2	1	1	0	7
chr10	90985621	90987570	2	2	1	2	0	4
chr10	92909728	92910388	1	1	1	1	0	21
chr10	92914931	92917126	2	2	1	1	0	39
chr10	93318929	93320524	1	1	1	2	0	13
chr10	93325240	93325735	1	1	1	1	0	37
chr10	93327710	93328314	1	1	1	1	0	27
chr10	93333485	93334620	1	1	1	1	0	22
chr10	93334877	93336207	1	1	1	1	0	39
chr10	93334877	93336478	1	1	1	1	0	42
chr10	93336560	93339123	1	1	1	1	0	40
chr10	93339432	93343276	1	1	1	1	0	37
chr10	93350005	93350120	1	1	1	2	0	39
chr10	93360365	93361707	2	2	1	4	0	35
chr10	93363231	93363458	2	2	1	1	0	33
chr10	93419393	93419891	2	2	1	8	0	42
chr10	93716001	93722855	2	2	1	4	0	30
chr10	93722961	93725399	2	2	1	2	0	42
chr10	93722964	93725399	2	2	1	10	0	42
chr10	93975750	93977614	1	1	1	1	0	16
chr10	94039238	94056542	1	1	1	0	2	34
chr10	95138796	95139961	2	2	1	1	0	24
chr10	95316840	95326107	2	2	1	17	0	45
chr10	95316840	95329492	2	2	1	1	0	16
chr10	95351100	95377066	1	1	1	0	1	40
chr10	95385723	95387310	2	2	1	1	0	15
chr10	95619846	95627545	1	1	1	1	0	20
chr10	95625729	95627545	1	1	1	1	0	8
chr10	95627595	95630667	1	1	1	3	0	35
chr10	95661076	95661711	2	2	1	1	0	3
chr10	95831553	95832798	1	1	1	3	0	38
chr10	95832955	95838748	1	1	1	4	0	34
chr10	95855894	95857468	1	1	1	1	0	23
chr10	95859915	95861893	1	1	1	2	0	46
chr10	95862034	95862418	1	1	1	2	0	7
chr10	95863016	95864254	1	1	1	1	0	25
chr10	95872628	95873275	1	1	1	1	0	36
chr10	95873408	95874554	1	1	1	1	0	10
chr10	97349600	97353322	1	1	1	3	0	21
chr10	98823008	98823102	1	1	1	1	0	35
chr10	98823229	98826923	1	1	1	4	0	32
chr10	98827065	98829728	1	1	1	1	0	35
chr10	98829768	98830507	1	1	1	1	0	18
chr10	98839241	98845265	1	1	1	4	0	36
chr10	100380993	100382236	1	1	1	1	0	7
chr10	105678710	105681210	1	1	1	1	0	30
chr10	105681311	105682877	1	1	1	1	0	11
chr10	108089357	108095616	1	1	1	4	0	30
chr10	108095708	108096696	1	1	1	4	0	45
chr10	108245472	108247824	1	1	1	1	0	33
chr10	111125756	111127351	1	1	1	1	0	20
chr10	111317178	111321359	1	1	1	1	0	19
chr10	111322608	111325888	1	1	1	0	2	24
chr10	111328020	111328702	1	1	1	2	0	18
chr10	111329304	111329410	1	1	1	1	0	20
chr10	111329431	111330031	1	1	1	1	0	20
chr10	111330155	111330655	1	1	1	2	0	30
chr10	111330686	111330911	1	1	1	3	0	15
chr10	111331237	111331900	1	1	1	3	0	43
chr10	111331967	111332614	1	1	1	5	0	46
chr10	115057591	115065029	2	2	1	1	0	23
chr10	115137536	115138636	2	2	1	2	0	11
chr10	115138697	115151098	2	2	1	2	0	21
chr10	115236819	115237513	1	1	1	1	0	16
chr10	115264867	115266557	1	1	1	1	0	13
chr10	116208882	116216736	1	1	1	1	0	45
chr10	116216858	116219757	1	1	1	3	0	24
chr10	116334364	116335246	2	2	1	1	0	14
chr10	116887182	116888920	2	2	1	5	0	5
chr10	116891141	116891944	2	2	1	1	0	23
chr10	116894104	116896552	2	2	1	1	0	41
chr10	117053205	117053333	2	2	1	2	0	24
chr10	117185373	117191839	2	2	1	1	0	22
chr10	117246100	117249630	2	2	1	1	0	6
chr10	117656508	117657494	2	2	1	2	0	33
chr10	120063455	120063878	1	1	1	1	0	40
chr10	120064109	120067107	1	1	1	0	1	37
chr10	121389727	121389807	2	2	1	2	0	31
chr10	121389930	121391891	2	2	1	1	0	12
chr10	121917595	121924783	2	2	1	1	0	17
chr10	121926680	121930494	2	2	1	2	0	15
chr10	122854143	122856208	2	2	1	3	0	44
chr10	123007132	123011747	2	2	1	1	0	13
chr10	126933991	126934209	2	2	1	4	0	13
chr10	126934786	126935271	2	2	1	2	0	31
chr10	126935327	126935481	2	2	1	1	0	5
chr10	126935861	126935953	2	2	1	3	0	43
chr10	126956415	126956825	2	2	1	2	0	19
chr10	127006829	127008135	2	2	1	1	0	24
chr10	127007029	127007484	1	1	1	1	0	18
chr10	127114092	127114185	1	1	1	1	0	7
chr10	127132310	127132409	2	2	1	7	0	43
chr10	127226297	127235994	1	1	1	2	0	25
chr10	127236063	127280144	1	1	1	1	0	9
chr10	127287903	127288560	1	1	1	2	0	9
chr10	127290626	127293518	1	1	1	1	0	5
chr10	127353786	127353893	2	2	1	1	0	16
chr10	127374174	127374319	1	1	1	2	1	21
chr10	127388769	127389235	2	2	1	1	0	7
chr10	127395092	127395836	2	2	1	1	0	9
chr10	127425647	127426425	2	2	1	1	0	19
chr10	127431317	127441277	2	2	1	1	0	22
chr10	127496892	127497198	2	2	1	1	0	42
chr10	127720063	127723284	2	2	1	1	1	13
chr10	127720638	127721541	2	2	1	2	0	40
chr10	127721706	127723284	2	2	1	1	0	28
chr10	127883674	127883867	1	1	1	2	0	24
chr10	127883997	127884113	1	1	1	6	0	41
chr10	127884237	127884361	1	1	1	47	0	44
chr10	127904655	127905084	1	1	1	1	0	14
chr10	127919944	127920165	1	1	1	1	0	15
chr10	127921082	127921310	1	1	1	1	0	25
chr10	127921496	127921906	1	1	1	1	0	28
chr10	127922066	127922166	1	1	1	1	0	43
chr10	127924403	127924825	1	1	1	2	0	10
chr10	127925028	127925887	1	1	1	21	0	45
chr10	127925950	127925998	1	3	1	1	0	40
chr10	127952627	127954423	1	1	1	1	0	5
chr10	127954525	127954823	1	1	1	2	0	40
chr10	127969237	127969509	2	2	1	3	0	31
chr10	128035151	128035505	1	1	1	1	0	19
chr10	128043492	128044459	1	1	1	1	0	44
chr10	128162137	128162445	1	1	1	3	0	34
chr10	128162543	128162886	1	1	1	18	0	43
chr10	128305007	128305110	1	1	1	1	0	12
chr10	128319206	128319459	1	1	1	2	0	40
chr10	128319525	128319947	1	1	1	2	0	25
chr10	128321564	128323123	1	1	1	1	0	7
chr10	128326903	128327158	2	2	1	1	0	46
chr10	128326903	128327588	2	2	1	3	0	37
chr10	128326903	128327927	2	2	1	0	43	41
chr10	128327634	128327927	2	2	1	2	0	13
chr10	128328006	128328097	2	2	1	3	0	44
chr10	128328272	128328470	2	2	1	2	0	26
chr10	128328615	128329407	2	2	1	3	0	9
chr10	128384299	128384526	2	2	1	1	0	6
chr10	128395227	128395306	2	2	1	1	0	10
chr10	128460506	128461075	2	2	1	102	0	46
chr10	128460506	128461931	2	2	1	1	0	35
chr10	128461207	128461931	2	2	1	28	0	43
chr10	128505904	128507362	1	3	1	1	2	37
chr10	128657841	128660647	1	1	1	2	0	35
chr10	128657841	128669180	1	1	1	0	2	42
chr10	128687052	128687606	1	1	1	1	0	5
chr10	128689121	128708289	1	1	1	0	2	37
chr10	128747510	128747663	1	1	1	1	0	20
chr10	128748171	128748306	1	1	1	1	0	7
chr10	128748391	128748543	1	1	1	4	0	37
chr10	128755977	128756427	2	2	1	6	0	43
chr10	130427908	130428037	1	3	1	0	2	29
chr11	3074125	3075787	1	1	1	3	0	30
chr11	3081082	3082248	1	1	1	1	0	26
chr11	3923539	3925528	1	1	1	1	0	30
chr11	4059245	4061036	2	2	1	1	0	18
chr11	4630183	4631438	1	1	1	1	0	6
chr11	4631519	4632906	1	1	1	1	0	6
chr11	4652221	4653903	2	2	1	1	0	12
chr11	4652221	4654156	2	2	1	3	0	27
chr11	4741214	4744411	2	2	1	1	0	40
chr11	4833496	4833725	1	1	1	1	0	9
chr11	4833772	4834021	1	1	1	1	0	37
chr11	5020104	5020227	2	2	1	4	0	44
chr11	5020724	5020995	2	2	1	2	0	4
chr11	5474385	5474684	1	1	1	1	0	9
chr11	5673162	5676347	2	2	1	1	0	23
chr11	5822419	5822669	2	2	1	1	0	13
chr11	6143477	6149942	2	2	1	1	0	8
chr11	6214034	6214123	2	2	1	1	0	27
chr11	6296695	6297097	1	1	1	1	0	31
chr11	6302199	6304928	1	1	1	2	0	42
chr11	6369286	6369477	1	1	1	7	0	43
chr11	6378433	6379095	2	2	1	1	0	35
chr11	6379226	6383723	2	2	1	2	0	25
chr11	6565767	6566557	2	2	1	1	0	11
chr11	6567630	6567962	2	2	1	1	0	31
chr11	8946933	8948636	2	2	1	2	0	27
chr11	11765429	11769290	2	2	1	1	0	14
chr11	12206243	12216855	2	2	1	3	0	6
chr11	12293918	12315104	2	2	1	1	0	30
chr11	16451808	16454735	2	2	1	0	63	46
chr11	16454839	16456372	2	2	1	0	47	43
chr11	16456473	16458103	2	2	1	0	2	17
chr11	16821093	16821582	1	1	1	1	0	12
chr11	16821876	16822845	1	1	1	1	0	13
chr11	16822937	16824959	1	1	1	7	0	44
chr11	16833614	16837140	1	1	1	4	0	45
chr11	16837186	16839912	1	1	1	6	0	33
chr11	16840055	16841177	1	1	1	3	1	15
chr11	17161138	17161312	2	2	1	1	0	45
chr11	17897888	17902251	2	2	1	1	0	39
chr11	17906739	17909250	1	1	1	1	0	36
chr11	20044446	20050822	2	2	1	2	0	18
chr11	21213355	21214629	1	1	1	1	0	5
chr11	21272130	21273198	2	2	1	4	0	45
chr11	21273304	21278870	2	2	1	1	0	8
chr11	21281132	21282415	2	2	1	1	0	43
chr11	21282550	21283624	2	2	1	3	0	6
chr11	21304407	21321014	2	2	1	1	0	33
chr11	21507569	21508461	2	2	1	4	0	42
chr11	21508552	21509191	2	2	1	1	0	30
chr11	22189239	22197969	2	2	1	1	0	11
chr11	22906693	22932078	2	2	1	1	0	5
chr11	22947155	22947602	1	1	1	1	0	30
chr11	22952931	22953136	1	1	1	8	0	45
chr11	23234381	23234547	1	1	1	2	0	11
chr11	23244693	23245960	1	1	1	1	0	35
chr11	23379366	23382245	1	1	1	2	0	16
chr11	23402688	23402790	1	1	1	1	0	38
chr11	23437223	23438208	1	1	1	1	0	18
chr11	23440571	23440668	2	2	1	1	0	23
chr11	23440721	23441012	2	2	1	1	0	17
chr11	23538735	23539950	2	2	1	3	0	17
chr11	23562049	23565095	2	2	1	1	0	6
chr11	26420949	26421324	1	1	1	1	0	16
chr11	29161256	29161606	1	1	1	2	0	32
chr11	29172584	29172743	2	2	1	2	0	6
chr11	29180674	29184357	2	2	1	1	0	27
chr11	29184473	29194058	2	2	1	0	1	3
chr11	29463677	29464916	2	2	1	1	0	21
chr11	29480693	29483225	1	1	1	3	0	44
chr11	29490273	29490608	1	1	1	2	0	43
chr11	29496030	29496290	2	2	1	50	0	44
chr11	29496423	29496702	2	2	1	3	0	33
chr11	29496789	29497205	2	4	1	2	0	30
chr11	29497261	29497680	2	2	1	1	0	22
chr11	29683841	29686359	1	1	1	1	0	30
chr11	30059981	30060725	2	2	1	1	0	24
chr11	30063995	30064675	2	2	1	2	0	24
chr11	30075013	30079569	2	2	1	1	0	32
chr11	30755027	30756254	1	1	1	2	0	28
chr11	30787492	30788884	1	1	1	1	0	36
chr11	30792121	30793506	1	1	1	3	0	40
chr11	30793589	30795179	1	1	1	1	0	16
chr11	30795898	30797397	1	1	1	2	0	21
chr11	30815590	30824117	1	1	1	3	0	38
chr11	30881849	30884671	2	2	1	2	0	36
chr11	30884748	30884981	2	2	1	1	0	11
chr11	30900624	30900740	2	2	1	3	0	33
chr11	30900819	30901306	2	2	1	2	0	3
chr11	32233802	32233923	1	1	1	0	1	19
chr11	32234129	32234262	1	1	1	5	10	44
chr11	32246619	32246740	1	1	1	0	1	19
chr11	32246946	32247079	1	1	1	3	10	44
chr11	33105432	33106002	2	2	1	1	0	34
chr11	33107049	33109933	2	2	1	3	0	39
chr11	33109996	33110333	2	2	1	2	0	31
chr11	33110441	33110827	2	2	1	2	0	35
chr11	33110922	33111105	2	2	1	6	0	36
chr11	33111226	33111547	2	2	1	1	0	23
chr11	35724134	35724942	2	2	1	2	0	22
chr11	35732815	35734981	2	2	1	2	0	15
chr11	40576169	40578427	2	2	1	1	0	11
chr11	43311236	43311933	2	2	1	17	0	45
chr11	43316509	43317027	2	2	1	1	0	16
chr11	43335658	43336010	1	1	1	5	0	43
chr11	43666308	43666520	1	3	1	2	0	15
chr11	45720598	45720756	2	2	1	0	4	40
chr11	45720682	45720811	2	4	1	0	2	29
chr11	45777367	45778212	1	1	1	2	0	17
chr11	46561846	46567136	2	2	1	2	0	21
chr11	46567174	46568032	2	2	1	2	0	37
chr11	46733023	46733945	1	1	1	2	0	13
chr11	48695124	48696371	1	1	1	30	0	44
chr11	48696483	48696806	1	1	1	82	0	46
chr11	48699315	48699876	2	2	1	1	0	15
chr11	49769241	49770528	1	1	1	1	0	24
chr11	49984647	49986602	1	1	1	1	0	24
chr11	49986808	49995375	1	1	1	2	0	42
chr11	49990167	49995375	1	1	1	8	0	42
chr11	50096931	50097986	2	2	1	1	0	13
chr11	50188222	50188943	2	2	1	7	0	31
chr11	50189064	50189955	2	2	1	3	0	34
chr11	50199219	50199614	2	2	1	1	0	11
chr11	50297311	50298649	2	2	1	1	0	20
chr11	50305410	50307066	2	2	1	1	0	37
chr11	50796985	50801262	2	2	1	2	0	39
chr11	51493523	51495226	2	2	1	1	0	12
chr11	51495645	51496287	2	2	1	1	0	4
chr11	51668389	51670515	1	1	1	1	0	30
chr11	51670636	51673598	1	1	1	2	0	37
chr11	51877638	51879438	2	2	1	3	0	19
chr11	51882311	51886200	2	2	1	1	0	22
chr11	52011879	52012728	1	1	1	1	0	4
chr11	52134586	52135807	1	1	1	1	0	23
chr11	52135949	52136811	1	1	1	1	0	42
chr11	53152643	53153090	2	2	1	1	0	41
chr11	53153253	53153706	2	2	1	1	0	38
chr11	53155969	53156750	2	2	1	3	0	14
chr11	53157946	53159316	2	2	1	2	0	28
chr11	53159413	53160514	2	2	1	1	0	7
chr11	53160697	53161772	2	2	1	1	0	33
chr11	53166047	53171294	2	2	1	1	0	12
chr11	53174490	53174926	2	2	1	1	0	19
chr11	53177803	53179850	2	2	1	3	0	24
chr11	53263885	53266415	1	1	1	1	0	33
chr11	53266461	53271412	1	1	1	1	0	14
chr11	53295430	53297407	1	1	1	1	0	27
chr11	53313277	53313576	2	2	1	5	0	28
chr11	53319978	53321362	2	2	1	79	0	45
chr11	53319978	53321481	2	4	1	1	0	7
chr11	53321530	53321614	2	2	1	2	0	22
chr11	53355021	53355101	1	1	1	1	0	32
chr11	53565639	53565729	2	2	1	1	0	19
chr11	53566840	53569691	2	2	1	1	0	6
chr11	53577135	53578921	2	2	1	1	0	37
chr11	54530685	54533536	1	1	1	2	0	36
chr11	54760779	54761014	1	1	1	2	0	16
chr11	54806414	54807621	2	2	1	1	0	5
chr11	55286440	55286626	2	2	1	2	0	39
chr11	55337611	55341282	2	2	1	20	0	44
chr11	55380019	55382789	1	1	1	1	0	31
chr11	57390632	57396059	2	2	1	4	0	37
chr11	57398454	57400203	2	2	1	1	0	8
chr11	57686621	57687137	2	2	1	1	0	25
chr11	57943558	57946292	1	1	1	2	0	21
chr11	58036347	58037218	2	2	1	1	0	16
chr11	58063977	58066102	1	1	1	1	0	45
chr11	58068113	58070103	1	1	1	0	1	4
chr11	59075014	59075261	2	2	1	1	0	38
chr11	59095584	59096474	1	1	1	1	0	42
chr11	59099878	59099953	1	1	1	1	0	3
chr11	59100027	59100133	1	1	1	4	0	43
chr11	59587030	59587783	1	1	1	1	0	34
chr11	59660873	59662442	1	1	1	1	0	6
chr11	59708935	59709244	2	2	1	2	0	14
chr11	59709326	59710830	2	2	1	1	0	6
chr11	59723971	59727716	2	2	1	1	0	30
chr11	59861587	59874304	1	1	1	1	0	28
chr11	59861702	59862009	2	2	1	7	0	30
chr11	59867811	59874268	2	2	1	1	0	37
chr11	60090553	60090723	1	1	1	1	0	32
chr11	60090978	60091251	2	2	1	1	0	16
chr11	60091364	60091460	2	2	1	1	0	18
chr11	60231413	60232561	2	4	1	1	0	44
chr11	60329400	60332804	1	1	1	1	0	24
chr11	60438595	60444539	1	1	1	1	0	26
chr11	60680533	60680971	2	2	1	2	0	15
chr11	61239558	61240270	2	2	1	1	0	27
chr11	61425440	61426096	2	2	1	1	0	7
chr11	62022730	62023101	1	1	1	1	0	34
chr11	62176712	62182949	1	1	1	1	0	28
chr11	62208857	62210191	2	2	1	2	1	26
chr11	62275669	62280516	2	2	1	5	0	42
chr11	62275672	62280516	2	2	1	3	0	37
chr11	62280619	62281804	2	2	1	11	0	40
chr11	62281860	62283330	2	2	1	3	0	43
chr11	62289264	62292026	2	2	1	2	0	43
chr11	62292094	62294624	2	2	1	2	0	38
chr11	62295293	62301645	2	2	1	1	0	22
chr11	62324526	62329163	2	2	1	1	0	17
chr11	62442422	62442965	1	1	1	0	2	24
chr11	62495293	62495480	1	1	1	2	0	40
chr11	63790920	63791205	1	1	1	1	0	38
chr11	67105478	67105562	1	1	1	1	0	15
chr11	67113293	67115142	1	1	1	1	0	5
chr11	67146783	67147012	1	1	1	1	0	11
chr11	67150212	67151013	1	1	1	2	0	13
chr11	68000205	68094531	1	1	1	4	0	22
chr11	68793269	68794004	1	1	1	3	0	20
chr11	68794146	68795190	1	1	1	33	30	46
chr11	69215083	69215220	1	1	1	1	0	26
chr11	69239883	69239996	2	2	1	2	0	3
chr11	69240779	69240932	2	2	1	1	0	32
chr11	69251202	69251370	2	2	1	1	0	18
chr11	69254970	69255517	2	2	1	11	0	38
chr11	69287187	69287345	1	1	1	8	0	44
chr11	69290676	69290765	2	2	1	3	0	12
chr11	69547742	69548640	2	2	1	1	0	29
chr11	69548670	69548761	2	2	1	1	0	11
chr11	69558444	69558520	2	2	1	2	0	45
chr11	69558938	69559021	2	2	1	1	0	41
chr11	69571677	69572488	2	2	1	2	0	4
chr11	69628379	69630252	2	2	1	1	0	46
chr11	69730095	69730191	1	1	1	6	0	27
chr11	69805688	69805758	1	1	1	1	0	38
chr11	69807667	69807948	1	1	1	1	0	34
chr11	69808168	69808253	2	2	1	2	0	23
chr11	69808328	69808422	2	2	1	2	0	18
chr11	69882629	69883190	1	1	1	1	0	26
chr11	69883270	69883407	1	1	1	3	0	38
chr11	69901263	69901350	2	2	1	2	0	7
chr11	69901427	69901523	2	2	1	1	0	18
chr11	69901905	69901993	2	2	1	4	0	41
chr11	69905530	69905618	2	2	1	1	0	9
chr11	69905685	69905942	2	2	1	3	0	32
chr11	69948197	69948312	1	1	1	1	0	17
chr11	69996313	69996795	1	1	1	1	0	24
chr11	70283849	70284587	2	2	1	1	0	22
chr11	70293580	70296452	2	2	1	1	0	20
chr11	70417252	70417369	1	1	1	2	0	4
chr11	70418150	70418262	1	1	1	9	0	39
chr11	70535917	70535995	2	2	1	1	0	44
chr11	70541035	70542051	2	2	1	1	0	24
chr11	70552897	70553039	1	1	1	2	0	27
chr11	70553099	70553188	1	1	1	1	0	42
chr11	70580766	70581008	2	2	1	1	0	28
chr11	70581049	70581264	2	2	1	1	0	24
chr11	70619128	70620200	2	2	1	1	0	38
chr11	70775795	70777836	1	1	1	4	0	42
chr11	70816739	70825230	1	1	1	1	0	31
chr11	70834149	70834704	2	2	1	1	0	6
chr11	70835565	70835670	2	2	1	3	0	16
chr11	70869377	70869514	2	2	1	1	0	25
chr11	70901253	70903935	2	2	1	1	0	4
chr11	70904465	70905375	2	2	1	2	0	38
chr11	72334478	72334566	1	1	1	1	0	24
chr11	72554000	72563785	1	1	1	1	0	43
chr11	74568569	74570283	2	2	1	3	0	43
chr11	74581111	74581351	2	2	1	3	0	44
chr11	74581437	74590136	2	2	1	6	0	43
chr11	74794840	74795654	1	1	1	1	0	5
chr11	75193581	75196933	2	2	1	3	0	44
chr11	75301069	75301775	1	1	1	8	0	18
chr11	75301220	75301659	2	2	1	2	0	45
chr11	75301871	75304732	2	2	1	1	0	32
chr11	75322666	75322771	2	2	1	4	0	18
chr11	75322707	75322795	2	2	1	2	0	40
chr11	75384374	75384639	1	1	1	3	0	17
chr11	75399796	75399960	1	1	1	1	0	19
chr11	75402729	75403176	1	1	1	2	0	22
chr11	75490563	75490615	2	2	1	0	2	44
chr11	75511203	75516290	1	1	1	1	0	32
chr11	75516357	75516942	1	1	1	1	0	34
chr11	75623918	75642706	1	1	1	4	0	37
chr11	76112858	76123847	2	2	1	1	0	30
chr11	76124142	76124725	2	2	1	2	0	22
chr11	76845429	76856640	1	1	1	1	0	44
chr11	76877467	76877934	2	4	1	1	0	25
chr11	76941539	76945769	2	2	1	3	0	20
chr11	76945827	76967479	2	2	1	2	0	28
chr11	77441827	77444498	2	2	1	1	0	38
chr11	77619049	77667393	1	1	1	1	0	27
chr11	77736346	77736433	1	1	1	1	0	7
chr11	77738265	77738750	1	1	1	1	0	10
chr11	77744229	77744577	1	1	1	1	0	15
chr11	77756687	77756765	2	2	1	1	0	35
chr11	77948648	77948725	1	1	1	1	0	13
chr11	78071824	78071979	2	2	1	50	2	45
chr11	78072050	78072242	2	2	1	90	2	46
chr11	78072420	78073628	2	2	1	0	2	25
chr11	78102748	78102908	2	2	1	1	0	10
chr11	78122684	78122843	2	2	1	2	0	39
chr11	78157546	78157761	1	1	1	2	0	39
chr11	78157830	78157922	1	1	1	2	0	40
chr11	78390240	78390328	1	1	1	3	0	27
chr11	78391412	78391520	1	1	1	8	0	42
chr11	78391674	78392399	1	1	1	6	0	29
chr11	78392634	78392965	2	2	1	1	0	44
chr11	78392751	78392963	1	1	1	280	0	46
chr11	78392751	78393067	1	1	1	5	0	24
chr11	78419306	78419895	2	2	1	1	0	45
chr11	78430872	78431720	1	1	1	3	0	39
chr11	78431825	78432186	1	1	1	9	0	38
chr11	78459802	78462296	2	2	1	2	0	36
chr11	78729009	78729948	1	1	1	2	0	31
chr11	78736431	78736660	2	4	1	1	0	17
chr11	78854368	78856517	2	2	1	1	0	4
chr11	79337749	79338309	1	1	1	1	0	21
chr11	79345029	79349596	1	1	1	1	0	43
chr11	79447661	79450230	1	1	1	1	0	30
chr11	79904422	79905968	1	1	1	1	0	30
chr11	80259419	80261156	2	2	1	1	0	42
chr11	80274322	80276728	1	1	1	1	0	44
chr11	80329202	80336067	1	1	1	1	0	27
chr11	80362421	80362535	1	1	1	22	0	37
chr11	82610261	82610760	2	2	1	2	0	6
chr11	83193664	83199040	1	1	1	1	0	19
chr11	83199101	83207245	1	1	1	3	0	38
chr11	83288736	83293395	1	1	1	2	0	41
chr11	83595769	83596893	1	1	1	3	0	18
chr11	83637950	83640058	1	1	1	19	0	44
chr11	83640160	83643319	1	1	1	137	0	45
chr11	83650245	83651724	1	1	1	3	0	45
chr11	83651827	83655711	1	1	1	1	0	19
chr11	83846266	83846797	1	1	1	2	0	33
chr11	83846874	83848291	1	1	1	2	0	12
chr11	83848364	83850272	1	1	1	2	0	5
chr11	83981486	83982801	2	2	1	1	0	12
chr11	84313846	84333391	2	2	1	4	0	14
chr11	84724040	84725160	2	2	1	2	0	10
chr11	84727340	84727424	2	2	1	20	0	43
chr11	84727551	84728666	2	2	1	6	0	35
chr11	84731002	84731086	2	2	1	1	0	13
chr11	84731262	84732240	2	2	1	1	0	30
chr11	84930997	84933313	2	2	1	1	0	4
chr11	85474821	85692610	1	1	1	2	0	28
chr11	86379994	86381183	1	1	1	1	0	15
chr11	86596957	86597492	2	2	1	1	0	45
chr11	86662085	86662719	2	2	1	1	0	30
chr11	87020644	87028415	1	1	1	1	0	35
chr11	87028457	87031310	1	1	1	1	0	16
chr11	87609327	87617975	1	1	1	1	0	23
chr11	87633938	87634071	1	1	1	1	0	42
chr11	93750895	93751619	2	2	1	9	0	45
chr11	93751664	93752784	2	2	1	4	0	24
chr11	93840873	93842725	2	2	1	3	4	43
chr11	93843728	93846320	2	2	1	0	1	15
chr11	93850340	93851493	2	2	1	1	1	36
chr11	93851607	93854052	2	2	1	1	0	5
chr11	93856764	93859046	2	2	1	1	0	26
chr11	93887400	93904448	1	1	1	2	0	26
chr11	93999453	94002858	1	1	1	1	0	38
chr11	94187994	94188584	2	2	1	2	0	30
chr11	94188747	94190781	2	2	1	4	0	27
chr11	94234602	94236772	2	2	1	2	0	22
chr11	94240944	94241761	2	2	1	1	0	36
chr11	94252176	94252475	2	2	1	1	0	29
chr11	94554825	94554980	2	4	1	2	0	39
chr11	95281505	95282313	1	1	1	3	0	23
chr11	95558978	95562212	1	1	1	0	2	33
chr11	95566111	95566395	1	1	1	2	0	24
chr11	95570705	95570963	1	1	1	1	0	30
chr11	95640974	95643700	1	1	1	2	0	12
chr11	95937181	95938020	1	1	1	1	0	25
chr11	95964045	95964348	2	2	1	9	0	43
chr11	95964528	95964787	2	2	1	1	0	33
chr11	95971947	95971967	2	2	1	1	0	30
chr11	96691774	96692254	1	1	1	3	0	45
chr11	96745466	96746081	1	1	1	1	0	35
chr11	96804309	96804490	2	2	1	1	0	7
chr11	96924326	96924491	1	1	1	1	0	6
chr11	97122825	97125880	2	2	1	1	0	35
chr11	97207751	97212268	1	1	1	3	0	24
chr11	97352837	97353207	1	3	1	1	0	41
chr11	97597732	97601927	1	1	1	0	1	24
chr11	97602106	97603262	1	1	1	9	0	39
chr11	97603358	97604218	1	1	1	29	0	42
chr11	97668991	97669090	2	2	1	99	0	46
chr11	97669205	97672159	2	2	1	8	0	34
chr11	97672289	97672631	2	2	1	4	0	43
chr11	97919295	97920220	1	1	1	1	0	12
chr11	97920342	97920600	1	1	1	2	0	38
chr11	97920712	97921096	1	1	1	34	0	46
chr11	98329571	98329683	2	2	1	1	0	18
chr11	98344915	98345046	1	1	1	1	0	14
chr11	98515302	98515661	2	2	1	0	2	26
chr11	98659246	98659874	2	2	1	1	0	22
chr11	98660715	98661013	2	2	1	2	0	19
chr11	98724038	98724489	1	1	1	1	0	13
chr11	98886800	98887554	2	2	1	1	0	6
chr11	98932667	98943307	2	4	1	1	0	44
chr11	98940055	98942270	1	1	1	1	0	7
chr11	99104157	99104859	2	2	1	1	0	26
chr11	99110573	99111480	2	2	1	1	0	8
chr11	100210987	100211491	1	1	1	2	0	42
chr11	100211876	100212142	1	1	1	14	0	39
chr11	100245575	100246515	2	2	1	2	0	39
chr11	100372674	100372970	2	2	1	1	0	21
chr11	100384445	100384709	2	2	1	1	0	18
chr11	100475525	100475807	2	2	1	2	0	35
chr11	100902764	100909389	1	1	1	1	0	23
chr11	100975713	100975833	1	1	1	1	0	17
chr11	101016191	101016857	1	1	1	1	0	14
chr11	101147780	101148726	1	1	1	1	0	20
chr11	101297851	101298956	2	2	1	6	0	43
chr11	101302026	101302119	2	2	1	3	0	17
chr11	101333632	101334326	1	1	1	1	0	3
chr11	101334497	101336045	1	1	1	0	30	46
chr11	101336157	101336264	1	1	1	64	0	45
chr11	101337552	101366902	1	1	1	1	5	46
chr11	101337552	101429630	1	1	1	0	8	43
chr11	101348824	101349026	1	1	1	2	0	33
chr11	101457237	101457920	1	1	1	1	0	32
chr11	102086695	102086777	2	2	1	3	0	30
chr11	102086944	102087063	2	2	1	1	0	10
chr11	102090512	102090794	2	2	1	1	0	27
chr11	102199636	102199719	2	2	1	2	0	35
chr11	102297248	102297380	2	2	1	1	0	14
chr11	102326769	102326849	1	1	1	2	0	13
chr11	102327075	102327160	1	1	1	1	0	35
chr11	102919529	102933993	1	1	1	2	0	28
chr11	104413649	104416876	2	2	1	4	0	42
chr11	105132488	105137599	1	1	1	1	0	15
chr11	105145890	105147695	1	1	1	1	0	45
chr11	106093005	106093209	2	2	1	5	0	37
chr11	106093320	106093553	2	2	1	2	0	17
chr11	106093613	106094363	2	2	1	1	0	27
chr11	106096288	106098831	2	2	1	2	0	43
chr11	106104188	106106974	2	2	1	1	0	13
chr11	106115145	106115609	1	1	1	1	0	39
chr11	106133928	106136152	1	1	1	1	0	12
chr11	106140443	106140529	2	2	1	2	0	33
chr11	106153329	106153406	1	1	1	1	0	39
chr11	106153518	106153622	1	1	1	8	0	36
chr11	106153710	106153834	1	1	1	15	0	45
chr11	106402938	106404412	2	2	1	2	0	44
chr11	106673520	106674784	2	2	1	0	1	13
chr11	106674845	106674926	2	2	1	1	0	38
chr11	106675351	106675705	2	2	1	6	0	39
chr11	106675879	106675961	2	2	1	3	0	33
chr11	106692405	106695818	1	1	1	1	0	27
chr11	106721884	106724570	2	2	1	1	0	34
chr11	106881198	106881464	2	2	1	1	0	9
chr11	106944132	106945680	2	2	1	1	0	14
chr11	106968625	106969345	2	2	1	1	0	13
chr11	106971681	106972041	2	2	1	6	0	34
chr11	107376436	107376533	1	1	1	1	0	23
chr11	107379899	107382606	1	1	1	1	0	22
chr11	107382757	107382842	1	1	1	1	0	36
chr11	107385631	107386513	1	1	1	1	0	4
chr11	107386592	107388349	1	1	1	2	0	37
chr11	108286819	108288124	1	1	1	1	0	17
chr11	108288222	108295636	1	1	1	1	0	43
chr11	108295714	108298116	1	1	1	1	0	12
chr11	108298306	108299956	1	1	1	1	0	9
chr11	108300137	108302820	1	1	1	10	0	44
chr11	108303019	108305065	1	1	1	379	0	46
chr11	108902539	108902612	0	0	1	5	0	31
chr11	108902587	108902724	2	2	1	5	0	30
chr11	108902658	108902707	0	0	1	4	0	39
chr11	109826622	109827167	2	2	1	1	0	32
chr11	109921781	109921870	2	2	1	1	0	18
chr11	110093260	110099533	2	2	1	2	0	20
chr11	110111015	110121314	2	2	1	2	0	45
chr11	110123050	110124520	2	2	1	2	0	16
chr11	113552045	113553032	1	1	1	2	0	20
chr11	114559436	114559606	1	1	1	1	0	22
chr11	114559453	114559606	1	1	1	2	0	23
chr11	114559512	114559606	1	1	1	1	0	11
chr11	114559641	114559731	1	1	1	6	1	34
chr11	114559793	114562559	1	1	1	2	25	44
chr11	114562683	114563090	1	1	1	59	1	45
chr11	115300366	115300885	1	1	1	1	0	29
chr11	115306706	115306840	2	2	1	41	0	46
chr11	115306904	115307678	2	2	1	4	0	43
chr11	115307751	115308664	2	2	1	2	0	21
chr11	115308762	115309211	2	2	1	5	0	25
chr11	115474254	115474546	1	1	1	1	0	29
chr11	115495070	115495546	1	1	1	1	0	3
chr11	115899541	115899628	2	2	1	6	0	35
chr11	115899792	115899873	2	2	1	1	0	7
chr11	115914362	115914450	2	2	1	4	0	39
chr11	115969619	115969702	1	1	1	1	0	17
chr11	116063671	116065292	2	2	1	3	0	32
chr11	116065326	116065456	2	2	1	3	0	27
chr11	116065601	116065813	2	2	1	1	0	35
chr11	116065920	116066030	2	2	1	1	0	10
chr11	116066211	116068945	2	2	1	2	0	33
chr11	116136655	116141675	0	0	1	3	0	43
chr11	116141719	116143554	2	2	1	3	0	3
chr11	116180112	116180350	2	2	1	6	0	34
chr11	116740127	116740215	1	1	1	1	0	9
chr11	116741788	116742846	2	2	1	1	0	3
chr11	116968029	116969601	1	1	1	2	0	43
chr11	117032620	117034112	1	1	1	1	0	6
chr11	117243515	117243913	1	1	1	1	0	8
chr11	117658460	117659747	2	2	1	1	0	25
chr11	118153331	118153860	2	2	1	1	0	25
chr11	118153963	118154468	2	2	1	1	0	44
chr11	118154669	118155523	2	2	1	1	0	17
chr11	119179386	119179485	2	4	1	4	0	32
chr11	119318496	119318838	1	1	1	1	0	5
chr11	119989892	119989973	1	1	1	1	0	26
chr11	120389716	120389945	2	4	1	1	0	36
chr11	120427881	120427954	1	1	1	1	0	24
chr11	120428016	120428144	1	1	1	1	0	4
chr11	120428215	120428528	1	1	1	1	0	8
chr11	120429538	120429618	2	4	1	2	0	15
chr11	120434832	120435506	2	2	1	1	0	25
chr11	120453074	120453189	2	2	1	5	0	28
chr11	120453372	120453480	2	2	1	1	0	8
chr11	120453602	120454030	2	2	1	1	0	8
chr11	120454232	120454428	2	2	1	1	0	29
chr11	120454555	120454641	2	2	1	2	0	8
chr11	120509876	120510988	2	2	1	1	0	21
chr11	120547578	120548318	2	2	1	2	0	26
chr11	120594492	120594897	1	1	1	1	0	37
chr11	120600073	120600169	1	1	1	14	0	44
chr11	120616434	120616563	2	2	1	17	0	44
chr11	120617014	120617094	2	2	1	1	0	43
chr11	120617392	120617824	2	2	1	2	0	40
chr11	120680102	120680668	2	2	1	2	0	16
chr11	120680707	120682030	2	2	1	2	0	38
chr11	120698008	120698700	2	2	1	2	0	23
chr11	121394614	121395641	1	1	1	1	0	36
chr11	121502575	121507753	1	1	1	1	0	18
chr12	3299871	3302611	2	2	1	1	0	34
chr12	3314750	3359291	2	2	1	1	0	30
chr12	3477213	3492473	1	1	1	1	0	5
chr12	3492557	3495451	1	3	1	1	0	3
chr12	3956884	3957605	1	1	1	1	0	27
chr12	4700120	4702350	1	1	1	1	0	26
chr12	4867820	4870593	1	1	1	1	0	26
chr12	4876897	4877013	1	1	1	2	0	35
chr12	8029369	8030499	1	1	1	1	0	13
chr12	8035411	8036091	1	1	1	2	0	43
chr12	8038902	8039123	1	1	1	1	0	27
chr12	8040455	8040705	1	1	1	2	0	14
chr12	8043057	8044817	1	1	1	1	0	42
chr12	8048710	8050859	1	1	1	5	0	33
chr12	8051071	8051768	1	1	1	1	0	45
chr12	8052257	8053255	1	1	1	2	0	26
chr12	8053402	8054844	1	1	1	5	0	22
chr12	8055219	8055735	1	1	1	13	0	46
chr12	8064118	8065014	1	1	1	3	0	39
chr12	8288616	8318363	1	1	1	1	0	10
chr12	8984773	8984865	1	1	1	1	0	6
chr12	8986083	8986696	1	1	1	3	0	43
chr12	8986796	8988116	1	1	1	2	0	15
chr12	11329743	11330341	1	1	1	2	0	3
chr12	11330404	11332360	1	1	1	4	0	31
chr12	11335219	11335311	1	1	1	1	0	39
chr12	11345085	11347150	1	1	1	2	0	20
chr12	11347287	11348262	1	1	1	1	0	22
chr12	11368540	11369673	2	4	1	1	0	20
chr12	13293958	13294968	2	2	1	3	0	20
chr12	13294999	13295686	2	2	1	3	0	31
chr12	13295751	13296026	2	2	1	1	0	41
chr12	13296079	13299104	2	2	1	1	0	33
chr12	13367763	13372856	1	1	1	1	0	25
chr12	13406979	13410931	1	1	1	1	0	46
chr12	16594798	16596721	2	2	1	1	0	25
chr12	17004969	17005670	1	1	1	1	0	12
chr12	17005683	17007226	1	1	1	1	0	12
chr12	17015173	17015468	1	1	1	2	0	37
chr12	17015654	17016624	1	1	1	1	0	33
chr12	17025560	17026034	1	1	1	1	0	15
chr12	17327306	17328514	1	1	1	1	0	24
chr12	17328952	17329579	1	1	1	1	0	26
chr12	17329721	17330378	1	1	1	1	0	30
chr12	17330464	17330567	1	1	1	1	0	28
chr12	21235245	21249544	1	1	1	2	0	15
chr12	21249620	21250880	1	1	1	1	0	7
chr12	21320959	21321419	2	2	1	1	0	13
chr12	21363865	21364648	1	1	1	6	0	45
chr12	23004968	23012912	2	2	1	1	0	14
chr12	24799764	24805872	1	1	1	0	2	42
chr12	25144576	25145309	2	2	1	1	0	36
chr12	28645048	28645242	2	2	1	1	0	37
chr12	28660551	28662861	2	2	1	1	0	29
chr12	28662934	28667404	2	2	1	1	0	6
chr12	28681193	28681622	2	2	1	91	0	46
chr12	28681774	28683766	2	2	1	0	5	42
chr12	28683832	28684207	2	2	1	5	0	41
chr12	28684352	28685414	2	2	1	0	3	15
chr12	31379269	31379355	1	1	1	1	0	43
chr12	31384056	31384611	2	2	1	4	0	39
chr12	31391478	31392742	2	2	1	4	0	14
chr12	31392813	31393373	2	2	1	4	0	8
chr12	31541595	31542077	2	2	1	2	0	38
chr12	31667180	31674113	2	2	1	2	0	38
chr12	31978725	31980680	2	2	1	1	0	22
chr12	32883135	32884900	1	1	1	2	0	19
chr12	33300063	33300600	2	2	1	1	0	41
chr12	33487144	33487691	1	1	1	2	0	33
chr12	35190280	35194087	1	1	1	2	0	10
chr12	36142309	36142965	2	2	1	1	0	5
chr12	36143089	36154260	2	2	1	1	0	28
chr12	41303099	41303166	1	3	1	2	0	43
chr12	44316085	44329360	1	1	1	1	0	29
chr12	44354898	44358107	1	1	1	4	0	33
chr12	44354931	44358107	1	1	1	1	0	27
chr12	44949774	45066249	2	2	1	1	0	9
chr12	51436156	51437088	1	1	1	1	0	25
chr12	51444562	51446781	1	1	1	1	0	30
chr12	51446882	51459286	1	1	1	1	0	31
chr12	51460969	51461632	1	1	1	1	0	38
chr12	51461707	51462297	1	1	1	3	0	38
chr12	51492520	51494354	1	1	1	3	0	40
chr12	51494424	51496689	1	1	1	4	0	45
chr12	51674344	51674487	2	4	1	1	0	44
chr12	51694919	51696886	2	2	1	1	0	26
chr12	51697014	51699454	2	2	1	1	0	16
chr12	51769832	51777670	1	1	1	1	0	14
chr12	51793135	51795186	2	2	1	1	0	42
chr12	51800912	51800997	2	2	1	1	0	17
chr12	51837032	51837134	2	2	1	1	0	29
chr12	51841368	51841521	2	2	1	1	0	23
chr12	51844795	51845436	2	2	1	3	0	18
chr12	51845552	51847497	2	2	1	7	0	45
chr12	51847597	51847678	2	2	1	2	0	41
chr12	54693321	54703156	2	2	1	1	0	45
chr12	54738881	54739559	2	2	1	2	0	36
chr12	54739742	54742495	2	2	1	1	0	34
chr12	54814928	54817503	2	2	1	2	0	10
chr12	54969394	54969824	2	2	1	2	0	43
chr12	54981692	54982266	2	2	1	1	0	37
chr12	55127522	55135954	1	1	1	0	1	44
chr12	55137013	55138033	1	1	1	0	1	40
chr12	55202366	55211014	1	1	1	0	1	44
chr12	55212073	55213093	1	1	1	0	1	40
chr12	55277430	55286078	1	1	1	0	1	44
chr12	55287137	55288157	1	1	1	0	1	40
chr12	55457068	55458971	1	1	1	3	0	13
chr12	55459151	55461188	1	1	1	1	0	15
chr12	55461284	55465021	1	1	1	10	0	41
chr12	55536755	55537190	2	2	1	10	0	46
chr12	55809523	55817403	2	2	1	1	0	13
chr12	59064014	59064797	1	1	1	1	0	41
chr12	59073700	59074522	1	1	1	1	0	5
chr12	59115585	59115687	1	1	1	1	0	22
chr12	59117304	59118211	1	1	1	1	0	5
chr12	59148391	59151260	1	1	1	3	0	42
chr12	59166343	59182849	1	1	1	2	0	33
chr12	59182982	59184366	1	1	1	2	0	22
chr12	59184389	59184483	1	1	1	1	0	5
chr12	59191557	59193121	1	1	1	2	0	27
chr12	59193149	59193632	1	1	1	2	0	22
chr12	59206424	59206961	1	1	1	5	0	44
chr12	59207053	59209666	1	1	1	7	0	29
chr12	59209806	59215719	1	1	1	4	0	36
chr12	59215822	59217043	1	1	1	4	0	43
chr12	59217105	59217742	1	1	1	6	0	36
chr12	59217779	59219310	1	1	1	5	0	19
chr12	59235332	59236421	1	1	1	1	0	26
chr12	65104688	65106644	1	1	1	4	0	18
chr12	65112579	65113415	2	2	1	3	0	45
chr12	65113552	65115775	2	2	1	3	0	40
chr12	65115884	65116724	2	2	1	2	0	25
chr12	69204596	69205434	2	2	1	60	1	45
chr12	69205535	69205770	2	2	1	19	0	44
chr12	69363595	69364800	2	2	1	1	0	38
chr12	69364955	69367146	2	2	1	2	0	18
chr12	69367197	69367300	2	2	1	1	0	35
chr12	69367344	69368874	2	2	1	1	0	14
chr12	69788591	69790492	1	1	1	2	0	38
chr12	70237931	70240512	2	2	1	2	0	42
chr12	70240580	70241006	2	2	1	1	0	37
chr12	70241142	70242277	2	2	1	1	0	23
chr12	70245319	70246415	2	2	1	2	0	45
chr12	70507165	70507252	1	1	1	1	0	13
chr12	71006817	71008640	1	1	1	3	0	42
chr12	71025590	71030092	1	1	1	1	0	7
chr12	71039855	71040279	1	1	1	3	0	36
chr12	71040345	71041124	1	1	1	39	1	46
chr12	71106909	71108055	1	1	1	2	0	45
chr12	71108151	71108304	1	1	1	1	0	23
chr12	71110099	71113852	1	1	1	1	0	9
chr12	71116806	71118581	1	1	1	1	0	15
chr12	71119506	71121709	1	1	1	1	0	25
chr12	71942721	71962472	1	1	1	2	0	28
chr12	72023659	72024416	1	1	1	1	0	28
chr12	72141642	72146820	1	1	1	1	0	30
chr12	72146898	72147383	1	1	1	1	0	14
chr12	72658706	72659313	2	2	1	1	0	18
chr12	72697392	72699008	2	2	1	2	0	46
chr12	72706271	72711402	2	2	1	1	0	39
chr12	73214927	73217367	1	1	1	3	0	30
chr12	73217442	73225978	1	1	1	2	0	32
chr12	73327407	73327778	2	2	1	1	0	4
chr12	75506564	75509075	2	2	1	4	0	35
chr12	75955721	75955949	1	1	1	1	0	40
chr12	75973349	75974156	1	1	1	1	0	38
chr12	76329799	76330705	1	1	1	3	0	28
chr12	76335783	76336204	1	1	1	2	0	14
chr12	76341022	76341128	1	1	1	2	0	35
chr12	76344359	76347161	1	1	1	2	0	26
chr12	76358758	76361174	1	1	1	1	0	43
chr12	76361876	76364380	1	1	1	2	0	30
chr12	76364475	76366354	1	1	1	6	0	41
chr12	76620135	76622630	1	1	1	1	0	42
chr12	78273616	78390125	1	1	1	1	0	8
chr12	78390205	78423133	1	1	1	1	0	5
chr12	78528140	78538811	1	1	1	0	1	3
chr12	78684354	78701580	1	1	1	1	0	37
chr12	78892079	78894540	2	2	1	1	0	43
chr12	78930176	78931564	1	1	1	2	0	26
chr12	79203346	79204621	2	2	1	1	0	3
chr12	80992443	80993349	1	1	1	1	0	28
chr12	80994640	80995868	1	1	1	0	1	44
chr12	80995943	80996267	1	1	1	1	0	25
chr12	81226498	81230761	1	1	1	2	0	36
chr12	81518946	81521360	2	2	1	2	0	41
chr12	81519126	81521360	2	2	1	1	0	41
chr12	81521424	81527704	2	2	1	3	0	45
chr12	81527777	81531670	2	2	1	1	0	9
chr12	82038823	82039800	1	1	1	1	0	20
chr12	83706383	83707081	1	1	1	2	0	25
chr12	83707136	83707368	1	1	1	2	0	37
chr12	83708043	83710752	1	1	1	1	0	18
chr12	83711034	83714865	1	1	1	1	0	3
chr12	83715083	83715192	1	1	1	7	0	45
chr12	83715283	83718681	1	1	1	4	0	42
chr12	83718756	83719507	1	1	1	1	0	9
chr12	83719659	83721112	1	1	1	11	0	34
chr12	84355207	84357692	1	1	1	2	0	10
chr12	84357733	84360710	1	1	1	2	0	40
chr12	84414976	84415359	1	1	1	1	0	45
chr12	84419592	84420452	1	1	1	5	0	11
chr12	84429147	84430992	2	2	1	1	0	23
chr12	84432651	84432911	2	2	1	3	0	25
chr12	84488699	84488844	2	2	1	1	0	7
chr12	85029105	85029942	1	1	1	9	0	42
chr12	85863209	85866252	2	2	1	1	0	8
chr12	87206950	87208248	1	1	1	2	0	13
chr12	87208328	87208813	1	1	1	2	0	28
chr12	87208867	87209761	1	1	1	1	0	11
chr12	87209812	87210477	1	1	1	1	0	41
chr12	87210843	87211370	1	1	1	1	0	43
chr12	87320273	87320364	1	1	1	1	0	6
chr12	87490797	87494333	1	1	1	1	0	5
chr12	87494393	87496062	1	1	1	6	0	28
chr12	87496171	87496573	1	1	1	24	0	44
chr12	87497487	87497575	2	2	1	2	0	13
chr12	87500725	87502359	2	2	1	1	0	30
chr12	87502502	87503621	2	2	1	2	0	25
chr12	87503739	87505662	2	2	1	5	0	37
chr12	87505729	87506190	2	2	1	3	0	32
chr12	87507282	87508434	2	2	1	2	0	42
chr12	91526626	91529682	2	2	1	1	0	42
chr12	98726139	98726568	1	1	1	1	0	42
chr12	98749962	98751174	1	1	1	0	1	31
chr12	99880377	99881708	1	1	1	1	0	9
chr12	100079412	100081096	1	1	1	1	0	45
chr12	100091991	100092459	2	2	1	3	0	8
chr12	100116310	100117484	2	2	1	1	0	22
chr12	100168683	100169833	1	1	1	2	0	10
chr12	100169978	100171871	1	1	1	1	0	7
chr12	100171979	100172356	1	1	1	29	0	41
chr12	100172493	100172658	1	1	1	46	0	45
chr12	100520693	100524707	2	2	1	1	0	4
chr12	101007039	101008083	2	2	1	1	0	25
chr12	101050285	101054300	1	3	1	2	0	36
chr12	101050759	101052446	1	1	1	1	0	19
chr12	101050759	101054300	1	1	1	2	0	20
chr12	101838187	101839581	2	2	1	1	0	3
chr12	101860053	101860520	2	2	1	1	0	20
chr12	101934470	101935751	2	2	1	30	0	44
chr12	101935897	101941918	2	2	1	3	1	35
chr12	102364643	102366163	2	2	1	1	0	19
chr12	102442649	102443055	1	1	1	1	0	38
chr12	103405822	103406212	1	1	1	1	0	17
chr12	103583288	103590590	2	2	1	2	0	35
chr12	103694447	103730936	2	4	1	2	1	13
chr12	103694554	103695582	1	1	1	0	1	35
chr12	103694554	103731019	1	1	1	0	1	40
chr12	103694582	103730018	1	1	1	0	4	25
chr12	103694582	103784194	1	1	1	0	7	40
chr12	103694582	103820013	1	1	1	0	7	40
chr12	103694693	103695489	2	2	1	53	19	45
chr12	103694693	103730868	2	2	0	1	0	13
chr12	103695641	103696508	2	2	1	8	0	41
chr12	103696780	103698219	2	2	1	3	1	20
chr12	103698500	103698644	1	1	1	0	1	18
chr12	103698852	103704355	2	2	1	0	1	26
chr12	103729885	103733926	2	2	1	1	0	30
chr12	103729992	103731019	1	1	1	0	1	40
chr12	103730020	103784194	1	1	1	0	2	17
chr12	103730020	103820013	1	1	1	0	2	17
chr12	103730020	103861350	1	1	1	0	4	36
chr12	103730131	103730868	2	2	1	1	0	26
chr12	103730131	103730926	2	2	1	37	20	45
chr12	103731078	103731958	2	2	1	8	0	39
chr12	103732230	103733674	2	2	1	7	0	36
chr12	103733955	103734099	1	1	1	0	1	18
chr12	103784111	103819928	1	1	1	2	182	45
chr12	103784196	103820013	1	1	1	0	1	17
chr12	103784252	103788122	2	2	1	1	0	33
chr12	103784307	103785107	2	2	1	1	5	46
chr12	103785153	103820971	1	1	1	1	14	43
chr12	103786415	103787874	2	2	1	0	5	27
chr12	103819880	103862263	2	2	1	0	2	16
chr12	103819957	103861294	2	2	1	1	2	40
chr12	103820126	103820926	2	2	1	56	1	45
chr12	103821078	103821962	2	2	1	6	1	39
chr12	103822234	103823683	2	2	1	0	8	27
chr12	103823964	103824108	1	1	1	0	1	18
chr12	103824316	103829780	2	2	1	0	1	26
chr12	103861217	103862263	2	2	1	0	2	16
chr12	103861352	103913356	1	1	1	1	3	30
chr12	103861463	103862263	2	2	1	86	5	46
chr12	103862415	103863299	2	2	1	5	1	42
chr12	103863571	103865016	2	2	1	0	9	27
chr12	103865297	103865441	1	1	1	0	1	18
chr12	103865649	103871117	2	2	1	0	1	26
chr12	103913226	103915322	1	1	1	1	0	29
chr12	103913330	103914365	1	1	1	0	1	35
chr12	103913417	103917290	0	0	1	4	0	44
chr12	103913469	103914272	2	2	1	93	4	46
chr12	103914424	103915305	2	2	1	14	2	45
chr12	103915577	103917039	2	2	1	9	2	35
chr12	103917320	103917464	1	1	1	0	1	18
chr12	103997300	104002003	2	2	1	1	0	36
chr12	103997467	103998683	2	2	1	12	0	42
chr12	103998832	104001809	2	2	1	1	0	11
chr12	104052171	104052776	1	1	1	1	0	16
chr12	104307410	104309197	1	1	1	2	4	34
chr12	104309472	104310385	1	1	1	17	0	44
chr12	104310540	104311491	1	1	1	16	1	43
chr12	104311745	104311872	2	4	1	3	0	42
chr12	104355972	104357714	1	1	1	0	4	21
chr12	104359052	104359991	1	1	1	2	0	30
chr12	104743401	104746980	2	2	1	1	0	41
chr12	104999242	105006533	1	1	1	2	0	40
chr12	105721817	105723503	2	2	1	1	0	20
chr12	105774926	105775601	1	1	1	2	0	16
chr12	105775692	105775782	1	1	1	1	0	3
chr12	105785159	105786599	1	1	1	1	0	40
chr12	105799422	105800968	1	1	1	2	0	4
chr12	105801044	105803023	1	1	1	6	0	43
chr12	106017264	106018018	1	1	1	1	0	21
chr12	106036875	106041265	1	1	1	1	0	9
chr12	108073938	108074815	2	2	1	1	0	18
chr12	108760018	108772404	1	1	1	1	0	13
chr12	108821545	108821864	1	1	1	2	0	25
chr12	110535490	110537129	1	1	1	2	0	35
chr12	110595269	110595341	1	1	1	1	0	5
chr12	110616413	110617924	1	1	1	1	0	14
chr12	110618629	110620583	1	1	1	1	0	6
chr12	110659307	110659453	2	2	1	7	0	42
chr12	110659602	110659745	2	2	1	1	0	6
chr12	110659937	110660144	2	2	1	1	0	6
chr12	110660778	110661004	2	2	1	21	0	43
chr12	110661139	110661485	2	2	1	14	0	41
chr12	110661853	110661952	2	2	1	1	0	21
chr12	111283999	111284341	2	2	1	1	0	14
chr12	111287641	111287904	2	2	1	1	0	41
chr12	111504983	111505841	1	1	1	1	0	18
chr12	111506737	111506894	1	1	1	36	0	45
chr12	111507007	111508139	1	1	1	8	0	30
chr12	111508280	111508585	1	1	1	7	0	34
chr12	111559203	111570944	1	1	1	2	0	43
chr12	111927973	111928866	2	2	1	22	0	25
chr12	111928891	111929663	2	2	1	8	0	24
chr12	111929788	111933357	2	2	1	2	0	10
chr12	112575353	112576106	1	1	1	1	0	13
chr12	112621664	112622935	2	2	1	1	0	19
chr12	112923979	112924729	2	2	1	1	0	27
chr12	113117133	113117237	1	1	1	2	0	44
chr12	116197067	116205298	2	2	1	1	0	14
chr12	117807693	117828764	1	1	1	1	0	30
chr13	3614685	3614858	1	1	1	1	0	3
chr13	3614914	3614995	1	1	1	1	0	5
chr13	4244201	4244675	1	1	1	2	0	31
chr13	4244201	4255522	1	1	1	0	3	27
chr13	4245594	4255522	1	1	1	0	3	27
chr13	4247910	4248476	1	1	1	1	0	19
chr13	4253449	4255339	1	1	1	2	0	20
chr13	4318430	4320159	2	2	1	5	0	34
chr13	4322361	4322927	2	2	1	1	0	35
chr13	4323038	4323729	2	2	1	1	0	7
chr13	4484474	4486278	1	1	1	1	0	15
chr13	4486447	4488488	1	1	1	7	0	42
chr13	4488606	4496350	1	1	1	3	0	30
chr13	4496429	4497006	1	1	1	3	0	18
chr13	4497130	4498983	1	1	1	2	0	29
chr13	4499094	4499311	1	1	1	3	0	19
chr13	4499478	4504462	1	1	1	12	0	45
chr13	4504546	4507147	1	1	1	29	1	45
chr13	4537225	4540188	2	2	1	2	0	45
chr13	4562702	4564259	2	2	1	2	0	18
chr13	4643644	4645069	2	2	1	1	0	15
chr13	8938090	8940353	1	1	1	0	1	46
chr13	9027470	9028563	2	2	1	4	0	45
chr13	9028665	9029464	2	2	1	4	0	29
chr13	9029517	9029937	2	2	1	3	0	19
chr13	9037351	9037791	2	2	1	2	0	44
chr13	9123956	9124174	2	2	1	2	0	22
chr13	9739285	9739487	2	2	1	1	0	10
chr13	9739761	9740481	2	2	1	1	0	27
chr13	12201978	12202926	2	2	1	1	0	27
chr13	12257409	12259503	2	4	1	1	0	25
chr13	12455876	12462027	2	2	1	1	0	13
chr13	12469827	12471224	2	2	1	1	0	16
chr13	12474198	12476121	2	2	1	2	0	27
chr13	12474198	12476307	2	2	1	2	0	39
chr13	13805685	13808614	1	1	1	1	0	30
chr13	14301102	14303759	1	1	1	1	0	34
chr13	14303851	14307020	1	1	1	1	0	4
chr13	14307101	14310752	1	1	1	1	0	8
chr13	14334858	14335882	1	1	1	1	0	18
chr13	14335981	14338693	1	1	1	1	0	13
chr13	14339528	14344503	1	1	1	1	0	26
chr13	14359091	14361401	1	1	1	2	0	7
chr13	14362617	14365727	1	1	1	1	0	27
chr13	14790674	14791321	1	1	1	1	0	20
chr13	14799846	14799933	1	1	1	1	0	30
chr13	17846360	17847135	2	2	1	2	0	28
chr13	17941192	17946885	2	2	1	1	0	30
chr13	18057087	18063091	2	2	1	5	0	36
chr13	18063267	18067706	2	2	1	2	0	28
chr13	19011904	19013392	1	1	1	2	0	35
chr13	19013509	19014906	1	1	1	2	0	37
chr13	19543222	19551913	2	2	1	1	0	44
chr13	23547046	23552289	2	2	1	1	0	31
chr13	23868605	23876158	1	1	1	2	0	14
chr13	24004213	24004967	1	1	1	1	0	25
chr13	24039675	24039794	1	1	1	1	0	39
chr13	24042099	24042185	1	1	1	8	0	39
chr13	24087116	24087225	2	2	1	1	0	16
chr13	24579471	24600883	1	1	1	1	0	11
chr13	24620741	24623104	1	1	1	1	0	16
chr13	24641003	24644134	1	1	1	1	0	13
chr13	25002175	25004697	2	2	1	5	0	19
chr13	25020930	25022129	1	1	1	0	1	6
chr13	25095750	25096230	2	2	1	1	0	46
chr13	25127697	25132069	1	1	1	1	0	13
chr13	25132126	25136836	1	1	1	1	0	23
chr13	25163978	25164939	1	1	1	2	0	41
chr13	25166600	25166680	1	1	1	2	0	36
chr13	25168191	25168690	1	1	1	1	0	16
chr13	26706712	26726319	1	1	1	1	0	34
chr13	29701542	29736211	2	2	1	1	0	8
chr13	29961285	30030210	2	2	1	1	0	9
chr13	30725325	30729016	2	2	1	1	0	30
chr13	32990984	33000235	1	1	1	1	0	35
chr13	34228511	34230768	1	1	1	1	0	31
chr13	34347233	34361963	1	1	1	1	0	15
chr13	34350120	34361963	1	1	1	2	1	36
chr13	35070827	35072106	1	1	1	1	0	30
chr13	35162050	35162632	2	2	1	1	0	16
chr13	35162777	35164244	2	2	1	3	0	37
chr13	35171552	35172265	2	2	1	1	0	14
chr13	35174353	35174700	2	2	1	2	0	34
chr13	36594214	36721274	1	1	1	1	0	8
chr13	36910831	36914080	2	2	1	2	0	7
chr13	38116466	38130832	1	1	1	1	0	13
chr13	38171756	38173479	2	2	1	1	0	22
chr13	38176086	38177980	2	2	1	1	0	19
chr13	38244069	38244730	1	1	1	1	0	37
chr13	38405370	38410849	1	1	1	2	0	45
chr13	38691957	38694102	2	2	1	1	0	16
chr13	38803196	38814968	2	2	1	1	0	10
chr13	38815052	38818911	2	2	1	1	0	30
chr13	41162841	41162923	1	1	1	1	0	34
chr13	41164759	41165809	1	1	1	1	0	3
chr13	41165934	41166040	1	1	1	1	0	43
chr13	41170650	41171181	1	1	1	1	0	40
chr13	41171259	41171831	1	1	1	1	0	20
chr13	41340464	41340904	2	2	1	3	0	44
chr13	41341030	41343421	2	2	1	2	0	7
chr13	41343594	41345363	2	2	1	1	0	45
chr13	41345442	41348122	2	2	1	1	0	33
chr13	41918269	41920811	2	2	1	5	0	20
chr13	42276690	42307855	1	1	1	1	0	7
chr13	43286537	43287402	1	1	1	1	0	34
chr13	43552135	43552210	1	1	1	5	0	37
chr13	43552272	43552986	1	1	1	4	0	43
chr13	43555054	43555237	1	1	1	2	0	36
chr13	43574796	43576026	2	2	1	5	0	22
chr13	43695206	43697931	2	2	1	5	0	44
chr13	43703050	43704472	2	2	1	1	0	24
chr13	45023293	45023387	1	1	1	0	7	31
chr13	45023454	45023531	2	2	1	1	0	16
chr13	45084628	45106647	2	2	1	1	0	23
chr13	45562253	45563896	1	1	1	1	0	24
chr13	46863159	46863241	2	2	1	1	0	18
chr13	46863287	46863387	2	2	1	1	0	29
chr13	46932470	46934101	2	2	1	1	0	31
chr13	46934141	46938721	2	2	1	1	0	22
chr13	47178849	47180727	2	2	1	3	0	31
chr13	47242092	47251630	2	2	1	3	0	44
chr13	47251820	47252818	2	2	1	3	0	30
chr13	47253745	47255098	2	2	1	1	0	29
chr13	49122081	49122413	1	1	1	4	0	36
chr13	49348534	49349079	1	1	1	2	0	11
chr13	49356712	49357193	2	2	1	1	0	4
chr13	49536730	49538446	1	1	1	1	0	29
chr13	49794791	49801041	2	2	1	1	0	9
chr13	49803776	49806058	2	2	1	1	0	21
chr13	49807979	49808648	1	1	1	1	0	10
chr13	49808712	49810150	1	1	1	1	0	19
chr13	49818946	49820830	1	1	1	2	0	16
chr13	49820967	49823184	1	1	1	1	0	11
chr13	49823263	49826027	1	1	1	1	0	3
chr13	49874635	49875621	1	1	1	1	0	17
chr13	49876249	49876468	1	1	1	1	0	28
chr13	51819511	51824842	1	1	1	1	0	17
chr13	53067098	53073036	2	2	1	1	0	44
chr13	54259815	54260525	1	1	1	3	0	33
chr13	54726782	54726951	1	1	1	1	0	16
chr13	54741467	54741782	1	1	1	2	0	41
chr13	54746647	54746856	2	2	1	1	0	44
chr13	54789367	54793057	1	3	1	1	0	35
chr13	54796244	54797790	1	1	1	2	0	33
chr13	54798064	54799855	1	1	1	1	0	43
chr13	54800034	54803218	1	1	1	5	0	40
chr13	54804239	54808766	1	1	1	1	0	24
chr13	55307927	55308061	1	1	1	1	0	12
chr13	55354071	55369756	1	1	1	1	0	37
chr13	55386676	55393330	1	1	1	1	0	27
chr13	55430596	55437867	1	1	1	1	0	45
chr13	55450794	55454748	1	1	1	1	0	36
chr13	55472258	55472339	1	1	1	1	0	37
chr13	55494851	55496127	2	2	1	1	0	39
chr13	55566911	55567929	2	2	1	2	0	12
chr13	55568297	55568461	2	4	1	1	0	30
chr13	55654937	55655142	2	2	1	1	0	37
chr13	55655180	55655300	2	2	1	1	0	5
chr13	55690471	55690596	2	2	1	1	0	16
chr13	55787748	55793183	1	1	1	2	0	38
chr13	55793281	55795439	1	1	1	1	0	21
chr13	55799971	55800725	1	1	1	1	0	44
chr13	55814194	55817524	1	1	1	1	0	14
chr13	55821928	55823708	1	1	1	1	0	15
chr13	55872452	55873479	1	1	1	1	0	32
chr13	55880881	55923179	1	1	1	2	0	36
chr13	55923261	55924417	1	1	1	1	0	45
chr13	56222206	56230932	2	2	1	1	0	39
chr13	56244045	56252114	2	2	1	1	0	25
chr13	58403685	58407247	2	2	1	1	0	7
chr13	58407326	58411011	2	2	1	2	0	43
chr13	58547805	58548146	2	2	1	2	0	15
chr13	58548232	58550206	2	2	1	1	0	20
chr13	59733605	59733966	1	1	1	1	0	37
chr13	59743197	59745853	1	1	1	2	0	25
chr13	59748886	59755059	1	1	1	2	0	7
chr13	59755127	59755201	1	1	1	2	0	18
chr13	59773412	59775691	1	1	1	2	0	26
chr13	59793037	59797376	2	2	1	2	0	18
chr13	59920674	59926565	2	2	1	1	0	34
chr13	59920674	59929831	2	2	1	3	0	37
chr13	59926630	59929831	2	2	1	1	0	5
chr13	59930158	59932578	2	2	1	1	0	30
chr13	59932695	59933534	2	2	1	1	0	43
chr13	59933627	59933708	2	2	1	2	0	16
chr13	63012982	63015152	2	2	1	2	0	45
chr13	63015273	63016795	2	2	1	2	0	20
chr13	63016934	63018979	2	2	1	1	0	16
chr13	63019121	63020503	2	2	1	1	0	5
chr13	63020597	63022962	2	2	1	10	0	39
chr13	63023126	63035687	2	2	1	7	0	43
chr13	64000837	64001441	1	1	1	1	0	22
chr13	64290161	64291968	2	2	1	1	0	36
chr13	64331836	64332386	1	1	1	1	0	22
chr13	64332573	64333086	1	1	1	4	0	25
chr13	64414364	64415782	1	1	1	1	0	26
chr13	64460150	64460306	2	2	1	1	0	33
chr13	64512015	64513018	2	2	1	1	0	15
chr13	64516053	64516841	2	2	1	1	0	13
chr13	67048891	67049465	2	2	1	26	0	45
chr13	67050866	67053356	2	2	1	1	0	18
chr13	68378601	68379827	2	2	1	1	0	45
chr13	69657811	69658738	2	2	1	1	0	13
chr13	69723316	69734703	2	2	1	3	0	28
chr13	70763536	70765215	2	2	1	1	0	36
chr13	70768889	70769556	2	2	1	1	0	19
chr13	70769576	70772041	2	6	1	1	0	10
chr13	73468180	73468412	2	2	1	36	0	45
chr13	73468536	73475534	2	2	1	1	0	15
chr13	73759836	73760512	1	1	1	2	0	31
chr13	74086065	74086552	1	1	1	4	0	40
chr13	74452168	74453072	2	2	1	1	0	27
chr13	74476535	74479417	2	2	1	1	0	17
chr13	74555022	74555334	2	2	1	0	1	46
chr13	74555176	74555334	2	2	1	0	7	40
chr13	74555260	74555389	2	4	1	0	2	29
chr13	74706768	74711857	2	2	1	0	1	3
chr13	75894533	75898043	1	1	1	1	0	6
chr13	76151208	76156101	2	2	1	1	0	25
chr13	78147822	78154506	1	1	1	1	0	3
chr13	81035607	81037207	1	1	1	2	0	20
chr13	81043674	81044080	2	2	1	1	0	34
chr13	81932896	81934961	1	1	1	1	0	21
chr13	81940267	81944772	1	1	1	1	0	26
chr13	85357009	85359972	1	1	1	2	0	36
chr13	85360034	85360858	1	1	1	1	0	31
chr13	85364307	85364995	2	2	1	3	0	3
chr13	86193028	86193845	2	2	1	142	0	46
chr13	86193028	86193898	2	2	1	0	2	44
chr13	86193989	86194719	2	2	1	44	0	45
chr13	90089229	90139191	2	2	1	1	0	28
chr13	90246591	90249026	1	1	1	1	0	9
chr13	91071866	91072444	1	1	1	3	0	46
chr13	91072566	91072655	1	1	1	65	0	46
chr13	91954280	91955728	2	2	1	1	0	18
chr13	92400346	92402434	2	2	1	1	0	46
chr13	93590084	93590435	2	2	1	6	0	45
chr13	93754171	93756589	2	2	1	0	16	45
chr13	93756819	93757901	2	2	1	0	1	12
chr13	93758085	93761321	2	2	1	0	1	20
chr13	93761470	93761804	2	2	1	1	0	24
chr13	93761997	93763754	2	2	1	2	2	46
chr13	93763874	93769743	2	2	1	2	1	44
chr13	93769877	93773971	2	2	1	0	2	45
chr13	93825198	93828379	1	1	1	1	0	13
chr13	93854221	93857066	1	1	1	1	0	43
chr13	94616383	94619720	1	1	1	2	0	3
chr13	94973703	94979157	1	1	1	1	0	6
chr13	95487338	95488122	2	4	1	1	0	14
chr13	95768693	95771971	2	2	1	7	0	43
chr13	95796859	95797506	2	2	1	1	0	40
chr13	95805026	95807736	2	2	1	1	0	14
chr13	95807946	95809492	2	2	1	1	0	6
chr13	95811906	95818660	2	2	1	2	0	10
chr13	95819561	95821361	2	2	1	1	0	8
chr13	95826300	95844385	2	2	1	1	0	45
chr13	95852690	95858020	2	2	1	3	0	44
chr13	95866059	95867787	2	2	1	1	0	31
chr13	95867967	95869398	2	2	1	5	0	37
chr13	95869513	95870391	2	2	1	2	0	16
chr13	95870460	95882945	2	2	1	1	0	30
chr13	95886579	95899753	2	2	1	1	0	13
chr13	96787142	96787517	2	2	1	1	0	30
chr13	96796519	96796625	2	2	1	1	0	39
chr13	96796733	96799536	2	2	1	1	0	23
chr13	97267737	97268350	2	2	1	3	0	42
chr13	97270227	97271801	2	2	1	0	4	45
chr13	97271953	97272028	2	2	1	3	0	41
chr13	97272217	97274262	2	2	1	0	2	19
chr13	97313098	97313304	2	2	1	7	0	40
chr13	97313655	97314387	2	2	1	1	0	32
chr13	98399985	98402658	1	1	1	2	0	24
chr13	98446710	98447488	2	2	1	1	0	44
chr13	98447546	98449599	2	2	1	1	0	22
chr13	98449802	98450146	2	2	1	1	0	19
chr13	98901058	98912328	2	2	1	1	0	33
chr13	98912426	98913896	2	2	1	3	0	33
chr13	98986692	98989362	2	2	1	1	0	27
chr13	99466574	99468943	2	2	1	1	0	35
chr13	100085465	100088663	2	2	1	1	0	16
chr13	100225956	100228701	2	2	1	1	0	30
chr13	100245640	100250472	1	1	1	1	0	15
chr13	100642831	100647919	2	2	1	1	0	10
chr13	100766091	100767563	2	2	1	2	0	11
chr13	100840015	100840898	2	2	1	1	0	27
chr13	100872782	100875521	2	2	1	0	5	20
chr13	100940499	100943041	2	2	1	1	0	27
chr13	103881438	103885266	2	2	1	1	0	34
chr13	103885363	103888901	2	2	1	1	0	43
chr13	103889211	103889532	2	2	1	3	0	24
chr13	103895808	103896923	2	2	1	1	0	3
chr13	103897703	103900389	2	2	1	2	0	31
chr13	103961435	103964414	2	2	1	1	0	24
chr13	103993619	103993918	2	2	1	2	0	13
chr13	104020769	104022648	2	2	1	1	0	5
chr13	104361961	104365113	2	2	1	2	0	6
chr13	104969506	104970755	1	1	1	1	0	7
chr13	104970829	104973872	1	1	1	2	0	12
chr13	108189489	108217886	2	2	1	1	0	30
chr13	108228158	108294976	2	2	1	0	1	3
chr13	110532657	110532809	1	1	1	1	0	14
chr13	111573119	111574490	2	2	1	1	0	40
chr13	111846342	111848219	1	1	1	2	0	31
chr13	112237595	112238000	1	1	1	1	0	18
chr13	113004530	113005544	2	2	1	3	0	23
chr13	113072132	113076906	1	1	1	1	0	15
chr13	114425403	114444352	2	2	1	10	0	44
chr13	114444427	114453392	2	2	1	1	0	35
chr13	114957483	114961102	1	1	1	1	0	6
chr13	114961231	114961746	1	1	1	2	0	44
chr13	114961898	114962693	1	1	1	1	0	42
chr13	115102251	115103051	2	2	1	1	0	45
chr13	115103145	115104739	2	2	1	1	0	13
chr13	118517206	118519411	2	2	1	1	0	34
chr13	118519589	118521102	2	2	1	1	0	3
chr13	118521209	118521769	2	2	1	1	0	18
chr13	119577408	119582272	1	1	1	3	0	8
chr13	119592326	119593523	1	1	1	1	0	45
chr13	119602987	119606226	1	3	1	1	0	33
chr13	119608777	119610368	1	1	1	1	0	32
chr13	120162777	120164070	1	1	1	1	0	5
chr13	120166719	120166883	1	1	1	1	0	34
chr13	120244453	120250395	2	2	1	2	0	31
chr13	120250498	120251684	2	2	1	1	0	11
chr13	120475616	120476556	1	3	1	0	1	22
chr13	120509070	120510010	2	4	1	0	1	22
chr14	4191853	4192727	2	2	1	1	0	17
chr14	4199790	4200379	1	1	1	1	0	36
chr14	6049423	6051231	2	2	1	1	0	15
chr14	6051427	6052727	2	2	1	1	0	37
chr14	6056845	6057572	2	2	1	1	0	7
chr14	6069373	6069635	2	2	1	1	0	14
chr14	6071157	6071841	2	2	1	1	0	18
chr14	8114757	8117743	2	2	1	1	0	37
chr14	8349025	8349570	1	1	1	1	0	11
chr14	8357238	8357376	1	1	1	9	0	31
chr14	8515225	8516224	1	1	1	3	0	39
chr14	8519632	8520435	1	1	1	2	0	8
chr14	8882795	8910095	1	1	1	0	3	40
chr14	14228513	14230208	1	1	1	3	0	43
chr14	14239615	14243944	1	1	1	2	0	40
chr14	14296883	14296955	1	1	1	1	0	7
chr14	14297010	14298242	1	1	1	2	0	25
chr14	14540773	14542253	2	2	1	1	0	32
chr14	19872759	19873736	2	2	1	2	0	21
chr14	20441529	20441960	2	2	1	2	0	46
chr14	20510552	20512622	2	2	1	1	0	29
chr14	20753477	20754188	1	1	1	1	0	20
chr14	20786921	20787326	2	2	1	3	0	42
chr14	21032793	21033435	1	1	1	1	0	39
chr14	21046061	21051198	1	1	1	1	0	22
chr14	21053339	21057181	1	1	1	1	0	27
chr14	21102769	21103789	1	1	1	3	0	34
chr14	21368252	21419138	1	1	1	2	0	18
chr14	21419175	21431570	1	1	1	1	0	36
chr14	21943315	21943676	1	1	1	1	0	14
chr14	24542185	24543450	1	1	1	51	0	45
chr14	24543562	24545497	1	1	1	3	0	20
chr14	24543562	24545842	1	1	1	92	2	46
chr14	24545518	24545842	1	1	1	4	0	20
chr14	25888951	25889319	2	2	1	6	0	37
chr14	25889444	25891184	2	2	1	2	0	39
chr14	25924517	25924605	2	2	1	2	0	41
chr14	25925332	25925945	2	2	1	2	0	24
chr14	25926006	25926221	2	2	1	1	0	39
chr14	26149472	26150942	2	2	1	3	0	32
chr14	26151066	26159833	2	2	1	1	0	10
chr14	26159894	26160102	2	2	1	1	0	22
chr14	26181366	26183415	2	2	1	3	0	16
chr14	26183554	26184730	2	2	1	2	0	44
chr14	26649833	26650396	2	2	1	1	0	22
chr14	27151342	27160555	1	1	1	1	0	21
chr14	27222640	27228607	2	2	1	1	0	41
chr14	27375441	27375662	1	1	1	1	0	17
chr14	27688521	27733592	1	1	1	1	0	31
chr14	27744060	27746989	1	1	1	1	0	34
chr14	29692074	29693744	1	1	1	1	0	31
chr14	30287637	30288898	1	1	1	1	0	5
chr14	30294288	30295293	1	1	1	2	0	28
chr14	30401333	30404707	1	1	1	1	0	17
chr14	30532363	30533345	1	1	1	1	0	36
chr14	30588702	30592707	1	1	1	2	0	25
chr14	30613455	30613660	1	1	1	1	0	6
chr14	30620054	30621276	1	1	1	1	0	31
chr14	30621446	30622841	1	1	1	1	0	10
chr14	30622997	30623091	1	1	1	4	0	31
chr14	30623189	30623591	1	1	1	48	0	46
chr14	30630724	30640981	2	4	1	1	6	37
chr14	30630770	30631354	2	2	1	25	0	40
chr14	30631467	30631657	2	2	1	3	0	27
chr14	30631831	30633881	2	2	1	7	0	36
chr14	30634087	30634572	2	2	1	3	0	19
chr14	30639745	30640231	2	2	1	1	0	36
chr14	30653320	30654156	2	2	1	1	0	17
chr14	30654437	30654821	2	2	1	1	0	21
chr14	30654843	30655217	2	2	1	1	0	10
chr14	30656204	30657237	2	2	1	1	0	42
chr14	30658786	30658912	2	2	1	2	0	9
chr14	30662943	30663438	2	2	1	2	0	26
chr14	30734592	30734679	2	2	1	2	0	42
chr14	30735753	30736009	2	2	1	1	0	34
chr14	30737342	30738278	2	2	1	1	0	22
chr14	30739371	30739764	2	2	1	1	0	27
chr14	30739824	30740885	2	2	1	2	0	8
chr14	30758017	30760889	1	1	1	1	0	30
chr14	30760959	30762389	1	1	1	1	0	25
chr14	30776213	30783425	1	1	1	1	0	16
chr14	30811580	30827303	1	1	1	1	0	16
chr14	30846567	30850552	2	2	1	2	0	29
chr14	30846567	30850589	2	2	1	2	0	37
chr14	30861065	30861582	1	1	1	3	0	22
chr14	30861161	30861253	2	2	1	1	0	43
chr14	30926483	30928523	2	2	1	1	0	41
chr14	31330001	31332058	2	2	1	32	0	45
chr14	31345814	31346537	2	2	1	1	0	40
chr14	31902628	31911100	2	2	1	0	1	12
chr14	31931632	31932411	1	1	1	1	0	12
chr14	31964304	31971973	1	1	1	1	0	30
chr14	32239336	32240899	1	1	1	2	0	6
chr14	34033300	34041838	1	1	1	6	0	39
chr14	34041920	34043724	1	1	1	1	0	45
chr14	34058188	34058452	1	1	1	1	0	28
chr14	34060841	34061883	1	1	1	1	0	41
chr14	34064104	34066668	2	4	1	1	0	14
chr14	34074035	34075654	2	2	1	5	0	34
chr14	34396318	34398910	1	1	1	1	0	34
chr14	34414692	34416943	1	1	1	1	0	41
chr14	34417063	34444220	1	1	1	1	0	40
chr14	36620208	36622718	2	2	1	1	0	13
chr14	36622803	36630973	2	2	1	1	0	42
chr14	36631170	36640390	2	2	1	1	0	19
chr14	36844184	36847116	2	2	1	3	0	32
chr14	36855228	36855589	2	2	1	1	0	21
chr14	40719835	40720800	2	2	1	1	0	42
chr14	40720942	40724392	2	2	1	1	0	21
chr14	40827218	40827303	1	1	1	1	0	10
chr14	40827218	40827407	1	1	1	1	0	13
chr14	45720024	45741953	2	2	1	6	0	41
chr14	45742188	45766881	2	2	1	1	0	6
chr14	47622225	47622981	1	1	1	1	0	30
chr14	47886897	47901212	1	1	1	2	0	45
chr14	47892185	47901212	1	1	1	1	0	18
chr14	47907756	47910396	1	1	1	1	0	41
chr14	47928435	47930860	1	1	1	1	0	32
chr14	47932302	47932959	1	1	1	1	0	25
chr14	47941735	47943219	1	1	1	1	0	38
chr14	47943258	47943864	1	1	1	1	0	3
chr14	47963767	47963927	1	1	1	1	0	16
chr14	51048028	51049232	1	1	1	1	0	6
chr14	51049284	51052326	1	1	1	1	0	35
chr14	51153356	51153608	2	2	1	1	0	36
chr14	51163162	51163617	1	1	1	1	0	6
chr14	52148243	52148542	2	2	1	2	0	44
chr14	52313184	52314859	2	2	1	4	0	34
chr14	52315021	52318716	2	2	1	4	0	46
chr14	52318765	52319284	2	2	1	1	0	8
chr14	52319361	52321571	2	2	1	1	0	8
chr14	52410031	52410927	2	2	1	1	0	29
chr14	52469010	52470001	2	2	1	1	0	36
chr14	52524447	52524757	1	1	1	1	0	19
chr14	52530141	52530657	1	1	1	1	0	44
chr14	54473171	54480155	2	2	1	5	0	39
chr14	54664696	54666040	1	1	1	4	0	34
chr14	54666106	54667038	1	1	1	15	0	45
chr14	54673718	54674071	1	1	1	1	0	8
chr14	54881723	54881904	2	2	1	1	0	36
chr14	54899741	54901043	2	2	1	1	0	26
chr14	54903092	54904529	2	2	1	1	0	10
chr14	55110213	55110503	2	2	1	1	0	4
chr14	55134497	55134577	1	1	1	3	0	17
chr14	55134730	55135473	1	1	1	17	0	38
chr14	55208268	55208833	2	2	1	5	0	39
chr14	55260664	55260792	1	1	1	2	0	14
chr14	55260851	55261445	1	1	1	8	0	36
chr14	55725673	55727275	1	1	1	1	0	30
chr14	55800957	55801176	1	1	1	1	0	7
chr14	55801975	55802190	1	1	1	1	0	35
chr14	55818430	55818508	1	1	1	1	0	10
chr14	55818596	55818757	1	1	1	2	0	25
chr14	55819201	55819337	2	2	1	2	0	7
chr14	55819583	55822135	2	2	1	1	0	34
chr14	55825023	55825110	2	2	1	20	0	42
chr14	55825198	55825496	2	2	1	11	1	39
chr14	55825552	55825689	2	2	1	3	0	16
chr14	55840882	55840988	1	1	1	1	0	12
chr14	55842690	55843177	1	1	1	1	0	45
chr14	55953996	55954624	2	2	1	1	0	7
chr14	56873280	56875304	1	1	1	1	0	8
chr14	56910018	56911347	1	1	1	3	0	41
chr14	56914076	56916020	1	1	1	1	0	34
chr14	57754549	57754793	1	3	1	1	0	16
chr14	58035812	58035944	1	1	1	0	1	9
chr14	58036055	58038950	1	1	1	0	1	15
chr14	58039074	58039378	1	1	1	1	0	21
chr14	58164752	58169694	2	2	1	2	0	16
chr14	58169761	58181044	2	2	1	2	0	14
chr14	59668718	59674885	2	2	1	1	0	21
chr14	59829985	59834310	2	2	1	1	0	12
chr14	60535644	60536363	1	1	1	1	0	33
chr14	61112757	61140816	1	1	1	0	1	3
chr14	61579676	61584820	2	2	1	1	0	36
chr14	61584891	61597668	2	2	1	1	0	22
chr14	61610536	61611732	2	2	1	1	0	44
chr14	61783298	61787192	2	2	1	2	0	43
chr14	61787310	61792219	2	2	1	1	0	38
chr14	63371500	63373056	1	1	1	1	0	17
chr14	63379312	63379680	1	1	1	1	0	35
chr14	63394200	63396466	2	2	1	2	0	20
chr14	64952930	64954922	1	1	1	2	0	33
chr14	66091627	66093872	1	1	1	1	0	31
chr14	66093977	66094142	1	1	1	5	0	31
chr14	66094346	66097618	1	1	1	1	0	27
chr14	66097665	66102578	1	1	1	1	0	19
chr14	66206138	66209180	1	1	1	2	0	14
chr14	66206138	66218848	1	1	1	1	0	21
chr14	66209302	66210773	1	1	1	1	0	38
chr14	66213442	66214354	1	1	1	2	0	8
chr14	66217330	66218302	1	1	1	1	0	34
chr14	66218479	66218756	1	1	1	45	0	45
chr14	66296270	66297316	2	2	1	1	0	13
chr14	66297374	66305948	2	2	1	1	0	22
chr14	66322101	66332204	1	1	1	1	0	12
chr14	66322210	66322379	2	2	1	10	0	42
chr14	66322439	66322744	2	2	1	5	0	30
chr14	66322826	66323682	2	2	1	1	0	3
chr14	66323753	66324413	2	2	1	4	0	43
chr14	66324517	66325748	2	2	1	5	0	23
chr14	66325783	66326954	2	2	1	3	0	34
chr14	66327030	66330247	2	2	1	1	0	39
chr14	66339121	66339595	2	2	1	1	0	39
chr14	66345617	66347564	2	2	1	1	0	36
chr14	66354245	66361783	2	2	1	1	0	40
chr14	66410853	66411286	2	2	1	2	0	45
chr14	66594367	66595294	1	1	1	1	0	32
chr14	67266480	67276323	2	2	1	2	0	32
chr14	69935052	69936032	2	2	1	2	0	36
chr14	70715544	70716984	2	2	1	1	0	11
chr14	72799157	72800923	2	2	1	3	0	4
chr14	72812121	72820396	2	2	1	1	0	34
chr14	73402291	73403919	1	1	1	1	0	6
chr14	73414575	73419898	1	1	1	1	0	28
chr14	73416004	73419898	1	1	1	1	0	9
chr14	73506639	73510072	2	2	1	1	0	34
chr14	73510151	73511076	2	2	1	1	0	23
chr14	73600584	73601981	2	2	1	9	0	32
chr14	73603303	73603760	2	2	1	1	0	25
chr14	73603968	73605738	2	2	1	3	0	45
chr14	73790338	73797880	1	1	1	2	0	15
chr14	73798062	73806073	1	1	1	1	0	25
chr14	73828240	73828513	2	4	1	1	0	44
chr14	73830193	73831116	1	1	1	1	0	36
chr14	73831206	73832813	1	1	1	1	0	41
chr14	74978696	74979453	1	1	1	1	0	27
chr14	74979579	74980658	1	1	1	0	1	4
chr14	74983158	74987084	1	3	1	18	0	45
chr14	75453902	75461510	1	1	1	1	0	4
chr14	75479866	75493395	1	1	1	2	0	39
chr14	75498220	75502803	1	1	1	2	0	18
chr14	75502906	75505488	1	1	1	1	0	3
chr14	75515658	75520670	1	1	1	1	0	30
chr14	75531443	75543228	1	1	1	2	0	11
chr14	75543338	75546348	1	1	1	1	0	5
chr14	75567218	75567508	1	1	1	1	0	31
chr14	76083834	76084133	1	1	1	3	0	33
chr14	76084240	76084683	1	1	1	12	0	44
chr14	76084801	76085538	1	1	1	103	2	46
chr14	76186960	76232860	2	2	1	1	0	32
chr14	76336059	76336499	2	2	1	1	0	32
chr14	76336632	76339885	2	2	1	1	0	7
chr14	78063911	78077607	2	2	1	1	0	7
chr14	79258127	79263445	1	1	1	2	0	40
chr14	79263518	79275564	1	1	1	1	0	29
chr14	79275642	79294086	1	1	1	1	0	10
chr14	79294163	79296112	1	1	1	1	0	3
chr14	79300130	79302293	1	1	1	1	0	45
chr14	79580760	79582334	2	2	1	2	0	25
chr14	79707621	79708126	2	2	1	2	0	46
chr14	79709966	79714242	2	2	1	4	0	6
chr14	79714545	79717812	2	2	1	1	0	36
chr14	79803013	79804589	1	1	1	1	0	40
chr14	79804755	79806660	1	1	1	1	0	4
chr14	79840341	79840909	1	1	1	1	0	14
chr14	79840927	79844685	1	1	1	1	0	17
chr14	79844718	79846395	1	1	1	1	0	29
chr14	79846493	79847679	1	1	1	1	0	37
chr14	79847788	79857148	1	1	1	2	0	33
chr14	79862463	79866291	1	1	1	8	0	34
chr14	99510056	99510139	0	0	1	10	2	31
chr14	101704629	101704742	2	2	1	1	0	35
chr14	101891542	101891643	1	1	1	1	0	12
chr14	101891656	101903196	1	1	1	1	0	12
chr14	101903326	101903947	1	1	1	3	0	31
chr14	101928084	101932594	1	1	1	2	0	15
chr14	101932654	101933337	1	1	1	3	0	31
chr14	102121851	102126112	1	1	1	1	0	9
chr14	102168717	102170005	1	1	1	1	0	10
chr14	102219594	102219829	2	4	1	0	1	27
chr14	119195405	119198197	1	1	1	1	0	36
chr14	119209881	119210104	1	1	1	4	0	15
chr14	119210226	119212543	1	1	1	10	0	43
chr14	119212677	119214121	1	1	1	18	0	43
chr14	119214271	119215438	1	1	1	10	0	45
chr14	121176110	121176187	1	1	1	1	0	5
chr14	122361196	122363517	1	1	1	1	0	9
chr14	122387422	122388145	1	1	1	1	0	18
chr14	122392912	122396060	1	1	1	3	0	37
chr14	122408985	122425770	1	1	1	1	0	16
chr14	122419194	122548655	1	1	1	5	0	40
chr14	122621735	122639358	1	1	1	1	0	28
chr14	122795205	122800190	1	1	1	1	0	44
chr14	122854298	122875792	1	1	1	1	0	37
chr14	122875830	122887663	1	1	1	1	0	18
chr15	3304359	3305048	1	1	1	1	0	26
chr15	3306757	3308583	1	1	1	2	0	36
chr15	3357169	3357455	2	2	1	25	0	45
chr15	3363008	3370400	2	2	1	1	0	16
chr15	4761285	4763144	1	1	1	3	0	37
chr15	4763302	4764605	1	1	1	2	0	27
chr15	4769383	4784722	1	1	1	9	0	40
chr15	4784862	4789282	1	1	1	1	0	29
chr15	4820675	4822166	1	1	1	1	0	27
chr15	5130578	5134384	2	2	1	1	0	19
chr15	5146905	5147100	1	1	1	107	0	45
chr15	5147186	5148048	1	1	1	163	9	45
chr15	6516343	6519308	1	1	1	1	0	31
chr15	6519450	6520841	1	1	1	4	0	46
chr15	6521021	6526431	1	1	1	5	0	30
chr15	6526661	6527912	1	1	1	10	0	33
chr15	6537915	6546846	1	1	1	1	0	45
chr15	6649232	6659552	1	1	1	1	0	41
chr15	6659600	6661745	1	1	1	1	0	4
chr15	6674381	6676117	1	1	1	1	0	22
chr15	6676144	6678334	1	1	1	3	0	26
chr15	6678402	6681284	1	1	1	2	0	19
chr15	6807576	6807721	1	1	1	1	0	17
chr15	7211514	7214197	1	1	1	2	0	22
chr15	7214300	7215046	1	1	1	1	0	37
chr15	7902735	7913761	2	2	1	2	0	39
chr15	8123244	8128439	2	2	1	1	2	22
chr15	8128506	8128602	2	2	1	1	0	4
chr15	8320494	8326269	2	6	1	1	0	35
chr15	8355258	8356482	2	2	1	1	0	13
chr15	8366442	8367992	2	2	1	1	0	45
chr15	8368237	8368358	2	2	1	1	0	5
chr15	8368557	8372958	2	2	1	5	0	28
chr15	8388751	8390399	2	2	1	2	0	31
chr15	8390497	8391201	2	2	1	1	0	17
chr15	9096182	9100194	1	1	1	1	0	12
chr15	9156461	9157299	1	1	1	2	0	26
chr15	9335875	9338731	1	1	1	1	0	43
chr15	9338831	9351185	1	1	1	3	0	11
chr15	10325503	10348554	1	1	1	1	0	29
chr15	10449835	10451640	2	2	1	1	0	43
chr15	10451684	10452291	2	2	1	1	0	4
chr15	10479233	10479334	2	2	1	1	0	42
chr15	10984933	10988844	1	1	1	2	0	4
chr15	11385285	11387137	2	2	1	4	0	24
chr15	11387454	11387557	2	2	1	2	0	29
chr15	11388305	11388383	2	2	1	1	0	39
chr15	11392436	11392872	2	2	1	2	0	33
chr15	11392995	11393242	2	2	1	7	0	16
chr15	12322043	12339713	1	1	1	1	0	40
chr15	25778274	25779668	1	1	1	1	0	34
chr15	25779897	25780449	1	1	1	1	0	6
chr15	25810637	25812206	1	1	1	1	0	21
chr15	27590559	27591003	1	1	1	1	0	35
chr15	31441527	31443437	2	2	1	3	0	20
chr15	31459426	31462087	2	2	1	1	0	31
chr15	31496340	31498719	2	2	1	2	0	10
chr15	31582220	31584110	1	1	1	1	0	40
chr15	31585584	31588313	1	1	1	2	0	35
chr15	31591202	31592430	2	2	1	15	0	40
chr15	31594393	31594479	2	2	1	1	0	11
chr15	34083560	34099629	1	1	1	2	0	7
chr15	34118257	34131309	1	1	1	2	0	20
chr15	34123913	34131309	1	1	1	4	0	31
chr15	34131435	34134436	1	1	1	3	0	44
chr15	34136974	34139886	1	1	1	2	0	10
chr15	34440751	34441377	2	2	1	55	0	43
chr15	34441509	34442780	2	2	1	0	12	43
chr15	34484682	34485745	2	2	1	1	0	18
chr15	34508938	34509908	1	1	1	1	0	34
chr15	34959223	34999976	2	2	1	1	0	7
chr15	35932244	35935430	2	2	1	93	0	46
chr15	35935560	35937300	2	2	1	1	13	38
chr15	36175203	36175529	1	1	1	1	0	44
chr15	36175623	36176899	1	1	1	0	4	23
chr15	36596344	36596806	2	2	1	18	0	44
chr15	36596900	36597207	2	2	1	16	0	45
chr15	36597339	36597700	2	2	1	1	0	12
chr15	36601252	36601558	2	2	1	1	0	44
chr15	36601654	36603089	2	2	1	1	0	29
chr15	36605802	36605987	2	2	1	1	0	25
chr15	36775824	36776489	2	2	1	1	0	13
chr15	37004067	37007371	2	2	1	1	0	34
chr15	37984435	37986121	2	2	1	2	0	34
chr15	38000938	38002460	2	2	1	1	0	6
chr15	38015393	38018522	2	2	1	1	0	35
chr15	38690904	38691855	1	1	1	1	0	9
chr15	38986698	38987723	1	1	1	1	0	8
chr15	39008650	39010067	1	1	1	3	0	43
chr15	39690402	39691370	2	2	1	1	0	37
chr15	39691528	39705318	2	2	1	1	0	16
chr15	39710164	39720494	2	2	1	3	0	28
chr15	41677123	41680477	1	1	1	1	0	11
chr15	41683975	41686722	1	1	1	2	0	37
chr15	43113634	43114875	2	2	1	11	4	43
chr15	43115011	43115600	2	2	1	2	0	19
chr15	44297370	44299007	1	1	1	6	0	30
chr15	51650222	51651301	2	2	1	3	0	31
chr15	51830128	51831183	2	2	1	2	0	8
chr15	54709342	54710644	2	2	1	2	0	36
chr15	54733725	54739047	2	2	1	1	0	27
chr15	55397734	55402425	2	2	1	1	0	36
chr15	55612792	55655429	2	2	1	1	0	38
chr15	57739004	57740813	2	2	1	1	0	30
chr15	58772920	58776582	2	2	1	3	0	45
chr15	58808310	58809200	1	1	1	5	0	41
chr15	58809315	58811123	1	1	1	34	0	45
chr15	58842918	58844324	2	2	1	1	0	30
chr15	58844410	58926866	2	2	1	4	0	38
chr15	58930272	58953304	2	2	1	2	0	31
chr15	63803529	63807427	2	2	1	1	0	17
chr15	64038395	64039548	2	2	1	1	0	41
chr15	65729441	65733500	1	1	1	1	0	23
chr15	66487697	66494609	1	1	1	7	0	44
chr15	66494667	66495840	1	1	1	1	0	36
chr15	66504751	66508532	1	1	1	1	0	14
chr15	75529064	75529532	2	2	1	7	0	38
chr15	75626390	75628651	1	1	1	0	3	25
chr15	75762910	75762997	2	2	1	23	0	45
chr15	75763106	75763195	2	2	1	3	0	23
chr15	75767441	75767580	2	2	1	21	0	45
chr15	75788929	75789085	2	2	1	3	0	28
chr15	75840147	75872197	1	1	1	1	0	12
chr15	76067646	76067722	2	2	1	2	0	13
chr15	76072478	76072663	2	2	1	1	0	24
chr15	76072826	76072907	2	2	1	1	0	14
chr15	76180982	76181120	2	2	1	3	0	40
chr15	76181478	76181558	2	2	1	2	0	30
chr15	76181717	76181818	2	2	1	1	0	20
chr15	76217818	76217994	0	0	1	1	0	36
chr15	76227893	76228501	1	1	1	1	0	16
chr15	76228522	76230034	1	1	1	1	0	20
chr15	76228909	76229011	1	1	1	2	0	35
chr15	76229170	76229252	1	1	1	2	0	19
chr15	76229778	76229854	1	1	1	1	0	11
chr15	76231386	76231458	2	2	1	1	0	9
chr15	76336161	76336243	1	1	1	1	0	10
chr15	76336694	76337025	1	1	1	2	0	31
chr15	76420164	76420424	2	2	1	1	0	23
chr15	76479654	76479738	1	1	1	1	0	24
chr15	76480133	76480208	2	2	1	7	0	38
chr15	76480348	76480419	2	2	1	1	0	23
chr15	76496864	76496954	2	2	1	1	0	40
chr15	76542531	76543022	1	1	1	1	0	13
chr15	76577925	76578067	1	1	1	1	0	37
chr15	76582284	76582502	1	1	1	1	0	32
chr15	76583495	76583716	2	2	1	1	0	21
chr15	76583549	76583619	1	1	1	5	0	41
chr15	76789237	76790055	1	1	1	2	0	36
chr15	76790172	76790320	1	1	1	44	0	44
chr15	76790359	76790415	0	0	1	3	0	38
chr15	77253811	77254371	2	2	1	1	0	41
chr15	77274216	77276954	2	2	1	9	0	44
chr15	77277060	77277606	2	2	1	2	0	31
chr15	77288559	77289116	1	3	1	0	1	39
chr15	77619455	77620012	2	4	1	0	1	39
chr15	77646217	77647151	2	2	1	1	0	22
chr15	77648794	77649899	2	2	1	2	0	44
chr15	77653554	77653704	2	2	1	1	0	26
chr15	77653810	77653966	2	2	1	1	0	34
chr15	77800058	77808742	2	2	1	2	0	12
chr15	77843323	77843711	2	2	1	17	0	42
chr15	77847526	77848219	2	2	1	2	0	27
chr15	78075895	78085425	2	2	1	1	0	14
chr15	78349509	78352625	2	2	1	1	0	6
chr15	78349544	78352625	2	2	1	1	0	30
chr15	78458873	78465684	2	2	1	1	0	18
chr15	78814005	78814197	1	1	1	2	0	10
chr15	78921075	78921342	1	1	1	2	0	28
chr15	78977618	78978400	1	1	1	4	0	36
chr15	79007187	79008700	1	1	1	1	0	15
chr15	79008759	79009449	1	1	1	1	0	19
chr15	79035608	79035788	1	1	1	2	0	33
chr15	79420218	79421197	2	2	1	2	0	34
chr15	79422933	79423018	2	2	1	1	0	32
chr15	79428058	79430395	2	2	1	1	0	24
chr15	79555493	79556097	1	1	1	1	0	33
chr15	79556216	79556417	1	1	1	2	0	46
chr15	79962096	79962187	2	2	1	75	4	45
chr15	79962269	79963890	2	2	1	0	4	5
chr15	79962308	79962531	2	2	1	27	0	44
chr15	79965233	79965815	2	2	1	1	0	21
chr15	79995946	79997366	1	1	1	2	0	25
chr15	80140723	80140834	1	1	1	1	0	35
chr15	80595690	80631606	1	1	1	1	0	26
chr15	80631675	80643740	1	1	1	1	0	34
chr15	80643832	80668939	1	1	1	4	0	44
chr15	80669008	80742881	1	1	1	1	0	11
chr15	80683006	80742881	1	1	1	2	0	39
chr15	80771235	80772030	1	1	1	2	0	15
chr15	80772077	80773219	1	1	1	2	0	31
chr15	81259108	81261888	2	2	1	3	0	20
chr15	81276524	81283685	2	2	1	3	0	14
chr15	81330400	81331274	1	1	1	1	0	29
chr15	81355224	81358043	1	1	1	2	0	14
chr15	81358130	81359286	1	1	1	3	0	34
chr15	81520436	81520966	1	1	1	1	0	30
chr15	81524755	81525460	1	1	1	1	0	3
chr15	81573687	81586015	2	2	1	0	1	31
chr15	81608834	81613912	2	2	1	1	0	39
chr15	82232242	82233043	1	1	1	6	0	41
chr15	82234573	82235179	2	2	1	27	0	45
chr15	82234573	82238281	2	2	1	1	0	39
chr15	82235296	82238281	2	2	1	2	0	14
chr15	82255927	82256022	2	2	1	0	8	21
chr15	82258035	82258104	2	2	1	1	0	4
chr15	82287240	82287935	1	1	1	1	0	35
chr15	82287298	82287397	2	2	1	27	1	46
chr15	82287298	82287919	2	2	1	1	0	21
chr15	82287519	82288020	1	1	1	1	0	24
chr15	82287540	82287919	2	2	1	4	0	45
chr15	82288446	82288628	2	2	1	1	0	24
chr15	82289840	82290107	2	2	1	0	1	13
chr15	82290280	82291134	2	2	1	0	4	10
chr15	82336740	82340844	0	0	1	3	0	38
chr15	82337971	82338238	1	1	1	0	1	13
chr15	82339452	82339634	1	1	1	3	0	39
chr15	82339777	82339972	1	1	1	8	0	36
chr15	82340161	82340534	1	1	1	6	0	45
chr15	82340677	82340776	1	1	1	21	2	44
chr15	82524468	82524548	2	2	1	5	0	46
chr15	82525158	82525985	2	2	1	0	4	10
chr15	82573139	82573186	1	3	1	1	0	45
chr15	82574425	82574562	2	2	1	1	0	22
chr15	82644286	82644385	2	2	1	2	0	12
chr15	82662311	82662410	2	2	1	0	2	13
chr15	82665350	82666122	2	2	1	0	2	10
chr15	82674557	82674656	2	2	1	11	8	40
chr15	82675359	82675533	2	2	1	1	0	29
chr15	82677062	82677326	2	4	1	1	0	18
chr15	83037829	83038234	2	2	1	1	0	42
chr15	83037848	83050311	0	0	1	3	0	44
chr15	83037875	83038165	1	1	1	2	1	42
chr15	83038671	83038696	1	1	1	1	0	30
chr15	83038924	83043026	2	2	1	2	0	37
chr15	83045152	83046050	2	2	1	1	0	38
chr15	83046506	83050275	2	2	1	1	0	26
chr15	83211866	83214719	2	2	1	1	0	19
chr15	83272872	83274623	2	2	1	2	0	25
chr15	84086560	84086969	1	1	1	1	0	43
chr15	84094832	84095237	1	1	1	2	0	23
chr15	84095380	84098326	1	1	1	17	0	45
chr15	84819725	84821687	1	1	1	1	0	24
chr15	85220782	85221201	1	1	1	1	0	43
chr15	85346669	85347121	1	1	1	9	0	42
chr15	85741199	85741840	1	1	1	1	0	33
chr15	86079134	86079506	2	4	1	1	0	16
chr15	88709494	88710589	1	1	1	1	0	29
chr15	88955540	88955773	2	2	1	1	0	45
chr15	89164021	89164209	1	1	1	1	0	29
chr15	89164268	89164561	1	1	1	1	0	5
chr15	89259329	89259704	2	2	1	1	0	19
chr15	89261793	89261934	2	2	1	1	0	24
chr15	89313031	89313251	2	2	1	1	0	32
chr15	90436253	90452451	2	2	1	2	0	43
chr15	90452494	90453662	2	2	1	1	0	42
chr15	90453768	90456147	2	2	1	1	0	22
chr15	90852418	90852559	2	2	1	3	0	17
chr15	90856919	90864997	2	2	1	2	0	38
chr15	90865202	90868936	2	2	1	4	0	37
chr15	90879837	90881745	2	2	1	1	0	38
chr15	93284168	93285457	2	2	1	9	0	44
chr15	93285534	93285627	2	2	1	4	0	34
chr15	93285741	93288931	2	2	1	2	0	41
chr15	93289040	93289334	2	2	1	3	0	40
chr15	96330306	96332800	2	2	1	2	0	36
chr15	96894973	96896323	2	2	1	4	0	39
chr15	96897515	96903700	2	2	1	1	0	12
chr15	96906619	96906743	2	2	1	1	0	42
chr15	96907887	96907995	2	2	1	1	0	34
chr15	96911393	96914008	2	2	1	2	0	33
chr15	96914125	96914641	2	2	1	1	0	4
chr15	97599093	97601082	2	2	1	1	0	32
chr15	97682498	97687783	1	1	1	1	0	17
chr15	98997482	98998703	1	1	1	1	0	30
chr15	98999657	99002196	1	1	1	1	0	26
chr15	99213451	99213603	1	1	1	2	0	41
chr15	99214262	99214341	1	1	1	1	0	4
chr15	99300051	99302294	1	1	1	3	0	35
chr15	99302416	99303597	1	1	1	4	0	41
chr15	99303647	99303741	1	1	1	1	0	40
chr15	99303840	99304032	1	1	1	1	0	21
chr15	99304113	99304457	1	1	1	4	0	35
chr15	99304559	99305148	1	1	1	10	0	45
chr15	99305225	99306355	1	1	1	13	0	45
chr15	99800910	99806961	1	1	1	3	0	41
chr15	99884075	99885283	1	1	1	3	0	46
chr15	99885360	99888173	1	1	1	2	0	42
chr15	100407556	100409575	2	2	1	1	0	34
chr15	100572599	100573204	2	2	1	1	0	7
chr15	101906154	101906287	2	2	1	2	0	17
chr15	101907374	101907865	2	2	1	1	0	4
chr15	101939456	101939730	1	1	1	3	0	14
chr15	101939955	101940275	1	1	1	23	0	41
chr15	101999930	102001420	1	1	1	2	0	17
chr15	102003485	102003687	1	1	1	2	0	28
chr15	102070580	102070988	1	1	1	1	0	14
chr15	102086222	102086961	2	2	1	1	0	8
chr15	102087052	102087395	2	2	1	1	0	25
chr15	102087268	102087395	2	2	1	1	0	6
chr15	102087596	102087955	2	2	1	1	0	40
chr15	102237253	102239707	1	1	1	7	0	41
chr15	102245946	102246070	1	1	1	1	0	18
chr15	102379239	102381695	1	1	1	1	0	6
chr15	102382715	102383009	1	1	1	1	0	4
chr15	102399239	102406923	1	1	1	1	0	26
chr15	102571564	102573488	2	2	1	0	1	19
chr15	103152208	103152385	1	1	1	1	0	15
chr15	103152456	103154772	1	1	1	2	0	41
chr15	103154849	103154971	1	1	1	4	0	33
chr16	3735786	3737344	1	1	1	2	0	34
chr16	3858089	3858222	2	2	1	1	0	22
chr16	3858296	3861816	2	2	1	1	0	7
chr16	3861963	3862476	2	2	1	1	0	22
chr16	3909824	3910053	2	2	1	9	0	40
chr16	3910220	3911335	2	2	1	1	0	35
chr16	3943627	3944330	2	2	1	3	0	41
chr16	4434498	4434676	2	2	1	12	0	41
chr16	4434743	4434989	2	2	1	5	0	25
chr16	4583754	4583841	1	1	1	1	0	9
chr16	4764044	4765128	2	2	1	1	0	8
chr16	4825919	4826069	1	1	1	2	0	34
chr16	4873229	4879845	1	1	1	1	0	25
chr16	4880495	4880803	1	1	1	2	0	39
chr16	4880939	4881536	1	1	1	1	0	25
chr16	5065464	5066428	2	2	1	2	0	29
chr16	8421617	8423375	1	1	1	2	0	24
chr16	8423525	8426719	1	1	1	1	0	25
chr16	8463310	8464036	1	1	1	1	0	43
chr16	8514609	8514690	2	2	1	1	0	24
chr16	8522883	8522967	2	2	1	2	0	29
chr16	8523049	8523949	2	2	1	1	0	5
chr16	10102480	10103318	2	2	1	1	0	20
chr16	11014261	11014336	2	2	1	7	0	46
chr16	11038744	11040448	2	2	1	1	0	26
chr16	11040618	11041075	2	2	1	1	0	14
chr16	11053308	11055394	2	2	1	4	0	34
chr16	11055429	11056735	2	2	1	3	0	34
chr16	11058572	11058668	2	2	1	1	0	3
chr16	11058705	11071506	2	2	1	1	0	36
chr16	11646462	11705441	2	2	1	3	0	43
chr16	13359113	13384433	2	2	1	2	0	5
chr16	13580933	13585563	1	1	1	0	1	28
chr16	13598704	13599856	1	1	1	1	0	33
chr16	14018732	14018832	2	2	1	1	0	24
chr16	14022624	14022970	2	2	1	1	0	26
chr16	15374408	15394878	2	2	1	0	1	19
chr16	16122568	16124326	1	1	1	1	0	13
chr16	16159333	16163861	2	2	1	2	0	25
chr16	16164010	16168331	2	2	1	2	0	16
chr16	16164010	16176627	2	2	1	2	0	31
chr16	16293026	16295287	2	2	1	0	2	3
chr16	16853416	16856177	1	1	1	3	0	32
chr16	16909157	16909719	2	2	1	2	0	5
chr16	16909754	16910078	2	2	1	2	0	34
chr16	17098665	17098883	2	2	1	1	0	11
chr16	17100607	17100686	2	2	1	1	0	34
chr16	17155001	17157631	1	1	1	2	0	44
chr16	17157906	17160204	1	1	1	2	0	43
chr16	17744169	17744298	2	2	1	1	0	20
chr16	17745157	17745230	2	2	1	1	0	7
chr16	17884599	17889069	2	2	1	1	0	19
chr16	17888837	17889009	1	1	1	4	0	30
chr16	18058058	18058757	2	2	1	2	0	20
chr16	18226791	18229432	2	2	1	1	0	3
chr16	18229565	18229876	2	2	1	1	0	15
chr16	18230071	18230439	2	2	1	2	0	17
chr16	18230708	18232015	2	2	1	1	0	32
chr16	18296608	18297607	1	1	1	2	0	35
chr16	18633713	18634078	1	1	1	1	0	21
chr16	18645857	18646385	1	1	1	1	0	23
chr16	18646468	18652985	1	1	1	2	0	21
chr16	18899087	18901284	2	2	1	0	1	44
chr16	20101571	20101673	2	2	1	2	0	45
chr16	20323541	20323948	1	1	1	1	0	4
chr16	20326904	20327458	1	1	1	1	0	31
chr16	20360842	20360946	1	1	1	3	0	6
chr16	20471051	20471342	1	1	1	1	0	44
chr16	20498776	20499462	1	1	1	1	0	20
chr16	20499552	20499639	1	1	1	1	0	3
chr16	20500329	20500483	1	1	1	2	0	25
chr16	20500329	20500486	1	1	1	1	0	35
chr16	20500990	20501408	1	1	1	2	0	11
chr16	20502405	20502561	1	1	1	5	0	35
chr16	20506026	20506130	1	1	1	1	0	40
chr16	20508083	20510996	1	1	1	1	0	12
chr16	20511355	20511574	2	4	1	1	1	32
chr16	21845490	21846718	1	1	1	1	0	40
chr16	22078012	22084490	2	2	1	2	0	20
chr16	22711078	22713074	1	1	1	1	0	6
chr16	22714036	22718076	2	2	1	1	0	40
chr16	22714108	22715257	1	1	1	1	0	3
chr16	22715360	22716877	1	1	1	1	0	30
chr16	22715360	22717916	1	1	1	0	2	3
chr16	22716962	22717546	1	1	1	6	0	44
chr16	22717957	22718076	2	2	1	3	0	44
chr16	22756708	22758025	1	1	1	3	0	31
chr16	22772520	22773195	1	1	1	1	0	44
chr16	22778013	22779491	1	1	1	3	0	39
chr16	22804819	22806994	2	2	1	6	8	38
chr16	22815860	22815960	2	2	1	4	0	28
chr16	22816069	22818563	2	2	1	1	0	39
chr16	22845909	22847464	2	2	1	1	0	41
chr16	22877389	22879132	1	1	1	2	1	35
chr16	22879244	22880360	1	1	1	4	0	24
chr16	22880443	22886444	1	1	1	2	0	26
chr16	22886618	22887967	1	1	1	5	0	37
chr16	22888076	22892107	1	1	1	1	0	26
chr16	22892193	22893382	1	1	1	1	0	42
chr16	22893556	22896023	1	1	1	4	0	44
chr16	22896132	22896233	1	1	1	33	0	42
chr16	22896321	22897723	1	1	1	24	0	46
chr16	22897802	22900227	1	1	1	110	8	45
chr16	22929094	22929329	1	1	1	2	0	19
chr16	22930343	22930566	1	1	1	1	0	42
chr16	22932858	22932936	2	2	1	1	0	44
chr16	22933054	22933194	2	2	1	1	0	24
chr16	23011894	23012248	1	1	1	4	0	38
chr16	23012318	23019735	1	1	1	1	0	5
chr16	23907101	23907455	2	2	1	1	0	26
chr16	24348261	24348362	1	1	1	0	1	33
chr16	24796071	24797942	1	1	1	1	0	11
chr16	27236116	27254311	1	1	1	2	0	24
chr16	29449013	29467754	1	1	1	1	0	27
chr16	29467830	29470571	1	1	1	4	0	35
chr16	29883355	29883465	1	1	1	1	0	43
chr16	30169939	30170046	2	2	1	1	0	11
chr16	30171218	30173049	2	2	1	1	0	9
chr16	30173123	30174570	2	2	1	1	0	10
chr16	30185754	30206424	2	2	1	1	0	39
chr16	30206471	30207165	2	2	1	1	0	7
chr16	30952443	30955354	2	2	1	1	0	27
chr16	30960616	30972523	2	2	1	1	0	37
chr16	31802692	31807757	2	2	1	1	0	30
chr16	31858750	31860285	2	2	1	1	0	5
chr16	31903445	31904054	2	2	1	2	0	18
chr16	32104368	32107936	1	1	1	2	0	4
chr16	32108059	32110720	1	1	1	3	0	31
chr16	32151179	32171616	1	1	1	1	0	19
chr16	32171765	32178825	1	1	1	1	0	26
chr16	32711784	32715454	1	1	1	1	0	27
chr16	32877549	32877759	1	1	1	1	0	29
chr16	32877913	32879048	1	1	1	59	11	44
chr16	32879194	32880467	1	1	1	0	120	45
chr16	33112253	33115010	1	3	1	2	0	40
chr16	34821255	34824575	2	2	1	0	1	3
chr16	34843006	34846194	1	1	1	1	0	12
chr16	34922495	34926684	1	1	1	0	2	12
chr16	35686659	35686801	2	2	1	1	0	12
chr16	35686659	35691536	2	2	1	1	0	38
chr16	35803879	35820551	1	1	1	2	0	35
chr16	35823321	35829685	1	1	1	1	0	21
chr16	35864462	35866748	2	2	1	3	0	25
chr16	35870321	35872655	2	2	1	1	0	32
chr16	36425701	36426892	2	2	1	2	0	18
chr16	36705551	36707600	1	1	1	1	0	10
chr16	36707766	36707918	1	1	1	3	0	18
chr16	36719270	36720819	1	1	1	1	0	30
chr16	37400699	37409052	1	1	1	1	0	24
chr16	37444746	37448783	1	1	1	1	0	5
chr16	37448966	37452037	1	1	1	3	0	27
chr16	37468082	37469375	2	2	1	10	58	46
chr16	37469523	37474541	2	2	1	0	7	29
chr16	38049139	38060863	1	1	1	2	0	32
chr16	38167570	38169602	1	1	1	4	0	41
chr16	38169692	38170038	1	1	1	1	0	23
chr16	38169692	38172987	1	1	1	12	0	45
chr16	38170094	38172987	1	1	1	2	0	39
chr16	43056441	43122931	1	1	1	2	0	12
chr16	43122979	43283309	1	1	1	2	0	33
chr16	44021042	44022100	1	1	1	1	0	29
chr16	44022130	44025360	1	1	1	1	0	10
chr16	44033100	44035777	1	1	1	1	0	23
chr16	44559732	44560391	2	2	1	1	0	19
chr16	44990300	44992008	1	1	1	1	0	32
chr16	44992117	44995611	1	1	1	2	0	37
chr16	44995662	44998592	1	1	1	1	0	34
chr16	44998675	45003018	1	1	1	1	0	24
chr16	45006598	45008022	1	1	1	1	0	24
chr16	45973511	45974203	0	0	1	0	3	41
chr16	45973525	45974160	1	1	1	0	1	46
chr16	48768940	48770363	2	2	1	1	0	3
chr16	48770397	48774089	2	2	1	1	0	33
chr16	49727176	49731231	1	1	1	1	0	11
chr16	50061298	50068144	2	2	1	1	0	45
chr16	55786802	55786909	1	1	1	2	0	37
chr16	55786986	55787422	1	1	1	10	1	46
chr16	55787534	55789872	1	1	1	0	33	45
chr16	55790010	55790474	1	1	1	90	4	46
chr16	55790539	55791673	1	1	1	32	92	46
chr16	55944334	55959347	1	1	1	1	0	36
chr16	56955143	56957060	1	1	1	3	0	21
chr16	56957171	56958392	1	1	1	1	0	36
chr16	56958542	56960941	1	1	1	2	0	19
chr16	56977530	56977846	2	2	1	4	0	43
chr16	56977903	56979780	2	2	1	1	0	12
chr16	56982148	56983880	2	2	1	1	0	10
chr16	57019347	57028566	2	2	1	1	0	21
chr16	57211656	57211751	1	1	1	1	34	31
chr16	57211818	57211999	2	2	1	2	0	16
chr16	62627011	62632211	2	2	1	1	0	6
chr16	62746917	62748395	1	1	1	1	0	37
chr16	64672600	64673161	1	1	1	4	0	20
chr16	76856189	76859283	1	1	1	1	0	36
chr16	76868681	76871746	1	1	1	1	0	37
chr16	78122212	78125841	1	1	1	3	0	40
chr16	78133260	78156098	1	1	1	1	0	17
chr16	81412796	81418228	1	1	1	1	0	11
chr16	84515273	84517157	2	2	1	8	0	44
chr16	84517206	84520725	2	2	1	8	0	39
chr16	84624884	84625312	2	2	1	134	0	43
chr16	84625438	84628216	2	2	1	10	0	45
chr16	84628396	84631696	2	2	1	1	0	24
chr16	84631856	84632308	2	2	1	1	0	20
chr16	84759757	84762557	2	2	1	2	0	25
chr16	86567286	86595895	2	2	1	1	0	43
chr16	86567286	86600860	2	2	1	1	0	12
chr16	87205775	87206189	2	2	1	1	0	35
chr16	87267338	87268599	1	1	1	1	0	37
chr16	87268731	87268968	1	1	1	3	0	43
chr16	87269057	87269994	1	1	1	2	0	29
chr16	87270074	87271469	1	1	1	2	0	24
chr16	87272362	87273601	1	1	1	2	0	21
chr16	87280954	87281691	2	2	1	23	0	45
chr16	87281812	87282467	2	2	1	2	0	32
chr16	87283409	87283482	2	2	1	1	0	39
chr16	87283550	87284421	2	2	1	2	0	45
chr16	90017818	90019667	1	3	1	5	1	23
chr16	90019765	90021243	1	1	1	2	0	32
chr16	90021314	90022032	1	1	1	14	0	45
chr16	90022151	90023037	1	1	1	178	0	45
chr16	90722971	90723232	2	2	1	1	0	19
chr16	90812067	90813733	2	2	1	2	0	36
chr16	91448685	91451498	1	1	1	55	0	44
chr16	91467463	91468236	1	1	1	2	0	19
chr16	91487638	91489486	2	6	1	2	0	28
chr16	91722280	91722428	2	2	1	45	0	44
chr16	91722516	91723346	2	2	1	9	0	38
chr16	92102286	92107688	1	1	1	1	0	5
chr16	92107858	92109749	1	1	1	4	0	36
chr16	94194034	94204172	1	1	1	1	0	29
chr16	94204228	94209412	1	1	1	1	0	8
chr16	94226048	94227009	1	1	1	1	0	44
chr16	94249008	94251878	1	1	1	1	0	43
chr16	94255383	94257569	1	1	1	1	0	7
chr16	95781312	95783301	2	2	1	2	0	19
chr16	95842584	95844200	2	2	1	1	0	11
chr16	95928541	95928631	2	2	1	1	0	10
chr16	95928662	95928789	2	2	1	1	0	30
chr17	5483855	5489806	2	2	1	1	0	15
chr17	5489908	5490407	2	2	1	2	0	44
chr17	5955249	5958628	1	1	1	1	0	39
chr17	5972483	5974879	1	1	1	1	0	43
chr17	5978572	5980844	1	1	1	4	0	32
chr17	6182014	6182143	1	3	1	0	2	29
chr17	6182069	6182227	1	1	1	0	7	40
chr17	6348258	6348423	1	1	1	1	0	12
chr17	7162586	7162742	1	1	1	0	4	40
chr17	7246498	7248506	1	1	1	0	1	13
chr17	7248568	7251537	1	1	1	0	1	18
chr17	7256192	7259079	1	1	1	0	1	30
chr17	8353850	8356719	2	2	1	0	1	30
chr17	8361403	8364373	2	2	1	0	1	18
chr17	8364435	8366425	2	2	1	0	1	13
chr17	8411114	8413352	1	1	1	1	0	24
chr17	8515789	8515969	1	1	1	0	1	7
chr17	10434404	10435088	2	2	1	2	0	30
chr17	12597604	12600968	1	1	1	1	0	17
chr17	12601105	12603280	1	1	1	1	0	43
chr17	12607492	12609103	1	1	1	2	0	19
chr17	12609244	12610635	1	1	1	2	0	14
chr17	12610757	12611961	1	1	1	2	0	40
chr17	12612081	12614508	1	1	1	1	0	12
chr17	12622120	12622899	1	1	1	1	0	29
chr17	12623049	12624058	1	1	1	1	0	15
chr17	12624153	12627876	1	1	1	1	0	25
chr17	12628001	12629772	1	1	1	1	0	5
chr17	12630489	12633064	1	1	1	3	0	15
chr17	12633172	12637523	1	1	1	1	0	10
chr17	12637670	12637852	1	1	1	6	0	30
chr17	12867972	12869755	2	2	1	20	0	45
chr17	12869859	12871258	2	2	1	4	0	41
chr17	12875934	12878432	2	2	1	2	0	16
chr17	13130637	13132656	2	2	1	3	0	16
chr17	13139754	13140989	1	1	1	4	0	39
chr17	13142581	13143146	1	1	1	5	0	30
chr17	13143521	13146271	1	1	1	0	1	46
chr17	13143521	13166290	1	1	1	0	1	46
chr17	13143718	13144154	2	2	1	4	0	37
chr17	13146348	13147381	2	2	1	0	1	19
chr17	13162723	13166290	1	1	1	0	1	46
chr17	13166367	13167400	2	2	1	0	1	19
chr17	14024397	14027538	1	1	1	3	0	29
chr17	14027655	14029193	1	1	1	2	0	38
chr17	14050395	14052629	1	1	1	1	0	22
chr17	15165447	15166460	2	2	1	2	0	35
chr17	15281445	15284246	1	1	1	1	0	22
chr17	15696468	15697576	2	2	1	7	0	41
chr17	15981670	15982643	1	1	1	1	0	7
chr17	17610327	17613716	1	1	1	1	0	14
chr17	17758967	17765072	2	2	1	1	0	27
chr17	21725370	21727601	1	1	1	1	0	28
chr17	23801392	23813190	1	1	1	0	7	46
chr17	23893650	23893857	1	1	1	1	0	29
chr17	23996074	23998601	2	2	1	1	0	29
chr17	24022373	24025905	1	1	1	3	0	11
chr17	24027148	24027327	1	1	1	9	0	44
chr17	24027493	24028942	1	1	1	4	0	33
chr17	24029021	24029386	1	1	1	2	0	34
chr17	24029021	24029389	1	1	1	1	0	43
chr17	24029450	24029712	1	1	1	1	0	13
chr17	24029746	24030004	1	1	1	1	0	19
chr17	24043954	24045559	2	2	1	1	0	11
chr17	24043954	24046441	2	2	1	25	5	46
chr17	24046548	24047817	2	2	1	1	0	39
chr17	24047923	24048056	2	2	1	1	0	23
chr17	24298117	24298465	2	2	1	2	0	42
chr17	24375647	24376501	2	2	1	1	0	15
chr17	24377207	24377283	2	2	1	1	0	13
chr17	24420044	24420207	1	3	1	1	0	19
chr17	24656585	24657922	1	1	1	2	0	23
chr17	24939107	24939246	1	1	1	1	0	6
chr17	24940277	24940596	1	1	1	51	0	46
chr17	24940689	24940776	1	1	1	199	3	46
chr17	24940702	24940776	1	1	1	1	0	7
chr17	24941195	24941354	2	2	1	40	0	45
chr17	24941495	24941628	2	2	1	1	0	21
chr17	25069643	25071704	1	1	1	1	0	31
chr17	25072671	25075611	1	1	1	1	0	28
chr17	25080389	25082650	1	1	1	2	0	42
chr17	25082731	25083166	1	1	1	15	0	44
chr17	25481466	25483739	2	2	1	0	2	15
chr17	25875088	25881487	1	1	1	4	0	41
chr17	26009753	26009906	2	2	1	1	0	25
chr17	26010461	26010545	2	2	1	1	0	21
chr17	26083327	26083567	2	2	1	1	0	31
chr17	26095537	26095634	1	1	1	2	0	32
chr17	26095714	26095923	1	1	1	11	0	41
chr17	26103777	26104048	2	2	1	1	0	20
chr17	26121001	26121053	1	1	1	0	2	44
chr17	26210388	26210636	2	2	1	1	0	32
chr17	26486333	26494647	1	1	1	2	0	41
chr17	26759836	26804770	2	2	1	1	0	43
chr17	27157066	27157857	2	2	1	1	0	3
chr17	27157151	27157391	2	2	1	2	0	33
chr17	27157442	27157545	2	2	1	1	0	9
chr17	27157592	27157700	2	2	1	1	0	20
chr17	27157761	27157857	2	2	1	1	0	20
chr17	27341815	27344120	2	2	1	6	0	26
chr17	27344191	27344857	2	2	1	3	0	34
chr17	27849481	27850173	2	2	1	34	1	45
chr17	27850230	27851252	2	2	1	20	0	46
chr17	27851331	27853045	2	2	1	4	7	44
chr17	27853218	27853299	2	2	1	1	0	18
chr17	27972970	27986884	2	2	1	1	0	15
chr17	27972970	27987109	2	2	1	1	0	33
chr17	28423543	28424084	1	1	1	2	0	8
chr17	28549672	28549803	1	1	1	19	0	43
chr17	28821828	28822411	2	2	1	3	0	39
chr17	28854473	28952617	2	2	1	2	0	17
chr17	29260604	29260964	1	1	1	0	2	26
chr17	29496922	29501033	1	1	1	2	0	40
chr17	29517740	29520329	1	1	1	18	0	46
chr17	29559473	29559764	2	2	1	2	0	14
chr17	29923444	29924244	2	2	1	6	0	32
chr17	29924298	29924462	2	2	1	1	0	7
chr17	30812049	30813088	2	2	1	4	0	25
chr17	30813201	30815347	2	2	1	0	1	17
chr17	30815438	30816778	2	2	1	0	1	21
chr17	31739236	31740542	1	1	1	1	0	28
chr17	31740667	31750083	1	1	1	12	0	45
chr17	31809749	31811078	1	1	1	1	0	10
chr17	31834533	31835019	2	2	1	2	0	44
chr17	31840538	31841400	2	2	1	1	0	44
chr17	31866211	31866976	2	2	1	1	0	25
chr17	31866330	31866976	2	2	1	5	0	41
chr17	31867291	31867640	2	2	1	2	0	9
chr17	31870687	31873952	2	2	1	2	0	7
chr17	32432701	32433604	2	2	1	1	0	32
chr17	32530069	32531259	2	2	1	1	0	4
chr17	32540966	32551452	2	2	1	1	0	19
chr17	32632449	32634779	2	2	1	18	0	45
chr17	33850438	33850515	1	1	1	1	0	24
chr17	33877889	33879186	2	2	1	1	0	28
chr17	33968035	33968755	2	2	1	1	0	32
chr17	33994543	33995923	2	2	1	1	0	26
chr17	34042091	34042166	2	2	1	36	0	43
chr17	34042091	34042170	2	2	1	14	0	40
chr17	34042305	34043272	2	2	1	2	8	44
chr17	34043321	34043407	2	2	1	2	0	19
chr17	34043655	34044574	1	1	1	3	0	39
chr17	34048791	34057072	1	1	1	16	0	44
chr17	34158086	34158512	2	2	1	8	0	31
chr17	34171093	34171194	2	2	1	235	0	46
chr17	34171287	34171376	2	2	1	68	1	41
chr17	34171566	34174051	2	2	1	4	5	42
chr17	34174151	34174591	2	2	1	1	0	10
chr17	34215180	34215611	1	1	1	2	0	19
chr17	34215192	34216404	0	0	1	5	0	36
chr17	34215223	34215397	1	1	1	1	0	30
chr17	34215478	34215589	2	2	1	3	0	29
chr17	34215629	34215800	2	2	1	2	0	33
chr17	34215834	34216011	2	2	1	1	0	10
chr17	34216132	34216258	2	2	1	4	0	33
chr17	34245200	34245369	2	2	1	6	0	36
chr17	34245445	34245636	2	2	1	3	0	39
chr17	34245680	34245824	2	2	1	3	0	43
chr17	34245910	34245989	2	2	1	1	0	17
chr17	34248043	34248483	2	2	1	1	0	26
chr17	34332807	34332905	2	2	1	3	0	36
chr17	34333152	34333323	2	2	1	1	0	45
chr17	34401326	34402062	2	2	1	1	0	9
chr17	34501998	34502128	2	2	1	1	0	20
chr17	34820963	34821058	2	2	1	1	0	11
chr17	34947499	34947574	1	1	1	0	1	27
chr17	34947602	34947738	2	2	1	18	10	45
chr17	34947872	34948155	2	2	1	2	0	46
chr17	34949964	34950049	2	2	1	1	0	16
chr17	34950144	34951143	2	2	1	1	0	25
chr17	34951204	34951697	2	2	1	1	0	7
chr17	34956734	34957816	2	2	1	0	1	28
chr17	35028213	35028288	1	1	1	0	1	27
chr17	35028316	35028452	2	2	1	0	10	45
chr17	35036931	35037352	2	2	1	0	1	28
chr17	35058379	35059271	2	2	1	1	0	34
chr17	35071638	35072400	1	1	1	1	0	3
chr17	35071938	35088281	1	3	1	1	0	23
chr17	35072476	35072588	1	1	1	1	0	14
chr17	35073775	35075063	1	1	1	5	0	34
chr17	35075457	35077076	2	2	1	1	0	22
chr17	35075504	35075843	1	1	1	1	0	43
chr17	35075559	35075855	2	2	1	101	0	44
chr17	35075906	35075979	2	2	1	34	0	43
chr17	35076113	35076194	2	2	1	3	0	39
chr17	35076296	35076467	2	2	1	2	0	43
chr17	35076545	35076643	2	2	1	1	0	10
chr17	35076798	35077012	2	2	1	1	0	37
chr17	35077131	35077473	2	2	1	2	0	36
chr17	35077572	35077984	2	2	1	1	0	9
chr17	35078123	35078205	2	2	1	1	0	13
chr17	35078550	35078911	2	2	1	1	0	17
chr17	35079602	35079738	2	2	1	1	0	27
chr17	35122196	35122298	1	1	1	1	0	29
chr17	35169452	35170860	2	2	1	1	0	16
chr17	35223552	35223747	1	1	1	1	0	39
chr17	35234896	35235162	1	1	1	5	0	39
chr17	35320861	35320945	1	1	1	1	0	43
chr17	35335402	35336671	2	2	1	1	0	42
chr17	35348112	35349055	2	2	1	89	0	45
chr17	35349155	35349383	2	2	1	17	0	43
chr17	35349483	35349814	2	2	1	4	0	31
chr17	35365330	35366116	1	1	1	2	0	24
chr17	35365880	35366116	1	1	1	10	0	44
chr17	35472331	35472448	1	1	1	1	0	40
chr17	35661771	35661942	1	1	1	1	0	30
chr17	35661976	35662324	1	1	1	1	0	29
chr17	35662574	35662596	0	0	1	0	3	36
chr17	35756487	35756509	0	0	1	0	3	36
chr17	35781543	35781722	1	1	1	5	0	44
chr17	35781965	35785263	2	2	1	2	0	38
chr17	35784256	35784382	1	1	1	12	0	45
chr17	35784256	35785312	1	1	1	2	0	40
chr17	35784487	35784664	1	1	1	4	0	33
chr17	35784698	35785037	1	1	1	6	0	33
chr17	35967545	35967627	2	2	1	1	0	27
chr17	35980924	35981081	2	2	1	1	0	15
chr17	35981151	35981256	2	2	1	1	0	4
chr17	36136711	36143504	2	4	1	2	0	43
chr17	36191011	36192169	1	1	1	2	0	29
chr17	36201981	36203310	1	1	1	4	0	41
chr17	36219557	36219744	2	2	1	1	0	20
chr17	36234318	36234928	1	1	1	1	0	23
chr17	36272977	36274017	2	2	1	4	0	37
chr17	36274129	36274212	2	2	1	7	0	44
chr17	36274285	36274460	2	2	1	3	0	20
chr17	36298701	36299464	1	3	1	1	0	22
chr17	36341124	36341262	2	2	1	4	0	28
chr17	36341990	36342529	2	2	1	1	0	17
chr17	36566691	36566835	2	2	1	3	0	32
chr17	36572499	36573001	2	2	1	1	0	24
chr17	37167664	37167880	1	1	1	1	0	13
chr17	37167914	37168291	1	1	1	1	0	33
chr17	37265445	37268457	2	2	1	1	0	13
chr17	40157385	40157544	2	2	1	1	0	27
chr17	40157615	40157709	2	2	1	0	1	24
chr17	40157728	40157870	1	3	1	126	6	28
chr17	40157924	40157995	2	4	1	0	24	22
chr17	40158099	40158124	0	0	0	3	0	34
chr17	41269761	41271458	1	1	1	2	0	39
chr17	43107261	43109485	2	2	1	0	1	39
chr17	43116227	43118804	2	2	1	1	0	13
chr17	43136823	43137171	2	2	1	1	0	16
chr17	43149694	43156216	2	2	1	1	0	32
chr17	43156371	43163258	2	2	1	1	0	35
chr17	43624108	43625319	1	1	1	1	0	33
chr17	45302708	45305203	1	1	1	1	0	8
chr17	45718965	45719261	2	2	1	1	0	43
chr17	45730746	45735426	2	4	1	3	0	13
chr17	45874995	45875505	1	1	1	1	0	10
chr17	45879051	45879154	2	2	1	2	0	35
chr17	45879489	45879783	2	2	1	1	0	22
chr17	45880053	45880165	2	2	1	5	0	34
chr17	45880314	45880395	2	2	1	2	0	8
chr17	45880753	45881183	2	2	1	6	0	34
chr17	45881469	45882804	2	2	1	0	5	5
chr17	45881493	45881591	2	2	1	103	0	46
chr17	45881726	45881943	2	2	1	15	0	39
chr17	45882546	45882690	2	2	1	2	0	27
chr17	45896709	45897019	2	2	1	1	0	33
chr17	46332049	46334990	2	2	1	1	0	28
chr17	46335021	46335369	2	2	1	1	0	13
chr17	46335447	46336272	2	2	1	3	0	29
chr17	46570947	46571020	2	2	1	1	0	24
chr17	46711018	46713659	1	1	1	1	0	25
chr17	46720706	46721198	1	1	1	1	0	24
chr17	46721318	46721559	1	1	1	1	0	45
chr17	46743444	46743872	2	2	1	1	0	23
chr17	46942818	46942958	2	2	1	2	0	30
chr17	46946445	46946657	2	2	1	1	0	16
chr17	46947219	46947545	2	2	1	1	0	17
chr17	46960035	46960809	1	1	1	1	0	3
chr17	47036774	47037057	2	4	1	2	0	33
chr17	47036823	47037024	2	2	1	4	0	42
chr17	47036898	47036986	2	2	1	19	0	39
chr17	47037109	47037194	2	2	1	7	0	32
chr17	47037338	47037531	2	2	1	5	0	45
chr17	47037643	47038190	2	2	1	3	0	23
chr17	47038319	47039871	2	2	1	3	0	34
chr17	47274717	47275682	2	2	1	4	0	42
chr17	47275736	47277066	2	2	1	1	0	19
chr17	47439012	47464814	1	1	1	0	1	37
chr17	47683571	47685897	1	1	1	0	1	13
chr17	47997934	47998112	2	2	1	2	0	30
chr17	49761382	49762293	2	2	1	1	0	19
chr17	53961594	53966345	1	1	1	1	0	26
chr17	53966457	53967056	1	1	1	4	0	38
chr17	53967201	53970562	1	1	1	1	0	40
chr17	56306809	56306912	2	2	1	1	0	42
chr17	56322997	56323515	1	1	1	13	0	45
chr17	56375684	56375959	2	2	1	4	0	41
chr17	56377986	56379400	2	2	1	2	0	42
chr17	56405754	56405973	1	1	1	1	0	22
chr17	56406986	56407344	1	1	1	1	0	13
chr17	56406986	56407347	1	1	1	1	0	10
chr17	56878320	56878399	2	2	1	1	0	30
chr17	56883013	56883877	2	2	1	1	0	28
chr17	56883906	56884842	2	2	1	1	0	3
chr17	56902715	56904787	1	1	1	1	0	27
chr17	56914842	56915637	2	2	1	7	0	45
chr17	56915693	56915845	2	2	1	3	0	23
chr17	56920681	56920906	1	1	1	5	0	46
chr17	56921042	56921123	1	1	1	71	0	46
chr17	56921042	56921147	1	1	1	1	0	21
chr17	56921375	56925393	1	3	1	1	0	32
chr17	56921801	56921873	2	2	1	1	0	11
chr17	56922416	56922503	2	2	1	1	0	5
chr17	57009895	57018658	1	1	1	2	0	31
chr17	57028128	57028318	1	1	1	1	0	39
chr17	57028442	57028984	1	1	1	16	0	45
chr17	57305796	57305929	1	1	1	3	0	39
chr17	57312545	57313985	2	2	1	1	0	38
chr17	57360943	57362273	2	2	1	1	0	6
chr17	57511152	57517203	1	1	1	1	0	24
chr17	57511155	57511250	2	2	1	367	0	46
chr17	57511170	57511250	2	2	1	1	0	27
chr17	57511387	57511466	2	2	1	10	0	46
chr17	57511551	57512296	2	2	1	7	0	33
chr17	57512381	57512655	2	2	1	5	0	32
chr17	57512746	57513189	2	2	1	3	0	23
chr17	57513296	57514333	2	2	1	3	0	27
chr17	57514424	57514531	2	2	1	5	0	44
chr17	57516502	57516588	2	2	1	2	0	26
chr17	57516649	57517164	2	2	1	5	0	18
chr17	57517324	57518571	2	4	1	8	0	38
chr17	57518736	57519604	2	2	1	4	0	35
chr17	57519762	57520765	2	2	1	5	0	44
chr17	57520865	57521675	2	2	1	5	0	18
chr17	57521836	57522113	2	2	1	1	0	20
chr17	57522933	57524084	2	2	1	1	0	28
chr17	57524172	57524265	2	2	1	2	0	37
chr17	57525672	57525797	2	2	1	1	0	6
chr17	57526626	57527093	2	2	1	1	0	43
chr17	57527203	57527972	2	2	1	3	0	40
chr17	57528084	57530904	1	1	1	1	0	32
chr17	57528174	57528322	2	2	1	4	0	27
chr17	57528395	57528888	2	2	1	5	0	43
chr17	57529019	57529195	2	2	1	2	0	26
chr17	57531414	57531643	2	2	1	1	0	30
chr17	58145592	58145821	2	4	1	0	1	27
chr17	65020680	65021592	1	1	1	3	0	15
chr17	65040861	65041928	1	1	1	3	0	43
chr17	65899367	65900434	2	2	1	1	0	21
chr17	65900539	65901896	2	2	1	1	0	20
chr17	65968379	65968441	1	5	1	0	1	25
chr17	66171728	66174526	2	2	1	5	0	40
chr17	66356929	66359948	2	2	1	0	1	4
chr17	66386583	66387805	2	2	1	32	0	46
chr17	66387883	66390392	2	2	1	6	0	44
chr17	66390503	66394397	2	2	1	1	0	11
chr17	66394567	66396226	2	2	1	1	0	20
chr17	66398925	66408409	2	2	1	1	0	41
chr17	71522160	71529049	1	1	1	1	0	9
chr17	71529146	71531934	1	1	1	1	0	10
chr17	71735281	71736456	2	2	1	1	0	26
chr17	71755842	71762599	2	2	1	1	0	21
chr17	71960518	71964335	1	1	1	1	0	26
chr17	71964386	71964470	1	1	1	1	0	16
chr17	74921428	74922214	1	1	1	2	0	10
chr17	74922326	74925430	1	1	1	6	0	45
chr17	74922353	74925430	1	1	1	1	0	7
chr17	74925559	74926701	1	1	1	2	0	37
chr17	74959047	74959611	1	1	1	5	0	42
chr17	74959742	74961383	1	1	1	3	0	36
chr17	74984375	74996212	1	1	1	1	0	40
chr17	75169142	75170328	1	1	1	1	0	5
chr17	79146643	79147506	1	1	1	3	0	24
chr17	79147549	79148391	1	1	1	1	0	26
chr17	79149659	79151247	1	1	1	1	0	31
chr17	79227447	79227977	2	2	1	2	0	31
chr17	79229151	79229558	2	2	1	1	0	35
chr17	79238926	79239538	2	2	1	1	0	32
chr17	79243497	79244303	2	2	1	2	0	6
chr17	79980003	79989061	1	1	1	1	0	21
chr17	80183476	80203337	2	2	1	1	0	8
chr17	80337970	80339969	2	2	1	2	0	46
chr17	80715792	80715996	2	2	1	3	0	6
chr17	80722535	80726437	2	2	1	2	0	27
chr17	80756831	80759409	2	2	1	1	0	3
chr17	83527586	83528394	1	1	1	1	0	19
chr17	83810167	83811528	2	2	1	1	0	20
chr17	84138901	84141617	0	0	1	3	0	34
chr17	84139339	84139755	2	4	1	3	0	37
chr17	84139825	84142207	2	2	1	4	0	35
chr17	84142354	84142619	2	2	1	3	0	27
chr17	84142994	84145900	2	2	1	1	0	9
chr17	84146008	84146229	2	2	1	1	0	43
chr17	84441607	84442827	2	4	1	1	0	25
chr17	85012901	85013326	2	2	1	4	0	30
chr17	85017835	85017962	2	2	1	1	0	23
chr17	85048097	85056388	2	2	1	1	0	6
chr17	85077534	85077781	2	2	1	2	0	17
chr17	85080758	85082816	2	2	1	1	0	17
chr17	85310812	85312339	1	1	1	0	1	14
chr17	85312452	85312936	1	1	1	3	0	22
chr17	85312995	85331123	1	1	1	2	0	43
chr17	85372162	85372469	2	2	1	1	0	41
chr17	87117218	87125782	1	1	1	1	0	27
chr17	87654130	87666541	1	1	1	1	0	28
chr17	87741484	87742503	2	2	1	2	0	19
chr17	87743139	87743218	2	2	1	1	0	19
chr17	87987507	87989958	1	1	1	2	0	9
chr17	88014734	88015879	1	1	1	1	0	45
chr17	88295883	88296571	1	1	1	1	0	14
chr18	3405788	3414129	1	1	1	1	0	24
chr18	5063771	5064470	1	1	1	1	0	28
chr18	5768026	5770383	1	1	1	1	0	16
chr18	6064422	6065704	2	2	1	1	0	16
chr18	6222868	6223545	2	2	1	2	0	19
chr18	6223692	6223970	2	2	1	2	0	27
chr18	6778557	6783119	1	1	1	3	0	44
chr18	6783193	6784569	1	1	1	2	0	40
chr18	9859035	9859837	1	1	1	2	0	34
chr18	9992276	9992831	1	1	1	2	0	7
chr18	10000624	10001770	2	2	1	1	0	41
chr18	10080540	10083121	2	2	1	1	0	38
chr18	10083211	10084317	2	2	1	3	0	37
chr18	10084412	10090812	2	2	1	1	0	11
chr18	10093978	10095412	2	2	1	3	0	42
chr18	10097644	10099256	2	2	1	3	0	44
chr18	10101029	10104073	2	2	1	2	0	30
chr18	10106458	10112343	2	2	1	3	0	29
chr18	10112393	10116773	2	2	1	4	0	44
chr18	10116860	10119884	2	2	1	1	0	29
chr18	10586042	10588438	2	2	1	1	0	38
chr18	10627018	10627793	1	1	1	1	0	31
chr18	11829867	11838748	1	1	1	1	0	21
chr18	12270407	12272373	1	1	1	1	0	18
chr18	12322443	12322862	1	1	1	6	0	24
chr18	12777101	12817893	1	1	1	3	0	37
chr18	12817943	12820008	1	1	1	3	0	45
chr18	12820138	12822829	1	1	1	2	0	42
chr18	12831117	12836387	1	1	1	1	0	17
chr18	12831117	12853006	1	1	1	1	0	45
chr18	12863175	12866014	1	1	1	2	0	43
chr18	12868049	12869036	1	1	1	1	0	23
chr18	12869076	12869730	1	1	1	1	0	4
chr18	12889365	12890664	2	2	1	3	0	31
chr18	12895750	12895965	2	2	1	4	0	43
chr18	12896056	12896538	2	2	1	4	0	40
chr18	13121443	13122801	1	1	1	1	0	6
chr18	16755325	16757207	2	2	1	1	0	11
chr18	16907677	16941391	2	2	1	1	0	27
chr18	20713736	20715764	1	1	1	2	0	21
chr18	20798565	20799512	1	1	1	13	0	46
chr18	20799644	20803035	1	1	1	16	0	40
chr18	20803166	20806809	1	3	1	1	0	45
chr18	20803172	20806687	1	1	1	222	0	45
chr18	21094858	21107355	1	1	1	2	0	8
chr18	21112199	21114227	1	1	1	1	0	26
chr18	24819763	24821994	1	1	1	1	0	35
chr18	24833015	24834442	1	1	1	6	0	43
chr18	30423620	30426111	1	1	1	1	0	20
chr18	31963033	31966362	1	1	1	3	0	38
chr18	32213631	32216318	1	1	1	1	0	3
chr18	32256870	32258147	2	2	1	1	0	12
chr18	32268067	32268913	2	2	1	1	0	7
chr18	32325024	32329892	1	1	1	1	0	7
chr18	32381531	32387133	1	1	1	1	0	11
chr18	32398790	32400216	1	1	1	1	0	44
chr18	32980763	32981348	1	1	1	1	0	35
chr18	33928178	33928435	1	1	1	1	0	21
chr18	33928499	33928905	1	1	1	1	0	8
chr18	34467418	34467509	1	1	1	1	0	24
chr18	34480222	34482687	2	2	1	1	0	42
chr18	34575819	34576953	2	2	1	1	0	11
chr18	34595262	34596013	2	2	1	1	0	23
chr18	34596063	34598208	2	2	1	1	0	20
chr18	34620193	34627209	2	2	1	1	0	19
chr18	34737720	34737883	2	2	1	2	0	12
chr18	34747624	34747800	2	2	1	1	0	13
chr18	34932413	34936502	1	1	1	1	0	30
chr18	35014414	35027573	2	2	1	0	1	46
chr18	35038124	35039034	2	2	1	1	0	8
chr18	35041251	35042195	2	2	1	3	0	38
chr18	35047229	35064621	2	2	1	1	0	44
chr18	35071778	35071985	2	2	1	10	0	45
chr18	35072079	35072395	2	2	1	1	0	32
chr18	35072491	35073249	2	2	1	2	0	20
chr18	35073368	35073892	2	2	1	3	0	32
chr18	35076339	35078996	2	2	1	1	0	8
chr18	35285761	35287397	1	1	1	1	0	33
chr18	35313008	35315402	1	1	1	1	0	12
chr18	35315607	35355117	1	1	1	1	0	38
chr18	35714349	35714649	1	1	1	1	0	28
chr18	35731813	35743923	1	1	1	1	0	18
chr18	35746556	35749251	1	1	1	2	0	28
chr18	35815083	35816270	2	2	1	1	0	16
chr18	35933269	35934326	1	1	1	0	3	36
chr18	35934421	35938570	1	1	1	0	3	46
chr18	35992510	35993702	1	1	1	2	0	34
chr18	36537514	36565358	2	2	1	1	0	6
chr18	36565444	36584132	2	2	1	1	0	13
chr18	36584300	36587505	2	2	1	5	0	43
chr18	36771762	36773317	1	1	1	1	0	5
chr18	36773414	36774629	1	1	1	4	0	31
chr18	36774747	36775978	1	1	1	4	0	19
chr18	36776148	36777313	1	1	1	1	0	8
chr18	36778293	36779743	1	1	1	2	0	33
chr18	36875712	36877233	2	2	1	23	0	40
chr18	36877341	36877472	2	2	1	1	0	11
chr18	36888559	36888749	1	1	1	1	0	26
chr18	36900007	36900242	2	2	1	1	0	26
chr18	36900390	36901139	2	2	1	1	0	25
chr18	36904248	36904380	2	2	1	1	0	7
chr18	36916548	36918617	1	1	1	1	0	31
chr18	36927444	36928093	1	1	1	2	0	8
chr18	36928218	36929089	1	1	1	2	0	18
chr18	36929164	36929551	1	1	1	3	0	46
chr18	36929698	36930931	1	1	1	1	0	20
chr18	37776586	37776997	2	2	1	1	0	12
chr18	37986762	37987532	2	6	1	1	0	10
chr18	38022866	38023529	2	2	1	2	0	43
chr18	38036204	38036379	2	2	1	1	0	19
chr18	38576058	38580743	1	1	1	1	0	31
chr18	38589175	38593597	1	1	1	2	0	17
chr18	38593704	38597313	1	1	1	3	0	39
chr18	38593704	38597329	1	1	1	11	0	41
chr18	39485721	39490683	2	2	1	1	0	43
chr18	39557553	39561669	2	2	1	4	0	35
chr18	42014351	42045434	2	2	1	1	0	11
chr18	42376955	42377813	2	2	1	1	0	11
chr18	42379143	42383893	2	2	1	2	0	12
chr18	42384446	42390134	2	2	1	1	0	14
chr18	42407614	42408015	2	2	1	3	0	34
chr18	42421292	42425047	1	1	1	2	0	43
chr18	42457264	42458969	1	1	1	1	0	17
chr18	42588845	42594846	1	1	1	0	2	44
chr18	42671122	42681461	1	1	1	1	0	35
chr18	42685693	42686472	1	1	1	1	0	11
chr18	42704260	42704888	1	1	1	4	0	9
chr18	45204144	45204245	2	2	1	0	1	33
chr18	46847029	46848663	2	2	1	1	0	6
chr18	46848834	46853353	2	2	1	1	0	42
chr18	46852425	46853353	2	2	1	1	0	38
chr18	50261477	50263192	1	1	1	1	0	16
chr18	50263247	50272514	1	1	1	1	0	22
chr18	50275559	50275659	1	1	1	1	0	12
chr18	50275707	50277807	1	1	1	1	0	33
chr18	50288286	50291451	1	1	1	1	0	25
chr18	50291477	50293201	1	1	1	1	0	18
chr18	50295270	50297681	1	1	1	4	0	38
chr18	50300003	50303786	1	1	1	1	0	36
chr18	50306797	50310238	1	1	1	1	0	13
chr18	50310309	50310973	1	1	1	2	0	37
chr18	50311081	50312113	1	1	1	1	0	13
chr18	50315086	50316225	1	1	1	2	0	30
chr18	53351255	53351360	1	3	1	3	0	42
chr18	54065412	54066521	1	1	1	1	0	40
chr18	56623831	56624966	1	1	1	1	0	5
chr18	56660080	56661348	2	2	1	7	0	36
chr18	56664636	56664782	2	2	1	2	0	29
chr18	56664881	56665052	2	2	1	3	0	35
chr18	56670371	56671772	2	2	1	1	0	8
chr18	56675395	56678036	2	2	1	1	0	23
chr18	56713373	56717362	1	1	1	2	0	27
chr18	56717447	56719948	1	1	1	1	0	40
chr18	56813123	56813707	1	1	1	1	1	43
chr18	57495622	57496147	1	1	1	1	0	11
chr18	57559175	57560086	1	1	1	1	0	20
chr18	60345242	60378446	1	1	1	2	0	44
chr18	60345242	60390790	1	1	1	2	0	33
chr18	60426559	60432898	1	1	1	1	0	3
chr18	60671515	60674643	1	1	1	1	0	5
chr18	60907759	60909472	1	1	1	1	0	30
chr18	60909624	60910001	1	1	1	2	0	30
chr18	60910164	60910884	1	1	1	133	0	46
chr18	60910962	60911502	1	1	1	221	0	46
chr18	61689681	61701334	1	1	1	2	0	44
chr18	61708621	61709577	1	1	1	4	0	39
chr18	62057648	62069666	1	1	1	0	1	46
chr18	63797404	63804652	2	2	1	5	0	42
chr18	63807293	63808514	2	2	1	1	0	33
chr18	63810073	63812423	2	2	1	1	0	5
chr18	63929353	63958195	1	1	1	1	0	13
chr18	64644772	64644855	2	2	1	2	0	24
chr18	64644949	64645054	2	2	1	19	0	38
chr18	64645121	64648396	2	2	1	16	0	43
chr18	64648480	64649486	2	2	1	2	0	34
chr18	64686250	64688184	2	2	1	2	0	17
chr18	64688298	64689911	2	2	1	2	0	28
chr18	64704813	64706309	2	2	1	1	0	27
chr18	65949950	65950530	1	1	1	2	0	38
chr18	66126279	66126649	2	2	1	1	0	25
chr18	66126709	66127855	2	2	1	7	0	46
chr18	66127980	66129752	2	2	1	3	0	36
chr18	66131792	66135444	2	2	1	1	0	24
chr18	67575921	67581957	2	2	1	2	0	45
chr18	67774806	67777378	1	1	1	1	0	19
chr18	67786344	67786955	1	1	1	1	0	21
chr18	67808957	67810779	2	2	1	1	0	29
chr18	69815895	69816147	1	1	1	1	0	40
chr18	70749727	70750906	1	1	1	3	0	43
chr18	74410501	74410587	1	1	1	1	0	30
chr18	74926475	74928201	1	1	1	1	0	30
chr18	74928339	74938933	1	1	1	0	1	5
chr18	74932246	74934367	1	1	1	2	0	39
chr18	74934439	74937071	1	1	1	2	0	24
chr18	74937227	74938925	1	1	1	2	0	10
chr18	75134315	75134420	1	1	1	0	1	35
chr18	75134315	75134736	1	1	1	1	0	38
chr18	75134462	75134736	1	1	1	1	0	12
chr18	75134872	75135094	1	1	1	13	0	42
chr18	75135194	75135731	1	1	1	97	0	43
chr18	75135924	75136264	1	1	1	425	1	46
chr18	75248044	75251794	1	1	1	1	0	12
chr18	76989547	76990087	2	2	1	0	1	46
chr18	77027366	77028208	1	1	1	9	0	44
chr18	77052964	77054839	1	1	1	4	0	38
chr18	77054904	77058306	1	1	1	3	0	19
chr18	77869057	77869498	1	1	1	2	0	29
chr18	77869564	77870473	0	0	1	5	0	41
chr18	77869650	77870000	1	1	1	30	0	44
chr18	77967117	77969501	1	1	1	1	0	34
chr18	80956163	80960919	2	2	1	1	0	28
chr18	84869733	84889629	1	1	1	1	0	17
chr18	84889759	84891264	1	1	1	5	0	30
chr18	84891295	84895951	1	1	1	6	0	30
chr18	84895987	84897627	1	1	1	5	0	27
chr18	88889043	88905115	2	2	1	1	0	13
chr19	3333172	3334759	1	1	1	1	0	20
chr19	3337039	3337702	1	1	1	1	0	16
chr19	3337756	3338983	1	1	1	1	0	23
chr19	3339088	3340976	1	1	1	4	0	29
chr19	3408278	3412084	1	1	1	3	0	11
chr19	3416418	3418854	1	1	1	1	0	5
chr19	3420896	3421571	1	1	1	1	0	26
chr19	3426576	3428367	1	1	1	1	0	6
chr19	3428503	3430016	1	1	1	1	0	11
chr19	3852241	3852787	1	1	1	1	0	39
chr19	3934586	3935859	1	1	1	1	0	10
chr19	3946193	3946269	2	2	1	2	0	40
chr19	3959075	3959152	2	2	1	1	0	37
chr19	3959282	3960897	2	2	1	1	0	21
chr19	4057666	4057769	2	2	1	31	0	45
chr19	4057916	4058047	2	2	1	4	0	36
chr19	4058130	4058342	2	2	1	2	0	37
chr19	4059534	4059825	2	2	1	1	0	15
chr19	4085587	4090465	1	1	1	0	1	19
chr19	4085662	4085823	2	2	1	0	64	45
chr19	4085932	4086687	2	2	1	7	0	40
chr19	4086792	4087103	2	2	1	7	1	46
chr19	4087192	4087289	2	2	1	0	2	32
chr19	4087397	4087584	2	2	1	3	0	32
chr19	4087621	4087862	2	2	1	1	0	32
chr19	4090540	4090707	2	2	1	0	64	45
chr19	4091086	4091397	2	2	1	0	1	18
chr19	4091486	4091583	2	2	1	0	2	32
chr19	4107719	4107887	2	2	1	1	0	12
chr19	4107996	4108085	2	2	1	1	0	14
chr19	4243252	4243765	1	1	1	1	0	12
chr19	4244906	4244980	1	1	1	1	0	4
chr19	4337293	4337380	2	2	1	1	0	25
chr19	4337495	4337585	2	2	1	1	0	13
chr19	4412084	4412803	2	2	1	2	0	44
chr19	4669598	4669807	1	1	1	1	0	15
chr19	4670322	4670394	1	1	1	1	0	28
chr19	4670989	4671067	1	1	1	5	0	44
chr19	4798707	4798965	1	1	1	1	0	12
chr19	4875480	4875971	2	2	1	1	0	17
chr19	4875693	4875797	2	2	1	2	0	41
chr19	4875902	4875971	2	2	1	2	0	35
chr19	4884339	4888858	2	2	1	1	0	11
chr19	4888932	4889224	2	2	1	1	0	25
chr19	5013448	5013533	1	1	1	1	0	28
chr19	5142251	5142329	1	1	1	6	0	39
chr19	5329978	5333670	2	2	1	1	0	31
chr19	5337655	5337937	2	2	1	2	0	35
chr19	5430164	5430247	2	2	1	9	0	43
chr19	5430370	5430465	2	2	1	4	0	20
chr19	5432886	5432967	2	2	1	1	0	36
chr19	5433102	5433182	2	2	1	1	0	41
chr19	5473007	5474211	1	1	1	2	0	42
chr19	5473054	5473358	2	2	1	9	0	44
chr19	5514460	5514952	1	1	1	1	0	18
chr19	5533587	5533662	2	2	1	2	0	26
chr19	5652403	5652477	1	1	1	1	0	33
chr19	5652598	5652851	1	1	1	22	0	44
chr19	5851939	5851994	2	2	1	1	0	3
chr19	5851995	5852331	2	2	1	3	0	3
chr19	5852100	5852390	2	2	1	0	1	5
chr19	6108356	6108457	1	1	1	1	0	19
chr19	6108603	6109173	1	1	1	20	0	46
chr19	6109230	6109378	1	1	1	64	0	45
chr19	6113104	6113353	2	2	1	7	0	43
chr19	6116724	6116997	2	2	1	1	0	15
chr19	6117053	6117152	2	2	1	1	0	22
chr19	6331346	6344243	1	1	1	1	0	11
chr19	6884202	6884909	2	2	1	1	0	24
chr19	6884320	6884433	2	2	1	8	0	45
chr19	6884496	6884609	2	2	1	2	0	36
chr19	6884649	6884909	2	2	1	3	0	17
chr19	6939452	6940060	2	2	1	1	0	25
chr19	6954259	6954349	1	1	1	1	0	14
chr19	6955303	6955378	2	2	1	25	0	36
chr19	6955415	6955757	2	2	1	6	0	36
chr19	6955805	6955925	2	2	1	2	0	30
chr19	6956039	6956340	2	2	1	2	0	17
chr19	6965477	6965556	2	2	1	1	0	27
chr19	6970571	6970800	2	2	1	2	0	26
chr19	6976137	6976259	1	1	1	1	0	21
chr19	6998540	6999017	2	2	1	1	0	17
chr19	7002808	7003659	2	2	1	1	0	37
chr19	7011673	7012014	2	2	1	1	0	4
chr19	7034551	7042832	1	1	1	1	1	22
chr19	7174979	7175066	1	1	1	6	0	35
chr19	7175102	7175277	1	1	1	9	0	37
chr19	7192850	7194763	2	2	1	2	0	6
chr19	7556588	7562929	1	1	1	0	1	3
chr19	8039774	8040651	2	2	1	4	0	43
chr19	8313186	8314086	2	2	1	3	0	40
chr19	8321778	8321871	2	2	1	1	0	36
chr19	8322087	8322350	2	2	1	1	0	27
chr19	8347569	8363755	2	2	1	1	0	15
chr19	8685459	8685557	2	2	1	1	0	13
chr19	8802758	8803335	1	1	1	1	0	12
chr19	8804177	8807113	1	1	1	1	0	10
chr19	8825347	8825444	1	1	1	1	0	16
chr19	8825526	8825827	1	1	1	3	0	21
chr19	8849479	8849581	1	1	1	1	0	29
chr19	8849652	8850877	1	1	1	3	0	38
chr19	8851620	8852885	1	1	1	1	0	29
chr19	8852717	8852885	1	1	1	37	0	44
chr19	8893621	8893912	1	1	1	2	0	34
chr19	8947352	8949870	1	1	1	0	1	33
chr19	8954855	8954948	1	1	1	1	0	32
chr19	8955074	8955307	1	1	1	10	0	39
chr19	9089539	9090397	1	1	1	1	0	26
chr19	9878442	9879880	1	1	1	2	0	4
chr19	9960348	9961544	1	1	1	2	0	38
chr19	9961692	9961923	1	1	1	1	0	10
chr19	9962050	9962144	1	1	1	9	0	44
chr19	10041607	10043911	1	1	1	1	0	29
chr19	10041679	10042049	2	2	1	6	0	43
chr19	10066168	10066271	2	2	1	1	0	23
chr19	10181629	10183787	1	1	1	1	0	20
chr19	10183898	10184527	1	1	1	2	0	41
chr19	10184665	10185080	1	1	1	17	0	46
chr19	10584358	10585156	1	1	1	1	0	4
chr19	12627793	12628592	1	1	1	1	0	5
chr19	12754359	12755305	2	2	1	8	0	37
chr19	12755411	12755987	2	2	1	7	0	37
chr19	12756025	12756256	2	2	1	6	0	37
chr19	16612958	16613132	2	2	1	1	0	6
chr19	16692492	16697692	2	2	1	3	0	12
chr19	16722322	16723024	2	2	1	2	0	35
chr19	18680829	18681383	1	1	1	1	0	26
chr19	20597463	20599032	1	1	1	3	0	5
chr19	20599095	20600688	1	1	1	3	0	25
chr19	20600818	20602075	1	1	1	1	0	41
chr19	20611878	20614031	1	1	1	3	0	41
chr19	20614156	20620693	2	2	1	2	0	36
chr19	20614190	20617427	1	1	1	1	0	22
chr19	20617503	20620257	1	1	1	2	0	22
chr19	20620590	20620728	1	1	1	4	0	45
chr19	20679740	20685513	2	2	1	1	0	29
chr19	20685699	20686761	2	2	1	2	0	39
chr19	20686865	20692044	2	2	1	2	0	10
chr19	21257115	21257786	1	1	1	1	0	5
chr19	23209092	23209182	2	2	1	1	0	6
chr19	24239418	24244665	2	2	1	2	0	37
chr19	24254640	24257770	2	2	1	2	0	21
chr19	24898067	24898384	2	2	1	1	0	45
chr19	25070389	25073612	2	2	1	1	0	30
chr19	26626558	26628948	1	1	1	1	0	28
chr19	26629123	26631740	1	1	1	1	0	44
chr19	26698348	26729223	1	1	1	1	0	18
chr19	26748444	26748907	1	1	1	1	0	4
chr19	26749010	26751572	1	1	1	1	0	22
chr19	26751706	26753500	1	1	1	2	0	11
chr19	26753644	26754734	1	1	1	1	0	45
chr19	28989454	28990187	1	1	1	1	0	20
chr19	28989454	28993405	1	1	1	1	0	17
chr19	30211556	30212330	1	1	1	1	0	30
chr19	31888637	31895283	1	1	1	1	0	13
chr19	32616732	32618699	1	1	1	2	0	15
chr19	32629502	32637978	1	1	1	1	0	27
chr19	32642051	32642825	1	1	1	1	0	24
chr19	32795461	32797242	1	1	1	3	0	23
chr19	34472532	34477496	2	2	1	2	0	4
chr19	34477569	34478902	2	2	1	3	0	31
chr19	34789788	34791091	2	2	1	6	0	44
chr19	34798624	34799112	2	2	1	1	0	16
chr19	36859198	36861465	1	1	1	1	0	11
chr19	36922736	36926467	1	1	1	1	0	16
chr19	36950419	36955714	1	1	1	1	0	12
chr19	37249627	37253913	2	2	1	1	0	37
chr19	37346432	37347730	2	2	1	0	1	33
chr19	38105213	38112799	2	2	1	1	0	30
chr19	38105222	38105253	1	1	1	3	0	30
chr19	38105358	38106719	2	2	1	77	0	46
chr19	38106933	38112476	2	2	1	5	0	33
chr19	38112584	38112743	2	2	1	7	0	45
chr19	38112881	38112966	2	2	1	2	0	27
chr19	38854184	38871102	1	1	1	1	0	44
chr19	39275730	39279172	1	1	1	6	0	34
chr19	39279336	39279500	1	1	1	2	0	18
chr19	39279651	39296051	1	1	1	14	0	39
chr19	39296213	39298098	1	1	1	26	0	45
chr19	39310034	39319004	2	2	1	1	0	39
chr19	39313538	39317547	1	1	1	1	0	40
chr19	39317690	39318695	1	1	1	1	0	45
chr19	39393247	39424497	2	2	1	1	0	19
chr19	39597706	39604063	2	2	1	0	4	28
chr19	39627187	39628300	2	2	1	1	0	6
chr19	39632199	39637306	2	2	1	2	0	14
chr19	39677698	39687704	2	2	1	2	2	46
chr19	39724182	39727496	2	2	1	0	1	13
chr19	39755935	39762267	2	2	1	0	4	28
chr19	39792375	39795609	2	2	1	0	1	13
chr19	39831521	39837789	2	2	1	0	2	28
chr19	39866111	39869536	2	2	1	0	1	13
chr19	39982332	39982494	1	1	1	1	0	14
chr19	39982645	39982893	1	1	1	2	0	33
chr19	39989004	39990264	1	1	1	1	0	33
chr19	40057079	40058611	2	2	1	1	0	23
chr19	40060051	40060498	2	2	1	0	2	46
chr19	40078312	40078664	1	1	1	2	0	45
chr19	40078828	40078989	1	1	1	1	0	7
chr19	40079140	40079388	1	1	1	0	2	46
chr19	40079550	40080647	1	1	1	7	0	40
chr19	40099862	40101877	1	1	1	1	0	18
chr19	40145309	40148998	2	2	1	1	0	32
chr19	40152938	40153771	2	2	1	1	0	30
chr19	40153946	40155906	2	2	1	17	0	45
chr19	40156068	40168804	2	2	1	2	0	15
chr19	40168955	40175538	2	2	1	1	0	38
chr19	40338458	40340720	2	2	1	1	0	20
chr19	41235243	41236344	2	2	1	1	0	38
chr19	41513896	41513997	1	1	1	0	1	33
chr19	41919870	41921487	2	2	1	1	0	40
chr19	42051765	42058626	1	1	1	2	0	36
chr19	43496433	43504119	2	2	1	1	0	28
chr19	43777504	43778225	1	1	1	2	0	25
chr19	43787585	43788975	1	1	1	1	0	23
chr19	43793553	43795448	1	1	1	1	0	17
chr19	43806621	43807793	1	1	1	1	0	12
chr19	43810185	43810445	1	1	1	4	0	39
chr19	43816447	43818250	1	1	1	1	0	4
chr19	43948544	43952169	2	2	1	1	0	37
chr19	43957004	43958440	2	2	1	3	0	41
chr19	44075499	44076354	2	2	1	1	0	24
chr19	44076479	44077113	2	2	1	1	0	9
chr19	44224416	44226814	1	1	1	0	1	7
chr19	44288254	44289650	1	1	1	0	1	7
chr19	44383096	44383623	1	1	1	1	0	20
chr19	44386558	44388580	2	2	1	2	0	29
chr19	44388814	44390131	2	2	1	0	1	7
chr19	44395200	44395824	2	2	1	12	0	43
chr19	44538852	44541136	2	2	1	67	0	44
chr19	44541293	44542107	2	2	1	4	0	28
chr19	44542208	44543369	2	2	1	2	0	43
chr19	44987226	44987316	1	1	1	1	0	13
chr19	45549147	45553349	1	1	1	1	0	6
chr19	46060025	46060140	1	1	1	2	0	42
chr19	46121695	46122439	1	1	1	1	0	17
chr19	46122592	46122813	1	1	1	1	0	16
chr19	46122890	46123681	1	1	1	1	0	32
chr19	46253807	46254025	1	1	1	1	0	19
chr19	46254167	46254463	1	1	1	2	0	7
chr19	46274294	46274869	2	4	1	1	0	15
chr19	46530977	46531920	2	2	1	1	0	16
chr19	46708460	46708752	1	1	1	1	0	38
chr19	46751833	46842339	1	1	1	3	0	24
chr19	47064339	47064435	1	1	1	1	0	37
chr19	47072009	47074393	2	2	1	18	63	46
chr19	47074487	47074572	2	2	1	22	0	45
chr19	47074669	47079011	2	2	1	2	0	45
chr19	47081340	47082189	1	1	1	3	0	41
chr19	47113607	47114744	1	1	1	2	0	40
chr19	47851922	47852735	1	1	1	1	0	22
chr19	53372150	53372884	2	2	1	2	0	16
chr19	53610338	53611034	1	1	1	1	0	37
chr19	53611648	53611897	1	1	1	2	0	44
chr19	53622543	53624101	0	0	1	1	0	19
chr19	53630470	53632274	1	1	1	1	0	26
chr19	53891920	53895879	1	1	1	3	0	41
chr19	53895987	53897542	1	1	1	1	0	3
chr19	53915765	53917513	1	1	1	1	0	6
chr19	53917624	53918147	1	1	1	1	0	20
chr19	55091560	55093058	2	2	1	1	0	27
chr19	55093111	55115445	2	2	1	1	0	13
chr19	55266404	55266512	1	1	1	1	0	41
chr19	55267996	55268872	1	1	1	2	0	21
chr19	55271818	55272834	1	1	1	1	0	14
chr19	55279939	55280204	1	1	1	2	0	43
chr19	55282163	55282633	1	1	1	1	0	10
chr19	55283955	55284797	1	1	1	6	0	39
chr19	55287109	55287205	2	2	1	1	0	40
chr19	55298337	55300056	2	2	1	2	0	17
chr19	56298570	56299533	1	1	1	1	0	12
chr19	56306305	56307902	1	1	1	1	0	16
chr19	56352460	56352733	2	2	1	1	0	7
chr19	56789698	56790316	2	2	1	1	0	35
chr19	56790422	56795397	2	2	1	1	0	22
chr19	56795518	56796409	2	2	1	1	0	11
chr19	57369581	57369663	1	1	1	1	0	20
chr19	60750743	60751502	2	2	1	1	0	23
chr19	60752672	60754771	2	2	1	1	0	8
chr19	60757331	60758303	2	2	1	2	0	21
chr19	60758458	60759452	2	2	1	4	0	27
chr19	60759576	60760081	2	2	1	7	0	17
chr19	60760636	60761129	2	2	1	1	0	44
chrX	8052073	8052882	2	2	1	1	0	38
chrX	9522697	9523279	2	2	1	1	0	31
chrX	10169623	10175007	1	1	1	1	0	18
chrX	10175300	10178631	1	1	1	12	0	29
chrX	10178770	10186081	1	1	1	14	0	39
chrX	12454175	12460999	1	1	1	1	0	25
chrX	12973420	12973902	1	1	1	1	0	11
chrX	12989750	12990806	1	1	1	1	0	16
chrX	13017683	13020330	1	1	1	1	0	33
chrX	13154160	13154517	1	1	1	1	0	3
chrX	13404081	13410752	2	2	1	1	0	42
chrX	16576431	16577486	2	2	1	2	0	9
chrX	16589229	16590898	2	2	1	2	0	45
chrX	16600463	16602210	2	2	1	3	0	10
chrX	18130950	18135386	1	1	1	3	0	28
chrX	19053090	19090988	1	1	1	0	1	18
chrX	20416781	20418558	1	1	1	1	0	14
chrX	20418742	20423750	1	1	1	1	0	13
chrX	20425726	20426215	1	1	1	3	0	24
chrX	20426371	20427673	1	1	1	4	0	39
chrX	20481782	20481952	2	2	1	17	0	45
chrX	20482084	20483298	2	2	1	1	0	38
chrX	20514413	20514495	1	1	1	5	0	39
chrX	20548449	20548616	1	1	1	1	0	37
chrX	20719699	20719798	1	1	1	2	0	14
chrX	20719827	20719915	1	1	1	2	0	28
chrX	20818263	20818446	2	2	1	6	0	40
chrX	20818511	20825596	2	2	1	3	1	34
chrX	35862268	35865773	1	1	1	1	0	18
chrX	35865930	35868440	1	1	1	1	0	14
chrX	35882387	35887220	2	2	1	1	0	25
chrX	36146341	36146664	1	1	1	1	0	3
chrX	36346403	36347637	2	2	1	26	4	45
chrX	36363343	36363745	2	2	1	3	0	28
chrX	36363790	36365679	2	2	1	1	0	35
chrX	36372675	36372800	2	2	1	1	0	46
chrX	36391029	36394630	1	1	1	4	0	21
chrX	36394712	36400164	1	1	1	2	0	7
chrX	36400236	36400404	1	1	1	1	0	28
chrX	36451395	36453526	2	2	1	85	0	43
chrX	36453617	36454641	2	2	1	20	0	40
chrX	37513309	37514239	2	2	1	1	0	29
chrX	37519918	37520726	2	2	1	4	0	23
chrX	37531018	37545125	2	2	1	2	0	38
chrX	37622606	37625998	2	2	1	3	0	30
chrX	37700711	37702097	1	1	1	1	0	26
chrX	40895440	40895521	2	2	1	2	0	37
chrX	40895592	40895910	2	2	1	4	0	39
chrX	40901372	40902826	2	2	1	3	0	32
chrX	40911348	40911569	2	2	1	2	0	38
chrX	40912643	40912966	2	2	1	1	0	32
chrX	40916336	40919569	2	2	1	1	0	9
chrX	40945807	40946940	2	2	1	1	0	38
chrX	41187760	41188713	1	1	1	1	0	33
chrX	41239712	41290731	1	1	1	1	0	25
chrX	41347005	41348231	1	1	1	1	0	21
chrX	47361797	47361898	1	1	1	1	0	10
chrX	47362854	47363677	1	1	1	1	0	17
chrX	47564066	47564439	2	2	1	5	0	31
chrX	47566702	47569001	2	2	1	1	0	4
chrX	47572140	47573403	2	2	1	1	0	36
chrX	47588749	47593686	2	2	1	1	0	6
chrX	47593830	47602112	2	2	1	4	0	33
chrX	51142604	51142693	2	2	1	1	0	22
chrX	52105307	52108981	1	1	1	1	0	3
chrX	56102015	56104245	1	1	1	2	0	12
chrX	59274613	59281916	2	2	1	1	0	28
chrX	59315358	59321967	2	2	1	3	0	27
chrX	59322150	59322736	2	2	1	2	0	40
chrX	59326169	59326927	2	2	1	4	0	42
chrX	59349693	59352556	2	2	1	1	0	12
chrX	67744027	67747268	1	1	1	1	0	32
chrX	67815748	67847210	1	1	1	1	0	10
chrX	71960453	71961919	2	2	1	1	0	20
chrX	72481172	72489415	2	2	1	1	0	6
chrX	72732387	72733152	2	2	1	1	0	27
chrX	72822778	72823071	2	2	1	2	0	27
chrX	72823133	72823219	2	2	1	2	0	35
chrX	72833727	72833964	1	1	1	10	0	38
chrX	72834031	72834259	1	1	1	22	0	45
chrX	72965870	72965956	2	2	1	4	0	32
chrX	73002067	73002728	2	2	1	3	0	35
chrX	73315924	73316277	1	1	1	1	0	35
chrX	73316441	73316520	1	1	1	39	0	44
chrX	73317298	73317383	2	2	1	1	0	23
chrX	73411193	73411306	2	2	1	5	0	25
chrX	74142554	74143635	1	1	1	1	0	20
chrX	74150857	74151784	1	1	1	4	0	43
chrX	74157921	74159661	2	2	1	1	0	15
chrX	74376366	74377556	2	2	1	4	0	36
chrX	74490894	74491408	1	1	1	2	0	18
chrX	74491453	74493574	1	1	1	2	0	42
chrX	74493749	74499161	1	1	1	1	0	46
chrX	74834693	74834890	2	2	1	1	0	38
chrX	74849487	74859689	2	2	1	1	0	6
chrX	75030877	75030983	1	1	1	1	0	31
chrX	84183101	84185331	1	1	1	2	0	40
chrX	84773889	84774488	2	2	1	1	0	33
chrX	93124467	93124942	2	2	1	1	0	5
chrX	93240051	93240893	2	2	1	1	0	30
chrX	93305569	93330019	2	2	1	0	1	37
chrX	93425837	93431270	1	1	1	0	1	38
chrX	93579284	93579465	2	2	1	3	0	33
chrX	93579852	93580479	2	2	1	1	0	9
chrX	93581362	93581579	2	2	1	1	0	37
chrX	94998818	94999480	2	2	1	1	0	42
chrX	97987196	97988608	1	5	1	2	0	24
chrX	99668994	99669491	2	2	1	1	0	34
chrX	100255953	100257379	2	2	1	1	0	10
chrX	100420966	100427757	1	1	1	1	0	41
chrX	100429026	100429091	2	2	1	1	0	15
chrX	100429028	100429091	2	2	1	1	0	26
chrX	100480984	100483092	1	1	1	1	0	38
chrX	100489835	100491199	1	1	1	1	0	39
chrX	100578472	100579206	2	2	1	1	0	46
chrX	100606586	100607133	1	1	1	1	0	12
chrX	101170743	101171098	1	1	1	4	0	45
chrX	101228738	101229108	2	2	1	109	0	46
chrX	101229267	101230001	2	2	1	1	0	23
chrX	101230174	101230960	2	2	1	2	0	38
chrX	101231059	101231427	2	2	1	2	0	14
chrX	102742379	102742481	2	4	1	1	0	32
chrX	103388609	103457262	2	2	1	1	0	19
chrX	104847540	104861637	2	2	1	1	0	28
chrX	104861833	104862948	2	2	1	2	0	11
chrX	104867422	104869706	2	2	1	2	0	7
chrX	104874881	104876052	2	2	1	2	0	44
chrX	104894877	104895570	2	4	1	1	0	26
chrX	105017882	105023011	2	2	1	2	0	7
chrX	105063310	105065351	1	1	1	21	0	36
chrX	107804925	107805678	2	2	1	1	0	13
chrX	107817011	107818432	2	2	1	1	0	30
chrX	107840453	107841634	2	2	1	1	0	27
chrX	108051903	108054159	2	2	1	0	2	44
chrX	128858109	128860792	1	1	1	1	0	40
chrX	129190739	129228714	1	1	1	1	0	16
chrX	133486469	133486826	1	1	1	2	0	32
chrX	133486933	133487259	1	1	1	46	1	45
chrX	133487328	133488199	1	1	1	108	6	45
chrX	133488323	133488685	1	1	1	94	0	44
chrX	135146516	135147084	1	1	1	1	0	26
chrX	135640644	135641958	2	2	1	1	0	25
chrX	138643142	138644104	1	1	1	1	0	9
chrX	138646041	138647099	1	1	1	1	0	19
chrX	149330482	149335144	1	1	1	2	0	39
chrX	149335341	149335954	1	1	1	0	1	17
chrX	149349660	149353323	1	1	1	1	0	9
chrX	149353478	149353517	2	2	1	1	0	36
chrX	150618289	150623051	1	1	1	1	0	11
chrX	150639841	150640455	1	1	1	1	0	6
chrX	150659425	150659808	1	1	1	1	0	11
chrX	150666306	150668577	1	1	1	1	0	9
chrX	150668701	150669078	1	1	1	1	0	15
chrX	150673068	150673725	1	1	1	1	0	16
chrX	150673903	150674012	1	1	1	1	0	39
chrX	150688428	150689260	1	1	1	1	0	43
chrX	150688428	150689946	1	1	1	1	0	14
chrX	150716127	150717276	1	1	1	1	0	39
chrX	150784931	150785273	1	1	1	1	0	11
chrX	150786967	150787134	1	1	1	3	0	38
chrX	150809767	150810689	1	1	1	3	0	13
chrX	150810949	150811036	1	1	1	1	0	43
chrX	150811178	150811960	1	1	1	1	0	13
chrX	150817156	150819097	1	1	1	1	0	18
chrX	150820483	150820586	1	1	1	1	0	27
chrX	150820694	150824322	1	1	1	1	0	5
chrX	150830965	150841774	1	1	1	2	0	14
chrX	151025168	151027868	1	1	1	1	0	19
chrX	154079728	154080341	1	1	1	1	0	41
chrX	154107025	154109590	2	2	1	19	0	37
chrX	154109626	154111441	2	2	1	27	0	35
chrX	155798495	155798651	1	1	1	0	2	43
chrX	156249488	156252983	2	2	1	0	1	22
chrX	156253105	156274900	2	2	1	0	1	35
chrX	158909258	158910286	2	2	1	1	0	34
chrX	159373365	159373934	1	1	1	3	0	40
chrX	161569688	161570554	2	2	1	2	0	29
chrX	161666083	161671064	2	2	1	1	0	22
chrX	162739550	162740911	2	2	1	2	0	42
chrX	163052674	163054598	1	1	1	1	0	7
chrX	163748134	163762989	2	2	1	1	0	38
chrX	165174055	165174886	2	2	1	3	0	30
chrX	165175567	165176172	2	2	1	1	0	37
chrX	165176328	165183915	2	2	1	1	0	6
chrX	167453308	167454138	2	2	1	4	0	32
chrX	168801559	168801669	1	1	1	0	1	41
chrX	168856177	168856353	2	4	1	1	0	19
chrX	168857284	168858874	1	1	1	4	0	42
chrX	169091046	169091285	2	2	1	4	1	40
chrY	900614	910447	1	1	1	1	0	29
chrY	1199514	1224496	2	2	1	1	0	45
chrY	13180106	13204613	2	2	1	0	1	20
chrY	13270562	13301555	2	2	1	0	1	20
chrY	13394521	13417988	2	2	1	0	1	20
chrY	13989370	14013901	1	1	1	0	1	20
chrY	14872430	14896971	1	1	1	0	1	20
chrY	17892875	17917380	2	2	1	0	1	20
chrY	17983325	18014321	2	2	1	0	1	20
chrY	18702146	18726673	1	1	1	0	1	20
chrY	19585025	19609564	1	1	1	0	1	20
chrY	40073943	40098559	1	1	1	0	1	20
chrY	40659003	40683533	2	2	1	0	1	20
chrY	41409498	41434164	1	1	1	0	1	20
chrY	45008225	45033071	1	1	1	0	1	20
chrY	45413183	45438000	1	1	1	0	1	20
chrY	89907834	89932369	2	2	1	0	1	20
chrY	90804454	90804564	1	1	1	0	1	41
chrY	90804687	90827617	1	1	1	9	1	41
chrY	90804950	90827617	1	1	1	1	0	15
chrM	691	6566	2	2	1	1	0	26
chrM	1845	2592	2	2	1	9	0	29
chrM	6854	6890	2	2	1	0	12	12
chrM	8050	8495	2	2	1	2	0	35
chrM	15138	15168	2	2	1	191	0	42
chrM	15138	15179	2	2	1	2	0	32
chrM	15138	15201	2	2	1	71	3	37
GL456233.2	107510	109039	2	2	1	1	0	22
JH584304.1	52368	53535	2	2	1	2	1	38
JH584304.1	58836	59591	2	2	1	9	0	46
MU069435.1	1231	1636	1	1	1	3	1	31
MU069435.1	1417	1600	2	2	1	1	0	30
MU069435.1	1438	1829	1	1	1	3	0	24
