chr1	4928200	4937692	1	1	1	0	1	18
chr1	4937756	4948249	1	1	1	4	0	41
chr1	6338981	6340914	1	1	1	1	0	32
chr1	7233596	7239738	1	1	1	2	0	35
chr1	10012375	10012547	2	2	1	1	0	25
chr1	10095289	10097327	2	2	1	2	0	32
chr1	10115410	10117648	1	3	1	1	0	30
chr1	10251267	10253887	2	2	1	1	0	33
chr1	10264717	10269067	2	2	1	1	0	31
chr1	13291704	13294832	2	2	1	1	0	28
chr1	13636621	13639694	2	2	1	2	1	8
chr1	13646677	13648323	2	2	1	2	0	20
chr1	13648383	13649673	2	2	1	2	0	17
chr1	13697129	13697579	2	2	1	6	0	33
chr1	13708634	13717608	2	2	1	1	0	46
chr1	16171584	16171950	2	2	1	13	0	46
chr1	16172161	16172713	2	2	1	2	0	42
chr1	16713703	16715909	2	2	1	1	0	31
chr1	21333149	21335066	1	1	1	4	0	32
chr1	23915531	23916789	2	2	1	1	0	31
chr1	23916876	23930940	2	2	1	2	0	34
chr1	23931075	23961118	2	2	1	1	0	26
chr1	24654759	24654788	0	0	1	11	5	39
chr1	24654769	24654805	1	1	1	0	2	20
chr1	24750682	24753989	1	1	1	1	0	20
chr1	33825614	33844419	2	2	1	1	0	7
chr1	33844501	33852807	2	2	1	2	0	32
chr1	36731366	36731531	1	1	1	3	0	12
chr1	36731632	36732277	1	1	1	19	0	46
chr1	36855329	36857738	2	2	1	1	0	21
chr1	37924398	37929240	2	2	1	1	0	24
chr1	38037406	38056886	1	1	1	1	0	18
chr1	38057013	38057105	1	1	1	2	0	21
chr1	38060893	38061244	1	1	1	3	0	43
chr1	38071457	38072148	1	1	1	2	0	45
chr1	38072239	38073109	1	3	1	2	0	3
chr1	39409221	39410034	1	1	1	9	0	43
chr1	39410148	39410382	1	1	1	25	0	45
chr1	43979399	43988471	1	1	1	2	0	17
chr1	43988568	43990266	1	1	1	1	0	13
chr1	44022477	44022673	1	1	1	1	0	9
chr1	44022753	44024575	1	1	1	1	0	39
chr1	44024615	44029670	1	1	1	1	0	13
chr1	44040599	44041263	1	1	1	1	0	6
chr1	51794930	51796263	2	2	1	1	0	4
chr1	51801786	51803048	2	2	1	1	0	40
chr1	51806068	51808162	2	2	1	1	0	32
chr1	51808250	51809944	2	2	1	1	0	33
chr1	51810014	51812391	2	2	1	1	0	33
chr1	51836695	51838690	2	2	1	2	0	40
chr1	53362430	53365162	1	1	1	1	0	7
chr1	54473398	54476990	2	2	1	1	0	7
chr1	55042365	55042451	2	2	1	2	0	22
chr1	55042650	55044960	2	2	1	1	0	21
chr1	55056043	55058392	2	2	1	1	0	9
chr1	55117600	55117687	2	2	1	2	0	3
chr1	55119507	55120231	2	2	1	2	0	26
chr1	55120332	55120818	2	2	1	1	0	32
chr1	55128375	55129871	1	1	1	0	4	30
chr1	55129962	55130228	1	1	1	9	0	35
chr1	58107599	58107890	1	1	1	1	0	21
chr1	58160264	58164176	1	1	1	5	0	39
chr1	58164239	58166785	1	1	1	5	0	32
chr1	58166867	58177374	1	1	1	1	0	6
chr1	58197530	58198063	1	1	1	1	0	45
chr1	58198179	58198795	1	1	1	3	0	4
chr1	58198919	58202507	1	1	1	1	0	9
chr1	58222740	58225435	1	1	1	1	0	6
chr1	58233953	58239328	1	1	1	5	0	29
chr1	58440383	58440499	1	1	1	3	0	10
chr1	58451500	58451805	2	2	1	1	0	5
chr1	58630409	58634807	1	1	1	2	0	14
chr1	60117401	60119677	2	2	1	1	0	14
chr1	60119751	60121195	2	2	1	1	0	5
chr1	60124916	60126204	2	2	1	3	0	4
chr1	60300745	60303437	1	1	1	1	0	30
chr1	60309589	60311291	1	1	1	1	0	38
chr1	60393816	60402348	1	1	1	1	0	5
chr1	62384267	62479169	1	1	1	1	0	36
chr1	63101413	63104862	2	2	1	1	0	19
chr1	63218058	63218406	1	1	1	1	0	28
chr1	63218533	63218616	1	1	1	8	0	45
chr1	64074924	64081472	2	2	1	1	0	34
chr1	64081597	64117865	2	2	1	1	0	38
chr1	65200372	65200958	2	2	1	1	0	20
chr1	65207764	65210117	2	2	1	2	0	10
chr1	67042717	67043497	2	2	1	2	0	31
chr1	67043571	67043948	2	2	1	2	0	32
chr1	67162450	67178915	1	1	1	1	0	34
chr1	67196090	67196897	1	1	1	1	0	45
chr1	67207529	67210007	1	1	1	1	0	23
chr1	67212026	67213461	1	1	1	1	0	41
chr1	67219349	67234301	1	1	1	1	0	40
chr1	67235763	67236163	1	1	1	1	0	14
chr1	67236228	67237459	1	1	1	2	0	45
chr1	67251670	67253175	1	1	1	1	0	9
chr1	67254740	67257010	1	1	1	1	0	11
chr1	67257086	67259661	1	1	1	1	0	30
chr1	67259761	67266282	1	1	1	1	0	40
chr1	67268678	67269406	1	1	1	2	0	16
chr1	71607099	71608121	1	1	1	1	0	18
chr1	71632395	71634822	2	2	1	3	0	45
chr1	71634962	71636439	2	2	1	1	0	35
chr1	72309533	72314044	2	2	1	1	0	30
chr1	72750960	72751300	1	3	1	45	0	45
chr1	72751384	72752660	1	1	1	75	15	43
chr1	72888472	72888722	1	1	1	1	0	25
chr1	74294174	74295116	1	1	1	1	0	38
chr1	74295211	74301617	1	1	1	2	0	16
chr1	74301745	74302901	1	1	1	3	0	25
chr1	74303613	74306929	1	1	1	2	0	25
chr1	74321331	74321569	2	2	1	1	0	21
chr1	74776258	74776337	1	1	1	1	0	40
chr1	75121351	75121603	1	1	1	1	0	41
chr1	75148633	75148757	2	2	1	1	0	25
chr1	75149312	75149434	2	2	1	1	0	22
chr1	75188059	75188568	1	1	1	1	0	12
chr1	75213593	75214098	1	1	1	1	0	42
chr1	75285354	75285942	2	2	1	1	0	9
chr1	79733604	79739280	2	2	1	1	0	32
chr1	80247073	80249240	2	2	1	1	0	11
chr1	84702536	84703116	2	2	1	2	0	7
chr1	84729435	84729600	2	2	1	1	0	11
chr1	85602988	85606779	1	1	1	1	0	14
chr1	85606831	85608806	1	1	1	1	0	27
chr1	86054281	86055857	1	1	1	1	0	15
chr1	86056028	86058358	1	1	1	12	0	42
chr1	86058452	86060435	1	1	1	4	0	36
chr1	86060523	86061359	1	1	1	2	0	40
chr1	86064839	86066801	1	1	1	2	0	29
chr1	86278410	86278605	2	2	1	2	0	31
chr1	86278419	86278533	2	2	1	2	0	27
chr1	86284464	86284678	2	2	1	5	0	44
chr1	86285175	86285828	2	2	1	1	0	28
chr1	86456967	86457177	1	1	1	1	0	30
chr1	86457275	86457452	1	1	1	2	0	29
chr1	87349314	87350902	1	1	1	1	0	32
chr1	87781179	87808089	1	1	1	1	0	42
chr1	88197136	88197923	2	2	1	1	0	33
chr1	88346160	88348304	1	1	1	7	0	46
chr1	88348401	88354043	1	1	1	14	0	42
chr1	89591511	89592755	1	1	1	1	0	43
chr1	92367630	92379732	2	2	1	1	0	7
chr1	92388188	92390012	2	2	1	1	0	31
chr1	92565126	92567408	2	2	1	3	0	34
chr1	93065723	93067002	1	1	1	1	0	7
chr1	93067074	93068043	1	1	1	1	0	14
chr1	93072362	93072781	1	1	1	2	0	32
chr1	93336220	93336410	2	2	1	1	0	4
chr1	93351597	93352988	2	2	1	1	0	32
chr1	93358893	93359033	2	2	1	3	0	43
chr1	93366106	93368401	2	2	1	1	0	22
chr1	93744422	93746002	1	1	1	1	0	41
chr1	93754363	93756927	1	1	1	1	0	12
chr1	93756986	93757478	1	1	1	0	1	18
chr1	93834024	93834532	1	1	1	0	1	18
chr1	93903133	93903641	1	1	1	0	1	18
chr1	105928773	105931829	1	1	1	1	0	21
chr1	106717816	106719407	2	2	1	0	1	25
chr1	120041264	120044115	2	2	1	26	0	43
chr1	120044179	120047624	2	2	1	5	0	39
chr1	125324970	125325188	2	2	1	1	0	11
chr1	127847379	127852464	1	1	1	1	0	26
chr1	128186741	128187180	1	1	1	1	0	14
chr1	128187275	128188570	1	1	1	3	0	21
chr1	128188626	128190529	1	1	1	1	0	16
chr1	128319111	128333102	2	2	1	1	0	18
chr1	130775283	130776174	1	1	1	1	0	42
chr1	130776786	130779922	2	2	1	1	0	40
chr1	130779018	130779472	2	4	1	1	0	35
chr1	131098849	131101040	1	1	1	2	0	27
chr1	131743850	131743992	1	3	1	2	0	28
chr1	131849787	131852323	1	1	1	2	0	20
chr1	131852380	131855801	1	1	1	1	0	8
chr1	131855955	131857350	1	1	1	3	0	34
chr1	131857501	131858771	1	1	1	1	0	35
chr1	132924448	132929020	2	2	1	1	0	44
chr1	133211105	133212617	1	1	1	1	0	44
chr1	133531815	133534238	2	2	1	2	0	33
chr1	133566688	133566777	2	2	1	2	0	34
chr1	133573585	133575073	2	2	1	1	0	29
chr1	134288663	134289271	2	2	1	1	0	32
chr1	134548761	134549672	1	1	1	1	0	9
chr1	135199503	135200099	2	2	1	1	0	15
chr1	139585592	139588579	2	2	1	1	0	35
chr1	139660215	139660777	2	2	1	0	1	18
chr1	139664713	139666928	2	2	1	1	0	4
chr1	139668327	139680711	2	2	1	0	1	29
chr1	139738758	139741171	2	2	1	1	0	44
chr1	139809200	139810664	2	2	1	1	0	34
chr1	139868367	139887357	2	2	1	0	1	29
chr1	140014261	140016395	2	2	1	1	0	17
chr1	140029497	140030074	2	2	1	0	1	18
chr1	140030623	140033132	2	2	1	1	0	34
chr1	140040345	140046324	2	2	1	1	0	4
chr1	140046502	140047608	2	2	1	2	0	38
chr1	143567066	143567151	2	2	1	1	0	33
chr1	150271055	150274350	1	1	1	1	0	9
chr1	150274425	150278005	1	1	1	1	0	34
chr1	150284636	150284953	1	1	1	1	0	4
chr1	150299733	150300413	1	1	1	1	0	25
chr1	150304002	150305085	1	1	1	1	0	8
chr1	150323382	150324893	1	1	1	1	0	37
chr1	150324990	150325482	1	1	1	1	0	34
chr1	150327762	150327973	2	2	1	1	0	8
chr1	151244340	151246329	2	2	1	2	0	32
chr1	152647292	152650010	1	1	1	2	0	38
chr1	153115158	153116062	2	2	1	1	0	16
chr1	153782242	153782765	1	1	1	2	0	42
chr1	155440468	155443330	1	1	1	4	0	43
chr1	155443428	155447943	1	1	1	3	0	36
chr1	155816577	155819844	2	2	1	1	0	3
chr1	155907220	155909471	2	2	1	1	0	43
chr1	157440269	157440396	1	1	1	0	1	43
chr1	160034280	160035948	2	2	1	1	0	32
chr1	160054253	160059365	2	2	1	1	0	11
chr1	160059438	160064195	2	2	1	1	0	7
chr1	160169735	160219751	2	2	1	1	0	5
chr1	160219794	160269392	2	2	1	1	0	42
chr1	160823026	160824919	1	1	1	2	0	30
chr1	160825311	160827558	1	1	1	5	0	29
chr1	160827624	160829856	1	1	1	23	0	46
chr1	160864150	160864389	1	1	1	3	0	19
chr1	160864423	160864857	1	1	1	1	0	28
chr1	160864423	160865794	1	1	1	2	0	33
chr1	160864886	160865074	1	1	1	3	0	25
chr1	160865118	160865564	1	1	1	3	0	41
chr1	160865608	160865794	1	1	1	3	0	24
chr1	160865843	160866026	1	1	1	3	0	33
chr1	161069420	161071144	2	2	1	1	0	18
chr1	161684541	161684912	2	2	1	2	0	30
chr1	162548176	162548998	2	2	1	1	0	19
chr1	162549109	162550678	2	2	1	1	0	31
chr1	162631339	162632722	2	2	1	2	0	18
chr1	164032531	164034578	1	1	1	1	0	11
chr1	164034696	164035420	1	1	1	1	0	22
chr1	164045119	164046946	1	1	1	27	0	43
chr1	165307148	165308471	1	1	1	5	0	25
chr1	165598386	165601412	1	1	1	13	0	46
chr1	167136503	167136874	1	1	1	7	0	43
chr1	167192219	167193343	1	1	1	1	0	45
chr1	171044118	171044314	1	1	1	1	0	24
chr1	171045301	171046157	1	1	1	1	0	26
chr1	171052691	171052852	1	1	1	5	0	33
chr1	171052691	171052855	1	1	1	2	2	30
chr1	171052914	171053756	1	1	1	4	2	34
chr1	171052936	171053234	1	1	1	24	0	39
chr1	171052936	171053299	1	1	1	1	0	38
chr1	171053368	171053711	1	1	1	371	0	46
chr1	171057497	171057635	2	2	1	1	0	15
chr1	171062657	171062841	2	2	1	3	0	38
chr1	171062900	171063925	2	2	1	2	0	5
chr1	171065942	171066083	2	2	1	1	0	20
chr1	171104773	171104858	2	2	1	1	0	18
chr1	171104902	171105019	2	2	1	1	0	31
chr1	171184397	171185417	1	1	1	1	0	12
chr1	171247029	171247505	1	1	1	2	0	31
chr1	171247669	171247758	1	1	1	1	0	29
chr1	171945889	171946407	1	1	1	1	0	39
chr1	172016637	172020084	1	1	1	1	0	16
chr1	173702039	173703141	2	2	1	1	0	10
chr1	175429133	175431503	2	2	1	13	0	45
chr1	176567656	176570066	2	2	1	1	0	38
chr1	177598832	177599637	2	2	1	1	0	34
chr1	178149425	178149506	1	1	1	2	0	16
chr1	178149571	178150045	1	1	1	3	0	12
chr1	178156973	178157432	2	2	1	2	0	29
chr1	178157505	178157729	2	2	1	2	0	29
chr1	178159922	178160561	2	2	1	1	0	16
chr1	178161592	178163446	2	2	1	1	0	20
chr1	179576256	179579875	2	2	1	1	0	40
chr1	179626904	179630917	2	2	1	1	0	5
chr1	179892732	179894715	1	1	1	1	0	16
chr1	179997280	179997626	2	2	1	1	0	31
chr1	180006209	180006447	2	2	1	1	0	28
chr1	180055204	180056989	1	1	1	1	0	39
chr1	180055294	180056407	2	2	1	1	0	24
chr1	180413556	180414825	1	1	1	1	0	11
chr1	180417159	180418782	1	1	1	1	0	15
chr1	180425929	180426517	1	1	1	1	0	21
chr1	180637836	180639363	2	2	1	1	0	28
chr1	180687636	180688662	1	1	1	4	0	28
chr1	180817546	180817957	2	2	1	1	0	13
chr1	180958436	180962356	2	2	1	1	0	44
chr1	181005397	181008868	2	2	1	6	0	29
chr1	182286525	182289251	1	1	1	1	0	14
chr1	183113782	183114963	2	2	1	2	0	23
chr1	183115103	183115257	2	2	1	1	0	14
chr1	183120109	183120812	2	2	1	1	0	22
chr1	183120835	183125674	2	2	1	1	0	22
chr1	184520039	184527430	2	2	1	1	0	15
chr1	184527503	184527628	2	2	1	1	0	5
chr1	184546081	184551397	2	2	1	16	0	42
chr1	185105255	185106314	1	1	1	1	0	9
chr1	185106410	185110971	1	1	1	1	0	23
chr1	185126671	185128226	1	1	1	1	0	22
chr1	185130704	185131418	1	1	1	1	0	46
chr1	185131537	185133505	1	1	1	2	0	34
chr1	185139392	185139687	1	1	1	13	0	45
chr1	185152485	185156507	1	1	1	1	0	12
chr1	189613064	189614305	2	2	1	1	0	13
chr1	191086173	191086727	2	2	1	2	0	4
chr1	191086856	191086938	2	2	1	1	0	11
chr1	191508542	191510494	1	1	1	1	0	20
chr1	194786216	194789125	2	2	1	6	0	40
chr1	194797150	194799786	2	2	1	0	1	42
chr2	3490107	3490734	2	2	1	1	0	41
chr2	3512292	3513670	2	2	1	1	0	17
chr2	4935706	4940779	1	1	1	3	0	28
chr2	4940930	4942486	1	1	1	2	0	40
chr2	4942622	4943117	1	1	1	1	0	15
chr2	5038036	5038964	2	2	1	1	0	10
chr2	5059528	5068717	2	2	1	1	0	39
chr2	5799692	5800359	2	2	1	1	0	12
chr2	5800498	5803171	2	2	1	1	0	43
chr2	5826194	5827912	2	2	1	1	0	27
chr2	5935798	5937197	2	2	1	1	0	44
chr2	5956365	5962281	1	1	1	2	0	28
chr2	5957433	5962281	1	1	1	2	0	26
chr2	6399367	6405090	1	1	1	1	0	10
chr2	6405131	6413739	1	1	1	1	0	39
chr2	10060973	10061580	2	2	1	22	0	37
chr2	10061618	10063806	2	2	1	22	0	37
chr2	10063904	10064311	2	2	1	4	0	23
chr2	10099713	10101261	2	2	1	3	0	42
chr2	10102061	10102712	2	4	1	1	0	20
chr2	10103379	10106885	2	2	1	1	0	34
chr2	10113751	10114291	2	4	1	2	0	9
chr2	10114418	10115205	2	2	1	1	0	4
chr2	11590540	11590644	2	2	1	1	0	7
chr2	13516502	13520825	2	2	1	1	0	30
chr2	15001358	15002977	2	2	1	1	0	18
chr2	18127160	18128529	1	1	1	1	0	31
chr2	18128624	18130944	1	1	1	1	0	31
chr2	18222137	18224261	2	2	1	1	0	23
chr2	18298856	18311783	2	2	1	1	0	22
chr2	18311878	18312725	2	2	1	1	0	37
chr2	18313761	18321168	2	2	1	1	0	16
chr2	20855197	20857848	2	2	1	1	0	32
chr2	20857881	20859745	2	2	1	1	0	5
chr2	22478077	22634873	0	0	1	4	2	30
chr2	22478087	22478116	0	0	1	0	6	33
chr2	22959632	22965501	1	1	1	1	0	43
chr2	22977632	22979602	1	1	1	1	0	21
chr2	22989777	23000256	1	1	1	1	0	34
chr2	24952047	24952372	2	2	1	1	0	14
chr2	25242579	25242697	2	2	1	1	0	12
chr2	25349872	25350020	2	2	1	1	0	37
chr2	25388836	25388916	2	2	1	33	0	39
chr2	25388853	25388916	2	2	1	1	0	23
chr2	25388956	25389025	2	2	1	18	0	39
chr2	25389128	25389409	2	2	1	1	0	45
chr2	25389988	25390105	2	2	1	2	0	33
chr2	25451075	25451862	1	1	1	8	0	43
chr2	25592766	25593174	1	1	1	1	0	22
chr2	26352258	26352353	2	2	1	1	0	3
chr2	26481076	26481675	1	1	1	1	0	44
chr2	26486188	26486302	2	2	1	1	0	20
chr2	26802814	26802999	1	1	1	15	0	44
chr2	26803070	26803176	1	1	1	29	1	44
chr2	26803671	26803924	2	2	1	1	0	22
chr2	26812184	26814356	2	2	1	1	0	5
chr2	26884043	26886534	1	1	1	1	0	13
chr2	27079657	27081890	2	2	1	1	1	30
chr2	27105198	27108809	2	2	1	1	0	31
chr2	27120541	27120782	2	2	1	1	0	16
chr2	27343087	27344324	2	2	1	1	0	19
chr2	27343463	27344324	2	2	1	1	0	24
chr2	29847826	29848458	1	1	1	1	0	37
chr2	30167071	30167159	1	1	1	1	0	6
chr2	30318415	30337725	1	1	1	2	0	41
chr2	30850782	30851100	2	2	1	1	0	29
chr2	31371176	31376500	1	1	1	0	1	20
chr2	31378665	31382325	1	1	1	1	0	43
chr2	31388250	31390844	1	1	1	2	0	21
chr2	31390930	31391499	1	1	1	2	0	43
chr2	31391565	31400121	1	1	1	0	1	36
chr2	31400254	31404690	1	1	1	0	1	29
chr2	31404848	31408737	1	1	1	3	0	23
chr2	31408804	31410383	1	1	1	4	19	43
chr2	32170816	32171697	2	2	1	1	0	38
chr2	32574829	32575325	2	2	1	1	0	31
chr2	32815352	32815895	1	5	1	1	0	18
chr2	32853079	32853508	1	1	1	1	0	9
chr2	32853596	32853752	1	1	1	12	2	38
chr2	32853866	32854002	1	1	1	10	0	42
chr2	34487573	34509856	1	1	1	3	0	39
chr2	34590863	34594177	2	2	1	1	0	37
chr2	34662803	34663181	1	1	1	1	0	7
chr2	34663946	34664039	1	1	1	2	0	25
chr2	34665246	34665562	1	1	1	4	0	21
chr2	34764604	34772303	1	1	1	1	0	40
chr2	34778184	34780291	1	1	1	1	0	40
chr2	34887474	34890785	2	2	1	1	0	29
chr2	34900090	34903007	2	2	1	1	0	9
chr2	34908169	34909476	2	2	1	1	0	31
chr2	34918211	34919413	2	2	1	1	0	16
chr2	34975779	34976112	2	2	1	1	0	24
chr2	34976176	34976442	2	2	1	1	0	5
chr2	35034434	35035068	1	1	1	1	0	13
chr2	35072460	35073404	2	2	1	2	0	30
chr2	35926654	35929723	2	2	1	2	0	11
chr2	37486857	37489132	2	2	1	1	0	20
chr2	38478301	38480708	2	2	1	8	0	45
chr2	38480861	38503443	2	2	1	1	0	28
chr2	38891778	38894118	2	2	1	1	16	45
chr2	38894201	38894743	2	2	1	3	0	32
chr2	38894881	38895095	2	2	1	1	0	14
chr2	43085874	43086315	1	1	1	0	1	3
chr2	43562769	43569763	1	1	1	1	0	27
chr2	51838789	51839995	2	2	1	1	0	3
chr2	52039710	52049488	2	2	1	2	0	35
chr2	52059960	52060450	2	2	1	1	0	18
chr2	52127176	52128203	2	2	1	1	0	45
chr2	52132113	52133204	2	2	1	0	1	13
chr2	52132113	52137167	2	2	1	0	1	13
chr2	52136877	52137167	2	2	1	1	0	16
chr2	52167577	52168785	2	2	1	1	0	14
chr2	52203238	52203787	2	2	1	1	0	27
chr2	52203893	52209645	2	2	1	1	0	22
chr2	52215080	52215708	2	2	1	1	0	39
chr2	52274764	52275281	1	1	1	2	0	6
chr2	52275298	52276425	1	1	1	2	0	16
chr2	52276563	52280123	1	1	1	1	0	24
chr2	53029283	53030472	2	2	1	1	0	37
chr2	53030605	53031630	2	2	1	1	0	9
chr2	53031693	53031778	2	2	1	1	0	21
chr2	53031876	53031954	2	2	1	1	0	4
chr2	53032042	53034795	2	2	1	3	0	46
chr2	53042567	53042969	2	2	1	1	0	15
chr2	57254156	57254261	1	1	1	1	0	38
chr2	59142258	59148855	1	3	1	1	0	17
chr2	59733650	59737259	2	2	1	1	0	35
chr2	59762515	59764014	2	2	1	2	0	6
chr2	59764060	59765558	2	2	1	2	0	41
chr2	59773375	59778430	2	2	1	1	0	4
chr2	60037308	60040056	2	2	1	1	0	36
chr2	60074015	60075555	1	1	1	3	0	23
chr2	60088344	60102445	2	2	1	2	0	3
chr2	60102557	60114403	2	2	1	1	0	38
chr2	61614252	61615777	1	1	1	1	0	14
chr2	61627802	61630325	1	1	1	1	0	43
chr2	64760340	64760529	2	2	1	1	0	34
chr2	69566473	69571829	1	1	1	1	0	18
chr2	69572038	69573956	1	1	1	1	0	11
chr2	69576460	69579304	1	1	1	3	0	35
chr2	69697724	69697795	1	1	1	1	0	21
chr2	69700365	69700728	1	1	1	1	0	19
chr2	69701661	69702075	2	2	1	1	0	17
chr2	69702126	69704227	2	2	1	1	0	25
chr2	69704280	69711110	2	2	1	1	0	33
chr2	69711756	69715592	2	2	1	1	0	35
chr2	69753278	69764732	1	1	1	1	0	19
chr2	69764800	69766235	1	1	1	1	0	6
chr2	70554428	70555823	2	2	1	2	0	45
chr2	70579672	70580778	2	2	1	1	0	37
chr2	70580869	70582578	2	2	1	1	0	22
chr2	71042419	71044782	1	1	1	1	0	4
chr2	71059035	71066258	1	1	1	1	0	43
chr2	72817977	72818715	1	1	1	1	0	7
chr2	72972340	72972651	2	2	1	1	0	17
chr2	73116768	73117952	2	2	1	0	1	29
chr2	73118060	73134083	2	2	1	0	1	15
chr2	73178104	73178480	2	2	1	1	0	27
chr2	73739052	73739527	2	2	1	1	0	32
chr2	75491933	75492014	1	1	1	1	0	17
chr2	75495646	75495741	1	1	1	1	0	33
chr2	75509774	75534707	2	2	1	2	0	36
chr2	76204031	76205699	1	1	1	1	0	44
chr2	76620056	76620222	2	2	1	1	0	40
chr2	76629953	76630826	2	2	1	1	0	45
chr2	76649161	76651459	2	2	1	4	0	39
chr2	76651529	76652794	2	2	1	1	0	20
chr2	79466089	79466376	1	1	1	1	0	24
chr2	79466423	79469600	1	1	1	1	0	22
chr2	80356023	80358878	2	2	1	1	0	29
chr2	80375491	80378244	2	2	1	1	0	16
chr2	83475072	83483701	1	1	1	1	0	38
chr2	83487472	83488352	1	1	1	1	0	35
chr2	83696384	83702273	1	1	1	0	1	35
chr2	84175434	84175513	2	2	1	1	0	45
chr2	84515792	84515946	1	1	1	1	0	6
chr2	84595781	84597811	1	1	1	1	2	29
chr2	84596172	84597618	2	2	1	1	0	40
chr2	84597839	84600117	2	2	1	1	0	39
chr2	84600641	84601768	2	2	1	1	0	22
chr2	84601904	84603474	2	2	1	1	0	44
chr2	84875925	84876027	1	1	1	1	0	34
chr2	84876117	84876596	1	1	1	1	0	9
chr2	90583535	90587679	1	1	1	2	0	42
chr2	90694010	90695527	1	1	1	3	0	30
chr2	90725222	90728343	2	2	1	1	0	45
chr2	90725222	90728727	2	2	1	2	1	41
chr2	90829113	90831350	1	1	1	1	0	11
chr2	90884677	90884919	1	1	1	1	0	30
chr2	90885450	90885802	1	1	1	2	0	17
chr2	90888501	90889390	1	1	1	3	0	44
chr2	90889473	90889598	1	1	1	6	0	45
chr2	91389508	91391151	1	1	1	2	0	32
chr2	91406419	91406507	1	1	1	1	0	35
chr2	91455812	91460402	2	2	1	1	0	19
chr2	91455919	91456046	2	2	1	11	0	45
chr2	91456118	91458666	2	2	1	5	0	42
chr2	91459179	91459495	2	2	1	1	0	41
chr2	91459664	91460294	2	2	1	1	0	26
chr2	91460422	91460497	2	2	1	1	0	19
chr2	92207909	92208035	1	1	1	1	0	5
chr2	92210820	92211380	1	1	1	6	0	36
chr2	93251101	93252171	2	2	1	1	0	41
chr2	93252274	93260289	2	2	1	2	0	7
chr2	93864007	93864271	2	2	1	1	0	3
chr2	94255424	94255935	2	2	1	1	0	10
chr2	102922262	102922809	1	1	1	1	0	10
chr2	103285507	103287194	2	2	1	1	0	40
chr2	103290718	103293631	2	2	1	3	0	17
chr2	103613388	103613487	2	2	1	1	0	22
chr2	103883826	103885180	1	1	1	1	0	26
chr2	104264845	104264934	2	2	1	1	0	19
chr2	104535547	104536700	2	2	1	1	0	27
chr2	104830187	104830586	2	2	1	1	0	8
chr2	105794636	105795608	1	1	1	5	0	25
chr2	113433635	113467076	1	1	1	1	0	30
chr2	117088261	117089701	1	1	1	1	0	10
chr2	117089837	117090655	1	1	1	1	0	17
chr2	118700264	118701858	1	1	1	1	0	15
chr2	119212480	119213344	2	2	1	1	0	21
chr2	119232906	119237296	2	2	1	1	0	18
chr2	119281932	119284536	2	2	1	1	0	31
chr2	119790933	119791206	1	1	1	1	0	38
chr2	120360999	120362075	2	2	1	1	0	8
chr2	120366161	120369775	2	2	1	1	0	18
chr2	120369974	120376323	2	2	1	1	0	23
chr2	120376386	120385711	2	2	1	1	0	33
chr2	120385797	120394167	2	2	1	1	0	19
chr2	120748355	120751858	2	2	1	1	0	34
chr2	121257184	121259934	1	1	1	1	0	43
chr2	121262250	121262754	1	1	1	2	0	13
chr2	121262881	121263997	1	1	1	1	0	8
chr2	121264575	121265269	1	1	1	3	0	44
chr2	121265399	121266401	1	1	1	2	0	9
chr2	121266482	121266837	1	1	1	3	0	39
chr2	121266896	121268066	1	1	1	1	0	6
chr2	121280565	121281465	1	1	1	1	0	16
chr2	121287773	121288126	1	1	1	1	0	21
chr2	121288183	121288472	1	1	1	1	0	31
chr2	121288525	121288629	1	1	1	4	0	38
chr2	121799761	121807811	1	1	1	1	0	10
chr2	121859393	121871636	1	1	1	1	5	41
chr2	121871692	121872062	1	1	1	1	0	13
chr2	121872155	121877916	1	1	1	0	1	18
chr2	121881130	121882222	1	1	1	0	1	23
chr2	121981633	121982127	1	1	1	9	0	29
chr2	121982157	121983131	1	1	1	18	0	29
chr2	122083828	122087322	1	1	1	1	0	12
chr2	122090837	122093668	1	1	1	1	0	29
chr2	122650053	122651200	1	1	1	1	0	27
chr2	125594901	125599113	2	2	1	5	0	46
chr2	125690205	125691659	2	2	1	1	0	6
chr2	126409792	126416621	1	1	1	2	0	37
chr2	126416817	126419779	1	1	1	2	0	33
chr2	126419871	126420768	1	1	1	2	0	45
chr2	126593113	126594191	1	1	1	1	0	19
chr2	127432702	127433733	1	1	1	2	0	17
chr2	127619314	127621023	2	2	1	1	0	40
chr2	127633753	127634053	2	2	1	1	0	9
chr2	130119545	130119768	1	1	1	1	0	16
chr2	130121358	130121475	2	2	1	1	0	41
chr2	130806849	130811924	1	1	1	1	0	10
chr2	131910288	131910378	1	1	1	0	1	37
chr2	132406632	132408534	2	2	1	1	0	41
chr2	132652429	132652908	2	2	1	1	0	45
chr2	132653019	132653967	2	2	1	1	0	40
chr2	136723560	136727392	2	2	1	1	0	32
chr2	140045291	140045451	1	1	1	2	0	12
chr2	142907269	142910180	1	1	1	1	0	36
chr2	143796958	143797033	2	2	1	1	0	15
chr2	143816530	143830067	2	2	1	2	0	36
chr2	143828090	143830067	2	2	1	1	0	34
chr2	143832187	143851943	2	2	1	2	0	23
chr2	143832187	143852918	2	2	1	5	0	31
chr2	144093153	144094364	2	2	1	1	0	19
chr2	144099116	144099789	2	2	1	2	0	45
chr2	146811508	146811876	1	1	1	1	0	16
chr2	146871333	146871414	1	1	1	1	0	5
chr2	146871549	146871646	1	1	1	2	0	29
chr2	146871705	146871788	1	1	1	2	0	13
chr2	146891983	146893632	1	1	1	1	0	26
chr2	146893690	146903168	1	1	1	1	0	9
chr2	146903458	146905152	1	1	1	1	0	37
chr2	150680315	150680660	2	2	1	1	0	39
chr2	150786571	150787003	2	2	1	1	0	35
chr2	151348305	151351428	1	1	1	1	0	45
chr2	151401541	151402540	1	1	1	1	0	24
chr2	151571597	151576141	2	2	1	1	0	13
chr2	152196333	152196419	2	4	1	1	0	15
chr2	153024408	153029182	1	1	1	2	0	17
chr2	154720485	154726230	2	2	1	0	1	44
chr2	154726367	154729623	2	2	1	4	0	12
chr2	154729728	154730102	2	2	1	9	0	23
chr2	154730281	154734609	2	2	1	2	0	24
chr2	154902501	154904068	2	2	1	0	1	11
chr2	154975506	154980115	1	1	1	1	0	19
chr2	155400620	155402541	1	1	1	1	0	11
chr2	155402611	155402949	1	1	1	1	0	9
chr2	155403127	155403665	1	1	1	1	0	16
chr2	155477061	155477155	2	2	1	1	0	42
chr2	155859637	155859716	1	1	1	2	0	35
chr2	155859773	155859990	1	1	1	3	0	26
chr2	155986510	155987521	1	1	1	6	1	37
chr2	155990284	155991155	2	2	1	1	0	20
chr2	156019306	156020799	2	2	1	1	0	10
chr2	156019306	156021096	2	2	1	1	0	46
chr2	156021161	156021806	2	2	1	2	0	15
chr2	156943779	156946751	2	2	1	1	0	25
chr2	157726191	157726347	1	1	1	1	0	7
chr2	157726421	157732824	1	1	1	1	0	42
chr2	160524695	160526367	1	1	1	1	0	35
chr2	160526424	160529567	1	1	1	1	0	27
chr2	160529664	160532196	1	1	1	1	0	27
chr2	160544744	160545491	1	1	1	1	0	33
chr2	160562594	160562846	1	1	1	1	0	33
chr2	163925679	163928414	1	1	1	1	0	32
chr2	164407859	164410254	1	1	1	1	0	4
chr2	164619254	164619391	2	2	1	5	0	40
chr2	164619529	164619650	2	2	1	1	0	26
chr2	164620008	164620095	2	2	1	1	0	23
chr2	164620148	164621582	2	2	1	2	0	46
chr2	164682111	164682240	2	2	1	1	0	4
chr2	164682305	164682414	2	2	1	1	0	24
chr2	165682011	165684683	2	2	1	1	0	43
chr2	166037181	166037906	1	1	1	2	0	40
chr2	166731809	166732135	2	4	1	1	0	18
chr2	166791750	166792150	2	2	1	1	0	9
chr2	166859810	166861546	1	1	1	1	0	38
chr2	166871583	166873254	1	1	1	3	0	32
chr2	166888927	166889460	2	2	1	1	0	45
chr2	166907401	166907606	1	1	1	2	0	16
chr2	168052557	168053285	2	2	1	1	0	20
chr2	172289034	172305096	1	1	1	1	0	25
chr2	172998930	172999021	1	1	1	2	0	25
chr2	172999154	172999785	1	1	1	1	0	25
chr2	173530022	173536902	1	1	1	1	0	22
chr2	173537159	173537682	1	1	1	1	0	17
chr2	173579544	173603909	1	1	1	0	1	3
chr2	173616268	173617904	1	1	1	1	0	11
chr2	174187573	174187782	1	1	1	1	0	38
chr2	174269776	174270370	2	2	1	1	0	13
chr2	174303015	174304292	2	2	1	26	0	42
chr2	174304423	174305757	2	2	1	1	0	24
chr2	175125218	175125422	1	1	1	0	2	41
chr2	175222367	175222572	1	1	1	0	2	41
chr2	175319919	175320124	1	1	1	0	1	41
chr2	175487174	175487379	2	2	1	0	2	41
chr2	175584326	175584530	2	2	1	0	2	41
chr2	175714576	175714781	2	2	1	0	2	41
chr2	176123749	176123953	1	1	1	0	2	41
chr2	176220909	176221114	1	1	1	0	2	41
chr2	176370456	176370661	1	1	1	0	1	41
chr2	176547000	176547214	0	0	1	0	1	41
chr2	176748304	176748516	0	0	1	0	1	23
chr2	177165206	177165410	1	1	1	0	2	41
chr2	177198829	177199035	1	1	1	1	0	44
chr2	177546205	177546411	1	1	1	0	2	41
chr2	177673175	177673382	1	1	1	0	2	41
chr2	179565903	179566209	2	2	1	1	0	25
chr2	179678367	179678730	2	2	1	8	0	40
chr2	179678794	179679175	2	2	1	3	0	30
chr2	179817750	179817866	1	1	1	2	0	24
chr2	179899477	179899580	1	1	1	1	0	4
chr2	179899645	179899778	1	1	1	5	0	44
chr2	179899851	179900022	1	1	1	11	0	45
chr2	179900079	179900170	1	1	1	12	0	45
chr2	180356680	180358651	1	1	1	0	1	12
chr2	180833304	180833819	2	2	1	1	0	40
chr2	180872474	180872551	2	2	1	1	0	46
chr2	181230100	181230188	2	2	1	1	0	37
chr2	181243325	181249912	1	1	1	1	0	24
chr2	181507827	181509996	1	1	1	1	0	31
chr3	10080634	10081126	1	1	1	1	0	24
chr3	10380362	10381162	2	2	1	1	0	23
chr3	14671469	14672236	2	2	1	1	0	45
chr3	14672354	14674600	2	2	1	0	2	15
chr3	14929508	14931862	1	1	1	1	0	10
chr3	14931982	14933408	1	1	1	1	0	39
chr3	14933502	14934294	1	1	1	2	0	24
chr3	14934358	14935101	1	1	1	1	0	23
chr3	14935258	14936601	1	1	1	4	1	26
chr3	18150894	18151367	2	2	1	1	0	12
chr3	20018692	20020402	1	1	1	1	0	23
chr3	20039831	20041522	1	1	1	2	0	45
chr3	20041740	20042096	1	1	1	1	0	41
chr3	20042237	20043216	1	1	1	7	0	43
chr3	20043383	20046672	1	1	1	12	0	41
chr3	28772981	28773468	1	1	1	1	0	21
chr3	28860742	28860885	1	1	1	1	0	33
chr3	28861008	28861335	1	1	1	8	0	30
chr3	30854389	30855208	1	1	1	3	0	45
chr3	30855315	30863970	1	1	1	15	0	43
chr3	32799092	32800596	1	1	1	1	0	5
chr3	32802717	32805177	1	1	1	5	0	46
chr3	33858912	33860964	1	1	1	1	0	36
chr3	34118469	34122309	1	1	1	1	0	25
chr3	34131674	34132923	2	2	1	6	1	45
chr3	34132995	34133353	2	2	1	5	0	39
chr3	34133434	34134232	2	2	1	2	0	34
chr3	35949849	35951612	2	2	1	0	2	12
chr3	36511688	36514591	2	2	1	1	0	10
chr3	40916102	40916603	1	1	1	2	0	33
chr3	40916664	40918402	1	1	1	1	0	7
chr3	41024871	41037029	2	2	1	1	0	3
chr3	51313041	51314756	2	2	1	10	0	43
chr3	51314834	51315565	2	2	1	5	0	43
chr3	51315670	51316284	2	2	1	3	0	17
chr3	51367582	51368504	1	1	1	1	0	23
chr3	54602629	54603904	1	1	1	1	0	34
chr3	54656115	54656649	1	1	1	1	0	30
chr3	55912972	55915656	2	2	1	1	0	42
chr3	58432580	58432830	2	2	1	1	0	36
chr3	59939363	59943231	1	1	1	1	0	33
chr3	62394487	62395550	2	2	1	1	0	42
chr3	62396460	62399771	2	2	1	1	0	42
chr3	62408490	62409394	2	2	1	1	0	9
chr3	63897770	63897937	1	1	1	1	0	11
chr3	67497273	67499902	1	1	1	1	0	45
chr3	68923591	68923984	1	1	1	1	0	34
chr3	69636752	69637737	1	1	1	1	0	46
chr3	75793651	75793979	2	2	1	1	0	23
chr3	75794148	75797828	2	2	1	1	0	30
chr3	79521070	79522306	2	2	1	1	0	34
chr3	81867868	81868739	2	2	1	1	0	23
chr3	81879015	81881627	2	2	1	1	0	6
chr3	82915505	82915680	1	1	1	4	0	45
chr3	82915865	82915954	1	1	1	3	0	41
chr3	82917502	82917762	1	1	1	1	0	29
chr3	82917897	82918651	1	1	1	4	0	44
chr3	82918819	82921662	2	4	1	1	0	20
chr3	82918837	82920070	1	1	1	1	0	14
chr3	82920349	82921444	1	1	1	6	0	45
chr3	82921615	82922141	1	1	1	91	0	46
chr3	82936573	82937491	1	1	1	2	0	26
chr3	82937638	82938139	1	1	1	4	0	26
chr3	82949942	82950538	2	2	1	7	0	40
chr3	82950825	82951083	2	2	1	3	0	43
chr3	82951210	82951525	2	2	1	5	0	45
chr3	82951640	82952179	2	2	1	1	0	19
chr3	82952408	82953308	2	2	1	4	0	45
chr3	82953493	82953960	2	2	1	18	0	41
chr3	82954156	82956987	2	2	1	3	0	39
chr3	86045418	86045789	2	2	1	25	0	46
chr3	86045900	86046346	2	2	1	1	0	41
chr3	86225482	86226867	1	1	1	1	0	41
chr3	86895129	86895584	1	1	1	0	1	42
chr3	86903909	86903996	2	2	1	2	0	6
chr3	86904924	86905378	2	2	1	0	1	42
chr3	87821998	87822208	1	1	1	1	0	9
chr3	87830373	87830516	1	1	1	2	0	36
chr3	88228453	88228750	1	1	1	1	0	19
chr3	88457312	88458002	2	2	1	8	0	36
chr3	88458093	88459661	2	2	1	2	0	42
chr3	88915185	88930337	1	1	1	1	0	42
chr3	89001151	89001537	2	2	1	11	0	41
chr3	89001673	89001758	2	2	1	1	0	39
chr3	89001837	89002166	2	2	1	1	0	29
chr3	89002240	89002320	2	2	1	2	0	34
chr3	89002410	89002660	2	2	1	1	0	29
chr3	89052315	89052773	1	1	1	1	0	30
chr3	89082382	89082464	1	1	1	1	0	34
chr3	89115736	89115823	1	1	1	2	0	30
chr3	89120254	89121119	2	2	1	1	0	24
chr3	89154436	89156380	1	1	1	2	0	21
chr3	89156448	89156877	1	1	1	10	0	41
chr3	89310609	89310702	2	2	1	1	0	6
chr3	89371756	89374853	1	1	1	1	0	39
chr3	89907561	89909585	2	2	1	1	0	25
chr3	89908299	89909585	2	2	1	1	0	44
chr3	89946324	89951006	2	2	1	3	0	20
chr3	89995052	89995707	1	1	1	1	0	39
chr3	89997387	90006834	1	1	1	0	1	9
chr3	89998399	89999237	1	1	1	1	0	43
chr3	90120061	90120240	2	2	1	21	0	44
chr3	90120352	90120499	2	2	1	14	0	39
chr3	90120609	90120916	2	2	1	1	0	3
chr3	90263556	90265175	1	1	1	1	0	36
chr3	90418672	90419302	2	2	1	2	0	38
chr3	90419457	90421507	2	2	1	2	0	25
chr3	94280239	94282341	1	1	1	1	0	28
chr3	94408579	94409476	2	2	1	1	0	23
chr3	94409537	94410162	2	2	1	1	0	9
chr3	94604737	94611584	1	1	1	1	0	33
chr3	94607424	94609626	1	1	1	2	0	34
chr3	94609706	94609787	1	1	1	0	1	3
chr3	94791752	94791981	2	2	1	12	0	36
chr3	94792071	94792227	2	2	1	9	0	35
chr3	94849854	94849935	1	1	1	0	1	3
chr3	94851505	94851716	1	1	1	1	0	8
chr3	94942636	94943120	2	2	1	1	0	3
chr3	95235148	95235858	2	2	1	1	0	21
chr3	95641784	95642134	2	2	1	1	0	12
chr3	95648749	95649385	2	2	1	1	0	28
chr3	95770245	95777805	2	2	1	1	0	45
chr3	96488220	96488959	2	2	1	1	0	41
chr3	96538885	96539004	1	1	1	1	0	5
chr3	97083110	97083646	1	1	1	1	0	5
chr3	97546319	97548983	1	1	1	1	0	26
chr3	97549184	97552883	1	1	1	1	0	39
chr3	97654080	97654832	2	2	1	1	0	7
chr3	97654915	97655080	2	2	1	1	0	3
chr3	98208996	98209937	1	1	1	1	0	39
chr3	98632390	98669609	2	2	1	0	1	24
chr3	98632390	98670326	2	2	1	0	1	24
chr3	98648922	98649758	1	5	1	2	0	28
chr3	100870784	100871371	2	2	1	1	0	36
chr3	101490155	101491060	2	2	1	1	0	14
chr3	102963794	102964201	1	1	1	2	0	15
chr3	103906674	103910762	1	1	1	1	0	45
chr3	103923385	103924816	2	2	1	1	0	15
chr3	104700347	104701185	1	1	1	1	0	23
chr3	104701232	104701714	1	1	1	1	0	23
chr3	105645215	105646829	2	2	1	3	1	34
chr3	105850380	105851002	2	2	1	1	0	34
chr3	105851183	105858906	2	2	1	1	0	13
chr3	107233621	107237530	2	2	1	1	0	41
chr3	107892645	107892933	2	2	1	1	0	29
chr3	107920095	107922068	2	2	1	1	0	20
chr3	107922357	107923643	2	2	1	2	0	39
chr3	107923745	107923834	2	2	1	1	0	34
chr3	107923917	107924199	2	2	1	1	0	34
chr3	108019405	108019788	2	2	1	3	0	35
chr3	108179694	108187050	1	1	1	0	1	26
chr3	108568812	108569247	1	1	1	2	0	24
chr3	113349823	113351741	2	2	1	6	0	36
chr3	113355381	113355472	2	2	1	1	0	31
chr3	113413817	113414757	2	2	1	1	0	5
chr3	116721084	116721223	2	2	1	1	0	13
chr3	118597782	118604828	1	1	1	2	0	28
chr3	121562391	121562815	2	2	1	1	0	6
chr3	121563067	121563163	2	2	1	2	0	30
chr3	121563242	121565951	2	2	1	2	0	31
chr3	121785576	121785982	1	1	1	1	0	6
chr3	122052941	122055516	1	1	1	1	0	13
chr3	122058558	122059876	1	1	1	1	0	45
chr3	122676337	122682916	2	2	1	1	0	36
chr3	123148735	123149371	1	1	1	1	0	17
chr3	123301310	123301465	2	2	1	2	0	22
chr3	123301512	123301760	2	2	1	3	0	31
chr3	127340219	127340302	2	2	1	0	2	39
chr3	129638578	129640483	2	2	1	2	0	43
chr3	129652118	129652361	1	1	1	1	0	15
chr3	129662234	129666489	1	1	1	1	0	25
chr3	129668040	129668569	1	1	1	1	0	9
chr3	130520609	130522396	2	2	1	33	38	44
chr3	130522501	130522699	2	2	1	21	0	45
chr3	130522800	130522877	2	2	1	3	0	44
chr3	133082350	133083607	1	1	1	2	0	19
chr3	135165842	135168710	1	1	1	1	0	16
chr3	135168805	135170955	1	1	1	1	0	37
chr3	137817513	137818220	2	2	1	2	0	38
chr3	137985594	137986134	1	1	1	1	0	29
chr3	137988285	137988375	1	1	1	1	0	39
chr3	137994646	137995562	1	1	1	9	0	44
chr3	137995702	137996295	1	1	1	113	0	45
chr3	138087691	138088771	1	1	1	2	0	6
chr3	138088914	138091594	1	1	1	2	0	44
chr3	138125090	138126385	1	1	1	1	0	7
chr3	138134937	138136485	1	1	1	7	0	38
chr3	138148955	138151050	1	1	1	1	0	13
chr3	138160568	138160845	1	1	1	15	0	44
chr3	138256088	138256653	1	1	1	1	0	20
chr3	142515479	142515584	2	2	1	1	0	14
chr3	144854839	144856720	1	1	1	1	0	12
chr3	145306335	145309689	1	1	1	1	0	8
chr3	145594983	145597196	1	1	1	2	0	44
chr3	146209155	146211088	1	1	1	0	4	18
chr3	146212331	146212826	2	2	1	1	0	35
chr3	146318155	146318247	1	1	1	1	0	40
chr3	146331634	146333555	1	1	1	1	0	12
chr3	146335815	146337046	2	2	1	1	0	24
chr3	149277352	149279886	2	2	1	1	0	16
chr3	151925669	151925772	1	1	1	1	0	28
chr3	151958594	151958687	2	2	1	1	0	33
chr3	153628640	153631301	2	2	1	2	0	19
chr3	153643421	153644190	2	2	1	1	0	21
chr3	153644292	153644533	2	2	1	2	0	38
chr3	153644604	153644706	2	2	1	2	0	22
chr3	157242224	157243223	1	1	1	3	0	43
chr3	157613110	157614535	2	2	1	1	0	21
chr3	157718086	157718416	2	2	1	2	0	4
chr3	157718513	157719588	2	2	1	1	0	21
chr3	157719679	157721958	2	2	1	1	0	12
chr3	157722091	157723446	2	2	1	3	0	30
chr3	157723529	157724948	2	2	1	1	0	29
chr4	3834684	3834935	2	2	1	6	0	44
chr4	3835010	3835191	2	2	1	1	0	6
chr4	3942820	3943387	1	1	1	2	0	44
chr4	8578564	8582381	1	1	1	1	0	17
chr4	8604443	8606407	1	1	1	1	0	33
chr4	8753149	8785341	1	1	1	1	0	22
chr4	11051226	11059011	2	2	1	1	0	7
chr4	11234713	11235509	2	2	1	1	0	28
chr4	11507077	11507906	1	1	1	2	0	42
chr4	14955922	14957825	2	2	1	1	0	34
chr4	15022630	15025293	1	1	1	1	0	39
chr4	15919095	15919193	2	2	1	11	0	40
chr4	15919257	15919831	2	2	1	2	0	44
chr4	15922558	15924253	2	2	1	1	0	42
chr4	15958111	15962310	1	1	1	1	0	39
chr4	15989116	15991181	1	1	1	1	0	3
chr4	15991232	15992433	1	1	1	2	0	39
chr4	19540831	19543253	2	2	1	1	0	4
chr4	19586864	19588525	1	1	1	1	0	15
chr4	19602674	19605402	1	1	1	1	0	29
chr4	19605537	19606084	1	1	1	4	0	45
chr4	19672544	19673155	2	2	1	5	0	37
chr4	21870406	21871437	1	1	1	1	0	28
chr4	25252380	25254558	2	2	1	1	0	5
chr4	25254690	25254770	2	2	1	1	0	18
chr4	26368592	26369944	1	1	1	0	1	40
chr4	32759963	32760421	1	1	1	1	0	44
chr4	40269720	40270037	1	1	1	2	0	38
chr4	40270848	40272809	2	2	1	7	0	45
chr4	40272855	40277652	2	2	1	3	0	41
chr4	40722634	40723702	1	1	1	1	0	35
chr4	40724151	40726104	1	1	1	0	1	37
chr4	40726210	40727955	1	1	1	0	2	45
chr4	40936677	40937131	2	2	1	1	0	38
chr4	41136247	41174040	1	1	1	1	0	17
chr4	41293215	41293932	2	2	1	1	0	15
chr4	41758239	41758502	1	1	1	3	0	35
chr4	41769655	41769843	2	2	1	1	0	29
chr4	41948484	42048436	2	2	1	0	2	12
chr4	41948551	42048503	1	1	1	0	2	12
chr4	42445805	42545762	2	2	1	0	2	12
chr4	42445872	42545829	1	1	1	0	2	12
chr4	42980635	42980793	2	2	1	1	0	44
chr4	43493537	43493607	1	1	1	1	0	37
chr4	43495433	43495508	1	1	1	1	0	11
chr4	43495622	43495696	1	1	1	5	0	22
chr4	43515842	43519388	2	2	1	0	1	5
chr4	43555755	43555854	2	2	1	1	0	13
chr4	43654412	43654512	2	2	1	8	0	46
chr4	43654586	43654715	2	2	1	3	0	34
chr4	43654821	43654905	2	2	1	1	0	20
chr4	44987352	44988919	1	1	1	1	0	25
chr4	45500087	45529561	2	2	1	1	0	22
chr4	46175416	46183117	2	2	1	1	0	12
chr4	46463930	46468558	1	1	1	1	0	23
chr4	46500980	46502434	1	1	1	1	0	6
chr4	47480233	47482974	1	1	1	2	1	42
chr4	48194710	48196802	2	2	1	1	0	20
chr4	48431084	48433107	2	2	1	2	0	25
chr4	49375537	49380626	2	2	1	1	0	39
chr4	49536889	49538127	2	2	1	3	0	38
chr4	49538328	49538717	2	2	1	1	0	43
chr4	49538893	49539712	2	2	1	2	0	37
chr4	49539797	49541130	2	2	1	1	0	30
chr4	52457496	52458414	1	1	1	2	0	3
chr4	53034084	53035336	2	2	1	1	0	23
chr4	53563222	53565396	1	1	1	1	0	4
chr4	55350428	55366776	1	1	1	1	0	11
chr4	55378290	55380988	1	1	1	1	0	45
chr4	57857038	57892868	1	1	1	1	0	34
chr4	57943968	57945146	2	2	1	16	0	40
chr4	57945213	57950838	2	2	1	2	0	23
chr4	57950899	57951796	2	2	1	1	0	10
chr4	58800321	58801732	2	2	1	1	0	17
chr4	59017823	59020058	1	1	1	2	0	16
chr4	59956895	60066560	1	1	1	0	6	26
chr4	59956895	60136022	1	1	1	0	6	26
chr4	59956895	60218710	1	1	1	0	6	26
chr4	59956895	60374135	1	1	1	0	6	26
chr4	59956895	60454101	1	1	1	0	6	26
chr4	59956895	60534349	1	1	1	0	6	26
chr4	59956895	60693471	1	1	1	0	6	26
chr4	59956895	60773675	1	1	1	0	6	26
chr4	59956895	61180397	1	1	1	0	6	26
chr4	59956895	61256127	1	1	1	0	6	26
chr4	59956895	61354115	1	1	1	0	6	26
chr4	59956895	61696651	1	1	1	0	6	26
chr4	60006235	60007019	1	1	1	1	0	31
chr4	60066579	60068218	1	1	1	0	1	34
chr4	60066615	60477136	2	2	1	0	6	30
chr4	60066615	60716487	2	2	1	0	6	30
chr4	60066667	60067509	2	2	1	0	82	46
chr4	60066723	60067482	2	2	1	0	1	41
chr4	60066723	60067509	2	2	1	0	986	46
chr4	60066723	60068164	2	2	1	0	3	27
chr4	60067556	60067719	2	2	1	0	487	45
chr4	60067556	60068164	2	2	1	0	3	15
chr4	60067822	60068164	2	2	1	0	194	46
chr4	60068276	60068900	2	2	1	0	105	44
chr4	60068972	60069732	2	2	1	1	0	12
chr4	60068975	60069732	2	2	1	8	22	45
chr4	60069867	60070204	2	2	1	4	35	44
chr4	60087944	60089377	1	1	1	0	1	41
chr4	60088388	60089377	1	1	1	0	1	40
chr4	60136077	60477136	2	2	1	0	6	30
chr4	60136077	60716487	2	2	1	0	6	30
chr4	60136129	60136974	2	2	1	0	82	46
chr4	60136185	60136974	2	2	1	0	985	46
chr4	60136185	60137626	2	2	1	0	3	27
chr4	60136987	60137642	1	3	1	0	7	43
chr4	60137021	60137183	2	2	1	0	783	46
chr4	60137021	60137626	2	2	1	0	3	15
chr4	60137286	60137626	2	2	1	0	262	46
chr4	60137738	60138386	2	2	1	0	82	44
chr4	60138461	60139218	2	2	1	0	29	41
chr4	60139353	60139690	2	2	1	0	13	42
chr4	60218817	60219661	2	2	1	0	82	46
chr4	60218873	60219661	2	2	1	0	985	46
chr4	60218873	60220315	2	2	1	0	3	27
chr4	60219674	60220331	1	3	1	0	7	43
chr4	60219708	60219871	2	2	1	0	783	46
chr4	60219708	60220315	2	2	1	0	3	15
chr4	60219974	60220315	2	2	1	0	262	46
chr4	60220427	60221059	2	2	1	0	80	44
chr4	60221134	60221901	2	2	1	0	3	9
chr4	60222036	60222373	2	2	1	0	56	45
chr4	60225491	60392459	1	1	1	0	3	33
chr4	60243838	60244001	1	1	1	0	1	7
chr4	60243838	60244827	1	1	1	0	1	40
chr4	60374135	60454101	1	1	1	0	3	42
chr4	60374298	60375086	2	2	1	4	525	46
chr4	60374298	60375737	2	2	1	0	2	27
chr4	60375099	60375753	1	3	1	0	7	43
chr4	60375133	60375295	2	2	1	0	783	46
chr4	60375133	60375737	2	2	1	0	3	15
chr4	60375398	60375737	2	2	1	0	262	46
chr4	60375849	60376485	2	2	1	0	108	44
chr4	60376560	60377317	2	2	1	0	31	42
chr4	60376560	60377789	2	2	1	1	0	45
chr4	60377452	60377789	2	2	1	0	89	45
chr4	60395874	60396037	1	1	1	0	1	7
chr4	60454101	60534349	1	1	1	0	3	42
chr4	60454156	60477136	2	2	1	0	1	30
chr4	60454208	60455054	2	2	1	0	82	46
chr4	60454264	60455027	2	2	1	0	1	41
chr4	60454264	60455054	2	2	1	0	986	46
chr4	60454264	60455709	2	2	1	0	3	27
chr4	60455101	60455264	2	2	1	0	488	45
chr4	60455101	60455709	2	2	1	0	3	15
chr4	60455367	60455709	2	2	1	0	194	46
chr4	60455821	60456437	2	2	1	0	82	44
chr4	60456512	60457280	2	2	1	0	29	41
chr4	60457415	60457752	2	2	1	1	73	45
chr4	60534404	60716487	2	2	1	0	6	30
chr4	60534456	60535299	2	2	1	0	82	46
chr4	60534512	60535299	2	2	1	0	986	46
chr4	60534512	60535951	2	2	1	0	3	27
chr4	60535312	60535967	1	3	1	0	7	43
chr4	60535346	60535508	2	2	1	0	775	46
chr4	60535346	60535951	2	2	1	0	3	15
chr4	60535611	60535951	2	2	1	0	262	46
chr4	60536063	60536677	2	2	1	0	108	44
chr4	60536752	60537519	2	2	1	0	32	46
chr4	60537654	60537991	2	2	1	0	89	45
chr4	60614662	60615506	2	2	1	8	3	46
chr4	60614718	60615506	2	2	1	0	986	46
chr4	60614718	60616158	2	2	1	0	3	27
chr4	60615519	60616174	1	3	1	0	7	43
chr4	60615553	60615715	2	2	1	0	783	46
chr4	60615553	60616158	2	2	1	0	3	15
chr4	60615818	60616158	2	2	1	0	262	46
chr4	60616270	60616886	2	2	1	0	82	44
chr4	60616961	60617728	2	2	1	0	29	41
chr4	60616961	60618200	2	2	1	1	0	22
chr4	60617863	60618200	2	2	1	0	89	45
chr4	60634250	60635687	1	1	1	1	0	44
chr4	60693526	60716487	2	2	1	0	1	30
chr4	60693578	60694423	2	2	1	0	82	46
chr4	60693634	60694396	2	2	1	0	1	41
chr4	60693634	60694423	2	2	1	0	986	46
chr4	60693634	60695078	2	2	1	0	3	27
chr4	60694470	60694633	2	2	1	0	488	45
chr4	60694470	60695078	2	2	1	0	3	15
chr4	60694736	60695078	2	2	1	0	194	46
chr4	60695190	60695803	2	2	1	0	82	44
chr4	60695878	60696646	2	2	1	0	29	41
chr4	60696781	60697118	2	2	1	0	58	45
chr4	60773782	60774625	2	2	1	0	82	46
chr4	60773838	60774625	2	2	1	0	985	46
chr4	60773838	60775277	2	2	1	0	3	27
chr4	60774638	60775293	1	3	1	0	7	43
chr4	60774672	60774834	2	2	1	0	775	46
chr4	60774672	60775277	2	2	1	0	3	15
chr4	60774937	60775277	2	2	1	0	262	46
chr4	60775389	60776004	2	2	1	0	108	44
chr4	60776079	60776846	2	2	1	0	32	46
chr4	60776981	60777318	2	2	1	0	89	45
chr4	61180504	61181349	2	2	1	0	82	46
chr4	61180560	61181349	2	2	1	0	986	46
chr4	61180560	61182003	2	2	1	0	3	27
chr4	61181362	61182019	1	3	1	0	7	43
chr4	61181396	61181558	2	2	1	0	783	46
chr4	61181396	61182003	2	2	1	0	3	15
chr4	61181661	61182003	2	2	1	0	262	46
chr4	61182115	61182749	2	2	1	0	29	15
chr4	61182824	61183591	2	2	1	0	1	18
chr4	61183726	61184063	2	2	1	0	65	45
chr4	61256234	61257078	2	2	1	0	82	46
chr4	61256290	61257078	2	2	1	0	986	46
chr4	61256290	61257730	2	2	1	0	3	27
chr4	61257091	61257746	1	3	1	0	7	43
chr4	61257125	61257287	2	2	1	0	783	46
chr4	61257125	61257730	2	2	1	0	3	15
chr4	61257390	61257730	2	2	1	0	262	46
chr4	61257842	61258478	2	2	1	0	82	44
chr4	61258550	61259320	2	2	1	1	0	10
chr4	61258553	61259320	2	2	1	6	17	41
chr4	61259455	61259792	2	2	1	0	63	45
chr4	61262909	61451567	1	1	1	0	3	33
chr4	61281227	61281390	1	1	1	0	1	7
chr4	61281227	61282216	1	1	1	0	1	40
chr4	61354134	61355773	1	1	1	0	1	34
chr4	61354222	61355064	2	2	1	0	82	46
chr4	61354278	61355037	2	2	1	0	1	41
chr4	61354278	61355064	2	2	1	0	986	46
chr4	61354278	61355719	2	2	1	0	3	27
chr4	61355111	61355274	2	2	1	0	488	45
chr4	61355111	61355719	2	2	1	0	3	15
chr4	61355377	61355719	2	2	1	0	193	46
chr4	61355831	61356459	2	2	1	0	82	44
chr4	61356534	61357301	2	2	1	0	29	41
chr4	61357436	61357773	2	2	1	1	13	42
chr4	61434026	61434867	2	2	1	0	1	46
chr4	61434082	61434867	2	2	1	0	985	46
chr4	61434082	61435519	2	2	1	0	3	27
chr4	61434880	61435535	1	3	1	0	7	43
chr4	61434914	61435076	2	2	1	0	775	46
chr4	61434914	61435519	2	2	1	0	3	15
chr4	61435179	61435519	2	2	1	0	262	46
chr4	61435631	61436247	2	2	1	0	108	44
chr4	61436322	61437089	2	2	1	0	31	42
chr4	61437224	61437561	2	2	1	2	33	34
chr4	61440521	61451567	1	1	1	0	3	33
chr4	61440521	61616177	1	1	1	0	3	33
chr4	61454577	61456010	1	1	1	0	1	41
chr4	61455021	61456010	1	1	1	0	1	40
chr4	61510363	61511205	2	2	1	1	3	46
chr4	61510419	61511205	2	2	1	44	2	46
chr4	61511252	61511414	2	2	1	6	780	46
chr4	61511517	61511857	2	2	1	2	174	46
chr4	61511969	61512587	2	2	1	1	62	44
chr4	61512662	61513429	2	2	1	0	22	45
chr4	61513564	61513901	2	2	1	0	66	45
chr4	61588523	61696669	1	1	1	3	6182	44
chr4	61588611	61589456	2	2	1	0	1	46
chr4	61588667	61589456	2	2	1	0	985	46
chr4	61588667	61590108	2	2	1	0	3	27
chr4	61589469	61590124	1	3	1	0	7	43
chr4	61589503	61589665	2	2	1	11	761	46
chr4	61589503	61590108	2	2	1	0	4	15
chr4	61589768	61590108	2	2	1	0	262	46
chr4	61590220	61590848	2	2	1	0	108	44
chr4	61590923	61591691	2	2	1	0	31	42
chr4	61591826	61592163	2	2	1	0	89	45
chr4	61595318	61616177	1	1	1	0	3	33
chr4	61619592	61619755	1	1	1	0	1	7
chr4	61619592	61620581	1	1	1	0	1	40
chr4	61696758	61697603	2	2	1	0	82	46
chr4	61696814	61697603	2	2	1	1	987	46
chr4	61696814	61698255	2	2	1	0	3	27
chr4	61697616	61698271	1	3	1	0	7	43
chr4	61697650	61697812	2	2	1	0	783	46
chr4	61697650	61698255	2	2	1	0	4	15
chr4	61697915	61698255	2	2	1	0	262	46
chr4	61698367	61698995	2	2	1	0	108	44
chr4	61699070	61699827	2	2	1	0	31	42
chr4	61699962	61700299	2	2	1	0	88	45
chr4	61718285	61719274	1	1	1	0	1	40
chr4	61718495	61719274	1	1	1	5	1	33
chr4	61749807	61750578	2	2	1	0	4	31
chr4	61750625	61750788	2	2	1	0	4	34
chr4	61775692	61776029	2	2	1	0	61	44
chr4	61801109	61801446	0	0	1	0	1	7
chr4	61867320	61968564	2	2	1	3	0	38
chr4	61875412	61875575	2	2	1	0	47	45
chr4	61876111	61876734	2	2	1	0	12	40
chr4	61876809	61877578	2	2	1	0	13	44
chr4	61877713	61878049	2	2	1	0	32	45
chr4	61968724	61969508	2	2	1	158	2	46
chr4	61968779	61969508	2	2	1	1	0	28
chr4	61969555	61969718	2	2	1	30	47	45
chr4	61969821	61970137	2	2	1	18	1	46
chr4	61970249	61970872	2	2	1	3	12	40
chr4	61970947	61971716	2	2	1	0	13	44
chr4	61971851	61972187	2	2	1	0	32	45
chr4	62001909	62002753	2	2	1	2	0	36
chr4	62001909	62002784	2	2	1	15	0	43
chr4	62001965	62002753	2	2	1	102	0	45
chr4	62001965	62002784	2	2	1	104	0	46
chr4	62002831	62002995	2	2	1	126	0	46
chr4	62003098	62003440	2	2	1	19	0	45
chr4	62003552	62004195	2	2	1	30	0	42
chr4	62004270	62005036	2	2	1	20	2	33
chr4	62005171	62005360	2	2	1	28	0	43
chr4	62066215	62066378	2	2	1	45	0	43
chr4	62066481	62066820	2	2	1	3	0	36
chr4	62066932	62067590	2	2	1	2	0	34
chr4	62067665	62068431	2	2	1	4	0	42
chr4	62068566	62068890	2	2	1	1	0	37
chr4	62427548	62428341	2	2	1	15	0	42
chr4	62428839	62428930	2	2	1	1	0	28
chr4	63061638	63061903	2	2	1	169	0	45
chr4	63062078	63062387	2	2	1	9	0	37
chr4	63063584	63066938	2	2	1	1	0	31
chr4	63067758	63068564	2	2	1	2	0	45
chr4	63263449	63263657	1	1	1	1	0	16
chr4	63263729	63264276	1	1	1	2	0	38
chr4	63264385	63264518	1	1	1	7	0	40
chr4	63264623	63266206	1	1	1	42	0	44
chr4	63282503	63283921	1	1	1	1	0	24
chr4	63466923	63468181	1	1	1	1	0	22
chr4	63468284	63468337	2	2	1	1	0	28
chr4	70271889	70272949	2	2	1	1	0	12
chr4	72036629	72036727	2	2	1	1	0	3
chr4	72036805	72038376	2	2	1	1	0	9
chr4	75863264	75865279	2	2	1	1	0	41
chr4	83385021	83386819	2	2	1	1	0	46
chr4	86580451	86582665	2	2	1	1	0	6
chr4	86585520	86586603	2	2	1	2	0	26
chr4	86773193	86774103	2	2	1	3	1	19
chr4	86774251	86774382	2	2	1	1	0	13
chr4	88325602	88327157	1	1	1	1	0	8
chr4	92079728	92079821	2	2	1	0	2	39
chr4	94466693	94470717	2	2	1	1	0	34
chr4	94471809	94472069	2	2	1	3	0	21
chr4	94858939	94861154	2	2	1	1	0	28
chr4	95737914	95811161	1	1	1	1	0	19
chr4	95811224	95814959	1	1	1	2	0	18
chr4	95887016	95889406	1	1	1	1	0	16
chr4	96424383	96433935	2	2	1	1	0	31
chr4	96519087	96522384	2	2	1	1	0	7
chr4	96547868	96551348	2	2	1	1	0	7
chr4	98919737	98920322	1	1	1	4	0	33
chr4	98920434	98921489	1	1	1	1	0	3
chr4	98923162	98925606	1	1	1	1	0	11
chr4	98925874	98926069	1	1	1	9	0	37
chr4	99655814	99657730	2	2	1	1	0	7
chr4	102997441	102998033	1	1	1	1	0	27
chr4	103007826	103012683	1	1	1	1	0	21
chr4	103041519	103042018	2	2	1	1	0	42
chr4	104647913	104648991	1	1	1	3	0	45
chr4	104673107	104674749	2	2	1	1	0	4
chr4	104857717	104859318	1	1	1	1	0	31
chr4	104859351	104861069	1	1	1	1	0	29
chr4	105076702	105088093	1	1	1	4	0	45
chr4	106219933	106221525	1	1	1	1	0	17
chr4	106221590	106225223	1	1	1	1	0	11
chr4	106231242	106232843	1	1	1	1	0	46
chr4	106292252	106293529	1	1	1	1	0	35
chr4	107050578	107054702	1	1	1	1	0	40
chr4	107054812	107057564	1	1	1	1	0	16
chr4	107132489	107135123	1	1	1	1	0	5
chr4	107135168	107136921	1	1	1	1	0	43
chr4	107742197	107744373	1	1	1	1	0	26
chr4	107904867	107912635	2	2	1	0	1	21
chr4	107912766	107921082	2	2	1	1	1	31
chr4	107921186	107928453	2	2	1	0	1	19
chr4	107928608	107931552	2	2	1	4	0	23
chr4	107931661	107942351	2	2	1	2	0	41
chr4	107944360	107948433	2	2	1	1	0	7
chr4	107948350	107948433	2	2	1	2	0	26
chr4	107950085	107955218	2	2	1	1	0	34
chr4	107955346	107959487	2	2	1	9	0	32
chr4	107959553	107962240	2	2	1	5	0	37
chr4	114818953	114820261	2	2	1	1	0	24
chr4	115924370	115927059	2	2	1	4	0	37
chr4	116012344	116012425	1	1	1	2	0	29
chr4	116399979	116405868	2	2	1	0	1	35
chr4	116458991	116459288	2	2	1	1	0	13
chr4	116469279	116471526	2	2	1	1	0	40
chr4	116493867	116494958	2	2	1	13	0	37
chr4	116495046	116495172	2	2	1	5	1	30
chr4	116495246	116496157	2	2	1	0	1	16
chr4	116542858	116544603	1	1	1	2	2	37
chr4	116549127	116550079	1	1	1	1	0	32
chr4	116550203	116550913	1	1	1	3	0	32
chr4	116551045	116556367	1	1	1	1	0	9
chr4	116847646	116848428	2	2	1	5	0	34
chr4	117011185	117011495	2	2	1	21	0	37
chr4	117011626	117011834	2	2	1	5	1	35
chr4	117012011	117012204	2	2	1	4	0	33
chr4	117012305	117012767	2	2	1	1	0	9
chr4	117531992	117532217	2	2	1	1	0	13
chr4	117741839	117742300	2	2	1	2	0	35
chr4	118219695	118219780	1	1	1	5	0	41
chr4	118269000	118269548	1	1	1	1	0	26
chr4	118482883	118483016	1	1	1	2	0	18
chr4	119135565	119136130	2	2	1	4	0	43
chr4	119139646	119139977	2	2	1	1	0	10
chr4	119157381	119167955	2	2	1	0	1	15
chr4	120826862	120829086	2	2	1	1	0	10
chr4	120839403	120840303	2	2	1	1	0	17
chr4	121039936	121045411	2	2	1	1	0	16
chr4	123606720	123609656	2	2	1	0	3	36
chr4	124572780	124573494	2	2	1	1	0	3
chr4	124948021	124948976	1	1	1	2	0	46
chr4	125948946	125949172	1	1	1	4	0	44
chr4	126065675	126067236	2	2	1	1	0	36
chr4	126069241	126069976	2	2	1	1	0	13
chr4	126070150	126071654	2	2	1	1	0	41
chr4	126600014	126601346	1	1	1	1	0	4
chr4	126601397	126603271	1	1	1	3	0	38
chr4	126917362	126917466	1	1	1	1	0	14
chr4	126980835	126982121	1	1	1	1	0	8
chr4	128896262	128901505	1	1	1	1	0	21
chr4	128901579	128901826	1	1	1	1	0	7
chr4	129238042	129240596	1	1	1	0	1	9
chr4	129411302	129411585	2	2	1	1	0	20
chr4	129485928	129486059	2	2	1	3	0	36
chr4	129486153	129486789	2	2	1	1	0	34
chr4	130221132	130223366	2	2	1	1	0	34
chr4	131695284	131701994	2	2	1	1	0	13
chr4	131914259	131931442	2	2	1	3	0	41
chr4	131959455	131962059	2	2	1	1	0	46
chr4	132114377	132140380	2	2	1	2	0	28
chr4	132269150	132271366	1	1	1	2	0	31
chr4	132271434	132271967	1	1	1	2	0	41
chr4	132366467	132384003	1	1	1	1	0	22
chr4	133260111	133260505	2	2	1	2	0	20
chr4	133261854	133262820	2	2	1	0	1	3
chr4	133263183	133268449	2	2	1	1	0	38
chr4	133692885	133693261	2	2	1	1	0	44
chr4	134555817	134557859	2	2	1	1	0	32
chr4	134654130	134654241	1	1	1	2	0	33
chr4	135068347	135069680	2	4	1	1	0	36
chr4	135071981	135074045	2	2	1	1	0	7
chr4	135585783	135586152	1	1	1	1	0	25
chr4	135664334	135666384	1	1	1	1	0	17
chr4	135738720	135740180	2	2	1	1	0	9
chr4	135777328	135777590	2	2	1	39	0	46
chr4	135777702	135778481	2	2	1	50	0	46
chr4	135975429	135981056	1	1	1	2	0	25
chr4	135981120	135981775	1	1	1	3	0	44
chr4	135995475	135998543	1	1	1	1	0	36
chr4	135998691	136000954	1	1	1	1	0	11
chr4	136001027	136002090	1	1	1	9	0	41
chr4	136059915	136063608	1	1	1	1	0	10
chr4	137350700	137352470	1	1	1	1	0	15
chr4	137380318	137382533	1	1	1	1	0	30
chr4	137785389	137810224	1	1	1	2	0	30
chr4	137944052	137949399	1	1	1	1	0	23
chr4	137949500	137950800	1	1	1	2	0	28
chr4	137949500	137950839	1	1	1	1	0	16
chr4	137953360	137955954	1	3	1	1	0	42
chr4	138831324	138832300	2	2	1	3	0	43
chr4	139041883	139044020	1	1	1	1	0	8
chr4	139044118	139044244	1	1	1	1	0	3
chr4	139178636	139179038	1	1	1	1	0	32
chr4	139195515	139196100	1	1	1	2	0	37
chr4	139197075	139197509	1	1	1	1	0	11
chr4	139200948	139203441	1	1	1	1	0	9
chr4	139213459	139216477	1	1	1	1	0	33
chr4	140158943	140159102	1	1	1	1	0	45
chr4	140703528	140704688	1	1	1	2	0	38
chr4	140704812	140706335	1	1	1	20	0	46
chr4	141196349	141196693	2	2	1	1	0	14
chr4	141469877	141471098	1	1	1	1	0	21
chr4	141483166	141486425	2	4	1	1	0	38
chr4	141485735	141486308	1	1	1	1	0	12
chr4	143706071	143707875	1	1	1	0	1	21
chr4	146209546	146214878	1	1	1	1	0	42
chr4	147974734	147979019	2	2	1	2	0	9
chr4	148230914	148231296	2	2	1	1	0	23
chr4	148666292	148666740	1	1	1	1	0	6
chr4	148687627	148688143	1	1	1	1	0	5
chr4	148688276	148688712	1	1	1	7	0	37
chr4	148701302	148702022	2	2	1	2	0	34
chr4	150324024	150325501	1	1	1	0	2	18
chr4	150332577	150332942	1	1	1	2	0	44
chr4	150939729	150949531	1	1	1	1	0	7
chr4	150949898	150950772	1	1	1	1	0	16
chr4	150985552	150988271	2	2	1	1	0	29
chr4	150988342	150989706	2	2	1	1	0	22
chr4	150989767	150991496	2	2	1	1	0	9
chr4	152070319	152073339	2	2	1	1	0	33
chr4	152142382	152142797	1	1	1	1	0	38
chr4	152412043	152414460	1	1	1	1	0	6
chr4	152414586	152416736	1	1	1	6	0	37
chr4	154981055	154981496	2	2	1	1	0	12
chr4	155159486	155160045	2	2	1	1	0	20
chr4	155161248	155162950	2	2	1	1	0	25
chr4	155718683	155722976	1	1	1	1	0	6
chr4	155723100	155724050	1	1	1	1	0	21
chr4	155724147	155724233	1	1	1	1	0	27
chr4	155816503	155817929	1	1	1	1	0	35
chr4	155904886	155905240	1	1	1	1	0	39
chr4	155917255	155917347	1	1	1	2	0	34
chr4	156085241	156093243	1	1	1	2	0	14
chr5	3457873	3458065	2	2	1	1	0	19
chr5	3604737	3607743	1	1	1	1	0	35
chr5	3657787	3659853	1	1	1	2	0	11
chr5	4004963	4006156	1	1	1	1	0	20
chr5	4006313	4007623	1	1	1	2	0	41
chr5	4080053	4082680	1	1	1	1	0	18
chr5	4088706	4089238	1	1	1	1	0	27
chr5	4100644	4101035	1	1	1	1	0	10
chr5	4105353	4105591	1	1	1	2	0	38
chr5	4149299	4150144	2	2	1	1	0	35
chr5	4150272	4151177	2	2	1	1	0	29
chr5	8107622	8109352	1	1	1	1	0	12
chr5	8109423	8112383	1	1	1	1	0	10
chr5	8943908	8944087	1	1	1	1	0	26
chr5	8946628	8949567	1	1	1	1	0	28
chr5	8991115	8996018	1	1	1	1	0	4
chr5	9018767	9018869	2	2	1	1	0	27
chr5	9024217	9026007	2	2	1	1	0	19
chr5	9043642	9046451	2	2	1	1	0	3
chr5	9151396	9166479	1	1	1	1	0	15
chr5	20994783	20999292	2	2	1	1	0	14
chr5	21961674	21961812	1	1	1	2	0	30
chr5	21961889	21961977	1	1	1	4	0	44
chr5	22008461	22008544	1	1	1	4	0	44
chr5	23683982	23686206	1	1	1	1	0	13
chr5	23686325	23687399	1	1	1	2	0	23
chr5	23687510	23690344	1	1	1	2	0	19
chr5	23698506	23700983	1	1	1	1	0	25
chr5	24044827	24046707	2	2	1	5	0	38
chr5	24046757	24048968	2	2	1	2	0	19
chr5	24777097	24778419	2	2	1	1	0	20
chr5	24897973	24899697	1	1	1	1	0	30
chr5	24956188	24959131	2	2	1	1	0	21
chr5	28544307	28547392	1	1	1	1	0	44
chr5	29941115	29953342	1	1	1	0	1	9
chr5	30337295	30339055	2	2	1	1	0	37
chr5	30339175	30339976	2	2	1	1	0	35
chr5	30340100	30345946	2	2	1	1	0	10
chr5	30385388	30385918	1	1	1	1	0	44
chr5	31064111	31064742	2	2	1	1	0	30
chr5	31087981	31088059	1	1	1	2	0	25
chr5	31088218	31088305	1	1	1	3	0	41
chr5	31088417	31088512	2	4	1	1	0	29
chr5	31235328	31235436	1	1	1	1	0	38
chr5	31316534	31316777	2	2	1	1	0	9
chr5	31345145	31345257	2	2	1	1	0	8
chr5	31408089	31408235	1	1	1	2	0	40
chr5	31415257	31417737	2	2	1	1	0	28
chr5	31418452	31418782	2	2	1	1	0	20
chr5	31708127	31711082	1	1	1	1	0	24
chr5	31773832	31779720	1	1	1	1	0	25
chr5	31830790	31854853	2	2	1	1	0	30
chr5	32643377	32644914	1	1	1	1	0	29
chr5	33899957	33900985	2	2	1	2	0	18
chr5	33919062	33919802	2	2	1	1	0	16
chr5	34344773	34344853	2	2	1	1	0	20
chr5	34771705	34773906	1	1	1	1	0	15
chr5	34809763	34811226	2	2	1	4	0	40
chr5	35204609	35205500	1	1	1	1	0	19
chr5	35766432	35767079	1	1	1	1	0	21
chr5	35857252	35857600	2	2	1	1	0	32
chr5	41782432	41790515	2	2	1	1	0	15
chr5	45592021	45595184	2	2	1	1	0	37
chr5	45596736	45600778	2	2	1	1	0	46
chr5	45893167	45904397	2	2	1	1	0	24
chr5	52521395	52525284	1	1	1	1	0	45
chr5	53130605	53147930	2	2	1	1	0	17
chr5	53130605	53149555	2	2	1	1	0	4
chr5	62864072	62872075	2	2	1	1	0	7
chr5	62872146	62887863	2	2	1	1	0	15
chr5	65179069	65185752	1	1	1	2	0	24
chr5	65442297	65445232	2	2	1	3	0	44
chr5	65545785	65545904	2	2	1	28	0	45
chr5	65546023	65546413	2	2	1	14	0	44
chr5	65546495	65546820	2	2	1	1	0	34
chr5	65562785	65566077	1	1	1	2	0	34
chr5	65575952	65577591	2	2	1	1	0	7
chr5	65580126	65580503	2	2	1	1	0	35
chr5	65581487	65584758	2	2	1	1	0	37
chr5	65746282	65748720	2	4	1	2	1	41
chr5	65772948	65776286	2	2	1	1	0	9
chr5	65780443	65781262	2	2	1	1	0	20
chr5	65951953	65955433	1	1	1	1	0	34
chr5	69726692	69728103	1	1	1	1	0	30
chr5	69728141	69728926	1	1	1	1	0	21
chr5	72944122	72946482	2	2	1	1	0	25
chr5	74697643	74701592	1	1	1	1	0	9
chr5	74701651	74702669	1	1	1	1	0	25
chr5	74706822	74707355	1	1	1	1	0	15
chr5	76451350	76452501	2	2	1	1	0	34
chr5	77142579	77142682	1	1	1	2	0	43
chr5	77142761	77143624	1	1	1	2	0	39
chr5	77143763	77144498	1	1	1	2	0	11
chr5	77144537	77145269	1	1	1	1	0	25
chr5	77149852	77149914	2	2	1	1	0	43
chr5	77242870	77242997	2	2	1	1	0	18
chr5	77474569	77478979	1	1	1	1	0	4
chr5	77499202	77499759	2	2	1	1	0	35
chr5	77771562	77771773	2	2	1	1	0	25
chr5	86952451	86963487	1	1	1	1	0	46
chr5	87152834	87155168	1	1	1	1	0	39
chr5	87155257	87155999	1	1	1	1	0	12
chr5	87214330	87228728	2	2	1	1	0	18
chr5	87229457	87237276	2	2	1	2	0	19
chr5	87238846	87239659	2	2	1	2	0	20
chr5	87273352	87275536	2	2	1	1	0	32
chr5	87275757	87276179	2	2	1	2	0	27
chr5	87276268	87283952	2	2	1	2	0	17
chr5	87278896	87283952	2	2	1	1	0	44
chr5	87284085	87285062	2	2	1	1	0	9
chr5	87706442	87707619	2	2	1	1	0	5
chr5	88713336	88762799	1	1	1	1	0	10
chr5	89232578	89270260	1	1	1	1	0	38
chr5	89565548	89569916	2	2	1	254	0	46
chr5	89569976	89573895	2	2	1	110	0	45
chr5	89574029	89582809	2	2	1	2	3	37
chr5	89582908	89583377	2	2	1	2	0	33
chr5	89583508	89586104	2	2	1	5	0	41
chr5	89586308	89587391	2	2	1	3	0	23
chr5	89587522	89589060	2	2	1	5	0	21
chr5	89589156	89589421	2	2	1	5	0	38
chr5	89589555	89591263	2	2	1	3	0	15
chr5	89593290	89594358	2	2	1	2	0	34
chr5	89594429	89605519	2	2	1	1	0	19
chr5	90402671	90406292	2	2	1	1	0	43
chr5	90406410	90407943	2	2	1	7	0	40
chr5	90608873	90609579	1	1	1	1	0	21
chr5	90609638	90610558	1	1	1	1	0	20
chr5	90610692	90611842	1	1	1	2	0	30
chr5	90612055	90612711	1	1	1	3	0	36
chr5	90612845	90613732	1	1	1	1	0	28
chr5	90612845	90623164	1	1	1	1	0	25
chr5	90613831	90615202	1	1	1	1	0	42
chr5	90615333	90616339	1	1	1	5	0	34
chr5	90616555	90617360	1	1	1	4	0	36
chr5	90617494	90618599	1	1	1	10	0	44
chr5	90618698	90619863	1	1	1	11	0	43
chr5	90620003	90620319	1	1	1	22	0	45
chr5	90620544	90622425	1	1	1	61	0	45
chr5	90622559	90623127	1	1	1	1404	0	46
chr5	90623196	90624318	1	1	1	4570	35	46
chr5	90674333	90679356	1	1	1	1	0	44
chr5	90696734	90698021	1	1	1	1	0	29
chr5	90698246	90699203	1	1	1	1	0	20
chr5	90699337	90700403	1	1	1	9	0	42
chr5	90700462	90701261	1	1	1	12	0	37
chr5	90729874	90732091	1	1	1	1	0	20
chr5	92203362	92204127	2	2	1	1	0	13
chr5	92335205	92335556	1	1	1	1	0	34
chr5	92349210	92349715	1	1	1	2	0	43
chr5	92436488	92437598	2	2	1	1	0	10
chr5	96410003	96412059	1	1	1	4	0	40
chr5	97184898	97186279	1	1	1	1	0	35
chr5	100112661	100113880	2	2	1	1	0	16
chr5	100185076	100185426	2	2	1	1	0	12
chr5	100533162	100533986	2	2	1	2	0	34
chr5	100568832	100569826	2	2	1	4	0	42
chr5	100805537	100805683	2	2	1	1	0	24
chr5	100950977	100951835	1	1	1	2	0	42
chr5	100951896	100952197	1	1	1	7	0	42
chr5	103008404	103023560	1	1	1	1	0	8
chr5	104114975	104116563	2	2	1	2	0	26
chr5	105366447	105366774	2	2	1	1	0	17
chr5	106036706	106038983	1	1	1	1	0	13
chr5	106039183	106044357	1	1	1	1	0	29
chr5	107943724	107945678	2	2	1	3	0	42
chr5	107963575	107963667	2	2	1	3	0	25
chr5	107963758	107964639	2	2	1	5	0	45
chr5	108050004	108051134	1	1	1	0	1	34
chr5	108052761	108055054	1	1	1	0	10	41
chr5	108055144	108055762	1	1	1	47	0	45
chr5	108357378	108364470	2	2	1	0	1	41
chr5	108581204	108581596	2	2	1	24	0	45
chr5	108581696	108581891	2	2	1	10	0	39
chr5	108581947	108582191	2	2	1	3	0	43
chr5	108717454	108717635	2	2	1	2	0	40
chr5	109702937	109703138	2	2	1	1	0	35
chr5	110877179	110877688	2	2	1	1	0	4
chr5	110877830	110881584	2	2	1	1	0	26
chr5	111519256	111528057	1	1	1	1	0	43
chr5	114594068	114596955	1	1	1	1	0	38
chr5	115380751	115382079	2	2	1	1	0	36
chr5	115483986	115486623	2	2	1	2	0	29
chr5	115700626	115701341	1	1	1	8	0	44
chr5	115757860	115758202	1	1	1	1	0	5
chr5	116156141	116158062	2	2	1	1	0	29
chr5	117355306	117363304	1	1	1	1	0	11
chr5	117389163	117390606	1	1	1	2	0	22
chr5	117404179	117410161	1	1	1	1	0	43
chr5	117410345	117411737	1	1	1	2	0	31
chr5	120597635	120597820	2	2	1	1	0	28
chr5	120618938	120621863	0	0	1	3	0	43
chr5	120621254	120621637	1	1	1	1	0	23
chr5	121290618	121292492	2	2	1	1	0	41
chr5	121344874	121345209	1	1	1	2	0	44
chr5	121346639	121346844	1	1	1	17	0	46
chr5	121575769	121576790	1	1	1	2	0	35
chr5	121663303	121663725	2	2	1	2	0	42
chr5	121706087	121706988	2	2	1	3	0	36
chr5	121707104	121708666	2	2	1	2	0	26
chr5	121714632	121716405	2	2	1	2	0	45
chr5	121717808	121718676	2	2	1	1	0	11
chr5	121817990	121820842	1	1	1	1	0	26
chr5	121883823	121885472	1	1	1	1	0	35
chr5	122500335	122500867	1	1	1	1	0	23
chr5	122500770	122500867	1	1	1	1	0	18
chr5	122609317	122611272	2	2	1	1	0	16
chr5	123310116	123310232	2	2	1	4	0	42
chr5	123310152	123310232	2	2	1	16	0	41
chr5	123310350	123312413	2	2	1	1	0	18
chr5	123314026	123314154	2	2	1	2	0	42
chr5	123315670	123316231	2	2	1	2	0	16
chr5	123316336	123317428	2	2	1	1	0	11
chr5	123320685	123320736	2	2	1	1	0	22
chr5	123755615	123755719	2	2	1	1	0	34
chr5	123869333	123871618	2	2	1	1	0	42
chr5	123873960	123874621	2	2	1	2	0	41
chr5	123878926	123880841	2	2	1	1	0	34
chr5	124055348	124060242	1	1	1	2	0	44
chr5	124255257	124255333	1	1	1	1	0	9
chr5	124524993	124525381	2	2	1	2	0	25
chr5	124531070	124531863	2	2	1	1	0	35
chr5	124534110	124536474	2	2	1	1	0	23
chr5	124679105	124681034	1	1	1	0	1	43
chr5	124685067	124687143	1	1	1	0	1	35
chr5	124799554	124802079	2	2	1	0	1	3
chr5	129868644	129868845	1	1	1	1	0	23
chr5	129910238	129911269	2	2	1	4	0	10
chr5	129911421	129912774	2	2	1	0	1	25
chr5	129928274	129929185	1	1	1	0	1	25
chr5	130040542	130040705	2	2	1	18	0	38
chr5	130040813	130040890	2	2	1	2	0	34
chr5	130040972	130041497	2	4	1	1	0	24
chr5	130042867	130043519	2	2	1	2	0	5
chr5	130043573	130044937	2	2	1	3	0	31
chr5	130047249	130047388	2	2	1	1	0	7
chr5	130047446	130047673	2	2	1	2	0	28
chr5	134386748	134387841	2	2	1	1	0	44
chr5	135164335	135166095	1	1	1	1	0	42
chr5	135227170	135233843	1	1	1	1	0	24
chr5	135744918	135757515	1	1	1	1	0	20
chr5	135760037	135760416	1	3	1	1	0	34
chr5	135818155	135818479	1	1	1	1	0	9
chr5	137011272	137011371	2	2	1	2	0	16
chr5	137013904	137016342	2	4	1	1	0	20
chr5	137294169	137294248	2	2	1	3	0	37
chr5	137603580	137603718	2	2	1	1	0	24
chr5	137665439	137665942	2	2	1	1	0	14
chr5	137898672	137903791	2	2	1	1	0	24
chr5	137905824	137908177	2	2	1	2	0	26
chr5	137985737	137988352	0	0	1	3	0	30
chr5	138161872	138161997	1	1	1	2	0	33
chr5	138962983	138964376	2	2	1	2	0	29
chr5	142748917	142750523	2	2	1	1	0	24
chr5	142888945	142890987	2	2	1	1	0	28
chr5	142889697	142889821	2	2	1	20	0	43
chr5	142890004	142890098	2	2	1	1	0	31
chr5	144192723	144200818	1	1	1	2	0	36
chr5	144795803	144796281	1	3	1	1	0	22
chr5	145068327	145069668	2	2	1	4	0	36
chr5	145069791	145071874	2	2	1	1	0	45
chr5	145071983	145073711	2	2	1	1	0	42
chr5	145083420	145084644	1	1	1	1	0	38
chr5	145120678	145121341	2	2	1	19	0	35
chr5	145121459	145123935	2	2	1	2	0	21
chr5	145791973	145795530	2	2	1	1	0	42
chr5	145797349	145799156	2	2	1	3	0	36
chr5	145799318	145801734	2	2	1	1	0	13
chr5	145801805	145802693	2	2	1	2	0	32
chr5	145802822	145805345	2	2	1	1	0	12
chr5	145805495	145805765	2	2	1	2	0	31
chr5	145806048	145810241	2	2	1	1	0	29
chr5	145810342	145812231	2	2	1	1	0	25
chr5	145812285	145814447	2	2	1	1	0	3
chr5	145814542	145816515	2	2	1	4	0	36
chr5	145928374	145929697	2	2	1	1	0	21
chr5	145929847	145930082	2	2	1	1	0	15
chr5	145935397	145938258	2	2	1	1	0	33
chr5	145938312	145939840	2	2	1	2	0	27
chr5	146027549	146031156	1	1	1	1	0	25
chr5	146033151	146033386	1	1	1	1	0	35
chr5	146594137	146594335	2	2	1	1	0	20
chr5	146771915	146772373	1	1	1	3	0	23
chr5	146772525	146772673	1	1	1	28	0	46
chr5	147806324	147809375	1	1	1	1	0	30
chr5	148488861	148488966	2	2	1	1	0	11
chr5	148985724	148986536	2	2	1	4	0	42
chr5	148986712	148987104	2	2	1	1	0	38
chr5	149541176	149541851	2	2	1	1	0	30
chr6	3200926	3201068	1	3	1	0	3	32
chr6	4078037	4079960	2	2	1	2	0	33
chr6	4080018	4082457	2	2	1	1	0	26
chr6	5171870	5175741	2	2	1	1	0	21
chr6	5185354	5186933	2	2	1	1	0	37
chr6	5221723	5230400	2	2	1	2	0	14
chr6	6117246	6131628	2	2	1	1	0	15
chr6	6558492	6560407	2	2	1	6	0	40
chr6	11900591	11905200	2	2	1	26	0	38
chr6	11905262	11906018	2	2	1	4	0	30
chr6	11906108	11907322	2	2	1	1	0	19
chr6	11987682	11988720	1	1	1	1	0	30
chr6	12047944	12080995	1	1	1	1	0	5
chr6	21851145	21852010	2	2	1	1	0	31
chr6	24518824	24519190	2	2	1	9	0	42
chr6	24519257	24522657	2	2	1	3	0	45
chr6	28475207	28512833	1	1	1	2	0	18
chr6	29131341	29131625	2	2	1	2	0	38
chr6	29159750	29160035	2	2	1	1	0	19
chr6	29531331	29533950	1	1	1	1	0	20
chr6	29541866	29543261	2	2	1	1	0	10
chr6	31312998	31313738	1	1	1	1	0	26
chr6	31313793	31314164	1	1	1	1	0	37
chr6	31454992	31466269	1	1	1	1	0	7
chr6	34722951	34724820	1	1	1	1	0	36
chr6	34730524	34732568	1	1	1	2	0	36
chr6	35237399	35238093	1	1	1	1	0	41
chr6	37332725	37335397	2	2	1	2	0	42
chr6	38438548	38439897	1	1	1	2	0	40
chr6	38511946	38516093	1	1	1	1	0	6
chr6	38534316	38534786	1	1	1	1	0	30
chr6	38569731	38570312	1	1	1	1	0	31
chr6	39126031	39126220	2	2	1	2	0	40
chr6	39378359	39381581	2	2	1	1	0	17
chr6	39569647	39573384	1	1	1	1	0	22
chr6	39573530	39575199	1	1	1	5	0	40
chr6	39575296	39576325	1	1	1	11	0	45
chr6	39575300	39576325	1	1	1	4	0	46
chr6	39592730	39600512	2	2	1	1	0	30
chr6	40454946	40457786	1	1	1	2	0	41
chr6	40659863	40660872	1	1	1	1	0	43
chr6	42226867	42227163	1	1	1	2	0	41
chr6	42338897	42339590	2	2	1	1	0	36
chr6	47474323	47478101	1	1	1	2	0	26
chr6	47478153	47478632	1	1	1	1	0	15
chr6	47533085	47535111	2	2	1	1	0	10
chr6	47785278	47790150	2	2	1	1	0	37
chr6	48404814	48418880	2	2	1	1	0	27
chr6	48546740	48546874	2	2	1	63	0	45
chr6	48546963	48547177	2	2	1	1	0	39
chr6	48546994	48547177	2	2	1	15	0	44
chr6	48546997	48547177	2	2	1	1	0	8
chr6	48549225	48549527	2	2	1	3	0	29
chr6	48811561	48812378	2	2	1	1	0	5
chr6	50157256	50157570	1	1	1	1	0	16
chr6	50173623	50175133	1	1	1	1	0	21
chr6	50542366	50542471	2	2	1	1	0	44
chr6	51440474	51441068	2	2	1	1	0	23
chr6	51448849	51452210	1	1	1	0	1	39
chr6	51885413	51886279	2	2	1	1	0	43
chr6	52713984	52714066	1	1	1	1	0	34
chr6	52719824	52721206	1	1	1	2	0	27
chr6	52723756	52728069	1	1	1	1	0	14
chr6	58661443	58662651	1	1	1	2	0	37
chr6	58667605	58669227	1	1	1	1	0	31
chr6	61756024	61761910	2	2	1	0	1	35
chr6	65050260	65051745	1	1	1	1	0	28
chr6	66992828	66994447	1	3	1	1	0	38
chr6	67249012	67249122	1	1	1	3	0	33
chr6	67249012	67249140	1	1	1	2	0	25
chr6	67249213	67249847	1	1	1	1	0	44
chr6	67258806	67260886	1	1	1	8	0	38
chr6	71176978	71178591	1	1	1	24	0	41
chr6	71178765	71180070	1	1	1	793	0	46
chr6	71178765	71180074	1	1	1	2	0	32
chr6	71180164	71181887	1	1	1	1748	0	46
chr6	71794734	71795652	2	2	1	1	0	11
chr6	71834033	71837986	1	1	1	2	0	40
chr6	71840255	71843709	1	1	1	1	0	15
chr6	71843725	71845563	1	1	1	1	0	15
chr6	72362332	72362429	1	1	1	1	0	27
chr6	72580835	72581848	1	1	1	1	0	36
chr6	72584017	72584224	1	1	1	6	0	42
chr6	72591139	72592506	2	2	1	1	0	17
chr6	73252373	73253664	1	1	1	9	0	45
chr6	83034376	83034478	1	1	1	3	0	37
chr6	83057122	83057530	1	1	1	1	0	13
chr6	83057612	83057690	1	1	1	1	0	34
chr6	83093230	83093608	1	1	1	1	0	13
chr6	83330113	83335128	1	1	1	3	0	27
chr6	83630283	83631664	2	2	1	1	0	24
chr6	83746081	83757227	2	2	1	1	0	13
chr6	83772357	83773888	1	1	1	1	0	32
chr6	83923346	83924800	1	1	1	1	0	9
chr6	85845435	85845760	2	2	1	1	0	32
chr6	85887260	85887619	2	2	1	1	0	30
chr6	85887260	85887977	2	2	1	2	0	25
chr6	85888003	85892515	2	2	1	1	0	25
chr6	85904967	85905757	1	1	1	4	0	23
chr6	86353602	86355714	1	1	1	0	4	28
chr6	86725963	86728044	2	2	1	1	0	43
chr6	87000171	87002467	1	1	1	2	0	26
chr6	87002643	87005276	1	1	1	1	0	41
chr6	90566413	90567719	1	1	1	1	0	11
chr6	90568882	90571464	1	1	1	2	0	45
chr6	90573956	90575167	1	1	1	1	0	24
chr6	90575368	90575868	1	1	1	5	0	45
chr6	91867871	91869836	1	1	1	1	0	8
chr6	91869980	91870386	1	1	1	1	0	18
chr6	91870482	91872194	1	1	1	1	0	46
chr6	94167170	94167264	2	2	1	1	0	42
chr6	95571732	95572634	2	2	1	1	0	38
chr6	97138522	97140479	2	2	1	1	0	45
chr6	97145852	97147286	2	2	1	1	0	19
chr6	97147393	97149173	2	2	1	1	0	40
chr6	97161827	97162301	2	2	1	1	0	22
chr6	99285400	99412176	2	2	1	1	0	28
chr6	108826527	108828170	1	1	1	2	0	30
chr6	113215083	113217245	1	1	1	1	0	28
chr6	113458197	113459243	1	1	1	1	0	22
chr6	115590503	115591535	1	1	1	1	0	6
chr6	115782650	115783946	2	2	1	12	4	44
chr6	116382744	116382985	1	1	1	1	0	43
chr6	116617316	116618388	2	2	1	1	0	13
chr6	116618441	116618645	2	2	1	1	0	24
chr6	117145678	117148442	1	1	1	1	0	35
chr6	118375117	118380049	2	2	1	3	0	34
chr6	118385112	118388442	2	2	1	1	0	27
chr6	119720443	119726798	2	2	1	1	0	18
chr6	119750863	119754948	2	2	1	2	0	7
chr6	119946532	119947818	2	2	1	1	0	33
chr6	119949818	119967052	2	2	1	2	0	42
chr6	120392316	120395519	1	1	1	1	0	11
chr6	120407242	120408773	1	1	1	3	0	34
chr6	120732605	120733509	1	1	1	1	0	41
chr6	120780338	120781003	2	2	1	1	0	36
chr6	120785433	120795294	2	2	1	1	0	10
chr6	120795361	120799548	2	2	1	2	0	34
chr6	121311647	121312081	2	2	1	1	0	46
chr6	121313100	121313773	1	1	1	1	0	45
chr6	121748043	121748712	1	1	1	0	1	6
chr6	121761715	121762789	1	1	1	0	1	11
chr6	121815684	121817018	1	1	1	1	0	45
chr6	121817203	121817960	1	1	1	6	0	39
chr6	121818121	121818230	1	1	1	3	0	43
chr6	121826852	121827228	1	1	1	2	0	44
chr6	121827314	121828347	1	1	1	7	0	35
chr6	121828436	121833242	1	1	1	5	0	43
chr6	121833361	121833504	1	1	1	2	0	42
chr6	121833615	121834294	1	1	1	1	0	22
chr6	121842843	121847450	1	1	1	2	0	29
chr6	121847610	121848263	1	1	1	4	0	43
chr6	121853431	121855443	1	1	1	1	0	27
chr6	121856047	121856258	1	1	1	1	0	10
chr6	121857560	121857790	1	1	1	3	0	23
chr6	121857866	121858640	1	1	1	1	0	39
chr6	121861649	121862762	1	1	1	0	3	40
chr6	121862854	121863503	1	1	1	1	0	38
chr6	121863573	121864373	1	1	1	3	0	30
chr6	121864477	121865521	1	1	1	88	0	42
chr6	121865564	121865871	1	1	1	101	0	44
chr6	121929387	121930329	1	1	1	0	2	40
chr6	121931142	121931925	1	1	1	0	1	28
chr6	121932029	121933067	1	1	1	0	1	39
chr6	121985449	121986240	1	1	1	0	1	37
chr6	122000899	122001906	1	1	1	1	0	32
chr6	122001995	122012935	1	1	1	1	0	12
chr6	122036076	122036714	1	1	1	0	1	6
chr6	122054505	122055600	1	1	1	1	0	26
chr6	122058634	122059657	1	1	1	0	3	40
chr6	122060460	122061275	1	1	1	2	1	31
chr6	122061379	122062426	1	1	1	17	0	37
chr6	122062469	122062782	1	1	1	19	0	43
chr6	122115514	122116344	1	1	1	0	1	37
chr6	122154704	122155496	1	1	1	0	1	37
chr6	122221222	122222267	1	1	1	0	3	40
chr6	122223976	122225023	1	1	1	1	1	39
chr6	122225066	122225380	1	1	1	2	0	38
chr6	122225066	122226780	1	1	1	1	0	24
chr6	124691923	124692022	1	1	1	1	0	16
chr6	124693394	124693568	1	1	1	1	0	6
chr6	124716377	124717481	2	2	1	7	0	45
chr6	124797529	124798039	2	2	1	1	0	12
chr6	124890805	124891140	1	3	1	1	0	34
chr6	124890813	124891050	1	3	1	1	0	37
chr6	124891196	124891370	2	2	1	4	0	22
chr6	124891430	124891597	2	2	1	3	0	16
chr6	124891677	124891880	2	2	1	1	0	24
chr6	124891953	124894522	2	2	1	9	0	40
chr6	125073224	125074049	1	1	1	1	0	21
chr6	125078658	125078844	1	1	1	1	0	4
chr6	125139065	125139174	2	2	1	15	2	45
chr6	125139357	125139440	2	2	1	1	0	3
chr6	126799153	126801898	2	2	1	2	0	37
chr6	126811460	126813181	2	2	1	1	0	41
chr6	126819176	126821270	2	2	1	1	0	35
chr6	128407844	128409384	2	2	1	3	0	41
chr6	128410757	128411267	2	2	1	1	0	10
chr6	128460690	128461781	2	2	1	1	0	19
chr6	128460690	128461821	2	2	1	3	0	28
chr6	128460690	128461826	2	2	1	116	0	44
chr6	128461869	128462520	2	2	1	98	0	43
chr6	128462624	128463080	2	2	1	15	0	46
chr6	128463150	128463855	2	2	1	3	0	43
chr6	128463947	128464365	2	2	1	1	0	28
chr6	128465063	128465868	2	2	1	1	0	43
chr6	128471443	128471670	2	2	1	1	0	14
chr6	128471793	128472155	2	2	1	1	0	32
chr6	128472283	128472862	2	2	1	1	0	35
chr6	128479304	128480435	2	2	1	1	0	43
chr6	128489347	128490698	2	2	1	2	0	40
chr6	128493894	128496354	2	2	1	1	0	45
chr6	128496479	128498063	2	2	1	3	0	31
chr6	128516983	128517224	2	2	1	2	0	8
chr6	129518655	129519132	1	3	1	1	0	35
chr6	131261692	131262605	2	2	1	1	0	31
chr6	133084946	133087755	1	1	1	1	0	20
chr6	135062668	135077851	2	2	1	0	1	45
chr6	135064352	135077851	2	2	1	0	1	45
chr6	138117605	138124656	1	1	1	1	0	11
chr6	138124814	138127765	1	1	1	3	0	39
chr6	138127861	138133129	1	1	1	2	0	44
chr6	140482750	140489445	1	1	1	1	0	19
chr6	141580262	141594214	1	1	1	2	0	38
chr6	141603333	141609303	1	1	1	1	0	25
chr6	141622112	141627035	1	1	1	1	0	3
chr6	141627101	141628929	1	1	1	7	0	34
chr6	141629048	141631115	1	1	1	3	0	34
chr6	142368558	142369119	2	2	1	3	0	43
chr6	142368558	142369246	2	2	1	1	0	37
chr6	142713664	142716248	1	1	1	1	0	19
chr6	146897981	146899664	1	1	1	2	0	37
chr6	148083469	148084543	2	2	1	1	0	38
chr6	148104624	148106273	2	2	1	1	0	15
chr7	3620691	3622428	1	1	1	2	0	35
chr7	3622507	3622999	1	1	1	10	0	43
chr7	3642704	3642787	1	1	1	1	0	38
chr7	3708919	3709649	1	1	1	6	0	43
chr7	3736157	3738468	2	2	1	0	1	39
chr7	3841339	3843632	2	2	1	0	1	39
chr7	4788279	4792003	2	2	1	3	0	35
chr7	4796409	4796501	1	1	1	2	0	20
chr7	4796626	4797062	1	1	1	5	0	34
chr7	4797182	4797416	1	1	1	42	0	46
chr7	4854533	4869059	2	2	1	1	0	19
chr7	6145619	6146060	2	2	1	0	1	3
chr7	7287274	7290644	2	2	1	1	0	35
chr7	12656316	12656899	1	1	1	1	0	5
chr7	12657009	12659318	1	1	1	2	0	19
chr7	12659529	12659663	1	1	1	1	0	23
chr7	12659793	12660322	1	1	1	20	0	44
chr7	12660422	12660498	1	1	1	62	0	45
chr7	12722580	12722659	2	2	1	6	0	41
chr7	12723035	12723280	2	2	1	1	0	40
chr7	12724985	12725071	2	2	1	2	0	36
chr7	12765998	12767818	1	1	1	1	0	43
chr7	12766130	12766215	2	2	1	8	0	38
chr7	12766278	12766361	2	2	1	4	0	37
chr7	14145745	14147553	2	2	1	1	0	6
chr7	14150238	14157361	2	2	1	4	0	18
chr7	14157489	14159272	2	2	1	3	0	37
chr7	14253094	14253231	1	1	1	1	0	21
chr7	15671815	15672098	2	2	1	4	0	35
chr7	15672156	15672276	2	2	1	9	0	44
chr7	15672354	15672835	2	2	1	2	0	25
chr7	16650902	16650999	2	2	1	1	0	3
chr7	18787372	18787471	1	1	1	1	0	36
chr7	18788224	18788313	1	1	1	1	0	7
chr7	18883820	18885142	1	1	1	1	0	37
chr7	18885323	18886400	1	1	1	0	1	40
chr7	19154222	19155132	1	1	1	1	0	6
chr7	19168642	19168736	2	2	1	1	0	3
chr7	19405774	19407153	2	2	1	3	0	37
chr7	19407305	19407471	2	2	1	1	0	35
chr7	19412238	19412534	2	2	1	73	0	45
chr7	19412668	19415229	2	2	1	3	0	38
chr7	19423562	19425812	2	2	1	491	0	46
chr7	19425961	19426335	2	2	1	14	0	40
chr7	19430244	19430356	1	1	1	10	0	43
chr7	19430263	19430325	2	2	1	66	1	34
chr7	19430314	19430550	2	2	1	1	0	45
chr7	19430345	19430376	1	1	1	2	0	21
chr7	19430365	19430496	2	2	1	5	3	41
chr7	19430452	19430955	2	4	1	1	0	21
chr7	19430509	19430958	2	2	0	0	1	12
chr7	19430936	19430994	2	4	1	2	0	18
chr7	19431029	19431403	2	2	1	9	0	40
chr7	19431573	19432112	2	2	1	10	0	46
chr7	19432179	19432935	2	2	1	3	0	42
chr7	19513722	19514697	2	2	1	1	0	44
chr7	24307894	24308147	1	1	1	4	0	42
chr7	24584632	24584876	1	1	1	1	0	29
chr7	24584978	24587706	1	1	1	0	1	27
chr7	24587891	24588331	1	1	1	33	0	45
chr7	24588387	24589165	1	1	1	20	0	44
chr7	24669435	24669511	2	2	1	1	0	44
chr7	24933337	24934977	2	2	1	1	0	25
chr7	24990768	24993398	1	1	1	0	1	7
chr7	26010308	26011611	1	1	1	0	1	43
chr7	26538470	26539784	1	1	1	0	1	43
chr7	26647554	26649074	0	0	1	0	1	43
chr7	26734878	26735889	1	1	1	2	0	33
chr7	26829319	26829718	1	1	1	2	0	10
chr7	26830783	26831898	1	1	1	1	0	9
chr7	26832041	26832640	1	1	1	1	0	26
chr7	27162121	27165144	1	1	1	1	0	33
chr7	27741346	27741525	2	2	1	3	0	36
chr7	27878469	27878555	1	1	1	3	0	29
chr7	28005456	28005847	2	2	1	3	0	36
chr7	28030955	28037776	2	2	1	1	0	32
chr7	28051699	28051787	1	1	1	2	0	30
chr7	28051836	28051918	1	1	1	8	0	46
chr7	28458630	28459251	2	2	1	1	0	21
chr7	28529350	28529426	1	1	1	1	0	12
chr7	28529476	28529638	1	1	1	1	0	31
chr7	28531293	28531428	1	1	1	2	0	46
chr7	28670864	28671956	2	2	1	4	0	31
chr7	28672083	28673573	2	2	1	1	0	6
chr7	28947160	28947321	2	2	1	4	0	43
chr7	29923773	29923897	2	2	1	1	0	14
chr7	29932249	29932331	1	1	1	1	0	22
chr7	29932407	29932491	1	1	1	1	0	28
chr7	30261560	30261748	2	2	1	1	0	40
chr7	30264224	30264519	1	1	1	1	0	32
chr7	30316588	30322839	2	2	1	21	0	38
chr7	30322941	30323924	2	2	1	1	0	10
chr7	30340646	30340732	2	2	1	1	0	16
chr7	30427329	30427411	2	2	1	4	0	19
chr7	30622038	30622120	2	2	1	1	0	22
chr7	30642007	30642089	2	2	1	65	0	45
chr7	30642150	30643321	2	2	1	12	0	43
chr7	30657327	30657413	2	2	1	21	0	42
chr7	30751206	30751357	2	2	1	1	0	16
chr7	30751241	30751357	2	2	1	21	0	42
chr7	30751413	30751552	2	2	1	11	0	38
chr7	30751603	30752449	2	2	1	2	0	37
chr7	30752487	30752824	2	2	1	1	0	16
chr7	30798805	30798930	2	2	1	1	0	34
chr7	34983094	34984140	2	2	1	2	0	11
chr7	34984175	34991177	2	2	1	1	0	34
chr7	35341611	35342039	2	2	1	8	0	43
chr7	35342112	35343048	2	2	1	0	1	32
chr7	35343141	35343775	2	2	1	2	0	32
chr7	35343838	35345568	2	2	1	1	0	20
chr7	42780143	42780333	2	2	1	0	1	43
chr7	43106062	43106993	1	1	1	20	0	45
chr7	44116758	44117066	1	1	1	6	0	36
chr7	44120732	44120838	1	1	1	1	0	26
chr7	44199124	44199248	1	3	1	2	0	39
chr7	44512619	44512802	2	2	1	6	0	45
chr7	44528939	44529350	2	2	1	1	0	16
chr7	44533672	44533986	2	2	1	1	0	8
chr7	44626408	44626927	2	2	1	1	0	17
chr7	44650241	44651096	1	1	1	1	0	16
chr7	44651213	44651587	1	1	1	3	0	42
chr7	44726354	44726735	1	1	1	1	0	22
chr7	44771983	44772252	2	2	1	16	0	44
chr7	44772383	44772586	2	2	1	1	0	44
chr7	44775433	44775574	2	4	1	1	0	6
chr7	44775457	44775538	2	2	1	69	0	46
chr7	44775662	44775901	2	2	1	9	2	38
chr7	44775662	44776165	2	2	1	0	2	3
chr7	44775962	44776132	2	2	1	4	0	33
chr7	44776219	44776414	2	2	1	1	0	37
chr7	44791392	44792230	2	4	1	1	0	42
chr7	44791527	44792203	2	2	1	1	0	25
chr7	44808753	44809104	1	1	1	1	0	25
chr7	44809249	44809365	1	1	1	2	0	31
chr7	44974924	44974959	2	2	1	0	2	21
chr7	45026703	45026779	2	2	1	1	0	39
chr7	45107708	45107958	2	2	1	12	1	44
chr7	45108085	45108507	2	2	1	5	0	29
chr7	45108655	45108953	2	2	1	1	1	16
chr7	45217804	45223836	2	2	1	1	0	39
chr7	45369912	45370137	1	1	1	29	0	43
chr7	46338880	46339226	2	2	1	1	0	24
chr7	46402981	46403394	1	1	1	1	0	12
chr7	55763022	55763145	1	1	1	2	0	27
chr7	58938529	58953415	1	1	1	2	0	25
chr7	58953560	58954557	1	1	1	5	0	43
chr7	59633026	59633116	2	2	1	1	0	13
chr7	64028594	64030677	2	2	1	1	0	39
chr7	64985928	64986244	2	2	1	1	0	29
chr7	73102976	73104076	2	2	1	1	0	21
chr7	75337070	75345371	1	1	1	1	0	19
chr7	75345415	75347049	1	1	1	1	0	30
chr7	79744952	79745368	2	2	1	1	0	29
chr7	79877135	79877741	2	2	1	3	0	35
chr7	79878029	79878145	2	2	1	1	0	25
chr7	79878297	79880063	2	2	1	1	0	3
chr7	80992598	80993482	2	2	1	28	0	46
chr7	80993549	80994058	2	2	1	13	0	42
chr7	80994165	80994604	2	2	1	1	0	25
chr7	81239274	81241509	1	1	1	2	0	31
chr7	81432330	81432778	2	2	1	1	0	5
chr7	84234553	84238038	2	2	1	23	0	45
chr7	84250035	84250240	2	2	1	2	0	41
chr7	84267172	84270075	2	2	1	1	0	13
chr7	84270121	84281863	2	2	1	2	0	34
chr7	89569400	89572771	2	2	1	1	0	35
chr7	89626258	89629619	2	2	1	1	0	36
chr7	89774603	89776135	2	2	1	1	0	16
chr7	90100144	90100750	2	2	1	1	0	17
chr7	90104728	90106279	2	2	1	1	0	13
chr7	97049565	97056072	1	1	1	1	0	33
chr7	97056217	97056825	1	1	1	3	0	45
chr7	97199949	97207337	2	2	1	1	0	21
chr7	97319081	97320009	1	1	1	2	0	45
chr7	97325473	97326551	1	1	1	1	0	24
chr7	97346077	97354795	1	1	1	1	0	27
chr7	98665882	98715006	2	2	1	2	0	6
chr7	98715090	98737307	2	2	1	2	0	3
chr7	98803908	98806183	2	2	1	3	0	35
chr7	98994883	98995021	2	4	1	1	0	28
chr7	99128159	99128480	2	2	1	30	1	42
chr7	99128678	99129082	2	2	1	1	0	13
chr7	99489091	99493906	2	2	1	4	0	38
chr7	100220497	100223668	2	2	1	1	0	35
chr7	100223722	100232196	2	2	1	2	0	36
chr7	100971103	100995463	1	1	1	2	1	42
chr7	100992495	100993123	1	1	1	1	0	19
chr7	100993242	100994841	1	1	1	1	0	29
chr7	101053633	101057253	1	1	1	1	0	4
chr7	101060277	101060510	1	1	1	1	0	20
chr7	101160676	101161812	2	2	1	1	0	24
chr7	101559754	101560479	1	1	1	1	0	24
chr7	101560605	101560942	2	2	1	1	0	32
chr7	103461992	103462645	2	2	1	0	1	13
chr7	103476001	103476654	2	2	1	0	1	13
chr7	104122490	104128914	2	2	1	2	0	23
chr7	104128938	104132538	2	2	1	2	0	23
chr7	105241149	105241286	2	2	1	5	0	41
chr7	105244880	105245467	2	2	1	1	0	3
chr7	105245622	105248466	2	2	1	1	0	23
chr7	105249082	105249214	2	2	1	1	0	31
chr7	105274779	105282583	2	2	1	1	0	44
chr7	105290368	105292517	1	1	1	1	0	42
chr7	105392271	105392432	2	2	1	5	0	32
chr7	105459726	105460014	2	2	1	1	0	22
chr7	107285181	107296773	1	1	1	1	0	20
chr7	108540215	108540667	1	1	1	2	0	23
chr7	109119201	109119674	1	1	1	1	0	7
chr7	109119850	109120807	1	1	1	0	31	44
chr7	109308229	109310956	1	1	1	2	0	10
chr7	109639908	109640019	1	1	1	1	0	31
chr7	109642093	109643615	1	1	1	1	0	12
chr7	109643693	109643824	1	1	1	1	0	3
chr7	109652125	109653206	1	1	1	1	0	14
chr7	110424606	110432943	2	2	1	2	0	27
chr7	110673752	110673886	2	2	1	2	0	33
chr7	110674449	110674543	2	2	1	1	0	28
chr7	111681769	111682294	1	1	1	1	0	14
chr7	113815173	113815697	2	2	1	1	0	24
chr7	113832593	113834173	2	2	1	1	0	31
chr7	113834271	113836021	2	2	1	1	0	31
chr7	114134068	114135265	1	1	1	3	0	46
chr7	115930819	115931613	2	2	1	10	0	45
chr7	115931715	115932163	2	2	1	7	0	44
chr7	115932334	115932930	2	2	1	1	0	15
chr7	117708417	117709155	2	2	1	26	0	42
chr7	117709242	117714007	2	2	1	1	4	42
chr7	117714088	117714331	2	2	1	1	0	8
chr7	117719634	117720383	2	2	1	3	0	41
chr7	117720469	117721148	2	2	1	3	0	17
chr7	117812276	117816942	2	2	1	1	0	39
chr7	119134139	119134961	1	1	1	1	0	18
chr7	119134980	119142403	1	5	1	1	0	18
chr7	119255307	119257522	1	1	1	1	0	18
chr7	119257651	119258323	1	1	1	1	0	15
chr7	119318525	119319733	2	2	1	1	0	7
chr7	119380101	119380190	1	1	1	1	0	11
chr7	120256894	120258243	1	1	1	6	0	35
chr7	121687562	121690808	2	2	1	1	0	16
chr7	121690187	121690808	2	2	1	8	0	44
chr7	122571732	122572010	1	1	1	1	0	25
chr7	126045299	126045716	2	2	1	1	0	43
chr7	126072267	126074167	2	2	1	1	0	39
chr7	126089084	126089492	1	1	1	1	0	30
chr7	126146253	126146356	2	2	1	7	0	36
chr7	126161863	126162175	2	2	1	1	0	17
chr7	126162283	126162414	2	2	1	4	0	44
chr7	126162470	126162798	2	2	1	2	0	11
chr7	126162925	126163587	2	2	1	4	0	30
chr7	126271491	126271741	1	1	1	1	0	25
chr7	126295453	126295726	1	1	1	7	0	39
chr7	126485488	126488062	2	2	1	4	0	45
chr7	126586287	126586648	2	2	1	1	0	10
chr7	126586838	126587489	2	2	1	2	0	41
chr7	126707638	126707880	2	2	1	1	0	9
chr7	126813156	126813262	1	1	1	1	0	27
chr7	126871494	126876820	2	2	1	1	0	20
chr7	127074798	127074928	1	1	1	1	0	15
chr7	127304348	127304898	2	2	1	1	0	9
chr7	127304985	127306347	2	2	1	0	1	27
chr7	127447840	127447922	1	1	1	1	0	14
chr7	127492359	127492422	1	1	1	1	0	17
chr7	127524436	127524758	1	1	1	2	0	24
chr7	127580728	127580962	1	1	1	5	0	37
chr7	127804985	127805071	2	2	1	1	0	8
chr7	128260877	128265361	1	1	1	1	0	39
chr7	130134423	130135306	2	2	1	2	0	34
chr7	130487179	130493910	1	1	1	1	0	11
chr7	132163642	132164315	2	2	1	1	0	27
chr7	132480343	132482495	1	1	1	1	0	30
chr7	137066237	137069661	1	1	1	0	2	43
chr7	139576080	139576694	2	2	1	1	0	35
chr7	139686291	139687996	2	2	1	2	0	32
chr7	139688065	139689899	2	2	1	1	0	45
chr7	139691709	139692331	2	2	1	1	0	8
chr7	140343941	140344712	1	1	1	2	0	32
chr7	140344873	140349008	1	1	1	1	0	38
chr7	140349638	140349964	1	1	1	2	0	15
chr7	140350142	140350854	1	1	1	2	0	34
chr7	140350997	140352931	1	1	1	2	0	35
chr7	140353120	140353542	1	1	1	3	0	42
chr7	140353685	140354470	1	1	1	5	0	32
chr7	140354536	140354658	2	2	1	1	0	27
chr7	140416796	140417598	1	1	1	2	0	22
chr7	140487265	140487469	1	1	1	1	0	5
chr7	140487265	140487703	1	1	1	2	0	42
chr7	140487619	140487703	1	1	1	1	0	27
chr7	140487619	140487752	1	1	1	4	0	46
chr7	140499730	140500598	1	1	1	1	0	21
chr7	140740479	140740562	2	2	1	3	0	36
chr7	140771108	140771254	2	2	1	2	0	11
chr7	140982243	140982656	1	1	1	4	0	27
chr7	141027945	141028638	1	1	1	5	0	43
chr7	141028688	141030916	1	1	1	9	0	37
chr7	141031016	141031144	1	1	1	27	0	46
chr7	141076327	141076513	2	2	1	1	0	37
chr7	142065111	142065201	1	1	1	1	0	16
chr7	142066360	142068062	1	1	1	1	0	25
chr7	142068104	142069512	1	1	1	4	0	41
chr7	142091078	142094255	1	1	1	0	1	37
chr7	144071484	144072885	2	2	1	1	0	19
chr7	144473079	144473346	1	1	1	2	0	15
chr8	3660220	3660310	2	2	1	1	0	34
chr8	3663291	3663367	2	2	1	1	0	10
chr8	3671612	3672341	1	1	1	1	0	9
chr8	3672429	3672592	1	1	1	4	0	33
chr8	3672626	3673223	1	1	1	8	0	33
chr8	3672707	3673223	1	1	1	1	0	38
chr8	3692056	3692645	1	1	1	1	0	11
chr8	3766557	3767193	2	2	1	1	0	23
chr8	5136284	5139023	2	2	1	1	0	27
chr8	8733974	8739976	2	2	1	2	0	29
chr8	11037015	11054469	2	2	1	1	0	42
chr8	11363685	11404276	1	1	1	1	0	31
chr8	11564192	11564492	2	2	1	1	0	42
chr8	13080772	13082184	1	1	1	1	0	32
chr8	13100862	13103355	1	1	1	1	0	21
chr8	13223951	13224418	1	1	1	1	0	35
chr8	13841981	13842099	1	1	1	1	0	24
chr8	13965085	13970947	1	1	1	1	0	40
chr8	14114340	14128769	2	2	1	1	0	33
chr8	18929745	18931753	1	1	1	1	0	30
chr8	20016689	20030550	1	1	1	0	1	45
chr8	20143957	20157802	1	1	1	0	1	45
chr8	22695798	22696792	1	1	1	1	0	40
chr8	22708305	22708414	1	1	1	1	0	31
chr8	22917908	22919196	1	1	1	3	0	14
chr8	25659339	25661287	2	2	1	3	0	35
chr8	25661341	25665157	2	2	1	2	0	30
chr8	26149912	26152756	1	1	1	1	0	13
chr8	26156173	26163349	1	1	1	1	0	44
chr8	26307537	26307631	2	2	1	1	0	5
chr8	26307692	26308573	2	2	1	1	0	27
chr8	26529780	26534267	2	2	1	3	0	35
chr8	26534303	26538279	2	2	1	4	0	35
chr8	27156177	27187240	2	2	1	2	0	33
chr8	27719325	27739175	2	2	1	1	0	3
chr8	27739238	27740517	2	2	1	1	0	21
chr8	31653134	31654745	2	2	1	1	0	12
chr8	31654801	31656089	2	2	1	1	0	9
chr8	34274215	34279419	2	2	1	1	0	29
chr8	34274215	34285109	2	2	1	1	0	7
chr8	34279524	34285109	2	2	1	1	0	34
chr8	34285179	34296744	2	2	1	1	0	16
chr8	34294211	34296744	2	2	1	1	0	4
chr8	41644718	41649994	2	2	1	5	0	46
chr8	41746854	41757023	1	1	1	1	0	21
chr8	41778055	41778300	1	1	1	1	0	41
chr8	41850682	41851992	2	2	1	1	0	12
chr8	41864386	41867839	2	2	1	1	0	29
chr8	45760146	45761416	2	2	1	3	0	44
chr8	45781263	45785801	2	2	1	1	0	25
chr8	46448700	46449738	1	1	1	5	0	43
chr8	46486860	46487438	2	2	1	1	0	24
chr8	47246621	47259505	1	1	1	2	0	24
chr8	47259606	47260256	1	1	1	1	0	11
chr8	47260787	47271825	1	1	1	1	0	12
chr8	47996065	47997145	1	1	1	1	0	44
chr8	56985936	56991645	2	2	1	1	0	23
chr8	60996658	60998256	1	1	1	2	0	21
chr8	61358755	61360370	1	1	1	1	0	8
chr8	61366210	61372373	2	2	1	1	0	11
chr8	61969069	61969568	2	2	1	1	0	32
chr8	65180943	65186541	2	2	1	1	0	26
chr8	68210918	68243549	2	2	1	2	0	8
chr8	68243594	68335632	2	2	1	2	0	17
chr8	70347061	70347153	2	2	1	12	0	38
chr8	70347226	70347891	2	2	1	2	0	19
chr8	70347971	70354191	2	2	1	2	0	28
chr8	70586114	70586875	2	2	1	1	0	40
chr8	70590874	70591570	2	2	1	1	0	19
chr8	70763142	70764277	1	1	1	3	0	25
chr8	70764347	70765355	1	1	1	7	0	45
chr8	70765431	70765508	1	1	1	6	0	28
chr8	70785393	70785622	2	2	1	1	0	12
chr8	70961179	70961945	2	2	1	2	0	39
chr8	71129247	71130427	1	1	1	1	0	3
chr8	71348152	71348243	2	2	1	47	0	46
chr8	71348354	71348559	2	2	1	2	0	29
chr8	71821948	71822170	1	1	1	1	0	19
chr8	71987125	71987315	2	2	1	11	0	30
chr8	71987437	71988429	2	2	1	1	0	39
chr8	71989079	71989771	2	2	1	1	0	4
chr8	71998501	71999616	1	1	1	1	0	9
chr8	71999679	72000221	1	1	1	1	0	21
chr8	72047846	72048700	1	1	1	2	0	20
chr8	72930233	72931463	1	1	1	1	0	25
chr8	73215466	73215592	2	2	1	1	0	33
chr8	73460117	73465996	1	1	1	1	0	8
chr8	73466117	73466357	1	1	1	7	0	35
chr8	78137758	78140126	2	2	1	1	0	31
chr8	79233447	79235427	2	2	1	0	1	8
chr8	79534875	79536575	2	2	1	2	0	33
chr8	80412686	80414069	2	2	1	1	0	8
chr8	81428865	81431233	2	2	1	0	1	3
chr8	84164686	84169050	2	2	1	1	0	40
chr8	84297628	84298061	1	1	1	8	0	33
chr8	84298565	84298641	2	2	1	1	0	45
chr8	84299773	84299848	2	2	1	1	0	4
chr8	84978341	84980491	2	2	1	1	0	41
chr8	85440487	85448271	2	2	1	3	0	43
chr8	85448448	85450356	2	2	1	1	0	6
chr8	85569474	85569572	2	2	1	6	0	43
chr8	85569666	85570693	2	2	1	10	0	42
chr8	85570838	85571006	2	2	1	2	0	42
chr8	85615317	85615890	2	2	1	1	0	24
chr8	85698322	85700628	1	1	1	1	0	8
chr8	85744885	85745150	2	2	1	2	0	36
chr8	85800947	85801021	1	1	1	1	0	28
chr8	85801973	85802451	2	2	1	1	0	16
chr8	85823684	85824030	1	1	1	5	0	38
chr8	86031951	86032845	1	1	1	1	0	29
chr8	86445557	86449259	2	2	1	1	0	21
chr8	87358249	87360496	1	1	1	1	0	4
chr8	87360629	87361424	1	1	1	2	0	28
chr8	89794920	89795774	1	1	1	1	0	29
chr8	91822287	91823391	1	1	1	1	0	10
chr8	91851512	91852444	2	2	1	1	0	43
chr8	93825977	93827281	2	2	1	2	0	40
chr8	93827355	93830746	2	2	1	1	0	15
chr8	93830879	93833187	2	2	1	2	0	22
chr8	93834242	93835060	2	2	1	1	0	34
chr8	93835202	93844931	2	2	1	1	0	44
chr8	93847001	93849727	2	2	1	1	0	8
chr8	93919534	93921504	2	2	1	1	0	18
chr8	93928542	93929837	2	2	1	1	0	23
chr8	93983229	93983491	2	2	1	2	0	42
chr8	93983565	93984884	2	2	1	1	0	18
chr8	94906517	94906729	1	1	1	2	0	41
chr8	95172762	95186319	1	1	1	1	0	24
chr8	95245907	95247450	1	1	1	1	0	31
chr8	95380960	95385331	1	1	1	1	0	30
chr8	96451294	96452642	2	2	1	0	1	15
chr8	96601092	96602373	2	2	1	1	0	34
chr8	105147315	105148918	2	2	1	1	0	5
chr8	105250271	105250966	2	2	1	1	0	26
chr8	105366719	105367151	2	2	1	2	0	7
chr8	105404541	105404818	2	2	1	0	1	4
chr8	105465385	105465661	1	1	1	0	1	4
chr8	105466910	105467393	1	1	1	3	0	35
chr8	105467467	105467861	1	1	1	10	0	45
chr8	105579856	105580210	1	1	1	0	1	19
chr8	105660387	105661078	1	1	1	6	0	39
chr8	105776710	105776814	1	1	1	0	1	8
chr8	105780081	105780175	1	1	1	1	0	41
chr8	105784243	105784367	1	1	1	3	0	15
chr8	105784447	105784539	1	1	1	3	0	25
chr8	105811782	105811888	1	1	1	0	1	8
chr8	106055325	106055403	1	1	1	2	0	22
chr8	106662538	106662627	2	2	1	2	0	39
chr8	107508467	107533672	1	1	1	1	0	34
chr8	107758124	107763268	1	1	1	1	0	24
chr8	107821585	107822560	2	2	1	1	0	33
chr8	107896464	107910498	2	2	1	1	0	21
chr8	108311593	108312336	2	2	1	1	0	36
chr8	110292696	110295521	1	1	1	1	0	6
chr8	110301919	110302514	1	1	1	9	0	14
chr8	110302682	110303336	2	2	1	1	0	28
chr8	110303412	110303761	2	2	1	1	0	23
chr8	110303864	110304111	2	2	1	1	0	23
chr8	110554967	110556230	1	1	1	1	0	32
chr8	110724238	110724928	1	1	1	1	1	11
chr8	112354211	112354730	2	2	1	1	0	16
chr8	118183697	118186067	1	1	1	1	0	26
chr8	118390572	118391725	2	2	1	1	0	18
chr8	118429003	118434959	1	1	1	1	0	25
chr8	118480063	118485343	1	1	1	1	0	7
chr8	121396122	121399463	1	1	1	1	0	40
chr8	121399632	121399959	1	1	1	1	0	22
chr8	121400092	121400709	1	1	1	11	0	45
chr8	122653941	122666373	2	2	1	1	0	13
chr8	123124706	123124974	1	1	1	1	0	11
chr8	123208137	123208209	1	1	1	1	0	4
chr8	123208269	123208334	1	1	1	1	0	29
chr8	123830096	123830636	1	1	1	14	0	44
chr8	123830694	123831782	1	1	1	7	16	44
chr8	123872262	123874789	2	2	1	1	0	22
chr8	124100804	124108138	1	1	1	2	0	37
chr8	124679379	124679494	1	1	1	1	0	15
chr8	125283861	125284479	2	2	1	1	0	46
chr8	125588011	125589623	2	2	1	1	0	19
chr8	125742509	125751245	1	1	1	1	0	37
chr8	127697660	127697739	2	2	1	1	0	39
chr8	128136099	128137209	1	1	1	1	0	21
chr8	128137255	128142050	1	1	1	1	0	26
chr8	128142279	128153002	1	1	1	1	0	5
chr8	129182023	129184430	2	2	1	3	0	31
chr8	129183404	129184430	2	2	1	2	0	27
chr8	129184470	129189009	2	2	1	1	0	22
chr8	129184470	129199535	2	2	1	2	0	39
chr8	129184470	129214853	2	2	1	1	0	25
chr8	129214438	129219507	1	1	1	1	0	38
chr8	129431961	129433554	1	1	1	1	0	30
chr8	129446956	129448864	1	1	1	1	0	35
chr8	129450910	129452500	1	1	1	2	0	30
chr8	129452668	129458503	1	1	1	1	0	41
chr9	3404191	3409965	1	1	1	1	0	43
chr9	4296840	4299297	2	2	1	1	0	20
chr9	4317072	4329848	1	1	1	1	0	30
chr9	5306227	5306669	1	1	1	1	0	24
chr9	7203372	7203450	1	1	1	1	0	33
chr9	7791466	7792171	1	1	1	2	0	20
chr9	7934734	7936515	2	4	1	1	0	43
chr9	13721301	13721922	2	2	1	1	0	13
chr9	13727429	13728182	2	2	1	2	0	44
chr9	14728266	14730711	1	1	1	2	0	5
chr9	15198769	15201962	2	2	1	1	0	22
chr9	18206646	18212301	1	1	1	1	0	30
chr9	18212359	18213321	1	1	1	1	0	5
chr9	20556273	20556488	1	1	1	1	0	9
chr9	20556556	20556701	1	1	1	1	0	16
chr9	20556786	20556917	1	1	1	4	0	38
chr9	20556956	20557911	1	1	1	3	0	37
chr9	20697701	20698385	2	2	1	2	0	45
chr9	20805739	20805928	2	2	1	5	0	44
chr9	20806036	20806128	2	2	1	5	0	41
chr9	20806266	20806384	2	2	1	1	0	42
chr9	20987938	20990504	2	2	1	1	0	4
chr9	21256225	21259222	1	1	1	1	0	18
chr9	21401091	21401953	1	1	1	1	0	12
chr9	21401966	21405799	1	1	1	1	0	12
chr9	21501057	21501141	2	2	1	1	0	11
chr9	21552382	21553720	1	1	1	3	0	42
chr9	22360151	22361097	2	2	1	1	0	12
chr9	22361160	22365074	2	2	1	2	0	44
chr9	25198065	25199479	1	1	1	1	0	42
chr9	25210840	25212707	1	1	1	1	0	42
chr9	26917744	26918453	1	1	1	2	0	27
chr9	31069144	31069794	2	2	1	2	0	44
chr9	31081930	31083229	2	2	1	2	0	13
chr9	31308434	31309015	1	1	1	2	0	46
chr9	35123808	35124015	1	1	1	7	0	46
chr9	35124177	35124425	1	1	1	1	0	34
chr9	36701222	36704535	2	2	1	1	0	10
chr9	36704646	36708508	2	2	1	1	0	38
chr9	40713920	40714034	1	1	1	1	0	40
chr9	40715992	40716227	1	1	1	4	0	34
chr9	42890770	42893243	2	2	1	1	0	15
chr9	44249326	44250774	2	2	1	1	0	46
chr9	44319381	44319982	1	1	1	1	0	17
chr9	44320167	44321250	1	1	1	0	16	43
chr9	44321350	44321442	1	1	1	19	3	44
chr9	44711031	44712890	2	2	1	5	1	31
chr9	44824765	44825948	2	2	1	0	11	43
chr9	45685324	45685739	2	2	1	1	0	3
chr9	46140035	46140235	1	1	1	1	0	26
chr9	46140298	46140413	1	1	1	5	0	32
chr9	46140568	46141102	1	1	1	9	0	39
chr9	46144642	46145714	2	2	1	6	1	32
chr9	46145839	46145956	2	2	1	2	0	37
chr9	46146025	46146556	2	2	1	1	0	41
chr9	46181262	46181496	1	1	1	1	0	25
chr9	48384441	48385701	2	2	1	1	0	27
chr9	48390694	48391706	2	2	1	1	0	42
chr9	50547855	50548755	2	2	1	1	0	36
chr9	50569590	50569987	2	2	1	1	0	16
chr9	50570090	50570490	2	2	1	1	0	11
chr9	51854950	51859876	2	2	1	6	0	40
chr9	51959733	51972131	1	1	1	1	0	17
chr9	51980204	51980914	1	1	1	3	0	33
chr9	51981079	51984453	1	1	1	5	0	30
chr9	51992480	51993742	1	1	1	1	0	3
chr9	53145318	53146562	2	2	1	1	0	23
chr9	53493966	53494736	2	2	1	2	0	42
chr9	53532584	53533157	2	2	1	1	0	25
chr9	54309271	54311240	2	2	1	1	0	5
chr9	54452769	54453172	2	2	1	1	0	33
chr9	54631759	54634872	2	2	1	1	0	39
chr9	54863672	54864094	1	1	1	2	0	20
chr9	55362047	55368903	2	2	1	8	0	42
chr9	55372144	55389556	2	2	1	3	0	43
chr9	55389640	55392553	2	2	1	1	0	12
chr9	55394795	55396113	2	2	1	1	0	33
chr9	57437646	57438951	1	1	1	3	0	37
chr9	57439076	57439564	1	1	1	22	0	43
chr9	59230266	59230670	2	2	1	1	0	43
chr9	60783710	60787455	1	1	1	1	0	5
chr9	61820804	61821169	2	2	1	5	0	38
chr9	62280960	62281935	1	1	1	1	0	16
chr9	64080716	64082105	1	1	1	1	0	30
chr9	64083499	64084222	1	1	1	1	0	23
chr9	64084760	64085002	1	1	1	1	0	24
chr9	64085087	64085178	1	1	1	1	0	36
chr9	64085300	64085504	1	1	1	1	0	15
chr9	64624271	64632783	2	2	1	1	0	11
chr9	64897731	64898255	2	2	1	1	0	39
chr9	64942294	64944250	1	1	1	1	0	23
chr9	65215905	65217433	1	1	1	1	0	18
chr9	65217594	65223925	1	1	1	1	0	5
chr9	65224776	65225944	1	1	1	1	0	19
chr9	65762767	65764605	2	2	1	1	0	37
chr9	66341881	66344876	1	1	1	1	0	6
chr9	66434302	66434396	2	2	1	1	0	3
chr9	66854980	66856610	1	1	1	8	0	36
chr9	66856000	66856610	1	1	1	1	0	31
chr9	66930724	66938310	2	2	1	1	0	17
chr9	66937025	66938310	2	2	1	1	0	24
chr9	66940147	66941157	2	2	1	1	0	16
chr9	66941276	66943276	2	2	1	1	0	3
chr9	69197331	69255413	1	1	1	1	0	31
chr9	70114986	70194193	1	1	1	1	0	9
chr9	70466384	70469057	1	1	1	2	0	29
chr9	70676295	70683654	1	1	1	1	0	16
chr9	70705691	70709354	2	2	1	8	0	45
chr9	72647511	72648909	1	1	1	1	0	19
chr9	72648970	72649934	1	1	1	1	0	13
chr9	72650919	72653688	1	1	1	3	0	39
chr9	72653762	72654407	1	1	1	2	0	31
chr9	72922712	72923179	1	1	1	1	0	23
chr9	74945244	74959514	1	1	1	1	0	33
chr9	74959638	74963916	1	1	1	7	0	34
chr9	75356785	75357769	1	1	1	1	0	26
chr9	75368386	75373475	1	1	1	4	0	27
chr9	76179821	76182770	1	1	1	1	0	35
chr9	77693149	77693992	1	1	1	1	0	34
chr9	77993283	77993556	2	2	1	2	0	38
chr9	77993653	77994455	2	2	1	1	0	15
chr9	77994871	78002426	2	2	1	1	0	22
chr9	78105659	78106771	1	1	1	1	0	3
chr9	78106824	78111513	1	1	1	1	0	37
chr9	78386141	78386239	2	2	1	1	0	31
chr9	78386475	78386559	2	2	1	1	0	44
chr9	78387057	78387133	2	2	1	1	0	45
chr9	79662888	79663558	2	2	1	11	0	45
chr9	79663644	79665771	2	2	1	3	0	34
chr9	79683523	79684505	2	2	1	1	0	8
chr9	80000924	80006167	1	1	1	1	0	13
chr9	80006189	80010975	1	1	1	1	0	21
chr9	80011047	80018592	1	1	1	1	0	38
chr9	80038141	80040170	1	1	1	1	0	3
chr9	80044165	80046325	1	1	1	1	0	35
chr9	80173536	80176908	1	1	1	1	0	43
chr9	80189043	80190736	1	1	1	2	0	11
chr9	80193715	80195289	1	1	1	0	2	3
chr9	80203964	80206427	1	1	1	1	0	28
chr9	82753915	82757342	2	2	1	1	0	27
chr9	83122787	83123157	2	2	1	1	0	14
chr9	84004436	84006021	1	1	1	1	0	15
chr9	86469115	86476496	2	2	1	1	0	11
chr9	86480878	86493905	2	2	1	2	0	22
chr9	86904307	86908999	1	1	1	1	0	17
chr9	88344439	88345007	2	2	1	3	0	39
chr9	88346837	88358841	2	2	1	0	1	32
chr9	89957047	89957734	1	1	1	1	0	21
chr9	89974456	89975786	2	2	1	1	1	37
chr9	89982577	89984352	2	2	1	0	5	44
chr9	89984440	89989287	2	2	1	1	7	39
chr9	89989356	89992178	2	2	1	5	0	42
chr9	89992226	89996588	2	2	1	4	1	30
chr9	95346535	95348598	2	2	1	1	0	7
chr9	95354256	95356473	2	2	1	1	0	21
chr9	95375285	95375755	2	2	1	6	0	44
chr9	95375871	95377887	2	2	1	1	0	29
chr9	95855672	95856448	1	1	1	1	0	26
chr9	95863985	95867236	1	1	1	1	0	19
chr9	95884302	95885896	1	1	1	1	0	9
chr9	96155996	96169653	1	1	1	1	0	41
chr9	98453696	98455487	1	1	1	1	0	43
chr9	98459581	98461033	1	1	1	1	0	28
chr9	98461145	98462134	1	1	1	1	0	46
chr9	98470980	98472087	2	2	1	2	0	23
chr9	98955884	98970657	2	2	1	0	2	4
chr9	100658886	100668544	1	1	1	1	0	23
chr9	101025938	101030986	2	2	1	1	0	3
chr9	102507088	102511212	1	1	1	2	0	22
chr9	103086209	103089151	0	0	1	4	0	41
chr9	103086265	103089117	1	3	1	1	23	37
chr9	103086278	103087693	2	2	1	399	0	45
chr9	103087878	103089010	2	2	1	10	0	45
chr9	103089196	103092391	2	2	1	10	0	44
chr9	103090897	103091884	2	2	1	1	0	25
chr9	103092457	103093012	2	2	1	5	0	36
chr9	103093143	103094561	2	2	1	5	0	42
chr9	103094733	103096421	2	2	1	7	0	29
chr9	103096455	103097000	2	2	1	6	0	30
chr9	103097092	103098091	2	2	1	5	0	34
chr9	103098244	103099249	2	2	1	1	0	10
chr9	103099428	103100133	2	2	1	6	0	46
chr9	103100313	103100782	2	2	1	2	0	45
chr9	103100839	103102241	2	2	1	1	0	6
chr9	103105268	103107372	2	2	1	2	0	45
chr9	103127862	103128989	2	2	1	31	0	42
chr9	103927170	103931261	2	2	1	2	0	43
chr9	104941324	104942197	1	1	1	1	0	28
chr9	105297498	105298772	2	2	1	1	0	8
chr9	105522169	105525864	1	1	1	1	0	14
chr9	106111397	106112586	2	2	1	1	0	12
chr9	106307214	106307506	1	1	1	1	0	37
chr9	106307572	106308267	1	1	1	3	0	24
chr9	106699291	106706259	1	1	1	1	0	24
chr9	106766425	106767359	2	2	1	1	0	24
chr9	107440732	107441774	1	1	1	1	0	35
chr9	107528454	107528736	2	2	1	1	0	37
chr9	107528534	107534855	1	3	1	2	0	19
chr9	107529432	107532221	2	2	1	1	0	24
chr9	107534911	107535008	2	2	1	1	0	9
chr9	107535102	107535192	2	2	1	1	0	40
chr9	107622436	107623217	2	2	1	1	0	24
chr9	107651921	107655128	2	2	1	1	0	40
chr9	107927972	107928047	1	1	1	1	0	19
chr9	107945395	107945465	2	2	1	1	0	25
chr9	107961594	107961691	1	1	1	1	0	38
chr9	107961832	107961972	1	1	1	1	0	12
chr9	108373144	108373268	1	1	1	1	0	29
chr9	108392432	108392994	1	1	1	4	0	37
chr9	108442445	108442525	1	1	1	5	0	26
chr9	108443275	108443357	2	2	1	1	0	34
chr9	108449661	108449749	1	1	1	1	0	32
chr9	108766225	108771151	1	1	1	1	0	4
chr9	108777010	108777612	1	1	1	1	0	14
chr9	108777702	108778006	1	1	1	4	0	29
chr9	108778083	108778502	1	1	1	7	0	43
chr9	108888977	108889330	2	2	1	1	0	25
chr9	108901806	108902822	2	2	1	1	0	25
chr9	108907494	108911069	2	2	1	1	1	20
chr9	109785712	109789668	2	2	1	0	1	38
chr9	110033395	110035066	1	1	1	1	0	19
chr9	110213542	110213623	1	1	1	1	0	13
chr9	110232770	110243762	2	2	1	0	2	45
chr9	110540231	110540318	1	1	1	1	0	36
chr9	113785882	113787665	1	1	1	1	0	33
chr9	114618814	114619705	2	2	1	4	0	39
chr9	118389492	118389809	1	1	1	1	0	40
chr9	118394736	118396026	1	1	1	1	0	21
chr9	118396048	118396248	1	1	1	1	0	10
chr9	118977948	118978029	2	2	1	1	0	16
chr9	118978519	118978667	2	2	1	0	1	34
chr9	118978859	118979891	2	2	1	4	0	26
chr9	119093950	119096208	2	2	1	1	0	10
chr9	119177838	119177986	1	1	1	0	1	34
chr9	119959963	119960065	1	1	1	1	0	5
chr9	119960232	119960465	1	1	1	41	1	46
chr9	120401929	120402641	1	1	1	2	0	24
chr9	120402742	120402829	1	1	1	0	1	24
chr9	120403345	120403380	2	2	1	0	2	21
chr9	121575657	121577096	1	1	1	3	0	40
chr9	121678756	121679253	2	2	1	17	0	43
chr9	121681676	121686577	2	2	1	1	0	7
chr9	122660924	122662590	1	1	1	1	0	40
chr9	122777174	122777989	2	2	1	1	0	23
chr9	122909547	122912609	2	2	1	1	0	32
chr10	7653635	7655066	2	2	1	1	0	7
chr10	7655127	7656524	2	2	1	1	0	25
chr10	8662199	8665324	2	2	1	1	0	32
chr10	8665366	8690004	2	2	1	1	0	19
chr10	12596687	12601954	2	2	1	1	0	11
chr10	13400713	13403484	2	2	1	1	0	39
chr10	18993691	19003447	2	2	1	1	0	13
chr10	19934837	19943574	1	1	1	1	0	13
chr10	20201552	20201675	1	1	1	1	0	26
chr10	20203954	20205055	1	1	1	1	0	17
chr10	20215668	20215797	1	1	1	2	0	16
chr10	22248258	22249675	1	1	1	1	0	21
chr10	23661172	23661473	2	2	1	21	1	46
chr10	23661576	23661799	2	2	1	10	0	41
chr10	24791678	24791925	2	2	1	3	0	39
chr10	24792063	24792252	2	2	1	5	0	32
chr10	28468902	28471797	1	1	1	2	0	7
chr10	29376126	29380576	2	2	1	1	0	7
chr10	30486440	30487643	2	2	1	2	0	30
chr10	33060013	33062636	1	1	1	1	0	39
chr10	33885120	33888067	2	2	1	1	0	33
chr10	36850800	36861122	1	1	1	1	0	37
chr10	40130305	40130396	2	2	1	1	0	35
chr10	41363380	41363457	2	2	1	1	0	46
chr10	42682668	42686838	1	1	1	1	0	17
chr10	42688835	42691050	1	1	1	1	0	6
chr10	42699976	42703872	1	1	1	2	0	20
chr10	44170671	44179562	1	1	1	1	0	26
chr10	53172465	53174148	2	2	1	1	0	21
chr10	58092727	58094062	1	1	1	1	0	31
chr10	58103894	58105083	1	1	1	1	0	45
chr10	58321704	58324394	1	1	1	1	0	37
chr10	58326578	58328232	1	1	1	1	0	9
chr10	59731583	59732171	1	1	1	1	0	31
chr10	59824661	59826654	2	2	1	2	0	7
chr10	60135339	60135557	1	1	1	2	0	9
chr10	62478734	62479075	2	2	1	2	0	31
chr10	62483423	62486803	2	2	1	1	0	31
chr10	62778499	62780093	1	1	1	2	0	8
chr10	62883347	62883720	1	1	1	1	0	10
chr10	62883820	62887979	1	1	1	1	0	25
chr10	63171657	63172758	2	2	1	3	0	42
chr10	66845878	66846167	1	1	1	2	0	27
chr10	66849566	66850680	2	2	1	1	0	40
chr10	66871785	66875279	2	2	1	1	0	33
chr10	67053965	67054055	1	1	1	1	0	21
chr10	71166957	71172043	2	2	1	1	0	46
chr10	75264177	75265795	1	1	1	1	0	40
chr10	75274046	75275687	1	1	1	1	0	26
chr10	75355295	75368010	1	1	1	3	0	42
chr10	75368204	75371094	1	1	1	2	0	40
chr10	75581232	75582321	2	2	1	1	0	14
chr10	75607341	75608571	2	2	1	3	0	43
chr10	75667929	75668228	2	2	1	2	0	10
chr10	75695378	75695520	2	2	1	5	0	35
chr10	75772280	75773140	1	1	1	2	0	42
chr10	75773289	75773408	1	1	1	52	0	43
chr10	76237370	76239457	2	2	1	1	0	6
chr10	76239479	76239591	2	2	1	1	0	21
chr10	76304221	76304607	2	2	1	1	0	15
chr10	76417267	76417336	1	1	1	1	0	34
chr10	76420134	76420365	1	1	1	1	0	27
chr10	76888173	76891587	1	1	1	1	0	22
chr10	76889242	76889988	2	2	1	1	0	42
chr10	76909637	76910183	2	2	1	1	0	3
chr10	76913677	76913832	2	2	1	1	0	12
chr10	77324308	77325831	2	2	1	1	0	41
chr10	77433890	77434503	2	4	1	1	0	15
chr10	78109610	78109905	2	2	1	2	0	12
chr10	78237801	78238258	2	2	1	2	0	20
chr10	78238279	78238443	2	2	1	2	0	20
chr10	79520937	79521066	1	1	1	2	0	21
chr10	79546755	79547089	1	1	1	3	0	25
chr10	79547115	79547327	1	1	1	2	0	25
chr10	79803223	79803304	1	1	1	1	0	28
chr10	79891782	79891873	1	1	1	2	0	23
chr10	79891934	79892019	1	1	1	3	0	44
chr10	79981142	79981256	1	1	1	1	0	45
chr10	80008347	80008470	1	1	1	1	0	36
chr10	80091847	80092469	1	1	1	4	0	34
chr10	80129711	80129800	1	1	1	22	0	43
chr10	80129711	80129804	1	1	1	1	0	31
chr10	80238990	80239969	2	2	1	22	21	44
chr10	80477432	80477642	2	2	1	0	1	38
chr10	80546667	80547945	2	2	1	1	0	31
chr10	80549465	80549806	2	2	1	1	0	9
chr10	80664631	80664704	1	1	1	2	0	45
chr10	80664631	80664726	1	1	1	1	0	31
chr10	80735972	80736055	1	1	1	1	0	39
chr10	80924451	80925140	2	2	1	6	0	41
chr10	80925279	80925910	2	2	1	5	0	45
chr10	80958447	80959453	1	1	1	2	0	26
chr10	81017460	81017722	1	1	1	1	0	40
chr10	81017869	81018262	2	4	1	2	0	21
chr10	81108538	81108655	1	1	1	1	0	38
chr10	81108794	81108882	1	1	1	1	0	36
chr10	81109224	81109482	2	2	1	3	0	13
chr10	81109530	81109636	2	2	1	2	0	38
chr10	81185323	81185967	2	2	1	1	0	42
chr10	81186024	81186106	2	2	1	1	0	37
chr10	81236906	81239185	2	2	1	1	0	7
chr10	81418721	81419846	1	1	1	1	0	27
chr10	82063426	82063632	2	2	1	1	0	38
chr10	82713220	82715039	1	1	1	1	0	17
chr10	83386813	83390597	1	1	1	1	0	40
chr10	83438763	83438989	2	2	1	1	0	29
chr10	83439027	83441623	2	2	1	1	0	26
chr10	86526993	86527492	2	2	1	2	0	44
chr10	86527613	86528003	2	2	1	1	0	36
chr10	86528160	86528249	2	2	1	1	0	45
chr10	86530024	86530213	2	2	1	2	0	40
chr10	86530484	86531340	2	2	1	1	0	11
chr10	86534303	86534447	2	2	1	7	0	43
chr10	86534560	86537560	2	2	1	13	0	44
chr10	86539466	86540157	2	2	1	1	0	11
chr10	87412076	87414121	1	1	1	1	0	29
chr10	87414849	87417709	1	1	1	1	0	28
chr10	87417826	87419393	1	1	1	4	0	29
chr10	87749663	87751159	1	1	1	1	0	10
chr10	87749663	87766536	1	1	1	5	0	44
chr10	87751212	87766536	1	1	1	6	0	45
chr10	88308847	88311194	2	4	1	3	0	31
chr10	88308847	88311287	2	2	1	1	0	34
chr10	88311399	88312209	2	2	1	1	0	24
chr10	88589630	88590338	2	2	1	1	0	5
chr10	90952987	90953074	2	2	1	1	0	6
chr10	93303027	93304617	1	1	1	0	1	3
chr10	93308906	93310337	1	1	1	2	0	38
chr10	93318929	93320524	1	1	1	3	0	36
chr10	93350191	93352043	1	3	1	1	0	37
chr10	93360365	93361707	2	2	1	2	0	37
chr10	93361869	93363054	2	2	1	2	0	36
chr10	93419393	93419891	2	2	1	4	0	36
chr10	93419957	93423859	2	2	1	0	1	37
chr10	93722964	93725399	2	2	1	5	0	39
chr10	94415202	94418135	1	1	1	1	0	14
chr10	95316840	95326107	2	2	1	7	0	35
chr10	95859915	95861893	1	1	1	1	0	18
chr10	97349600	97353322	1	1	1	1	0	26
chr10	98829768	98830507	1	1	1	1	0	14
chr10	100349516	100349781	1	1	1	1	0	37
chr10	100387372	100387678	1	1	1	1	0	13
chr10	105678710	105681210	1	1	1	1	0	20
chr10	111330155	111330655	1	1	1	1	0	19
chr10	111330686	111331185	1	1	1	1	0	30
chr10	116208882	116216736	1	1	1	2	0	25
chr10	116894104	116896552	2	2	1	2	0	44
chr10	120446645	120447521	2	2	1	1	0	24
chr10	121383094	121387155	2	2	1	1	0	35
chr10	121388974	121389649	2	2	1	2	0	18
chr10	121389727	121389807	2	2	1	1	0	12
chr10	121932000	121932804	2	2	1	1	0	46
chr10	122854143	122856208	2	2	1	1	0	44
chr10	126880997	126881147	1	1	1	2	0	37
chr10	126931622	126931817	1	1	1	2	0	45
chr10	126933991	126934209	2	2	1	4	0	44
chr10	127125821	127126431	2	2	1	1	0	33
chr10	127132310	127132409	2	2	1	5	0	40
chr10	127375829	127376021	2	2	1	1	0	46
chr10	127382010	127382262	2	2	1	1	0	29
chr10	127503253	127504286	1	1	1	1	0	18
chr10	127702738	127710697	1	1	1	0	1	5
chr10	127720053	127720152	1	3	1	1	0	33
chr10	127723541	127724169	2	2	1	0	1	5
chr10	127872430	127882036	1	1	1	0	2	39
chr10	127883674	127883867	1	1	1	1	0	22
chr10	127883997	127884113	1	1	1	2	0	43
chr10	127884237	127884361	1	1	1	16	0	44
chr10	127904655	127905084	1	1	1	1	0	18
chr10	127920341	127920959	1	1	1	1	0	34
chr10	127921082	127921310	1	1	1	2	0	30
chr10	127924403	127924825	1	1	1	1	0	18
chr10	127925028	127925887	1	1	1	12	1	37
chr10	127952627	127954423	1	1	1	1	0	39
chr10	127954525	127954823	1	1	1	1	0	17
chr10	127954890	127955138	1	1	1	1	0	6
chr10	128162137	128162445	1	1	1	1	0	12
chr10	128162543	128162886	1	1	1	2	0	26
chr10	128196023	128196836	1	1	1	2	0	23
chr10	128326903	128327588	2	2	1	1	0	33
chr10	128326903	128327927	2	2	1	0	25	43
chr10	128327634	128327927	2	2	1	1	0	14
chr10	128328272	128328470	2	2	1	1	0	37
chr10	128384299	128384526	2	2	1	2	0	23
chr10	128384550	128384817	2	2	1	1	0	23
chr10	128384841	128384956	2	2	1	1	0	9
chr10	128394985	128395098	2	2	1	1	0	8
chr10	128396607	128396787	2	2	1	1	0	43
chr10	128460506	128461075	2	2	1	26	0	39
chr10	128461207	128461931	2	2	1	16	0	42
chr10	128657841	128669180	1	1	1	0	1	42
chr10	128755977	128756427	2	2	1	1	0	33
chr10	128756561	128758522	2	2	1	1	0	32
chr11	3926898	3927015	1	1	1	2	0	28
chr11	4047175	4047284	2	4	1	2	1	39
chr11	4048436	4053387	2	2	1	1	0	29
chr11	4652221	4654156	2	2	1	4	0	30
chr11	4801493	4827038	1	1	1	0	4	46
chr11	4801493	4844786	1	1	1	0	4	46
chr11	4833496	4833725	1	1	1	1	0	10
chr11	4835982	4836264	1	3	1	1	0	17
chr11	4839987	4841402	1	1	1	1	0	3
chr11	4841487	4843119	1	1	1	1	0	5
chr11	4876237	4878674	1	1	1	2	0	42
chr11	4959593	4962881	1	1	1	1	0	31
chr11	5020104	5020227	2	2	1	1	0	23
chr11	5822419	5822669	2	2	1	1	0	13
chr11	5854545	5856476	2	2	1	1	0	7
chr11	6369286	6369477	1	1	1	1	0	25
chr11	11772294	11774848	2	2	1	1	0	20
chr11	11774869	11779101	2	2	1	1	0	20
chr11	16451808	16454735	2	2	1	0	25	45
chr11	16454839	16456372	2	2	1	0	16	45
chr11	16456473	16458103	2	2	1	0	1	5
chr11	16810252	16812945	1	1	1	1	0	43
chr11	16813081	16817230	1	1	1	1	0	19
chr11	16817300	16818107	1	1	1	1	0	4
chr11	16821093	16821582	1	1	1	1	0	4
chr11	16822937	16824959	1	1	1	2	0	34
chr11	16825160	16828126	1	1	1	1	0	37
chr11	16828260	16831463	1	1	1	2	0	18
chr11	16833614	16837140	1	1	1	1	0	20
chr11	16837186	16839912	1	1	1	1	0	27
chr11	16840055	16841177	1	1	1	1	0	26
chr11	16854461	16855347	1	1	1	2	0	20
chr11	17214007	17216530	1	1	1	1	0	43
chr11	17890351	17895606	2	2	1	1	0	13
chr11	17902329	17902577	2	2	1	1	0	26
chr11	21272130	21273198	2	2	1	1	0	40
chr11	21273304	21278870	2	2	1	1	0	25
chr11	21282550	21283624	2	2	1	2	0	31
chr11	21283811	21303348	2	2	1	1	0	5
chr11	21304407	21320186	2	2	1	3	0	16
chr11	21304407	21321014	2	2	1	1	0	22
chr11	21507569	21508461	2	2	1	2	0	31
chr11	21514217	21515823	2	2	1	1	0	7
chr11	21515921	21516619	2	2	1	0	1	24
chr11	22952931	22953136	1	1	1	4	0	43
chr11	23343962	23351452	1	1	1	1	0	31
chr11	23391179	23394146	1	1	1	1	0	42
chr11	29159487	29161115	1	1	1	1	0	20
chr11	29161256	29161606	1	1	1	1	0	25
chr11	29480155	29480580	1	1	1	1	0	20
chr11	29496030	29496290	2	2	1	21	0	40
chr11	29496423	29496702	2	2	1	2	0	21
chr11	29496789	29497205	2	4	1	2	0	23
chr11	29497261	29497680	2	2	1	1	0	33
chr11	29683841	29686359	1	1	1	1	0	30
chr11	30787492	30788884	1	1	1	1	0	22
chr11	30792121	30793506	1	1	1	1	0	28
chr11	30800708	30801142	1	1	1	2	0	11
chr11	30900819	30901306	2	2	1	2	0	26
chr11	30901388	30902571	2	2	1	2	0	20
chr11	32234129	32234262	1	1	1	1	9	33
chr11	32246946	32247079	1	1	1	1	9	33
chr11	33102853	33103985	2	2	1	0	1	23
chr11	33107049	33109933	2	2	1	1	0	12
chr11	33109996	33110333	2	2	1	1	0	18
chr11	33704728	33704930	1	1	1	1	0	21
chr11	35699419	35699921	2	2	1	2	0	35
chr11	35708356	35710700	2	2	1	1	0	32
chr11	43311236	43311933	2	2	1	7	0	27
chr11	43334263	43335552	1	1	1	3	0	38
chr11	45774642	45775158	1	1	1	2	0	34
chr11	45777367	45778212	1	1	1	1	0	7
chr11	46561846	46567136	2	2	1	2	0	37
chr11	46567174	46568032	2	2	1	3	0	37
chr11	48695124	48696371	1	1	1	10	0	38
chr11	48696483	48696806	1	1	1	28	0	45
chr11	49986808	49995375	1	1	1	2	0	23
chr11	50188222	50188943	2	2	1	3	0	31
chr11	50189064	50189955	2	2	1	2	0	30
chr11	50201258	50201620	2	2	1	1	0	19
chr11	50201695	50202430	2	2	1	1	0	25
chr11	50201695	50216319	2	2	1	1	0	37
chr11	50285843	50288470	2	2	1	1	0	43
chr11	51492306	51493419	2	2	1	1	0	27
chr11	51680156	51682153	1	1	1	1	0	17
chr11	52122946	52127663	1	1	1	1	0	8
chr11	52134586	52135807	1	1	1	1	0	33
chr11	53157946	53159316	2	2	1	1	0	19
chr11	53313277	53313576	2	2	1	2	0	15
chr11	53319978	53321362	2	2	1	28	0	46
chr11	53319978	53321481	2	4	1	2	0	26
chr11	53577135	53578921	2	2	1	1	0	36
chr11	54522183	54525585	1	1	1	1	0	46
chr11	54530685	54533536	1	1	1	1	0	13
chr11	54883193	54885109	2	2	1	1	0	36
chr11	54892160	54894804	2	2	1	1	0	42
chr11	55115880	55116791	1	1	1	1	0	44
chr11	55286440	55286626	2	2	1	3	0	10
chr11	55337611	55341282	2	2	1	11	0	44
chr11	55341452	55345706	2	2	1	1	0	43
chr11	58068113	58070103	1	1	1	0	1	21
chr11	59099692	59099794	1	1	1	1	0	31
chr11	59100220	59100798	1	1	1	2	0	16
chr11	59709326	59710830	2	2	1	1	0	27
chr11	59751637	59765378	1	1	1	1	0	20
chr11	59861608	59862025	1	3	1	1	0	22
chr11	59861702	59862009	2	2	1	5	0	41
chr11	60090978	60091251	2	2	1	3	0	12
chr11	60136012	60136461	2	2	1	1	0	29
chr11	60353098	60353383	1	1	1	1	0	11
chr11	60353461	60354959	1	1	1	1	0	4
chr11	60605138	60607627	2	2	1	1	0	21
chr11	60838015	60840746	1	1	1	2	0	20
chr11	61239558	61240270	2	2	1	1	0	40
chr11	61674542	61678254	2	2	1	1	0	33
chr11	61744185	61745312	2	2	1	1	0	36
chr11	61794857	61795600	2	2	1	1	0	9
chr11	62159635	62164537	2	2	1	1	0	3
chr11	62175886	62176649	1	1	1	1	0	37
chr11	62280619	62281804	2	2	1	5	0	34
chr11	62281860	62283330	2	2	1	2	0	38
chr11	62292094	62294261	2	2	1	1	0	17
chr11	62292094	62294624	2	2	1	1	0	30
chr11	62294289	62294624	2	2	1	1	0	27
chr11	62294678	62295235	2	2	1	1	0	39
chr11	62295293	62301645	2	2	1	1	0	17
chr11	62301760	62310423	2	2	1	1	0	6
chr11	62489140	62490934	1	1	1	1	0	46
chr11	63962663	63964362	2	2	1	1	0	19
chr11	67079665	67079747	1	1	1	1	0	36
chr11	67083413	67083492	1	1	1	1	0	19
chr11	67085553	67085634	1	1	1	1	0	7
chr11	67110188	67110464	1	1	1	1	0	42
chr11	67113078	67113196	1	1	1	1	0	31
chr11	68104161	68117361	2	2	1	1	0	39
chr11	68794146	68795190	1	1	1	24	8	46
chr11	69254970	69255517	2	2	1	2	0	36
chr11	69287187	69287345	1	1	1	4	0	43
chr11	69290676	69290765	2	2	1	1	0	40
chr11	69730095	69730191	1	1	1	5	0	24
chr11	69807120	69807245	1	1	1	2	0	30
chr11	69808168	69808253	2	2	1	1	0	25
chr11	69808328	69808422	2	2	1	1	0	18
chr11	69901263	69901350	2	2	1	2	0	38
chr11	69901597	69901674	2	2	1	1	0	32
chr11	69902425	69902509	2	2	1	1	0	28
chr11	69947159	69947239	1	1	1	1	0	32
chr11	69948197	69948312	1	1	1	1	0	7
chr11	70410710	70410796	1	1	1	1	0	39
chr11	70417500	70418004	1	1	1	1	0	19
chr11	70418150	70418262	1	1	1	3	0	41
chr11	70536267	70536355	2	2	1	1	0	24
chr11	70543806	70545174	2	2	1	1	0	16
chr11	70775795	70777836	1	1	1	1	0	33
chr11	70834149	70834704	2	2	1	1	0	19
chr11	72197479	72199432	1	1	1	1	0	11
chr11	72563884	72568530	1	1	1	1	0	10
chr11	72964347	72966440	1	1	1	1	0	21
chr11	74568569	74570283	2	2	1	1	0	5
chr11	74800032	74800519	2	2	1	1	0	33
chr11	75322723	75322814	2	4	1	3	0	26
chr11	75324168	75326723	2	2	1	1	0	16
chr11	75399241	75399346	1	1	1	1	0	11
chr11	75516357	75516942	1	1	1	1	0	44
chr11	75623918	75642706	1	1	1	1	0	32
chr11	75642907	75646399	1	1	1	1	0	11
chr11	76123935	76124027	2	2	1	1	0	24
chr11	76940307	76941409	2	2	1	2	0	15
chr11	77732418	77732744	1	1	1	1	0	10
chr11	78071824	78071979	2	2	1	25	0	45
chr11	78072050	78072242	2	2	1	31	1	46
chr11	78145738	78145815	1	1	1	1	0	25
chr11	78391674	78392399	1	1	1	4	0	29
chr11	78392751	78392963	1	1	1	99	0	46
chr11	78429789	78430785	1	1	1	1	0	20
chr11	78430872	78431720	1	1	1	2	0	38
chr11	78431825	78432186	1	1	1	4	0	44
chr11	78729009	78729948	1	1	1	2	0	25
chr11	79842507	79844402	2	2	1	1	0	39
chr11	80061588	80064913	1	1	1	1	0	40
chr11	80355903	80360627	1	1	1	1	0	39
chr11	80362421	80362535	1	1	1	7	0	36
chr11	80704576	80706399	1	1	1	1	0	44
chr11	83193664	83199040	1	1	1	1	0	14
chr11	83379872	83388087	1	1	1	1	0	35
chr11	83388123	83388719	1	1	1	1	0	20
chr11	83466778	83467200	2	2	1	1	0	13
chr11	83637950	83640058	1	1	1	4	0	16
chr11	83640160	83643319	1	1	1	58	0	45
chr11	83846874	83848291	1	1	1	1	0	43
chr11	83995107	83997014	2	2	1	1	0	35
chr11	84313846	84333391	2	2	1	1	0	35
chr11	84333464	84336452	2	2	1	1	0	29
chr11	84724040	84725160	2	2	1	1	0	6
chr11	84727340	84727424	2	2	1	6	0	37
chr11	84727551	84728666	2	2	1	4	0	36
chr11	84731262	84732246	2	2	1	1	0	18
chr11	85095150	85100765	2	2	1	1	0	3
chr11	86623493	86624401	2	2	1	1	0	27
chr11	87631473	87633621	1	1	1	1	0	28
chr11	88895651	88899944	1	1	1	1	0	8
chr11	93750895	93751619	2	2	1	3	0	22
chr11	93751664	93752784	2	2	1	2	0	26
chr11	93840873	93842725	2	2	1	5	5	40
chr11	93850128	93851493	2	2	1	1	1	42
chr11	93850340	93851493	2	2	1	2	1	42
chr11	93939385	93958718	1	1	1	1	0	14
chr11	94186907	94187709	2	2	1	1	0	11
chr11	94187994	94188584	2	2	1	1	0	37
chr11	94188747	94190781	2	2	1	2	0	31
chr11	94192406	94194667	2	2	1	1	0	16
chr11	95376786	95381110	1	1	1	1	0	10
chr11	95566111	95566395	1	1	1	1	0	31
chr11	95932556	95934229	1	1	1	1	0	11
chr11	95934303	95935986	1	1	1	1	0	16
chr11	95936129	95937105	1	1	1	1	0	46
chr11	95936129	95938020	1	1	1	1	0	4
chr11	95937181	95938020	1	1	1	1	0	38
chr11	95964045	95964348	2	2	1	4	0	45
chr11	96719050	96720236	2	2	1	3	0	29
chr11	96798949	96799055	2	2	1	2	0	9
chr11	96923731	96924605	2	4	1	1	0	20
chr11	97219086	97219307	1	1	1	2	0	29
chr11	97602106	97603262	1	1	1	1	0	7
chr11	97603358	97604218	1	1	1	7	0	35
chr11	97668991	97669090	2	2	1	37	0	44
chr11	97669205	97672159	2	2	1	8	1	43
chr11	97920712	97921096	1	1	1	16	0	45
chr11	98680605	98682571	2	4	1	1	0	41
chr11	98691209	98693093	1	1	1	1	0	9
chr11	98693142	98693607	1	1	1	1	0	35
chr11	98932672	98939051	1	1	1	1	0	5
chr11	98943203	98943396	1	1	1	1	0	42
chr11	100210987	100211491	1	1	1	2	0	43
chr11	100211656	100211773	1	1	1	1	0	5
chr11	100211876	100212142	1	1	1	12	0	40
chr11	100322104	100323743	2	2	1	1	0	42
chr11	100976714	100976823	1	1	1	1	0	5
chr11	101169279	101169539	2	2	1	1	0	11
chr11	101211640	101212617	1	1	1	2	0	29
chr11	101258853	101261531	1	1	1	1	0	24
chr11	101268120	101268520	1	1	1	1	0	45
chr11	101297851	101298956	2	2	1	1	0	39
chr11	101302026	101302119	2	2	1	1	0	4
chr11	101334497	101336045	1	1	1	0	13	45
chr11	101336157	101336264	1	1	1	13	0	43
chr11	102086695	102086777	2	2	1	1	0	11
chr11	102090512	102090794	2	2	1	1	0	27
chr11	102182630	102182723	2	2	1	1	0	27
chr11	102199636	102199719	2	2	1	1	0	11
chr11	102294362	102294458	2	2	1	1	0	17
chr11	102294699	102294856	2	2	1	1	0	40
chr11	102429183	102446905	2	2	1	1	0	38
chr11	104412415	104413548	2	2	1	1	0	34
chr11	105137711	105138284	1	1	1	1	0	6
chr11	106153518	106153622	1	1	1	2	0	22
chr11	106153710	106153834	1	1	1	2	0	21
chr11	106269790	106271492	2	2	1	1	0	21
chr11	106582011	106586579	2	2	1	1	0	43
chr11	106675879	106675961	2	2	1	1	0	40
chr11	106965817	106967347	2	2	1	1	0	16
chr11	106968625	106969345	2	2	1	1	0	44
chr11	106969476	106971548	2	2	1	1	0	11
chr11	106971681	106972041	2	2	1	1	0	34
chr11	107386592	107388349	1	1	1	1	0	41
chr11	108286819	108288124	1	1	1	1	0	23
chr11	108288222	108295636	1	1	1	1	0	13
chr11	108300137	108302820	1	1	1	3	0	18
chr11	108303019	108305065	1	1	1	171	0	45
chr11	108902587	108902724	2	2	1	3	0	30
chr11	109325583	109327388	1	1	1	1	0	4
chr11	109544788	109550824	1	1	1	1	0	14
chr11	109862680	109864496	2	2	1	1	0	12
chr11	109933858	109941721	2	2	1	1	0	33
chr11	109975092	109977291	2	2	1	1	0	17
chr11	110067897	110068009	2	2	1	1	0	6
chr11	110071194	110071354	2	2	1	1	0	15
chr11	110107482	110109036	2	2	1	2	0	39
chr11	110111015	110121314	2	2	1	1	0	31
chr11	110121374	110122880	2	2	1	1	0	5
chr11	110123050	110124520	2	2	1	1	0	30
chr11	113552045	113553032	1	1	1	2	0	43
chr11	114559436	114559606	1	1	1	1	0	12
chr11	114559641	114559731	1	1	1	1	0	34
chr11	114559793	114562559	1	1	1	0	4	31
chr11	114562683	114563090	1	1	1	22	0	43
chr11	115306706	115306840	2	2	1	16	0	40
chr11	115306904	115307678	2	2	1	5	0	42
chr11	115307751	115308664	2	2	1	2	0	35
chr11	115308762	115309211	2	2	1	2	0	25
chr11	115899541	115899628	2	2	1	8	0	26
chr11	115914362	115914450	2	2	1	2	0	44
chr11	116034293	116035258	2	2	1	1	0	17
chr11	116074451	116089047	2	2	1	1	0	30
chr11	116180112	116180350	2	2	1	2	0	16
chr11	116740127	116740215	1	1	1	1	0	26
chr11	119174142	119174485	1	1	1	1	0	13
chr11	119179386	119179485	2	4	1	2	0	39
chr11	120370766	120370849	1	3	1	1	0	38
chr11	120427395	120427482	1	1	1	1	0	26
chr11	120428877	120429389	1	1	1	2	0	12
chr11	120468988	120469707	2	2	1	1	0	35
chr11	120600073	120600169	1	1	1	9	0	41
chr11	120616434	120616563	2	2	1	4	0	44
chr11	120616723	120616913	2	2	1	1	0	27
chr11	120617014	120617094	2	2	1	1	0	11
chr11	120678969	120679069	1	1	1	1	0	24
chr11	121500917	121502489	1	1	1	1	0	33
chr12	4876897	4877013	1	1	1	1	0	35
chr12	4941422	4944537	2	2	1	1	0	26
chr12	4993264	4994905	1	1	1	1	0	23
chr12	8036178	8037732	1	1	1	1	0	36
chr12	8051071	8051768	1	1	1	1	0	45
chr12	8055219	8055735	1	1	1	7	0	46
chr12	8063831	8063933	1	1	1	1	0	21
chr12	8986083	8986696	1	1	1	1	0	35
chr12	11330404	11332360	1	1	1	1	0	30
chr12	11341732	11344485	1	1	1	1	0	27
chr12	11347287	11348262	1	1	1	1	0	39
chr12	13374396	13378336	1	1	1	1	0	23
chr12	16594798	16596721	2	2	1	1	0	29
chr12	17595170	17597096	1	1	1	1	0	23
chr12	18564865	18581610	1	1	1	0	1	9
chr12	20665431	20683109	1	1	1	0	1	9
chr12	21235245	21249544	1	1	1	1	0	33
chr12	21363865	21364648	1	1	1	1	0	21
chr12	21369933	21371334	1	1	1	2	0	8
chr12	21371457	21373289	1	1	1	1	0	8
chr12	25144576	25145309	2	2	1	4	0	40
chr12	25145374	25145661	2	2	1	1	0	12
chr12	28681193	28681622	2	2	1	20	0	46
chr12	28681774	28683766	2	2	1	0	4	44
chr12	28683832	28684207	2	2	1	1	0	39
chr12	31382242	31382337	2	2	1	1	0	18
chr12	36143089	36154260	2	2	1	1	0	38
chr12	41675613	41750437	1	1	1	1	0	30
chr12	44354898	44358107	1	1	1	5	0	45
chr12	51439054	51440603	1	1	1	1	0	27
chr12	51444562	51446781	1	1	1	1	0	38
chr12	51494424	51496689	1	1	1	3	0	41
chr12	51697014	51699454	2	2	1	1	0	36
chr12	51769832	51777670	1	1	1	1	0	13
chr12	51793135	51795186	2	2	1	1	0	33
chr12	51806225	51807796	2	2	1	1	0	19
chr12	51814561	51815311	2	2	1	1	0	22
chr12	51829371	51830964	2	2	1	1	0	33
chr12	51841661	51844619	2	2	1	1	0	6
chr12	51845552	51847497	2	2	1	2	0	21
chr12	51847597	51847678	2	2	1	1	0	14
chr12	51847756	51848946	2	2	1	1	0	26
chr12	54732757	54738784	2	2	1	1	0	29
chr12	54814928	54817503	2	2	1	1	0	20
chr12	54817626	54830187	2	2	1	3	0	43
chr12	54969394	54969824	2	2	1	1	0	43
chr12	54981692	54982266	2	2	1	1	0	18
chr12	55302862	55304209	1	1	1	1	0	39
chr12	55457068	55458971	1	1	1	1	0	4
chr12	55459151	55461188	1	1	1	2	0	11
chr12	55536755	55537190	2	2	1	1	0	32
chr12	57277398	57285148	1	1	1	1	0	5
chr12	59151348	59154621	1	1	1	2	0	35
chr12	59182982	59184366	1	1	1	1	0	5
chr12	59194710	59196249	1	1	1	1	0	21
chr12	59205154	59206376	1	1	1	0	2	5
chr12	59206424	59206961	1	1	1	0	2	40
chr12	59207053	59209666	1	1	1	4	0	35
chr12	59215822	59217043	1	1	1	1	0	44
chr12	65113552	65115775	2	2	1	1	0	42
chr12	65115884	65116724	2	2	1	1	0	6
chr12	65116827	65120588	2	2	1	1	0	23
chr12	69204596	69205434	2	2	1	18	0	41
chr12	69205535	69205770	2	2	1	6	0	44
chr12	69355820	69356760	1	1	1	1	0	33
chr12	69359109	69359198	2	2	1	1	0	11
chr12	69359243	69359339	2	2	1	1	0	16
chr12	69363595	69364800	2	2	1	1	0	24
chr12	70237931	70240512	2	2	1	1	0	22
chr12	70244536	70245203	2	2	1	1	0	36
chr12	70245319	70246415	2	2	1	4	0	38
chr12	71025590	71030092	1	1	1	1	0	7
chr12	71033710	71035197	1	1	1	0	2	33
chr12	71039855	71040279	1	1	1	1	0	4
chr12	71040345	71041124	1	1	1	14	0	41
chr12	71083964	71084044	1	1	1	1	0	18
chr12	71108403	71109866	1	1	1	1	0	36
chr12	72146898	72147383	1	1	1	1	0	6
chr12	72697392	72699008	2	2	1	2	0	27
chr12	76028836	76030733	1	1	1	1	0	32
chr12	76108597	76110866	1	1	1	1	0	17
chr12	76358758	76361174	1	1	1	1	0	20
chr12	76364475	76366354	1	1	1	2	0	32
chr12	78528140	78538811	1	1	1	1	0	41
chr12	78684354	78701580	1	1	1	1	0	27
chr12	78867660	78871462	1	1	1	1	0	7
chr12	78892079	78894540	2	2	1	2	0	31
chr12	78894608	78895169	2	2	1	1	0	16
chr12	78928004	78930031	1	1	1	0	1	22
chr12	79203346	79204621	2	2	1	1	0	7
chr12	80994369	80994569	1	1	1	2	0	43
chr12	80994640	80995868	1	1	1	1	1	46
chr12	81521424	81527704	2	2	1	2	0	30
chr12	83695030	83698060	1	1	1	1	0	43
chr12	83706383	83707081	1	1	1	1	0	21
chr12	83707136	83707368	1	1	1	1	0	17
chr12	83711034	83714865	1	1	1	1	0	40
chr12	83715283	83718681	1	1	1	1	0	26
chr12	83718756	83719507	1	1	1	1	0	37
chr12	83719659	83721112	1	1	1	3	0	34
chr12	85029105	85029942	1	1	1	2	0	26
chr12	87208328	87208813	1	1	1	1	0	22
chr12	87208867	87209761	1	1	1	1	0	25
chr12	87209812	87224890	1	1	1	1	0	17
chr12	87315120	87316648	1	1	1	1	0	16
chr12	87490797	87494333	1	1	1	1	0	14
chr12	87494393	87496062	1	1	1	3	0	45
chr12	87496171	87496573	1	1	1	6	0	42
chr12	100086398	100087251	1	1	1	1	0	22
chr12	100165976	100168651	1	1	1	1	0	17
chr12	100171979	100172356	1	1	1	6	0	40
chr12	100172493	100172658	1	1	1	21	0	46
chr12	101017922	101019687	2	2	1	1	0	25
chr12	101052612	101054300	1	1	1	1	0	26
chr12	101856878	101859689	2	2	1	1	0	27
chr12	101860053	101860520	2	2	1	1	0	27
chr12	101934470	101935751	2	2	1	7	0	46
chr12	103304441	103311914	2	2	1	1	0	35
chr12	103405822	103406212	1	1	1	1	0	6
chr12	103408643	103409090	2	2	1	2	0	8
chr12	103614982	103617948	2	2	1	1	0	11
chr12	103694693	103695489	2	2	1	22	9	46
chr12	103695641	103696508	2	2	1	3	0	34
chr12	103696780	103698219	2	2	1	3	0	34
chr12	103698852	103704355	2	2	1	0	1	42
chr12	103730131	103730926	2	2	1	16	9	46
chr12	103731078	103731958	2	2	1	5	0	44
chr12	103784111	103819928	1	1	1	1	67	46
chr12	103784307	103785107	2	2	1	0	3	26
chr12	103785153	103786322	1	1	1	0	1	29
chr12	103785153	103822141	1	1	1	0	1	29
chr12	103786415	103787874	2	2	1	0	3	33
chr12	103820126	103820926	2	2	1	23	0	41
chr12	103821078	103821962	2	2	1	3	1	27
chr12	103822234	103823683	2	2	1	0	7	33
chr12	103824316	103829780	2	2	1	0	1	42
chr12	103846072	103846338	1	1	1	0	1	43
chr12	103861463	103862263	2	2	1	22	5	45
chr12	103862309	103863478	1	1	1	0	1	29
chr12	103862415	103863299	2	2	1	5	1	39
chr12	103863571	103865016	2	2	1	0	7	33
chr12	103865649	103871117	2	2	1	0	1	42
chr12	103913226	103915322	1	1	1	2	0	29
chr12	103913469	103914272	2	2	1	55	1	46
chr12	103914318	103915484	1	1	1	0	1	29
chr12	103914424	103915305	2	2	1	3	0	30
chr12	103946820	103949095	2	2	1	2	0	10
chr12	103997467	103998683	2	2	1	3	0	45
chr12	104304805	104306752	1	1	1	2	0	33
chr12	104307119	104311841	1	3	1	1	0	27
chr12	104307410	104309197	1	1	1	2	4	35
chr12	104309472	104310385	1	1	1	1	0	36
chr12	104310540	104311491	1	1	1	3	0	37
chr12	104355972	104357714	1	1	1	0	4	35
chr12	104743401	104746980	2	2	1	1	0	46
chr12	105785159	105786599	1	1	1	1	0	29
chr12	105799422	105800968	1	1	1	1	0	38
chr12	108821545	108821864	1	1	1	1	0	13
chr12	110627700	110627788	1	1	1	1	0	16
chr12	110659307	110659453	2	2	1	4	0	40
chr12	110660311	110660456	2	2	1	1	0	4
chr12	110660778	110661004	2	2	1	11	0	40
chr12	110661139	110661485	2	2	1	2	0	17
chr12	111506317	111506563	1	1	1	1	0	32
chr12	111506737	111506894	1	1	1	15	0	37
chr12	111507007	111508139	1	1	1	1	0	10
chr12	111508280	111508585	1	1	1	2	0	38
chr12	111794120	111794251	1	1	1	1	0	12
chr12	111927973	111928866	2	2	1	7	0	24
chr12	111928891	111929663	2	2	1	5	0	24
chr12	112614416	112615413	1	1	1	3	0	34
chr12	113108823	113108937	2	2	1	1	0	35
chr12	113117285	113117394	1	1	1	3	0	30
chr12	113384882	113384988	2	2	1	1	0	22
chr12	116022746	116024076	2	2	1	1	0	25
chr13	3606513	3606925	1	1	1	1	0	8
chr13	3614685	3614858	1	1	1	1	0	39
chr13	4248643	4253365	1	1	1	1	0	46
chr13	4253449	4255339	1	1	1	3	0	35
chr13	4322361	4322927	2	2	1	1	0	17
chr13	4486447	4488488	1	1	1	1	0	29
chr13	4499094	4499311	1	1	1	2	0	31
chr13	4499478	4504462	1	1	1	7	0	38
chr13	4504546	4507147	1	1	1	11	0	40
chr13	9219043	9220687	1	1	1	1	0	19
chr13	17858438	17859293	2	2	1	1	0	15
chr13	18057087	18063091	2	2	1	3	0	33
chr13	18063267	18067706	2	2	1	2	0	6
chr13	23999083	23999168	1	1	1	1	0	17
chr13	24030428	24030860	1	1	1	1	0	34
chr13	24042099	24042185	1	1	1	2	0	29
chr13	24576910	24579181	1	1	1	1	0	35
chr13	24600994	24601206	1	3	1	1	0	3
chr13	25163978	25164939	1	1	1	2	0	33
chr13	25168191	25168690	1	1	1	1	0	16
chr13	34201130	34205363	1	1	1	1	0	45
chr13	34228511	34230768	1	1	1	1	0	7
chr13	35059678	35067213	1	1	1	1	0	11
chr13	35162050	35162632	2	2	1	1	0	11
chr13	35162777	35164244	2	2	1	1	0	25
chr13	38176086	38177980	2	2	1	1	0	16
chr13	41341030	41343421	2	2	1	1	0	7
chr13	41918269	41920811	2	2	1	2	0	25
chr13	42276690	42307855	1	1	1	1	0	31
chr13	42316961	42317692	1	3	1	1	0	12
chr13	43552272	43552986	1	1	1	1	0	32
chr13	47178849	47180727	2	2	1	1	0	44
chr13	54246468	54247019	1	1	1	1	0	14
chr13	54248001	54250749	1	1	1	1	0	9
chr13	54737585	54737673	2	2	1	1	0	20
chr13	55381844	55386502	1	1	1	1	0	21
chr13	55446490	55447503	1	1	1	1	0	41
chr13	55566080	55566164	2	2	1	2	0	43
chr13	55683239	55683371	2	2	1	1	0	23
chr13	55683433	55683542	2	2	1	1	0	8
chr13	55787748	55793183	1	1	1	1	0	5
chr13	55808613	55811031	1	1	1	1	0	29
chr13	55841161	55846885	1	1	1	1	0	27
chr13	55862658	55865604	1	1	1	1	0	9
chr13	55866081	55869391	1	1	1	1	0	11
chr13	55873854	55873924	1	1	1	1	0	18
chr13	55923261	55924417	1	1	1	1	0	12
chr13	56222206	56230932	2	2	1	1	0	19
chr13	56690685	56693431	2	2	1	1	0	31
chr13	58407326	58411011	2	2	1	1	0	40
chr13	58529824	58530221	2	2	1	2	0	31
chr13	58541974	58542123	2	2	1	2	0	27
chr13	58542179	58542291	2	2	1	1	0	22
chr13	58542374	58542421	1	1	1	1	0	19
chr13	58547027	58547706	2	2	1	1	0	20
chr13	59743197	59745853	1	1	1	1	0	28
chr13	59920674	59929831	2	2	1	1	0	25
chr13	61082843	61083143	2	2	1	1	0	19
chr13	62238772	62239360	2	2	1	0	1	15
chr13	63012982	63015152	2	2	1	1	0	42
chr13	63015273	63016795	2	2	1	1	0	42
chr13	64317991	64321876	1	1	1	1	0	38
chr13	64444721	64444941	2	2	1	1	0	29
chr13	64513137	64514292	2	2	1	3	0	33
chr13	67048891	67049465	2	2	1	19	0	45
chr13	67060443	67062690	2	2	1	1	0	27
chr13	73468180	73468412	2	2	1	14	0	35
chr13	73468536	73475534	2	2	1	2	0	19
chr13	74086065	74086552	1	1	1	1	0	38
chr13	74470511	74470891	1	3	1	1	0	26
chr13	74585761	74585978	2	2	1	0	1	5
chr13	74630719	74630935	2	2	1	0	1	5
chr13	74703987	74704201	2	2	1	0	1	5
chr13	74729033	74729232	2	2	1	0	1	5
chr13	74896363	74902429	2	2	1	1	0	16
chr13	74902490	74918664	2	2	1	1	0	16
chr13	81035607	81037207	1	1	1	2	0	40
chr13	83673200	83723653	1	1	1	2	0	35
chr13	85350616	85354246	1	1	1	1	0	24
chr13	85360034	85360858	1	1	1	1	0	29
chr13	86193028	86193845	2	2	1	56	1	44
chr13	86193973	86194719	2	2	1	1	0	36
chr13	86193989	86194719	2	2	1	20	0	43
chr13	90249062	90252493	1	1	1	1	0	25
chr13	91071866	91072444	1	1	1	2	0	35
chr13	91072566	91072655	1	1	1	31	0	46
chr13	92504809	92521232	1	1	1	2	0	15
chr13	92659840	92660737	2	2	1	1	0	38
chr13	93596298	93601074	2	2	1	1	0	14
chr13	93754171	93756589	2	2	1	0	7	46
chr13	93756819	93757901	2	2	1	0	1	33
chr13	93761997	93763754	2	2	1	1	4	45
chr13	93763874	93769743	2	2	1	4	0	32
chr13	93800330	93803081	2	2	1	1	0	36
chr13	93803274	93805762	2	2	1	1	0	33
chr13	93880936	93888727	1	1	1	2	0	37
chr13	94613637	94616234	1	1	1	1	0	6
chr13	94668575	94669426	1	1	1	1	0	26
chr13	95499029	95499344	2	2	1	1	0	33
chr13	95768693	95771971	2	2	1	1	0	5
chr13	95805026	95807736	2	2	1	1	0	15
chr13	95807946	95809492	2	2	1	1	0	20
chr13	95809563	95810192	2	2	1	1	0	9
chr13	95810265	95811821	2	2	1	1	0	11
chr13	95818832	95819417	2	2	1	1	0	10
chr13	95866059	95867787	2	2	1	1	0	4
chr13	96751369	96752964	1	1	1	1	0	24
chr13	96796733	96799536	2	2	1	1	0	5
chr13	97270227	97271801	2	2	1	0	1	44
chr13	97313098	97313304	2	2	1	1	0	11
chr13	97313410	97313563	2	2	1	1	0	26
chr13	98399985	98402658	1	1	1	1	0	3
chr13	98447546	98449599	2	2	1	0	1	36
chr13	98867485	98868584	2	2	1	1	0	19
chr13	98891764	98892075	2	6	1	1	0	14
chr13	98892134	98899339	2	2	1	1	0	20
chr13	98932876	98942813	2	2	1	2	0	34
chr13	100104442	100108286	2	2	1	1	0	18
chr13	100108352	100112916	2	2	1	1	0	9
chr13	100198015	100200866	2	2	1	1	0	37
chr13	100220704	100225860	2	2	1	1	0	38
chr13	100596929	100605422	2	2	1	1	0	15
chr13	103881438	103885266	2	2	1	1	0	3
chr13	103889211	103889532	2	2	1	2	0	14
chr13	103981496	103982011	2	2	1	1	0	12
chr13	104941525	104943144	2	2	1	1	0	30
chr13	104969506	104970755	1	1	1	1	0	38
chr13	108228158	108294976	2	2	1	1	0	38
chr13	111574659	111575637	2	2	1	1	0	45
chr13	113072132	113076906	1	1	1	1	0	33
chr13	113103167	113105668	1	1	1	1	0	34
chr13	114425403	114444352	2	2	1	4	0	40
chr13	114961231	114961746	1	1	1	2	0	42
chr13	115096671	115102133	2	2	1	1	0	23
chr13	119602987	119606226	1	3	1	1	0	33
chr14	4185423	4186256	1	1	1	1	0	8
chr14	6199289	6208962	2	2	1	1	0	25
chr14	8357238	8357376	1	1	1	3	0	34
chr14	14239615	14243944	1	1	1	1	0	46
chr14	14546319	14547026	2	2	1	1	0	7
chr14	14547099	14550415	2	2	1	1	0	13
chr14	14579044	14580511	2	2	1	1	0	9
chr14	19870075	19872633	2	2	1	1	0	38
chr14	20441529	20441960	2	2	1	3	0	29
chr14	20570748	20573647	2	2	1	1	0	16
chr14	21153942	21219867	1	1	1	1	0	11
chr14	21473658	21497881	1	1	1	1	0	41
chr14	21883021	21883868	1	1	1	1	0	6
chr14	21883919	21887811	1	1	1	1	0	36
chr14	21897496	21897681	2	2	1	1	0	21
chr14	24499291	24500762	2	2	1	1	0	10
chr14	24542185	24543450	1	1	1	26	0	43
chr14	24543562	24545497	1	1	1	1	0	20
chr14	24543562	24545842	1	1	1	24	1	46
chr14	24545518	24545842	1	1	1	2	0	20
chr14	25888951	25889319	2	2	1	2	0	8
chr14	25925332	25925945	2	2	1	1	0	8
chr14	25926006	25926221	2	2	1	1	0	24
chr14	29713713	29714917	1	1	1	1	0	5
chr14	29762160	29762239	1	1	1	1	0	35
chr14	30613830	30613909	1	1	1	1	0	10
chr14	30618120	30618514	1	1	1	1	0	19
chr14	30618728	30619482	1	1	1	1	0	32
chr14	30620054	30621276	1	1	1	1	0	23
chr14	30621446	30622841	1	1	1	1	0	19
chr14	30622997	30623091	1	1	1	2	0	36
chr14	30623189	30623591	1	1	1	18	0	45
chr14	30630770	30631354	2	2	1	11	0	36
chr14	30631467	30631657	2	2	1	3	0	21
chr14	30636765	30637297	2	2	1	2	0	11
chr14	30637438	30637588	2	2	1	1	0	39
chr14	30637775	30639188	2	2	1	1	0	45
chr14	30651597	30651746	2	2	1	4	0	29
chr14	30662943	30663438	2	2	1	2	0	39
chr14	30663602	30663880	2	2	1	1	0	18
chr14	30706435	30709068	1	1	1	1	0	40
chr14	30735753	30736009	2	2	1	1	0	34
chr14	30739125	30739232	2	2	1	1	0	19
chr14	30739371	30739764	2	2	1	2	0	14
chr14	30739824	30740885	2	2	1	2	0	19
chr14	30768381	30771994	1	1	1	1	0	14
chr14	30778238	30783425	1	1	1	1	0	38
chr14	30789922	30796727	1	1	1	2	0	33
chr14	30846567	30850589	2	2	1	1	0	21
chr14	30861161	30861253	2	2	1	3	0	31
chr14	31330001	31332058	2	2	1	16	0	45
chr14	31332246	31336160	2	2	1	1	0	46
chr14	31336269	31337319	2	2	1	1	0	35
chr14	34033300	34041838	1	1	1	1	0	32
chr14	34041920	34043724	1	1	1	2	0	44
chr14	34060841	34061883	1	1	1	0	1	4
chr14	34061976	34064075	1	1	1	1	0	36
chr14	34064139	34065560	1	1	1	1	0	37
chr14	34074035	34075654	2	2	1	4	0	18
chr14	34463103	34466765	1	1	1	1	0	33
chr14	36622803	36630973	2	2	1	1	0	6
chr14	40720942	40724392	2	2	1	1	0	16
chr14	40876575	40879101	1	1	1	1	0	16
chr14	45580979	45581103	1	1	1	1	0	25
chr14	45697481	45699223	2	2	1	1	0	18
chr14	45720024	45741953	2	2	1	2	0	43
chr14	45742188	45766881	2	2	1	1	0	6
chr14	47083790	47090835	1	1	1	1	0	33
chr14	47910528	47912206	1	1	1	1	0	3
chr14	47912324	47914141	1	1	1	1	0	8
chr14	51048028	51049232	1	1	1	1	0	7
chr14	51049284	51052326	1	1	1	1	0	18
chr14	51061748	51061961	2	2	1	1	0	19
chr14	52312873	52313069	2	2	1	1	0	40
chr14	52313184	52314859	2	2	1	2	0	37
chr14	52319361	52321571	2	2	1	0	1	25
chr14	52409608	52409904	2	2	1	1	0	23
chr14	52411589	52412698	2	2	1	2	0	36
chr14	52412827	52413816	2	2	1	1	0	30
chr14	54473171	54480155	2	2	1	3	0	32
chr14	54664696	54666040	1	1	1	1	0	31
chr14	54666106	54667038	1	1	1	1	0	19
chr14	54881282	54881397	2	2	1	3	0	43
chr14	55134730	55135473	1	1	1	5	0	46
chr14	55260664	55260792	1	1	1	4	0	24
chr14	55260851	55261445	1	1	1	5	0	41
chr14	55723676	55724549	1	1	1	1	0	38
chr14	55727380	55727441	2	2	1	2	0	19
chr14	55818596	55818757	1	1	1	2	0	43
chr14	55825023	55825110	2	2	1	17	0	45
chr14	55825198	55825496	2	2	1	1	0	40
chr14	55825552	55825689	2	2	1	1	0	41
chr14	55840882	55840988	1	1	1	1	0	36
chr14	55843362	55843549	1	1	1	1	0	29
chr14	55896935	55897444	2	2	1	1	0	4
chr14	55977463	55978183	2	2	1	1	0	10
chr14	56123449	56123948	1	1	1	1	0	5
chr14	58036055	58040790	1	1	1	1	0	12
chr14	58039074	58039378	1	1	1	2	0	37
chr14	62591087	62597911	1	1	1	1	0	30
chr14	62602751	62607920	1	1	1	1	0	14
chr14	62931124	62933147	2	2	1	1	0	33
chr14	63389953	63394007	2	2	1	2	0	22
chr14	63898376	63900033	1	1	1	1	0	12
chr14	66091627	66093872	1	1	1	1	0	19
chr14	66093977	66094142	1	1	1	1	0	32
chr14	66206138	66209180	1	1	1	1	0	13
chr14	66217330	66218302	1	1	1	2	0	23
chr14	66218479	66218756	1	1	1	23	0	45
chr14	66321869	66330313	1	5	1	1	0	37
chr14	66322210	66322379	2	2	1	2	0	43
chr14	66322439	66322744	2	2	1	5	0	41
chr14	66324517	66325748	2	2	1	3	0	34
chr14	66325783	66326954	2	2	1	2	0	34
chr14	66327030	66330247	2	2	1	2	0	36
chr14	66330360	66332186	2	2	1	1	0	14
chr14	66347725	66354159	2	2	1	1	0	45
chr14	70678896	70679791	2	2	1	1	0	22
chr14	70679836	70680390	2	2	1	1	0	26
chr14	73414575	73419898	1	1	1	1	0	23
chr14	73600584	73601981	2	2	1	2	0	43
chr14	73603968	73605738	2	2	1	1	0	19
chr14	74983158	74987084	1	3	1	6	0	43
chr14	76083834	76084133	1	1	1	1	0	4
chr14	76084240	76084683	1	1	1	5	0	37
chr14	76084801	76085538	1	1	1	41	0	45
chr14	76336059	76336499	2	2	1	3	0	20
chr14	77274412	77305299	1	1	1	1	0	5
chr14	79300130	79302293	1	1	1	1	0	45
chr14	79656727	79660836	1	1	1	2	0	43
chr14	79703790	79704712	2	2	1	2	0	26
chr14	79709966	79714242	2	2	1	1	0	11
chr14	79714373	79714481	2	2	1	1	0	27
chr14	79862463	79866291	1	1	1	6	0	46
chr14	101891542	101891643	1	1	1	1	0	6
chr14	101928084	101932594	1	1	1	1	0	15
chr14	101932654	101933337	1	1	1	3	0	40
chr14	119210226	119212543	1	1	1	6	0	40
chr14	119212677	119214121	1	1	1	5	0	35
chr14	119214271	119215438	1	1	1	5	0	45
chr14	121183631	121184130	1	1	1	1	0	43
chr14	122392912	122396060	1	1	1	2	0	29
chr14	122419194	122548655	1	1	1	1	0	30
chr14	122771872	122795126	1	1	1	1	0	19
chr15	3304359	3305048	1	1	1	1	0	9
chr15	3305262	3306638	1	1	1	1	0	43
chr15	3357169	3357455	2	2	1	11	0	41
chr15	3357625	3362828	2	2	1	1	0	34
chr15	4769383	4784722	1	1	1	1	0	27
chr15	4784862	4789282	1	1	1	1	0	45
chr15	4820675	4822166	1	1	1	2	0	35
chr15	5146167	5146768	1	1	1	1	0	4
chr15	5146905	5147100	1	1	1	51	4	43
chr15	5147186	5148048	1	1	1	75	2	43
chr15	6488509	6489005	1	1	1	2	0	21
chr15	6521021	6526431	1	1	1	2	0	27
chr15	6676144	6678334	1	1	1	1	0	21
chr15	6678402	6681284	1	1	1	1	0	4
chr15	7207076	7207384	1	1	1	1	0	34
chr15	7902735	7913761	2	2	1	1	0	27
chr15	8355258	8356482	2	2	1	2	0	43
chr15	8368557	8372958	2	2	1	4	0	43
chr15	8388751	8390399	2	2	1	1	0	11
chr15	9177845	9178348	1	1	1	1	0	28
chr15	9338831	9351185	1	1	1	1	0	28
chr15	11392436	11392872	2	2	1	1	0	27
chr15	11984384	11986541	2	2	1	1	0	45
chr15	11991168	11993874	2	2	1	1	0	38
chr15	12181027	12184044	1	1	1	1	0	43
chr15	12878914	12881708	1	1	1	1	0	30
chr15	25778274	25779668	1	1	1	1	0	23
chr15	29353114	29353307	1	1	1	0	1	43
chr15	31591202	31592430	2	2	1	6	0	44
chr15	31594393	31594479	2	2	1	1	0	41
chr15	33023932	33028192	1	1	1	1	0	36
chr15	34083560	34099629	1	1	1	2	0	44
chr15	34118257	34131309	1	1	1	2	0	41
chr15	34123913	34131309	1	1	1	2	0	42
chr15	34136974	34139886	1	1	1	2	0	7
chr15	34440751	34441377	2	2	1	19	0	45
chr15	34441509	34442780	2	2	1	0	5	39
chr15	34487943	34488719	2	2	1	1	0	32
chr15	35932244	35935430	2	2	1	33	0	46
chr15	35935560	35937300	2	2	1	1	8	42
chr15	36596344	36596806	2	2	1	9	0	41
chr15	36596900	36597207	2	2	1	3	1	39
chr15	36597339	36597700	2	2	1	2	0	30
chr15	43113634	43114875	2	2	1	7	3	43
chr15	43115011	43115600	2	2	1	1	0	8
chr15	44295905	44297294	1	1	1	1	0	26
chr15	51651435	51653388	2	2	1	1	0	15
chr15	55201919	55205076	1	1	1	1	0	45
chr15	58772920	58776582	2	2	1	1	0	20
chr15	58809315	58811123	1	1	1	17	0	45
chr15	58840763	58842825	2	2	1	1	0	5
chr15	58844410	58926866	2	2	1	1	0	38
chr15	75762910	75762997	2	2	1	6	0	44
chr15	75763106	75763195	2	2	1	5	0	35
chr15	75767441	75767580	2	2	1	8	0	34
chr15	75767776	75768091	2	2	1	2	0	46
chr15	76072826	76072907	2	2	1	1	0	38
chr15	76079013	76113557	2	2	1	1	0	38
chr15	76180982	76181120	2	2	1	2	0	11
chr15	76181219	76181316	2	2	1	2	0	40
chr15	76217818	76217994	0	0	1	1	0	6
chr15	76218059	76218938	2	2	1	1	0	40
chr15	76229778	76229854	1	1	1	2	0	23
chr15	76231386	76231458	2	2	1	3	0	35
chr15	76237213	76237337	1	1	1	1	0	18
chr15	76478485	76478563	1	1	1	1	0	36
chr15	76480108	76480208	2	2	1	1	0	15
chr15	76506551	76506670	2	2	1	1	0	43
chr15	76582284	76582502	1	1	1	1	0	11
chr15	76583549	76583619	1	1	1	3	0	26
chr15	76790172	76790320	1	1	1	21	0	46
chr15	77274216	77276954	2	2	1	3	0	38
chr15	77277060	77277606	2	2	1	1	0	19
chr15	77648624	77648704	2	2	1	1	0	40
chr15	77659481	77660002	2	2	1	1	0	39
chr15	77843323	77843711	2	2	1	9	0	33
chr15	78284231	78289438	2	2	1	2	0	33
chr15	78349509	78352625	2	2	1	2	0	45
chr15	78812250	78813832	1	1	1	1	0	3
chr15	78814005	78814197	1	1	1	2	0	25
chr15	78963255	78965786	1	1	1	1	0	41
chr15	78977618	78978400	1	1	1	3	0	35
chr15	79035608	79035788	1	1	1	3	0	25
chr15	79421747	79422759	2	2	1	1	0	5
chr15	79422933	79423018	2	2	1	1	0	11
chr15	79601975	79603228	1	1	1	1	0	7
chr15	79962096	79962187	2	2	1	30	1	45
chr15	79962269	79963890	2	2	1	0	1	5
chr15	79962308	79962531	2	2	1	7	0	31
chr15	81262000	81262116	2	2	1	1	0	23
chr15	81358130	81359286	1	1	1	2	0	27
chr15	81470924	81473661	1	1	1	1	0	39
chr15	81512939	81514201	1	1	1	1	0	25
chr15	82026197	82026257	2	2	1	1	0	16
chr15	82232242	82233043	1	1	1	5	0	21
chr15	82234573	82235179	2	2	1	18	0	44
chr15	82235296	82238281	2	2	1	1	0	14
chr15	82255927	82256022	2	2	1	0	10	23
chr15	82274386	82274581	2	2	1	0	1	12
chr15	82287298	82287397	2	2	1	15	1	30
chr15	82287298	82287919	2	2	1	1	0	5
chr15	82287501	82287919	2	2	1	1	0	33
chr15	82288108	82288303	2	2	1	0	1	12
chr15	82288446	82288628	2	2	1	1	0	6
chr15	82336842	82337798	1	1	1	1	0	46
chr15	82339452	82340534	1	1	1	1	0	46
chr15	82340161	82340534	1	1	1	6	0	33
chr15	82340657	82340955	2	2	1	2	0	27
chr15	82340677	82340776	1	1	1	9	4	40
chr15	82500414	82500513	2	2	1	0	1	19
chr15	82524468	82524548	2	2	1	1	0	32
chr15	82644286	82644385	2	2	1	2	0	35
chr15	82662311	82662410	2	2	1	0	4	22
chr15	82674495	82674542	1	3	1	1	0	17
chr15	82674557	82674656	2	2	1	4	7	46
chr15	82675676	82675858	2	2	1	1	0	16
chr15	82676831	82676908	2	2	1	1	0	4
chr15	83044623	83045021	2	2	1	1	0	29
chr15	83046158	83046432	2	2	1	1	0	26
chr15	83260469	83260936	1	1	1	0	1	46
chr15	84095380	84098326	1	1	1	6	0	45
chr15	85243847	85249477	1	1	1	1	0	32
chr15	85346669	85347121	1	1	1	1	0	18
chr15	88709494	88710589	1	1	1	1	0	29
chr15	88955922	88959301	2	2	1	1	0	31
chr15	89167282	89169981	1	1	1	1	0	4
chr15	90425514	90436176	2	2	1	1	0	12
chr15	90855992	90856827	2	2	1	1	0	46
chr15	93284168	93285457	2	2	1	4	0	43
chr15	93285741	93288931	2	2	1	1	0	17
chr15	93289040	93289334	2	2	1	3	0	35
chr15	96329727	96330204	2	2	1	1	0	41
chr15	96595919	96596062	2	2	1	1	0	13
chr15	96908247	96910780	2	2	1	1	0	33
chr15	96914125	96914641	2	2	1	1	0	33
chr15	98029589	98029795	1	1	1	1	0	15
chr15	99213451	99213603	1	1	1	2	0	38
chr15	99303647	99303741	1	1	1	1	0	38
chr15	99304559	99305148	1	1	1	1	0	15
chr15	99305225	99306355	1	1	1	6	0	43
chr15	99615530	99616032	1	1	1	1	0	43
chr15	100418597	100420269	2	2	1	1	0	14
chr15	100516052	100517248	1	1	1	1	0	22
chr15	100572599	100573204	2	2	1	1	0	44
chr15	101909076	101909851	2	2	1	1	0	42
chr15	101939955	101940275	1	1	1	11	0	45
chr15	102237253	102239707	1	1	1	1	0	14
chr15	102382715	102383009	1	1	1	1	0	17
chr15	102571564	102573488	2	2	1	0	2	36
chr15	103152208	103152385	1	1	1	1	0	24
chr15	103261389	103261569	2	2	1	1	0	35
chr16	3870799	3871344	2	2	1	1	0	32
chr16	3909824	3910053	2	2	1	2	0	15
chr16	4434498	4434676	2	2	1	4	0	38
chr16	4434743	4434989	2	2	1	4	0	36
chr16	4825753	4825835	1	1	1	1	0	4
chr16	4825919	4826069	1	1	1	3	0	43
chr16	4847418	4848048	2	2	1	1	0	20
chr16	4848106	4849750	2	2	1	1	0	15
chr16	8421397	8421552	1	1	1	1	0	40
chr16	8478968	8481450	2	2	1	1	0	11
chr16	8523049	8523949	2	2	1	1	0	22
chr16	8524005	8524462	2	2	1	1	0	15
chr16	10240770	10241104	1	1	1	1	0	10
chr16	10892864	10892955	2	2	1	1	0	30
chr16	11050577	11053229	2	2	1	1	0	7
chr16	11053308	11055394	2	2	1	1	0	7
chr16	11055429	11056735	2	2	1	2	0	35
chr16	13654480	13654906	2	2	1	1	0	37
chr16	13932218	13933588	2	2	1	1	0	16
chr16	17166630	17168625	2	2	1	1	0	11
chr16	17172098	17172734	2	2	1	1	0	21
chr16	17884721	17887287	1	1	1	1	0	14
chr16	18058058	18058757	2	2	1	1	0	22
chr16	18226791	18229432	2	2	1	1	0	42
chr16	18296608	18297607	1	1	1	2	0	17
chr16	18645857	18646385	1	1	1	1	0	29
chr16	18646468	18652985	1	1	1	1	0	14
chr16	20361045	20361388	1	1	1	1	0	30
chr16	20474454	20474630	1	1	1	1	0	4
chr16	20474692	20475292	1	1	1	1	0	27
chr16	20478853	20479092	1	1	1	1	0	4
chr16	20494580	20496435	1	1	1	1	0	41
chr16	20500990	20501408	1	1	1	1	0	11
chr16	20502405	20502561	1	1	1	5	0	31
chr16	20502667	20502771	1	1	1	1	0	8
chr16	20506026	20506130	1	1	1	1	0	40
chr16	22713186	22713544	1	1	1	2	0	42
chr16	22713630	22713943	1	1	1	2	0	26
chr16	22714044	22718064	2	4	1	1	5	35
chr16	22714108	22715257	1	1	1	3	0	45
chr16	22715360	22716877	1	1	1	4	0	40
chr16	22715360	22717916	1	1	1	0	1	3
chr16	22716962	22717546	1	1	1	2	0	19
chr16	22717945	22717978	1	1	1	1	0	13
chr16	22754491	22756596	1	1	1	1	0	9
chr16	22804696	22804751	2	2	1	1	0	44
chr16	22804819	22806994	2	2	1	4	3	27
chr16	22822790	22830746	2	2	1	1	0	10
chr16	22880443	22886444	1	1	1	2	0	41
chr16	22888076	22892107	1	1	1	4	0	35
chr16	22893556	22896023	1	1	1	2	0	44
chr16	22896132	22896233	1	1	1	9	0	45
chr16	22896321	22897723	1	1	1	14	0	44
chr16	22897802	22900227	1	1	1	48	3	45
chr16	22928010	22928734	1	1	1	1	0	20
chr16	22930647	22931100	1	1	1	1	0	19
chr16	22932858	22932936	2	2	1	2	0	23
chr16	23805498	23805803	1	1	1	2	0	40
chr16	23904080	23907003	2	2	1	1	0	32
chr16	26495745	26498852	1	1	1	2	0	38
chr16	29467830	29470571	1	1	1	1	0	30
chr16	30181568	30185652	2	2	1	1	0	35
chr16	30960616	30972523	2	2	1	2	0	36
chr16	30972578	30973390	2	2	1	1	0	27
chr16	31079487	31080047	2	2	1	1	0	14
chr16	31084231	31093663	2	2	1	1	0	41
chr16	31775248	31775756	1	1	1	1	0	25
chr16	32876881	32877505	1	1	1	1	0	19
chr16	32877549	32877759	1	1	1	1	0	30
chr16	32877913	32879048	1	1	1	26	6	46
chr16	32879194	32880467	1	1	1	1	33	45
chr16	33112257	33115010	1	1	1	1	0	6
chr16	33875486	33936591	2	2	1	1	0	44
chr16	34846313	34869089	1	1	1	3	1	19
chr16	34869109	34895975	1	1	1	3	0	10
chr16	34922495	34926684	1	1	1	3	2	27
chr16	35284793	35286900	2	2	1	1	0	29
chr16	35864462	35866748	2	2	1	1	0	5
chr16	37410142	37413715	1	1	1	1	0	26
chr16	37448966	37452037	1	1	1	1	0	45
chr16	37468082	37469375	2	2	1	10	14	46
chr16	37469523	37474541	2	2	1	0	2	24
chr16	38169692	38172987	1	1	1	7	0	42
chr16	43759527	43763866	1	1	1	2	0	8
chr16	43765094	43767031	1	3	1	1	0	3
chr16	43976910	43977436	1	1	1	2	0	31
chr16	44019385	44020976	1	1	1	2	0	32
chr16	44022130	44025360	1	1	1	1	0	14
chr16	44025444	44033002	1	1	1	1	0	17
chr16	44979535	44982768	1	1	1	2	0	22
chr16	44987393	44990228	1	1	1	1	0	41
chr16	44990300	44992008	1	1	1	1	0	6
chr16	45578571	45583272	2	2	1	1	0	10
chr16	45623203	45628488	2	2	1	1	0	38
chr16	49727176	49731231	1	1	1	1	0	8
chr16	49728442	49731231	1	1	1	1	0	7
chr16	50040957	50043612	2	2	1	1	0	39
chr16	52073600	52088744	2	2	1	1	0	9
chr16	55786986	55787422	1	1	1	4	0	41
chr16	55787534	55789872	1	1	1	0	10	46
chr16	55790010	55790474	1	1	1	34	1	46
chr16	55790539	55791673	1	1	1	10	41	45
chr16	55842493	55844586	2	2	1	0	1	18
chr16	56955143	56957060	1	1	1	1	0	23
chr16	56957171	56958392	1	1	1	1	0	15
chr16	56968194	56970182	1	1	1	1	0	29
chr16	56977530	56977846	2	2	1	2	0	45
chr16	56979880	56980429	2	2	1	1	0	39
chr16	57211556	57211889	0	0	1	4	0	39
chr16	58291091	58292673	2	2	1	1	0	45
chr16	64673389	64675913	1	1	1	1	0	5
chr16	70280837	70284915	1	1	1	1	0	27
chr16	78122212	78125841	1	1	1	2	0	45
chr16	84515273	84517157	2	2	1	2	0	43
chr16	84517206	84520725	2	2	1	2	0	25
chr16	84624884	84625312	2	2	1	38	0	43
chr16	84625438	84628216	2	2	1	6	0	31
chr16	87163169	87164352	1	1	1	1	0	18
chr16	87268731	87268968	1	1	1	4	0	43
chr16	87280954	87281691	2	2	1	8	0	20
chr16	87283240	87283320	2	2	1	1	0	9
chr16	87283409	87283482	2	2	1	1	0	24
chr16	90017818	90019667	1	3	1	1	0	6
chr16	90019765	90021243	1	1	1	2	0	11
chr16	90021314	90022032	1	1	1	7	0	39
chr16	90022151	90023037	1	1	1	85	0	45
chr16	90819634	90820225	2	2	1	1	0	28
chr16	91188767	91190644	1	1	1	1	0	21
chr16	91354967	91356864	1	1	1	1	0	5
chr16	91448685	91451498	1	1	1	13	0	44
chr16	91722280	91722428	2	2	1	29	0	44
chr16	91722516	91723346	2	2	1	1	0	37
chr16	91723871	91725786	2	2	1	1	0	15
chr16	92107858	92109749	1	1	1	1	0	37
chr16	94192969	94193970	1	1	1	1	0	6
chr16	94240209	94243329	1	1	1	3	0	43
chr16	95781312	95783301	2	2	1	1	0	4
chr17	3094326	3094929	2	2	1	0	1	27
chr17	5974957	5976346	1	1	1	1	0	26
chr17	6131150	6134746	1	1	1	1	0	12
chr17	7262074	7263832	1	1	1	0	1	5
chr17	7263908	7265296	1	1	1	0	2	12
chr17	8347719	8349056	2	2	1	0	2	12
chr17	8349132	8350874	2	2	1	0	1	5
chr17	8515789	8515969	1	1	1	1	0	24
chr17	10492993	10501767	2	2	1	2	0	12
chr17	12458958	12461536	2	2	1	1	0	16
chr17	12496999	12537384	2	2	1	1	0	22
chr17	12628001	12629772	1	1	1	1	0	44
chr17	12637670	12637852	1	1	1	2	0	31
chr17	12867972	12869755	2	2	1	18	0	45
chr17	13130637	13132656	2	2	1	3	0	37
chr17	13139754	13140989	1	1	1	1	0	29
chr17	13145420	13146224	2	2	1	1	0	42
chr17	13153890	13158760	2	2	1	0	1	5
chr17	13175288	13178881	2	2	1	0	1	5
chr17	13229524	13232319	1	1	1	1	0	35
chr17	14024397	14027538	1	1	1	1	0	4
chr17	15165447	15166460	2	2	1	4	0	45
chr17	15696468	15697576	2	2	1	4	0	42
chr17	15714786	15718414	2	2	1	1	0	40
chr17	15742292	15743064	2	2	1	1	0	29
chr17	15972761	15975182	1	1	1	1	0	6
chr17	15981670	15982643	1	1	1	1	0	14
chr17	17305910	17306151	1	1	1	0	1	36
chr17	17363125	17363366	1	1	1	0	1	36
chr17	24027148	24027327	1	1	1	8	0	38
chr17	24027493	24028942	1	1	1	1	0	44
chr17	24043954	24046441	2	2	1	9	3	41
chr17	24374904	24374974	2	2	1	1	0	28
chr17	24637587	24639179	1	1	1	1	0	8
chr17	24656585	24657922	1	1	1	1	0	17
chr17	24815741	24815828	2	2	1	1	0	21
chr17	24919760	24919849	2	2	1	2	0	21
chr17	24940277	24940596	1	1	1	22	1	42
chr17	24940689	24940776	1	1	1	66	0	45
chr17	24941195	24941354	2	2	1	17	0	45
chr17	24941435	24941643	2	2	1	1	0	31
chr17	24941495	24941628	2	2	1	1	0	3
chr17	25075730	25076489	1	1	1	2	0	29
chr17	25080389	25082650	1	1	1	4	0	18
chr17	25082731	25083166	1	1	1	7	0	30
chr17	25481466	25483739	2	2	1	0	1	8
chr17	25484203	25487514	2	2	1	0	1	32
chr17	26009753	26009906	2	2	1	1	0	18
chr17	26009958	26010319	2	2	1	1	0	20
chr17	26095097	26095193	1	1	1	1	0	31
chr17	26095714	26095923	1	1	1	9	0	43
chr17	26300286	26301187	1	1	1	1	0	21
chr17	26301236	26301849	2	2	1	1	0	34
chr17	26485368	26486188	1	1	1	1	0	12
chr17	27157151	27157391	2	2	1	1	0	5
chr17	27341815	27344120	2	2	1	2	0	37
chr17	27344191	27344857	2	2	1	1	0	46
chr17	27849481	27850173	2	2	1	14	0	41
chr17	27850230	27851252	2	2	1	13	2	37
chr17	27851331	27853045	2	2	1	2	3	44
chr17	28549672	28549803	1	1	1	10	0	45
chr17	29257599	29259748	1	1	1	1	0	19
chr17	29259788	29260180	1	1	1	1	0	34
chr17	29515664	29517615	1	1	1	2	0	6
chr17	29517740	29520329	1	1	1	6	0	43
chr17	29551331	29551472	1	3	1	2	0	23
chr17	29924298	29924462	2	2	1	1	0	40
chr17	30439119	30439318	2	2	1	1	0	9
chr17	31740667	31750083	1	1	1	3	0	44
chr17	31844108	31844464	2	2	1	1	0	42
chr17	31866222	31874005	2	2	1	0	1	27
chr17	31866330	31866976	2	2	1	3	0	21
chr17	32270824	32271712	1	1	1	1	0	11
chr17	32432701	32433604	2	2	1	1	0	29
chr17	32433815	32439134	2	2	1	1	0	44
chr17	32555003	32555080	2	2	1	1	0	32
chr17	32632449	32634779	2	2	1	3	0	37
chr17	32635078	32635851	2	2	1	1	0	16
chr17	32921012	32921099	1	1	1	1	0	12
chr17	33124653	33125022	2	2	1	1	0	5
chr17	33967565	33967840	2	2	1	1	0	28
chr17	34042091	34042166	2	2	1	11	0	42
chr17	34042091	34042170	2	2	1	5	0	38
chr17	34042305	34043272	2	2	1	2	6	33
chr17	34043321	34043407	2	2	1	2	0	15
chr17	34043655	34048640	1	1	1	1	0	3
chr17	34048791	34057072	1	1	1	11	0	44
chr17	34133037	34134316	1	1	1	1	0	35
chr17	34145681	34147113	1	1	1	1	0	19
chr17	34158086	34158512	2	2	1	5	0	45
chr17	34171093	34171194	2	2	1	92	0	44
chr17	34171287	34171376	2	2	1	24	0	46
chr17	34215223	34215397	1	1	1	2	0	26
chr17	34215478	34215589	2	2	1	1	0	11
chr17	34215629	34215800	2	2	1	1	0	33
chr17	34215834	34216011	2	2	1	1	0	9
chr17	34216132	34216258	2	2	1	1	0	17
chr17	34216535	34218244	2	2	1	1	0	33
chr17	34245200	34245369	2	2	1	8	0	43
chr17	34332807	34332905	2	2	1	2	0	25
chr17	34434445	34434887	1	1	1	1	0	3
chr17	34947602	34947738	2	2	1	8	5	39
chr17	34949964	34950049	2	2	1	1	0	23
chr17	34962636	34962735	2	2	1	1	0	10
chr17	35028316	35028452	2	2	1	0	5	39
chr17	35057884	35057962	1	1	1	1	0	14
chr17	35058582	35058666	2	2	1	1	0	8
chr17	35073775	35075063	1	1	1	1	0	33
chr17	35075517	35078012	1	1	1	1	3	25
chr17	35075559	35075855	2	2	1	45	0	44
chr17	35075906	35075979	2	2	1	6	0	42
chr17	35076296	35076467	2	2	1	1	0	6
chr17	35076545	35076643	2	2	1	2	0	30
chr17	35078550	35078911	2	2	1	1	0	10
chr17	35131786	35132615	1	1	1	1	0	20
chr17	35234896	35235162	1	1	1	2	0	21
chr17	35320582	35320803	1	1	1	1	0	43
chr17	35335402	35336671	2	2	1	1	1	31
chr17	35348112	35349055	2	2	1	39	0	45
chr17	35349155	35349383	2	2	1	10	0	45
chr17	35349483	35349814	2	2	1	1	0	9
chr17	35365880	35366116	1	1	1	1	0	13
chr17	35472331	35472448	1	1	1	2	0	46
chr17	35563831	35601933	2	2	1	0	1	27
chr17	35784256	35784382	1	1	1	4	0	22
chr17	35784487	35784664	1	1	1	3	0	33
chr17	35784698	35785037	1	1	1	3	0	33
chr17	36274129	36274212	2	2	1	6	0	43
chr17	36274285	36274460	2	2	1	1	0	9
chr17	36274572	36274649	2	2	1	2	0	21
chr17	36274688	36274808	2	2	1	2	0	38
chr17	36274939	36275145	2	2	1	1	0	41
chr17	36341124	36341262	2	2	1	2	0	23
chr17	36566691	36566835	2	2	1	1	0	21
chr17	39967414	40012056	1	1	1	1	0	20
chr17	40156282	40156593	2	4	1	1	0	20
chr17	40157728	40157870	1	3	1	37	5	32
chr17	41269761	41271458	1	1	1	1	0	42
chr17	43119735	43126835	2	2	1	0	2	44
chr17	45359280	45430029	1	1	1	2	0	18
chr17	45878874	45880176	1	1	1	1	0	30
chr17	45879051	45879154	2	2	1	1	0	41
chr17	45879489	45879783	2	2	1	1	0	24
chr17	45880053	45880165	2	2	1	1	0	42
chr17	45880753	45881183	2	2	1	3	0	38
chr17	45881493	45881591	2	2	1	33	0	46
chr17	45881726	45881943	2	2	1	6	0	45
chr17	45882104	45882338	2	2	1	1	0	24
chr17	46946729	46946901	2	2	1	1	0	17
chr17	46946955	46947118	2	2	1	1	0	22
chr17	46960035	46960809	1	1	1	1	0	13
chr17	47036898	47036986	2	2	1	6	0	39
chr17	47037109	47037194	2	2	1	2	0	33
chr17	47037338	47037531	2	2	1	1	0	17
chr17	47086663	47088977	2	2	1	1	0	39
chr17	47572297	47616086	1	1	1	1	0	38
chr17	47744349	47747531	2	2	1	2	0	20
chr17	47912824	47913316	2	2	1	1	0	33
chr17	53955912	53960049	1	1	1	1	0	26
chr17	53967201	53970562	1	1	1	1	0	46
chr17	56322561	56322903	1	1	1	1	0	4
chr17	56322997	56323515	1	1	1	6	0	42
chr17	56375684	56375959	2	2	1	4	0	41
chr17	56376315	56376393	2	2	1	1	0	10
chr17	56419542	56419869	2	2	1	1	0	38
chr17	56914842	56915637	2	2	1	2	0	42
chr17	56916024	56916639	2	2	1	1	0	31
chr17	56920681	56920906	1	1	1	2	0	22
chr17	56921042	56921123	1	1	1	35	0	46
chr17	56921564	56921635	2	2	1	2	0	35
chr17	56922416	56922503	2	2	1	1	0	25
chr17	57028128	57028318	1	1	1	1	0	7
chr17	57028128	57028358	1	1	1	1	0	35
chr17	57028442	57028984	1	1	1	8	0	45
chr17	57199938	57200235	1	3	1	1	0	24
chr17	57305563	57305670	1	1	1	1	0	5
chr17	57305796	57305929	1	1	1	1	0	31
chr17	57511155	57511250	2	2	1	145	0	45
chr17	57511387	57511466	2	2	1	8	0	45
chr17	57511551	57512296	2	2	1	1	0	23
chr17	57512381	57512655	2	2	1	2	0	22
chr17	57512746	57513189	2	2	1	2	0	33
chr17	57513296	57514333	2	2	1	2	0	40
chr17	57514620	57516238	2	2	1	2	0	45
chr17	57516291	57516410	2	2	1	1	0	19
chr17	57516502	57516588	2	2	1	1	0	31
chr17	57517324	57518571	2	4	1	5	0	42
chr17	57519762	57520765	2	2	1	2	0	36
chr17	57520865	57521675	2	2	1	1	0	14
chr17	57524172	57524265	2	2	1	1	0	29
chr17	57527203	57527972	2	2	1	3	0	26
chr17	57529019	57529195	2	2	1	2	0	30
chr17	57529996	57530120	2	2	1	2	0	38
chr17	64214450	64218459	1	1	1	1	0	28
chr17	64986862	64988549	1	1	1	2	0	24
chr17	65017865	65019246	1	1	1	1	0	5
chr17	66171728	66174526	2	2	1	4	0	46
chr17	66349597	66356780	2	2	1	1	0	18
chr17	66386583	66387805	2	2	1	14	0	44
chr17	66387883	66390392	2	2	1	4	0	32
chr17	66390503	66394397	2	2	1	1	0	11
chr17	71959890	71960447	1	1	1	1	0	36
chr17	74959047	74959611	1	1	1	2	0	36
chr17	79144350	79145259	1	1	1	1	0	15
chr17	79145332	79146415	1	1	1	1	0	5
chr17	79146643	79147506	1	1	1	1	0	35
chr17	79177965	79178082	2	2	1	1	0	39
chr17	79228060	79228150	2	2	1	1	0	46
chr17	79229151	79229558	2	2	1	1	0	44
chr17	79320971	79328113	2	2	1	1	0	14
chr17	80157708	80159953	2	2	1	2	0	6
chr17	80168589	80168857	2	2	1	1	0	21
chr17	80168909	80172131	2	2	1	1	0	20
chr17	80730668	80731558	2	2	1	2	0	20
chr17	83029988	83030254	1	1	1	0	1	43
chr17	84139339	84139755	2	4	1	2	0	5
chr17	84972306	84976369	2	2	1	1	0	36
chr17	84981084	84983448	2	2	1	1	0	23
chr17	85012901	85013326	2	2	1	1	0	42
chr17	85312452	85312936	1	1	1	2	0	22
chr17	87125890	87131107	1	1	1	1	0	13
chr17	88301276	88303463	2	2	1	1	0	38
chr17	88307056	88308199	2	2	1	1	0	18
chr18	4808418	4809883	1	1	1	1	0	18
chr18	5037166	5040147	1	1	1	1	0	20
chr18	5040240	5046588	1	1	1	1	0	12
chr18	9962492	9963262	1	1	1	1	0	14
chr18	9963312	9963822	1	1	1	1	0	29
chr18	10080540	10083121	2	2	1	2	0	35
chr18	10083211	10084317	2	2	1	1	0	35
chr18	10090979	10092128	2	2	1	1	0	7
chr18	10093978	10095412	2	2	1	1	0	20
chr18	10097644	10099256	2	2	1	2	0	46
chr18	10099408	10100921	2	2	1	1	0	42
chr18	10102357	10117209	1	1	1	0	1	39
chr18	10119946	10122608	2	2	1	1	0	9
chr18	10775727	10778148	1	1	1	1	0	26
chr18	10808135	10811984	1	1	1	1	0	30
chr18	12777101	12817893	1	1	1	3	0	17
chr18	12817943	12820008	1	1	1	3	0	27
chr18	12822945	12828292	1	1	1	1	0	9
chr18	12861787	12863050	1	1	1	1	0	44
chr18	12889365	12890664	2	2	1	1	0	27
chr18	12896056	12896538	2	2	1	1	0	4
chr18	20798565	20799512	1	1	1	4	0	39
chr18	20799558	20806768	0	0	1	4	0	36
chr18	20799644	20803035	1	1	1	4	0	43
chr18	20803172	20806687	1	1	1	106	0	44
chr18	24833015	24834442	1	1	1	11	0	42
chr18	30477130	30480775	1	1	1	1	0	13
chr18	32019848	32020749	1	1	1	2	0	29
chr18	32213631	32216318	1	1	1	1	0	18
chr18	32260592	32266199	2	2	1	1	0	23
chr18	32296604	32324953	1	1	1	1	0	32
chr18	32325024	32329892	1	1	1	1	0	46
chr18	32546244	32547235	1	1	1	1	0	20
chr18	32997894	32998905	1	1	1	1	0	8
chr18	34438697	34439315	1	1	1	1	0	37
chr18	34480222	34482687	2	2	1	2	0	14
chr18	34482857	34490144	2	2	1	1	0	40
chr18	35014414	35027573	2	2	1	0	1	46
chr18	35071447	35071636	2	2	1	1	0	10
chr18	35071778	35071985	2	2	1	4	0	28
chr18	35072079	35072395	2	2	1	3	0	33
chr18	35355199	35356475	1	1	1	2	0	37
chr18	35933269	35934326	1	1	1	0	1	16
chr18	35992510	35993702	1	1	1	1	0	9
chr18	36584300	36587505	2	2	1	1	0	5
chr18	36727376	36727854	1	1	1	1	0	22
chr18	36773414	36774629	1	1	1	2	0	36
chr18	36774747	36775978	1	1	1	1	0	45
chr18	36776148	36777313	1	1	1	2	0	40
chr18	36800953	36801704	2	2	1	1	0	12
chr18	36875712	36877233	2	2	1	9	0	26
chr18	36890372	36890459	1	1	1	1	0	35
chr18	36929164	36929551	1	1	1	2	0	34
chr18	38026468	38027146	2	2	1	1	0	44
chr18	38027263	38028234	2	2	1	1	0	13
chr18	38593704	38597329	1	1	1	3	0	39
chr18	39557553	39561669	2	2	1	1	0	37
chr18	42408658	42421172	1	1	1	1	0	9
chr18	42421292	42425047	1	1	1	1	0	32
chr18	42425173	42431497	1	1	1	1	0	6
chr18	42460304	42460418	1	1	1	1	0	18
chr18	42685693	42686472	1	1	1	1	0	35
chr18	42694118	42697147	1	1	1	1	0	8
chr18	46459149	46460249	2	2	1	0	1	35
chr18	46901127	46912254	1	1	1	1	0	35
chr18	50315086	50316225	1	1	1	1	0	18
chr18	53351433	53353443	1	1	1	1	0	30
chr18	56660080	56661348	2	2	1	3	0	14
chr18	56661425	56664561	2	2	1	2	0	26
chr18	56695277	56695554	2	2	1	1	0	29
chr18	56709121	56713251	1	1	1	1	0	13
chr18	58065678	58068022	1	1	1	1	0	30
chr18	58068071	58069379	1	3	1	1	0	14
chr18	60345242	60345627	1	1	1	1	0	42
chr18	60694377	60696837	1	1	1	1	0	9
chr18	60696868	60697434	1	1	1	1	0	30
chr18	60910164	60910884	1	1	1	67	0	45
chr18	60910962	60911502	1	1	1	78	0	45
chr18	61701462	61702534	1	1	1	1	0	15
chr18	61708621	61709577	1	1	1	1	0	45
chr18	63119549	63120024	1	1	1	1	0	11
chr18	63120096	63124871	1	1	1	1	0	10
chr18	63797404	63804652	2	2	1	2	0	42
chr18	64638450	64640842	2	2	1	1	0	10
chr18	64644949	64645054	2	2	1	8	0	34
chr18	64645121	64648396	2	2	1	4	0	25
chr18	64648477	64649486	2	2	1	1	0	24
chr18	65942626	65945735	1	1	1	1	0	22
chr18	65949950	65950530	1	1	1	1	0	38
chr18	66116959	66117223	2	2	1	1	0	11
chr18	66126709	66127855	2	2	1	5	0	46
chr18	66127980	66129752	2	2	1	6	0	46
chr18	66131554	66131636	2	2	1	1	0	43
chr18	67782017	67786222	1	1	1	1	0	4
chr18	67808957	67810779	2	2	1	1	0	39
chr18	67908191	67912274	1	1	1	1	0	41
chr18	68446918	68447058	1	1	1	1	0	33
chr18	68447224	68451064	1	1	1	1	0	42
chr18	69815895	69816147	1	1	1	1	0	12
chr18	75134462	75134736	1	1	1	2	0	25
chr18	75134872	75135094	1	1	1	2	0	28
chr18	75135194	75135731	1	1	1	28	0	42
chr18	75135924	75136264	1	1	1	141	0	46
chr18	77027366	77028208	1	1	1	5	0	34
chr18	77038920	77042673	1	3	1	1	0	24
chr18	77866599	77866778	1	1	1	2	0	34
chr18	77867679	77867778	1	1	1	1	0	44
chr18	77869650	77870000	1	1	1	14	0	43
chr18	80961094	80977038	2	2	1	1	0	5
chr18	84889759	84891264	1	1	1	2	0	30
chr18	84891295	84895951	1	1	1	3	0	30
chr18	84895987	84897627	1	1	1	3	0	35
chr18	87774742	87776094	2	2	1	0	1	40
chr19	3337039	3337702	1	1	1	1	0	46
chr19	3959075	3959152	2	2	1	3	0	22
chr19	4057666	4057769	2	2	1	16	0	45
chr19	4085662	4085823	2	2	1	0	34	39
chr19	4085932	4086687	2	2	1	6	3	43
chr19	4086792	4087103	2	2	1	2	0	46
chr19	4090540	4090707	2	2	1	0	34	39
chr19	4090816	4090981	2	2	1	0	3	4
chr19	4107996	4108085	2	2	1	1	0	37
chr19	4113800	4114651	2	2	1	0	1	15
chr19	4207789	4207877	2	2	1	1	0	3
chr19	4798226	4798621	1	1	1	1	0	19
chr19	4798707	4798965	1	1	1	1	0	43
chr19	4875693	4875797	2	2	1	1	0	22
chr19	5142251	5142329	1	1	1	2	0	26
chr19	5336977	5337096	2	2	1	2	0	11
chr19	5338442	5341332	2	2	1	1	0	38
chr19	5430164	5430247	2	2	1	2	0	12
chr19	5473004	5473358	2	2	1	1	0	38
chr19	5473054	5473358	2	2	1	3	0	46
chr19	5543260	5543408	1	1	1	2	0	31
chr19	5652403	5652477	1	1	1	2	0	39
chr19	5652598	5652851	1	1	1	5	0	39
chr19	6108603	6109173	1	1	1	6	0	18
chr19	6109230	6109378	1	1	1	26	0	45
chr19	6453117	6453461	1	1	1	1	0	36
chr19	6884320	6884433	2	2	1	1	0	27
chr19	6884496	6884609	2	2	1	1	0	22
chr19	6884649	6884909	2	2	1	2	0	39
chr19	6885042	6885349	2	2	1	1	0	22
chr19	6885485	6886826	2	2	1	1	0	5
chr19	6928199	6928766	1	1	1	1	0	25
chr19	6955303	6955378	2	2	1	12	0	36
chr19	6955415	6955757	2	2	1	3	0	36
chr19	6970571	6970800	2	2	1	1	0	24
chr19	6976137	6976259	1	1	1	2	0	18
chr19	7162971	7173778	1	1	1	1	0	8
chr19	7175102	7175277	1	1	1	2	0	25
chr19	8313186	8314086	2	2	1	1	0	5
chr19	8347569	8363755	2	2	1	2	0	15
chr19	8825526	8825827	1	1	1	2	0	17
chr19	8849277	8849371	1	1	1	1	0	39
chr19	8852717	8852885	1	1	1	8	0	34
chr19	8892869	8892988	1	1	1	1	0	5
chr19	8947352	8949870	1	1	1	0	1	8
chr19	8955074	8955307	1	1	1	2	0	7
chr19	9962050	9962144	1	1	1	7	0	34
chr19	10025464	10037593	2	2	1	1	0	22
chr19	10041679	10042049	2	2	1	1	0	22
chr19	10066470	10069104	2	2	1	1	0	10
chr19	10183898	10184527	1	1	1	2	0	33
chr19	10184665	10185080	1	1	1	13	0	38
chr19	10604600	10604852	1	1	1	1	0	38
chr19	11457764	11458569	1	1	1	1	0	14
chr19	11971011	11971270	2	2	1	1	0	30
chr19	12627793	12628592	1	1	1	1	0	34
chr19	12754359	12755305	2	2	1	1	0	9
chr19	12756025	12756256	2	2	1	2	0	30
chr19	16737401	16739512	2	2	1	1	0	33
chr19	16743905	16758033	2	2	1	1	0	41
chr19	20606521	20608029	1	1	1	1	0	23
chr19	20614190	20617427	1	1	1	1	0	20
chr19	20617503	20620257	1	1	1	2	0	23
chr19	20685699	20686761	2	2	1	2	0	21
chr19	23686332	23695176	1	1	1	1	0	38
chr19	24239418	24244665	2	2	1	1	0	34
chr19	25070389	25073612	2	2	1	1	0	9
chr19	26629123	26631740	1	1	1	2	0	20
chr19	26698348	26729223	1	1	1	4	0	29
chr19	27373783	27376281	2	2	1	2	0	11
chr19	31888637	31895283	1	1	1	1	0	43
chr19	31895523	31898221	1	1	1	2	0	44
chr19	32616438	32616617	1	1	1	1	0	44
chr19	34477569	34478902	2	2	1	1	0	25
chr19	36926583	36928433	1	1	1	2	0	45
chr19	37194713	37197701	1	1	1	1	0	40
chr19	37248237	37248903	2	2	1	3	0	36
chr19	38105358	38105481	2	2	1	2	0	34
chr19	38105358	38106719	2	2	1	35	0	45
chr19	38106933	38112476	2	2	1	2	0	42
chr19	38112584	38112743	2	2	1	2	0	27
chr19	38112881	38112966	2	2	1	4	0	35
chr19	38193258	38195710	2	2	1	1	0	33
chr19	38195757	38201808	2	2	1	1	0	10
chr19	38202906	38204278	2	2	1	1	0	3
chr19	38204356	38207905	2	2	1	1	0	12
chr19	38884514	38887312	1	1	1	1	0	17
chr19	39275730	39279172	1	1	1	2	0	31
chr19	39279336	39279500	1	1	1	1	0	23
chr19	39279651	39296051	1	1	1	9	0	39
chr19	39296213	39298098	1	1	1	9	0	44
chr19	39313538	39317547	1	1	1	2	0	22
chr19	39317690	39318695	1	1	1	4	0	25
chr19	39597706	39604063	2	2	1	0	2	41
chr19	39627187	39628300	2	2	1	1	2	37
chr19	39677698	39687704	2	2	1	2	1	25
chr19	39755935	39762267	2	2	1	0	2	41
chr19	39762410	39766357	2	2	1	0	1	9
chr19	39791101	39792213	2	2	1	0	2	37
chr19	39831521	39837789	2	2	1	0	1	41
chr19	39837932	39839472	2	2	1	0	1	9
chr19	39864835	39865949	2	2	1	0	2	37
chr19	39984333	39988861	1	1	1	1	0	21
chr19	40034708	40035947	2	2	1	1	0	10
chr19	40060051	40060498	2	2	1	0	1	7
chr19	40079140	40079388	1	1	1	0	1	7
chr19	40079550	40080647	1	1	1	1	0	40
chr19	40080825	40085160	1	1	1	1	0	15
chr19	40153946	40155906	2	2	1	2	0	40
chr19	40156068	40168804	2	2	1	2	0	13
chr19	40168955	40172309	2	2	1	1	0	7
chr19	40172473	40175538	2	2	1	2	0	32
chr19	40341010	40351645	2	2	1	2	0	42
chr19	41233961	41235081	2	2	1	1	0	26
chr19	43787585	43788975	1	1	1	1	0	19
chr19	43945076	43948424	2	2	1	1	0	40
chr19	44072918	44075346	2	2	1	1	0	21
chr19	44088659	44090175	2	2	1	1	0	15
chr19	44390338	44391603	2	2	1	2	0	40
chr19	44395200	44395824	2	2	1	1	0	42
chr19	44538852	44541136	2	2	1	29	0	43
chr19	45756447	45758489	2	2	1	1	0	44
chr19	46689235	46689953	1	1	1	1	0	15
chr19	47072009	47074393	2	2	1	3	23	44
chr19	47074487	47074572	2	2	1	5	0	45
chr19	53611116	53611482	1	1	1	1	0	42
chr19	53897846	53899358	1	1	1	2	0	45
chr19	53910563	53914636	1	1	1	1	0	35
chr19	53917624	53918147	1	1	1	1	0	14
chr19	55280322	55282018	1	1	1	1	0	11
chr19	55282163	55282633	1	1	1	1	0	29
chr19	55283955	55284797	1	1	1	3	0	28
chr19	55293010	55297335	2	2	1	1	0	13
chr19	55297390	55298174	2	2	1	1	0	25
chr19	56306305	56307902	1	1	1	1	0	13
chr19	56540344	56558847	1	1	1	1	0	40
chr19	56564717	56576601	1	1	1	1	0	6
chr19	56787255	56788495	2	2	1	2	0	39
chr19	59030389	59039265	2	2	1	1	0	34
chr19	60209010	60209485	2	2	1	1	0	43
chr19	60752672	60754771	2	2	1	1	0	40
chr19	60757331	60758303	2	2	1	2	0	13
chr19	60759576	60760081	2	2	1	1	0	23
chrX	7543442	7546138	2	2	1	1	0	12
chrX	7666581	7666774	1	1	1	1	0	6
chrX	7669640	7670598	1	1	1	1	0	12
chrX	9320016	9321372	2	2	1	1	0	39
chrX	10175300	10178631	1	1	1	2	0	36
chrX	10178770	10186081	1	1	1	5	0	31
chrX	13153623	13153702	1	1	1	1	0	11
chrX	16577550	16578804	2	2	1	1	0	21
chrX	20426371	20427673	1	1	1	5	0	37
chrX	20481782	20481952	2	2	1	6	0	45
chrX	20548244	20548347	1	1	1	1	0	43
chrX	20818263	20818446	2	2	1	1	0	30
chrX	20818511	20825596	2	2	1	0	1	30
chrX	35862268	35865773	1	1	1	1	0	30
chrX	36346403	36347637	2	2	1	7	0	43
chrX	36347742	36348777	2	2	1	0	1	12
chrX	36451395	36453526	2	2	1	24	0	44
chrX	36453617	36454641	2	2	1	12	1	46
chrX	37636843	37637305	2	2	1	1	0	10
chrX	37699144	37700631	1	1	1	1	0	34
chrX	40895440	40895521	2	2	1	1	0	17
chrX	40901372	40902826	2	2	1	1	0	32
chrX	40903506	40911244	2	2	1	2	0	5
chrX	40911348	40911569	2	2	1	2	0	36
chrX	41323635	41325165	1	1	1	1	0	40
chrX	41360200	41364139	1	1	1	1	0	31
chrX	47362854	47363677	1	1	1	1	0	17
chrX	49697485	49697563	2	2	1	1	0	32
chrX	59315358	59321967	2	2	1	2	0	45
chrX	59325464	59326016	2	2	1	2	0	38
chrX	59326169	59326927	2	2	1	3	0	42
chrX	59355166	59366793	2	2	1	1	0	8
chrX	67741571	67743665	1	1	1	1	0	24
chrX	67847300	67848031	1	1	1	1	0	22
chrX	72750751	72756050	2	2	1	1	0	8
chrX	72830913	72832440	1	1	1	1	0	6
chrX	72833727	72833964	1	1	1	2	0	26
chrX	72834031	72834259	1	1	1	11	0	45
chrX	73316441	73316520	1	1	1	24	0	38
chrX	73359179	73361035	1	1	1	1	0	26
chrX	73362868	73362997	1	1	1	1	0	36
chrX	73363109	73363565	1	1	1	1	0	28
chrX	73411193	73411306	2	2	1	1	0	34
chrX	74149988	74150777	1	1	1	1	0	18
chrX	74154450	74155532	2	2	1	1	0	7
chrX	74155608	74155804	2	2	1	1	0	10
chrX	74360266	74366534	2	2	1	1	0	23
chrX	74430859	74434389	1	1	1	1	0	17
chrX	74479801	74481541	1	1	1	3	0	5
chrX	84805014	84820031	2	2	1	1	0	25
chrX	93441809	93456065	1	1	1	0	1	25
chrX	93579284	93579465	2	2	1	6	0	43
chrX	100340607	100340792	1	1	1	1	0	12
chrX	100429062	100429093	2	2	1	1	0	40
chrX	100639063	100639693	1	1	1	1	0	44
chrX	101170743	101171098	1	1	1	2	0	37
chrX	101228738	101229108	2	2	1	32	0	45
chrX	101229267	101230001	2	2	1	1	0	19
chrX	103389340	103390673	1	3	1	1	0	32
chrX	104889281	104889400	2	2	1	1	0	31
chrX	104934579	104943486	2	2	1	1	0	35
chrX	105015086	105017790	2	2	1	1	0	27
chrX	105063310	105065351	1	1	1	3	0	25
chrX	105235664	105237961	1	1	1	0	1	3
chrX	105246542	105246844	1	1	1	1	0	19
chrX	107812658	107813344	2	2	1	1	0	17
chrX	133486933	133487259	1	1	1	14	2	33
chrX	133487328	133488199	1	1	1	51	0	45
chrX	133488323	133488685	1	1	1	40	0	46
chrX	137992501	137994010	1	1	1	1	0	37
chrX	139374688	139375917	1	1	1	1	0	34
chrX	149335341	149335954	1	1	1	1	0	27
chrX	150673068	150673725	1	1	1	1	0	16
chrX	150687499	150688351	1	1	1	1	0	9
chrX	150688428	150689260	1	1	1	1	0	7
chrX	150689360	150689946	1	1	1	2	0	38
chrX	150692946	150693096	1	1	1	1	0	21
chrX	150787807	150787914	2	2	1	1	0	19
chrX	150809438	150809527	1	1	1	3	0	32
chrX	150820694	150824322	1	1	1	1	0	8
chrX	151194816	151195265	1	1	1	0	1	46
chrX	154107025	154109590	2	2	1	5	0	37
chrX	154109626	154111441	2	2	1	3	0	35
chrX	154111573	154113298	2	2	1	1	0	9
chrX	158165776	158168403	1	1	1	2	0	41
chrX	158912498	158913104	2	2	1	1	0	3
chrX	161224117	161254790	2	2	1	1	0	22
chrX	161567411	161569612	2	2	1	1	0	23
chrX	162739550	162740911	2	2	1	1	0	30
chrX	168794060	168801669	1	1	1	0	1	24
chrY	1131224	1134871	2	2	1	1	0	41
chrY	90797249	90804564	1	1	1	0	1	24
chrY	90804687	90827617	1	1	1	8	0	42
chrY	90815042	90822563	1	1	1	1	0	23
chrM	5922	9273	2	2	1	1	0	19
chrM	6854	6890	2	2	1	0	2	20
chrM	15138	15168	2	2	1	60	1	24
JH584304.1	52368	53535	2	2	1	1	0	34
JH584304.1	58836	59591	2	2	1	5	0	45
MU069435.1	1231	1636	1	1	1	1	0	15
