chr1	4844740	4847747	2	2	1	1	0	36
chr1	4928200	4937692	1	1	1	1	0	13
chr1	4937756	4948249	1	1	1	2	0	37
chr1	4948356	4956966	1	1	1	0	1	27
chr1	5214075	5220170	1	1	1	1	0	45
chr1	6320392	6331153	1	1	1	1	0	7
chr1	6987220	6993623	0	0	1	1	0	12
chr1	7233596	7239738	1	1	1	3	0	26
chr1	7249212	7249860	0	0	1	0	3	40
chr1	8886343	8886443	1	1	1	1	0	45
chr1	10012381	10012547	2	2	1	1	0	13
chr1	10012617	10012834	2	2	1	1	0	10
chr1	10095289	10097327	2	2	1	4	0	30
chr1	10130073	10134557	1	1	1	1	0	9
chr1	10178707	10182617	1	1	1	4	0	44
chr1	10182768	10183100	1	1	1	1	0	5
chr1	10243578	10244291	2	2	1	1	0	4
chr1	10244421	10250050	2	2	1	1	0	32
chr1	10251267	10253887	2	2	1	6	0	44
chr1	10259184	10259451	2	2	1	1	0	6
chr1	13291704	13294832	2	2	1	1	0	22
chr1	13636621	13639694	2	2	1	1	0	31
chr1	13646677	13648323	2	2	1	2	0	33
chr1	13648383	13649673	2	2	1	1	0	9
chr1	13697129	13697579	2	2	1	8	0	44
chr1	13700438	13708454	2	2	1	1	0	6
chr1	15886197	15889157	1	1	1	1	0	40
chr1	16171584	16171950	2	2	1	54	1	46
chr1	16172161	16172713	2	2	1	6	0	42
chr1	16172824	16172915	2	2	1	2	0	38
chr1	16713703	16715909	2	2	1	7	0	40
chr1	16771148	16776396	1	1	1	1	0	35
chr1	16776450	16779662	1	1	1	1	0	4
chr1	21310884	21319974	1	1	1	1	0	20
chr1	21329205	21330271	1	1	1	4	0	46
chr1	21330414	21333016	1	1	1	2	0	15
chr1	21333149	21335066	1	1	1	4	0	41
chr1	23915531	23916789	2	2	1	4	0	32
chr1	23916876	23930940	2	2	1	10	0	43
chr1	23931075	23961118	2	2	1	1	0	5
chr1	24654768	24654808	0	0	0	0	6	45
chr1	30859909	30860211	2	2	1	1	0	11
chr1	30860396	30863290	2	2	1	2	2	39
chr1	30984112	30985118	2	2	1	0	1	5
chr1	33844501	33852807	2	2	1	2	0	20
chr1	34281862	34283424	1	1	1	1	0	6
chr1	34330998	34332400	1	1	1	1	0	31
chr1	34512050	34512415	1	1	1	1	0	11
chr1	34512491	34512659	1	1	1	1	0	6
chr1	36731366	36731531	1	1	1	8	0	37
chr1	36731632	36732277	1	1	1	25	0	45
chr1	36854603	36854967	2	2	1	1	0	30
chr1	37099581	37102514	1	1	1	1	0	16
chr1	37471753	37476242	1	1	1	1	0	23
chr1	37921780	37924295	2	2	1	1	0	5
chr1	37924398	37929240	2	2	1	1	0	21
chr1	37936916	37937141	1	1	1	1	0	19
chr1	38026861	38029283	2	2	1	1	1	45
chr1	38037406	38056886	1	1	1	3	0	36
chr1	38057013	38057105	1	1	1	1	0	13
chr1	38057191	38057945	1	1	1	1	0	7
chr1	38058616	38060674	1	1	1	2	0	26
chr1	38060893	38061244	1	1	1	2	0	43
chr1	38071457	38072148	1	1	1	3	0	43
chr1	38084588	38084728	1	1	1	3	0	37
chr1	38084891	38085692	1	1	1	1	0	39
chr1	38088175	38088256	1	1	1	1	0	44
chr1	39407337	39409094	1	1	1	0	2	29
chr1	39409221	39410034	1	1	1	27	2	45
chr1	39410148	39410382	1	1	1	70	2	45
chr1	40351675	40352134	1	1	1	1	0	14
chr1	42942625	42944564	1	1	1	1	0	26
chr1	43796193	43799680	2	2	1	2	0	27
chr1	43799725	43804049	2	2	1	2	0	21
chr1	44014683	44016366	1	1	1	1	0	12
chr1	44022753	44024575	1	1	1	1	0	39
chr1	44022753	44029670	1	1	1	2	0	29
chr1	44024615	44029670	1	1	1	1	0	14
chr1	44041710	44041893	2	6	1	1	0	36
chr1	44146265	44146924	2	2	1	2	0	17
chr1	44217535	44218306	1	5	1	1	0	36
chr1	51512241	51513692	2	2	1	1	0	21
chr1	51797168	51799453	2	2	1	1	0	4
chr1	51803124	51805980	2	2	1	3	0	45
chr1	51806068	51808162	2	2	1	4	0	37
chr1	51810014	51812391	2	2	1	1	0	43
chr1	51836695	51838690	2	2	1	8	0	43
chr1	51838795	51840342	2	2	1	2	0	20
chr1	52174841	52176037	1	1	1	1	0	16
chr1	52190492	52191391	1	1	1	1	0	35
chr1	52942093	52943800	1	1	1	1	0	18
chr1	52943860	52944529	1	1	1	1	0	15
chr1	53231420	53234086	2	2	1	2	0	28
chr1	53362430	53365162	1	1	1	5	0	41
chr1	53390093	53391688	2	2	1	1	0	43
chr1	55027315	55029461	2	4	1	1	0	22
chr1	55036354	55037196	2	2	1	1	0	46
chr1	55042365	55042451	2	2	1	5	0	22
chr1	55042650	55044960	2	2	1	2	0	34
chr1	55117600	55117687	2	2	1	1	0	22
chr1	55119507	55120231	2	2	1	12	0	45
chr1	55120332	55120818	2	2	1	1	0	30
chr1	55120988	55121216	2	2	1	1	0	35
chr1	55122322	55122883	2	2	1	1	0	8
chr1	55123945	55125924	2	2	1	2	0	40
chr1	55127572	55128209	1	1	1	1	0	36
chr1	55128375	55129871	1	1	1	0	6	42
chr1	55129962	55130228	1	1	1	24	0	36
chr1	57451009	57452398	1	1	1	0	1	3
chr1	57452547	57454814	1	1	1	1	0	41
chr1	58108006	58109199	1	1	1	2	0	41
chr1	58112434	58115222	1	1	1	1	0	23
chr1	58157854	58158639	1	1	1	1	0	8
chr1	58158749	58160136	1	1	1	1	0	13
chr1	58160264	58164176	1	1	1	9	0	44
chr1	58164239	58166785	1	1	1	16	0	37
chr1	58166867	58177374	1	1	1	1	0	11
chr1	58198179	58198795	1	1	1	1	0	45
chr1	58198919	58202507	1	1	1	1	0	36
chr1	58202605	58204995	1	1	1	1	0	25
chr1	58209025	58209815	1	1	1	2	0	17
chr1	58211093	58211279	1	1	1	3	0	31
chr1	58222740	58225435	1	1	1	1	0	23
chr1	58233953	58239328	1	1	1	6	0	36
chr1	58432376	58433360	1	1	1	1	0	29
chr1	58440002	58440272	1	1	1	1	0	6
chr1	58440383	58440499	1	1	1	3	0	41
chr1	58440671	58442045	1	1	1	1	0	9
chr1	58442913	58443390	1	1	1	1	0	17
chr1	58443514	58444193	1	1	1	1	0	41
chr1	58459371	58460241	2	2	1	1	0	29
chr1	58473609	58477502	2	2	1	4	0	32
chr1	58858480	58858687	2	4	1	1	0	15
chr1	58872934	58883502	1	1	1	1	0	18
chr1	59219820	59222322	2	2	1	1	0	28
chr1	59224438	59224555	2	2	1	1	0	39
chr1	59724386	59729644	1	1	1	1	0	44
chr1	59745927	59746161	1	1	1	2	0	11
chr1	59746224	59748161	1	1	1	2	0	27
chr1	59748296	59749653	1	1	1	2	0	43
chr1	59749812	59750429	1	1	1	2	0	6
chr1	60119751	60121195	2	2	1	2	0	8
chr1	60124916	60126204	2	2	1	2	0	19
chr1	60126360	60127199	2	2	1	1	0	34
chr1	60234336	60239263	1	1	1	4	0	38
chr1	60240151	60245492	1	1	1	3	0	16
chr1	60323283	60326469	1	1	1	1	0	26
chr1	60326601	60329073	1	1	1	1	0	29
chr1	60332124	60335037	1	1	1	1	0	18
chr1	60393816	60402348	1	1	1	3	0	14
chr1	60402517	60405807	1	1	1	1	0	26
chr1	60522500	60532696	2	2	1	1	0	43
chr1	63199024	63200038	2	2	1	1	0	15
chr1	63204020	63204107	2	2	1	1	0	25
chr1	63216451	63216912	1	1	1	1	0	33
chr1	63217725	63217990	1	1	1	2	0	18
chr1	63218058	63218406	1	1	1	1	0	4
chr1	63218533	63218616	1	1	1	18	0	45
chr1	63790538	63791455	1	1	1	2	0	35
chr1	64081597	64117865	2	2	1	1	0	38
chr1	64545891	64567478	1	1	1	1	0	32
chr1	65198715	65200208	2	2	1	1	0	3
chr1	65207764	65210117	2	2	1	1	0	13
chr1	65214528	65218148	2	2	1	1	0	24
chr1	66870687	66876120	2	2	1	4	0	21
chr1	66880895	66882239	2	2	1	1	0	12
chr1	66884492	66887558	2	2	1	1	0	4
chr1	67042717	67043497	2	2	1	1	0	27
chr1	67043571	67043948	2	2	1	1	0	36
chr1	67182169	67183024	1	1	1	3	0	22
chr1	67183115	67184945	1	1	1	2	0	19
chr1	67185003	67187868	1	1	1	1	0	25
chr1	67191531	67195291	1	1	1	3	0	40
chr1	67195421	67195982	1	1	1	2	0	16
chr1	67198101	67200017	1	1	1	2	0	19
chr1	67200117	67201739	1	1	1	6	0	39
chr1	67205686	67207399	1	1	1	4	0	36
chr1	67207529	67210007	1	1	1	2	0	16
chr1	67212026	67213461	1	1	1	2	0	8
chr1	67216245	67219229	1	1	1	1	0	41
chr1	67219349	67234301	1	1	1	4	0	39
chr1	67234444	67235696	1	1	1	2	0	17
chr1	67235763	67236163	1	1	1	2	0	9
chr1	67243862	67244290	1	1	1	3	0	27
chr1	67244343	67270297	2	4	1	1	0	23
chr1	67251670	67253175	1	1	1	3	0	38
chr1	67254740	67257010	1	1	1	1	0	10
chr1	67259761	67266282	1	1	1	2	0	26
chr1	67266343	67267394	1	1	1	1	0	16
chr1	67267508	67268547	1	1	1	2	0	36
chr1	71608230	71608998	1	1	1	4	0	38
chr1	71629364	71629925	2	2	1	1	0	26
chr1	71630052	71632229	2	2	1	2	0	38
chr1	71632395	71634822	2	2	1	12	0	41
chr1	71634962	71636439	2	2	1	1	0	23
chr1	71636547	71637532	2	2	1	3	0	40
chr1	71647180	71648571	2	2	1	2	0	41
chr1	71650178	71651626	2	2	1	1	0	5
chr1	71667306	71667566	2	2	1	2	0	11
chr1	72231362	72251175	2	2	1	2	0	4
chr1	72298593	72301110	2	2	1	5	0	40
chr1	72301223	72306565	2	2	1	1	0	14
chr1	72306677	72309435	2	2	1	3	0	28
chr1	72309533	72314044	2	2	1	1	0	8
chr1	72358350	72364232	1	1	1	1	0	21
chr1	72422614	72422860	1	1	1	3	0	19
chr1	72422929	72433054	1	1	1	3	0	5
chr1	72433127	72433866	1	1	1	1	0	42
chr1	72668631	72671979	1	1	1	0	1	3
chr1	72750483	72750830	1	1	1	5	0	33
chr1	72750960	72751300	1	3	1	117	0	45
chr1	72751384	72752660	1	1	1	194	55	45
chr1	72888472	72888722	1	1	1	2	0	24
chr1	74287404	74290412	1	1	1	3	0	26
chr1	74290459	74293986	1	1	1	3	0	27
chr1	74301745	74302901	1	1	1	4	0	25
chr1	74303003	74303511	1	1	1	4	0	26
chr1	74303613	74306929	1	1	1	5	0	33
chr1	74319469	74319941	2	2	1	1	0	30
chr1	74320097	74320247	2	2	1	1	0	35
chr1	74320979	74321185	2	2	1	1	0	13
chr1	74637952	74638224	2	2	1	1	0	13
chr1	74774911	74775022	1	1	1	1	0	5
chr1	74775196	74775839	1	1	1	1	0	11
chr1	74776258	74776337	1	1	1	1	0	44
chr1	75149005	75149198	2	2	1	1	0	35
chr1	75155713	75156213	2	2	1	2	0	32
chr1	75175289	75175423	1	1	1	1	0	20
chr1	75285354	75285942	2	2	1	11	0	41
chr1	78401983	78420271	2	2	1	1	0	45
chr1	78439680	78439908	2	2	1	1	0	29
chr1	78585587	78631196	1	1	1	1	0	14
chr1	78672064	78673797	1	1	1	1	0	41
chr1	79683288	79683960	2	2	1	1	0	42
chr1	79779274	79780563	2	2	1	1	0	35
chr1	79780763	79788270	2	2	1	1	0	21
chr1	80266576	80267798	2	2	1	0	1	5
chr1	82728326	82729305	1	1	1	1	0	17
chr1	84058520	84136952	2	2	1	2	0	23
chr1	84721741	84722398	2	2	1	1	0	32
chr1	84729435	84729600	2	2	1	2	0	14
chr1	84754134	84755144	2	2	1	1	0	10
chr1	86056028	86058358	1	1	1	14	0	43
chr1	86058452	86060435	1	1	1	5	0	36
chr1	86064839	86066801	1	1	1	3	0	38
chr1	86278401	86278614	2	4	1	1	0	25
chr1	86278419	86278533	2	2	1	19	0	40
chr1	86281003	86281453	2	2	1	1	0	26
chr1	86283916	86284092	2	2	1	1	0	15
chr1	86284464	86284678	2	2	1	3	0	44
chr1	86285175	86285828	2	2	1	2	0	35
chr1	86454673	86456894	1	1	1	1	5	39
chr1	86456967	86457177	1	1	1	1	1	17
chr1	86457275	86457452	1	1	1	5	0	45
chr1	86457527	86457686	1	1	1	4	0	45
chr1	86631594	86672402	1	1	1	1	0	27
chr1	87160204	87165567	1	1	1	1	0	20
chr1	87301834	87306693	1	1	1	1	0	30
chr1	87877750	87877880	2	2	1	1	0	28
chr1	88144080	88145848	1	1	1	4	0	15
chr1	88197136	88197923	2	2	1	1	0	33
chr1	88340081	88344959	1	1	1	1	0	3
chr1	88345015	88346108	1	1	1	6	0	34
chr1	88346160	88348304	1	1	1	11	0	41
chr1	88346160	88354043	1	1	1	1	0	36
chr1	88348401	88354043	1	1	1	33	0	46
chr1	91028335	91028906	1	1	1	1	0	26
chr1	91318386	91318853	2	2	1	1	0	39
chr1	92367630	92379732	2	2	1	8	0	42
chr1	92379842	92388101	2	2	1	5	0	45
chr1	92565126	92567408	2	2	1	3	0	37
chr1	92567482	92569601	2	2	1	1	0	34
chr1	93065723	93067002	1	1	1	1	0	7
chr1	93067074	93068043	1	1	1	1	0	14
chr1	93069132	93069789	1	1	1	1	0	10
chr1	93072362	93072781	1	1	1	1	0	26
chr1	93335598	93345192	1	1	1	1	0	38
chr1	93349152	93350985	2	2	1	1	0	26
chr1	93351597	93352988	2	2	1	2	0	32
chr1	93358893	93359033	2	2	1	7	0	45
chr1	97674230	97675271	2	2	1	3	0	39
chr1	105284631	105289313	1	1	1	2	0	36
chr1	105928773	105931829	1	1	1	1	0	21
chr1	118260209	118260479	1	1	1	2	0	39
chr1	119587648	119595243	2	2	1	2	0	19
chr1	120041264	120044115	2	2	1	68	0	44
chr1	120044179	120047624	2	2	1	15	0	45
chr1	120047743	120048674	2	2	1	3	0	37
chr1	120088387	120093864	1	1	1	1	0	38
chr1	120093903	120115770	1	1	1	1	0	6
chr1	120099213	120115770	1	1	1	1	0	33
chr1	120404460	120405094	2	2	1	1	0	36
chr1	120405140	120405580	2	2	1	1	0	11
chr1	121233677	121234592	2	2	1	2	0	15
chr1	121234693	121234868	2	2	1	2	0	18
chr1	125322889	125324843	2	2	1	0	1	20
chr1	125344118	125345985	2	2	1	0	1	21
chr1	127796718	127801816	1	1	1	1	0	44
chr1	127866886	127870110	1	1	1	1	0	30
chr1	128081137	128095629	1	1	1	1	0	29
chr1	128102970	128106619	1	1	1	1	0	27
chr1	128186741	128187180	1	1	1	7	0	46
chr1	128187275	128188567	1	1	1	3	0	39
chr1	128187275	128188570	1	1	1	11	0	42
chr1	128188626	128190529	1	1	1	10	0	45
chr1	128333206	128341396	2	2	1	1	0	19
chr1	130345945	130347337	2	2	1	0	1	43
chr1	130385924	130387318	2	2	1	0	1	43
chr1	130564108	130564437	2	2	1	1	0	39
chr1	130570851	130575765	2	2	1	1	0	35
chr1	130583801	130584868	2	2	1	1	0	7
chr1	130772826	130774063	1	1	1	1	0	28
chr1	130774397	130774949	1	1	1	1	0	19
chr1	130775283	130776174	1	1	1	5	0	38
chr1	130776368	130776727	1	1	1	1	0	45
chr1	130776856	130777224	1	1	1	1	0	5
chr1	130777357	130777467	1	1	1	1	0	39
chr1	130777527	130778537	1	1	1	1	0	30
chr1	131098830	131101094	2	2	1	1	0	31
chr1	131098849	131101040	1	1	1	3	0	29
chr1	131284644	131291739	2	2	1	1	0	42
chr1	131364606	131452675	2	2	1	1	0	39
chr1	131838489	131846742	1	1	1	3	0	33
chr1	131846793	131849680	1	1	1	3	0	29
chr1	131849787	131852323	1	1	1	1	0	3
chr1	131852380	131855801	1	1	1	1	0	29
chr1	131855955	131857350	1	1	1	5	0	41
chr1	131857501	131858771	1	1	1	1	0	7
chr1	132924448	132929020	2	2	1	2	0	40
chr1	133304790	133306186	1	1	1	1	0	35
chr1	133531815	133534238	2	2	1	5	0	34
chr1	133534318	133536634	2	2	1	1	0	12
chr1	133553669	133554721	2	2	1	2	0	14
chr1	133566688	133566777	2	2	1	2	0	22
chr1	134288663	134289271	2	2	1	1	0	35
chr1	134358989	134359267	1	1	1	1	0	28
chr1	134516686	134521066	1	1	1	1	0	8
chr1	134701218	134704113	2	2	1	1	0	37
chr1	135229742	135232167	2	2	1	1	0	36
chr1	138054065	138102752	2	2	1	1	0	25
chr1	138414849	138426313	2	2	1	1	0	43
chr1	138426428	138430308	2	2	1	1	0	26
chr1	139438375	139438585	1	1	1	2	0	31
chr1	139450295	139451110	1	1	1	3	0	26
chr1	139475659	139478557	2	2	1	1	0	25
chr1	139626030	139629536	2	2	1	2	0	5
chr1	139659445	139660040	2	2	1	3	0	41
chr1	139660215	139660777	2	2	1	0	3	35
chr1	139660988	139661148	2	2	1	2	0	20
chr1	139664713	139666928	2	2	1	10	0	34
chr1	139667109	139667194	2	2	1	3	0	41
chr1	139680889	139681966	2	2	1	1	0	4
chr1	139750105	139758801	2	2	1	0	1	30
chr1	139924119	139953280	2	2	1	0	1	22
chr1	140014261	140016395	2	2	1	1	0	27
chr1	140016579	140026607	2	2	1	2	0	39
chr1	140028723	140029322	2	2	1	1	0	8
chr1	140029497	140030074	2	2	1	1	3	35
chr1	140030623	140033132	2	2	1	1	0	23
chr1	140033310	140036229	2	2	1	5	0	34
chr1	140040345	140046324	2	2	1	4	0	29
chr1	140046502	140047608	2	2	1	9	0	46
chr1	140047792	140063884	2	2	1	1	0	24
chr1	140064629	140071668	2	2	1	0	1	30
chr1	143503328	143503583	2	2	1	1	0	33
chr1	143620962	143622245	1	1	1	3	0	28
chr1	143675773	143677872	1	1	1	1	0	10
chr1	150250637	150251246	2	2	1	1	0	8
chr1	150271055	150274350	1	1	1	1	0	7
chr1	150279453	150279625	1	3	1	3	0	36
chr1	150279791	150282212	1	1	1	1	0	42
chr1	150282306	150283079	1	1	1	1	0	11
chr1	150283161	150283240	1	1	1	5	0	46
chr1	150283329	150284494	1	1	1	1	0	24
chr1	150284636	150284953	1	1	1	1	0	19
chr1	150285046	150285730	1	1	1	1	0	19
chr1	150289559	150290166	1	1	1	4	0	39
chr1	150290566	150291819	1	1	1	1	0	30
chr1	150295755	150297386	1	1	1	2	0	36
chr1	150299733	150300413	1	1	1	3	0	44
chr1	150300562	150301387	1	1	1	1	0	4
chr1	150304002	150305085	1	1	1	1	0	30
chr1	150313238	150314832	1	1	1	1	0	20
chr1	150324990	150325482	1	1	1	2	0	34
chr1	150325833	150326513	2	2	1	1	0	4
chr1	152914907	152926747	2	2	1	0	1	36
chr1	153783724	153783897	2	2	1	3	0	40
chr1	153784856	153785221	2	2	1	1	0	34
chr1	155434606	155440402	1	1	1	1	0	11
chr1	155440468	155443330	1	1	1	3	0	42
chr1	155443428	155447943	1	1	1	7	0	40
chr1	155443428	155477199	1	1	1	1	0	27
chr1	155654127	155654584	1	1	1	1	0	14
chr1	155654598	155655463	2	2	1	2	0	25
chr1	155655685	155657020	2	2	1	1	0	7
chr1	155670395	155671096	2	2	1	2	0	30
chr1	155671143	155679442	2	2	1	2	0	16
chr1	155906178	155907159	2	2	1	2	0	12
chr1	155907220	155909471	2	2	1	1	0	19
chr1	155909547	155911503	2	2	1	2	0	40
chr1	156285575	156294250	2	2	1	3	0	35
chr1	156530056	156533237	2	2	1	1	0	9
chr1	156715601	156728155	2	2	1	1	0	11
chr1	156728207	156729355	2	2	1	1	0	30
chr1	159072257	159076771	1	1	1	0	1	15
chr1	160032636	160033665	2	2	1	1	0	12
chr1	160034280	160035948	2	2	1	2	0	32
chr1	160821182	160822887	1	1	1	1	0	24
chr1	160823026	160824919	1	1	1	2	0	42
chr1	160825311	160827558	1	1	1	15	0	41
chr1	160827624	160829856	1	1	1	69	0	46
chr1	160863585	160864118	1	1	1	0	1	16
chr1	160863585	160864389	1	1	1	1	0	25
chr1	160863815	160864118	1	1	1	2	0	20
chr1	160864150	160864389	1	1	1	3	1	31
chr1	160864423	160864857	1	1	1	1	0	24
chr1	160864423	160865074	1	1	1	0	1	4
chr1	160864423	160866026	1	1	1	1	1	7
chr1	160864886	160865074	1	1	1	6	1	28
chr1	160865118	160865564	1	1	1	20	1	43
chr1	160865608	160865794	1	1	1	21	0	43
chr1	160865843	160866026	1	1	1	16	0	43
chr1	161069420	161071144	2	2	1	1	0	20
chr1	162501226	162501667	2	2	1	1	0	27
chr1	162520194	162520304	2	2	1	1	0	23
chr1	162543049	162543154	2	2	1	1	0	31
chr1	162548176	162549013	2	2	1	2	0	11
chr1	162549109	162550678	2	2	1	4	0	43
chr1	162631339	162632722	2	2	1	1	0	38
chr1	162677794	162678923	2	2	1	1	0	4
chr1	163220120	163222159	2	2	1	2	0	11
chr1	163979690	163981894	1	1	1	2	0	14
chr1	164012177	164012480	1	1	1	1	0	41
chr1	164022203	164023119	1	1	1	1	0	36
chr1	164029299	164032350	1	1	1	1	0	13
chr1	164034696	164035420	1	1	1	1	0	32
chr1	164035493	164036505	1	1	1	4	0	45
chr1	164036610	164037031	1	1	1	3	0	31
chr1	164045119	164046946	1	1	1	75	0	45
chr1	165167593	165178452	2	2	1	2	0	8
chr1	165289081	165302522	1	1	1	1	0	37
chr1	165302564	165305789	1	1	1	1	0	14
chr1	165305875	165307035	1	1	1	1	0	6
chr1	165307148	165308471	1	1	1	34	0	43
chr1	165597502	165598200	1	1	1	2	0	30
chr1	165598386	165601412	1	1	1	22	0	45
chr1	167136503	167136874	1	1	1	10	0	44
chr1	167193457	167194973	1	1	1	2	0	37
chr1	167205985	167221319	2	2	1	3	0	23
chr1	171042055	171042512	1	1	1	1	0	14
chr1	171052691	171052852	1	1	1	7	0	33
chr1	171052691	171052855	1	1	1	11	0	33
chr1	171052902	171053321	1	1	1	1	0	28
chr1	171052914	171053756	1	1	1	1	0	45
chr1	171052936	171053234	1	1	1	52	0	45
chr1	171053281	171053887	1	1	1	1	0	31
chr1	171053368	171053711	1	1	1	853	0	46
chr1	171053749	171053860	2	2	1	1	1	23
chr1	171062657	171062841	2	2	1	9	0	46
chr1	171062900	171063925	2	2	1	2	0	22
chr1	171064010	171064174	2	2	1	2	0	29
chr1	171065634	171065855	2	2	1	2	0	14
chr1	171066467	171066842	2	2	1	1	0	32
chr1	171095827	171128318	1	1	1	1	0	46
chr1	171104773	171104858	2	2	1	1	0	18
chr1	171104902	171105019	2	2	1	2	0	43
chr1	171109729	171112150	2	2	1	1	0	15
chr1	171228269	171229492	1	1	1	1	0	26
chr1	171247669	171247758	1	1	1	12	0	44
chr1	171290184	171290456	1	1	1	1	0	11
chr1	171290509	171290626	1	1	1	1	0	29
chr1	171462565	171463879	2	2	1	1	0	43
chr1	171940783	171940900	1	1	1	1	0	38
chr1	171957555	171958178	1	1	1	1	0	32
chr1	171975736	171976815	1	1	1	1	0	7
chr1	171976889	171993414	1	1	1	1	0	12
chr1	171993486	171999895	1	1	1	2	0	7
chr1	172003145	172007473	1	1	1	3	0	38
chr1	175429133	175431503	2	2	1	30	0	45
chr1	175431658	175433620	2	2	1	2	0	40
chr1	175482693	175484286	1	1	1	1	0	31
chr1	175484370	175485886	1	1	1	1	0	33
chr1	175485989	175486078	1	1	1	2	0	42
chr1	175487582	175488365	2	2	1	1	0	43
chr1	178149425	178149506	1	1	1	1	0	44
chr1	178149571	178150045	1	1	1	3	0	16
chr1	178156973	178157432	2	2	1	9	0	42
chr1	178157505	178157729	2	2	1	11	0	45
chr1	178158412	178158657	2	4	1	4	0	42
chr1	178158827	178158913	2	2	1	1	0	45
chr1	178160675	178161111	2	2	1	2	0	3
chr1	178163521	178163611	2	2	1	2	0	42
chr1	179576256	179579875	2	2	1	1	0	40
chr1	179900077	179902134	1	1	1	1	0	46
chr1	179902258	179911936	1	1	1	1	0	35
chr1	179941680	179945231	1	1	1	1	0	29
chr1	179995022	179995886	2	2	1	1	0	23
chr1	179996787	179996980	2	2	1	4	0	15
chr1	179997994	179999128	2	2	1	1	0	24
chr1	180055294	180056407	2	2	1	5	0	44
chr1	180560873	180561941	1	1	1	1	0	44
chr1	180630771	180637681	2	2	1	0	1	3
chr1	180817223	180821561	1	1	1	1	0	32
chr1	180817546	180817957	2	2	1	1	0	13
chr1	180958436	180962356	2	2	1	3	0	43
chr1	180983537	180989639	1	1	1	1	0	42
chr1	181005397	181008868	2	2	1	15	0	33
chr1	181008214	181008868	2	2	1	1	0	19
chr1	181952541	181956248	1	1	1	0	1	24
chr1	181956318	181958900	1	1	1	0	1	44
chr1	182256607	182259123	1	1	1	1	0	24
chr1	182877906	182880115	2	2	1	1	0	24
chr1	183112549	183113679	2	2	1	1	0	15
chr1	183113782	183114963	2	2	1	3	0	43
chr1	183115103	183115257	2	2	1	2	0	19
chr1	183116407	183116484	2	2	1	1	0	30
chr1	183119788	183120019	2	2	1	1	0	36
chr1	183125807	183132406	2	2	1	1	0	44
chr1	184520039	184527430	2	2	1	1	0	36
chr1	184527691	184534098	2	2	1	1	0	15
chr1	184546081	184551397	2	2	1	45	0	45
chr1	184551545	184554531	2	2	1	1	0	38
chr1	184554748	184564772	2	2	1	1	0	12
chr1	185105255	185106314	1	1	1	1	0	9
chr1	185111099	185111741	1	1	1	1	0	32
chr1	185118528	185119255	1	3	1	1	0	16
chr1	185119316	185126559	1	1	1	1	0	16
chr1	185126671	185128226	1	1	1	2	0	40
chr1	185130704	185131418	1	1	1	1	0	37
chr1	185139392	185139687	1	1	1	16	0	45
chr1	191085307	191086070	2	2	1	2	0	33
chr1	191086173	191086727	2	2	1	2	0	42
chr1	191086856	191086938	2	2	1	1	0	46
chr1	191087271	191088530	2	2	1	1	0	29
chr1	191088585	191089083	2	2	1	1	0	6
chr1	191481771	191488043	1	1	1	2	0	13
chr1	191508542	191510494	1	1	1	2	0	25
chr1	192839701	192843920	1	1	1	1	0	26
chr1	192904537	192905929	2	2	1	1	0	35
chr1	192906074	192922538	2	2	1	3	0	42
chr1	192922725	192922834	2	2	1	1	0	42
chr1	192923771	192924482	2	2	1	3	0	40
chr1	194757866	194759961	2	2	1	1	0	14
chr1	194781150	194793387	2	2	1	1	0	4
chr1	194786216	194789125	2	2	1	7	0	31
chr1	194789231	194793387	2	2	1	2	0	36
chr1	194794706	194796963	2	2	1	1	0	25
chr2	3326439	3327107	1	1	1	1	0	19
chr2	4643807	4648461	2	2	1	1	0	26
chr2	4723104	4725291	1	1	1	1	0	36
chr2	4927698	4930408	1	1	1	1	0	35
chr2	4932330	4933481	1	1	1	2	0	17
chr2	4935706	4940779	1	1	1	4	0	42
chr2	4940930	4942486	1	1	1	9	0	45
chr2	4942622	4943117	1	1	1	8	0	35
chr2	5026293	5028877	2	2	1	2	0	4
chr2	5045085	5047257	2	2	1	1	0	45
chr2	5366939	5449880	2	2	1	1	0	33
chr2	5799692	5800359	2	2	1	3	0	39
chr2	5815656	5826086	2	2	1	1	0	24
chr2	5956365	5962281	1	1	1	4	0	36
chr2	6399367	6405090	1	1	1	1	0	8
chr2	10060973	10061580	2	2	1	62	0	37
chr2	10060973	10063806	2	2	1	2	0	33
chr2	10061618	10063806	2	2	1	48	0	43
chr2	10063904	10064311	2	2	1	11	0	43
chr2	10068162	10068253	2	2	1	1	0	27
chr2	10069123	10073420	2	2	1	4	0	29
chr2	10074539	10085158	2	2	1	1	0	21
chr2	10088006	10088972	2	4	1	1	0	28
chr2	10099713	10101261	2	2	1	7	2	37
chr2	10102061	10102712	2	4	1	1	0	5
chr2	10103379	10106885	2	2	1	1	0	4
chr2	10106946	10107640	0	0	1	3	0	40
chr2	10110093	10110430	2	2	1	3	0	41
chr2	10114418	10115205	2	2	1	3	0	25
chr2	10122258	10124277	2	2	1	1	0	9
chr2	11590540	11590644	2	2	1	1	0	32
chr2	11590718	11591677	2	2	1	1	0	11
chr2	11601607	11602862	2	2	1	1	0	18
chr2	11753946	11754341	2	2	1	1	0	34
chr2	12353015	12360087	2	2	1	1	0	29
chr2	13222083	13223819	2	2	1	2	0	31
chr2	14031818	14040589	2	2	1	4	0	15
chr2	14299756	14308921	1	1	1	1	0	33
chr2	14312799	14313489	1	1	1	1	0	42
chr2	18222137	18224261	2	2	1	7	0	37
chr2	18289598	18298764	2	2	1	1	0	28
chr2	18298856	18311783	2	2	1	1	0	28
chr2	18311878	18312725	2	2	1	2	0	29
chr2	18312824	18313594	2	2	1	1	0	17
chr2	18313761	18321168	2	2	1	2	0	16
chr2	18321216	18321709	2	2	1	1	0	42
chr2	20904742	20904837	2	2	1	0	25	46
chr2	22478077	22634873	0	0	1	28	0	31
chr2	22478087	22478116	0	0	1	21	1	39
chr2	22959632	22965501	1	1	1	1	0	41
chr2	22965623	22968155	1	1	1	1	0	40
chr2	23081138	23082418	1	1	1	3	0	29
chr2	23084656	23084746	1	1	1	3	0	37
chr2	24942650	24943406	1	1	1	1	0	37
chr2	24943511	24943682	1	1	1	1	0	11
chr2	25349714	25349786	2	2	1	4	0	31
chr2	25349872	25350020	2	2	1	3	0	4
chr2	25356844	25357298	2	2	1	1	0	43
chr2	25356844	25357331	2	2	1	1	0	13
chr2	25365431	25366959	2	2	1	1	0	45
chr2	25367018	25367772	2	2	1	4	0	43
chr2	25388836	25388916	2	2	1	79	0	40
chr2	25388836	25389025	2	2	1	1	0	45
chr2	25388956	25389025	2	2	1	44	0	39
chr2	25389128	25389409	2	2	1	4	0	24
chr2	25389518	25389600	2	2	1	4	0	38
chr2	25389988	25390105	2	2	1	1	0	22
chr2	25450713	25450980	1	1	1	1	0	4
chr2	25451075	25451862	1	1	1	20	0	43
chr2	25474174	25474787	2	2	1	1	0	19
chr2	26240571	26241346	2	2	1	1	0	37
chr2	26305784	26306128	2	2	1	2	0	7
chr2	26332083	26335086	2	2	1	1	0	25
chr2	26483156	26483657	1	3	1	1	0	36
chr2	26486479	26487215	2	2	1	3	0	28
chr2	26802172	26802377	1	1	1	2	0	21
chr2	26802458	26802682	1	1	1	1	0	10
chr2	26802814	26802999	1	1	1	44	1	45
chr2	26803070	26803176	1	1	1	111	0	43
chr2	26803518	26803588	2	2	1	8	0	39
chr2	26803671	26803924	2	2	1	2	0	29
chr2	26809371	26809738	1	1	1	1	0	5
chr2	26846376	26848490	2	2	1	1	0	43
chr2	26889482	26889508	1	1	1	0	2	42
chr2	27079497	27120786	0	0	1	3	0	38
chr2	27079657	27081890	2	2	1	0	1	12
chr2	27082027	27086660	2	2	1	1	0	25
chr2	27115095	27117088	2	2	1	1	0	17
chr2	27118398	27120449	2	4	1	1	0	25
chr2	27338593	27339212	2	2	1	2	0	44
chr2	27344517	27346920	2	2	1	0	1	3
chr2	28969491	28971023	1	1	1	1	0	31
chr2	29061363	29062327	1	1	1	1	0	19
chr2	29847826	29848458	1	1	1	1	0	29
chr2	29883968	29884172	1	1	1	2	0	16
chr2	29893432	29893685	1	1	1	1	0	24
chr2	29893710	29894516	1	1	1	1	0	10
chr2	29907315	29908373	1	1	1	1	0	37
chr2	29920383	29920463	1	1	1	2	0	32
chr2	29956906	29958280	1	1	1	1	0	12
chr2	29960600	29960930	1	1	1	3	0	43
chr2	30076284	30076368	2	2	1	1	0	10
chr2	30190897	30191020	1	1	1	1	0	8
chr2	30318415	30321972	1	1	1	1	0	45
chr2	30857368	30857685	2	2	1	1	0	10
chr2	30863803	30863912	2	2	1	1	0	34
chr2	30868978	30870010	2	2	1	1	0	19
chr2	30870063	30871494	2	2	1	1	0	21
chr2	31364783	31366897	1	1	1	1	2	36
chr2	31367008	31368946	1	1	1	1	1	24
chr2	31369016	31370986	1	1	1	1	0	19
chr2	31376558	31378589	1	1	1	3	0	43
chr2	31378665	31382325	1	1	1	7	0	37
chr2	31382397	31383156	1	1	1	4	0	24
chr2	31383188	31388158	1	1	1	3	0	31
chr2	31388250	31390844	1	1	1	2	0	45
chr2	31390930	31391499	1	1	1	1	0	39
chr2	31391565	31400121	1	1	1	0	3	44
chr2	31400254	31404690	1	1	1	4	2	42
chr2	31404848	31408737	1	1	1	10	1	45
chr2	31408804	31410383	1	1	1	8	43	45
chr2	32169144	32170720	2	2	1	1	0	4
chr2	32170816	32171697	2	2	1	2	0	17
chr2	32187021	32187119	1	1	1	1	0	41
chr2	32290565	32290889	1	1	1	1	0	10
chr2	32572764	32574761	2	2	1	1	0	24
chr2	32572792	32573217	1	3	1	1	0	33
chr2	32576656	32576749	2	2	1	1	0	6
chr2	32830353	32831814	2	2	1	2	0	45
chr2	32853079	32853508	1	1	1	3	0	17
chr2	32853596	32853752	1	1	1	42	1	46
chr2	32853866	32854002	1	1	1	39	3	43
chr2	34322343	34325144	1	1	1	3	0	42
chr2	34590863	34594177	2	2	1	3	0	42
chr2	34596152	34596752	2	2	1	1	0	43
chr2	34603933	34613840	1	1	1	0	2	45
chr2	34662803	34663181	1	1	1	1	0	7
chr2	34663320	34663832	1	1	1	1	0	21
chr2	34663946	34664039	1	1	1	3	0	35
chr2	34665246	34665562	1	1	1	8	0	42
chr2	34874846	34876270	2	2	1	1	0	37
chr2	34876355	34879160	2	2	1	2	0	25
chr2	34879251	34879885	2	2	1	3	0	39
chr2	34881108	34881207	2	2	1	2	0	21
chr2	34900090	34903007	2	2	1	1	0	9
chr2	34903700	34905074	2	2	1	2	0	46
chr2	34918211	34919413	2	2	1	4	0	26
chr2	34919486	34920345	2	2	1	1	0	6
chr2	34920479	34921838	2	2	1	1	0	14
chr2	34924624	34925967	2	2	1	2	0	29
chr2	34926154	34926266	2	2	1	3	0	19
chr2	34929774	34933199	2	2	1	1	0	33
chr2	34940579	34947254	2	2	1	4	0	33
chr2	34971980	34972141	1	3	1	3	0	28
chr2	34972504	34975182	2	2	1	1	0	38
chr2	34975381	34975715	2	2	1	1	0	4
chr2	34975779	34976112	2	2	1	2	0	25
chr2	34976176	34976442	2	2	1	1	0	14
chr2	34979222	34985772	2	2	1	1	0	28
chr2	34987878	34990866	2	2	1	1	0	23
chr2	35047801	35050259	1	1	1	1	0	12
chr2	35072460	35073404	2	2	1	5	0	31
chr2	35073436	35073755	2	2	1	2	0	6
chr2	35081578	35082632	2	2	1	1	0	24
chr2	35082692	35090771	2	2	1	1	0	44
chr2	35090022	35090771	2	2	1	1	0	21
chr2	35206068	35210342	2	2	1	1	0	16
chr2	35934526	35939203	2	2	1	1	0	45
chr2	36067287	36079086	1	1	1	1	0	45
chr2	37342314	37359388	1	1	1	1	0	5
chr2	37379846	37381921	1	1	1	1	0	45
chr2	37431189	37432648	1	1	1	1	0	19
chr2	37486857	37489132	2	2	1	1	0	45
chr2	37489268	37490756	2	2	1	1	0	19
chr2	38478301	38480708	2	2	1	5	0	42
chr2	38891778	38894118	2	2	1	0	62	46
chr2	38894201	38894743	2	2	1	12	0	33
chr2	38894881	38895095	2	2	1	2	0	18
chr2	38937147	38937608	2	2	1	2	0	42
chr2	43521632	43561370	1	1	1	1	0	33
chr2	43561424	43562682	1	1	1	1	0	35
chr2	43569995	43571360	1	1	1	1	0	35
chr2	44999587	45000156	2	4	1	2	0	28
chr2	49199642	49199739	1	1	1	0	1	35
chr2	51850673	51862599	2	2	1	2	0	26
chr2	51971331	51972676	1	1	1	1	0	27
chr2	51988519	51988864	1	1	1	1	0	41
chr2	52073393	52073743	2	2	1	1	0	24
chr2	52075388	52077422	2	2	1	1	0	31
chr2	52095739	52096077	2	2	1	1	0	13
chr2	52127176	52128203	2	2	1	1	0	8
chr2	52132113	52133204	2	2	1	0	2	42
chr2	52132113	52137167	2	2	1	0	2	42
chr2	52196646	52197697	2	2	1	1	0	15
chr2	52203238	52203787	2	2	1	4	0	43
chr2	52209751	52214974	2	2	1	1	0	22
chr2	52239496	52257415	2	2	1	1	0	46
chr2	52258105	52268400	2	2	1	1	0	31
chr2	52274764	52275281	1	1	1	1	0	6
chr2	52275298	52276425	1	1	1	1	0	16
chr2	52277628	52280123	1	1	1	1	0	35
chr2	52306224	52306647	2	2	1	2	0	16
chr2	52596466	52597929	2	2	1	1	0	3
chr2	52598018	52598154	2	2	1	1	0	32
chr2	53030605	53031630	2	2	1	1	0	26
chr2	53031693	53031778	2	2	1	3	0	44
chr2	53031876	53031954	2	2	1	5	0	36
chr2	53032042	53034795	2	2	1	2	0	36
chr2	53035749	53035835	2	2	1	1	0	38
chr2	53041842	53042457	2	2	1	1	0	30
chr2	53043135	53043475	2	2	1	6	0	35
chr2	53043541	53043975	2	2	1	4	0	42
chr2	53044085	53046634	2	2	1	2	0	24
chr2	57254156	57254261	1	1	1	1	0	34
chr2	57254616	57257363	1	1	1	1	0	40
chr2	58645275	58645369	1	1	1	1	0	39
chr2	58670161	58680040	1	1	1	1	0	42
chr2	59148989	59152845	1	1	1	1	0	21
chr2	59168046	59169062	1	1	1	5	0	45
chr2	59175338	59178063	1	3	1	1	0	24
chr2	59747843	59748782	2	2	1	2	0	35
chr2	59748846	59750638	2	2	1	1	0	24
chr2	59773168	59773281	2	2	1	1	0	6
chr2	60071397	60073900	1	1	1	1	0	15
chr2	60074015	60075555	1	1	1	3	0	19
chr2	60075605	60078233	1	1	1	2	0	27
chr2	60082836	60085414	2	2	1	1	0	24
chr2	60085442	60087376	2	2	1	1	0	15
chr2	60087548	60088226	2	2	1	2	0	42
chr2	60088344	60102445	2	2	1	1	0	3
chr2	60102557	60114403	2	2	1	4	0	22
chr2	61591439	61594180	1	1	1	1	0	15
chr2	61607125	61614176	1	1	1	1	0	41
chr2	61615904	61627738	1	1	1	1	0	25
chr2	61627802	61630325	1	1	1	1	0	15
chr2	62191061	62193005	2	2	1	2	0	33
chr2	62204871	62208547	2	2	1	1	0	31
chr2	62209514	62209620	2	2	1	1	0	39
chr2	62216867	62217408	2	2	1	2	0	14
chr2	64747261	64747378	2	2	1	1	0	29
chr2	68982763	68986456	1	1	1	1	0	38
chr2	68986799	68989112	1	1	1	2	0	30
chr2	69068851	69069432	2	2	1	2	0	29
chr2	69069133	69069324	2	2	1	1	0	40
chr2	69115136	69115553	2	2	1	1	0	22
chr2	69117213	69117942	2	2	1	1	0	33
chr2	69118069	69119709	2	2	1	1	0	31
chr2	69122399	69126655	2	2	1	1	0	30
chr2	69126831	69130146	2	2	1	1	0	38
chr2	69130272	69134280	2	2	1	1	0	42
chr2	69134453	69136848	2	2	1	2	0	34
chr2	69138891	69154175	2	2	1	2	0	28
chr2	69517338	69533102	2	2	1	1	0	33
chr2	69564723	69566211	1	1	1	1	0	15
chr2	69566242	69566332	1	1	1	2	0	30
chr2	69576460	69579304	1	1	1	2	0	21
chr2	69579442	69579615	1	1	1	1	0	18
chr2	69697007	69697615	1	1	1	1	0	13
chr2	69697724	69697795	1	1	1	2	0	31
chr2	69700365	69700728	1	1	1	1	0	28
chr2	69701661	69702075	2	2	1	1	0	33
chr2	69702126	69704227	2	2	1	2	0	39
chr2	69704280	69709445	2	2	1	1	0	26
chr2	69704280	69711110	2	2	1	1	0	36
chr2	69766367	69768427	1	1	1	1	0	8
chr2	69781753	69781843	1	1	1	1	0	6
chr2	69843559	69846475	1	1	1	1	0	5
chr2	70508959	70509775	1	1	1	1	0	39
chr2	70579672	70580778	2	2	1	1	0	44
chr2	70587894	70600347	2	2	1	1	0	24
chr2	70804150	70804413	1	1	1	0	1	33
chr2	70804183	70804413	1	1	1	0	1	33
chr2	70804216	70804413	1	1	1	0	1	33
chr2	70804348	70804413	1	1	1	0	1	33
chr2	70804381	70804413	1	1	1	0	1	33
chr2	70804447	70804479	1	1	1	0	1	18
chr2	70804447	70804512	1	1	1	0	1	18
chr2	70804447	70804545	1	1	1	0	1	18
chr2	70886464	70886838	1	1	1	2	0	40
chr2	70912398	70914768	1	1	1	1	0	19
chr2	71042419	71044782	1	1	1	2	0	46
chr2	71346145	71352876	1	1	1	1	0	30
chr2	72010448	72025980	1	1	1	1	0	25
chr2	72071822	72072577	1	1	1	1	0	44
chr2	72777083	72800498	2	2	1	1	0	31
chr2	72924069	72927488	2	2	1	3	0	36
chr2	72927612	72929635	2	2	1	1	0	8
chr2	72968000	72972241	2	2	1	1	0	41
chr2	72972733	72987081	2	2	1	2	0	34
chr2	73115380	73116681	2	2	1	0	1	5
chr2	73116768	73117952	2	2	1	0	5	43
chr2	73118060	73134083	2	2	1	0	7	35
chr2	73137273	73140800	2	2	1	1	0	18
chr2	73278282	73316723	2	2	1	1	0	33
chr2	73739052	73739527	2	2	1	14	0	43
chr2	73739722	73740207	2	2	1	2	0	42
chr2	73740286	73741298	2	2	1	1	0	45
chr2	74699266	74699647	1	1	1	1	0	4
chr2	75491933	75492014	1	1	1	2	0	43
chr2	75492162	75492239	1	1	1	3	0	43
chr2	75495495	75495577	1	1	1	1	0	27
chr2	75495646	75495741	1	1	1	2	0	36
chr2	76510624	76513073	1	1	1	1	0	31
chr2	76583931	76584031	2	2	1	1	0	46
chr2	76619664	76619755	2	2	1	4	0	42
chr2	76649161	76651459	2	2	1	1	0	40
chr2	76678701	76678902	2	2	1	1	0	39
chr2	76692772	76693143	2	2	1	2	0	28
chr2	76693204	76693617	2	2	1	2	0	4
chr2	76697826	76698226	2	2	1	1	0	27
chr2	76698254	76698351	2	2	1	1	0	23
chr2	76776901	76777040	2	2	1	1	0	33
chr2	76795573	76797397	2	2	1	1	0	31
chr2	76798878	76799483	2	2	1	2	0	11
chr2	79466089	79466376	1	1	1	1	0	37
chr2	79466423	79469600	1	1	1	1	0	9
chr2	80157080	80158415	1	1	1	1	0	15
chr2	80385135	80400462	2	2	1	1	0	10
chr2	80668919	80669044	0	0	1	0	3	30
chr2	83475072	83483701	1	1	1	2	0	16
chr2	83487472	83488352	1	1	1	1	0	35
chr2	83488506	83488873	1	1	1	2	0	42
chr2	83488966	83490401	1	1	1	1	0	10
chr2	84499742	84500355	2	2	1	3	0	29
chr2	84515792	84515946	1	1	1	5	0	34
chr2	84516044	84516534	1	1	1	3	0	43
chr2	84596172	84597618	2	2	1	2	0	16
chr2	84600255	84600436	2	2	1	4	0	37
chr2	84875925	84876027	1	1	1	6	0	32
chr2	84876117	84876596	1	1	1	2	0	33
chr2	90685832	90687149	1	1	1	1	0	30
chr2	90689914	90690806	1	1	1	1	0	19
chr2	90690855	90691725	1	1	1	1	0	23
chr2	90691794	90693933	1	1	1	2	0	30
chr2	90694010	90695527	1	1	1	6	0	45
chr2	90725222	90728727	2	2	1	3	2	32
chr2	90733289	90734766	2	2	1	1	0	12
chr2	90829113	90831350	1	1	1	1	0	11
chr2	90884677	90884919	1	1	1	4	0	31
chr2	90888501	90889390	1	1	1	3	0	41
chr2	90889473	90889598	1	1	1	18	0	45
chr2	91014828	91014999	2	2	1	1	0	8
chr2	91022401	91022904	2	2	1	1	0	6
chr2	91068188	91068267	1	1	1	1	0	13
chr2	91090273	91090515	1	1	1	2	0	3
chr2	91090607	91090748	1	1	1	1	0	11
chr2	91092012	91093112	1	1	1	3	0	14
chr2	91442932	91444527	2	2	1	1	0	18
chr2	91455919	91456046	2	2	1	31	0	45
chr2	91456118	91458666	2	2	1	4	0	37
chr2	91458849	91459004	2	2	1	4	0	33
chr2	91459179	91459495	2	2	1	1	0	4
chr2	91459664	91460294	2	2	1	2	0	13
chr2	91460612	91460853	2	2	1	3	0	32
chr2	91461172	91463320	2	2	1	1	0	34
chr2	92207909	92208035	1	1	1	1	0	12
chr2	92209681	92210754	1	1	1	1	0	12
chr2	92210820	92211380	1	1	1	12	0	32
chr2	93250288	93250584	2	2	1	1	0	7
chr2	93252274	93260289	2	2	1	1	0	7
chr2	93260365	93260475	2	2	1	1	0	7
chr2	93811323	93811860	2	2	1	1	0	19
chr2	93864422	93874217	2	2	1	2	0	27
chr2	93875788	93882598	2	2	1	1	0	35
chr2	93882634	93895898	2	2	1	1	0	4
chr2	98492704	98497600	2	2	1	1	0	15
chr2	101392700	101406356	2	2	1	1	0	34
chr2	102922262	102922809	1	1	1	4	0	42
chr2	103284513	103290620	1	1	0	0	1	43
chr2	103284513	103290621	0	0	1	9	0	41
chr2	103285167	103285422	2	2	1	2	0	35
chr2	103290718	103293631	2	2	1	9	0	41
chr2	103293771	103297421	2	2	1	1	0	27
chr2	103300770	103302110	2	2	1	1	0	37
chr2	103303427	103304674	2	2	1	1	0	36
chr2	103304786	103307093	2	2	1	2	0	33
chr2	103307266	103315317	2	2	1	2	0	19
chr2	103609917	103613300	2	2	1	1	0	34
chr2	103613551	103627075	2	2	1	2	0	34
chr2	103920620	103921348	1	1	1	1	0	22
chr2	103941190	103944319	1	1	1	2	0	34
chr2	104476812	104476953	1	1	1	1	0	7
chr2	104476989	104477068	1	1	1	1	0	35
chr2	104606735	104607663	2	2	1	1	0	40
chr2	104830187	104830586	2	2	1	9	0	33
chr2	104830648	104831615	2	2	1	2	0	14
chr2	105794636	105795608	1	1	1	8	0	42
chr2	106795216	106795766	2	2	1	1	0	28
chr2	112092423	112092657	1	1	1	1	0	7
chr2	112193700	112194136	2	2	1	1	0	29
chr2	112285646	112289804	1	1	1	3	0	27
chr2	113958141	113961015	2	2	1	1	0	15
chr2	113965301	113967350	2	2	1	2	0	19
chr2	113988090	113989350	2	2	1	2	0	13
chr2	117080320	117088114	1	1	1	1	0	26
chr2	117088261	117089701	1	1	1	1	0	15
chr2	118702029	118703365	1	1	1	1	0	21
chr2	119212480	119213344	2	2	1	1	0	32
chr2	119213448	119213830	2	2	1	2	0	32
chr2	119261587	119262408	2	2	1	1	0	43
chr2	119281932	119284536	2	2	1	1	0	39
chr2	119536125	119541445	1	1	1	1	0	41
chr2	119555389	119557197	1	1	1	1	0	42
chr2	119594926	119595024	2	2	1	1	0	25
chr2	119754568	119756859	1	1	1	1	0	22
chr2	119762416	119762984	1	1	1	1	0	43
chr2	119788845	119790820	1	1	1	1	0	44
chr2	119790933	119791206	1	1	1	2	0	38
chr2	120360999	120362075	2	2	1	1	0	8
chr2	120369974	120376323	2	2	1	3	0	32
chr2	120376386	120385711	2	2	1	3	0	38
chr2	120385797	120394167	2	2	1	3	0	45
chr2	120414847	120415631	1	1	1	1	0	38
chr2	120829640	120832977	1	1	1	1	0	32
chr2	121257184	121259934	1	1	1	4	0	43
chr2	121260065	121262132	1	1	1	2	0	20
chr2	121262881	121263997	1	1	1	1	0	7
chr2	121264181	121264465	1	1	1	1	0	29
chr2	121265399	121266401	1	1	1	4	0	6
chr2	121266482	121266837	1	1	1	9	0	40
chr2	121266896	121268066	1	1	1	9	0	33
chr2	121279923	121280455	1	1	1	1	0	10
chr2	121280565	121281201	1	1	1	5	0	31
chr2	121287773	121288126	1	1	1	1	0	34
chr2	121288183	121288472	1	1	1	7	0	42
chr2	121288525	121288629	1	1	1	22	0	46
chr2	121297378	121297468	2	2	1	0	1	3
chr2	121329928	121330018	2	2	1	0	1	3
chr2	121859206	121859288	1	1	1	2	0	11
chr2	121859393	121871636	1	1	1	1	2	40
chr2	121871692	121872062	1	1	1	1	0	4
chr2	121878032	121880967	1	1	1	0	5	45
chr2	121881130	121882222	1	1	1	0	2	40
chr2	121981633	121982127	1	1	1	24	0	29
chr2	121982157	121983131	1	1	1	32	0	30
chr2	122093791	122094521	1	1	1	2	0	35
chr2	122650053	122651200	1	1	1	2	0	5
chr2	125159455	125160916	2	2	1	1	0	6
chr2	125594901	125599113	2	2	1	5	0	46
chr2	125599256	125599351	2	2	1	1	0	23
chr2	125674258	125675643	2	2	1	1	0	15
chr2	125675703	125676673	2	2	1	1	0	18
chr2	125684653	125686729	2	2	1	1	0	17
chr2	126406757	126409666	1	1	1	1	0	16
chr2	126409792	126416621	1	1	1	8	0	43
chr2	126416817	126419779	1	1	1	7	0	33
chr2	126419871	126420768	1	1	1	3	0	45
chr2	126420968	126422825	1	1	1	3	0	33
chr2	126422924	126428171	1	1	1	1	0	25
chr2	126428303	126429679	1	1	1	8	0	45
chr2	126562090	126567264	1	1	1	1	0	23
chr2	126637259	126637362	2	2	1	1	0	8
chr2	126673258	126675607	2	2	1	1	0	6
chr2	126684900	126686219	2	2	1	4	0	11
chr2	126754666	126755451	2	2	1	1	0	6
chr2	126765528	126767665	2	2	1	1	0	16
chr2	126768920	126769668	2	2	1	2	0	12
chr2	126934067	126937005	1	1	1	1	0	46
chr2	127278327	127278465	2	2	1	4	0	44
chr2	127633753	127634053	2	2	1	3	0	42
chr2	128518168	128520130	2	2	1	1	0	36
chr2	128844199	128847915	1	1	1	1	0	13
chr2	128972487	128975194	1	1	1	4	0	34
chr2	129161310	129163903	1	1	1	1	0	21
chr2	129348269	129348598	2	2	1	1	0	21
chr2	130116644	130116951	1	1	1	1	0	13
chr2	130119891	130120075	1	1	1	3	0	42
chr2	130121358	130121475	2	2	1	3	0	44
chr2	130121358	130122182	2	2	1	2	0	25
chr2	130121647	130122182	2	2	1	1	0	32
chr2	130122244	130122376	2	2	1	3	0	44
chr2	130123236	130123326	2	2	1	1	0	9
chr2	130284425	130284506	1	1	1	1	0	42
chr2	130285320	130285433	1	1	1	1	0	3
chr2	130496243	130496581	2	2	1	1	0	9
chr2	130503759	130503996	2	4	1	1	0	25
chr2	130504110	130505267	2	2	1	2	0	38
chr2	130648869	130652741	2	2	1	2	0	27
chr2	130806849	130811924	1	1	1	1	0	24
chr2	130838115	130839056	0	0	1	3	0	33
chr2	132146877	132147072	1	1	1	1	0	5
chr2	132384256	132386311	2	2	1	1	0	14
chr2	132386367	132388760	2	2	1	1	0	23
chr2	132398897	132406546	2	2	1	1	0	15
chr2	132406632	132410539	2	2	1	2	0	29
chr2	132653019	132653967	2	2	1	1	0	5
chr2	134441994	134442807	2	2	1	2	0	39
chr2	135201707	135204303	1	1	1	1	0	9
chr2	135204358	135206687	1	1	1	1	0	3
chr2	139990835	139996713	2	2	1	1	0	24
chr2	140006503	140009691	2	2	1	1	0	30
chr2	140044957	140045207	1	1	1	1	0	37
chr2	140045291	140045451	1	1	1	1	0	10
chr2	143789850	143790255	2	2	1	5	0	40
chr2	143790400	143791189	2	2	1	2	0	10
chr2	143791289	143791591	2	2	1	3	0	46
chr2	143797127	143798687	2	2	1	1	0	39
chr2	143798781	143799474	2	2	1	2	0	41
chr2	143806821	143809359	2	2	1	1	0	33
chr2	143809514	143815407	2	4	1	1	0	31
chr2	143810556	143811329	2	2	1	2	0	43
chr2	143828090	143830067	2	2	1	2	0	20
chr2	143832187	143852918	2	2	1	15	0	44
chr2	144092156	144092735	0	0	1	3	0	33
chr2	144093153	144094364	2	2	1	1	0	11
chr2	145774886	145776473	2	2	1	1	0	19
chr2	146096363	146096551	1	1	1	3	0	45
chr2	146182371	146183897	2	2	1	1	0	17
chr2	146792509	146792644	1	1	1	1	0	37
chr2	146798217	146811463	1	1	1	2	0	44
chr2	146811508	146811876	1	1	1	3	0	43
chr2	146871549	146871646	1	1	1	2	0	42
chr2	146871705	146871788	1	1	1	4	0	36
chr2	146871897	146876773	1	1	1	2	0	17
chr2	147804628	147809161	2	2	1	1	0	25
chr2	147804628	147814594	2	2	1	1	0	17
chr2	148713964	148714736	2	2	1	1	0	33
chr2	148714851	148717072	2	2	1	1	0	33
chr2	151348305	151351428	1	1	1	1	0	45
chr2	152092532	152096129	1	1	1	5	0	41
chr2	152105214	152114547	1	1	1	0	1	6
chr2	152114650	152116012	1	1	1	0	1	44
chr2	152519561	152522970	1	1	1	1	0	18
chr2	152528107	152530582	1	1	1	3	0	12
chr2	152536444	152537401	1	1	1	1	0	7
chr2	152672023	152672305	2	2	1	1	0	45
chr2	153024408	153029182	1	1	1	1	0	17
chr2	154437491	154438121	2	2	1	1	0	31
chr2	154531616	154533129	1	1	1	1	0	19
chr2	154703927	154705469	1	1	1	1	0	42
chr2	154714821	154715468	2	2	1	1	0	36
chr2	154718593	154719590	2	2	1	1	2	45
chr2	154726367	154729623	2	2	1	15	0	46
chr2	154729728	154730102	2	2	1	9	1	40
chr2	154730281	154734609	2	2	1	3	0	39
chr2	154901760	154902415	0	0	1	0	3	43
chr2	154901817	154902452	1	1	1	0	1	46
chr2	154902501	154904068	2	2	1	0	2	44
chr2	154904264	154905699	2	2	1	0	1	18
chr2	154905818	154905908	2	2	1	1	0	10
chr2	154905997	154906073	2	2	1	3	0	28
chr2	155089859	155091840	1	1	1	1	0	26
chr2	155397912	155398252	1	3	1	1	0	43
chr2	155399550	155400510	1	1	1	1	0	13
chr2	155408805	155409612	2	2	1	1	0	40
chr2	155414922	155415014	2	2	1	1	0	21
chr2	155508178	155510331	2	2	1	1	0	34
chr2	155662032	155664756	2	2	1	2	0	9
chr2	155853327	155857908	1	1	1	1	0	3
chr2	155857941	155858625	1	1	1	1	0	32
chr2	155859637	155859716	1	1	1	1	0	35
chr2	155859773	155859990	1	1	1	4	0	14
chr2	155986201	155986378	1	1	1	1	0	8
chr2	155986510	155987521	1	1	1	10	1	45
chr2	156014943	156019255	2	2	1	2	0	37
chr2	156019306	156020799	2	2	1	3	0	9
chr2	156019306	156021096	2	2	1	3	0	24
chr2	156020873	156021096	2	2	1	3	0	10
chr2	156021161	156021806	2	2	1	12	0	45
chr2	156021827	156021916	2	4	1	2	0	20
chr2	156153858	156154362	1	1	1	1	0	35
chr2	156705338	156707176	1	1	1	1	0	7
chr2	156707281	156714257	1	1	1	1	0	44
chr2	156943364	156943640	2	2	1	1	0	16
chr2	157163793	157167630	1	1	1	2	0	45
chr2	157726421	157732824	1	1	1	2	0	34
chr2	157892134	157900571	1	1	1	2	0	30
chr2	160488183	160488527	1	1	1	3	0	25
chr2	160488553	160512019	1	1	1	3	0	25
chr2	160512123	160524570	1	1	1	2	0	34
chr2	160524695	160526367	1	1	1	2	0	5
chr2	160526424	160529567	1	1	1	2	0	31
chr2	160529664	160532196	1	1	1	1	0	20
chr2	160532273	160535615	1	1	1	1	0	39
chr2	160535723	160540043	1	1	1	1	0	14
chr2	160540160	160544621	1	1	1	1	0	11
chr2	160544744	160545491	1	1	1	1	0	12
chr2	160625600	160626050	1	3	1	1	0	29
chr2	162775783	162776147	1	1	1	1	0	42
chr2	163336079	163338486	2	2	1	1	0	14
chr2	163389340	163393496	1	1	1	1	0	9
chr2	163393672	163394479	1	1	1	1	0	41
chr2	163858119	163858588	1	1	1	3	0	28
chr2	163942517	163959888	1	1	1	1	0	19
chr2	164407859	164410254	1	1	1	2	0	30
chr2	164614147	164619109	1	1	1	0	1	3
chr2	164619254	164619391	2	2	1	9	0	31
chr2	164619529	164619650	2	2	1	1	0	14
chr2	164619766	164619863	2	2	1	1	0	23
chr2	164620008	164620095	2	2	1	4	0	23
chr2	164620148	164621582	2	2	1	3	0	17
chr2	164677642	164677962	1	1	1	1	0	36
chr2	164677642	164678346	1	1	1	1	0	35
chr2	164680073	164680560	1	1	1	1	0	9
chr2	165717696	165738772	2	2	1	1	0	36
chr2	165890476	165891985	1	1	1	1	0	34
chr2	166451806	166453547	2	2	1	1	0	9
chr2	166784017	166784979	1	1	1	1	0	11
chr2	166797033	166801942	2	2	1	1	0	43
chr2	166853891	166856257	2	2	1	0	4	45
chr2	166856258	166863209	2	2	1	0	2	36
chr2	166861960	166862419	1	1	1	1	0	14
chr2	166871583	166873254	1	1	1	1	0	18
chr2	166873362	166873470	1	1	1	5	0	33
chr2	166907138	166907353	1	1	1	1	0	4
chr2	166907401	166907606	1	1	1	1	0	41
chr2	168052557	168053285	2	2	1	2	0	43
chr2	168053401	168054879	2	2	1	1	0	6
chr2	168059697	168061139	2	2	1	1	0	15
chr2	168061166	168061956	2	2	1	1	0	26
chr2	170353390	170357658	1	1	1	1	0	5
chr2	172311455	172311758	1	1	1	1	0	31
chr2	172853900	172853972	1	1	1	1	0	34
chr2	172987857	172988250	1	1	1	1	0	45
chr2	172996698	172996969	1	1	1	1	0	13
chr2	172997158	172997730	1	1	1	1	0	10
chr2	173000564	173000631	2	2	1	1	0	39
chr2	173579544	173603909	1	1	1	1	0	24
chr2	173613418	173616186	1	1	1	2	0	44
chr2	174187573	174187782	1	1	1	1	0	9
chr2	174303015	174304292	2	2	1	67	0	44
chr2	174304423	174305757	2	2	1	7	0	35
chr2	174973563	174974721	2	2	1	0	1	28
chr2	174974783	174974988	2	2	1	0	1	3
chr2	175125218	175125422	1	1	1	0	1	23
chr2	175222367	175222572	1	1	1	0	1	23
chr2	175487174	175487379	2	2	1	0	1	23
chr2	175584326	175584530	2	2	1	0	1	23
chr2	175714576	175714781	2	2	1	0	1	23
chr2	175884942	175886096	2	2	1	0	1	44
chr2	175977239	175977443	1	1	1	0	1	12
chr2	176123749	176123953	1	1	1	0	1	23
chr2	176220909	176221114	1	1	1	0	1	23
chr2	176499549	176500702	1	1	1	0	1	44
chr2	176610521	176610725	2	2	1	0	1	12
chr2	176701868	176703022	1	1	1	0	1	44
chr2	176748304	176748516	0	0	1	0	1	23
chr2	177007703	177008856	2	2	1	0	1	28
chr2	177008918	177009124	2	2	1	0	1	3
chr2	177081015	177081219	2	2	1	0	1	12
chr2	177165206	177165410	1	1	1	0	1	23
chr2	177199097	177200246	1	1	1	1	0	41
chr2	177546205	177546411	1	1	1	0	1	23
chr2	177588804	177589962	2	2	1	0	1	28
chr2	177590024	177590229	2	2	1	0	1	3
chr2	177673175	177673382	1	1	1	0	1	23
chr2	179678367	179678730	2	2	1	25	0	40
chr2	179678794	179679175	2	2	1	16	0	46
chr2	179679296	179679857	2	2	1	2	0	16
chr2	179679981	179680517	2	2	1	2	0	5
chr2	179899477	179899580	1	1	1	1	0	19
chr2	179899645	179899778	1	1	1	13	0	44
chr2	179899851	179900022	1	1	1	48	0	45
chr2	179900079	179900170	1	1	1	34	1	45
chr2	180358850	180359630	1	1	1	1	0	30
chr2	180547462	180552479	2	2	1	1	0	13
chr2	180618157	180619112	1	1	1	1	0	21
chr2	180621514	180622190	1	1	1	1	0	23
chr2	180872244	180872325	2	2	1	2	0	19
chr2	181250082	181257769	1	1	1	2	0	35
chr2	181262441	181263579	1	1	1	1	0	23
chr2	181296756	181297214	1	1	1	2	0	12
chr3	10080634	10081126	1	1	1	3	0	41
chr3	10269631	10270300	2	2	1	4	0	34
chr3	10386781	10387963	2	2	1	1	0	15
chr3	10393539	10394002	2	2	1	2	0	13
chr3	10394069	10396381	2	2	1	1	0	8
chr3	14666107	14667707	1	1	1	2	0	27
chr3	14671469	14672236	2	2	1	9	0	44
chr3	14672354	14674600	2	2	1	0	1	35
chr3	14915320	14916737	2	2	1	1	0	19
chr3	14929508	14931862	1	1	1	6	0	39
chr3	14931982	14933408	1	1	1	0	1	16
chr3	14933484	14936730	1	1	1	1	0	34
chr3	14933502	14934294	1	1	1	7	0	35
chr3	14934358	14935101	1	1	1	4	0	16
chr3	14935258	14936601	1	1	1	10	0	44
chr3	15561017	15568161	2	2	1	1	0	22
chr3	18133645	18150686	2	2	1	2	0	14
chr3	19271588	19272325	1	1	1	1	0	35
chr3	19272486	19273201	1	1	1	1	0	18
chr3	20018692	20020402	1	1	1	4	0	45
chr3	20020613	20022203	1	1	1	1	0	13
chr3	20031411	20031711	1	1	1	2	0	19
chr3	20031411	20033023	1	1	1	4	0	38
chr3	20033237	20034754	1	1	1	1	0	5
chr3	20036267	20037556	1	1	1	4	0	33
chr3	20037686	20039723	1	1	1	4	0	33
chr3	20039831	20041522	1	1	1	5	0	42
chr3	20041740	20042096	1	1	1	2	0	26
chr3	20042237	20043216	1	1	1	20	0	40
chr3	20043322	20046981	1	1	1	1	0	13
chr3	20043383	20046672	1	1	1	19	0	46
chr3	20046408	20046672	1	1	1	1	0	43
chr3	20118864	20119485	1	1	1	1	0	41
chr3	28317849	28413139	1	1	1	1	0	26
chr3	28718218	28719828	1	1	1	1	0	10
chr3	28771681	28772817	1	1	1	2	0	44
chr3	28772981	28773468	1	1	1	1	0	46
chr3	28861008	28861335	1	1	1	9	0	41
chr3	30854389	30855208	1	1	1	8	0	41
chr3	30855315	30863970	1	1	1	57	0	45
chr3	30864176	30864593	1	1	1	1	0	19
chr3	32588523	32592418	1	1	1	1	0	25
chr3	32623834	32628382	1	1	1	1	0	14
chr3	32781867	32782580	2	2	1	2	0	24
chr3	32782677	32784229	2	2	1	1	0	23
chr3	32799092	32800596	1	1	1	2	0	41
chr3	32800664	32801876	1	1	1	1	0	4
chr3	32801939	32802609	1	1	1	2	0	8
chr3	32802717	32805177	1	1	1	17	0	39
chr3	33858912	33860964	1	1	1	1	0	26
chr3	33863921	33864268	2	2	1	1	0	30
chr3	34074313	34093675	1	1	1	2	0	37
chr3	34103473	34104223	1	1	1	1	0	14
chr3	34131674	34132923	2	2	1	20	13	45
chr3	34132995	34133353	2	2	1	13	0	44
chr3	34133434	34134232	2	2	1	3	0	34
chr3	35836751	35838655	1	1	1	1	0	37
chr3	36141949	36142636	1	1	1	1	0	22
chr3	36516144	36518116	2	2	1	1	0	16
chr3	36608075	36608192	1	1	1	1	0	24
chr3	36617407	36619366	1	1	1	1	0	36
chr3	37095630	37095852	1	1	1	1	0	15
chr3	37102310	37102662	1	1	1	1	0	42
chr3	40739160	40739710	1	1	1	1	0	9
chr3	40905120	40916042	1	1	1	6	0	43
chr3	40905386	40916042	1	1	1	2	0	24
chr3	40916102	40916603	1	1	1	8	0	35
chr3	40916224	40916603	1	1	1	1	0	13
chr3	40916664	40918402	1	1	1	7	0	42
chr3	40918578	40921799	1	1	1	1	0	7
chr3	41024871	41037029	2	2	1	1	0	24
chr3	41611832	41616006	2	2	1	1	0	42
chr3	41636223	41636716	2	2	1	1	0	31
chr3	41636808	41657820	2	2	1	1	0	28
chr3	41657892	41663903	2	2	1	1	0	18
chr3	41663970	41665517	2	2	1	1	0	8
chr3	51313041	51314756	2	2	1	65	10	45
chr3	51314834	51315565	2	2	1	22	0	42
chr3	51315670	51316284	2	2	1	4	0	44
chr3	51363425	51364718	1	1	1	1	0	5
chr3	51366172	51367367	1	1	1	2	0	30
chr3	51367582	51368504	1	1	1	3	0	36
chr3	52253812	52254416	1	1	1	5	0	40
chr3	53765417	53766662	2	2	1	1	0	33
chr3	53766696	53767654	2	2	1	1	0	13
chr3	53767695	53768635	2	2	1	2	0	35
chr3	54604431	54606013	1	1	1	1	0	34
chr3	54636315	54636614	2	2	1	4	0	43
chr3	54638593	54639401	2	2	1	1	0	44
chr3	54649661	54652018	1	1	1	1	0	22
chr3	54656115	54656649	1	1	1	1	0	8
chr3	57345187	57348494	1	1	1	2	0	22
chr3	57703707	57709867	1	1	1	1	0	11
chr3	58431290	58432503	2	2	1	3	0	12
chr3	58432580	58432830	2	2	1	2	0	4
chr3	58456386	58459989	1	1	1	2	0	25
chr3	59939363	59943231	1	1	1	1	0	12
chr3	60437226	60503014	1	1	1	1	0	43
chr3	62384791	62384926	2	2	1	1	0	29
chr3	62399854	62401150	2	2	1	2	0	30
chr3	63235710	63237070	1	1	1	1	0	34
chr3	63897770	63897937	1	1	1	1	0	36
chr3	63921806	63922845	1	1	1	1	0	22
chr3	63923019	63924053	1	1	1	0	2	37
chr3	64360229	64367414	1	1	1	0	2	37
chr3	64512058	64513092	1	1	1	0	1	14
chr3	65855825	65855916	2	2	1	1	0	12
chr3	66903924	66989868	1	1	1	1	0	42
chr3	66990043	67088161	1	1	1	2	0	37
chr3	67088199	67113758	1	1	1	2	0	31
chr3	67364044	67365220	1	1	1	1	0	7
chr3	67492030	67492930	1	1	1	1	0	40
chr3	67507386	67507925	1	1	1	1	0	23
chr3	67507974	67508654	1	1	1	4	0	21
chr3	67508713	67510027	1	1	1	3	0	30
chr3	68924113	68925403	1	1	1	1	0	15
chr3	68925545	68926507	1	1	1	1	0	11
chr3	68926659	68928568	1	1	1	1	0	3
chr3	68940592	68941270	1	1	1	1	0	17
chr3	68981521	68984082	2	2	1	2	0	37
chr3	75428417	75434894	2	2	1	1	0	10
chr3	75435022	75436116	2	2	1	0	1	8
chr3	75793651	75793979	2	2	1	1	0	5
chr3	75794148	75797828	2	2	1	5	0	36
chr3	75797939	75799195	2	2	1	1	0	14
chr3	75817366	75818881	2	2	1	1	0	45
chr3	79509793	79510337	1	1	1	2	0	25
chr3	79522454	79523230	2	2	1	1	0	30
chr3	79530275	79530847	2	2	1	2	0	8
chr3	81867868	81868739	2	2	1	1	0	17
chr3	81868820	81870031	2	2	1	1	0	43
chr3	81874400	81875391	2	2	1	3	0	6
chr3	82394089	82394115	2	2	1	0	2	42
chr3	82915290	82915459	1	1	1	5	0	42
chr3	82915505	82915680	1	1	1	5	0	26
chr3	82915865	82915954	1	1	1	7	0	45
chr3	82916049	82917370	1	1	1	4	0	21
chr3	82917502	82917762	1	1	1	1	0	12
chr3	82917897	82918651	1	1	1	3	0	25
chr3	82918837	82920070	1	1	1	5	0	39
chr3	82920349	82921444	1	1	1	11	0	46
chr3	82921615	82922141	1	1	1	282	0	46
chr3	82935958	82936388	1	1	1	1	0	34
chr3	82936573	82937491	1	1	1	1	0	10
chr3	82949942	82950538	2	2	1	8	0	46
chr3	82950825	82951083	2	2	1	13	0	46
chr3	82951210	82951525	2	2	1	13	0	41
chr3	82951640	82952179	2	2	1	11	0	41
chr3	82952408	82953308	2	2	1	41	0	45
chr3	82953493	82953960	2	2	1	34	0	44
chr3	82954156	82956987	2	2	1	5	0	20
chr3	82978691	82979417	1	1	1	1	0	12
chr3	84872690	84874746	1	1	1	1	0	39
chr3	86020486	86022093	1	1	1	1	0	23
chr3	86045418	86045789	2	2	1	55	0	46
chr3	86045900	86046346	2	2	1	8	0	34
chr3	86046556	86048545	2	2	1	0	1	40
chr3	86908781	86912803	2	2	1	2	0	20
chr3	86912883	86919436	2	2	1	1	0	12
chr3	87814022	87820397	1	1	1	3	0	26
chr3	87820759	87821358	1	1	1	1	0	21
chr3	87821998	87822208	1	1	1	1	0	41
chr3	87829799	87830241	1	3	1	1	0	45
chr3	87830373	87830516	1	1	1	8	0	42
chr3	87961768	87962009	1	1	1	1	0	44
chr3	87962061	87962264	1	1	1	1	0	19
chr3	87964084	87964292	2	2	1	2	0	27
chr3	88355449	88356986	2	2	1	1	0	15
chr3	88389408	88389652	2	2	1	5	0	30
chr3	88390721	88391133	2	2	1	2	0	41
chr3	88395739	88410054	2	2	1	2	0	9
chr3	88457312	88458002	2	2	1	16	0	45
chr3	88458093	88459661	2	2	1	2	0	42
chr3	88459825	88460102	2	2	1	1	0	27
chr3	88607316	88607668	1	1	1	1	0	21
chr3	88684822	88691614	1	1	1	0	2	30
chr3	88744828	88753694	1	1	1	0	2	30
chr3	88915185	88930337	1	1	1	1	0	24
chr3	89001151	89001537	2	2	1	18	0	34
chr3	89001673	89001758	2	2	1	1	0	16
chr3	89002240	89002320	2	2	1	2	0	43
chr3	89006748	89007975	2	2	1	0	2	29
chr3	89082382	89082464	1	1	1	2	0	31
chr3	89117491	89117572	2	2	1	1	0	21
chr3	89154436	89156380	1	1	1	9	0	45
chr3	89156448	89156877	1	1	1	8	0	42
chr3	89299814	89304579	1	1	1	1	0	24
chr3	89301701	89304579	1	1	1	1	0	20
chr3	89310609	89310702	2	2	1	1	0	40
chr3	89903018	89903120	2	2	1	3	0	41
chr3	89908299	89909585	2	2	1	1	0	44
chr3	89952239	89955076	2	2	1	1	0	36
chr3	89994880	89994980	1	1	1	2	0	29
chr3	90120061	90120240	2	2	1	36	3	46
chr3	90120352	90120499	2	2	1	34	0	39
chr3	90120609	90120916	2	2	1	1	0	23
chr3	90170022	90170477	1	1	1	1	0	16
chr3	90256004	90256661	1	1	1	1	0	30
chr3	90418452	90421535	1	1	1	1	0	41
chr3	90419457	90421507	2	2	1	1	0	18
chr3	90422327	90423156	1	1	1	1	0	37
chr3	90423350	90431659	1	1	1	1	0	43
chr3	94280239	94282341	1	1	1	3	0	39
chr3	94408579	94409476	2	2	1	1	0	22
chr3	94607020	94607244	1	1	1	1	0	22
chr3	94609706	94609787	1	1	1	0	1	40
chr3	94609910	94610793	1	1	1	2	0	40
chr3	94610887	94611028	1	1	1	0	2	46
chr3	94611148	94611360	1	1	1	1	0	25
chr3	94672968	94674426	2	2	1	1	0	25
chr3	94680956	94681512	2	4	1	1	0	40
chr3	94791752	94791981	2	2	1	35	0	45
chr3	94792071	94792227	2	2	1	10	0	44
chr3	94793053	94793385	2	2	1	1	0	38
chr3	94793533	94793751	2	2	1	2	0	16
chr3	94849854	94849935	1	1	1	0	1	40
chr3	94850058	94851149	1	1	1	2	0	40
chr3	94851243	94851385	1	1	1	0	2	46
chr3	94940296	94940792	2	2	1	1	0	33
chr3	94942636	94943120	2	2	1	4	0	23
chr3	95018526	95025535	1	3	1	1	0	7
chr3	95036056	95036398	1	1	1	1	0	44
chr3	95037195	95037474	2	2	1	1	0	40
chr3	95201079	95202105	1	1	1	1	0	35
chr3	95529966	95530031	2	2	1	0	3	29
chr3	95770245	95777805	2	2	1	3	0	33
chr3	95805525	95806112	2	2	1	1	0	43
chr3	96537871	96538181	1	1	1	1	0	35
chr3	96538885	96539004	1	1	1	4	0	36
chr3	97073933	97075302	1	1	1	2	0	28
chr3	97083110	97083646	1	1	1	8	0	34
chr3	97470004	97470772	2	2	1	3	0	18
chr3	97474146	97476416	2	2	1	1	0	28
chr3	97478384	97479876	2	2	1	1	0	27
chr3	97627034	97631404	2	2	1	1	0	18
chr3	97654080	97654832	2	2	1	1	0	44
chr3	97654915	97655080	2	2	1	2	0	24
chr3	98206607	98208888	1	1	1	3	0	43
chr3	98208996	98209937	1	1	1	2	0	38
chr3	98210064	98210480	1	1	1	1	0	8
chr3	98537567	98552788	2	2	1	1	0	18
chr3	98648922	98649758	1	5	1	1	0	28
chr3	100527469	100539819	2	2	1	1	0	5
chr3	101484327	101486309	2	2	1	1	0	6
chr3	101490155	101491060	2	2	1	2	0	4
chr3	102936529	102946007	1	1	1	1	0	33
chr3	102947850	102948460	1	1	1	1	0	35
chr3	102962829	102963660	1	1	1	1	0	46
chr3	102963794	102964201	1	1	1	10	0	42
chr3	103218830	103228860	1	1	1	1	0	28
chr3	103671898	103676713	2	2	1	1	0	13
chr3	104560904	104562763	1	1	1	1	0	12
chr3	105639388	105645070	2	2	1	1	0	27
chr3	105645215	105646829	2	2	1	0	2	24
chr3	105850380	105851002	2	2	1	8	0	36
chr3	105851183	105858906	2	2	1	1	0	17
chr3	105861498	105863211	2	2	1	1	0	23
chr3	105863358	105866177	2	2	1	1	0	11
chr3	106411061	106411841	2	2	1	1	0	30
chr3	106462625	106469064	1	1	1	1	0	36
chr3	107579453	107580751	2	2	1	1	0	37
chr3	107804007	107804603	1	1	1	1	0	27
chr3	107804879	107805282	1	1	1	1	0	29
chr3	107848601	107849448	2	2	1	1	0	17
chr3	107891541	107892364	2	2	1	1	0	35
chr3	107919617	107919816	1	3	1	1	0	19
chr3	107920095	107922068	2	2	1	2	0	41
chr3	107922357	107923643	2	2	1	1	1	18
chr3	107923745	107923834	2	2	1	2	1	36
chr3	107951276	107951668	2	2	1	1	0	41
chr3	107951745	107951952	2	2	1	1	0	38
chr3	108019919	108023078	2	2	1	1	0	13
chr3	108176247	108179606	1	1	1	1	0	22
chr3	108179694	108187050	1	1	1	0	2	37
chr3	108568812	108569247	1	1	1	1	0	29
chr3	108733399	108734341	2	2	1	2	0	16
chr3	108812079	108812426	2	2	1	2	0	15
chr3	113349823	113351741	2	2	1	18	0	40
chr3	116696641	116696717	1	1	1	1	0	22
chr3	116721339	116741559	2	2	1	1	0	26
chr3	116762270	116762559	2	2	1	1	0	15
chr3	118575647	118590996	1	1	1	1	0	45
chr3	118597782	118604828	1	1	1	2	0	45
chr3	118690851	118692815	1	1	1	0	1	3
chr3	118692986	118710721	1	1	1	1	0	45
chr3	118858693	118929370	1	1	1	1	0	39
chr3	119108581	119205782	1	1	1	2	0	35
chr3	120964832	120964923	2	2	1	1	0	26
chr3	121563067	121563163	2	2	1	3	0	32
chr3	121563242	121565951	2	2	1	4	0	23
chr3	121566016	121567637	2	2	1	2	0	10
chr3	121567883	121569079	2	2	1	2	0	5
chr3	121569364	121569450	2	2	1	1	0	22
chr3	121578220	121579650	2	2	1	2	0	42
chr3	121784772	121785510	1	1	1	1	0	16
chr3	121785576	121785982	1	1	1	5	0	32
chr3	122058558	122059876	1	1	1	1	0	19
chr3	122072534	122078775	1	1	1	1	0	35
chr3	122078153	122078705	1	1	1	3	0	32
chr3	122220404	122248701	1	1	1	1	0	15
chr3	122363392	122364539	2	2	1	3	0	38
chr3	122718306	122719127	1	1	1	2	0	17
chr3	123148735	123149371	1	1	1	2	0	20
chr3	123301310	123301465	2	2	1	4	0	31
chr3	123301512	123301760	2	2	1	3	0	23
chr3	127341196	127346831	2	2	1	1	0	26
chr3	127610656	127614408	2	2	1	1	0	3
chr3	127614435	127616232	2	2	1	1	0	26
chr3	127616260	127616913	2	2	1	1	0	27
chr3	127616963	127630797	2	2	1	1	0	43
chr3	129115151	129125510	2	2	1	3	0	16
chr3	129255991	129256226	1	3	1	0	1	27
chr3	129618859	129619196	2	2	1	1	0	16
chr3	129638578	129640483	2	2	1	2	0	28
chr3	129642485	129644342	1	1	1	1	0	29
chr3	129652118	129652361	1	1	1	1	0	14
chr3	129652473	129655614	1	1	1	1	0	12
chr3	129661960	129662129	1	1	1	2	0	17
chr3	129668040	129668569	1	1	1	3	0	39
chr3	130520609	130522396	2	2	1	91	85	45
chr3	130522501	130522699	2	2	1	48	0	45
chr3	130522800	130522877	2	2	1	4	0	36
chr3	130522952	130523966	2	2	1	0	1	9
chr3	131087334	131089036	2	4	1	1	0	38
chr3	132390156	132392532	1	3	1	1	0	15
chr3	132431522	132432417	1	1	1	1	0	20
chr3	132432468	132432811	1	1	1	1	0	22
chr3	133045111	133053824	1	1	1	3	0	19
chr3	133082350	133083607	1	1	1	2	0	18
chr3	135165842	135168710	1	1	1	1	0	28
chr3	135168805	135170955	1	1	1	1	0	17
chr3	136422417	136422488	2	4	1	1	0	23
chr3	137817513	137818220	2	2	1	1	0	38
chr3	137985594	137986134	1	1	1	1	0	15
chr3	137986274	137988196	1	1	1	1	1	31
chr3	137988285	137988375	1	1	1	4	0	25
chr3	137992714	137994509	1	1	1	6	0	42
chr3	137994623	137996346	2	2	1	1	14	23
chr3	137994646	137995562	1	1	1	25	0	46
chr3	137995587	137996397	2	4	1	1	0	25
chr3	137995702	137996295	1	1	1	336	0	45
chr3	138088914	138091594	1	1	1	9	0	41
chr3	138123988	138124950	1	1	1	1	0	6
chr3	138128155	138129754	1	1	1	1	0	30
chr3	138130016	138133731	1	1	1	1	0	14
chr3	138134937	138136485	1	1	1	22	0	44
chr3	138151153	138152843	1	1	1	1	0	8
chr3	138159639	138160428	1	1	1	3	0	41
chr3	138160568	138160845	1	1	1	32	0	45
chr3	141948531	141950656	2	2	1	1	0	31
chr3	142314084	142316712	1	1	1	1	0	38
chr3	142515326	142515402	2	2	1	1	0	20
chr3	142559476	142587371	2	2	1	2	1	22
chr3	144283515	144296372	1	1	1	1	0	33
chr3	144390901	144397660	2	2	1	1	0	42
chr3	144397890	144402614	2	2	1	1	0	33
chr3	144411367	144412358	2	2	1	1	0	18
chr3	144412493	144414993	2	2	1	1	0	24
chr3	144415856	144415981	1	1	1	0	1	33
chr3	145288388	145298570	1	1	1	1	0	29
chr3	145594983	145597196	1	1	1	2	0	13
chr3	146138373	146138727	1	1	1	1	0	19
chr3	146209155	146211088	1	1	1	4	9	38
chr3	146212331	146212826	2	2	1	1	0	19
chr3	146316244	146318037	1	1	1	2	0	34
chr3	146318155	146318247	1	1	1	1	0	5
chr3	146318327	146330218	1	1	1	1	0	22
chr3	146330403	146331509	1	1	1	1	0	11
chr3	146333640	146336287	1	1	1	4	0	39
chr3	151920525	151921228	1	3	1	1	0	30
chr3	151925484	151925569	1	1	1	2	0	28
chr3	151925669	151925772	1	1	1	10	0	41
chr3	151937660	151938031	1	1	1	1	0	34
chr3	151958594	151958687	2	2	1	3	0	29
chr3	153613379	153613691	2	2	1	1	0	30
chr3	153628640	153631301	2	2	1	4	0	44
chr3	153638773	153641931	2	2	1	5	1	44
chr3	153642063	153643339	2	2	1	2	0	13
chr3	153643421	153644190	2	2	1	1	0	31
chr3	153644292	153644533	2	2	1	4	0	44
chr3	153644604	153644706	2	2	1	2	0	36
chr3	153644805	153647519	2	2	1	1	0	11
chr3	157240112	157241970	1	1	1	2	0	18
chr3	157242024	157242114	1	1	1	1	0	23
chr3	157242024	157243223	1	1	1	1	0	21
chr3	157242224	157243223	1	1	1	1	0	9
chr3	157243307	157246269	1	1	1	4	0	39
chr3	157246827	157247336	1	1	1	3	0	34
chr3	157610835	157611819	2	2	1	2	0	10
chr3	157614614	157616519	2	2	1	1	0	29
chr3	157616578	157619236	2	2	1	1	0	5
chr3	157619369	157624062	2	2	1	1	0	19
chr3	157624173	157625653	2	2	1	1	0	39
chr3	157719679	157721958	2	2	1	2	0	35
chr3	157722091	157723446	2	2	1	7	0	39
chr4	3834684	3834935	2	2	1	13	1	46
chr4	3942820	3943387	1	1	1	2	0	42
chr4	8578038	8578470	1	1	1	1	0	34
chr4	8578564	8582381	1	1	1	4	0	33
chr4	8753149	8785341	1	1	1	2	0	42
chr4	9595416	9598268	2	2	1	1	0	33
chr4	9598302	9601306	2	2	1	1	0	21
chr4	10848627	10848866	1	1	1	0	1	14
chr4	11051226	11053431	2	2	1	3	0	28
chr4	11053489	11059011	2	2	1	1	0	10
chr4	11204584	11208825	2	2	1	1	0	6
chr4	11527884	11528537	1	1	1	1	0	39
chr4	14822773	14825498	2	2	1	1	0	32
chr4	14825654	14826290	2	2	1	1	0	32
chr4	14989280	15004968	2	2	1	1	0	4
chr4	15919095	15919193	2	2	1	18	0	44
chr4	15919257	15919831	2	2	1	3	0	41
chr4	15919979	15922484	2	2	1	1	0	28
chr4	15989116	15991181	1	1	1	1	0	19
chr4	15991232	15992433	1	1	1	5	0	24
chr4	19536626	19540740	2	2	1	2	0	36
chr4	19601444	19602642	1	1	1	1	0	44
chr4	19605537	19606084	1	1	1	5	0	37
chr4	19611814	19618284	2	2	1	1	0	18
chr4	19631206	19635253	2	2	1	1	0	27
chr4	19672544	19673155	2	2	1	2	0	24
chr4	19678436	19687790	2	2	1	2	0	42
chr4	19687887	19708838	2	2	1	1	0	41
chr4	20052749	20054063	1	1	1	2	0	30
chr4	21860992	21861986	1	1	1	3	0	31
chr4	21862178	21865876	1	1	1	1	0	19
chr4	25254690	25254770	2	2	1	1	0	33
chr4	25262327	25265422	2	2	1	3	0	18
chr4	31473805	31484064	1	1	1	1	0	14
chr4	32765277	32765661	1	1	1	1	0	6
chr4	33324978	33325058	1	1	1	1	0	18
chr4	33325148	33329519	1	1	1	1	0	19
chr4	33329596	33330841	1	1	1	2	0	9
chr4	34571809	34572464	2	2	1	1	0	8
chr4	34659555	34659983	1	1	1	3	0	42
chr4	40143542	40163718	1	1	1	2	0	5
chr4	40182926	40198238	2	2	1	2	1	26
chr4	40269720	40270037	1	1	1	2	0	39
chr4	40270848	40272809	2	2	1	20	0	45
chr4	40272855	40277652	2	2	1	10	0	36
chr4	40722634	40723702	1	1	1	1	0	43
chr4	40723845	40723972	1	1	1	1	0	20
chr4	40726210	40727955	1	1	1	0	5	36
chr4	40737396	40738289	2	2	1	2	0	5
chr4	40748659	40751924	2	2	1	1	0	14
chr4	40936677	40937131	2	2	1	1	0	17
chr4	40937195	40939076	2	2	1	2	0	13
chr4	40939185	40941524	2	2	1	1	0	35
chr4	40941639	40943624	2	2	1	3	0	30
chr4	41756423	41756512	1	1	1	1	0	20
chr4	41756562	41756681	1	1	1	1	0	9
chr4	41758239	41758502	1	1	1	7	0	41
chr4	41769606	41769857	1	3	1	3	0	26
chr4	41769655	41769843	2	2	1	1	1	33
chr4	42158473	42158661	1	1	1	0	1	24
chr4	42655632	42655820	1	1	1	0	1	24
chr4	42980635	42980793	2	2	1	2	0	26
chr4	42983150	42983363	2	2	1	1	0	12
chr4	42983577	42984303	2	2	1	1	0	11
chr4	42988765	42990745	2	2	1	1	1	18
chr4	42993280	42993685	2	2	1	1	0	13
chr4	43029905	43030048	2	2	1	1	0	15
chr4	43051693	43053153	1	1	1	1	0	18
chr4	43493760	43495194	1	1	1	1	0	15
chr4	43495433	43495508	1	1	1	2	0	40
chr4	43495622	43495696	1	1	1	1	0	24
chr4	43519298	43519388	2	2	1	2	0	39
chr4	43648201	43648346	1	1	1	1	0	3
chr4	43648416	43650148	1	1	1	1	0	20
chr4	43650493	43650707	1	1	1	1	0	18
chr4	43654412	43654512	2	2	1	27	0	44
chr4	43654586	43654715	2	2	1	3	0	36
chr4	43654821	43654905	2	2	1	1	0	8
chr4	44929236	44931035	1	1	1	2	0	33
chr4	44989051	44990376	1	1	1	1	0	21
chr4	45882861	45884541	1	1	1	2	0	44
chr4	45884689	45885250	1	1	1	1	0	37
chr4	46026160	46029646	1	1	1	1	0	33
chr4	46124149	46124899	2	2	1	2	0	12
chr4	46175416	46183117	2	2	1	1	0	41
chr4	46463930	46468558	1	1	1	3	0	31
chr4	46468788	46469882	1	1	1	1	0	7
chr4	46470008	46471397	1	1	1	2	0	20
chr4	47270378	47270911	1	1	1	2	0	24
chr4	47474754	47474911	1	1	1	1	0	12
chr4	47480233	47482974	1	1	1	5	0	46
chr4	48167044	48167205	1	1	1	1	0	5
chr4	48167257	48180669	1	1	1	1	0	36
chr4	48180757	48181498	1	1	1	1	0	18
chr4	48194710	48196802	2	2	1	2	0	20
chr4	48219528	48236872	2	2	1	1	0	31
chr4	48243550	48279383	2	2	1	1	0	12
chr4	49536889	49538127	2	2	1	4	0	40
chr4	49538328	49538717	2	2	1	6	0	40
chr4	49539797	49541130	2	2	1	1	0	38
chr4	49541292	49542793	2	2	1	1	0	3
chr4	49649406	49649725	1	1	1	4	0	13
chr4	49649848	49649962	1	1	1	2	0	34
chr4	49654317	49654446	1	1	1	1	0	5
chr4	53034084	53035336	2	2	1	1	0	33
chr4	53079685	53080765	2	2	1	1	0	41
chr4	53095678	53107005	2	2	1	3	0	22
chr4	53563222	53565396	1	1	1	1	0	37
chr4	56781218	56784537	2	2	1	1	0	8
chr4	57943968	57945146	2	2	1	24	0	40
chr4	57945213	57950838	2	2	1	5	0	29
chr4	57950899	57951796	2	2	1	2	0	3
chr4	58800321	58801732	2	2	1	5	0	44
chr4	58809589	58809681	2	2	1	1	0	33
chr4	58811944	58812643	2	2	1	1	0	17
chr4	58861645	58864346	2	2	1	1	0	5
chr4	58864429	58869414	2	2	1	1	0	5
chr4	59482638	59485338	2	2	1	1	0	22
chr4	59485373	59485606	2	2	1	1	0	34
chr4	59594511	59596862	1	1	1	1	0	8
chr4	59956895	60066560	1	1	1	0	28	36
chr4	59956895	60136022	1	1	1	0	28	36
chr4	59956895	60218710	1	1	1	0	28	36
chr4	59956895	60374135	1	1	1	0	28	36
chr4	59956895	60454101	1	1	1	0	28	36
chr4	59956895	60534349	1	1	1	0	28	36
chr4	59956895	60614555	1	1	0	0	8	18
chr4	59956895	60693471	1	1	1	0	28	36
chr4	59956895	60773675	1	1	1	0	28	36
chr4	59956895	61180397	1	1	1	0	28	36
chr4	59956895	61256127	1	1	1	0	28	36
chr4	59956895	61354115	1	1	1	0	28	36
chr4	59956895	61510256	1	1	0	0	6	18
chr4	59956895	61588504	1	1	0	0	6	18
chr4	59956895	61696651	1	1	1	0	28	36
chr4	59957058	59957844	2	2	1	0	3	27
chr4	60006235	60089377	1	1	1	0	4	38
chr4	60006235	60244827	1	1	1	0	4	38
chr4	60066537	60067774	1	1	1	0	2	41
chr4	60066537	60089528	1	1	1	0	1	41
chr4	60066537	60137238	1	1	1	0	2	41
chr4	60066560	60136022	1	1	1	1	1	36
chr4	60066579	60068218	1	1	1	0	4	20
chr4	60066579	60137680	1	1	1	0	4	20
chr4	60066579	60220369	1	1	1	0	4	20
chr4	60066615	60477136	2	2	1	0	32	34
chr4	60066615	60716487	2	2	1	0	32	34
chr4	60066622	60069749	1	1	1	0	3	40
chr4	60066622	60139235	1	1	1	0	1	40
chr4	60066667	60067509	2	2	1	0	22	38
chr4	60066723	60067478	2	2	1	0	3	21
chr4	60066723	60067509	2	2	1	0	1849	46
chr4	60067556	60067719	2	2	1	0	864	46
chr4	60067822	60068164	2	2	1	0	419	46
chr4	60068276	60068900	2	2	1	0	265	46
chr4	60068972	60069732	2	2	1	2	0	33
chr4	60068975	60069732	2	2	1	19	91	46
chr4	60069867	60070204	2	2	1	25	126	45
chr4	60136046	60137267	2	2	1	0	1	18
chr4	60136077	60477136	2	2	1	0	34	34
chr4	60136077	60716487	2	2	1	0	34	34
chr4	60136084	60139235	1	1	1	0	3	40
chr4	60136129	60136974	2	2	1	0	22	38
chr4	60136185	60136974	2	2	1	0	1849	46
chr4	60137021	60137183	2	2	1	0	1737	46
chr4	60137286	60137626	2	2	1	0	557	46
chr4	60137738	60138386	2	2	1	0	222	46
chr4	60138461	60139218	2	2	1	0	72	46
chr4	60139353	60139690	2	2	1	0	22	37
chr4	60139752	60219884	1	1	1	0	2	24
chr4	60139806	60218661	1	1	1	0	2	37
chr4	60218729	60244834	1	1	1	0	1	21
chr4	60218765	60477136	2	2	1	0	9	34
chr4	60218765	60716487	2	2	1	0	9	34
chr4	60218817	60219661	2	2	1	0	22	38
chr4	60218873	60219661	2	2	1	0	1845	46
chr4	60219708	60219871	2	2	1	0	1737	46
chr4	60219974	60220315	2	2	1	0	557	46
chr4	60220427	60221059	2	2	1	0	219	46
chr4	60221134	60221901	2	2	1	0	7	7
chr4	60222036	60222373	2	2	1	0	159	45
chr4	60243838	60244001	1	1	1	0	2	14
chr4	60374154	60396866	1	1	1	0	1	21
chr4	60374190	60477136	2	2	1	0	9	34
chr4	60374190	60716487	2	2	1	0	9	34
chr4	60374197	60377334	1	1	1	0	1	40
chr4	60374298	60375086	2	2	1	9	659	46
chr4	60375133	60375295	2	2	1	0	1737	46
chr4	60375398	60375737	2	2	1	0	557	46
chr4	60375849	60376485	2	2	1	0	265	46
chr4	60376557	60377317	2	2	1	0	2	42
chr4	60376560	60377317	2	2	1	0	90	46
chr4	60377452	60377789	2	2	1	0	242	45
chr4	60377905	60454052	1	1	1	0	2	37
chr4	60454156	60477136	2	2	1	0	9	34
chr4	60454156	60716487	2	2	1	0	9	34
chr4	60454159	60457805	2	2	1	1	0	23
chr4	60454163	60457297	1	1	1	0	1	40
chr4	60454208	60455054	2	2	1	0	22	38
chr4	60454264	60455023	2	2	1	0	3	21
chr4	60454264	60455054	2	2	1	0	1847	46
chr4	60455101	60455264	2	2	1	0	864	46
chr4	60455367	60455709	2	2	1	0	419	46
chr4	60455821	60456437	2	2	1	0	221	46
chr4	60456512	60457280	2	2	1	0	72	46
chr4	60457415	60457752	2	2	1	2	211	45
chr4	60475542	60476974	1	1	1	0	2	15
chr4	60534373	60535592	2	2	1	0	1	18
chr4	60534404	60716487	2	2	1	0	34	34
chr4	60534411	60617745	1	1	1	0	1	40
chr4	60534411	60696663	1	1	1	0	1	40
chr4	60534456	60535299	2	2	1	0	22	38
chr4	60534512	60535299	2	2	1	0	1847	46
chr4	60535346	60535508	2	2	1	0	1723	46
chr4	60535611	60535951	2	2	1	0	558	46
chr4	60536063	60536677	2	2	1	0	265	46
chr4	60536749	60537519	2	2	1	0	3	42
chr4	60536752	60537519	2	2	1	0	90	46
chr4	60537654	60537991	2	2	1	0	242	45
chr4	60614574	60617830	1	1	1	1	0	16
chr4	60614574	60693489	1	1	1	1	17395	46
chr4	60614579	60615799	2	2	1	0	2	18
chr4	60614579	60694717	2	2	1	0	2	18
chr4	60614662	60615506	2	2	1	18	6	38
chr4	60614718	60615506	2	2	1	0	1846	46
chr4	60615553	60615715	2	2	1	0	1737	46
chr4	60615818	60616158	2	2	1	0	559	46
chr4	60616270	60616886	2	2	1	0	222	46
chr4	60616961	60617728	2	2	1	0	72	46
chr4	60617863	60618200	2	2	1	0	243	45
chr4	60693526	60716487	2	2	1	0	9	34
chr4	60693533	60696663	1	1	1	0	3	40
chr4	60693578	60694423	2	2	1	0	22	38
chr4	60693634	60694392	2	2	1	0	3	21
chr4	60693634	60694423	2	2	1	0	1847	46
chr4	60694470	60694633	2	2	1	0	864	46
chr4	60694736	60695078	2	2	1	0	422	46
chr4	60695190	60695803	2	2	1	0	222	46
chr4	60695878	60696646	2	2	1	0	72	46
chr4	60696781	60697118	2	2	1	3	158	45
chr4	60773699	60774918	2	2	1	0	1	18
chr4	60773782	60774625	2	2	1	0	22	38
chr4	60773838	60774625	2	2	1	0	1847	46
chr4	60774672	60774834	2	2	1	0	1723	46
chr4	60774937	60775277	2	2	1	0	558	46
chr4	60775389	60776004	2	2	1	0	265	46
chr4	60776076	60776846	2	2	1	0	3	42
chr4	60776079	60776846	2	2	1	0	90	46
chr4	60776981	60777318	2	2	1	0	243	45
chr4	60795459	60795622	1	1	1	0	1	37
chr4	61121138	61122570	1	1	0	0	2	15
chr4	61180421	61181642	2	2	1	0	1	18
chr4	61180459	61183608	1	1	1	0	3	40
chr4	61180459	61357318	1	1	1	0	1	40
chr4	61180504	61181349	2	2	1	0	22	38
chr4	61180560	61181349	2	2	1	0	1849	46
chr4	61181396	61181558	2	2	1	0	1737	46
chr4	61181661	61182003	2	2	1	0	557	46
chr4	61182115	61182749	2	2	1	0	58	15
chr4	61182824	61183591	2	2	1	0	5	46
chr4	61183726	61184063	2	2	1	0	200	45
chr4	61201660	61282216	1	1	0	0	2	15
chr4	61256151	61257371	2	2	1	0	1	18
chr4	61256189	61259337	1	1	1	0	2	16
chr4	61256189	61357318	1	1	1	0	1	40
chr4	61256189	61437106	1	1	1	0	1	40
chr4	61256234	61257078	2	2	1	0	22	38
chr4	61256290	61257078	2	2	1	0	1849	46
chr4	61257125	61257287	2	2	1	0	1737	46
chr4	61257390	61257730	2	2	1	0	557	46
chr4	61257842	61258478	2	2	1	0	222	46
chr4	61258550	61259320	2	2	1	1	0	31
chr4	61258553	61259320	2	2	1	9	41	44
chr4	61259455	61259792	2	2	1	0	186	45
chr4	61276809	61282216	1	1	0	0	2	15
chr4	61276809	61373989	1	1	0	0	2	15
chr4	61281227	61281390	1	1	1	0	2	14
chr4	61354092	61355329	1	1	1	0	2	41
chr4	61354092	61374141	1	1	1	0	1	41
chr4	61354092	61435131	1	1	1	0	2	41
chr4	61354134	61355773	1	1	1	0	4	20
chr4	61354134	61435573	1	1	1	0	4	20
chr4	61354134	61511911	1	1	1	0	4	20
chr4	61354134	61590162	1	1	1	0	4	20
chr4	61354177	61357318	1	1	1	0	3	40
chr4	61354177	61437106	1	1	1	0	1	40
chr4	61354177	61513446	1	1	1	0	1	40
chr4	61354222	61355064	2	2	1	0	22	38
chr4	61354278	61355033	2	2	1	0	3	21
chr4	61354278	61355064	2	2	1	0	1849	46
chr4	61355111	61355274	2	2	1	0	864	46
chr4	61355377	61355719	2	2	1	0	419	46
chr4	61355831	61356459	2	2	1	0	222	46
chr4	61356534	61357301	2	2	1	0	72	46
chr4	61357436	61357773	2	2	1	1	22	37
chr4	61357835	61435089	1	1	1	0	2	24
chr4	61372557	61373989	1	1	0	0	2	15
chr4	61372557	61456010	1	1	0	0	2	15
chr4	61433943	61435160	2	2	1	0	2	18
chr4	61433943	61511498	2	2	1	0	2	18
chr4	61433966	61434041	1	1	1	0	2	32
chr4	61434026	61434867	2	2	1	0	4	38
chr4	61434082	61434867	2	2	1	0	1846	46
chr4	61434914	61435076	2	2	1	0	1723	46
chr4	61435179	61435519	2	2	1	0	558	46
chr4	61435631	61436247	2	2	1	0	265	46
chr4	61436319	61437089	2	2	1	0	2	42
chr4	61436322	61437089	2	2	1	0	90	46
chr4	61437224	61437561	2	2	1	5	102	42
chr4	61454577	61456010	1	1	0	0	2	15
chr4	61454577	61530020	1	1	0	0	2	15
chr4	61455021	61455184	1	1	1	0	1	37
chr4	61510275	61696669	1	1	1	0	17153	46
chr4	61510280	61511498	2	2	1	0	2	18
chr4	61510280	61589749	2	2	1	0	2	18
chr4	61510363	61511205	2	2	1	4	5	38
chr4	61510419	61511205	2	2	1	93	0	46
chr4	61511252	61511414	2	2	1	15	1737	46
chr4	61511517	61511857	2	2	1	3	377	46
chr4	61511969	61512587	2	2	1	1	161	46
chr4	61512662	61513429	2	2	1	0	92	46
chr4	61513564	61513901	2	2	1	0	198	45
chr4	61528588	61530020	1	1	0	0	2	15
chr4	61588481	61589720	1	1	1	0	1	21
chr4	61588523	61696669	1	1	1	2	16702	44
chr4	61588551	61588626	1	1	1	0	2	32
chr4	61588611	61589456	2	2	1	0	4	38
chr4	61588667	61589456	2	2	1	0	1846	46
chr4	61589503	61589665	2	2	1	16	1665	46
chr4	61589768	61590108	2	2	1	0	557	46
chr4	61590220	61590848	2	2	1	0	264	46
chr4	61590920	61591691	2	2	1	0	2	42
chr4	61590923	61591691	2	2	1	0	90	46
chr4	61591826	61592163	2	2	1	0	243	45
chr4	61619592	61619755	1	1	1	0	2	14
chr4	61696670	61719281	1	1	1	0	1	21
chr4	61696713	61699844	1	1	1	0	3	40
chr4	61696758	61697603	2	2	1	0	22	38
chr4	61696814	61697603	2	2	1	0	1849	46
chr4	61697650	61697812	2	2	1	0	1737	46
chr4	61697915	61698255	2	2	1	0	556	46
chr4	61698367	61698995	2	2	1	0	264	46
chr4	61699067	61699827	2	2	1	0	2	42
chr4	61699070	61699827	2	2	1	0	90	46
chr4	61699962	61700299	2	2	1	0	245	45
chr4	61718285	61718448	1	1	1	0	1	37
chr4	61718495	61719274	1	1	1	23	6	46
chr4	61749807	61750578	2	2	1	1	7	45
chr4	61750625	61750788	2	2	1	0	18	33
chr4	61750625	61793123	2	2	1	1	2	35
chr4	61775692	61776029	2	2	1	0	179	45
chr4	61801109	61801446	0	0	1	0	3	12
chr4	61867417	61877616	2	2	1	0	1	25
chr4	61875317	61875397	2	4	1	0	1	14
chr4	61875412	61875575	2	2	1	0	131	46
chr4	61876111	61876734	2	2	1	0	36	43
chr4	61876809	61877578	2	2	1	0	34	45
chr4	61877713	61878049	2	2	1	0	101	45
chr4	61968661	61971754	2	2	1	0	1	25
chr4	61968724	61969508	2	2	1	387	4	46
chr4	61968779	61969508	2	2	1	1	0	23
chr4	61969460	61969540	2	4	1	0	1	14
chr4	61969555	61969718	2	2	1	92	131	46
chr4	61969821	61970137	2	2	1	39	0	46
chr4	61970249	61970872	2	2	1	1	36	43
chr4	61970947	61971716	2	2	1	0	34	45
chr4	61971851	61972187	2	2	1	0	101	45
chr4	62001827	62003079	2	2	1	2	0	15
chr4	62001859	62005036	2	2	1	1	0	14
chr4	62001909	62002753	2	2	1	4	0	24
chr4	62001909	62002784	2	2	1	41	1	42
chr4	62001965	62002753	2	2	1	207	0	46
chr4	62001965	62002784	2	2	1	174	0	46
chr4	62002831	62002995	2	2	1	298	0	45
chr4	62002831	62002999	2	2	1	9	0	24
chr4	62003098	62003440	2	2	1	63	1	45
chr4	62003552	62004195	2	2	1	49	0	43
chr4	62004270	62005036	2	2	1	48	0	45
chr4	62005171	62005360	2	2	1	63	0	46
chr4	62066215	62066378	2	2	1	113	0	45
chr4	62066481	62066820	2	2	1	6	0	43
chr4	62066932	62067590	2	2	1	5	0	42
chr4	62067665	62068431	2	2	1	6	0	45
chr4	62068566	62068890	2	2	1	2	0	37
chr4	62223468	62224146	2	2	1	1	0	36
chr4	62417440	62417898	2	4	1	1	0	42
chr4	62427548	62428341	2	2	1	20	0	44
chr4	62428472	62428751	2	2	1	2	0	34
chr4	62430260	62431107	2	2	1	1	0	44
chr4	62432498	62438096	2	2	1	1	0	30
chr4	63061638	63061903	2	2	1	499	0	46
chr4	63062078	63062387	2	2	1	20	0	44
chr4	63062556	63063501	2	2	1	2	0	32
chr4	63063584	63066938	2	2	1	2	0	32
chr4	63066986	63067655	2	2	1	2	0	37
chr4	63067758	63068564	2	2	1	5	0	44
chr4	63069768	63070820	2	2	1	1	0	12
chr4	63070964	63072178	2	2	1	1	0	46
chr4	63246941	63248034	1	1	1	0	1	14
chr4	63262952	63263305	1	1	1	2	0	45
chr4	63264385	63264518	1	1	1	14	0	40
chr4	63264623	63266206	1	1	1	80	0	43
chr4	63264623	63266211	1	1	1	1	0	21
chr4	63282503	63283921	1	1	1	3	0	41
chr4	63466923	63468181	1	1	1	2	0	24
chr4	70295107	70298427	2	2	1	1	0	27
chr4	75863264	75865279	2	2	1	5	0	45
chr4	75875619	75900190	2	2	1	1	0	35
chr4	75957616	75968563	2	2	1	1	0	20
chr4	76093216	76093314	2	4	1	1	0	36
chr4	81221911	81225036	2	2	1	1	0	28
chr4	83379479	83381831	2	2	1	1	0	6
chr4	83383388	83384944	2	2	1	3	0	9
chr4	83385021	83386819	2	2	1	7	0	45
chr4	83386914	83391276	2	2	1	1	0	8
chr4	83575639	83576557	1	1	1	1	0	13
chr4	86575108	86575364	1	3	1	2	0	21
chr4	86575642	86576817	2	2	1	1	0	31
chr4	86576953	86578324	2	2	1	1	0	13
chr4	86582749	86586603	2	2	1	1	1	37
chr4	86585520	86586603	2	2	1	1	0	21
chr4	86586800	86586886	2	2	1	1	0	32
chr4	86586943	86588181	2	2	1	1	0	4
chr4	86773193	86774103	2	2	1	2	0	22
chr4	86774251	86774382	2	2	1	1	0	20
chr4	95725897	95732309	1	1	1	1	0	33
chr4	95737914	95811161	1	1	1	1	0	22
chr4	95811224	95814959	1	1	1	3	0	36
chr4	95884069	95884995	1	1	1	1	0	19
chr4	95885059	95886931	1	1	1	1	0	10
chr4	95887016	95889406	1	1	1	1	0	38
chr4	96517884	96518947	2	2	1	3	0	42
chr4	96522573	96524030	2	2	1	1	0	5
chr4	96524170	96529508	2	2	1	2	0	43
chr4	96546990	96547717	2	2	1	1	0	9
chr4	96551512	96552037	2	2	1	2	0	20
chr4	97661149	97671318	1	1	1	1	0	15
chr4	98253874	98258728	2	2	1	1	0	16
chr4	98833021	98833364	2	2	1	1	0	15
chr4	98919737	98920322	1	1	1	8	0	45
chr4	98920434	98921489	1	1	1	3	0	25
chr4	98921605	98922681	1	1	1	1	0	18
chr4	98923162	98923500	1	1	1	3	0	33
chr4	98923162	98925606	1	1	1	2	0	26
chr4	98925874	98926069	1	1	1	28	0	46
chr4	98971000	98971243	2	2	1	1	0	30
chr4	99670208	99677837	2	2	1	1	0	30
chr4	99822063	99824255	1	1	1	4	0	37
chr4	99836198	99839080	1	1	1	1	0	19
chr4	100404470	100406918	1	1	1	1	0	41
chr4	101010788	101011734	2	2	1	1	0	15
chr4	102972858	102975477	1	1	1	1	0	21
chr4	102975513	102984469	1	1	1	1	0	25
chr4	102984495	102988162	1	1	1	1	0	11
chr4	102996714	102997307	1	1	1	2	0	39
chr4	102997441	102998033	1	1	1	3	0	40
chr4	103000404	103005495	1	1	1	1	0	20
chr4	103006403	103007730	1	1	1	1	0	6
chr4	103017019	103019619	1	1	1	1	0	13
chr4	104641729	104643997	1	1	1	1	0	33
chr4	104647913	104648991	1	1	1	6	0	43
chr4	104650589	104657531	1	1	1	3	0	10
chr4	104673107	104674749	2	2	1	1	0	33
chr4	104703333	104710938	2	2	1	5	0	45
chr4	104857717	104859318	1	1	1	2	0	31
chr4	104859351	104861069	1	1	1	3	0	29
chr4	104861143	104867647	1	1	1	2	0	22
chr4	105052158	105065720	1	1	1	1	0	15
chr4	106216372	106217319	1	1	1	1	0	37
chr4	106219697	106219884	1	1	1	1	0	17
chr4	106231242	106232843	1	1	1	1	0	46
chr4	106245116	106245697	1	1	1	1	0	43
chr4	106446174	106455481	1	1	1	1	0	25
chr4	107022887	107034761	2	2	1	1	0	10
chr4	107049741	107050495	1	1	1	1	0	22
chr4	107132489	107135123	1	1	1	3	0	40
chr4	107135168	107136921	1	1	1	1	0	42
chr4	107207736	107216803	1	1	1	3	0	42
chr4	107742197	107744373	1	1	1	2	0	35
chr4	107902043	107904786	2	2	1	0	5	19
chr4	107904867	107912635	2	2	1	0	3	31
chr4	107912766	107921082	2	2	1	1	0	7
chr4	107921186	107928453	2	2	1	3	2	32
chr4	107928608	107931552	2	2	1	5	0	32
chr4	107930536	107930612	2	2	1	1	0	45
chr4	107944360	107948433	2	2	1	6	0	44
chr4	107948350	107948433	2	2	1	2	0	27
chr4	107948521	107950020	2	2	1	3	0	41
chr4	107955346	107959487	2	2	1	15	0	45
chr4	107959553	107962240	2	2	1	16	0	40
chr4	107962373	107964813	2	2	1	1	0	43
chr4	107964506	107965596	1	3	1	1	0	27
chr4	108343815	108348544	1	1	1	1	0	12
chr4	108365224	108365417	1	1	1	1	0	18
chr4	108876309	108881400	1	1	1	1	0	3
chr4	108886071	108889646	1	1	1	2	0	42
chr4	108916266	108916968	1	1	1	1	0	11
chr4	108917383	108917965	1	1	1	2	0	26
chr4	108918056	108918132	1	1	1	3	0	30
chr4	108919798	108920562	2	2	1	2	0	8
chr4	108921839	108922820	2	2	1	2	0	21
chr4	108923126	108923324	2	2	1	1	0	33
chr4	109792896	109818995	1	1	1	1	0	34
chr4	115159236	115183386	1	1	1	1	0	14
chr4	115184803	115184902	1	1	1	1	0	39
chr4	115290233	115290663	1	1	1	1	0	15
chr4	115853316	115866830	1	1	1	0	2	45
chr4	115924370	115927059	2	2	1	12	0	34
chr4	115937817	115940073	1	1	1	1	0	31
chr4	116173229	116173659	2	2	1	1	0	16
chr4	116493867	116494958	2	2	1	62	0	45
chr4	116495046	116495172	2	2	1	6	0	43
chr4	116495246	116496157	2	2	1	3	0	12
chr4	116498627	116499054	2	2	1	1	0	22
chr4	116499175	116502700	2	2	1	2	0	6
chr4	116502791	116508535	2	2	1	2	0	45
chr4	116542858	116544603	1	1	1	3	0	34
chr4	116544721	116548972	1	1	1	1	0	38
chr4	116550203	116550913	1	1	1	1	0	6
chr4	116551045	116556367	1	1	1	5	0	35
chr4	116847646	116848428	2	2	1	2	0	38
chr4	116856958	116857085	1	1	1	1	0	42
chr4	116938859	116943885	1	1	1	1	0	15
chr4	116988697	116988806	2	2	1	1	0	10
chr4	117011185	117011495	2	2	1	73	0	44
chr4	117011626	117011834	2	2	1	11	0	42
chr4	117012011	117012204	2	2	1	8	0	38
chr4	117012305	117012767	2	2	1	1	0	34
chr4	117531992	117532217	2	2	1	2	0	30
chr4	117741839	117742300	2	2	1	1	0	25
chr4	118217429	118218812	1	1	1	1	0	42
chr4	118218919	118219810	2	2	1	1	0	26
chr4	118218928	118219070	1	1	1	1	0	36
chr4	118219695	118219780	1	1	1	15	0	42
chr4	118269690	118269860	1	1	1	1	0	4
chr4	118482883	118483016	1	1	1	2	0	37
chr4	119135565	119136130	2	2	1	23	0	46
chr4	119136397	119138766	2	2	1	2	0	18
chr4	119139646	119139977	2	2	1	5	0	39
chr4	119140068	119142305	2	2	1	1	0	13
chr4	119142340	119150938	2	2	1	1	0	34
chr4	119157400	119167955	2	2	1	1	0	32
chr4	120826862	120829086	2	2	1	3	0	35
chr4	120839403	120840303	2	2	1	3	0	34
chr4	120840390	120842391	2	2	1	3	0	42
chr4	120931855	120938368	2	2	1	4	0	39
chr4	123333364	123334342	2	2	1	1	0	39
chr4	123405695	123405839	2	2	1	1	0	27
chr4	123405960	123406554	2	2	1	2	0	34
chr4	123406662	123406762	2	2	1	1	0	23
chr4	123606720	123609656	2	2	1	0	9	36
chr4	123803760	123804885	1	1	1	1	0	3
chr4	123817868	123818539	1	1	1	1	0	13
chr4	124572780	124573494	2	2	1	5	0	43
chr4	124573606	124575985	2	2	1	2	0	29
chr4	124609498	124609602	1	1	1	1	0	10
chr4	124610317	124612120	1	1	1	1	0	18
chr4	124625220	124625980	1	1	1	4	0	31
chr4	124677796	124678103	1	1	1	1	0	21
chr4	124678221	124678965	1	1	1	1	0	31
chr4	124692173	124693560	1	1	1	1	0	13
chr4	124946291	124949057	2	2	1	2	0	40
chr4	124948021	124948976	1	1	1	2	0	39
chr4	125398307	125398632	1	1	1	0	1	30
chr4	125398534	125398692	2	2	1	0	3	44
chr4	125398618	125398747	2	4	1	0	1	20
chr4	125942507	125942850	1	1	1	1	0	17
chr4	125942507	125944272	1	1	1	1	0	42
chr4	125948946	125949172	1	1	1	4	0	25
chr4	126019612	126022611	1	1	1	0	1	3
chr4	126059411	126060723	2	2	1	1	0	32
chr4	126065675	126067236	2	2	1	1	0	31
chr4	126069241	126069976	2	2	1	2	0	44
chr4	126070150	126071654	2	2	1	2	0	29
chr4	126601397	126603271	1	1	1	9	0	45
chr4	126917362	126917466	1	1	1	1	0	23
chr4	128896262	128901505	1	1	1	1	0	22
chr4	128902023	128904355	1	1	1	7	0	32
chr4	129203951	129211440	2	2	1	1	0	41
chr4	129222527	129228289	2	2	1	1	0	22
chr4	129235617	129240596	1	1	1	1	0	45
chr4	129238042	129240596	1	1	1	0	2	30
chr4	129411302	129411585	2	2	1	3	0	22
chr4	129411717	129411805	2	2	1	1	1	35
chr4	129485928	129486059	2	2	1	18	0	40
chr4	129486153	129486789	2	2	1	1	0	36
chr4	129500973	129501248	1	1	1	0	2	30
chr4	129513233	129514249	2	2	1	1	0	18
chr4	129513240	129514249	2	2	1	1	0	3
chr4	129514273	129514475	2	2	1	1	0	23
chr4	129736556	129740257	1	1	1	1	0	12
chr4	129738986	129740257	1	1	1	1	0	22
chr4	129740333	129741506	1	1	1	2	0	19
chr4	130210602	130220985	2	2	1	2	0	11
chr4	130221132	130223366	2	2	1	4	0	35
chr4	130223468	130230870	2	2	1	1	0	39
chr4	130230963	130232276	2	2	1	2	0	43
chr4	130445574	130446483	1	1	1	1	0	16
chr4	130553055	130553479	1	3	1	1	0	34
chr4	131613616	131618517	1	1	1	1	0	41
chr4	131695284	131701994	2	2	1	1	0	21
chr4	131914259	131931442	2	2	1	6	1	41
chr4	131959455	131962059	2	2	1	1	0	46
chr4	132037527	132037761	1	1	1	2	0	19
chr4	132037816	132038144	1	1	1	3	0	32
chr4	132039318	132041303	2	2	1	1	0	9
chr4	132087863	132088888	2	2	1	1	0	25
chr4	132097227	132097836	2	2	1	1	0	36
chr4	132114377	132140380	2	2	1	2	0	40
chr4	132140435	132149655	2	2	1	1	0	41
chr4	132269150	132271366	1	1	1	1	0	12
chr4	132271434	132271967	1	1	1	3	0	28
chr4	132272063	132273947	1	1	1	1	0	30
chr4	132631345	132640979	2	2	1	1	0	13
chr4	132913064	132916388	1	1	1	5	0	44
chr4	132980972	132982843	2	2	1	1	0	29
chr4	133260111	133260505	2	2	1	4	0	22
chr4	133263183	133268449	2	2	1	2	0	26
chr4	133694313	133695105	2	2	1	1	0	22
chr4	133766934	133812879	2	2	1	0	1	39
chr4	133879601	133881119	2	2	1	1	0	36
chr4	133972242	133972335	2	2	1	1	0	18
chr4	134140767	134145352	1	1	1	1	0	23
chr4	134538630	134539850	2	2	1	2	0	25
chr4	134555817	134557859	2	2	1	1	0	32
chr4	134651794	134652603	1	1	1	1	0	37
chr4	134654130	134654241	1	1	1	6	0	34
chr4	134662776	134663293	1	1	1	1	0	23
chr4	135068347	135069680	2	4	1	2	0	25
chr4	135069885	135071174	2	2	1	1	0	9
chr4	135071291	135071809	2	2	1	1	0	8
chr4	135071981	135073626	2	2	1	3	0	14
chr4	135071981	135074045	2	2	1	2	0	12
chr4	135585783	135586152	1	1	1	1	0	25
chr4	135590888	135594436	1	1	1	0	1	41
chr4	135599766	135600205	2	2	1	1	0	24
chr4	135662192	135664233	1	1	1	2	0	15
chr4	135664334	135666384	1	1	1	4	0	41
chr4	135673852	135677860	1	1	1	1	0	29
chr4	135677945	135679681	1	1	1	1	0	11
chr4	135686098	135687287	1	1	1	1	0	26
chr4	135687461	135689754	2	4	1	1	0	24
chr4	135688220	135689419	1	1	1	1	0	23
chr4	135777328	135777590	2	2	1	116	0	45
chr4	135777702	135778481	2	2	1	94	1	44
chr4	135778614	135778924	2	2	1	4	0	26
chr4	135779032	135779877	2	2	1	4	0	26
chr4	135975429	135981056	1	1	1	3	0	46
chr4	135981120	135981775	1	1	1	3	0	32
chr4	135998691	136000954	1	1	1	7	0	35
chr4	136001027	136002090	1	1	1	16	0	44
chr4	136063759	136066486	1	1	1	3	0	39
chr4	136278345	136279182	2	2	1	1	0	23
chr4	137059791	137063285	2	2	1	3	0	31
chr4	137352599	137355484	1	1	1	1	0	8
chr4	137380318	137382533	1	1	1	1	0	27
chr4	137382561	137383432	1	1	1	1	0	19
chr4	137672471	137673565	1	1	1	2	0	22
chr4	137930803	137933283	1	1	1	1	0	22
chr4	137950961	137953199	1	1	1	2	0	14
chr4	137956099	137956990	1	1	1	1	0	9
chr4	137964619	137966847	1	1	1	1	0	27
chr4	137966960	137967931	1	1	1	1	0	6
chr4	138182220	138184309	1	1	1	1	0	16
chr4	138183690	138184270	2	2	1	1	0	14
chr4	138831324	138832300	2	2	1	2	0	35
chr4	139014406	139015066	1	1	1	1	0	32
chr4	139045011	139045402	1	1	1	1	0	14
chr4	139077029	139077746	2	2	1	1	0	11
chr4	139077806	139079579	2	2	1	1	0	22
chr4	139136230	139136983	1	1	1	1	0	26
chr4	139177854	139178556	1	1	1	1	0	24
chr4	139178636	139179038	1	1	1	2	0	13
chr4	139185083	139185405	1	1	1	1	0	25
chr4	139189230	139189488	1	1	1	1	0	44
chr4	139195515	139196100	1	1	1	2	0	37
chr4	139213459	139216477	1	1	1	1	0	40
chr4	140698534	140700193	1	1	1	3	0	35
chr4	140701092	140703425	1	1	1	2	0	16
chr4	140703528	140704688	1	1	1	1	0	33
chr4	140704812	140706335	1	1	1	50	0	46
chr4	141196349	141196693	2	2	1	2	0	44
chr4	141196853	141197126	2	2	1	1	0	31
chr4	141340101	141382881	2	4	1	0	3	15
chr4	141469877	141471098	1	1	1	1	0	13
chr4	141485735	141486308	1	1	1	1	0	8
chr4	141587994	141589115	2	2	1	2	0	22
chr4	144784133	144789074	2	2	1	1	0	4
chr4	145508381	145510590	1	1	1	0	1	28
chr4	146207052	146209452	1	1	1	0	1	12
chr4	146207223	146209452	1	1	1	0	1	28
chr4	146209546	146214922	1	1	1	1	0	12
chr4	146500544	146502756	1	1	1	0	1	28
chr4	146548988	146550437	1	1	1	2	0	20
chr4	146688741	146697966	1	1	1	1	0	16
chr4	146695586	146697966	1	1	1	0	1	12
chr4	146695757	146697966	1	1	1	0	1	28
chr4	146802597	146803016	2	2	1	2	0	21
chr4	147216818	147219028	1	1	1	0	1	28
chr4	148015743	148016083	2	2	1	1	0	17
chr4	148622417	148622732	1	1	1	1	0	39
chr4	148665621	148666214	1	1	1	2	0	7
chr4	148666292	148666740	1	1	1	5	0	44
chr4	148687627	148688143	1	1	1	1	0	12
chr4	148688276	148688712	1	1	1	18	0	39
chr4	148698751	148699902	1	1	1	1	0	29
chr4	148701302	148702022	2	2	1	4	0	37
chr4	149022771	149022931	1	1	1	2	0	29
chr4	149126263	149160476	2	2	1	1	0	16
chr4	149160525	149184228	2	2	1	1	0	28
chr4	149202589	149203262	2	4	1	1	0	44
chr4	149244586	149245291	2	2	1	1	0	27
chr4	149265268	149265940	2	2	1	1	0	20
chr4	149272602	149274179	2	2	1	1	0	42
chr4	149310814	149329794	2	2	1	1	0	45
chr4	149329868	149329998	2	2	1	1	0	29
chr4	149338209	149342326	2	2	1	1	0	31
chr4	149342461	149346592	2	2	1	2	0	32
chr4	149350775	149351662	2	2	1	2	0	45
chr4	149351741	149354318	2	2	1	6	0	35
chr4	150326638	150328461	1	1	1	0	1	33
chr4	150328832	150329571	1	1	1	1	0	45
chr4	150332110	150332287	1	1	1	1	0	20
chr4	150332397	150332517	1	1	1	3	0	43
chr4	150332577	150332942	1	1	1	4	0	20
chr4	150333142	150333267	0	0	1	0	3	30
chr4	150949727	150949820	1	1	1	1	0	20
chr4	150949898	150950772	1	1	1	2	0	16
chr4	150981929	150985464	2	2	1	3	0	32
chr4	150985552	150988271	2	2	1	2	0	12
chr4	150988342	150989706	2	2	1	1	0	39
chr4	150991599	150992774	2	2	1	2	0	38
chr4	152104578	152104646	2	2	1	1	0	5
chr4	152140683	152142247	1	1	1	1	0	12
chr4	152199542	152199797	1	3	1	1	0	26
chr4	152412043	152414460	1	1	1	1	0	21
chr4	152414586	152416736	1	1	1	15	1	43
chr4	154101992	154102826	1	1	1	2	0	35
chr4	154107911	154108050	2	2	1	1	0	38
chr4	154107911	154108144	2	2	1	2	0	16
chr4	154981055	154981496	2	2	1	4	0	31
chr4	154982637	154982932	2	2	1	1	0	10
chr4	155159486	155160045	2	2	1	4	0	46
chr4	155160182	155161168	2	2	1	2	0	6
chr4	155439162	155440883	2	2	1	4	0	44
chr4	155723100	155724050	1	1	1	5	0	45
chr4	155723449	155724050	1	1	1	2	0	34
chr4	155724147	155724233	1	1	1	1	0	30
chr4	155727033	155731939	1	1	1	1	0	16
chr4	155840196	155840517	2	2	1	1	0	46
chr4	155841626	155845258	2	2	1	1	0	21
chr4	155917255	155917347	1	1	1	13	0	45
chr4	155943104	155943623	1	1	1	1	0	33
chr5	3604737	3607743	1	1	1	2	0	35
chr5	3607823	3608472	1	1	1	4	0	29
chr5	3609699	3611038	1	1	1	2	0	30
chr5	3611090	3614240	1	1	1	2	0	43
chr5	3641816	3645254	2	2	1	1	0	19
chr5	3657787	3659853	1	1	1	2	0	43
chr5	4006313	4007623	1	1	1	5	0	29
chr5	4026327	4031117	1	1	1	1	0	35
chr5	4080053	4082680	1	1	1	1	0	11
chr5	4088706	4089238	1	1	1	1	0	41
chr5	4094071	4094798	1	1	1	1	0	11
chr5	4142508	4149123	2	2	1	1	0	28
chr5	4149299	4150144	2	2	1	2	0	35
chr5	4150272	4151177	2	2	1	1	0	25
chr5	8109423	8112383	1	1	1	1	0	29
chr5	8114617	8117532	1	1	1	1	0	19
chr5	8453192	8453611	2	2	1	1	0	22
chr5	8944165	8946572	1	1	1	1	0	10
chr5	8949719	8955974	1	1	1	2	0	19
chr5	8956033	8957207	1	1	1	2	0	15
chr5	8959274	8960618	1	1	1	1	0	22
chr5	8989918	8990910	1	1	1	5	0	43
chr5	9005596	9008310	1	1	1	2	0	14
chr5	9008458	9008968	1	1	1	2	0	28
chr5	9016973	9018646	2	2	1	1	1	14
chr5	9018767	9018869	2	2	1	1	0	10
chr5	9020040	9023585	2	2	1	2	0	32
chr5	9027581	9028197	2	2	1	1	0	4
chr5	9033798	9037767	2	2	1	1	0	18
chr5	9037893	9038103	2	2	1	1	0	30
chr5	9043642	9046451	2	2	1	5	0	43
chr5	9151396	9166479	1	1	1	1	0	12
chr5	9166531	9167458	1	1	1	1	0	29
chr5	17990885	17992683	2	2	1	1	0	8
chr5	17992739	17993249	2	2	1	1	0	29
chr5	21125161	21132617	2	2	1	1	0	44
chr5	21132729	21156254	2	2	1	2	0	29
chr5	21961674	21961812	1	1	1	1	0	33
chr5	21961889	21961977	1	1	1	10	0	38
chr5	21962408	21962762	2	2	1	5	0	44
chr5	21968828	21971553	2	2	1	1	0	28
chr5	21973557	21973643	2	2	1	2	0	14
chr5	21973736	21975482	2	2	1	1	0	34
chr5	21980074	21981714	2	2	1	1	0	6
chr5	22005638	22006205	1	1	1	1	0	14
chr5	22008461	22008544	1	1	1	2	0	44
chr5	22115115	22115810	2	2	1	1	0	19
chr5	22223134	22223849	2	2	1	1	0	16
chr5	23655335	23668013	1	1	1	1	0	30
chr5	23669931	23672105	1	1	1	1	0	38
chr5	23672187	23676745	1	1	1	2	0	42
chr5	23686325	23687399	1	1	1	2	0	32
chr5	23687510	23690344	1	1	1	11	0	40
chr5	23690610	23691299	1	1	1	3	0	11
chr5	23733061	23745372	2	2	1	1	0	36
chr5	24044827	24046707	2	2	1	18	0	44
chr5	24046757	24048968	2	2	1	1	0	27
chr5	24646260	24646333	2	2	1	1	0	32
chr5	24706264	24706394	1	1	1	1	0	45
chr5	24774165	24776141	2	2	1	2	0	17
chr5	24956188	24959131	2	2	1	1	0	12
chr5	25012079	25012602	2	2	1	1	0	29
chr5	25480735	25480897	2	2	1	1	0	39
chr5	25552479	25554809	2	2	1	1	0	39
chr5	25554939	25556049	2	2	1	1	0	25
chr5	28276794	28278544	1	1	1	1	0	32
chr5	28536188	28540819	1	1	1	1	0	20
chr5	28544307	28547392	1	1	1	1	0	33
chr5	29941115	29953342	1	1	1	0	1	21
chr5	29969529	29970503	1	1	1	0	1	10
chr5	30324500	30324670	1	3	1	1	0	33
chr5	30325189	30325685	2	2	1	4	0	21
chr5	30339175	30339976	2	2	1	2	0	38
chr5	30340100	30345946	2	2	1	2	0	10
chr5	30346050	30347716	2	2	1	1	0	22
chr5	30347837	30349156	2	2	1	2	0	39
chr5	30462819	30468068	1	1	1	1	0	35
chr5	31031706	31031880	1	1	1	1	0	32
chr5	31079334	31088505	0	0	1	3	0	39
chr5	31084501	31085786	1	1	1	2	0	23
chr5	31085860	31086864	1	3	1	1	0	11
chr5	31087981	31088059	1	1	1	3	0	25
chr5	31088218	31088305	1	1	1	6	0	36
chr5	31209878	31210106	1	1	1	1	0	4
chr5	31294558	31294820	1	1	1	1	0	13
chr5	31358167	31358926	2	2	1	2	0	37
chr5	31401336	31401509	1	1	1	2	0	41
chr5	31459596	31462312	1	1	1	1	0	20
chr5	31782001	31797560	2	2	1	0	1	3
chr5	33899957	33900985	2	2	1	1	0	11
chr5	33901125	33902359	2	2	1	2	0	44
chr5	33918271	33918923	2	2	1	1	0	20
chr5	34507416	34508133	1	1	1	1	0	21
chr5	34795996	34796234	2	2	1	2	0	43
chr5	34806812	34807669	2	2	1	2	0	32
chr5	34809763	34811226	2	2	1	1	0	39
chr5	34811362	34811779	2	2	1	2	0	14
chr5	35204609	35205500	1	1	1	4	0	42
chr5	36622600	36626781	1	1	1	1	0	6
chr5	36765391	36770589	2	2	1	1	0	6
chr5	36964555	36965129	2	2	1	1	0	5
chr5	38249925	38262221	1	1	1	1	0	28
chr5	38390672	38391334	1	1	1	3	0	21
chr5	41793253	41845063	2	2	1	1	0	6
chr5	41952463	41955380	2	2	1	1	0	4
chr5	41955427	41957114	2	2	1	1	0	35
chr5	41957150	41957232	2	2	1	1	0	7
chr5	41984564	41986095	2	2	1	1	0	12
chr5	41988938	41989553	2	2	1	1	0	37
chr5	45592021	45595184	2	2	1	1	0	7
chr5	45595269	45596626	2	2	1	2	0	46
chr5	45663605	45664448	1	1	1	2	0	5
chr5	45666860	45668449	1	1	1	3	0	18
chr5	45668560	45669222	1	1	1	2	0	43
chr5	52319958	52324042	2	2	1	1	0	31
chr5	53130605	53147930	2	2	1	2	0	21
chr5	53148080	53149555	2	2	1	1	0	22
chr5	53424701	53434484	1	1	1	1	0	44
chr5	53748067	53784724	1	1	1	1	0	14
chr5	53784764	53793303	1	1	1	0	2	5
chr5	62835374	62840697	2	2	1	1	0	37
chr5	65179069	65185752	1	1	1	1	0	26
chr5	65185845	65187407	1	1	1	1	0	37
chr5	65454820	65459275	2	2	1	1	0	6
chr5	65459354	65460318	2	2	1	1	0	8
chr5	65468507	65470300	2	2	1	1	0	4
chr5	65470377	65476747	2	2	1	1	0	12
chr5	65545785	65545904	2	2	1	67	2	44
chr5	65546023	65546413	2	2	1	39	0	45
chr5	65546495	65546820	2	2	1	3	0	41
chr5	65546954	65547730	2	2	1	2	0	18
chr5	65547827	65548081	2	2	1	1	0	18
chr5	65561582	65562672	1	1	1	1	0	8
chr5	65562785	65566077	1	1	1	1	0	34
chr5	65580126	65580503	2	2	1	1	0	43
chr5	65746282	65748720	2	4	1	0	1	24
chr5	65751892	65752217	1	1	1	4	0	36
chr5	65780443	65781262	2	2	1	4	0	26
chr5	65809877	65811347	2	2	1	1	0	38
chr5	65933007	65941652	1	1	1	1	0	5
chr5	65941720	65943352	1	1	1	1	0	20
chr5	65972214	65974504	1	1	1	2	0	40
chr5	67482077	67484195	1	1	1	1	0	40
chr5	67505429	67507124	1	1	1	1	0	38
chr5	73464097	73467616	1	1	1	1	0	34
chr5	73467770	73470785	1	1	1	1	0	18
chr5	73481191	73483623	2	2	1	3	0	43
chr5	73493289	73495873	2	2	1	2	0	44
chr5	74697507	74697602	1	1	1	1	0	37
chr5	74697643	74701592	1	1	1	1	0	15
chr5	76120119	76121369	2	2	1	1	0	5
chr5	76414737	76421805	2	2	1	1	0	12
chr5	77049129	77049764	2	2	1	1	0	41
chr5	77063913	77065880	2	2	1	1	0	36
chr5	77070415	77073520	2	2	1	3	0	22
chr5	77132090	77132180	1	1	1	1	0	19
chr5	77132239	77135713	1	1	1	1	0	33
chr5	77142579	77142682	1	1	1	4	0	32
chr5	77142761	77143624	1	1	1	9	0	44
chr5	77143763	77144498	1	1	1	2	0	11
chr5	77145430	77146038	1	1	1	1	0	44
chr5	77235664	77242712	2	2	1	1	1	10
chr5	77496266	77496926	1	1	1	1	0	38
chr5	77497347	77499074	2	2	1	3	0	43
chr5	86952451	86957163	1	1	1	1	0	32
chr5	86952451	86963487	1	1	1	2	0	19
chr5	86957200	86963487	1	1	1	1	0	24
chr5	86964652	86964765	1	1	1	1	0	38
chr5	86965193	86967944	1	1	1	1	0	18
chr5	87039341	87040601	2	2	1	1	0	13
chr5	87065725	87067108	2	2	1	1	0	38
chr5	87067329	87067463	2	2	1	1	0	39
chr5	87152834	87155168	1	1	1	1	0	34
chr5	87155257	87155999	1	1	1	4	0	44
chr5	87214330	87228728	2	2	1	2	0	14
chr5	87228949	87229368	2	2	1	1	0	16
chr5	87229457	87237276	2	2	1	1	0	18
chr5	87238846	87239659	2	2	1	1	0	15
chr5	87273352	87275536	2	2	1	8	0	24
chr5	87275757	87276179	2	2	1	5	0	26
chr5	87276268	87283952	2	2	1	3	0	23
chr5	87284085	87285062	2	2	1	4	0	31
chr5	87285212	87287441	2	2	1	2	0	33
chr5	87475629	87477395	2	2	1	1	0	10
chr5	87669472	87678447	2	2	1	3	0	45
chr5	87682956	87685963	2	2	1	2	0	30
chr5	87706442	87707619	2	2	1	2	0	18
chr5	87707747	87711728	2	2	1	2	0	36
chr5	87711827	87712568	2	2	1	1	0	15
chr5	88769284	88775079	1	1	1	2	0	12
chr5	88775142	88775883	1	1	1	1	0	25
chr5	88775950	88778395	1	1	1	1	0	32
chr5	88786938	88790787	1	1	1	1	0	25
chr5	88818171	88819020	2	2	1	3	0	43
chr5	89194252	89232500	1	1	1	1	0	13
chr5	89232578	89270260	1	1	1	2	0	16
chr5	89373833	89376684	1	1	1	1	0	13
chr5	89565548	89569916	2	2	1	618	0	45
chr5	89569203	89569916	2	2	1	1	0	38
chr5	89569976	89573895	2	2	1	244	0	46
chr5	89574029	89582809	2	2	1	13	5	43
chr5	89582908	89583377	2	2	1	21	0	45
chr5	89583508	89586104	2	2	1	12	0	42
chr5	89586308	89587391	2	2	1	4	0	21
chr5	89587522	89589060	2	2	1	21	0	45
chr5	89589156	89589421	2	2	1	22	0	46
chr5	89589555	89591263	2	2	1	11	0	38
chr5	89591476	89593156	2	2	1	5	0	38
chr5	89593290	89594358	2	2	1	1	0	40
chr5	89594429	89603289	2	2	1	1	0	24
chr5	89594429	89605519	2	2	1	5	0	40
chr5	90401802	90402498	2	2	1	4	0	40
chr5	90402671	90406292	2	2	1	3	0	10
chr5	90406410	90407943	2	2	1	11	0	46
chr5	90431463	90432899	2	2	1	1	0	21
chr5	90445994	90446398	2	2	1	1	0	16
chr5	90608873	90609579	1	1	1	2	0	21
chr5	90609638	90610558	1	1	1	8	0	34
chr5	90610692	90611842	1	1	1	6	0	43
chr5	90611946	90622425	1	1	1	2	0	10
chr5	90612055	90612711	1	1	1	8	0	45
chr5	90612804	90624329	1	1	1	1	0	40
chr5	90612845	90613732	1	1	1	4	0	31
chr5	90613831	90615202	1	1	1	7	0	38
chr5	90615333	90616339	1	1	1	11	0	41
chr5	90616555	90617360	1	1	1	22	0	41
chr5	90617494	90618599	1	1	1	19	0	42
chr5	90618698	90619863	1	1	1	15	0	43
chr5	90618702	90623155	1	1	1	1	0	38
chr5	90620003	90620319	1	1	1	48	0	45
chr5	90620380	90624318	1	1	1	1	0	17
chr5	90620544	90622425	1	1	1	164	0	46
chr5	90622559	90623127	1	1	1	3036	0	46
chr5	90623196	90624318	1	1	1	10833	101	46
chr5	90670151	90671589	1	1	1	1	0	26
chr5	90673463	90674202	1	1	1	1	0	18
chr5	90698246	90699203	1	1	1	4	0	28
chr5	90699337	90700403	1	1	1	15	0	39
chr5	90700462	90701261	1	1	1	32	0	43
chr5	92170092	92172794	2	2	1	2	0	12
chr5	92172884	92178841	2	2	1	1	0	16
chr5	92204257	92205826	2	2	1	2	0	13
chr5	92288342	92288581	2	2	1	0	1	14
chr5	92335205	92335556	1	1	1	2	0	6
chr5	92335676	92335801	1	1	1	2	0	44
chr5	92437684	92437779	2	2	1	2	0	11
chr5	92473008	92474608	2	2	1	1	0	24
chr5	92592144	92594162	2	2	1	1	0	46
chr5	94763360	94776083	1	1	1	0	1	41
chr5	95102306	95115034	1	1	1	0	1	41
chr5	96246173	96254074	2	2	1	1	0	23
chr5	97184898	97186279	1	1	1	1	0	23
chr5	100112661	100113880	2	2	1	1	0	27
chr5	100114043	100115077	2	2	1	1	0	30
chr5	100511308	100511686	2	2	1	1	0	22
chr5	100516212	100523066	2	2	1	1	0	21
chr5	100533162	100533986	2	2	1	2	0	19
chr5	100933294	100934849	2	2	1	1	0	31
chr5	100949858	100950918	1	1	1	3	0	44
chr5	100950977	100951835	1	1	1	12	2	39
chr5	100951896	100952197	1	1	1	15	2	44
chr5	103008404	103023560	1	1	1	1	0	8
chr5	103028749	103039707	1	1	1	1	0	32
chr5	104113758	104114836	2	2	1	1	0	45
chr5	106059375	106062533	1	1	1	1	0	28
chr5	107744729	107745409	2	2	1	1	0	13
chr5	107803177	107809346	1	1	1	1	0	7
chr5	107936161	107938227	2	2	1	1	0	3
chr5	107943724	107945678	2	2	1	1	0	46
chr5	107961473	107963476	2	2	1	1	0	26
chr5	107963575	107963667	2	2	1	9	0	42
chr5	107963758	107964337	2	2	1	1	0	20
chr5	107963758	107964639	2	2	1	9	0	35
chr5	107964784	107966754	2	2	1	1	0	46
chr5	107967545	107968297	2	2	1	1	0	29
chr5	107969761	107989936	2	2	1	0	1	23
chr5	108051735	108052582	1	1	1	4	0	33
chr5	108052761	108055054	1	1	1	0	13	46
chr5	108055144	108055762	1	1	1	112	0	46
chr5	108272626	108273766	2	2	1	1	0	8
chr5	108277419	108277883	2	2	1	1	0	39
chr5	108581204	108581596	2	2	1	105	0	45
chr5	108581696	108581891	2	2	1	41	0	45
chr5	108581947	108582191	2	2	1	9	0	43
chr5	108647574	108648222	1	1	1	1	0	13
chr5	108717454	108717635	2	2	1	1	0	40
chr5	110336641	110337471	1	1	1	1	0	6
chr5	110386002	110389794	1	1	1	1	0	31
chr5	110422495	110425520	2	2	1	1	0	10
chr5	110425641	110429062	2	2	1	1	0	12
chr5	110429226	110431511	2	2	1	1	0	17
chr5	110877179	110877688	2	2	1	2	0	7
chr5	110877830	110881584	2	2	1	6	0	44
chr5	110978850	110983845	2	2	1	1	0	44
chr5	111478700	111483360	1	1	1	4	0	12
chr5	111483392	111486148	1	1	1	4	0	31
chr5	112485608	112485841	2	2	1	1	0	3
chr5	113913390	113914831	1	1	1	1	0	23
chr5	114550549	114550911	1	1	1	2	0	45
chr5	114588923	114590425	1	1	1	1	0	12
chr5	115051437	115096830	1	1	1	0	2	26
chr5	115051447	115068475	2	2	1	0	1	36
chr5	115084424	115085221	1	1	1	1	0	16
chr5	115085313	115085740	1	1	1	1	0	34
chr5	115236504	115236691	2	4	1	1	0	26
chr5	115265473	115268525	2	2	1	2	0	40
chr5	115288186	115288266	2	2	1	1	0	20
chr5	115378616	115378697	1	1	1	1	0	44
chr5	115380121	115380451	2	2	1	1	0	25
chr5	115398375	115410315	2	2	1	1	0	28
chr5	115483788	115483839	2	2	1	1	0	33
chr5	115483986	115486623	2	2	1	9	0	46
chr5	115699305	115699391	1	1	1	1	0	30
chr5	115700626	115701341	1	1	1	17	0	44
chr5	117246485	117247822	2	2	1	1	0	8
chr5	117247879	117250874	2	2	1	1	0	28
chr5	117271064	117271240	2	2	1	2	0	29
chr5	117355306	117363304	1	1	1	1	0	31
chr5	117404179	117410161	1	1	1	1	0	43
chr5	117410345	117411737	1	1	1	4	0	15
chr5	118117901	118124163	1	1	1	1	0	27
chr5	120618102	120618731	2	2	1	2	0	5
chr5	120621254	120621637	1	1	1	1	0	20
chr5	121265935	121309586	1	1	1	1	0	28
chr5	121292590	121300771	2	2	1	2	0	38
chr5	121300886	121301200	2	2	1	3	0	27
chr5	121343727	121343816	1	1	1	2	0	6
chr5	121343919	121344729	1	1	1	2	0	32
chr5	121345259	121346453	1	1	1	0	1	43
chr5	121346639	121346844	1	1	1	39	0	44
chr5	121534585	121547822	2	2	1	0	1	41
chr5	121573647	121574721	1	1	1	2	0	35
chr5	121574788	121575670	1	1	1	1	0	24
chr5	121575769	121576790	1	1	1	1	0	37
chr5	121663303	121663725	2	2	1	5	0	42
chr5	121706087	121706988	2	2	1	15	0	44
chr5	121707104	121708666	2	2	1	5	0	37
chr5	121708825	121710079	2	2	1	3	0	37
chr5	121710245	121710738	2	2	1	1	0	46
chr5	121710924	121711485	2	2	1	1	0	42
chr5	121711589	121713153	2	2	1	1	0	27
chr5	121714088	121714519	2	2	1	1	0	7
chr5	121798912	121800062	1	1	1	1	0	25
chr5	121803352	121804502	1	1	1	1	0	36
chr5	121923930	121924396	1	1	1	2	0	41
chr5	122500335	122500867	1	1	1	6	0	35
chr5	122518169	122519252	1	1	1	1	0	4
chr5	122956068	122956916	2	2	1	1	0	28
chr5	123004970	123005182	1	1	1	1	0	17
chr5	123310068	123312413	2	2	1	1	3	38
chr5	123310152	123310232	2	2	1	15	0	45
chr5	123310350	123312413	2	2	1	4	0	36
chr5	123312537	123313953	2	2	1	1	0	7
chr5	123314026	123314154	2	2	1	3	0	36
chr5	123314318	123315591	2	2	1	1	0	38
chr5	123316336	123317428	2	2	1	2	0	16
chr5	123317519	123318709	2	2	1	1	0	39
chr5	123379997	123386355	1	1	1	3	0	13
chr5	123504860	123505091	2	4	1	1	0	31
chr5	123747409	123749884	2	2	1	3	0	37
chr5	123750002	123755398	2	2	1	1	0	25
chr5	123755615	123755719	2	2	1	1	0	34
chr5	123755886	123759858	2	2	1	4	0	3
chr5	123874745	123877554	2	2	1	2	0	37
chr5	123877759	123878734	2	2	1	2	0	21
chr5	124046278	124053253	1	1	1	4	0	20
chr5	124053274	124055262	1	1	1	6	0	21
chr5	124055348	124060242	1	1	1	3	0	39
chr5	124060327	124062793	1	1	1	1	0	6
chr5	124062911	124065060	1	1	1	1	0	15
chr5	124065201	124065312	1	1	1	2	0	10
chr5	124254675	124254977	1	1	1	2	0	34
chr5	124255452	124255892	1	1	1	1	0	12
chr5	124255963	124256047	1	1	1	1	0	7
chr5	124435774	124436684	2	2	1	1	0	24
chr5	124531070	124531863	2	2	1	3	0	21
chr5	124532059	124533957	2	2	1	3	0	36
chr5	124534110	124536474	2	2	1	1	0	38
chr5	124679105	124681034	1	1	1	0	1	24
chr5	124705066	124705897	1	1	1	2	0	35
chr5	124939947	124940417	1	1	1	1	0	43
chr5	125162124	125163904	2	2	1	2	0	16
chr5	125354930	125360962	2	2	1	1	0	6
chr5	127721532	127727746	1	1	1	1	0	4
chr5	129866252	129866880	1	1	1	1	0	41
chr5	129867752	129868532	1	1	1	2	0	21
chr5	129868644	129868845	1	1	1	1	0	32
chr5	129910238	129911269	2	2	1	18	3	38
chr5	130040542	130040705	2	2	1	26	0	45
chr5	130040813	130040890	2	2	1	2	0	42
chr5	130047249	130047388	2	2	1	2	0	26
chr5	130047446	130047673	2	2	1	1	0	6
chr5	130048698	130052882	2	2	1	1	0	8
chr5	130254897	130256408	1	3	1	1	0	35
chr5	134356629	134364990	1	1	1	0	8	46
chr5	134389130	134389807	2	2	1	0	1	40
chr5	134389130	134392035	2	2	1	0	1	40
chr5	134648843	134648961	1	1	1	1	0	40
chr5	134665944	134680239	2	2	1	0	2	41
chr5	134969548	134969745	1	1	1	1	0	4
chr5	135040520	135040740	1	1	1	1	0	20
chr5	135162494	135166681	1	1	1	1	0	27
chr5	135164335	135166095	1	1	1	1	0	42
chr5	135227170	135233843	1	1	1	2	0	45
chr5	135259189	135260453	1	1	1	2	0	31
chr5	135763152	135763236	1	1	1	2	0	28
chr5	135764960	135765827	1	3	1	1	0	36
chr5	135818155	135818479	1	1	1	1	0	16
chr5	135818632	135818930	1	1	1	2	0	46
chr5	136277835	136278021	2	2	1	1	0	5
chr5	136278087	136279377	2	2	1	1	0	22
chr5	137011272	137011371	2	2	1	1	0	9
chr5	137011542	137011721	2	2	1	1	0	28
chr5	137011802	137013732	2	2	1	1	0	13
chr5	137070732	137071917	2	2	1	1	0	20
chr5	137294169	137294248	2	2	1	3	0	36
chr5	137295776	137296060	2	2	1	1	0	33
chr5	137527170	137527265	2	2	1	1	0	37
chr5	137598086	137598238	2	2	1	1	0	22
chr5	137603580	137603718	2	2	1	1	0	4
chr5	137636229	137636327	1	1	1	1	0	38
chr5	137665439	137665942	2	2	1	2	0	9
chr5	137892627	137893444	2	2	1	1	0	6
chr5	137983649	137985700	1	1	1	2	0	44
chr5	138095842	138098851	1	1	1	1	0	20
chr5	138159760	138159935	1	1	1	1	0	4
chr5	138161507	138161588	1	1	1	2	0	15
chr5	138161872	138161997	1	1	1	6	0	39
chr5	139346486	139347061	2	2	1	2	0	12
chr5	139692665	139692816	2	2	1	1	0	7
chr5	140415939	140416016	1	1	1	1	0	8
chr5	140416084	140416725	1	1	1	2	0	17
chr5	140418890	140422002	1	1	1	1	0	20
chr5	140425807	140426740	1	1	1	1	0	12
chr5	142889697	142889821	2	2	1	47	1	45
chr5	142890004	142890098	2	2	1	1	0	12
chr5	142890538	142890991	2	2	1	2	0	26
chr5	143066119	143066717	2	2	1	1	0	30
chr5	143492861	143493081	2	2	1	1	0	33
chr5	143493242	143493850	2	2	1	1	0	32
chr5	143500542	143502912	2	2	1	1	0	33
chr5	143699593	143700356	2	2	1	1	0	4
chr5	143927584	143928289	2	2	1	1	0	38
chr5	144261443	144294600	2	2	1	1	0	33
chr5	145063743	145064445	1	1	1	1	0	46
chr5	145064537	145064630	1	1	1	2	0	12
chr5	145067186	145068174	2	2	1	1	0	9
chr5	145068327	145069668	2	2	1	10	0	44
chr5	145069791	145071874	2	2	1	2	0	37
chr5	145073804	145076776	2	2	1	3	0	36
chr5	145083420	145084644	1	1	1	5	0	38
chr5	145120678	145121341	2	2	1	36	0	44
chr5	145121459	145123935	2	2	1	7	0	33
chr5	145124044	145128312	2	2	1	3	0	33
chr5	145377330	145378763	2	2	1	0	1	21
chr5	145731278	145731544	2	2	1	0	3	10
chr5	145791973	145795530	2	2	1	11	0	42
chr5	145795694	145797121	2	2	1	1	1	44
chr5	145797349	145799156	2	2	1	1	0	34
chr5	145799318	145801734	2	2	1	1	0	23
chr5	145801805	145802693	2	2	1	4	0	29
chr5	145801943	145802693	2	2	1	1	0	28
chr5	145802822	145805345	2	2	1	4	0	23
chr5	145805495	145805765	2	2	1	3	3	19
chr5	145805855	145805933	2	2	1	3	0	36
chr5	145806048	145810241	2	2	1	1	0	39
chr5	145810342	145812231	2	2	1	2	0	39
chr5	145812285	145814447	2	2	1	5	0	41
chr5	145814542	145816515	2	2	1	8	0	46
chr5	145914513	145914957	2	2	1	1	0	15
chr5	145918357	145921679	2	2	1	1	0	30
chr5	145921907	145923615	2	2	1	2	0	41
chr5	145923777	145926710	2	2	1	1	0	11
chr5	145926778	145928245	2	2	1	2	0	28
chr5	145928374	145929697	2	2	1	4	0	23
chr5	145929847	145930082	2	2	1	1	0	3
chr5	145929847	145931674	2	2	1	0	1	36
chr5	145930172	145931674	2	2	1	1	0	3
chr5	145931789	145935296	2	2	1	3	0	34
chr5	145932540	145935296	2	2	1	2	0	37
chr5	145933022	145935296	2	2	1	2	0	41
chr5	145935397	145938258	2	2	1	8	0	37
chr5	145938312	145939840	2	2	1	10	0	38
chr5	145939935	145946279	2	2	1	5	0	32
chr5	146027549	146031156	1	1	1	1	0	41
chr5	146031271	146033386	1	1	1	0	1	36
chr5	146157295	146158029	2	2	1	1	0	44
chr5	146168631	146196314	1	1	1	2	0	18
chr5	146771320	146771801	1	1	1	2	0	36
chr5	146771915	146772373	1	1	1	8	0	38
chr5	146772525	146772673	1	1	1	72	3	45
chr5	147799461	147805532	1	1	1	1	0	7
chr5	147805594	147806221	1	1	1	1	0	24
chr5	147809470	147812273	1	1	1	1	0	31
chr5	148895541	148895957	2	2	1	3	0	15
chr5	148985724	148986536	2	2	1	3	0	26
chr5	148986712	148987104	2	2	1	3	0	43
chr5	148987251	148987397	2	2	1	2	0	29
chr5	148987562	148989709	2	2	1	1	1	26
chr5	149543468	149544010	2	2	1	3	0	31
chr5	150585979	150588965	2	2	1	1	0	18
chr6	3201073	3201327	0	0	1	24	0	45
chr6	4074371	4076450	2	2	1	1	0	24
chr6	4078037	4079960	2	2	1	7	0	41
chr6	4943890	4946415	1	1	1	1	0	44
chr6	5168497	5171740	2	2	1	1	0	3
chr6	5171870	5175741	2	2	1	1	0	38
chr6	5221723	5230400	2	2	1	1	0	42
chr6	6131769	6152407	2	2	1	4	0	32
chr6	6152524	6180970	2	2	1	4	0	27
chr6	6558492	6560407	2	2	1	11	0	37
chr6	6560502	6578478	2	2	1	1	0	41
chr6	7867044	7871053	1	1	1	1	0	6
chr6	8537969	8558499	1	1	1	1	0	16
chr6	8763497	8763597	2	2	1	1	0	24
chr6	11900591	11905200	2	2	1	71	2	45
chr6	11905262	11906018	2	2	1	18	0	42
chr6	11906108	11907322	2	2	1	2	0	16
chr6	11926837	11933251	1	1	1	1	0	10
chr6	11987682	11988720	1	1	1	1	0	42
chr6	11992117	11997024	1	1	1	1	0	24
chr6	12047944	12080995	1	1	1	4	0	33
chr6	17648583	17650001	1	1	1	2	0	44
chr6	17662169	17665049	1	1	1	2	0	26
chr6	17665113	17665293	1	1	1	2	0	3
chr6	21851145	21852010	2	2	1	2	0	39
chr6	22309453	22318932	2	2	1	1	0	22
chr6	23075856	23077077	2	2	1	1	0	14
chr6	23097202	23107138	2	2	1	1	0	25
chr6	23114987	23115086	2	2	1	1	0	33
chr6	24518824	24519190	2	2	1	64	0	46
chr6	24519257	24522657	2	2	1	19	0	41
chr6	24626862	24629923	2	2	1	8	0	24
chr6	24629948	24633835	2	2	1	7	0	26
chr6	24633933	24634570	2	2	1	2	0	18
chr6	28531499	28545483	1	1	1	2	0	13
chr6	29155189	29157066	2	2	1	1	0	23
chr6	29160195	29164489	2	2	1	1	0	12
chr6	29575152	29578461	2	2	1	1	0	34
chr6	30241424	30242536	2	2	1	1	0	38
chr6	30242577	30260927	2	2	1	1	0	14
chr6	30447477	30447939	1	1	1	1	0	43
chr6	30750635	30786493	2	2	1	3	0	13
chr6	31312998	31313738	1	1	1	2	0	7
chr6	31312998	31314164	1	1	1	1	0	26
chr6	31313793	31314164	1	1	1	3	0	21
chr6	31375890	31395865	1	1	1	3	0	24
chr6	31395936	31403648	1	1	1	2	0	18
chr6	31473707	31476821	1	1	1	1	0	3
chr6	32768073	32769792	2	2	1	1	0	40
chr6	32985500	33026271	2	2	1	1	0	20
chr6	34730524	34732568	1	1	1	6	0	42
chr6	34730524	34732574	1	1	1	0	1	3
chr6	34735060	34739044	1	1	1	1	0	37
chr6	34743134	34747982	1	1	1	1	0	28
chr6	34763993	34764228	1	3	1	0	1	27
chr6	34850738	34851406	2	2	1	1	0	15
chr6	37332725	37335397	2	2	1	1	0	21
chr6	37527219	37531416	1	1	1	1	0	41
chr6	37783297	37783690	2	2	1	1	0	38
chr6	38288656	38289328	2	2	1	1	0	7
chr6	38306208	38308697	2	2	1	1	0	4
chr6	38429907	38438409	1	1	1	1	0	12
chr6	38438548	38439897	1	1	1	1	0	42
chr6	38440002	38440488	1	1	1	2	0	29
chr6	38511946	38516093	1	1	1	3	0	44
chr6	38528844	38531914	1	1	1	1	1	12
chr6	38531999	38534234	1	1	1	1	0	29
chr6	38566222	38568222	1	1	1	0	1	9
chr6	38568367	38569553	1	1	1	5	0	26
chr6	39143689	39145874	2	2	1	2	0	35
chr6	39569647	39573384	1	1	1	2	0	22
chr6	39573530	39575199	1	1	1	20	0	41
chr6	39575296	39576325	1	1	1	18	0	42
chr6	39575300	39576325	1	1	1	13	0	46
chr6	39779479	39782304	2	2	1	1	0	31
chr6	40306534	40324345	1	1	1	0	1	36
chr6	40453442	40453681	1	1	1	1	0	18
chr6	40453770	40454856	1	1	1	4	0	44
chr6	40454946	40457786	1	1	1	6	5	41
chr6	41993472	41997737	1	1	1	0	1	40
chr6	42226867	42227163	1	1	1	7	0	45
chr6	42334920	42335102	1	1	1	0	1	3
chr6	42336026	42337938	2	2	1	1	0	16
chr6	44769954	44770049	2	2	1	0	25	46
chr6	47474323	47478101	1	1	1	3	0	41
chr6	47785278	47790150	2	2	1	6	0	34
chr6	48404814	48418880	2	2	1	4	0	42
chr6	48418766	48418880	2	2	1	1	0	22
chr6	48546740	48546874	2	2	1	136	0	46
chr6	48546994	48547177	2	2	1	18	0	44
chr6	48546997	48547177	2	2	1	5	0	29
chr6	48547274	48548716	2	2	1	8	0	33
chr6	48548822	48549021	2	2	1	2	0	40
chr6	48549225	48549527	2	2	1	3	0	45
chr6	48811074	48811440	2	2	1	1	0	12
chr6	48821713	48822037	1	1	1	4	0	41
chr6	49052199	49059778	1	1	1	1	0	43
chr6	49059861	49061436	1	1	1	2	0	18
chr6	50135815	50139565	1	1	1	1	0	6
chr6	50155501	50157155	1	1	1	3	0	29
chr6	50157256	50157570	1	1	1	1	0	29
chr6	50171709	50173493	1	1	1	1	0	26
chr6	50173623	50175133	1	1	1	4	0	31
chr6	50542366	50542471	2	2	1	3	0	38
chr6	50566955	50600795	1	1	1	2	0	24
chr6	51438414	51440390	2	2	1	1	0	38
chr6	51439036	51440390	2	2	1	4	0	42
chr6	51440235	51440390	2	2	1	2	0	32
chr6	51441528	51442158	2	2	1	2	0	31
chr6	51443686	51443885	2	2	1	6	0	40
chr6	51447720	51448795	1	1	1	1	1	34
chr6	51452354	51455417	1	1	1	0	2	44
chr6	51455581	51458703	1	1	1	0	3	30
chr6	51898344	51899242	2	2	1	1	0	6
chr6	51899321	51972996	2	2	1	1	0	25
chr6	52597084	52599835	2	2	1	2	0	45
chr6	52599946	52607173	2	2	1	2	0	30
chr6	52698452	52704183	1	1	1	2	0	7
chr6	52706454	52710175	1	1	1	2	0	41
chr6	52710335	52713834	1	1	1	2	0	31
chr6	52713984	52714066	1	1	1	7	0	34
chr6	52719161	52719676	1	1	1	1	0	28
chr6	52719824	52721206	1	1	1	4	0	43
chr6	52721340	52723654	1	1	1	2	0	42
chr6	52723756	52728069	1	1	1	1	0	34
chr6	54596338	54597256	1	1	1	1	0	18
chr6	54597298	54599105	1	1	1	1	0	33
chr6	55054759	55056204	1	1	1	2	0	20
chr6	55260138	55260241	1	1	1	1	0	39
chr6	55324577	55325382	1	1	1	1	0	45
chr6	57492744	57499733	2	2	1	4	0	25
chr6	57603036	57623111	1	1	1	1	0	19
chr6	58641544	58642088	1	1	1	2	0	41
chr6	58661443	58662651	1	1	1	1	0	21
chr6	58667605	58669227	1	1	1	4	0	40
chr6	65050260	65051745	1	1	1	1	0	37
chr6	66891495	66992708	1	1	1	1	0	32
chr6	67249012	67249122	1	1	1	3	0	41
chr6	67249213	67249847	1	1	1	1	0	11
chr6	67249923	67254744	1	1	1	6	0	45
chr6	67254923	67258631	1	1	1	1	0	9
chr6	67258806	67260886	1	1	1	28	0	43
chr6	70759163	70760361	2	4	1	1	0	40
chr6	71176978	71178591	1	1	1	60	1	44
chr6	71178636	71180089	1	1	1	2	0	17
chr6	71178765	71180070	1	1	1	1967	0	46
chr6	71178765	71180074	1	1	1	1	0	32
chr6	71179897	71180070	1	1	1	3	0	30
chr6	71180164	71181887	1	1	1	4776	0	46
chr6	71521018	71529382	1	1	1	1	0	4
chr6	71538061	71551098	1	1	1	1	0	7
chr6	71551221	71554714	1	1	1	1	0	3
chr6	71794734	71795652	2	2	1	1	0	10
chr6	71823460	71828755	1	1	1	1	0	31
chr6	71828865	71829746	1	1	1	1	0	30
chr6	71829852	71833895	1	1	1	1	0	33
chr6	71834033	71837986	1	1	1	2	0	25
chr6	71944432	71944842	1	1	1	1	0	32
chr6	72336378	72336495	1	1	1	2	0	15
chr6	72346163	72346272	2	2	1	1	0	12
chr6	72405033	72405440	1	1	1	1	0	6
chr6	72575780	72577955	1	1	1	1	0	40
chr6	72583723	72583856	1	1	1	1	0	8
chr6	72584017	72584224	1	1	1	4	0	41
chr6	72591139	72592506	2	2	1	1	0	17
chr6	72784089	72804216	1	1	1	0	1	21
chr6	73237575	73240790	1	1	1	1	0	13
chr6	73241004	73241212	1	1	1	2	0	33
chr6	73252373	73253664	1	1	1	17	0	45
chr6	82596120	82628417	2	2	1	1	0	17
chr6	82625018	82628417	2	2	1	1	0	42
chr6	82628460	82629063	2	2	1	1	0	36
chr6	83032030	83032109	1	1	1	1	0	45
chr6	83033122	83033348	1	1	1	1	0	36
chr6	83034075	83034256	1	1	1	3	0	31
chr6	83034376	83034478	1	1	1	21	0	43
chr6	83097269	83097752	2	2	1	1	0	19
chr6	83101759	83101991	2	2	1	1	0	10
chr6	83307016	83309435	1	1	1	1	0	22
chr6	83330113	83335128	1	1	1	4	0	39
chr6	83457925	83458328	2	2	1	1	0	27
chr6	83541239	83547284	2	2	1	1	0	6
chr6	83622353	83622877	2	2	1	1	0	44
chr6	83649402	83656303	1	1	1	1	0	32
chr6	83778559	83779249	1	1	1	1	0	3
chr6	83808311	83808616	2	2	1	1	0	46
chr6	85111271	85113804	2	2	1	1	0	6
chr6	85190140	85190506	1	3	1	1	0	39
chr6	85845435	85845760	2	2	1	1	0	32
chr6	85887260	85887619	2	2	1	2	0	42
chr6	85887260	85887977	2	2	1	4	0	25
chr6	85888003	85892515	2	2	1	4	0	27
chr6	85904967	85905757	1	1	1	4	0	10
chr6	86353602	86355714	1	1	1	3	3	29
chr6	86540520	86541257	1	1	1	1	0	19
chr6	86652563	86653203	2	2	1	1	0	32
chr6	86658686	86659837	2	2	1	9	0	43
chr6	86659959	86661428	2	2	1	3	0	44
chr6	86714806	86718817	2	2	1	1	0	13
chr6	86721703	86725868	2	2	1	1	0	26
chr6	86986942	86989888	1	1	1	1	0	14
chr6	86989990	86992547	1	1	1	2	0	34
chr6	87002643	87005276	1	1	1	8	0	40
chr6	87019988	87027902	1	1	1	1	0	43
chr6	87799445	87802352	2	2	1	1	0	21
chr6	88065397	88066970	1	1	1	1	0	43
chr6	88079203	88080346	1	1	1	3	0	46
chr6	88800389	88802632	1	1	1	1	0	34
chr6	90321239	90322290	1	1	1	2	0	43
chr6	90335969	90338432	1	1	1	1	0	33
chr6	90338533	90340088	1	1	1	2	0	36
chr6	90536974	90539600	1	1	1	1	0	27
chr6	90541466	90543620	1	1	1	1	0	28
chr6	90548977	90553609	1	1	1	1	0	27
chr6	90560187	90575971	0	0	1	3	0	34
chr6	90560243	90566318	1	1	1	2	0	30
chr6	90566413	90567719	1	1	1	1	0	28
chr6	90567799	90576062	2	2	1	1	3	26
chr6	90567820	90568782	1	1	1	3	0	42
chr6	90568882	90571464	1	1	1	1	0	27
chr6	90571631	90573849	1	1	1	1	0	40
chr6	90575368	90575868	1	1	1	9	0	37
chr6	91477994	91480982	2	2	1	3	0	16
chr6	91716993	91717929	1	1	1	1	0	43
chr6	91857343	91858227	1	1	1	3	0	22
chr6	91862388	91865050	1	1	1	1	0	5
chr6	91869980	91870386	1	1	1	4	0	35
chr6	91870482	91872194	1	1	1	1	0	10
chr6	92170213	92170924	2	2	1	1	0	39
chr6	95451298	95451454	1	1	1	0	3	23
chr6	95452146	95474577	2	2	1	0	1	28
chr6	97135160	97135421	2	2	1	1	0	28
chr6	97137562	97138328	2	2	1	1	0	23
chr6	97138522	97140479	2	2	1	2	0	17
chr6	97145852	97147286	2	2	1	1	0	36
chr6	97147393	97149173	2	2	1	1	0	15
chr6	97161827	97162301	2	2	1	1	0	9
chr6	97162357	97162443	2	2	1	1	0	28
chr6	106746218	106746790	1	1	1	1	0	29
chr6	106759988	106760385	2	2	1	1	0	12
chr6	113087886	113088318	1	1	1	1	0	31
chr6	113458197	113459243	1	1	1	1	0	22
chr6	114754041	114835951	1	1	1	3	0	41
chr6	115563766	115566305	2	2	1	2	0	41
chr6	115590503	115591535	1	1	1	1	0	6
chr6	115603801	115603899	2	2	1	2	0	36
chr6	115782650	115783946	2	2	1	34	2	46
chr6	115852284	115854435	1	1	1	1	0	7
chr6	115854513	115857604	1	1	1	1	0	8
chr6	116193181	116194710	1	1	1	1	0	12
chr6	116197606	116198776	1	1	1	2	0	21
chr6	116231180	116231373	1	1	1	5	0	44
chr6	116236218	116237451	1	1	1	1	0	36
chr6	118375117	118380049	2	2	1	2	0	46
chr6	118512105	118516646	2	2	1	1	0	34
chr6	119194941	119196963	1	1	1	1	0	32
chr6	119332890	119334176	2	2	1	1	0	5
chr6	119730358	119738104	2	2	1	1	0	16
chr6	119738273	119750694	2	2	1	2	0	18
chr6	119946532	119947818	2	2	1	1	0	25
chr6	119948039	119949728	2	2	1	2	0	15
chr6	119979327	120013834	2	2	1	1	0	36
chr6	120395700	120396360	1	1	1	1	0	33
chr6	120407242	120408773	1	1	1	3	0	33
chr6	120731702	120732477	1	1	1	1	0	6
chr6	120732605	120733509	1	1	1	3	0	30
chr6	120774926	120778003	2	2	1	1	0	25
chr6	120785433	120799548	2	2	1	2	0	7
chr6	120795361	120799548	2	2	1	1	0	24
chr6	120876552	120877116	2	2	1	1	0	18
chr6	121277289	121279655	1	1	1	1	0	13
chr6	121313945	121314252	1	1	1	2	0	39
chr6	121340289	121340644	1	1	1	1	0	40
chr6	121761715	121762789	1	1	1	0	1	24
chr6	121762881	121763538	1	1	1	0	2	5
chr6	121815684	121817018	1	1	1	2	0	16
chr6	121817203	121817960	1	1	1	7	0	38
chr6	121818121	121818230	1	1	1	1	0	40
chr6	121827314	121828347	1	1	1	11	0	42
chr6	121828436	121833242	1	1	1	7	0	40
chr6	121828436	121833246	1	1	1	1	0	35
chr6	121833361	121833504	1	1	1	4	0	43
chr6	121833615	121834294	1	1	1	1	0	8
chr6	121842843	121847450	1	1	1	2	0	34
chr6	121847610	121848263	1	1	1	2	0	31
chr6	121848346	121850573	1	1	1	3	0	40
chr6	121852516	121852774	1	1	1	0	2	33
chr6	121852897	121853378	1	1	1	1	0	33
chr6	121857560	121857790	1	1	1	5	0	30
chr6	121857866	121858640	1	1	1	6	0	39
chr6	121858822	121859540	1	1	1	1	0	12
chr6	121859765	121861142	1	1	1	0	1	41
chr6	121861362	121861520	1	1	1	2	0	28
chr6	121861649	121862762	1	1	1	0	5	40
chr6	121862854	121863503	1	1	1	14	4	44
chr6	121863573	121864373	1	1	1	20	0	44
chr6	121864477	121865521	1	1	1	203	0	42
chr6	121864477	121865871	1	1	1	1	13	44
chr6	121865564	121865871	1	1	1	335	13	45
chr6	121929387	121930329	1	1	1	0	5	40
chr6	121932029	121933067	1	1	1	0	1	30
chr6	121985449	121986240	1	1	1	0	4	40
chr6	121986401	121986546	1	1	1	0	1	14
chr6	121986600	121999985	1	1	1	0	1	24
chr6	122000433	122000813	1	1	1	0	3	20
chr6	122000899	122001906	1	1	1	5	0	36
chr6	122001995	122012935	1	1	1	3	0	20
chr6	122013054	122013198	1	1	1	1	0	10
chr6	122017729	122024393	1	1	1	1	0	32
chr6	122036076	122036714	1	1	1	1	0	29
chr6	122052581	122054347	1	1	1	1	0	16
chr6	122056744	122058126	1	1	1	0	1	41
chr6	122058634	122059657	1	1	1	0	5	40
chr6	122059749	122060390	1	1	1	0	4	17
chr6	122060460	122061275	1	1	1	3	0	40
chr6	122061379	122062426	1	1	1	24	0	42
chr6	122062469	122062782	1	1	1	34	0	45
chr6	122113777	122115275	1	1	1	1	0	12
chr6	122115514	122116344	1	1	1	1	2	40
chr6	122154704	122155496	1	1	1	0	4	40
chr6	122155657	122155800	1	1	1	0	1	14
chr6	122155854	122169216	1	1	1	0	1	24
chr6	122169664	122170044	1	1	1	0	3	20
chr6	122212516	122212774	1	1	1	0	2	33
chr6	122221222	122222267	1	1	1	0	5	40
chr6	122222359	122223002	1	1	1	0	4	17
chr6	122223976	122225023	1	1	1	6	1	30
chr6	122225066	122225380	1	1	1	10	0	42
chr6	122225066	122226780	1	1	1	4	0	38
chr6	122226835	122232630	1	1	1	3	0	15
chr6	124374000	124377060	1	1	1	1	0	34
chr6	124485875	124486588	2	2	1	1	0	42
chr6	124498654	124499160	1	1	1	0	2	36
chr6	124512346	124513290	2	2	1	1	0	41
chr6	124513491	124514319	2	2	1	0	1	3
chr6	124556661	124557209	1	1	1	0	2	36
chr6	124608177	124609020	2	2	1	0	1	3
chr6	124680349	124680457	1	1	1	5	0	46
chr6	124698631	124698725	2	2	1	1	0	21
chr6	124716377	124717481	2	2	1	5	0	46
chr6	124717659	124717882	2	2	1	1	0	34
chr6	124719638	124719963	0	0	1	3	0	39
chr6	124803388	124806247	2	2	1	2	0	14
chr6	124890805	124891042	1	3	1	2	0	38
chr6	124890813	124891064	1	3	1	1	0	22
chr6	124891196	124891370	2	2	1	4	0	46
chr6	124891430	124891597	2	2	1	2	1	36
chr6	124891677	124891880	2	2	1	3	0	27
chr6	124891953	124894522	2	2	1	4	0	23
chr6	124911709	124912195	1	1	1	1	0	18
chr6	124938324	124939320	2	2	1	1	0	37
chr6	125074229	125077430	1	1	1	3	0	41
chr6	125077553	125077761	1	1	1	3	0	38
chr6	125082034	125082138	1	1	1	1	0	12
chr6	125099246	125099439	1	1	1	2	0	33
chr6	125139065	125139174	2	2	1	35	1	42
chr6	125139357	125139440	2	2	1	3	0	18
chr6	125139672	125139805	2	2	1	1	0	38
chr6	125140004	125140101	2	2	1	1	0	36
chr6	125140400	125142233	2	2	1	1	0	7
chr6	125142275	125142514	2	2	1	1	0	35
chr6	125339831	125340004	2	2	1	3	0	35
chr6	126799153	126801898	2	2	1	6	0	45
chr6	126801966	126804502	2	2	1	3	0	43
chr6	126811460	126813181	2	2	1	2	0	41
chr6	128407844	128409384	2	2	1	2	0	43
chr6	128411836	128412676	2	2	1	3	0	35
chr6	128460690	128461122	2	2	1	1	0	29
chr6	128460690	128461821	2	2	1	2	0	23
chr6	128460690	128461826	2	2	1	391	0	44
chr6	128461869	128462520	2	2	1	242	0	43
chr6	128462624	128463080	2	2	1	24	0	46
chr6	128463150	128463855	2	2	1	3	0	32
chr6	128463947	128464365	2	2	1	6	0	35
chr6	128464497	128464843	2	2	1	2	0	34
chr6	128466111	128466644	2	2	1	4	0	31
chr6	128466823	128466981	2	2	1	2	0	32
chr6	128472283	128472862	2	2	1	1	0	18
chr6	128473717	128475921	2	2	1	1	0	33
chr6	128489347	128490698	2	2	1	2	0	42
chr6	128493146	128493778	2	2	1	1	0	13
chr6	128493894	128496354	2	2	1	2	0	18
chr6	128496479	128498063	2	2	1	4	0	46
chr6	128498149	128498978	2	2	1	4	0	41
chr6	128499148	128499702	2	2	1	2	0	21
chr6	128499724	128500739	2	2	1	3	0	21
chr6	128500793	128500932	2	2	1	2	0	30
chr6	128502262	128503541	2	2	1	3	0	46
chr6	128516983	128517224	2	2	1	1	0	18
chr6	128517313	128517966	2	2	1	3	0	34
chr6	128518067	128519797	2	2	1	2	0	38
chr6	128519867	128520213	2	2	1	1	0	22
chr6	129160181	129161097	1	1	1	1	0	25
chr6	129209911	129210026	2	2	1	1	0	42
chr6	129210117	129214701	2	2	1	1	0	20
chr6	129518655	129519132	1	3	1	3	0	35
chr6	131261692	131262605	2	2	1	2	0	31
chr6	134996075	134997578	1	1	1	1	0	28
chr6	135062668	135064351	2	2	1	0	2	39
chr6	135062668	135077851	2	2	1	0	1	45
chr6	135064352	135077851	2	2	1	0	1	45
chr6	135130000	135132148	2	2	1	2	0	28
chr6	136802546	136802998	2	2	1	1	0	12
chr6	136803108	136805017	2	2	1	5	0	14
chr6	137813882	137814113	1	1	1	3	0	29
chr6	138117605	138124656	1	1	1	2	0	28
chr6	138124814	138127765	1	1	1	2	0	43
chr6	138127861	138133129	1	1	1	2	0	33
chr6	140370183	140372223	1	1	1	1	0	20
chr6	140470675	140471564	1	1	1	1	0	12
chr6	140480289	140482373	1	1	1	2	0	26
chr6	141580262	141594214	1	1	1	2	0	38
chr6	141601145	141602514	1	1	1	1	0	16
chr6	141603333	141609303	1	1	1	3	0	33
chr6	141615771	141615791	0	0	1	11	0	45
chr6	141622112	141627035	1	1	1	3	0	28
chr6	141627101	141628929	1	1	1	20	1	45
chr6	141629048	141631115	1	1	1	25	0	40
chr6	141770927	141771967	2	2	1	0	1	17
chr6	141864362	141867494	2	2	1	1	0	15
chr6	141871477	141878151	2	2	1	3	1	22
chr6	141882233	141885688	2	2	1	1	0	17
chr6	141885822	141889108	2	2	1	1	0	15
chr6	142368558	142369119	2	2	1	4	0	45
chr6	142368558	142369246	2	2	1	1	0	8
chr6	142376112	142391711	2	2	1	1	0	32
chr6	145878562	145878657	1	1	1	0	19	46
chr6	146274737	146275861	2	2	1	1	0	39
chr6	146491535	146494131	1	1	1	2	0	30
chr6	146894936	146897887	1	1	1	1	0	40
chr6	146928995	146931058	1	1	1	2	0	42
chr6	148083238	148083385	2	2	1	2	0	37
chr6	148083469	148084543	2	2	1	1	0	16
chr6	148930740	148934763	2	2	1	2	0	43
chr6	149059330	149068303	2	2	1	1	0	37
chr7	3620407	3620615	1	1	1	1	0	25
chr7	3620691	3622428	1	1	1	7	0	43
chr7	3622507	3622999	1	1	1	37	0	45
chr7	3623474	3623745	2	2	1	1	0	21
chr7	3623474	3623775	2	2	1	1	0	14
chr7	3669008	3669100	2	2	1	2	0	44
chr7	3707064	3707325	1	1	1	1	0	17
chr7	3708919	3709649	1	1	1	13	0	46
chr7	3736157	3738468	2	2	1	0	1	46
chr7	3841339	3843632	2	2	1	0	1	46
chr7	4507800	4510381	2	2	1	1	0	10
chr7	4510423	4510520	2	2	1	1	0	41
chr7	4634592	4634701	2	2	1	1	0	25
chr7	4635244	4635339	2	2	1	2	0	9
chr7	4635397	4635487	2	2	1	2	0	26
chr7	4788279	4792003	2	2	1	1	0	15
chr7	4795998	4796319	1	1	1	3	0	20
chr7	4796409	4796501	1	1	1	1	0	19
chr7	4796626	4797062	1	1	1	25	0	45
chr7	4797182	4797416	1	1	1	83	0	45
chr7	5086982	5092917	1	1	1	2	0	30
chr7	7287274	7290644	2	2	1	3	0	31
chr7	7290862	7291873	2	2	1	2	0	16
chr7	12657009	12659318	1	1	1	10	0	38
chr7	12659529	12659663	1	1	1	4	0	41
chr7	12659793	12660322	1	1	1	78	0	46
chr7	12660422	12660498	1	1	1	171	0	45
chr7	12722384	12722471	2	4	1	2	0	22
chr7	12722444	12722936	2	2	1	3	0	24
chr7	12722580	12722659	2	2	1	12	0	35
chr7	12722791	12722936	2	2	1	4	0	41
chr7	12723035	12723280	2	2	1	2	0	29
chr7	12723480	12724893	2	2	1	1	0	23
chr7	12727367	12728806	2	2	1	4	0	42
chr7	12730368	12731304	2	2	1	1	0	15
chr7	12766130	12766215	2	2	1	17	0	44
chr7	12766278	12766361	2	2	1	3	0	23
chr7	12767970	12768561	2	2	1	4	0	45
chr7	14145745	14147553	2	2	1	3	0	40
chr7	14147723	14150142	2	2	1	4	0	37
chr7	14150238	14157361	2	2	1	2	0	39
chr7	14157489	14159272	2	2	1	6	0	44
chr7	15671815	15672098	2	2	1	9	0	46
chr7	15672156	15672276	2	2	1	9	0	45
chr7	15672354	15672835	2	2	1	3	0	37
chr7	15679280	15679754	2	2	1	2	0	42
chr7	16010221	16010418	2	2	1	1	0	16
chr7	16026079	16037836	2	2	1	0	1	46
chr7	16100832	16102433	2	2	1	1	0	28
chr7	18788224	18788313	1	1	1	1	0	25
chr7	18885323	18886400	1	1	1	0	6	33
chr7	19243094	19243277	1	1	1	1	0	29
chr7	19248465	19249973	1	1	1	1	0	31
chr7	19315331	19316156	2	2	1	1	0	10
chr7	19316240	19318079	2	2	1	2	0	38
chr7	19318127	19318208	2	2	1	1	0	8
chr7	19405774	19407153	2	2	1	10	0	43
chr7	19412238	19412534	2	2	1	185	0	45
chr7	19412668	19415229	2	2	1	9	0	42
chr7	19423525	19425889	0	0	1	5	0	41
chr7	19423562	19425812	2	2	1	1317	0	46
chr7	19423562	19426335	2	2	1	5	0	40
chr7	19425961	19426335	2	2	1	36	0	43
chr7	19426412	19426533	2	2	1	3	0	33
chr7	19430244	19430526	1	1	1	3	0	33
chr7	19430263	19430325	2	2	1	156	2	37
chr7	19430263	19430517	2	2	1	4	0	38
chr7	19430263	19430958	2	2	1	1	1	26
chr7	19430359	19430757	2	4	1	1	0	29
chr7	19430365	19430496	2	2	1	7	5	22
chr7	19430386	19430550	2	2	1	4	0	21
chr7	19430518	19430847	2	2	1	1	0	28
chr7	19430950	19431546	2	2	1	4	1	26
chr7	19431029	19431403	2	2	1	22	2	41
chr7	19431540	19432112	2	2	1	2	0	6
chr7	19431573	19432112	2	2	1	19	0	45
chr7	19432179	19432935	2	2	1	16	0	42
chr7	19514773	19514894	2	2	1	3	0	38
chr7	19545334	19545419	2	2	1	1	0	42
chr7	24272555	24272649	1	1	1	1	0	25
chr7	24293988	24294424	1	1	1	1	0	30
chr7	24307383	24307776	1	1	1	2	0	10
chr7	24307894	24308147	1	1	1	13	0	42
chr7	24584978	24587706	1	1	1	0	7	40
chr7	24587891	24588331	1	1	1	70	0	45
chr7	24588387	24589165	1	1	1	50	0	44
chr7	24669614	24671185	2	2	1	1	0	16
chr7	24930126	24930209	2	2	1	1	0	11
chr7	25162909	25176060	2	2	1	1	1	29
chr7	25163326	25164273	2	2	1	0	1	26
chr7	25217611	25218583	2	2	1	0	1	26
chr7	25332827	25337586	2	2	1	1	0	8
chr7	25422423	25423979	2	2	1	3	0	15
chr7	25450416	25453765	2	2	1	3	0	17
chr7	26733590	26734035	1	1	1	1	0	28
chr7	26825865	26829178	2	2	1	0	1	3
chr7	26829319	26829718	1	1	1	1	0	26
chr7	26829861	26830594	1	1	1	1	0	35
chr7	26832041	26832640	1	1	1	2	0	37
chr7	27158846	27158987	1	1	1	1	0	21
chr7	27162121	27165144	1	1	1	7	0	36
chr7	27270550	27286028	1	1	1	0	1	32
chr7	27741346	27741525	2	2	1	9	0	31
chr7	27741582	27741763	2	2	1	2	0	30
chr7	27878469	27878555	1	1	1	7	0	42
chr7	28005456	28005847	2	2	1	4	0	40
chr7	28051699	28051787	1	1	1	5	0	39
chr7	28051836	28051918	1	1	1	41	0	44
chr7	28096375	28097872	1	1	1	1	0	15
chr7	28145416	28145796	1	1	1	1	0	38
chr7	28458630	28459251	2	2	1	3	0	34
chr7	28513713	28514523	1	5	1	1	0	36
chr7	28525504	28525609	1	1	1	2	0	10
chr7	28529704	28530641	1	1	1	1	0	39
chr7	28531293	28531428	1	1	1	6	0	41
chr7	28618217	28618378	2	2	1	1	0	18
chr7	28670864	28671956	2	2	1	15	0	45
chr7	28672083	28673573	2	2	1	4	0	44
chr7	28769075	28769256	2	2	1	1	0	30
chr7	28874173	28874835	2	2	1	4	0	16
chr7	28947160	28947321	2	2	1	2	0	6
chr7	28947391	28947552	2	2	1	1	0	17
chr7	29664730	29664807	1	3	1	1	0	43
chr7	29884597	29884699	1	1	1	1	0	27
chr7	29884785	29885336	1	1	1	1	0	25
chr7	29893527	29894430	2	2	1	1	0	11
chr7	29923773	29923897	2	2	1	2	0	27
chr7	29923971	29926268	2	2	1	1	0	45
chr7	29927126	29930550	2	2	1	1	0	32
chr7	29932249	29932331	1	1	1	1	0	25
chr7	29932407	29932491	1	1	1	1	0	3
chr7	29932544	29932709	1	1	1	3	0	38
chr7	30193776	30193862	1	1	1	1	0	6
chr7	30205727	30206916	1	1	1	1	0	17
chr7	30206203	30207820	1	1	1	2	0	14
chr7	30209303	30210562	1	1	1	1	0	22
chr7	30210649	30212234	1	1	1	3	0	20
chr7	30255034	30255112	2	2	1	3	0	32
chr7	30261560	30261748	2	2	1	2	0	30
chr7	30316588	30322839	2	2	1	33	0	45
chr7	30322941	30323924	2	2	1	2	0	27
chr7	30340646	30340732	2	2	1	1	0	40
chr7	30427329	30427411	2	2	1	7	0	41
chr7	30454472	30455389	1	1	1	3	0	44
chr7	30616564	30621948	1	1	1	0	1	3
chr7	30642007	30642089	2	2	1	145	0	46
chr7	30642150	30643321	2	2	1	18	0	46
chr7	30646095	30646175	2	2	1	1	0	24
chr7	30657327	30657413	2	2	1	50	0	46
chr7	30732306	30732397	2	2	1	2	0	4
chr7	30751206	30751357	2	2	1	7	0	44
chr7	30751241	30751357	2	2	1	41	0	46
chr7	30751413	30751552	2	2	1	23	0	43
chr7	30751603	30752449	2	2	1	7	0	37
chr7	30752487	30752824	2	2	1	2	0	21
chr7	30752900	30753317	2	2	1	3	0	31
chr7	30753351	30753730	2	2	1	3	0	28
chr7	30799074	30799230	2	2	1	2	0	41
chr7	30808618	30814102	2	2	1	1	0	35
chr7	30808879	30811376	1	3	1	1	0	27
chr7	33884237	33885718	2	2	1	2	0	33
chr7	33901975	33902061	2	2	1	2	0	28
chr7	33902129	33902239	2	2	1	1	0	13
chr7	33920186	33920267	2	2	1	0	1	24
chr7	34052987	34053089	2	2	1	2	0	4
chr7	34743307	34743655	1	1	1	1	0	32
chr7	34983094	34984140	2	2	1	1	0	8
chr7	34984175	34991177	2	2	1	1	0	34
chr7	34984249	34986547	2	2	1	1	0	14
chr7	35025883	35038602	2	2	1	0	2	45
chr7	35341611	35342039	2	2	1	9	0	37
chr7	35342112	35343048	2	2	1	0	1	41
chr7	35343141	35343775	2	2	1	2	0	28
chr7	35452182	35453679	2	2	1	1	0	43
chr7	41037680	41042650	2	2	1	1	0	5
chr7	42951162	42960454	2	2	1	3	0	26
chr7	43093629	43101764	1	1	1	1	0	40
chr7	43101924	43102222	1	1	1	1	0	38
chr7	43104005	43105902	1	1	1	5	0	32
chr7	43106062	43106993	1	1	1	44	0	42
chr7	43860599	43860973	1	1	1	1	0	34
chr7	44115659	44115894	1	1	1	1	0	41
chr7	44116530	44116602	1	1	1	2	0	42
chr7	44116758	44117066	1	1	1	15	0	44
chr7	44216737	44229534	2	2	1	0	2	46
chr7	44509609	44509783	1	1	1	3	0	44
chr7	44511706	44511789	1	1	1	1	0	19
chr7	44511852	44511922	1	1	1	3	0	31
chr7	44512619	44512802	2	2	1	6	0	39
chr7	44514427	44514895	2	2	1	1	0	36
chr7	44528939	44529350	2	2	1	3	0	42
chr7	44626408	44626927	2	2	1	1	0	9
chr7	44651213	44651587	1	1	1	4	0	17
chr7	44726164	44726244	1	1	1	1	0	38
chr7	44743323	44744583	2	2	1	1	0	5
chr7	44771983	44772252	2	2	1	57	0	43
chr7	44772383	44772586	2	2	1	3	0	38
chr7	44772663	44772842	2	2	1	3	0	43
chr7	44775433	44775574	2	4	1	9	2	6
chr7	44775457	44775538	2	2	1	154	0	46
chr7	44775662	44775901	2	2	1	16	0	46
chr7	44775962	44776132	2	2	1	5	0	39
chr7	44776219	44776414	2	2	1	1	0	33
chr7	44776517	44776632	2	2	1	1	0	5
chr7	44776699	44776919	2	2	1	1	0	16
chr7	44776993	44778123	2	2	1	1	0	37
chr7	44791527	44792203	2	2	1	1	0	12
chr7	44794139	44794290	2	2	1	1	0	12
chr7	44809249	44809365	1	1	1	8	0	44
chr7	45026703	45026779	2	2	1	3	0	23
chr7	45026868	45030140	2	2	1	1	0	40
chr7	45107455	45107547	1	1	1	18	0	29
chr7	45107471	45107629	1	1	1	0	4	44
chr7	45107531	45108530	2	2	1	0	1	30
chr7	45107699	45109050	1	1	1	0	2	40
chr7	45107708	45107958	2	2	1	16	3	41
chr7	45108085	45108507	2	2	1	6	0	33
chr7	45108655	45108953	2	2	1	3	3	45
chr7	45142613	45143236	2	2	1	1	0	23
chr7	45220617	45223836	2	2	1	1	0	24
chr7	45369443	45369717	1	1	1	4	0	43
chr7	45369912	45370137	1	1	1	50	0	44
chr7	45457273	45457356	2	2	1	8	0	28
chr7	45457512	45457599	2	2	1	1	0	18
chr7	46338880	46339226	2	2	1	1	0	24
chr7	46379109	46379460	2	2	1	2	0	29
chr7	46456254	46457960	1	1	1	1	0	16
chr7	46649634	46657822	2	2	1	1	0	43
chr7	51653734	51655485	2	2	1	2	0	39
chr7	55587411	55592727	2	2	1	2	0	5
chr7	55700697	55717731	1	1	1	2	0	38
chr7	55742459	55744012	1	1	1	1	0	18
chr7	58893218	58896920	1	1	1	1	0	32
chr7	58896966	58921694	1	1	1	1	0	17
chr7	58938529	58953415	1	1	1	2	0	45
chr7	58953560	58954557	1	1	1	16	0	44
chr7	59633026	59633116	2	2	1	2	0	15
chr7	64028594	64030677	2	2	1	1	0	30
chr7	64030789	64032638	2	2	1	1	0	28
chr7	64037366	64038613	2	2	1	1	0	22
chr7	64038772	64039194	2	2	1	1	0	22
chr7	64050255	64061582	1	1	1	1	0	7
chr7	64979514	64985779	2	2	1	1	0	4
chr7	64992468	64993362	2	2	1	3	0	19
chr7	64993488	65004579	2	2	1	1	0	45
chr7	65308726	65310866	1	1	1	1	0	21
chr7	65454081	65455654	1	1	1	2	2	19
chr7	65710441	65711871	1	1	1	1	0	21
chr7	65729538	65730079	1	1	1	1	0	24
chr7	65730215	65733147	1	1	1	12	0	37
chr7	66917953	66945122	2	2	1	1	0	29
chr7	67916869	67919875	2	2	1	2	0	42
chr7	67919983	67924653	2	2	1	1	0	27
chr7	73091548	73093982	2	2	1	1	0	34
chr7	73094083	73096882	2	2	1	1	0	20
chr7	73102976	73104076	2	2	1	2	0	41
chr7	73113524	73114095	2	2	1	1	0	17
chr7	73122857	73124253	2	2	1	1	0	6
chr7	73154877	73163837	2	2	1	1	0	33
chr7	73205082	73205602	2	2	1	1	0	33
chr7	75337070	75345371	1	1	1	2	0	38
chr7	75345415	75347049	1	1	1	2	0	11
chr7	78433429	78438422	1	1	1	1	0	11
chr7	79865471	79866076	1	1	1	1	0	19
chr7	79877135	79877741	2	2	1	4	0	43
chr7	80039027	80039864	2	4	1	1	0	31
chr7	80039090	80040099	2	4	1	1	5	29
chr7	80039109	80039290	0	0	1	3	0	30
chr7	80202894	80213477	1	1	1	0	1	22
chr7	80373740	80375334	2	2	1	1	0	28
chr7	80945515	80950387	1	1	1	1	0	16
chr7	80950467	80951902	1	1	1	2	0	37
chr7	80992598	80993482	2	2	1	46	1	46
chr7	80993549	80994058	2	2	1	42	0	42
chr7	80994165	80994604	2	2	1	1	0	29
chr7	81239274	81241509	1	1	1	4	0	41
chr7	81438325	81438999	2	2	1	1	0	11
chr7	81443475	81443905	2	2	1	2	0	25
chr7	82323791	82330559	1	1	1	1	0	22
chr7	84234553	84238038	2	2	1	81	0	45
chr7	84238157	84238781	2	2	1	7	0	30
chr7	84238884	84241589	2	2	1	1	0	43
chr7	84244052	84244665	2	2	1	1	0	34
chr7	84267172	84270075	2	2	1	1	0	13
chr7	84270121	84281863	2	2	1	2	0	34
chr7	90100144	90100750	2	2	1	1	0	43
chr7	92210844	92216829	1	1	1	1	0	3
chr7	92216950	92217679	1	1	1	1	0	34
chr7	92217784	92221746	1	1	1	1	0	35
chr7	97056217	97056825	1	1	1	10	0	38
chr7	97062723	97066238	2	2	1	1	0	9
chr7	97178502	97179506	1	1	1	1	0	8
chr7	97302415	97310019	1	1	1	1	0	18
chr7	97701522	97702363	2	2	1	1	0	41
chr7	98802983	98806362	1	3	1	1	0	19
chr7	98806387	98807359	2	2	1	1	0	28
chr7	99128159	99128480	2	2	1	74	1	46
chr7	99128535	99130903	2	2	1	0	1	4
chr7	99128678	99129082	2	2	1	4	0	31
chr7	99131562	99131776	2	2	1	1	0	41
chr7	99131908	99132798	2	2	1	1	0	19
chr7	99489091	99493906	2	2	1	8	0	44
chr7	99494042	99497505	2	6	1	3	0	18
chr7	99497667	99498182	2	2	1	2	0	37
chr7	99761580	99768880	2	2	1	2	0	20
chr7	99768937	99770570	2	2	1	2	0	16
chr7	99990304	99991052	2	2	1	1	0	9
chr7	99991144	99994158	2	2	1	1	0	30
chr7	100214487	100220458	2	2	1	1	0	5
chr7	100220497	100223668	2	2	1	1	0	38
chr7	100970560	100970920	1	1	1	1	0	42
chr7	100971205	100995297	1	3	1	0	4	4
chr7	100992495	100993123	1	1	1	5	0	28
chr7	100992499	100995370	1	1	1	1	0	34
chr7	100993242	100994841	1	1	1	2	0	34
chr7	100994895	100995098	1	1	1	3	0	29
chr7	100995341	100995711	2	2	1	1	0	35
chr7	101423455	101427778	1	1	1	1	0	42
chr7	101427824	101428408	1	1	1	1	0	5
chr7	101435958	101436711	1	1	1	2	0	40
chr7	101562420	101562641	2	2	1	1	0	23
chr7	101818711	101825519	2	2	1	1	0	25
chr7	103461992	103462645	2	2	1	0	16	44
chr7	103475917	103475976	2	2	1	3	0	24
chr7	103476001	103476654	2	2	1	3	16	44
chr7	104061523	104078327	2	2	1	1	0	22
chr7	104078559	104079337	2	4	1	1	0	32
chr7	104121843	104122090	2	2	1	1	0	27
chr7	104122118	104122385	2	2	1	2	0	22
chr7	105241149	105241286	2	2	1	18	0	43
chr7	105241450	105241532	2	2	1	1	0	21
chr7	105241664	105244277	2	2	1	2	0	22
chr7	105244407	105244666	2	2	1	1	0	14
chr7	105245622	105248466	2	2	1	2	0	10
chr7	105290368	105290828	1	1	1	1	0	16
chr7	105290436	105290828	1	1	1	2	0	38
chr7	105392271	105392432	2	2	1	11	0	44
chr7	107281062	107285066	1	1	1	1	0	33
chr7	107285181	107296773	1	1	1	2	0	34
chr7	107292630	107296773	1	1	1	1	0	40
chr7	107339841	107342112	1	1	1	1	0	42
chr7	108540215	108540667	1	1	1	6	0	44
chr7	109119201	109119674	1	1	1	2	0	21
chr7	109119201	109120807	1	1	1	1	0	25
chr7	109119850	109120807	1	1	1	0	82	46
chr7	109574159	109575801	2	2	1	0	2	46
chr7	109646051	109646193	1	1	1	1	0	37
chr7	109650441	109650528	1	1	1	1	0	44
chr7	109651630	109672197	1	1	1	1	0	15
chr7	110239890	110240689	2	2	1	1	0	23
chr7	110650804	110651508	1	1	1	1	0	15
chr7	110671965	110673035	2	2	1	1	0	19
chr7	110674449	110674543	2	2	1	1	0	30
chr7	110674920	110675486	2	2	1	1	0	39
chr7	110677384	110677479	2	2	1	1	0	35
chr7	110677761	110678499	2	2	1	2	0	13
chr7	110678603	110679388	2	2	1	1	0	25
chr7	110679530	110680105	2	2	1	2	0	4
chr7	111153844	111155552	2	2	1	1	0	15
chr7	111681769	111682294	1	1	1	1	0	19
chr7	111706117	111707642	1	1	1	2	0	6
chr7	111707691	111707780	1	1	1	2	0	38
chr7	111707912	111709151	1	1	1	1	0	7
chr7	113826018	113826181	2	2	1	1	0	30
chr7	113826410	113831409	2	2	1	3	0	15
chr7	113831531	113832431	2	2	1	1	0	18
chr7	113865780	113866355	2	2	1	1	0	35
chr7	113873151	113873260	2	2	1	3	0	41
chr7	114134068	114135265	1	1	1	1	0	16
chr7	114149683	114150987	2	2	1	1	0	10
chr7	114444408	114445686	1	1	1	2	0	25
chr7	115692761	115698674	1	1	1	1	0	17
chr7	115930819	115931613	2	2	1	33	0	44
chr7	115931715	115932163	2	2	1	38	0	44
chr7	116125323	116125534	1	1	1	1	0	28
chr7	117708417	117709155	2	2	1	86	0	45
chr7	117709242	117714007	2	2	1	3	19	43
chr7	117714088	117714331	2	2	1	7	0	44
chr7	117719634	117720383	2	2	1	6	0	32
chr7	117720469	117721148	2	2	1	11	0	41
chr7	117767970	117768080	2	2	1	1	0	15
chr7	117772526	117776060	2	2	1	1	0	8
chr7	117802353	117806023	2	2	1	1	0	36
chr7	118125116	118126559	2	2	1	1	0	31
chr7	119129212	119129777	2	2	1	1	0	18
chr7	119141660	119141937	1	1	1	1	0	11
chr7	119239958	119251776	1	1	1	1	0	15
chr7	119258424	119259786	1	1	1	1	0	6
chr7	119259907	119261419	1	1	1	3	0	24
chr7	119317494	119318349	2	2	1	2	0	25
chr7	120250608	120253203	1	1	1	1	0	10
chr7	120255401	120256739	1	1	1	1	0	28
chr7	120256894	120258243	1	1	1	12	0	45
chr7	121690187	121690808	2	2	1	33	0	44
chr7	121690909	121692839	2	2	1	0	6	45
chr7	121695955	121700877	2	2	1	0	1	22
chr7	122723556	122723890	1	1	1	3	0	31
chr7	122723939	122742972	1	1	1	3	0	29
chr7	125067016	125067450	2	2	1	3	0	15
chr7	125067572	125068200	2	2	1	1	0	36
chr7	125261620	125261748	2	2	1	1	0	7
chr7	125261828	125262130	2	2	1	1	0	6
chr7	125969586	125969906	2	2	1	1	0	22
chr7	126045299	126045716	2	2	1	1	0	19
chr7	126045759	126046042	2	2	1	1	0	31
chr7	126089084	126089522	1	1	1	1	0	15
chr7	126093063	126093310	2	2	1	1	0	7
chr7	126146253	126146356	2	2	1	12	0	41
chr7	126158185	126161737	2	2	1	1	0	12
chr7	126161863	126162175	2	2	1	2	0	24
chr7	126162283	126162414	2	2	1	1	0	27
chr7	126162470	126162798	2	2	1	2	0	21
chr7	126163778	126163874	2	2	1	2	0	28
chr7	126271491	126271741	1	1	1	3	0	46
chr7	126272428	126272588	2	2	1	1	0	44
chr7	126273354	126273442	2	2	1	1	0	17
chr7	126274526	126274615	2	2	1	1	0	14
chr7	126295272	126295354	1	1	1	5	0	13
chr7	126295453	126295726	1	1	1	17	0	44
chr7	126299158	126299428	2	2	1	2	0	18
chr7	126301301	126302147	2	2	1	1	0	22
chr7	126394554	126394915	2	4	1	1	0	20
chr7	126394687	126394784	2	2	1	1	0	7
chr7	126395928	126396025	2	2	1	1	0	44
chr7	126468937	126469712	1	3	1	1	0	23
chr7	126485488	126488062	2	2	1	4	0	46
chr7	126586287	126586648	2	2	1	3	0	28
chr7	126622341	126622648	2	2	1	1	0	22
chr7	126706532	126707020	1	3	1	2	0	44
chr7	126707638	126707880	2	2	1	1	0	33
chr7	126813156	126813262	1	1	1	4	0	34
chr7	126856509	126858529	2	2	1	1	0	6
chr7	127075171	127075393	1	1	1	1	0	16
chr7	127115374	127118752	1	1	1	2	0	20
chr7	127124688	127124802	1	1	1	1	0	15
chr7	127128397	127129354	1	1	1	1	0	6
chr7	127157022	127157139	1	1	1	1	0	34
chr7	127304348	127304898	2	2	1	1	0	35
chr7	127400419	127400632	1	1	1	1	0	22
chr7	127400789	127401005	1	1	1	1	0	16
chr7	127401571	127401957	1	1	1	1	0	40
chr7	127447840	127447922	1	1	1	1	0	12
chr7	127524436	127524758	1	1	1	1	0	32
chr7	127580464	127580582	1	1	1	1	0	20
chr7	127580728	127580962	1	1	1	4	0	13
chr7	128260877	128265361	1	1	1	2	0	33
chr7	130134423	130135306	2	2	1	5	0	44
chr7	130135397	130135499	2	2	1	1	0	11
chr7	130986323	130989346	1	1	1	2	0	31
chr7	131170451	131172607	1	1	1	1	0	3
chr7	132163642	132164315	2	2	1	2	0	45
chr7	132438937	132452323	2	2	1	1	0	34
chr7	132476747	132478326	1	1	1	1	0	39
chr7	132478447	132480257	1	1	1	1	0	6
chr7	134346069	134346678	1	1	1	1	0	38
chr7	136978081	136989099	2	2	1	2	0	17
chr7	137055344	137060851	1	1	1	1	0	45
chr7	137061025	137061209	1	1	1	2	0	46
chr7	137065867	137066143	1	1	1	1	0	9
chr7	137066237	137069661	1	1	1	0	3	43
chr7	138448813	138470138	1	1	1	1	0	36
chr7	138470237	138471418	1	1	1	1	0	27
chr7	138493690	138496108	2	2	1	0	1	36
chr7	139576080	139576694	2	2	1	1	0	35
chr7	139613712	139616008	2	2	1	1	0	31
chr7	139679620	139679791	2	2	1	1	0	11
chr7	139679866	139681002	2	2	1	1	0	7
chr7	139686291	139687996	2	2	1	7	0	44
chr7	139690020	139690451	2	2	1	1	0	7
chr7	139801214	139801255	1	3	1	2	0	43
chr7	140343823	140354800	1	5	1	1	0	16
chr7	140343941	140344712	1	1	1	3	0	36
chr7	140349159	140349476	1	1	1	3	0	25
chr7	140349638	140349964	1	1	1	10	0	46
chr7	140350142	140350854	1	1	1	6	0	45
chr7	140350997	140352931	1	1	1	2	0	24
chr7	140353120	140353542	1	1	1	5	0	43
chr7	140353646	140354767	0	0	1	3	0	45
chr7	140353685	140354470	1	1	1	16	0	41
chr7	140354536	140354658	2	2	1	1	0	34
chr7	140415665	140416659	1	1	1	1	0	10
chr7	140416796	140417598	1	1	1	1	0	17
chr7	140434537	140434677	2	2	1	1	0	33
chr7	140479003	140480144	2	2	1	4	0	31
chr7	140486575	140487171	1	1	1	1	0	23
chr7	140487020	140487742	2	4	1	1	0	28
chr7	140487265	140487703	1	1	1	3	0	46
chr7	140487265	140487752	1	1	1	1	0	31
chr7	140487619	140487703	1	1	1	8	0	46
chr7	140487619	140487752	1	1	1	19	0	45
chr7	140499730	140500598	1	1	1	1	0	33
chr7	140589610	140590309	2	2	1	1	0	22
chr7	140589803	140590309	2	2	1	3	0	43
chr7	140740479	140740562	2	2	1	9	0	36
chr7	140743438	140743920	2	2	1	1	0	22
chr7	140841818	140842321	1	1	1	1	0	17
chr7	140843294	140843368	2	2	1	1	0	4
chr7	140843488	140843571	2	2	1	3	0	37
chr7	140849142	140852041	2	2	1	1	0	35
chr7	140852846	140852927	2	2	1	1	0	17
chr7	140972232	140975961	1	1	1	1	0	27
chr7	140982243	140982656	1	1	1	9	0	44
chr7	141027621	141027820	1	1	1	1	0	37
chr7	141027945	141028638	1	1	1	3	0	39
chr7	141028688	141030916	1	1	1	15	1	36
chr7	141031016	141031144	1	1	1	73	0	46
chr7	141031016	141031147	1	1	1	5	0	31
chr7	141053318	141054940	2	2	1	1	0	33
chr7	141071587	141071686	1	1	1	2	0	37
chr7	141076060	141076283	2	2	1	4	0	40
chr7	141142340	141168198	1	1	1	2	0	13
chr7	141930669	141930762	2	2	1	1	0	12
chr7	141930825	141939299	1	3	1	2	0	42
chr7	141930908	141931069	2	2	1	1	0	6
chr7	141997820	141997951	1	1	1	2	0	4
chr7	142062091	142064400	1	1	1	1	0	16
chr7	142064447	142064993	1	1	1	2	0	36
chr7	142065111	142065201	1	1	1	1	0	43
chr7	142066103	142066268	1	1	1	1	0	20
chr7	142066360	142068062	1	1	1	1	0	19
chr7	142068104	142069512	1	1	1	2	0	32
chr7	142616345	142618945	1	1	1	1	0	33
chr7	142620090	142620397	1	1	1	2	0	30
chr7	142620446	142621476	2	2	1	1	0	35
chr7	142620500	142620883	1	1	1	1	0	8
chr7	142620971	142621048	1	1	1	2	0	36
chr7	143044662	143045482	1	1	1	1	0	9
chr7	143045591	143046578	1	1	1	1	0	11
chr7	143051168	143052821	1	1	1	3	0	20
chr7	143067535	143067864	1	1	1	1	0	18
chr7	143349794	143351561	2	2	1	1	0	17
chr7	143366589	143367126	2	2	1	1	0	6
chr7	144252285	144253790	1	3	1	1	0	45
chr8	3495014	3501507	2	2	1	1	0	13
chr8	3564914	3565013	1	1	1	2	0	28
chr8	3660220	3660310	2	2	1	4	0	38
chr8	3660421	3660544	2	2	1	1	0	21
chr8	3660675	3660846	2	2	1	1	0	13
chr8	3671612	3672341	1	1	1	3	0	25
chr8	3672429	3672592	1	1	1	8	0	33
chr8	3672626	3673223	1	1	1	10	0	33
chr8	3692056	3692645	1	1	1	1	0	34
chr8	4320026	4324136	2	2	1	1	0	15
chr8	4324233	4325842	2	2	1	2	0	24
chr8	4339925	4345335	2	2	1	1	0	6
chr8	5136284	5139023	2	2	1	2	0	38
chr8	8717417	8731383	2	2	1	2	0	43
chr8	8731468	8733747	2	2	1	2	0	19
chr8	11037015	11054469	2	2	1	2	0	35
chr8	11455000	11456812	1	1	1	1	0	10
chr8	11456855	11458051	1	1	1	1	0	40
chr8	11564192	11564492	2	2	1	1	0	29
chr8	11568545	11568923	2	2	1	1	0	23
chr8	13080582	13080657	1	1	1	2	0	21
chr8	13080772	13082184	1	1	1	2	0	5
chr8	13087908	13089492	1	1	1	5	0	38
chr8	13096160	13098168	1	1	1	3	0	7
chr8	13100862	13103355	1	1	1	1	0	15
chr8	13115359	13116822	1	1	1	1	0	3
chr8	13183842	13185864	1	1	1	1	0	27
chr8	13224510	13225298	2	4	1	1	2	15
chr8	13227143	13229322	2	2	1	1	0	10
chr8	13520388	13521448	2	2	1	1	0	24
chr8	13819503	13821297	1	1	1	1	0	3
chr8	13825770	13827471	1	1	1	1	0	29
chr8	13841981	13842099	1	1	1	1	0	20
chr8	15569844	15569942	2	2	1	0	25	46
chr8	18647031	18657294	1	1	1	1	0	7
chr8	20016689	20030550	1	1	1	0	1	36
chr8	20143957	20157802	1	1	1	0	1	36
chr8	22692361	22695682	1	1	1	1	0	28
chr8	22695798	22696792	1	1	1	2	0	9
chr8	22696883	22697872	1	1	1	1	0	7
chr8	22708305	22708414	1	1	1	2	0	22
chr8	22871024	22873222	2	2	1	1	0	40
chr8	22885844	22888455	2	2	1	2	0	29
chr8	22909902	22911325	1	1	1	1	0	25
chr8	22953392	22961464	2	2	1	1	0	11
chr8	22963597	22966521	2	2	1	1	0	9
chr8	23067619	23068058	2	2	1	1	0	41
chr8	23664677	23665355	2	2	1	1	0	13
chr8	25659339	25661287	2	2	1	6	0	38
chr8	25661341	25665157	2	2	1	4	0	42
chr8	26242318	26242974	2	2	1	1	0	11
chr8	26307537	26307631	2	2	1	1	0	14
chr8	26307692	26308573	2	2	1	1	0	18
chr8	26323875	26324987	2	2	1	1	0	31
chr8	26528151	26529696	2	2	1	1	0	31
chr8	26529780	26534267	2	2	1	6	0	35
chr8	26534303	26536068	2	2	1	1	0	13
chr8	26534303	26538279	2	2	1	2	0	10
chr8	26558698	26560101	2	2	1	1	0	44
chr8	26572610	26578087	2	2	1	1	0	39
chr8	27637021	27648889	2	2	1	0	1	39
chr8	27725677	27739175	2	2	1	1	0	44
chr8	34107174	34109149	1	1	1	1	0	46
chr8	34128631	34131877	2	2	1	3	0	43
chr8	34160010	34161550	1	1	1	2	0	7
chr8	34170346	34171492	1	1	1	1	0	27
chr8	34274215	34279419	2	2	1	3	0	40
chr8	34274215	34285109	2	2	1	4	0	27
chr8	34285179	34286897	2	2	1	1	0	27
chr8	34285179	34296744	2	2	1	2	0	44
chr8	34294211	34296744	2	2	1	1	0	8
chr8	36131949	36143883	1	1	1	1	0	3
chr8	37042076	37044188	2	2	1	1	0	3
chr8	40034907	40042330	2	2	1	1	0	13
chr8	41353249	41355535	1	1	1	2	0	9
chr8	41452754	41453797	2	4	1	1	0	27
chr8	41537878	41586517	2	2	1	1	0	25
chr8	41644718	41649994	2	2	1	5	0	42
chr8	41652787	41653481	2	2	1	1	0	21
chr8	41712344	41714047	1	1	1	1	0	7
chr8	41736784	41739001	1	1	1	1	0	17
chr8	41782063	41783669	1	1	1	2	0	33
chr8	41783958	41785019	1	1	1	2	0	12
chr8	41852694	41853798	2	2	1	2	0	45
chr8	41853904	41860681	2	2	1	2	0	42
chr8	45695394	45695902	2	2	1	1	0	44
chr8	45695999	45698665	2	2	1	2	0	26
chr8	45723829	45725352	2	2	1	1	0	10
chr8	45725449	45726512	2	2	1	2	0	36
chr8	45740070	45742056	2	2	1	1	0	13
chr8	45742220	45747110	2	2	1	1	0	33
chr8	45761597	45761693	2	2	1	1	0	9
chr8	45763323	45768571	2	2	1	1	0	13
chr8	45774826	45781149	2	2	1	3	0	45
chr8	46432333	46433351	1	1	1	2	0	7
chr8	46433530	46433609	1	1	1	3	0	33
chr8	46448700	46449738	1	1	1	4	0	31
chr8	46961435	46964396	1	1	1	2	0	41
chr8	46966428	46966609	1	1	1	1	0	39
chr8	46978115	46979280	1	1	1	1	0	34
chr8	46983513	46984006	1	1	1	3	0	24
chr8	46984969	46986402	1	1	1	2	0	31
chr8	46986674	46987376	1	1	1	1	0	19
chr8	47259606	47260256	1	1	1	3	0	39
chr8	47964037	47965370	2	2	1	1	0	14
chr8	48001010	48003729	1	1	1	0	2	3
chr8	50803222	50809937	2	2	1	0	3	44
chr8	57965783	57966095	1	1	1	1	0	33
chr8	57966242	57966323	1	1	1	1	0	42
chr8	57966499	57966999	1	1	1	1	0	32
chr8	60971641	60973028	1	1	1	1	0	44
chr8	60993196	60996555	1	1	1	2	0	33
chr8	60996658	60998256	1	1	1	7	0	38
chr8	61358755	61360370	1	1	1	1	0	16
chr8	61366210	61367786	2	2	1	1	0	4
chr8	61366210	61372373	2	2	1	2	0	44
chr8	61394449	61428765	2	2	1	2	0	13
chr8	61507657	61525309	1	1	1	1	0	10
chr8	61525867	61526538	1	1	1	2	0	40
chr8	61966559	61968236	2	2	1	1	0	34
chr8	62411711	62416617	1	1	1	1	0	37
chr8	65176771	65180657	2	2	1	1	0	15
chr8	65204865	65205682	2	2	1	2	0	7
chr8	68243594	68335632	2	2	1	1	0	19
chr8	69353983	69354935	1	1	1	1	0	7
chr8	69355038	69357157	1	1	1	1	0	8
chr8	69524774	69526207	2	2	1	1	0	22
chr8	70296238	70312925	1	1	1	0	1	39
chr8	70347061	70347153	2	2	1	35	0	46
chr8	70347226	70347891	2	2	1	4	0	34
chr8	70347971	70354191	2	2	1	1	0	26
chr8	70465991	70466721	1	3	1	1	0	17
chr8	70524302	70524455	1	1	1	5	0	41
chr8	70590874	70591570	2	2	1	2	0	19
chr8	70597785	70598460	1	1	1	1	0	23
chr8	70598541	70599739	1	1	1	1	0	17
chr8	70746338	70746477	2	2	1	3	0	27
chr8	70761227	70762985	1	1	1	1	0	22
chr8	70763142	70764277	1	1	1	2	0	11
chr8	70764347	70765355	1	1	1	12	0	43
chr8	70765431	70765508	1	1	1	27	0	46
chr8	70961179	70961945	2	2	1	17	0	42
chr8	70962033	70962170	2	2	1	2	0	36
chr8	71348152	71348243	2	2	1	95	0	46
chr8	71348354	71348559	2	2	1	13	0	42
chr8	71809035	71809164	1	3	1	2	0	18
chr8	71821948	71822170	1	1	1	7	0	42
chr8	71824630	71825111	1	1	1	1	0	18
chr8	71825278	71825392	1	1	1	1	0	19
chr8	71987125	71987315	2	2	1	10	0	44
chr8	71987437	71988429	2	2	1	1	0	34
chr8	71988470	71989002	2	2	1	1	0	11
chr8	71998501	71999616	1	1	1	1	0	32
chr8	72047846	72048700	1	1	1	4	0	39
chr8	72915327	72922270	1	1	1	1	0	30
chr8	72973927	72975771	1	1	1	2	0	31
chr8	72975826	72976025	1	1	1	3	0	33
chr8	73126921	73127666	2	2	1	1	0	44
chr8	73215466	73215592	2	2	1	1	0	33
chr8	73237838	73238504	2	2	1	1	0	38
chr8	73466117	73466357	1	1	1	7	0	44
chr8	79534875	79536575	2	2	1	9	0	41
chr8	80023281	80032231	1	1	1	1	0	26
chr8	80372978	80377634	1	1	1	1	0	29
chr8	80377682	80378300	1	1	1	1	0	16
chr8	80385931	80386026	1	1	1	2	0	15
chr8	80386092	80387666	1	1	1	3	0	42
chr8	81428865	81431233	2	2	1	0	1	26
chr8	81431447	81431847	2	2	1	5	0	43
chr8	81432209	81435311	2	2	1	0	1	21
chr8	81435856	81436284	2	2	1	2	0	7
chr8	81436396	81437185	2	2	1	1	0	21
chr8	84297628	84298061	1	1	1	17	0	37
chr8	84298565	84298641	2	2	1	6	0	44
chr8	84390919	84391124	2	2	1	1	0	31
chr8	84391039	84391257	2	2	1	1	0	45
chr8	84396998	84397367	2	2	1	1	0	18
chr8	84407727	84407808	2	2	1	1	0	44
chr8	84448991	84449077	1	1	1	1	0	44
chr8	84449664	84449753	1	1	1	2	0	28
chr8	84824670	84824827	2	2	1	1	0	19
chr8	84978341	84980491	2	2	1	1	0	6
chr8	85426100	85426231	1	1	1	3	0	37
chr8	85435307	85440394	2	2	1	7	0	27
chr8	85440487	85448271	2	2	1	10	0	43
chr8	85448448	85450356	2	2	1	3	0	13
chr8	85562549	85564088	2	2	1	2	0	18
chr8	85568795	85569230	1	3	1	7	0	43
chr8	85569474	85569572	2	2	1	26	0	46
chr8	85569666	85570693	2	2	1	29	0	44
chr8	85570838	85571006	2	2	1	3	0	31
chr8	85571121	85571202	2	2	1	1	0	34
chr8	85615317	85615890	2	2	1	1	0	27
chr8	85684494	85684594	2	2	1	1	0	15
chr8	85698039	85698190	1	1	1	2	0	34
chr8	85744885	85745150	2	2	1	1	0	36
chr8	85745349	85745439	2	2	1	2	0	7
chr8	85801973	85802451	2	2	1	1	0	23
chr8	85823491	85823580	1	1	1	3	0	32
chr8	85823684	85824030	1	1	1	14	0	43
chr8	86010836	86012969	2	2	1	2	0	38
chr8	86445557	86449259	2	2	1	1	0	4
chr8	87360629	87361424	1	1	1	2	0	28
chr8	87361548	87363106	1	1	1	3	0	46
chr8	87392470	87394340	1	1	1	1	0	6
chr8	87440722	87442877	1	1	1	1	0	42
chr8	89088339	89088533	2	2	1	3	0	36
chr8	89784080	89795774	1	1	1	1	0	13
chr8	91721265	91723467	1	1	1	1	0	12
chr8	91728444	91732341	1	1	1	1	0	29
chr8	91810056	91812060	1	1	1	1	0	39
chr8	93825831	93849767	1	1	1	1	0	23
chr8	93825977	93827281	2	2	1	8	0	45
chr8	93827355	93830746	2	2	1	4	0	34
chr8	93830879	93833187	2	2	1	4	0	29
chr8	93834242	93835060	2	2	1	3	0	37
chr8	93847001	93849727	2	2	1	1	0	33
chr8	93849882	93851086	2	2	1	1	0	35
chr8	93854277	93857322	2	2	1	1	0	6
chr8	93893067	93896348	2	2	1	3	0	37
chr8	93896422	93897647	2	2	1	1	0	20
chr8	93897780	93901658	2	2	1	2	0	39
chr8	93902875	93904658	2	2	1	1	0	38
chr8	93935290	93935529	2	2	1	1	0	26
chr8	93941779	93944126	2	2	1	1	0	29
chr8	93983229	93983491	2	2	1	2	0	33
chr8	93983565	93984884	2	2	1	2	0	40
chr8	93985017	93989605	2	2	1	1	0	27
chr8	93994720	93996601	2	2	1	2	0	44
chr8	94782293	94782671	1	1	1	1	0	37
chr8	94905967	94906450	1	1	1	1	0	19
chr8	96186802	96187305	2	2	1	2	0	38
chr8	96487254	96487950	2	2	1	1	0	28
chr8	96598624	96598803	2	2	1	2	0	20
chr8	96598966	96601031	2	2	1	3	0	43
chr8	104863449	104864397	1	1	1	3	0	32
chr8	105239882	105239972	2	2	1	2	0	44
chr8	105366719	105367151	2	2	1	2	0	21
chr8	105367198	105367599	2	2	1	2	0	44
chr8	105368023	105368180	2	6	1	1	0	43
chr8	105460780	105461328	1	1	1	1	0	31
chr8	105461373	105462693	1	1	1	1	0	17
chr8	105465803	105465921	1	1	1	1	0	7
chr8	105466003	105466238	1	1	1	1	0	4
chr8	105466910	105467393	1	1	1	1	0	36
chr8	105467467	105467861	1	1	1	6	1	44
chr8	105467916	105467966	1	1	1	1	0	19
chr8	105579856	105580210	1	1	1	1	0	39
chr8	105580981	105600581	2	2	1	1	0	32
chr8	105656588	105657297	1	1	1	1	0	21
chr8	105660387	105661078	1	1	1	12	0	45
chr8	105745696	105746565	1	1	1	2	0	20
chr8	105777248	105778099	1	1	1	1	0	4
chr8	105778254	105778363	1	1	1	0	1	9
chr8	105778469	105779987	1	1	1	0	1	4
chr8	105780317	105780871	1	1	1	1	0	27
chr8	105782292	105783015	1	1	1	1	0	22
chr8	105783164	105784092	1	1	1	1	0	22
chr8	105784243	105784367	1	1	1	1	0	5
chr8	105784447	105784539	1	1	1	2	0	9
chr8	105784447	105784827	1	1	1	0	1	17
chr8	105813559	105815050	1	1	1	0	1	4
chr8	105813559	105819544	1	1	1	2	0	44
chr8	105817417	105818142	1	1	1	2	0	27
chr8	105819606	105819986	1	1	1	0	1	17
chr8	106424961	106425039	2	2	1	3	0	20
chr8	106444592	106446471	2	4	1	1	0	35
chr8	106662538	106662627	2	2	1	12	0	43
chr8	106662780	106663327	2	2	1	1	0	11
chr8	106977926	106978110	1	1	1	3	0	36
chr8	107763381	107763474	1	1	1	1	0	39
chr8	110301798	110301877	2	6	1	6	4	33
chr8	110301919	110301996	1	1	1	2	0	37
chr8	110302682	110303336	2	2	1	1	0	45
chr8	110410411	110419815	2	2	1	1	0	26
chr8	110724238	110724928	1	1	1	2	0	39
chr8	110725028	110725380	1	1	1	1	0	25
chr8	110725679	110725946	2	2	1	2	0	26
chr8	111595000	111600777	1	1	1	1	0	36
chr8	111607609	111608002	1	1	1	1	0	16
chr8	111781255	111781650	1	1	1	2	0	34
chr8	112038710	112041596	2	2	1	1	0	7
chr8	112557622	112566989	2	2	1	1	0	22
chr8	112568623	112571725	2	2	1	1	0	37
chr8	112571844	112580775	2	2	1	1	0	25
chr8	112708807	112709228	2	4	1	1	0	26
chr8	112720339	112721495	2	2	1	2	0	43
chr8	114863232	114874634	1	1	1	1	0	17
chr8	117715943	117720026	2	2	1	4	0	19
chr8	118153310	118156451	1	1	1	1	0	13
chr8	118182484	118183625	1	1	1	3	0	42
chr8	118183697	118186067	1	1	1	8	0	45
chr8	118461446	118469070	1	1	1	1	0	24
chr8	118480063	118485343	1	1	1	1	0	41
chr8	119969183	120015324	1	1	1	1	0	17
chr8	120071360	120071674	1	1	1	1	0	41
chr8	120072473	120074774	1	1	1	4	0	7
chr8	121384988	121385266	2	2	1	2	0	27
chr8	121399632	121399959	1	1	1	1	0	20
chr8	121400092	121400709	1	1	1	15	0	46
chr8	122524976	122526186	2	2	1	2	0	14
chr8	123063855	123063952	1	1	1	1	0	12
chr8	123138167	123138376	1	1	1	1	0	10
chr8	123138443	123139728	1	1	1	1	0	16
chr8	123151633	123152934	1	1	1	1	0	42
chr8	123161652	123163212	2	2	1	1	0	33
chr8	123164766	123166115	2	2	1	1	0	35
chr8	123208269	123208334	1	1	1	3	0	15
chr8	123341127	123342129	1	1	1	3	0	42
chr8	123625456	123626342	2	2	1	2	0	25
chr8	123793315	123797114	1	1	1	1	0	18
chr8	123807550	123814066	1	1	1	1	0	23
chr8	123821975	123824132	1	1	1	1	0	7
chr8	123829687	123830663	1	1	1	0	1	14
chr8	123830096	123830636	1	1	1	11	0	38
chr8	123830694	123831782	1	1	1	7	27	45
chr8	124108301	124109265	1	1	1	3	0	43
chr8	124179634	124180967	1	1	1	1	0	34
chr8	124204787	124207087	1	1	1	1	0	16
chr8	124207176	124207809	1	1	1	2	0	27
chr8	124626250	124629337	2	2	1	1	0	28
chr8	125273433	125275255	1	1	1	2	0	21
chr8	125283861	125284479	2	2	1	1	0	17
chr8	125286237	125290461	2	2	1	1	0	33
chr8	125567246	125568032	2	2	1	1	0	22
chr8	125568120	125568425	2	2	1	1	0	22
chr8	125568522	125569101	2	2	1	1	0	16
chr8	125613686	125614496	1	1	1	2	0	18
chr8	125614559	125616010	1	1	1	2	0	12
chr8	125742509	125751245	1	1	1	1	0	37
chr8	127676294	127677449	2	2	1	1	0	14
chr8	128142279	128153002	1	1	1	1	0	19
chr8	129158529	129160689	1	1	1	1	0	15
chr8	129182023	129183286	2	2	1	1	0	28
chr8	129182023	129184430	2	2	1	8	0	39
chr8	129183404	129184430	2	2	1	2	0	33
chr8	129184470	129191655	2	2	1	1	0	16
chr8	129184470	129199535	2	2	1	13	0	39
chr8	129184470	129214853	2	2	1	1	0	39
chr8	129224573	129224985	1	1	1	2	0	34
chr8	129412441	129431893	1	1	1	1	0	14
chr8	129433641	129436733	1	1	1	1	0	29
chr8	129442759	129443687	1	1	1	1	0	25
chr8	129443784	129444065	1	1	1	1	0	27
chr8	129450910	129452500	1	1	1	2	0	25
chr8	129452668	129458503	1	1	1	1	0	5
chr9	3005236	3025492	2	2	1	0	2	30
chr9	3008690	3025492	2	2	1	0	2	30
chr9	3011108	3025492	2	2	1	0	3	30
chr9	3019064	3025492	2	2	1	0	3	30
chr9	3022980	3025492	2	2	1	0	3	30
chr9	3404191	3409965	1	1	1	3	0	43
chr9	3410077	3411328	1	1	1	1	0	39
chr9	3418776	3421285	1	1	1	2	0	23
chr9	3441146	3442940	1	1	1	1	0	46
chr9	4296840	4299297	2	2	1	1	0	29
chr9	4302632	4303093	2	2	1	1	0	41
chr9	5304328	5306116	1	1	1	1	0	43
chr9	7085077	7101073	2	2	1	1	0	24
chr9	7858781	7860317	2	2	1	0	3	3
chr9	7860364	7860463	2	2	1	0	3	43
chr9	8472093	8481407	2	2	1	0	1	43
chr9	9029464	9030794	2	2	1	1	0	29
chr9	9035611	9046505	2	2	1	1	0	39
chr9	9115763	9155303	2	2	1	1	0	3
chr9	9155366	9180027	2	2	1	3	0	41
chr9	13718567	13719997	1	1	1	2	0	34
chr9	13724817	13727350	2	2	1	2	0	5
chr9	13727429	13728182	2	2	1	1	0	9
chr9	14416237	14419146	1	1	1	1	0	19
chr9	14419266	14421495	1	1	1	6	0	32
chr9	14708481	14710851	1	1	1	1	0	22
chr9	15219118	15219820	1	1	1	1	0	23
chr9	17880241	17907622	1	1	1	0	1	22
chr9	18213480	18215578	1	1	1	1	0	23
chr9	20556786	20556917	1	1	1	2	0	38
chr9	20556956	20557911	1	1	1	10	0	23
chr9	20573705	20574470	1	1	1	1	0	9
chr9	20707300	20708517	2	2	1	1	0	38
chr9	20805739	20805928	2	2	1	10	0	45
chr9	20806036	20806128	2	2	1	8	0	29
chr9	20806266	20806384	2	2	1	1	0	24
chr9	20809464	20809673	2	2	1	2	0	19
chr9	20809721	20809839	2	2	1	2	0	34
chr9	20914701	20917429	1	1	1	1	0	13
chr9	20917482	20918122	1	1	1	1	0	27
chr9	21054522	21061051	2	2	1	1	0	37
chr9	21222189	21245928	1	1	1	1	0	28
chr9	21307428	21307512	1	1	1	1	0	42
chr9	21336553	21368798	1	1	1	1	0	42
chr9	21552382	21553720	1	1	1	5	0	45
chr9	21586527	21588745	1	1	1	1	0	37
chr9	21611434	21612149	1	1	1	2	0	36
chr9	21667592	21668412	2	2	1	1	0	6
chr9	21668490	21668585	2	2	1	1	0	43
chr9	21694300	21702247	1	1	1	0	2	46
chr9	21696223	21697348	1	1	1	2	0	37
chr9	21748249	21748355	1	1	1	3	0	26
chr9	21832646	21837286	2	2	1	2	0	39
chr9	21917954	21919539	1	1	1	2	0	45
chr9	21921899	21922462	1	1	1	1	0	11
chr9	21922550	21922733	1	1	1	2	0	39
chr9	21924050	21924131	1	1	1	1	0	43
chr9	22038124	22039145	2	4	1	1	0	36
chr9	22038559	22038970	2	2	1	1	0	45
chr9	22108512	22111272	2	2	1	1	0	43
chr9	22360151	22361097	2	2	1	7	0	44
chr9	22361160	22365074	2	2	1	12	0	45
chr9	25199615	25204980	1	1	1	3	0	38
chr9	25209205	25210787	1	1	1	1	0	4
chr9	25212834	25215012	1	1	1	1	0	43
chr9	26917744	26918453	1	1	1	2	0	44
chr9	31069144	31069794	2	2	1	3	0	38
chr9	31081930	31083229	2	2	1	3	0	36
chr9	31083343	31088313	2	2	1	1	0	33
chr9	31162649	31165032	2	2	1	1	0	37
chr9	31308434	31309015	1	1	1	2	0	18
chr9	31309090	31309855	1	1	1	1	0	27
chr9	31309941	31310444	1	1	1	1	0	6
chr9	34966579	34966869	2	2	1	1	0	19
chr9	35123372	35123643	1	1	1	2	0	41
chr9	35123808	35124015	1	1	1	7	0	37
chr9	35127110	35127233	1	1	1	1	0	4
chr9	35472578	35476079	1	1	1	1	0	37
chr9	36704646	36708508	2	2	1	1	0	15
chr9	37560800	37561326	2	2	1	1	0	4
chr9	37562356	37562585	2	2	1	1	0	11
chr9	38645276	38645992	1	1	1	2	0	37
chr9	40715205	40716394	2	2	1	1	3	39
chr9	40715660	40715758	1	1	1	2	0	18
chr9	40715992	40716227	1	1	1	7	1	36
chr9	42170010	42170977	2	2	1	1	0	11
chr9	42911686	42912264	2	2	1	1	0	31
chr9	42912403	42912741	2	2	1	1	0	9
chr9	43133408	43135300	1	3	1	2	0	34
chr9	44242500	44243200	1	1	1	1	0	39
chr9	44251023	44251984	2	2	1	1	0	4
chr9	44252063	44252372	2	2	1	1	0	10
chr9	44299663	44299778	1	1	1	1	0	35
chr9	44319381	44319982	1	1	1	4	0	32
chr9	44320167	44321250	1	1	1	0	57	45
chr9	44321350	44321442	1	1	1	38	5	42
chr9	44322078	44323749	2	2	1	1	0	4
chr9	44323781	44324213	2	2	1	1	0	31
chr9	44547163	44547785	1	1	1	1	0	5
chr9	44663573	44668416	2	2	1	1	0	30
chr9	44670064	44670177	2	2	1	3	0	9
chr9	44707425	44707620	2	2	1	2	0	20
chr9	44711031	44712890	2	2	1	5	0	38
chr9	44713080	44714007	2	2	1	1	0	35
chr9	44753681	44753829	2	2	1	1	0	20
chr9	44756921	44758149	2	2	1	1	0	37
chr9	44764305	44792146	2	2	1	1	0	7
chr9	44824765	44825948	2	2	1	0	33	46
chr9	44824765	44831907	2	2	1	1	0	23
chr9	44826110	44831907	2	2	1	0	2	41
chr9	45696328	45697075	2	2	1	1	0	18
chr9	45721207	45729275	2	2	1	4	0	35
chr9	45729388	45734943	2	2	1	1	0	25
chr9	45807524	45809729	2	2	1	1	0	44
chr9	46140298	46140413	1	1	1	10	0	42
chr9	46140568	46141102	1	1	1	18	0	45
chr9	46144642	46145714	2	2	1	18	5	39
chr9	46145839	46145956	2	2	1	3	0	28
chr9	46146025	46146556	2	2	1	2	0	24
chr9	46154467	46154667	1	3	1	1	0	25
chr9	46184938	46185353	1	1	1	1	0	29
chr9	47759597	47761569	1	1	1	1	0	34
chr9	48380247	48383119	2	2	1	1	0	37
chr9	48383174	48384331	2	2	1	3	0	42
chr9	48384441	48385701	2	2	1	1	0	13
chr9	48385814	48386419	2	2	1	1	0	17
chr9	48514862	48516104	2	2	1	1	0	37
chr9	50547855	50548755	2	2	1	1	0	11
chr9	50548893	50549220	2	2	1	1	0	5
chr9	50555834	50556338	2	2	1	2	0	18
chr9	51854950	51859876	2	2	1	10	0	44
chr9	51860007	51868372	2	2	1	2	0	32
chr9	51959733	51972131	1	1	1	1	0	25
chr9	51974962	51976159	1	1	1	1	0	35
chr9	51979577	51980106	1	1	1	1	0	22
chr9	51980204	51980914	1	1	1	15	0	43
chr9	51981079	51984189	1	1	1	1	0	40
chr9	51981079	51984453	1	1	1	7	0	45
chr9	51984585	51992318	1	1	1	3	0	23
chr9	53071318	53115358	2	2	1	1	0	30
chr9	53135045	53136772	2	2	1	2	0	4
chr9	53443077	53444959	2	2	1	1	0	5
chr9	53445267	53447862	2	2	1	1	0	31
chr9	53493966	53494736	2	2	1	3	0	11
chr9	53502758	53503267	2	2	1	3	0	32
chr9	53535582	53537162	2	2	1	1	0	45
chr9	53554127	53555786	2	2	1	1	0	17
chr9	53558144	53566571	2	2	1	1	0	12
chr9	54452769	54453172	2	2	1	2	0	16
chr9	54624720	54626534	2	2	1	4	0	33
chr9	54626614	54627543	2	2	1	1	0	20
chr9	54631759	54634872	2	2	1	2	0	4
chr9	54637946	54638670	2	2	1	1	0	15
chr9	54638722	54641652	2	2	1	1	0	26
chr9	54802780	54803723	1	1	1	1	0	32
chr9	54811522	54813852	1	1	1	1	0	16
chr9	54814001	54814084	1	1	1	1	0	20
chr9	54816212	54816914	1	1	1	1	0	13
chr9	54863672	54864094	1	1	1	3	0	39
chr9	54864219	54864918	1	1	1	7	0	43
chr9	55083532	55087756	1	1	1	1	0	32
chr9	55116473	55116636	1	1	1	1	0	7
chr9	55362047	55368903	2	2	1	9	0	42
chr9	55368985	55372077	2	2	1	3	0	33
chr9	55372144	55389556	2	2	1	4	0	38
chr9	55394795	55396113	2	2	1	2	0	45
chr9	55402929	55403025	2	2	1	1	0	40
chr9	55403108	55407301	2	2	1	1	0	14
chr9	55765477	55765691	2	2	1	2	0	33
chr9	55791245	55799455	2	2	1	1	0	29
chr9	55866174	55876236	2	2	1	0	2	43
chr9	56131180	56152848	1	1	1	1	0	26
chr9	57024840	57025353	1	1	1	1	0	29
chr9	57062565	57062695	2	2	1	1	0	46
chr9	57437646	57438951	1	1	1	5	0	28
chr9	57439076	57439564	1	1	1	70	0	45
chr9	57556309	57569851	1	1	1	0	1	44
chr9	57587254	57587532	2	2	1	1	0	41
chr9	57587623	57588276	2	2	1	1	0	22
chr9	57665634	57665909	2	2	1	1	0	39
chr9	57669151	57672356	2	2	1	1	0	34
chr9	59230266	59230670	2	2	1	1	0	8
chr9	59300662	59302160	2	2	1	1	0	33
chr9	59466740	59468179	1	1	1	1	0	21
chr9	59578021	59578857	1	1	1	1	0	38
chr9	61820804	61821169	2	2	1	8	0	38
chr9	61821245	61821638	2	2	1	1	0	42
chr9	62279152	62279343	1	1	1	3	0	46
chr9	62279467	62280766	1	1	1	3	0	39
chr9	62280960	62281935	1	1	1	2	0	38
chr9	62284646	62284835	1	1	1	3	0	43
chr9	62284646	62284838	1	1	1	1	0	29
chr9	63130079	63130213	1	1	1	1	0	19
chr9	63130260	63130341	1	1	1	1	0	16
chr9	63542670	63543665	1	1	1	2	0	11
chr9	64082278	64082475	1	1	1	1	0	8
chr9	64082583	64082865	1	1	1	1	0	40
chr9	64083005	64083373	1	1	1	1	0	11
chr9	64083499	64084222	1	1	1	1	0	11
chr9	64084760	64085002	1	1	1	1	0	15
chr9	64085300	64085504	1	1	1	8	0	42
chr9	64197732	64201291	1	1	1	1	0	39
chr9	65207347	65209129	1	1	1	1	0	35
chr9	65209248	65215749	1	1	1	2	0	44
chr9	65215905	65217433	1	1	1	1	0	5
chr9	65219422	65223925	1	1	1	3	0	32
chr9	65226034	65228100	1	1	1	3	0	26
chr9	65230126	65231488	1	1	1	1	0	15
chr9	65740731	65758648	2	2	1	1	0	41
chr9	65773884	65780380	2	2	1	1	0	12
chr9	65972954	65973576	1	1	1	2	0	34
chr9	66016911	66031888	2	2	1	1	0	26
chr9	66298770	66301941	1	1	1	1	0	33
chr9	66346567	66347077	1	1	1	2	0	40
chr9	66854222	66854868	1	1	1	5	0	27
chr9	66854980	66856610	1	1	1	36	0	45
chr9	66875127	66877863	2	2	1	1	0	32
chr9	66878219	66878457	2	2	1	2	0	25
chr9	66935450	66936945	2	2	1	2	0	33
chr9	66938381	66938733	2	2	1	2	0	36
chr9	66938797	66939747	2	2	1	1	0	5
chr9	66940147	66941157	2	2	1	2	0	39
chr9	67165587	67165743	2	2	1	1	0	41
chr9	67283115	67284088	2	2	1	1	0	11
chr9	67821394	67822862	1	1	1	1	0	20
chr9	70249432	70250325	1	1	1	1	0	41
chr9	70277785	70283785	1	1	1	1	0	32
chr9	70466384	70469057	1	1	1	2	0	15
chr9	70486714	70487233	1	1	1	2	0	45
chr9	70487613	70488064	1	1	1	1	0	9
chr9	70491395	70492034	1	1	1	2	0	23
chr9	70705691	70709354	2	2	1	13	0	41
chr9	70711097	70719951	2	2	1	2	0	35
chr9	71018088	71018856	2	2	1	3	0	14
chr9	71391088	71392965	2	2	1	2	0	37
chr9	71552936	71557503	2	2	1	1	0	43
chr9	71562680	71563327	2	2	1	1	0	34
chr9	71563535	71612429	2	2	1	2	0	5
chr9	72199993	72200228	2	4	1	0	1	27
chr9	72267624	72269215	1	1	1	2	0	18
chr9	72644227	72646321	1	1	1	1	0	43
chr9	72646811	72647449	1	1	1	1	0	19
chr9	72647511	72648909	1	1	1	1	0	12
chr9	72650919	72653688	1	1	1	7	0	43
chr9	72653762	72654407	1	1	1	11	0	44
chr9	74911732	74913569	1	1	1	1	0	30
chr9	74945244	74959514	1	1	1	4	0	28
chr9	74959638	74963916	1	1	1	25	0	45
chr9	75356785	75357769	1	1	1	2	0	11
chr9	75363058	75364339	1	1	1	1	0	25
chr9	75365544	75368287	1	1	1	1	0	46
chr9	75368386	75373475	1	1	1	2	0	26
chr9	75422539	75423754	2	2	1	1	0	44
chr9	77699456	77700321	1	1	1	2	0	6
chr9	77750171	77756364	2	2	1	1	0	17
chr9	77887232	77888755	1	1	1	1	0	33
chr9	77993283	77993556	2	2	1	2	0	20
chr9	77994547	77994751	2	2	1	2	0	9
chr9	78008969	78015572	2	2	1	2	0	41
chr9	78146909	78148808	1	1	1	0	1	25
chr9	78148941	78149734	1	1	1	1	0	27
chr9	78173392	78175291	1	1	1	0	1	25
chr9	78238532	78239368	2	2	1	2	0	32
chr9	78239501	78241042	2	2	1	0	1	25
chr9	78386025	78386072	2	4	1	3	0	24
chr9	78386141	78386239	2	2	1	12	0	41
chr9	78386475	78386559	2	2	1	4	0	42
chr9	78387057	78387133	2	2	1	2	0	24
chr9	78387431	78387522	2	2	1	1	0	28
chr9	78387971	78388920	2	2	1	1	0	13
chr9	79662888	79663558	2	2	1	29	0	44
chr9	79663644	79665771	2	2	1	6	0	27
chr9	79665862	79666921	2	2	1	1	0	8
chr9	79682534	79683434	2	2	1	2	0	28
chr9	79683523	79684505	2	2	1	2	0	43
chr9	80049678	80050931	1	1	1	1	0	6
chr9	80189043	80190736	1	1	1	1	0	11
chr9	80193104	80193563	1	1	1	1	0	36
chr9	80193715	80195289	1	1	1	3	0	24
chr9	82785254	82787701	2	2	1	1	0	14
chr9	83807413	83834576	1	1	1	2	0	3
chr9	83834655	83835765	1	1	1	1	0	11
chr9	83894673	83951157	1	1	1	3	0	33
chr9	85592542	85595649	2	2	1	1	0	40
chr9	85664086	85664321	2	4	1	0	1	27
chr9	86480878	86493905	2	2	1	2	0	22
chr9	86501888	86528363	2	2	1	1	0	37
chr9	88258993	88261562	2	2	1	1	0	9
chr9	88295622	88297724	2	2	1	1	0	6
chr9	88297769	88302303	2	2	1	1	0	42
chr9	88338783	88343722	2	2	1	1	0	17
chr9	88346837	88358841	2	2	1	0	2	32
chr9	89942564	89943571	1	1	1	1	0	28
chr9	89950527	89953871	1	1	1	1	0	31
chr9	89953979	89956920	1	1	1	2	0	11
chr9	89974456	89975786	2	2	1	1	1	44
chr9	89975872	89976407	2	2	1	3	0	34
chr9	89977263	89978555	2	2	1	0	1	14
chr9	89978229	89993438	1	1	1	0	2	39
chr9	89978658	89979424	2	2	1	1	0	42
chr9	89982577	89984352	2	2	1	0	8	43
chr9	89984440	89989287	2	2	1	1	19	45
chr9	89985825	89989287	2	2	1	1	0	32
chr9	89989356	89992178	2	2	1	3	3	34
chr9	89992226	89996588	2	2	1	2	0	31
chr9	95346535	95348598	2	2	1	1	0	41
chr9	95375285	95375755	2	2	1	3	0	43
chr9	95377987	95382740	2	2	1	1	0	45
chr9	95576845	95577018	1	1	1	1	0	37
chr9	95832704	95833503	1	1	1	1	0	16
chr9	95836997	95846023	1	1	1	1	0	5
chr9	95877257	95880268	1	1	1	1	0	43
chr9	96155996	96172632	1	1	1	1	0	34
chr9	96426519	96426840	2	2	1	2	0	43
chr9	98326745	98328348	1	1	1	1	0	3
chr9	98469459	98469604	1	1	1	2	0	19
chr9	98470980	98472087	2	2	1	1	0	31
chr9	100525850	100587205	1	1	1	3	0	45
chr9	100587308	100594490	1	1	1	2	0	22
chr9	100639840	100658808	1	1	1	1	0	17
chr9	100838503	100838587	1	1	1	1	0	11
chr9	100914029	100916721	2	2	1	1	0	10
chr9	101090762	101128860	2	2	1	1	0	5
chr9	102478654	102479616	2	2	1	1	0	44
chr9	102507088	102511212	1	1	1	5	0	39
chr9	102602395	102605515	1	1	1	1	0	34
chr9	103086190	103094603	1	3	1	5	0	39
chr9	103086209	103089151	0	0	1	14	0	42
chr9	103086278	103087693	2	2	1	905	0	46
chr9	103087878	103089010	2	2	1	30	0	44
chr9	103089196	103092391	2	2	1	36	1	44
chr9	103092457	103093012	2	2	1	30	0	46
chr9	103093143	103094561	2	2	1	24	0	44
chr9	103094733	103096421	2	2	1	17	0	34
chr9	103096455	103097000	2	2	1	19	0	33
chr9	103097092	103098091	2	2	1	10	0	41
chr9	103098244	103099249	2	2	1	11	0	45
chr9	103099428	103100133	2	2	1	12	0	39
chr9	103100313	103100782	2	2	1	4	0	45
chr9	103101602	103101971	1	1	1	1	0	27
chr9	103102375	103103159	2	2	1	2	0	43
chr9	103103337	103104036	2	2	1	3	0	42
chr9	103104146	103105094	2	2	1	3	0	32
chr9	103105268	103107372	2	2	1	1	0	40
chr9	103127816	103156630	2	2	1	2	0	42
chr9	103127862	103128989	2	2	1	85	0	45
chr9	103129177	103131838	2	2	1	3	0	40
chr9	103136711	103140228	2	2	1	1	0	43
chr9	103140385	103143401	2	2	1	2	0	13
chr9	103143459	103144830	2	2	1	2	0	22
chr9	103154803	103156571	2	2	1	1	0	25
chr9	103159867	103165379	2	2	1	1	0	22
chr9	103233229	103233478	2	2	1	2	0	30
chr9	103233639	103237074	2	2	1	0	2	18
chr9	103927170	103931261	2	2	1	1	0	25
chr9	106111397	106112586	2	2	1	1	0	12
chr9	106118538	106118834	2	2	1	2	0	30
chr9	106307214	106307506	1	1	1	1	0	46
chr9	106307572	106308267	1	1	1	5	0	37
chr9	106699291	106706259	1	1	1	2	0	24
chr9	106741820	106742229	1	1	1	1	0	27
chr9	106766127	106766359	1	1	1	1	0	37
chr9	106768398	106769012	2	2	1	2	0	29
chr9	107422587	107422689	1	1	1	1	0	6
chr9	107441896	107442045	1	1	1	1	0	23
chr9	107491915	107492810	2	2	1	1	0	42
chr9	107493508	107493612	2	2	1	1	0	4
chr9	107528433	107528544	1	3	1	1	0	25
chr9	107529238	107529327	2	2	1	4	0	26
chr9	107532367	107532454	2	2	1	1	0	21
chr9	107622436	107623217	2	2	1	1	0	30
chr9	107623380	107626906	2	2	1	4	0	45
chr9	107626999	107627206	2	2	1	1	0	19
chr9	107651007	107651790	2	2	1	3	0	4
chr9	107651921	107655128	2	2	1	1	0	40
chr9	107660064	107660888	2	2	1	1	0	9
chr9	107660985	107664450	2	2	1	1	0	42
chr9	107664598	107664977	2	2	1	4	0	37
chr9	107665389	107665528	2	2	1	1	0	25
chr9	107665572	107666806	2	2	1	1	0	24
chr9	107779963	107780060	1	1	1	1	0	13
chr9	107860563	107861015	1	1	1	3	0	21
chr9	107929320	107929412	2	2	1	1	0	12
chr9	107935796	107935981	2	2	1	1	0	15
chr9	107960150	107960227	1	1	1	1	0	25
chr9	107961832	107961972	1	1	1	4	0	36
chr9	107962877	107962959	2	2	1	1	0	31
chr9	108216758	108216975	1	1	1	3	0	43
chr9	108228237	108230306	1	1	1	1	0	15
chr9	108233741	108237293	1	1	1	1	0	20
chr9	108392233	108392305	1	1	1	1	0	36
chr9	108392432	108392994	1	1	1	6	0	35
chr9	108442445	108442525	1	1	1	7	0	46
chr9	108442610	108442696	1	1	1	3	0	30
chr9	108449661	108449749	1	1	1	1	0	25
chr9	108675693	108676440	1	1	1	2	0	40
chr9	108765856	108766083	1	1	1	1	0	39
chr9	108776827	108776923	1	1	1	1	0	37
chr9	108777010	108777612	1	1	1	2	0	10
chr9	108777702	108778006	1	1	1	3	0	8
chr9	108778083	108778502	1	1	1	31	0	43
chr9	108888977	108889330	2	2	1	1	0	28
chr9	108907494	108911069	2	2	1	1	2	20
chr9	109785712	109789668	2	2	1	0	7	37
chr9	109912530	109912881	1	3	1	1	0	34
chr9	109996799	110000013	1	1	1	2	0	40
chr9	110003074	110004109	1	1	1	1	0	29
chr9	110232770	110243762	2	2	1	0	1	28
chr9	110289442	110292300	1	1	1	1	0	39
chr9	110382303	110385355	1	1	1	1	0	32
chr9	110431331	110433187	1	1	1	1	0	33
chr9	110485727	110521383	1	1	1	1	0	4
chr9	110521452	110537513	1	1	1	1	0	20
chr9	111019353	111022114	1	1	1	1	0	4
chr9	113501883	113503392	2	2	1	1	0	40
chr9	113503571	113507373	2	2	1	2	0	42
chr9	113735294	113737754	1	1	1	1	0	26
chr9	113785882	113787665	1	1	1	3	0	35
chr9	113787819	113787896	1	1	1	1	0	10
chr9	114413348	114415283	1	1	1	1	0	17
chr9	114618814	114619705	2	2	1	14	0	45
chr9	117876702	117878377	1	1	1	1	0	21
chr9	117894417	117904189	2	2	1	1	0	24
chr9	118356390	118359341	1	1	1	1	0	11
chr9	118359390	118361611	1	1	1	1	0	33
chr9	118377870	118380899	1	1	1	1	0	13
chr9	118977482	118977801	2	2	1	8	0	44
chr9	118977948	118978029	2	2	1	1	1	19
chr9	118978086	118978338	2	2	1	0	2	17
chr9	118978519	118978667	2	2	1	2	1	19
chr9	118978859	118979891	2	2	1	3	0	24
chr9	119177838	119177986	1	1	1	0	1	19
chr9	119178167	119178419	1	1	1	0	2	17
chr9	119178476	119178557	1	1	1	0	1	19
chr9	119178704	119179023	1	1	1	2	0	33
chr9	119261910	119262332	1	1	1	1	0	31
chr9	119959963	119960065	1	1	1	4	0	29
chr9	119960232	119960465	1	1	1	106	2	43
chr9	119960232	119960468	1	1	1	3	0	35
chr9	120401264	120401833	1	1	1	3	0	24
chr9	120401929	120402641	1	1	1	3	0	37
chr9	120402884	120403160	1	1	1	1	0	21
chr9	121539782	121541630	1	1	1	1	0	11
chr9	121539782	121541877	1	1	1	1	0	39
chr9	121575657	121577096	1	1	1	4	0	13
chr9	121678756	121679253	2	2	1	36	0	46
chr9	121679389	121681556	2	2	1	2	0	41
chr9	121732809	121737222	2	2	1	2	0	30
chr9	121735252	121735419	1	1	1	1	0	24
chr9	121946474	121960958	1	1	1	2	0	36
chr9	121961009	121961693	1	1	1	2	0	15
chr9	122660924	122662590	1	1	1	1	0	39
chr9	122777174	122777989	2	2	1	3	0	40
chr9	122961106	122964963	1	1	1	2	0	23
chr9	123136346	123136798	1	1	1	2	2	7
chr9	123270667	123281809	1	1	1	1	0	37
chr9	123399101	123399561	1	1	1	1	0	34
chr9	123411452	123414151	1	1	1	1	0	38
chr9	123655730	123656149	2	2	1	1	0	21
chr10	3495702	3497004	1	1	1	1	0	17
chr10	3504171	3504654	2	4	1	1	0	21
chr10	4400810	4403471	1	1	1	1	0	26
chr10	5261790	5265924	2	2	1	1	0	20
chr10	5287334	5289224	2	2	1	1	0	16
chr10	7578885	7581223	1	1	1	1	0	39
chr10	7655127	7656524	2	2	1	3	0	39
chr10	7680787	7683034	1	1	1	1	0	20
chr10	7686223	7690427	1	1	1	1	0	24
chr10	7786947	7787151	2	2	1	1	0	29
chr10	8665366	8690004	2	2	1	1	0	36
chr10	8690055	8690170	2	2	1	1	0	6
chr10	9660145	9665106	2	2	1	1	0	15
chr10	9665173	9673865	2	2	1	1	0	11
chr10	11043657	11045722	1	1	1	2	0	29
chr10	12377252	12401081	2	2	1	1	0	44
chr10	12596687	12601954	2	2	1	2	0	45
chr10	13400713	13403484	2	2	1	1	0	19
chr10	13422226	13428569	2	2	1	1	0	18
chr10	14559884	14560624	2	2	1	1	0	30
chr10	18106367	18110599	2	2	1	1	0	28
chr10	20016472	20017268	1	1	1	1	0	18
chr10	20143123	20145105	1	1	1	1	0	29
chr10	20208008	20208141	1	1	1	2	0	22
chr10	20215668	20215797	1	1	1	2	0	32
chr10	21265224	21267465	1	1	1	1	0	15
chr10	22058015	22059453	1	1	1	0	1	32
chr10	22058015	22249675	1	1	1	0	1	32
chr10	22691022	22691630	1	1	1	1	0	42
chr10	23661172	23661473	2	2	1	73	2	46
chr10	23661576	23661799	2	2	1	47	0	43
chr10	23661903	23662661	2	2	1	1	0	6
chr10	24553928	24555085	2	2	1	1	0	10
chr10	24649971	24650680	2	2	1	3	0	37
chr10	24791678	24791925	2	2	1	8	0	41
chr10	24792063	24792252	2	2	1	2	0	36
chr10	24792768	24793810	2	2	1	3	0	20
chr10	24796696	24798518	2	2	1	3	0	38
chr10	24798592	24803209	2	2	1	1	0	22
chr10	25159940	25165496	2	2	1	1	0	25
chr10	25547932	25549156	1	1	1	1	0	39
chr10	29376126	29380576	2	2	1	1	0	7
chr10	30074576	30076356	2	2	1	1	0	32
chr10	30484420	30486312	2	2	1	6	0	33
chr10	30486440	30487643	2	2	1	8	0	45
chr10	30487714	30489273	2	2	1	1	0	23
chr10	30487714	30490708	2	2	1	1	0	15
chr10	33314815	33315170	1	1	1	1	0	23
chr10	33315219	33318883	1	1	1	1	0	18
chr10	33816276	33819645	2	2	1	2	0	16
chr10	33872845	33877132	2	2	1	1	1	36
chr10	33877196	33877653	2	2	1	1	0	19
chr10	33878564	33884988	2	2	1	3	1	42
chr10	33885120	33888067	2	2	1	1	0	37
chr10	34180976	34186296	2	2	1	1	0	9
chr10	38951524	38954715	1	1	1	1	0	36
chr10	38995031	38996253	2	2	1	1	0	30
chr10	40099917	40101292	2	2	1	1	0	6
chr10	40165466	40166113	2	2	1	2	0	37
chr10	40728577	40733542	2	2	1	1	0	44
chr10	41363380	41363457	2	2	1	1	0	46
chr10	42679979	42681071	1	1	1	1	0	25
chr10	42682668	42686838	1	1	1	2	0	36
chr10	42686922	42688431	1	1	1	8	0	40
chr10	42688492	42688660	1	1	1	4	0	28
chr10	42688492	42688663	1	1	1	1	0	9
chr10	42691210	42692363	1	1	1	2	0	44
chr10	43401405	43406593	2	2	1	1	0	16
chr10	43406667	43408671	2	2	1	1	0	41
chr10	44170671	44179562	1	1	1	5	0	45
chr10	44179726	44222952	1	1	1	1	0	18
chr10	50480979	50484015	1	1	1	3	0	38
chr10	50608904	50611305	1	1	1	1	0	3
chr10	52235034	52257706	2	2	1	1	0	30
chr10	52309541	52312672	1	1	1	1	0	17
chr10	53177778	53188603	2	2	1	3	0	36
chr10	55940654	55948571	2	2	1	1	0	27
chr10	57400195	57400415	2	2	1	1	0	44
chr10	58091705	58092641	1	1	1	3	0	24
chr10	58092727	58094062	1	1	1	3	0	46
chr10	58094131	58103788	1	1	1	1	0	10
chr10	58116519	58117178	1	1	1	3	0	25
chr10	58282874	58287805	1	1	1	1	0	20
chr10	58287874	58289133	1	1	1	1	0	4
chr10	58321704	58324394	1	1	1	1	0	10
chr10	59006769	59012669	2	2	1	1	0	39
chr10	59284681	59287027	2	2	1	1	0	32
chr10	59731583	59732171	1	1	1	1	0	13
chr10	59732318	59733312	1	1	1	1	0	21
chr10	59732324	59733312	1	1	1	1	0	10
chr10	59934037	59935527	1	1	1	3	0	10
chr10	60136085	60136316	1	1	1	1	0	26
chr10	60925196	60927842	1	1	1	1	0	26
chr10	60959254	60982036	2	2	1	1	0	34
chr10	61522258	61525552	1	1	1	1	0	19
chr10	61525685	61527063	1	1	1	2	0	35
chr10	62587634	62588952	2	2	1	1	0	36
chr10	62589193	62592261	2	2	1	3	0	23
chr10	62596059	62599218	2	2	1	1	0	6
chr10	62776984	62778429	1	1	1	1	0	20
chr10	62778499	62780093	1	1	1	4	0	29
chr10	62800873	62802195	1	1	1	1	0	9
chr10	62851674	62851858	2	2	1	1	0	14
chr10	62875012	62883246	1	1	1	1	0	18
chr10	62883347	62883720	1	1	1	1	0	25
chr10	62907827	62910839	1	1	1	1	0	26
chr10	62912555	62913528	1	1	1	1	0	25
chr10	63152582	63153058	1	1	1	1	0	25
chr10	63171657	63172758	2	2	1	3	0	44
chr10	63233158	63242780	1	1	1	1	0	42
chr10	66849566	66850680	2	2	1	3	0	42
chr10	66850827	66857527	2	2	1	1	0	26
chr10	67053961	67054055	1	1	1	1	0	36
chr10	67937924	67954080	2	2	1	1	0	25
chr10	67964824	67970823	2	2	1	1	0	6
chr10	67970937	67972315	2	2	1	1	0	18
chr10	70761122	70768032	1	3	1	3	0	43
chr10	70766521	70767914	2	2	1	2	0	33
chr10	71007793	71013688	2	2	1	1	0	5
chr10	71064974	71069186	2	2	1	1	0	44
chr10	71070845	71071372	2	2	1	1	0	11
chr10	71166957	71172043	2	2	1	2	0	29
chr10	72493221	72504643	1	1	1	1	0	8
chr10	75260946	75261130	1	1	1	1	0	43
chr10	75272753	75273890	1	1	1	1	0	43
chr10	75368204	75371094	1	1	1	4	0	42
chr10	75581232	75582321	2	2	1	1	0	20
chr10	75607341	75608571	2	2	1	7	0	37
chr10	75667929	75668228	2	2	1	5	0	44
chr10	75695378	75695520	2	2	1	10	0	43
chr10	75771839	75772071	1	1	1	1	0	5
chr10	75772280	75773140	1	1	1	6	0	30
chr10	75773289	75773408	1	1	1	134	0	45
chr10	76112275	76112417	2	2	1	1	0	33
chr10	76237370	76239457	2	2	1	2	0	21
chr10	76239479	76239591	2	2	1	2	0	21
chr10	76413965	76415616	1	1	1	1	0	15
chr10	76420134	76420365	1	1	1	1	0	31
chr10	76423274	76423903	1	1	1	1	0	7
chr10	76424000	76425981	1	1	1	1	0	35
chr10	76889242	76889988	2	2	1	1	0	32
chr10	76895013	76895091	2	2	1	3	0	30
chr10	76895237	76895728	2	2	1	1	0	23
chr10	76899876	76900370	2	2	1	1	0	15
chr10	76900414	76901068	2	2	1	1	0	34
chr10	76903267	76903465	2	2	1	2	0	23
chr10	76903493	76904223	2	2	1	2	0	27
chr10	76906885	76907144	2	2	1	1	0	11
chr10	76907181	76907437	2	2	1	1	0	36
chr10	76907510	76907860	2	2	1	1	0	35
chr10	76907897	76908775	2	2	1	2	0	27
chr10	76908803	76909573	2	2	1	2	0	27
chr10	76909637	76910183	2	2	1	1	0	19
chr10	76924791	76931824	2	2	1	1	0	22
chr10	77445775	77449813	1	1	1	1	0	37
chr10	77824799	77825399	2	2	1	1	0	15
chr10	77827276	77827849	2	2	1	1	0	17
chr10	77998553	77999230	2	6	1	1	0	23
chr10	78003349	78004642	2	2	1	1	0	27
chr10	78109610	78109905	2	2	1	13	0	43
chr10	78118311	78118928	2	2	1	1	0	42
chr10	79521202	79523682	1	1	1	1	0	19
chr10	79545662	79545891	1	1	1	1	0	25
chr10	79546755	79547089	1	1	1	2	0	26
chr10	79547115	79547327	1	1	1	4	0	20
chr10	79572118	79572200	2	2	1	1	0	44
chr10	79803223	79803304	1	1	1	1	0	29
chr10	79813688	79813796	2	2	1	1	0	8
chr10	79889550	79890347	1	1	1	1	0	21
chr10	79890443	79890533	1	1	1	1	0	39
chr10	79890679	79890801	1	1	1	1	0	44
chr10	79891782	79891873	1	1	1	5	0	25
chr10	79891934	79892019	1	1	1	15	0	44
chr10	79962204	79962487	1	1	1	1	0	32
chr10	79965946	79966089	1	1	1	5	0	27
chr10	79965946	79966113	1	1	1	2	0	40
chr10	79981142	79981256	1	1	1	1	0	24
chr10	80076277	80076597	1	1	1	1	0	5
chr10	80090971	80091757	1	1	1	3	0	39
chr10	80091847	80092469	1	1	1	9	0	36
chr10	80094292	80094773	2	2	1	5	0	32
chr10	80094885	80095010	2	2	1	1	0	11
chr10	80095499	80095601	2	2	1	1	0	43
chr10	80129711	80129800	1	1	1	64	0	44
chr10	80169662	80169799	1	1	1	1	0	20
chr10	80238990	80239969	2	2	1	74	44	45
chr10	80240121	80242529	2	2	1	1	0	27
chr10	80419598	80421526	1	3	1	1	0	19
chr10	80477432	80477642	2	2	1	0	1	25
chr10	80546667	80547945	2	2	1	2	0	41
chr10	80548765	80549390	2	2	1	2	0	33
chr10	80664468	80664544	1	1	1	3	0	42
chr10	80664631	80664704	1	1	1	5	0	30
chr10	80664631	80664726	1	1	1	1	0	43
chr10	80735791	80735954	1	1	1	1	0	22
chr10	80736385	80736457	2	2	1	2	0	30
chr10	80867535	80869445	2	2	1	1	0	36
chr10	80924451	80925140	2	2	1	12	0	36
chr10	80925273	80925910	2	2	1	1	0	15
chr10	80925279	80925910	2	2	1	16	0	40
chr10	80954995	80955090	1	1	1	2	0	32
chr10	80958447	80959453	1	1	1	2	0	19
chr10	81012564	81013498	1	1	1	1	0	43
chr10	81016507	81016637	1	1	1	2	0	44
chr10	81017245	81017326	1	1	1	1	0	3
chr10	81108794	81108882	1	1	1	7	0	43
chr10	81109224	81109482	2	2	1	2	0	24
chr10	81160330	81160702	1	1	1	1	0	18
chr10	81184451	81184719	2	2	1	1	0	19
chr10	81235202	81235316	1	1	1	1	0	21
chr10	81236906	81239185	2	2	1	3	0	36
chr10	81239263	81240657	2	2	1	1	0	11
chr10	81397151	81399928	1	1	1	1	0	13
chr10	81399993	81400506	1	1	1	1	0	15
chr10	81400552	81400681	1	1	1	1	0	7
chr10	81400745	81401125	1	1	1	1	0	22
chr10	81423635	81423707	1	1	1	1	0	3
chr10	82204793	82219596	1	1	1	2	0	32
chr10	82713220	82715039	1	1	1	2	0	31
chr10	82715700	82717556	1	1	1	1	0	21
chr10	82717783	82719747	1	1	1	1	0	21
chr10	83422585	83424020	1	1	1	1	0	23
chr10	83427048	83427552	1	1	1	4	0	30
chr10	83460571	83464092	2	2	1	1	0	30
chr10	84982741	84983770	2	2	1	2	0	8
chr10	84987220	84992949	2	2	1	1	0	15
chr10	85880464	85882636	1	1	1	1	0	15
chr10	86526993	86527492	2	2	1	12	0	34
chr10	86527613	86528003	2	2	1	3	0	5
chr10	86528160	86528249	2	2	1	2	0	36
chr10	86528329	86529240	2	2	1	1	0	30
chr10	86529378	86529777	2	2	1	2	0	43
chr10	86530024	86530213	2	2	1	2	0	30
chr10	86531602	86531689	2	2	1	2	0	7
chr10	86532700	86534182	2	2	1	1	0	26
chr10	86534303	86534447	2	2	1	16	0	38
chr10	86534560	86537560	2	2	1	32	0	43
chr10	86539466	86540157	2	2	1	1	0	5
chr10	86540261	86541170	2	2	1	1	0	38
chr10	86677215	86679455	1	3	1	1	0	28
chr10	87403333	87406069	1	1	1	2	0	33
chr10	87414218	87414714	1	1	1	2	0	16
chr10	87417826	87419393	1	1	1	5	0	45
chr10	87749663	87751159	1	1	1	1	0	23
chr10	87749663	87766536	1	1	1	12	0	44
chr10	87751212	87766536	1	1	1	10	0	28
chr10	88055223	88070255	1	1	1	1	0	16
chr10	88070321	88081617	1	1	1	2	0	39
chr10	88308847	88311194	2	4	1	12	0	45
chr10	88308847	88311287	2	2	1	15	0	40
chr10	88311399	88312209	2	2	1	1	0	9
chr10	88316809	88318092	2	2	1	1	0	13
chr10	88318178	88324243	2	2	1	2	0	31
chr10	88324386	88325442	2	2	1	1	0	12
chr10	88589630	88590338	2	2	1	1	0	43
chr10	89314739	89316352	2	2	1	2	0	31
chr10	89319387	89333910	2	2	1	1	0	12
chr10	89481420	89481538	2	2	1	1	0	5
chr10	89481606	89482620	2	2	1	1	0	20
chr10	89615887	89616988	1	1	1	3	0	34
chr10	93318929	93320524	1	1	1	5	0	38
chr10	93332493	93333336	1	1	1	1	0	18
chr10	93336560	93339123	1	1	1	1	0	25
chr10	93350005	93350120	1	1	1	1	0	46
chr10	93360365	93361707	2	2	1	2	0	20
chr10	93363149	93363458	2	2	1	1	0	16
chr10	93419393	93419891	2	2	1	11	0	46
chr10	93419957	93423859	2	2	1	2	2	37
chr10	93698896	93701268	2	2	1	1	0	14
chr10	93716001	93722855	2	2	1	2	0	24
chr10	93722961	93725399	2	2	1	1	0	45
chr10	93722964	93725399	2	2	1	5	0	42
chr10	93961495	93963230	1	1	1	1	0	20
chr10	93974275	93975600	1	1	1	1	0	31
chr10	94035895	94039149	1	1	1	1	0	12
chr10	94039238	94056542	1	1	1	0	1	22
chr10	94555605	94561508	1	1	1	1	0	18
chr10	94586266	94586371	1	1	1	1	0	21
chr10	95248973	95250692	2	2	1	0	1	7
chr10	95316840	95326107	2	2	1	24	0	41
chr10	95326275	95329492	2	2	1	3	0	10
chr10	95832955	95838748	1	1	1	1	0	28
chr10	95862034	95862418	1	1	1	3	0	18
chr10	95872628	95873275	1	1	1	1	0	28
chr10	95874741	95875384	1	1	1	1	0	5
chr10	97330977	97342354	1	1	1	1	0	17
chr10	97345921	97349460	1	1	1	1	0	25
chr10	97349600	97353322	1	1	1	5	0	35
chr10	98823008	98823102	1	1	1	1	0	6
chr10	98823229	98826923	1	1	1	4	0	37
chr10	98839241	98845265	1	1	1	1	0	39
chr10	99900009	99912596	1	1	1	1	0	45
chr10	100333892	100334923	1	1	1	2	0	35
chr10	100346612	100348148	1	1	1	1	0	37
chr10	100422171	100424888	2	2	1	1	0	34
chr10	104258662	104289618	1	1	1	1	0	17
chr10	105599323	105601080	2	2	1	1	0	6
chr10	105681311	105682877	1	1	1	2	0	28
chr10	107998498	108034693	1	1	1	1	0	36
chr10	108070005	108075965	1	1	1	1	0	21
chr10	108076041	108076639	1	1	1	1	0	28
chr10	108085512	108086774	1	1	1	2	0	29
chr10	108086870	108087700	1	1	1	1	0	31
chr10	108089357	108095616	1	1	1	2	0	30
chr10	108095708	108096696	1	1	1	3	0	40
chr10	108245472	108247824	1	1	1	4	0	28
chr10	110791028	110792146	2	2	1	1	0	31
chr10	111060570	111069413	1	1	1	1	0	20
chr10	111069552	111091548	1	1	1	2	0	28
chr10	111326031	111326237	1	1	1	1	0	13
chr10	111328020	111328702	1	1	1	2	0	19
chr10	111330155	111330655	1	1	1	2	0	30
chr10	111330686	111330911	1	1	1	1	0	17
chr10	111330686	111331185	1	1	1	1	0	30
chr10	111331237	111331900	1	1	1	1	0	38
chr10	111331967	111332614	1	1	1	1	0	13
chr10	111815053	111815791	1	1	1	1	0	26
chr10	111815963	111818705	1	1	1	1	0	44
chr10	114339087	114340081	2	2	1	1	0	46
chr10	115055186	115056115	2	2	1	1	0	44
chr10	115057591	115065029	2	2	1	3	0	34
chr10	115137536	115138636	2	2	1	1	0	13
chr10	115236819	115237513	1	1	1	1	0	4
chr10	115242804	115243779	1	1	1	1	0	34
chr10	116208882	116216736	1	1	1	1	0	16
chr10	116216858	116219543	1	1	1	1	0	35
chr10	116216858	116219757	1	1	1	7	0	46
chr10	116334364	116335246	2	2	1	1	0	13
chr10	116759257	116764093	2	2	1	1	0	19
chr10	116887182	116888920	2	2	1	3	0	44
chr10	116890886	116891011	2	2	1	2	0	7
chr10	116892065	116893078	2	2	1	1	0	18
chr10	116893183	116893695	2	2	1	1	0	44
chr10	116893824	116894002	2	2	1	1	0	24
chr10	117053205	117053333	2	2	1	1	0	35
chr10	117654515	117656366	2	2	1	1	0	34
chr10	117656508	117657494	2	2	1	1	0	33
chr10	119052154	119052355	2	2	1	1	0	21
chr10	120064109	120067107	1	1	1	0	1	37
chr10	121219349	121224005	1	1	1	1	0	6
chr10	121388974	121389649	2	2	1	2	0	9
chr10	121389727	121389807	2	2	1	4	0	44
chr10	121389930	121391891	2	2	1	2	0	15
chr10	121445641	121447380	2	2	1	1	0	8
chr10	122854143	122856208	2	2	1	1	0	5
chr10	125064159	125066460	2	2	1	1	1	11
chr10	126880997	126881147	1	1	1	1	0	44
chr10	126902904	126903053	2	2	1	1	0	38
chr10	126933991	126934209	2	2	1	1	0	17
chr10	126934786	126935271	2	2	1	2	0	12
chr10	126935327	126935481	2	2	1	1	0	25
chr10	126956415	126956825	2	2	1	1	0	19
chr10	127008446	127009143	2	2	1	2	0	36
chr10	127009251	127009350	2	2	1	1	0	8
chr10	127072700	127072800	2	2	1	1	0	32
chr10	127113190	127113355	1	1	1	1	0	5
chr10	127113395	127113563	1	1	1	1	0	39
chr10	127132310	127132409	2	2	1	5	0	34
chr10	127163075	127163506	1	1	1	2	0	5
chr10	127226297	127235994	1	1	1	1	0	30
chr10	127236063	127280144	1	1	1	2	0	28
chr10	127280345	127287860	1	1	1	1	0	35
chr10	127287903	127288560	1	1	1	2	0	29
chr10	127288648	127290498	1	1	1	1	0	26
chr10	127425647	127426425	2	2	1	2	0	32
chr10	127429839	127430817	2	2	1	1	0	16
chr10	127712284	127712742	1	1	1	1	0	39
chr10	127720638	127721541	2	2	1	2	0	31
chr10	127723541	127724169	2	2	1	1	0	3
chr10	127771521	127772229	2	2	1	1	0	16
chr10	127872430	127882036	1	1	1	0	1	40
chr10	127882676	127883526	1	1	1	2	0	23
chr10	127883674	127883867	1	1	1	2	0	17
chr10	127883997	127884113	1	1	1	6	0	43
chr10	127884237	127884361	1	1	1	46	0	44
chr10	127921082	127921310	1	1	1	1	0	43
chr10	127921496	127921906	1	1	1	2	0	30
chr10	127922054	127925014	1	3	1	2	0	13
chr10	127922290	127924189	1	1	1	2	0	46
chr10	127924403	127924825	1	1	1	2	0	27
chr10	127925028	127925887	1	1	1	24	0	42
chr10	127952277	127952415	1	1	1	1	0	28
chr10	127952627	127954423	1	1	1	5	0	26
chr10	127957195	127957459	1	1	1	1	0	7
chr10	127957535	127957668	1	1	1	1	0	10
chr10	127969237	127969509	2	2	1	3	0	23
chr10	128080411	128080528	1	1	1	1	0	7
chr10	128162137	128162445	1	1	1	3	0	18
chr10	128162543	128162886	1	1	1	22	0	45
chr10	128196023	128196836	1	1	1	1	0	3
chr10	128326903	128327588	2	2	1	1	0	11
chr10	128326903	128327927	2	2	1	0	42	42
chr10	128328006	128328097	2	2	1	8	2	25
chr10	128328272	128328470	2	2	1	1	0	44
chr10	128384299	128384526	2	2	1	5	0	19
chr10	128394841	128394930	2	2	1	1	0	18
chr10	128394985	128395098	2	2	1	1	0	13
chr10	128395227	128395306	2	2	1	1	0	23
chr10	128396607	128396787	2	2	1	1	0	9
chr10	128396852	128398695	2	2	1	1	0	19
chr10	128417973	128418985	2	2	1	1	0	44
chr10	128460506	128461075	2	2	1	115	2	46
chr10	128460506	128461158	2	2	1	2	0	45
chr10	128461207	128461931	2	2	1	35	0	43
chr10	128643490	128649906	1	1	1	2	0	6
chr10	128657841	128669180	1	1	1	0	1	18
chr10	128675739	128682400	1	1	1	1	0	23
chr10	128682453	128684105	1	1	1	1	0	17
chr10	128684180	128684629	1	1	1	1	0	29
chr10	128684659	128687025	1	1	1	1	0	24
chr10	128689121	128708289	1	1	1	0	1	32
chr10	128708380	128713201	1	1	1	0	2	46
chr10	128747739	128747836	1	1	1	1	0	44
chr10	128748171	128748306	1	1	1	1	0	17
chr10	128748391	128748543	1	1	1	2	0	18
chr10	128755915	128758561	1	1	1	0	1	22
chr10	128755977	128756427	2	2	1	7	0	37
chr10	128756561	128758522	2	2	1	1	0	17
chr10	130427908	130428037	1	3	1	0	1	20
chr10	130427963	130428121	1	1	1	0	1	44
chr11	3074125	3075787	1	1	1	1	0	42
chr11	3082328	3082886	2	2	1	1	0	6
chr11	3177886	3179868	1	1	1	1	0	16
chr11	3925646	3925739	1	1	1	1	0	7
chr11	4047145	4047284	2	4	1	1	0	44
chr11	4047175	4053681	2	2	1	2	0	37
chr11	4047419	4047729	1	3	1	1	0	16
chr11	4630183	4631438	1	1	1	2	0	4
chr11	4631519	4632906	1	1	1	4	0	25
chr11	4652221	4654156	2	2	1	10	0	31
chr11	4682179	4687331	1	1	1	2	0	25
chr11	4801493	4827038	1	1	1	0	4	38
chr11	4801493	4844786	1	1	1	0	5	41
chr11	4833496	4833725	1	1	1	1	0	19
chr11	4833772	4834021	1	1	1	1	0	27
chr11	4835982	4836264	1	3	1	1	0	17
chr11	5474385	5474684	1	1	1	2	0	45
chr11	5822419	5822669	2	2	1	2	0	24
chr11	5921827	5922216	2	2	1	1	0	42
chr11	6299494	6299841	1	1	1	1	0	36
chr11	6300735	6302125	1	1	1	1	0	40
chr11	6369286	6369477	1	1	1	2	0	43
chr11	9085311	9085960	1	1	1	1	0	19
chr11	11769393	11772194	2	2	1	1	0	18
chr11	11814513	11814893	2	2	1	2	0	21
chr11	12328360	12336562	2	2	1	1	0	31
chr11	16451808	16454735	2	2	1	0	64	45
chr11	16454839	16456372	2	2	1	0	59	45
chr11	16456473	16458103	2	2	1	1	0	25
chr11	16813081	16817230	1	1	1	1	0	10
chr11	16822937	16824959	1	1	1	2	0	39
chr11	16833614	16834253	1	1	1	2	0	34
chr11	16837186	16839912	1	1	1	2	0	29
chr11	16840055	16841177	1	1	1	4	0	36
chr11	16841301	16843007	1	1	1	1	0	5
chr11	17154572	17158788	2	2	1	2	0	44
chr11	17897888	17902251	2	2	1	1	0	5
chr11	17902329	17902577	2	2	1	3	0	27
chr11	20174499	20174647	1	1	1	1	0	9
chr11	21272130	21273198	2	2	1	3	0	34
chr11	21273304	21278870	2	2	1	3	0	28
chr11	21281132	21282415	2	2	1	2	0	25
chr11	21303457	21304278	2	2	1	1	0	13
chr11	21304407	21320186	2	2	1	2	0	38
chr11	21304407	21321014	2	2	1	3	0	24
chr11	21507569	21508461	2	2	1	6	0	42
chr11	21508552	21509191	2	2	1	1	0	17
chr11	21509306	21509698	2	2	1	1	0	12
chr11	21512988	21514040	2	2	1	1	0	45
chr11	21514217	21515823	2	2	1	1	0	25
chr11	22951473	22951559	1	1	1	1	0	22
chr11	22952931	22953136	1	1	1	5	0	45
chr11	23313189	23313790	1	1	1	2	0	37
chr11	23335740	23338433	1	1	1	1	0	14
chr11	23338812	23342841	1	1	1	3	0	39
chr11	23343962	23351452	1	1	1	2	0	31
chr11	23376796	23379299	1	1	1	3	0	30
chr11	23391179	23394146	1	1	1	1	0	14
chr11	23394201	23394305	1	1	1	1	0	24
chr11	23437223	23438208	1	1	1	3	0	32
chr11	23440571	23440668	2	2	1	2	0	45
chr11	23441115	23441474	2	2	1	1	0	5
chr11	26420949	26421324	1	1	1	1	0	45
chr11	29123448	29124672	1	1	1	1	0	35
chr11	29159487	29161115	1	1	1	4	0	43
chr11	29161256	29161606	1	1	1	1	0	44
chr11	29171986	29172433	2	2	1	5	0	24
chr11	29180674	29184357	2	2	1	3	0	21
chr11	29406603	29410848	1	1	1	1	0	17
chr11	29480693	29483225	1	1	1	4	0	32
chr11	29490862	29491340	1	1	1	1	0	5
chr11	29494411	29494912	1	1	1	2	0	15
chr11	29496030	29496290	2	2	1	45	0	45
chr11	29496423	29496702	2	2	1	9	0	43
chr11	29496789	29497205	2	4	1	2	0	6
chr11	29497261	29497680	2	2	1	1	0	42
chr11	29691754	29691986	1	1	1	1	0	39
chr11	30063995	30064675	2	2	1	1	0	41
chr11	30096852	30099499	2	2	1	1	0	20
chr11	30782445	30782531	1	1	1	1	0	34
chr11	30791623	30791990	1	1	1	1	0	26
chr11	30792121	30793506	1	1	1	1	0	29
chr11	30793589	30795179	1	1	1	1	0	43
chr11	30795898	30797397	1	1	1	1	0	21
chr11	30815590	30824117	1	1	1	1	0	18
chr11	30900819	30901306	2	2	1	1	0	25
chr11	30902677	30903913	2	2	1	3	0	45
chr11	30929601	30936111	2	2	1	3	0	14
chr11	32191936	32198144	2	2	1	1	0	41
chr11	32233802	32233923	1	1	1	0	1	33
chr11	32234129	32234262	1	1	1	2	17	43
chr11	32246619	32246740	1	1	1	0	1	33
chr11	32246946	32247079	1	1	1	0	17	43
chr11	33102853	33103985	2	2	1	1	0	28
chr11	33106105	33106663	2	2	1	1	0	40
chr11	33107049	33109933	2	2	1	3	0	13
chr11	33109996	33110333	2	2	1	3	0	18
chr11	33110441	33110827	2	2	1	1	0	33
chr11	33111628	33112921	2	2	1	3	0	20
chr11	35668648	35669402	1	1	1	1	0	33
chr11	35699419	35699921	2	2	1	1	0	33
chr11	35707574	35708176	2	2	1	1	0	13
chr11	43311236	43311854	2	2	1	1	0	14
chr11	43311236	43311933	2	2	1	12	0	45
chr11	43335658	43336010	1	1	1	5	0	40
chr11	43336083	43336185	1	1	1	1	0	25
chr11	43632649	43635911	2	2	1	1	0	17
chr11	45720598	45720756	2	2	1	0	3	44
chr11	45720682	45720811	2	4	1	0	1	20
chr11	45821682	45821719	1	1	1	1	0	38
chr11	46561846	46567136	2	2	1	2	0	18
chr11	46567174	46568032	2	2	1	1	0	3
chr11	48691400	48692489	1	1	1	3	0	24
chr11	48694327	48694684	1	1	1	1	0	10
chr11	48695124	48696371	1	1	1	38	0	45
chr11	48696483	48696806	1	1	1	72	0	46
chr11	48699315	48699876	2	2	1	2	0	15
chr11	49593482	49603180	2	2	1	1	0	38
chr11	49769241	49770528	1	1	1	1	0	24
chr11	49986808	49990072	1	1	1	2	0	19
chr11	49986808	49995375	1	1	1	2	0	37
chr11	49990167	49995375	1	1	1	9	0	43
chr11	50087920	50088445	1	1	1	1	0	22
chr11	50093422	50093640	2	2	1	1	0	24
chr11	50121929	50122017	1	1	1	1	0	4
chr11	50187965	50188100	2	2	1	1	0	5
chr11	50188222	50188943	2	2	1	5	0	44
chr11	50189064	50189955	2	2	1	10	0	45
chr11	50198490	50199136	2	2	1	2	0	21
chr11	50199219	50199614	2	2	1	1	0	10
chr11	50317437	50318131	1	3	1	1	0	39
chr11	51670636	51673598	1	1	1	2	0	30
chr11	51877638	51879438	2	2	1	1	0	15
chr11	52011879	52012728	1	1	1	1	0	43
chr11	52133488	52134441	1	1	1	2	0	30
chr11	52134586	52135807	1	1	1	1	0	35
chr11	52135949	52136811	1	1	1	1	0	42
chr11	53152643	53153090	2	2	1	2	0	12
chr11	53153253	53153706	2	2	1	2	0	9
chr11	53157946	53159316	2	2	1	1	0	16
chr11	53166047	53171294	2	2	1	1	0	28
chr11	53313277	53313576	2	2	1	6	0	43
chr11	53319978	53321362	2	2	1	88	0	46
chr11	53319978	53321481	2	4	1	2	0	18
chr11	53321530	53321614	2	2	1	1	0	28
chr11	53565639	53565729	2	2	1	1	0	37
chr11	53565823	53566728	2	2	1	2	0	13
chr11	53577135	53578921	2	2	1	2	0	36
chr11	53579844	53582939	2	2	1	1	0	35
chr11	53596896	53597753	2	2	1	1	0	40
chr11	53766990	53774486	2	2	1	1	0	4
chr11	54530685	54533536	1	1	1	1	0	27
chr11	54760779	54761014	1	1	1	5	0	43
chr11	55000851	55001643	2	2	1	1	0	13
chr11	55286440	55286626	2	2	1	6	0	11
chr11	55337611	55341282	2	2	1	32	0	46
chr11	57931582	57932303	1	1	1	1	0	32
chr11	57949404	57950119	1	3	1	2	0	38
chr11	58947051	58957891	2	2	1	1	0	20
chr11	59095584	59096474	1	1	1	2	0	28
chr11	59099500	59099645	1	1	1	1	0	3
chr11	59099878	59099953	1	1	1	3	0	41
chr11	59100027	59100133	1	1	1	10	0	42
chr11	59100220	59100798	1	1	1	2	0	17
chr11	59587850	59618377	1	1	1	1	0	25
chr11	59618530	59622333	1	1	1	0	1	25
chr11	59658901	59660038	1	1	1	1	0	13
chr11	59861608	59862025	1	3	1	1	0	22
chr11	59861702	59862009	2	2	1	7	0	24
chr11	59867811	59874268	2	2	1	1	0	36
chr11	60090978	60091251	2	2	1	1	0	12
chr11	60137546	60139756	2	2	1	1	0	27
chr11	60329400	60332804	1	1	1	2	0	23
chr11	60429093	60446140	2	4	1	1	0	29
chr11	60605481	60605856	2	2	1	1	0	45
chr11	60607371	60607480	2	2	1	1	0	39
chr11	60679873	60680979	1	1	1	1	0	39
chr11	60683898	60685661	2	2	1	1	0	34
chr11	60692858	60695088	2	2	1	1	0	35
chr11	61046156	61046593	2	2	1	1	0	36
chr11	61137148	61139687	2	2	1	1	0	22
chr11	62158433	62159529	2	2	1	1	0	9
chr11	62208857	62210191	2	2	1	2	0	42
chr11	62275669	62280516	2	2	1	6	0	37
chr11	62275672	62280516	2	2	1	1	0	16
chr11	62280619	62281804	2	2	1	13	0	41
chr11	62281860	62283330	2	2	1	6	0	44
chr11	62286055	62289090	2	2	1	1	0	37
chr11	62292094	62294624	2	2	1	3	0	14
chr11	62294678	62295235	2	2	1	3	0	34
chr11	62310607	62313700	2	2	1	1	0	32
chr11	62489140	62490934	1	1	1	1	0	42
chr11	62495293	62495480	1	1	1	1	0	35
chr11	66949269	66954731	1	1	1	1	0	35
chr11	67076122	67076207	1	1	1	1	0	11
chr11	67083413	67083492	1	1	1	1	0	19
chr11	67085928	67088061	1	1	1	1	0	40
chr11	67102066	67102154	1	1	1	2	0	43
chr11	67108776	67110003	1	1	1	2	0	28
chr11	67110188	67110464	1	1	1	1	0	11
chr11	67113078	67113196	1	1	1	1	0	17
chr11	67141464	67141577	1	1	1	2	0	25
chr11	68000205	68094531	1	1	1	5	0	18
chr11	68681069	68681442	1	1	1	1	0	17
chr11	68732995	68734646	2	2	1	1	0	46
chr11	68793269	68794004	1	1	1	2	0	31
chr11	68794146	68795190	1	1	1	27	25	46
chr11	69244722	69244887	2	2	1	1	0	11
chr11	69252311	69254893	1	1	1	1	0	29
chr11	69254970	69255517	2	2	1	5	0	38
chr11	69287187	69287345	1	1	1	3	0	44
chr11	69290676	69290765	2	2	1	3	0	42
chr11	69479565	69479966	1	1	1	1	0	26
chr11	69480077	69480398	1	1	1	1	0	11
chr11	69534781	69539630	1	1	1	1	0	38
chr11	69548155	69548245	2	2	1	1	0	18
chr11	69559375	69559469	2	2	1	1	0	27
chr11	69571677	69572488	2	2	1	1	0	4
chr11	69628191	69628273	2	2	1	1	0	43
chr11	69730095	69730191	1	1	1	5	0	44
chr11	69804897	69805098	1	3	1	3	0	15
chr11	69807120	69807245	1	1	1	4	0	40
chr11	69808168	69808253	2	2	1	3	0	32
chr11	69808328	69808422	2	2	1	3	0	17
chr11	69808555	69808742	2	2	1	1	0	13
chr11	69808848	69809976	2	2	1	1	0	36
chr11	69883527	69885284	1	1	1	1	0	29
chr11	69888455	69888571	1	1	1	1	0	23
chr11	69901263	69901350	2	2	1	9	0	39
chr11	69901427	69901523	2	2	1	4	0	23
chr11	69901748	69901831	2	2	1	1	0	20
chr11	69902092	69902170	2	2	1	1	0	21
chr11	69902273	69902361	2	2	1	1	0	30
chr11	69902425	69902509	2	2	1	1	0	44
chr11	69904128	69904259	2	2	1	1	0	8
chr11	69904405	69905070	2	2	1	1	0	30
chr11	69905530	69905618	2	2	1	1	0	35
chr11	69945315	69945706	1	1	1	1	0	12
chr11	69945793	69946822	1	1	1	1	0	38
chr11	69947159	69947239	1	1	1	1	0	32
chr11	69947986	69948561	1	1	1	1	0	29
chr11	69989200	69996201	1	1	1	2	0	11
chr11	70106878	70106962	1	1	1	2	0	16
chr11	70283849	70284587	2	2	1	3	0	46
chr11	70327202	70327386	1	1	1	2	0	35
chr11	70418150	70418262	1	1	1	6	0	40
chr11	70535287	70535995	2	2	1	2	0	31
chr11	70540592	70540737	1	1	1	1	0	22
chr11	70542802	70542914	1	1	1	1	0	29
chr11	70543048	70543612	2	2	1	2	0	18
chr11	70552897	70553039	1	1	1	1	0	5
chr11	70553099	70553188	1	1	1	3	0	28
chr11	70775795	70777836	1	1	1	2	0	43
chr11	70865867	70868483	1	1	1	1	0	4
chr11	70904027	70904268	2	2	1	1	0	43
chr11	72329169	72329331	2	2	1	1	0	42
chr11	72510063	72518992	2	2	1	1	0	16
chr11	72563884	72568530	1	1	1	1	0	31
chr11	72570319	72574349	1	1	1	1	0	14
chr11	72708902	72712580	1	1	1	2	0	34
chr11	74568569	74570283	2	2	1	2	0	21
chr11	74580010	74581035	2	2	1	2	0	23
chr11	74581111	74581351	2	2	1	3	0	42
chr11	74581437	74590136	2	2	1	5	0	39
chr11	74661811	74664347	1	1	1	2	0	5
chr11	75197042	75197940	2	2	1	2	0	7
chr11	75301220	75301659	2	2	1	2	0	34
chr11	75304876	75305746	2	2	1	1	0	8
chr11	75305951	75306400	2	2	1	2	0	37
chr11	75328382	75328863	2	2	1	1	0	22
chr11	75360445	75361225	1	1	1	1	0	4
chr11	75360686	75361334	1	1	1	1	0	22
chr11	75395418	75395493	1	1	1	2	0	13
chr11	75395668	75395920	1	1	1	2	0	9
chr11	75489155	75494214	1	1	1	1	0	9
chr11	75561117	75561368	1	1	1	1	0	45
chr11	75623918	75642706	1	1	1	2	0	35
chr11	75642907	75646399	1	1	1	1	0	23
chr11	75656126	75656252	2	2	1	1	0	44
chr11	76061537	76065452	2	2	1	1	0	25
chr11	76112858	76123847	2	2	1	1	0	22
chr11	76123935	76124027	2	2	1	1	0	21
chr11	76857717	76857819	1	1	1	1	0	8
chr11	76877467	76877934	2	4	1	1	0	25
chr11	76940307	76941409	2	2	1	1	0	34
chr11	76941539	76945769	2	2	1	1	0	23
chr11	77184981	77199421	2	2	1	1	0	13
chr11	77399204	77399282	2	2	1	1	0	23
chr11	77439729	77530226	1	1	1	2	0	15
chr11	77441827	77444498	2	2	1	1	0	11
chr11	77737822	77738117	1	1	1	1	0	24
chr11	77744229	77744577	1	1	1	3	0	39
chr11	77772081	77772326	2	2	1	1	0	33
chr11	78071824	78071979	2	2	1	51	3	46
chr11	78072050	78072242	2	2	1	83	4	46
chr11	78072420	78073628	2	2	1	0	1	24
chr11	78073813	78074344	2	2	1	1	0	20
chr11	78122684	78122843	2	2	1	2	0	40
chr11	78123408	78123500	2	2	1	1	0	40
chr11	78123660	78124370	2	2	1	1	0	27
chr11	78157546	78157761	1	1	1	3	0	28
chr11	78157830	78157922	1	1	1	3	0	44
chr11	78178894	78178990	1	1	1	2	0	30
chr11	78180247	78180629	1	1	1	1	0	22
chr11	78391412	78391520	1	1	1	6	0	41
chr11	78391674	78392399	1	1	1	4	0	39
chr11	78392751	78392963	1	1	1	233	1	46
chr11	78393028	78393060	2	2	1	1	0	24
chr11	78406012	78407644	1	1	1	2	0	35
chr11	78430872	78431720	1	1	1	4	0	43
chr11	78431825	78432161	1	1	1	1	0	19
chr11	78431825	78432186	1	1	1	12	0	37
chr11	78433623	78434311	2	2	1	2	0	17
chr11	78864016	78867438	2	2	1	1	0	27
chr11	79345029	79349596	1	1	1	1	0	15
chr11	79913096	79915735	1	1	1	1	0	19
chr11	80353498	80355839	1	1	1	1	0	7
chr11	80355903	80360627	1	1	1	2	0	37
chr11	80362421	80362535	1	1	1	25	0	45
chr11	81874180	81874458	2	2	1	1	0	32
chr11	82709430	82761833	2	2	1	2	0	15
chr11	83193664	83199040	1	1	1	2	0	38
chr11	83595769	83596893	1	1	1	5	0	40
chr11	83637950	83640058	1	1	1	18	0	44
chr11	83640160	83643319	1	1	1	146	0	45
chr11	83651827	83655711	1	1	1	4	0	15
chr11	83846266	83846797	1	1	1	1	0	40
chr11	83846874	83848291	1	1	1	6	0	45
chr11	83848364	83850272	1	1	1	1	0	26
chr11	83868028	83869745	1	1	1	1	0	10
chr11	83876378	83877639	1	1	1	1	0	35
chr11	84184820	84185763	1	1	1	0	2	12
chr11	84236913	84237530	1	1	1	1	0	40
chr11	84313846	84333391	2	2	1	6	0	36
chr11	84401244	84402308	2	2	1	1	0	19
chr11	84727340	84727424	2	2	1	25	0	44
chr11	84727551	84728666	2	2	1	10	0	42
chr11	84731002	84731086	2	2	1	3	0	36
chr11	84731262	84732240	2	2	1	2	0	31
chr11	84749365	84751370	2	2	1	1	0	27
chr11	84752478	84753063	2	2	1	1	0	19
chr11	84793034	84793982	1	1	1	1	0	5
chr11	84794054	84794759	1	1	1	1	0	16
chr11	86386156	86386646	1	1	1	1	0	17
chr11	86595634	86595713	2	2	1	2	0	30
chr11	86596957	86597492	2	2	1	1	0	45
chr11	86662790	86664629	2	2	1	1	0	31
chr11	86689815	86690245	2	2	1	1	0	26
chr11	86926470	86928656	2	2	1	2	0	17
chr11	86928717	86932613	2	2	1	2	0	15
chr11	87872397	87874697	2	2	1	2	0	11
chr11	87874837	87878068	2	2	1	1	0	35
chr11	88607421	88608115	2	2	1	1	0	45
chr11	88608198	88608530	2	2	1	2	0	31
chr11	88608572	88608854	2	2	1	2	0	39
chr11	88878894	88881493	1	1	1	3	0	26
chr11	90562027	90563658	2	2	1	1	0	5
chr11	93750895	93751619	2	2	1	6	0	17
chr11	93751664	93752784	2	2	1	1	0	28
chr11	93840873	93842725	2	2	1	6	8	45
chr11	93850340	93851493	2	2	1	3	0	31
chr11	93851607	93854052	2	2	1	1	0	5
chr11	93887400	93904448	1	1	1	1	0	33
chr11	93974826	93977072	1	1	1	5	0	42
chr11	93981558	93982589	1	1	1	1	0	27
chr11	93997609	93999280	1	3	1	2	0	27
chr11	94183859	94183963	2	2	1	1	0	27
chr11	94187994	94188584	2	2	1	6	0	44
chr11	94188747	94190781	2	2	1	1	0	26
chr11	94194813	94197011	2	2	1	2	0	13
chr11	94197052	94200450	2	2	1	2	0	39
chr11	94200518	94212515	2	2	1	1	0	26
chr11	94219214	94224726	1	1	1	1	0	23
chr11	94234602	94236772	2	2	1	1	0	18
chr11	94254436	94254522	2	2	1	2	0	36
chr11	94449535	94449690	2	2	1	1	0	45
chr11	94547379	94550866	1	1	1	3	0	46
chr11	95562375	95565967	1	1	1	1	0	19
chr11	95568973	95570519	1	1	1	0	1	18
chr11	95640974	95643700	1	1	1	1	0	28
chr11	95930244	95932450	1	1	1	1	0	24
chr11	95937181	95938020	1	1	1	2	0	7
chr11	95964045	95964348	2	2	1	14	0	45
chr11	95964528	95964787	2	2	1	1	0	37
chr11	96680180	96691596	1	1	1	1	0	21
chr11	96691774	96692254	1	1	1	1	0	41
chr11	96719050	96720236	2	2	1	1	0	26
chr11	96798860	96802793	1	1	1	1	0	25
chr11	96802523	96802698	2	2	1	1	0	6
chr11	96830603	96830841	2	2	1	1	0	43
chr11	97122825	97125880	2	2	1	1	0	21
chr11	97219086	97219307	1	1	1	1	0	43
chr11	97602106	97603262	1	1	1	5	1	39
chr11	97603358	97604218	1	1	1	27	0	45
chr11	97647047	97648398	2	2	1	2	0	29
chr11	97668991	97669090	2	2	1	119	0	45
chr11	97669205	97672159	2	2	1	15	2	43
chr11	97672289	97672631	2	2	1	2	0	13
chr11	97919295	97920220	1	1	1	2	0	34
chr11	97920342	97920600	1	1	1	5	0	29
chr11	97920712	97921096	1	1	1	39	0	46
chr11	98095237	98101186	1	1	1	1	0	20
chr11	98127609	98131604	1	1	1	1	0	18
chr11	98605311	98605906	2	2	1	1	0	33
chr11	98605955	98606467	2	2	1	1	0	11
chr11	98659246	98659874	2	2	1	1	0	22
chr11	98687431	98689965	1	1	1	1	0	34
chr11	98932672	98939051	1	1	1	1	0	20
chr11	98943203	98943396	1	1	1	1	0	42
chr11	99101104	99103945	2	2	1	1	0	45
chr11	99104157	99104859	2	2	1	1	0	42
chr11	99110573	99111480	2	2	1	1	0	35
chr11	100210987	100211491	1	1	1	3	1	45
chr11	100211656	100211773	1	1	1	1	0	11
chr11	100211876	100212142	1	1	1	23	0	41
chr11	100368165	100368840	2	2	1	1	0	43
chr11	100409995	100410440	2	2	1	1	0	11
chr11	100475525	100475807	2	2	1	1	0	15
chr11	100475882	100480723	2	2	1	1	0	3
chr11	100480816	100481712	2	2	1	1	0	23
chr11	100967987	100968353	2	4	1	1	0	41
chr11	100979531	100979758	1	1	1	1	0	39
chr11	101091754	101094080	2	2	1	1	0	33
chr11	101299052	101300478	2	2	1	1	0	4
chr11	101334497	101336045	1	1	1	0	33	46
chr11	101336157	101336264	1	1	1	48	0	44
chr11	101337552	101366902	1	1	1	0	2	44
chr11	101463799	101463928	1	1	1	1	0	12
chr11	102086695	102086773	2	4	1	2	0	45
chr11	102086695	102086777	2	2	1	6	0	32
chr11	102183034	102183267	2	2	1	1	0	36
chr11	102201159	102201268	2	2	1	1	0	25
chr11	102292691	102293012	1	3	1	1	0	24
chr11	102295452	102295620	2	2	1	1	0	25
chr11	102297077	102297187	2	2	1	1	0	7
chr11	102297248	102297380	2	2	1	1	0	25
chr11	102429183	102446905	2	2	1	1	0	27
chr11	102919529	102933993	1	1	1	1	0	21
chr11	102955694	102956573	1	1	1	1	0	33
chr11	104984479	104986670	1	1	1	1	0	6
chr11	104986748	104990739	1	1	1	1	0	9
chr11	105072878	105075037	1	1	1	0	1	26
chr11	105131283	105132394	1	1	1	1	0	18
chr11	105144184	105145791	1	1	1	1	0	31
chr11	106093005	106093209	2	2	1	1	0	7
chr11	106093320	106093553	2	2	1	1	0	27
chr11	106094450	106095746	2	2	1	1	0	4
chr11	106126610	106127820	1	1	1	2	0	46
chr11	106140443	106140529	2	2	1	1	0	23
chr11	106153518	106153622	1	1	1	10	0	44
chr11	106153710	106153834	1	1	1	18	0	44
chr11	106305296	106309649	2	2	1	1	0	7
chr11	106391767	106391958	1	1	1	1	0	7
chr11	106402938	106404412	2	2	1	1	0	35
chr11	106404539	106410707	2	2	1	1	0	44
chr11	106675351	106675705	2	2	1	3	0	13
chr11	106675879	106675961	2	2	1	1	0	11
chr11	106676959	106677051	2	2	1	1	0	25
chr11	106677901	106679098	2	2	1	1	0	13
chr11	106705563	106706293	1	1	1	1	0	31
chr11	106882334	106882683	2	2	1	1	0	22
chr11	106926666	106931051	2	2	1	1	0	18
chr11	106969387	106977663	1	3	1	1	0	30
chr11	106969476	106971548	2	2	1	1	0	28
chr11	106971681	106972041	2	2	1	1	0	28
chr11	107377348	107379793	1	1	1	2	0	38
chr11	107379899	107382606	1	1	1	6	0	43
chr11	107385631	107386513	1	1	1	1	0	28
chr11	107386592	107388349	1	1	1	4	0	16
chr11	108051894	108179305	1	3	1	0	3	15
chr11	108231504	108234320	2	2	1	1	0	25
chr11	108286234	108286641	1	1	1	1	0	37
chr11	108286819	108288124	1	1	1	1	0	9
chr11	108288222	108295636	1	1	1	1	0	29
chr11	108295714	108298116	1	1	1	5	0	39
chr11	108298306	108299956	1	1	1	2	0	35
chr11	108300137	108302820	1	1	1	8	0	33
chr11	108303019	108305065	1	1	1	379	0	46
chr11	108902574	108902707	0	0	1	4	0	31
chr11	108902587	108902724	2	2	1	3	0	32
chr11	109470618	109473197	2	4	1	1	0	32
chr11	109921227	109921685	2	2	1	1	0	36
chr11	110078791	110079454	2	2	1	1	0	6
chr11	110107482	110109036	2	2	1	4	0	46
chr11	110109128	110109688	2	2	1	1	0	29
chr11	110110160	110110365	2	2	1	1	0	13
chr11	110111015	110121314	2	2	1	2	0	12
chr11	110121374	110122880	2	2	1	2	0	40
chr11	110123050	110124520	2	2	1	1	0	24
chr11	110124669	110127436	2	2	1	2	0	35
chr11	110136148	110138091	2	2	1	1	0	23
chr11	110141331	110142397	2	2	1	1	0	9
chr11	113542913	113543050	1	1	1	1	0	11
chr11	113547475	113547828	1	1	1	2	0	27
chr11	113552045	113553032	1	1	1	1	0	43
chr11	113583329	113585337	1	1	1	2	0	35
chr11	114559436	114559606	1	1	1	1	0	12
chr11	114559453	114559606	1	1	1	1	0	6
chr11	114559641	114559731	1	1	1	5	1	35
chr11	114559793	114562559	1	1	1	2	29	46
chr11	114562683	114563090	1	1	1	61	0	46
chr11	115074092	115074180	2	2	1	1	0	45
chr11	115300969	115301057	1	1	1	1	0	31
chr11	115306706	115306840	2	2	1	37	0	46
chr11	115306904	115307678	2	2	1	5	0	37
chr11	115307751	115308664	2	2	1	5	0	34
chr11	115308762	115309211	2	2	1	1	0	19
chr11	115309343	115310717	2	2	1	1	1	20
chr11	115495739	115495848	1	1	1	1	0	24
chr11	115633245	115639896	2	2	1	0	5	41
chr11	115746080	115746291	1	1	1	1	0	31
chr11	115784156	115784320	2	2	1	1	0	43
chr11	115899541	115899628	2	2	1	4	0	26
chr11	115899792	115899873	2	2	1	1	0	7
chr11	115914362	115914450	2	2	1	3	0	35
chr11	116025332	116025733	2	2	1	1	0	4
chr11	116026152	116029267	2	2	1	1	0	22
chr11	116064425	116065118	2	2	1	2	0	44
chr11	116065601	116065813	2	2	1	1	0	18
chr11	116065920	116066030	2	2	1	1	0	15
chr11	116069671	116070433	2	2	1	1	0	6
chr11	116074451	116089047	2	2	1	1	0	30
chr11	116180112	116180350	2	2	1	6	0	42
chr11	116740127	116740215	1	1	1	1	0	9
chr11	118055024	118075805	2	4	1	1	0	26
chr11	118083288	118084440	2	2	1	1	0	31
chr11	119179386	119179485	2	4	1	10	0	39
chr11	119301704	119302252	1	1	1	2	0	16
chr11	119990085	119990999	1	1	1	1	0	44
chr11	120287287	120308207	1	1	1	1	0	32
chr11	120362423	120367970	1	1	1	2	0	31
chr11	120428618	120428737	1	1	1	1	0	14
chr11	120451275	120453544	1	3	1	1	0	42
chr11	120453074	120453189	2	2	1	3	0	31
chr11	120453372	120453480	2	2	1	1	0	44
chr11	120454232	120454428	2	2	1	1	0	31
chr11	120454747	120458743	2	2	1	1	0	14
chr11	120460190	120460487	1	1	1	1	0	33
chr11	120501791	120501938	2	2	1	2	0	43
chr11	120502005	120502173	2	2	1	1	0	40
chr11	120502240	120502453	2	2	1	2	0	21
chr11	120506764	120508589	2	2	1	1	0	44
chr11	120592110	120592306	1	1	1	1	0	20
chr11	120592389	120593309	1	1	1	1	0	23
chr11	120599536	120599755	1	1	1	2	0	17
chr11	120599826	120599896	1	1	1	2	0	5
chr11	120600073	120600169	1	1	1	19	0	42
chr11	120602722	120604518	2	2	1	1	0	31
chr11	120608729	120608862	1	1	1	2	0	8
chr11	120609959	120610291	1	1	1	2	0	18
chr11	120616434	120616563	2	2	1	12	0	45
chr11	120616682	120616767	2	2	1	1	0	43
chr11	120699153	120699327	2	2	1	2	0	21
chr11	120704867	120705302	2	2	1	4	0	10
chr11	120707058	120707130	2	2	1	1	0	20
chr11	120708086	120708298	2	2	1	1	0	28
chr11	120711559	120711724	2	2	1	1	0	21
chr11	121128178	121129244	1	1	1	1	0	36
chr11	121339831	121340083	1	1	1	1	0	25
chr11	121502575	121507753	1	1	1	3	0	7
chr12	3956884	3957605	1	1	1	1	0	29
chr12	4299673	4303656	2	2	1	1	0	25
chr12	4679752	4679867	1	1	1	2	0	39
chr12	4683563	4684534	1	1	1	1	0	38
chr12	4689795	4699982	1	1	1	1	0	40
chr12	4867820	4870593	1	1	1	1	0	21
chr12	4876897	4877013	1	1	1	2	0	15
chr12	4905393	4906845	1	1	1	1	0	31
chr12	4944680	4952219	2	2	1	2	0	39
chr12	4992075	4993154	1	1	1	1	0	35
chr12	5041059	5056605	1	1	1	1	0	45
chr12	8029369	8030499	1	1	1	1	0	25
chr12	8035411	8036091	1	1	1	4	0	35
chr12	8039496	8040242	1	1	1	3	0	33
chr12	8040455	8040705	1	1	1	4	0	42
chr12	8041527	8042864	1	1	1	1	0	23
chr12	8044986	8045460	1	1	1	1	0	7
chr12	8048710	8050859	1	1	1	3	0	43
chr12	8051071	8051768	1	1	1	2	0	45
chr12	8051945	8052068	1	1	1	1	0	14
chr12	8052257	8053255	1	1	1	1	0	3
chr12	8055219	8055735	1	1	1	11	0	43
chr12	8064118	8065014	1	1	1	2	0	5
chr12	8724481	8748090	1	1	1	2	0	10
chr12	8986083	8986696	1	1	1	7	0	40
chr12	8986796	8988116	1	1	1	3	0	37
chr12	10441227	10444537	1	1	1	1	0	23
chr12	11329743	11330341	1	1	1	1	0	30
chr12	11330404	11332360	1	1	1	2	0	26
chr12	11335219	11335311	1	1	1	1	0	7
chr12	11347287	11348262	1	1	1	3	0	36
chr12	11350710	11351522	1	1	1	1	0	22
chr12	13290644	13290851	2	2	1	1	0	32
chr12	13293958	13294968	2	2	1	1	0	30
chr12	13294999	13295686	2	2	1	2	0	30
chr12	13295751	13296026	2	2	1	1	0	7
chr12	16608503	16610982	2	2	1	1	0	46
chr12	17011777	17015011	1	1	1	2	0	26
chr12	17018316	17018580	1	1	1	1	0	20
chr12	17324512	17327198	1	1	1	2	0	38
chr12	17327306	17328514	1	1	1	2	0	30
chr12	17331071	17333200	1	1	1	1	0	38
chr12	21218278	21235098	1	1	1	1	0	5
chr12	21235245	21249544	1	1	1	3	0	25
chr12	21320959	21321419	2	2	1	2	0	34
chr12	21363865	21364648	1	1	1	3	0	40
chr12	21368048	21369770	1	1	1	1	0	8
chr12	21371457	21373289	1	1	1	2	0	39
chr12	21388287	21388893	1	3	1	1	1	44
chr12	21448366	21466798	2	2	1	0	1	12
chr12	25144576	25145309	2	2	1	2	0	12
chr12	26360789	26364018	2	2	1	1	0	35
chr12	28681193	28681622	2	2	1	41	0	46
chr12	28681774	28683766	2	2	1	0	10	43
chr12	28683832	28684207	2	2	1	4	0	38
chr12	28684352	28685414	2	2	1	0	1	46
chr12	30954831	30955067	2	2	1	1	0	12
chr12	30955142	30961488	2	2	1	1	0	6
chr12	30992868	30993241	1	1	1	1	0	38
chr12	31376709	31377643	1	1	1	2	0	42
chr12	31384056	31384611	2	2	1	3	0	33
chr12	31390381	31390862	2	2	1	1	0	9
chr12	31674250	31676724	2	2	1	1	0	14
chr12	31984441	31986970	2	2	1	2	0	26
chr12	33487144	33487691	1	1	1	2	0	29
chr12	36065772	36070488	2	2	1	1	0	36
chr12	36142309	36142965	2	2	1	2	0	14
chr12	36143089	36154260	2	2	1	2	0	45
chr12	40264135	40266188	2	2	1	1	0	12
chr12	44354898	44358107	1	1	1	4	0	37
chr12	44949774	45066249	2	2	1	2	0	9
chr12	51398229	51400386	1	1	1	1	0	16
chr12	51446882	51459286	1	1	1	1	0	7
chr12	51460969	51461632	1	1	1	1	0	30
chr12	51492520	51494354	1	1	1	1	0	29
chr12	51494424	51496689	1	1	1	5	0	41
chr12	51798841	51800523	2	2	1	1	0	43
chr12	51810938	51814338	2	2	1	1	0	34
chr12	51841368	51841521	2	2	1	1	0	45
chr12	51844795	51845436	2	2	1	2	0	32
chr12	51845552	51847497	2	2	1	2	0	39
chr12	51847597	51847678	2	2	1	4	0	5
chr12	52352664	52357484	1	1	1	2	0	28
chr12	52606883	52609104	1	1	1	1	0	22
chr12	54739742	54742495	2	2	1	2	0	26
chr12	54814928	54817503	2	2	1	3	0	23
chr12	54908619	54909528	2	2	1	1	0	29
chr12	54967931	54969227	2	2	1	1	0	21
chr12	54981692	54982266	2	2	1	2	0	36
chr12	54982367	54988286	2	2	1	2	0	33
chr12	55138119	55138491	1	1	1	0	1	28
chr12	55213179	55213551	1	1	1	0	1	28
chr12	55459151	55461188	1	1	1	2	0	16
chr12	55461284	55465021	1	1	1	4	0	42
chr12	55536755	55537190	2	2	1	4	0	45
chr12	57372440	57378781	1	1	1	1	0	18
chr12	59019829	59021367	2	2	1	1	0	27
chr12	59039070	59043921	2	2	1	1	0	29
chr12	59098495	59106189	2	2	1	1	0	30
chr12	59115140	59115511	1	1	1	1	0	37
chr12	59117304	59118211	1	1	1	2	0	35
chr12	59148391	59151260	1	1	1	4	0	42
chr12	59151348	59154621	1	1	1	1	0	21
chr12	59155838	59166159	1	1	1	1	0	45
chr12	59184573	59191484	1	1	1	2	0	23
chr12	59193149	59193632	1	1	1	1	0	10
chr12	59193744	59194637	1	1	1	3	0	26
chr12	59194710	59196249	1	1	1	1	0	40
chr12	59205154	59206376	1	1	1	1	0	6
chr12	59206424	59206961	1	1	1	3	0	39
chr12	59207053	59209666	1	1	1	8	0	42
chr12	59209806	59215719	1	1	1	1	0	42
chr12	59215822	59217043	1	1	1	4	0	26
chr12	59226795	59230972	1	1	1	1	0	27
chr12	62296270	62297068	2	2	1	1	0	29
chr12	65102539	65103024	1	1	1	1	0	12
chr12	65110550	65112510	2	2	1	1	0	44
chr12	65113552	65115775	2	2	1	3	0	36
chr12	65115884	65116724	2	2	1	1	0	25
chr12	65153666	65160547	1	1	1	1	0	19
chr12	69204596	69205434	2	2	1	63	0	43
chr12	69205535	69205770	2	2	1	12	0	46
chr12	69356814	69356926	1	1	1	1	0	24
chr12	69359109	69359198	2	2	1	1	0	11
chr12	69359243	69359339	2	2	1	1	0	16
chr12	69363595	69364800	2	2	1	4	0	43
chr12	69364955	69367146	2	2	1	1	0	41
chr12	69387851	69388046	2	2	1	2	0	43
chr12	69759528	69768085	2	2	1	1	0	23
chr12	70023013	70030982	2	2	1	2	0	5
chr12	70087431	70087528	2	2	1	1	0	33
chr12	70237931	70240512	2	2	1	1	0	22
chr12	70243887	70243991	2	2	1	1	0	33
chr12	70244536	70245203	2	2	1	1	0	20
chr12	70245319	70246415	2	2	1	1	0	34
chr12	70263441	70266362	2	2	1	1	0	27
chr12	70271745	70271814	1	1	1	1	0	33
chr12	71001429	71003046	1	1	1	2	0	7
chr12	71006817	71008640	1	1	1	3	0	42
chr12	71035264	71037258	1	1	1	1	0	20
chr12	71037306	71039786	1	1	1	2	0	25
chr12	71039855	71040279	1	1	1	8	0	36
chr12	71040345	71041124	1	1	1	25	0	45
chr12	71083964	71084044	1	1	1	2	0	36
chr12	71091878	71092887	1	1	1	1	0	15
chr12	71110099	71113852	1	1	1	2	0	5
chr12	71119114	71121709	1	1	1	1	0	38
chr12	71408848	71409010	1	1	1	1	0	27
chr12	71942721	71962472	1	1	1	2	0	18
chr12	71993407	71993772	1	1	1	1	0	13
chr12	71993912	71994166	1	1	1	1	0	33
chr12	72032589	72035659	1	1	1	2	0	11
chr12	72658706	72659313	2	2	1	1	0	6
chr12	72697392	72699008	2	2	1	2	0	16
chr12	72699225	72699874	2	2	1	1	0	10
chr12	72699998	72703073	2	2	1	1	0	24
chr12	72706271	72711402	2	2	1	1	0	43
chr12	73214927	73217367	1	1	1	1	0	7
chr12	73228699	73234913	1	1	1	1	0	13
chr12	73988627	73988734	1	1	1	1	0	43
chr12	75509204	75511647	2	2	1	1	0	38
chr12	75511768	75513401	2	2	1	1	0	35
chr12	75513453	75513565	2	2	1	1	0	6
chr12	75962137	75965287	1	1	1	1	0	21
chr12	75965914	75967888	1	1	1	1	0	37
chr12	76090658	76092835	1	1	1	1	0	14
chr12	76341022	76341128	1	1	1	1	0	28
chr12	76361876	76364380	1	1	1	3	0	41
chr12	76364475	76366354	1	1	1	11	1	46
chr12	78273616	78390125	1	1	1	2	0	38
chr12	78390205	78423133	1	1	1	2	0	40
chr12	78528140	78538811	1	1	1	1	0	38
chr12	78892079	78894540	2	2	1	5	0	24
chr12	78894608	78895169	2	2	1	1	0	21
chr12	78921418	78923865	1	1	1	1	0	12
chr12	78928004	78930031	1	1	1	0	1	22
chr12	80994640	80995868	1	1	1	0	2	19
chr12	81000555	81002693	2	2	1	1	0	24
chr12	81406119	81521360	2	2	1	1	0	31
chr12	81518946	81521360	2	2	1	2	0	27
chr12	81519126	81521360	2	2	1	3	0	33
chr12	81521424	81527704	2	2	1	2	0	44
chr12	81527777	81531670	2	2	1	1	0	36
chr12	83689524	83691172	1	1	1	1	0	11
chr12	83698219	83706196	1	1	1	2	0	20
chr12	83706383	83707081	1	1	1	3	0	22
chr12	83707136	83707368	1	1	1	5	0	34
chr12	83708043	83710752	1	1	1	1	0	37
chr12	83711034	83714865	1	1	1	4	0	43
chr12	83715083	83715192	1	1	1	1	0	3
chr12	83715083	83715201	1	1	1	1	0	20
chr12	83719659	83721112	1	1	1	11	0	37
chr12	84243187	84243514	1	1	1	1	0	21
chr12	84354672	84355118	1	1	1	2	0	7
chr12	84355207	84357692	1	1	1	2	0	17
chr12	84357733	84360710	1	1	1	4	0	42
chr12	84429147	84430992	2	2	1	1	0	10
chr12	84490563	84497662	2	4	1	1	0	24
chr12	84803388	84803472	1	3	1	1	0	33
chr12	84803987	84807493	2	2	1	1	0	33
chr12	84820683	84821316	1	3	1	1	0	20
chr12	85027377	85029009	1	1	1	1	0	39
chr12	85029105	85029942	1	1	1	17	0	44
chr12	85091299	85095582	1	1	1	7	0	39
chr12	85095646	85095906	1	1	1	2	0	30
chr12	85096802	85097062	1	1	1	2	0	41
chr12	85175216	85176565	1	1	1	1	0	39
chr12	85391126	85397576	2	2	1	0	1	22
chr12	85964607	85965704	1	1	1	1	0	4
chr12	87204719	87205851	1	1	1	1	0	14
chr12	87205920	87206413	1	1	1	1	0	10
chr12	87206950	87208248	1	1	1	1	0	13
chr12	87208867	87209761	1	1	1	1	0	19
chr12	87209812	87210477	1	1	1	2	0	23
chr12	87288801	87289259	2	2	1	1	0	39
chr12	87494393	87496062	1	1	1	10	0	40
chr12	87496171	87496573	1	1	1	22	0	43
chr12	87503739	87505662	2	2	1	5	0	34
chr12	87505729	87506190	2	2	1	1	0	42
chr12	87515534	87519017	2	2	1	1	0	5
chr12	91553576	91556308	2	2	1	1	0	7
chr12	91780779	91781392	2	2	1	1	0	38
chr12	91792153	91793278	2	2	1	1	0	18
chr12	91798449	91799828	2	2	1	2	0	6
chr12	98726670	98730081	1	1	1	1	0	19
chr12	100076471	100078589	1	1	1	1	0	33
chr12	100078644	100079314	1	1	1	2	0	24
chr12	100079412	100081096	1	1	1	2	0	42
chr12	100082175	100082957	1	1	1	2	0	43
chr12	100087407	100089316	1	1	1	2	0	7
chr12	100117594	100125798	2	2	1	2	0	29
chr12	100169978	100171871	1	1	1	3	0	29
chr12	100171979	100172356	1	1	1	10	0	37
chr12	100172493	100172658	1	1	1	55	0	45
chr12	100173255	100173347	0	0	1	3	0	34
chr12	101008905	101009701	2	2	1	3	0	33
chr12	101022087	101024582	2	2	1	1	0	31
chr12	101050759	101054300	1	1	1	3	0	23
chr12	101860053	101860520	2	2	1	2	0	15
chr12	101889464	101892742	2	2	1	1	0	40
chr12	101892841	101899226	2	2	1	3	0	15
chr12	101934470	101935751	2	2	1	25	0	45
chr12	101935894	101941918	2	2	1	2	0	31
chr12	101935897	101941918	2	2	1	1	0	34
chr12	102442649	102443055	1	1	1	1	0	35
chr12	103405822	103406212	1	1	1	4	0	23
chr12	103583012	103590599	2	2	1	1	0	15
chr12	103583288	103590590	2	2	1	2	0	37
chr12	103694524	103729962	2	2	1	3	0	15
chr12	103694582	103784194	1	1	1	2	4	40
chr12	103694693	103695489	2	2	1	65	22	46
chr12	103695641	103696508	2	2	1	8	0	39
chr12	103696780	103698219	2	2	1	5	0	44
chr12	103698852	103704355	2	2	1	0	2	40
chr12	103730064	103733820	1	1	1	1	0	33
chr12	103730131	103730868	2	2	1	1	0	34
chr12	103730131	103730926	2	2	1	43	21	46
chr12	103731078	103731958	2	2	1	6	0	44
chr12	103732230	103733674	2	2	1	1	0	13
chr12	103784307	103785107	2	2	1	1	1	46
chr12	103786415	103787874	2	2	1	0	11	38
chr12	103820015	103861350	1	1	1	1	0	36
chr12	103820126	103820926	2	2	1	66	0	46
chr12	103821078	103821962	2	2	1	6	0	39
chr12	103822234	103823683	2	2	1	0	13	38
chr12	103824316	103829780	2	2	1	0	2	40
chr12	103861294	103913300	2	2	1	4	0	19
chr12	103861463	103862263	2	2	1	90	2	46
chr12	103862415	103863299	2	2	1	11	0	35
chr12	103863309	103863440	2	2	1	1	0	42
chr12	103863571	103865016	2	2	1	0	13	38
chr12	103865649	103871117	2	2	1	0	2	40
chr12	103877028	103882513	2	2	1	1	0	15
chr12	103913436	103917100	2	4	1	1	10	14
chr12	103913469	103914272	2	2	1	111	0	46
chr12	103914424	103915305	2	2	1	17	0	40
chr12	103915577	103917039	2	2	1	5	1	29
chr12	103917672	103923115	2	2	1	1	0	10
chr12	103997467	103998683	2	2	1	11	0	35
chr12	104304805	104306752	1	1	1	1	0	25
chr12	104306937	104307020	2	4	1	1	0	28
chr12	104307410	104309197	1	1	1	5	8	45
chr12	104309472	104310385	1	1	1	12	0	33
chr12	104310493	104311830	2	2	1	1	0	27
chr12	104310540	104311491	1	1	1	15	0	40
chr12	104311637	104311843	2	2	1	1	0	26
chr12	104355972	104357714	1	1	1	0	8	33
chr12	104380132	104380359	2	4	1	2	0	12
chr12	104666780	104668660	2	2	1	1	0	28
chr12	104743401	104746980	2	2	1	5	0	36
chr12	105774926	105775601	1	1	1	2	0	36
chr12	105775692	105775782	1	1	1	3	0	45
chr12	105801044	105803023	1	1	1	3	0	22
chr12	108131432	108145411	2	2	1	1	0	24
chr12	108760018	108772404	1	1	1	2	0	26
chr12	108821545	108821864	1	1	1	1	0	4
chr12	108854475	108859994	2	2	1	1	0	16
chr12	110593533	110594373	1	1	1	1	0	7
chr12	110599357	110599586	1	1	1	1	0	39
chr12	110627700	110627788	1	1	1	1	0	16
chr12	110658882	110659037	2	2	1	2	0	7
chr12	110659307	110659453	2	2	1	6	0	45
chr12	110659602	110659745	2	2	1	1	0	19
chr12	110659937	110660144	2	2	1	1	0	20
chr12	110660311	110660456	2	2	1	1	0	29
chr12	110660778	110661004	2	2	1	26	1	43
chr12	110661139	110661485	2	2	1	18	0	45
chr12	110831440	110833141	1	1	1	1	0	33
chr12	111259695	111271410	1	1	1	1	0	46
chr12	111262291	111262381	2	2	1	1	0	38
chr12	111281007	111283892	2	2	1	2	0	36
chr12	111284467	111284869	2	2	1	1	0	31
chr12	111409118	111411362	1	1	1	1	0	10
chr12	111504983	111505841	1	1	1	3	0	27
chr12	111506122	111506234	1	1	1	1	0	20
chr12	111506317	111506563	1	1	1	2	0	15
chr12	111506737	111506894	1	1	1	24	0	46
chr12	111507007	111508139	1	1	1	4	0	21
chr12	111508280	111508585	1	1	1	4	0	40
chr12	111510096	111510962	1	1	1	1	0	23
chr12	111594033	111594248	1	1	1	1	0	8
chr12	111927973	111928866	2	2	1	35	0	25
chr12	111928891	111929663	2	2	1	23	0	26
chr12	112146380	112146884	1	1	1	1	0	29
chr12	112576999	112577128	1	1	1	1	0	23
chr12	112614416	112615413	1	1	1	2	0	36
chr12	112898671	112901975	2	2	1	1	0	35
chr12	113117133	113117237	1	1	1	2	0	36
chr12	113117285	113117394	1	1	1	3	0	21
chr12	113382455	113382572	2	2	1	1	0	41
chr12	113384882	113384988	2	2	1	1	0	21
chr12	116318184	116322975	2	2	1	0	1	41
chr13	3601089	3604411	1	1	1	1	0	34
chr13	3612038	3614539	1	1	1	1	0	24
chr13	3614914	3614995	1	1	1	1	0	21
chr13	3619642	3620311	2	2	1	1	0	6
chr13	3638535	3639940	2	2	1	1	0	6
chr13	4253449	4255339	1	1	1	2	0	19
chr13	4292661	4292925	1	1	1	1	0	28
chr13	4318430	4320159	2	2	1	2	0	35
chr13	4322361	4322927	2	2	1	1	0	34
chr13	4486447	4488488	1	1	1	5	0	25
chr13	4488606	4497006	1	1	1	1	0	28
chr13	4496429	4497006	1	1	1	3	0	41
chr13	4497130	4498983	1	1	1	1	0	45
chr13	4499094	4499311	1	1	1	5	0	37
chr13	4499478	4504462	1	1	1	13	0	44
chr13	4504546	4507147	1	1	1	36	2	44
chr13	4537225	4540188	2	2	1	1	0	3
chr13	8938090	8940353	1	1	1	0	2	10
chr13	9030016	9035244	2	2	1	1	0	44
chr13	9035356	9035673	2	2	1	1	0	42
chr13	9037351	9037791	2	2	1	1	0	34
chr13	12287651	12289963	2	2	1	1	0	37
chr13	12605763	12605865	1	1	1	1	0	16
chr13	12605913	12608388	1	1	1	1	0	29
chr13	14303851	14307020	1	1	1	1	0	5
chr13	14307101	14310752	1	1	1	1	0	7
chr13	14335981	14338693	1	1	1	1	0	15
chr13	14338935	14339351	1	1	1	1	0	7
chr13	14339528	14344503	1	1	1	1	0	10
chr13	14798257	14799787	1	1	1	1	0	16
chr13	14799846	14799933	1	1	1	6	0	45
chr13	17837410	17846285	2	2	1	2	0	28
chr13	17846360	17847135	2	2	1	1	0	22
chr13	17847188	17869223	2	2	1	1	0	18
chr13	17858438	17859293	2	2	1	1	0	27
chr13	17893497	17893940	2	2	1	2	0	14
chr13	17941192	17946885	2	2	1	2	0	30
chr13	18057087	18063091	2	2	1	2	0	29
chr13	18063267	18067706	2	2	1	1	0	27
chr13	23999083	23999168	1	1	1	1	0	19
chr13	24005093	24006277	1	1	1	1	0	4
chr13	24030428	24030860	1	1	1	1	0	29
chr13	24042099	24042185	1	1	1	7	0	40
chr13	24072047	24076517	1	1	1	1	0	27
chr13	24208519	24209836	2	2	1	1	0	40
chr13	24600994	24601206	1	3	1	1	0	33
chr13	25002113	25015250	2	2	1	1	0	18
chr13	25002175	25004697	2	2	1	6	0	40
chr13	25095750	25096230	2	2	1	1	0	46
chr13	25103806	25107949	2	2	1	1	0	31
chr13	25127697	25132069	1	1	1	1	0	25
chr13	25132126	25136836	1	1	1	1	0	11
chr13	25159769	25163361	1	1	1	1	0	4
chr13	25165082	25166490	1	1	1	1	0	13
chr13	30529004	30564884	1	1	1	1	0	15
chr13	34166533	34169298	1	1	1	1	0	11
chr13	34248017	34257658	1	1	1	2	0	8
chr13	34350120	34361963	1	1	1	1	0	5
chr13	35059678	35067213	1	1	1	3	0	42
chr13	35162777	35164244	2	2	1	1	0	46
chr13	36000559	36040645	1	1	1	1	0	8
chr13	38360477	38361162	1	1	1	1	0	21
chr13	38404753	38405210	1	1	1	1	0	37
chr13	38405370	38410849	1	1	1	3	0	27
chr13	41161613	41161686	1	1	1	2	0	35
chr13	41174683	41175581	1	1	1	2	0	45
chr13	41340464	41340904	2	2	1	2	0	40
chr13	41341030	41343421	2	2	1	1	0	32
chr13	41918269	41920811	2	2	1	3	0	15
chr13	41967793	41969613	2	2	1	1	0	17
chr13	42209019	42276635	1	1	1	1	0	24
chr13	42313795	42316826	1	1	1	1	0	27
chr13	43286537	43287402	1	1	1	1	0	9
chr13	43536709	43538973	1	1	1	1	0	39
chr13	43552135	43552210	1	1	1	2	0	15
chr13	43552272	43552986	1	1	1	3	0	37
chr13	43554411	43554772	1	1	1	1	0	29
chr13	43567581	43569800	2	2	1	1	0	14
chr13	43695206	43697931	2	2	1	4	0	39
chr13	43698047	43699163	2	2	1	2	0	25
chr13	43704575	43705072	2	2	1	1	0	32
chr13	45023165	45023383	2	2	1	1	0	33
chr13	45023293	45023387	1	1	1	0	3	46
chr13	45046637	45084471	2	2	1	1	0	26
chr13	46932470	46934101	2	2	1	4	0	35
chr13	46934141	46938721	2	2	1	4	0	39
chr13	47178954	47180727	2	2	1	1	0	14
chr13	47242092	47251630	2	2	1	2	0	6
chr13	47251820	47252818	2	2	1	4	0	16
chr13	47259214	47259548	2	2	1	1	0	38
chr13	49349467	49349638	2	2	1	1	0	34
chr13	49717011	49717231	1	1	1	1	0	20
chr13	49803776	49806058	2	2	1	1	0	21
chr13	49818327	49818854	1	1	1	1	0	11
chr13	53067098	53073036	2	2	1	1	0	28
chr13	53486913	53487044	1	5	1	4	0	13
chr13	54247106	54247872	1	1	1	1	0	42
chr13	54259815	54260525	1	1	1	2	0	28
chr13	54797877	54797971	1	1	1	1	0	28
chr13	55233508	55240939	2	2	1	1	0	13
chr13	55354071	55369756	1	1	1	0	3	38
chr13	55361131	55361873	1	1	1	2	0	6
chr13	55381844	55386502	1	1	1	1	0	11
chr13	55499604	55500758	2	2	1	1	0	9
chr13	55566080	55566164	2	2	1	2	0	31
chr13	55566314	55567929	2	2	1	1	0	21
chr13	55568074	55568159	2	2	1	2	0	22
chr13	55569222	55569337	2	2	1	1	0	39
chr13	55741394	55745322	1	1	1	1	3	43
chr13	55787748	55793183	1	1	1	1	0	22
chr13	55800892	55801414	1	1	1	1	0	32
chr13	55808613	55811031	1	1	1	1	0	29
chr13	55841161	55846885	1	1	1	1	0	32
chr13	55875288	55880748	1	1	1	1	0	27
chr13	55880881	55888268	1	1	1	3	0	42
chr13	55923261	55924417	1	1	1	6	0	42
chr13	56222206	56230932	2	2	1	1	0	19
chr13	56231108	56232008	2	2	1	1	0	3
chr13	56243455	56243936	2	2	1	1	0	21
chr13	56777644	56778356	1	1	1	1	0	43
chr13	58544714	58545566	2	2	1	1	0	5
chr13	58545611	58546969	2	2	1	1	0	43
chr13	58547027	58547706	2	2	1	1	0	20
chr13	58548232	58550206	2	2	1	1	0	7
chr13	58554905	58555723	1	1	1	1	0	41
chr13	59747618	59748717	1	1	1	1	0	30
chr13	59773412	59775691	1	1	1	3	0	39
chr13	59906810	59910555	2	2	1	1	0	25
chr13	59910610	59917437	2	2	1	1	0	13
chr13	59920674	59926565	2	2	1	1	0	37
chr13	59920674	59929831	2	2	1	1	0	27
chr13	59927016	59929831	2	2	1	1	0	10
chr13	59930158	59932578	2	2	1	1	0	12
chr13	59937752	59939589	2	2	1	1	0	34
chr13	59958455	59959328	2	2	1	1	0	3
chr13	59959381	59962679	2	2	1	1	0	37
chr13	60867577	60867924	1	1	1	1	0	38
chr13	60867971	60869587	1	1	1	1	0	8
chr13	62154717	62273775	2	2	1	0	2	40
chr13	62592384	62600959	2	2	1	0	34	38
chr13	63015273	63016795	2	2	1	2	0	43
chr13	63016934	63018979	2	2	1	2	0	46
chr13	63019121	63020503	2	2	1	6	0	30
chr13	63020597	63022962	2	2	1	4	0	25
chr13	63023126	63035687	2	2	1	2	0	16
chr13	64323903	64329920	1	1	1	1	0	16
chr13	64329937	64334215	1	1	1	1	0	16
chr13	64332573	64333086	1	1	1	4	0	20
chr13	64435853	64436746	2	2	1	1	0	35
chr13	64444994	64445068	2	2	1	1	0	35
chr13	64513137	64514292	2	2	1	2	0	40
chr13	64514456	64514681	2	2	1	1	0	12
chr13	64514907	64515673	2	2	1	1	0	25
chr13	64515821	64515929	2	2	1	1	0	39
chr13	67048891	67049465	2	2	1	23	1	42
chr13	67049633	67050793	2	2	1	1	0	8
chr13	67050866	67053356	2	2	1	0	1	32
chr13	69723316	69734703	2	2	1	1	0	13
chr13	69781387	69781690	1	1	1	1	0	36
chr13	73468180	73468412	2	2	1	47	0	43
chr13	73468536	73475534	2	2	1	1	0	15
chr13	73752519	73753048	1	1	1	1	0	27
chr13	73766637	73768151	1	1	1	2	0	37
chr13	73942255	73943216	1	1	1	1	0	27
chr13	74086065	74086552	1	1	1	4	0	41
chr13	74476535	74479417	2	2	1	2	0	22
chr13	74479590	74480217	2	2	1	1	0	12
chr13	74482542	74485509	2	2	1	1	0	44
chr13	74487835	74491455	2	2	1	1	0	27
chr13	74501106	74504574	1	1	1	1	0	44
chr13	74554728	74555106	2	2	1	0	2	40
chr13	74554949	74555274	1	1	1	0	1	30
chr13	74555176	74555334	2	2	1	0	5	44
chr13	74555260	74555389	2	4	1	0	1	20
chr13	74629270	74630657	2	2	1	3	0	20
chr13	74811683	74812227	1	1	1	1	0	10
chr13	74819611	74820862	1	1	1	1	0	22
chr13	74842953	74844009	2	2	1	1	0	7
chr13	74844072	74847223	2	2	1	1	0	22
chr13	74873585	74875393	2	2	1	2	0	28
chr13	74875490	74876458	2	2	1	2	0	19
chr13	74883451	74884863	2	2	1	3	0	44
chr13	74884954	74885054	2	2	1	1	0	29
chr13	74894224	74894701	2	2	1	2	0	21
chr13	76065967	76067871	2	2	1	1	0	16
chr13	76102916	76103029	2	2	1	0	2	38
chr13	84408360	84428884	1	1	1	1	0	44
chr13	85350616	85354246	1	1	1	1	0	24
chr13	85360034	85360858	1	1	1	1	0	25
chr13	85364307	85364995	2	2	1	2	0	21
chr13	86193028	86193845	2	2	1	150	0	45
chr13	86193989	86194719	2	2	1	47	0	44
chr13	90246591	90249026	1	1	1	1	0	8
chr13	90249062	90252493	1	1	1	1	0	25
chr13	91071866	91072444	1	1	1	3	0	35
chr13	91072566	91072655	1	1	1	85	0	46
chr13	92001768	92003856	2	2	1	2	0	41
chr13	92491853	92492157	1	1	1	1	0	17
chr13	93219893	93221052	2	2	1	1	0	10
chr13	93544242	93705456	2	4	1	0	3	15
chr13	93589402	93589895	2	2	1	1	0	3
chr13	93590084	93590435	2	2	1	4	0	44
chr13	93754171	93756589	2	2	1	0	15	45
chr13	93756819	93757901	2	2	1	0	1	32
chr13	93761470	93761804	2	2	1	1	0	10
chr13	93761997	93763754	2	2	1	0	5	41
chr13	93763874	93769743	2	2	1	9	0	38
chr13	93769877	93773971	2	2	1	0	6	24
chr13	93880936	93888727	1	1	1	2	0	18
chr13	94582646	94584960	1	1	1	1	0	21
chr13	94585024	94587460	1	1	1	1	0	8
chr13	94608371	94609306	1	1	1	2	0	25
chr13	94613637	94616234	1	1	1	1	0	29
chr13	94925511	94968867	1	1	1	1	0	8
chr13	94973703	94979157	1	1	1	1	0	44
chr13	95768693	95771971	2	2	1	6	0	34
chr13	95772185	95774225	2	2	1	1	0	4
chr13	95805026	95807736	2	2	1	3	0	28
chr13	95807946	95809492	2	2	1	1	0	6
chr13	95810265	95811821	2	2	1	1	0	27
chr13	95867967	95869398	2	2	1	3	0	41
chr13	95869513	95870391	2	2	1	2	0	33
chr13	96739665	96746281	1	1	1	2	0	42
chr13	96788745	96789165	2	2	1	1	0	25
chr13	97267737	97268350	2	2	1	3	0	21
chr13	97270227	97271801	2	2	1	0	3	41
chr13	97271953	97272028	2	2	1	2	0	42
chr13	97272217	97274262	2	2	1	0	3	33
chr13	97296676	97297526	1	1	1	1	0	5
chr13	97311553	97312107	1	1	1	1	0	36
chr13	97313098	97313304	2	2	1	4	0	29
chr13	98446710	98447488	2	2	1	2	0	40
chr13	98912426	98913896	2	2	1	1	0	29
chr13	98921389	98925870	2	2	1	2	0	26
chr13	98926024	98926239	2	2	1	1	0	19
chr13	100160364	100161904	2	2	1	1	0	4
chr13	100267684	100268863	1	1	1	1	0	43
chr13	100733920	100734309	2	2	1	1	0	46
chr13	100737141	100737396	2	2	1	1	0	13
chr13	100769460	100769703	2	2	1	1	0	44
chr13	100840015	100840898	2	2	1	1	0	31
chr13	100872782	100875521	2	2	1	0	1	20
chr13	101824152	101825140	2	2	1	1	0	42
chr13	101825668	101825906	2	2	1	1	0	34
chr13	101894548	101904484	2	2	1	1	0	4
chr13	103879855	103888742	1	3	1	1	0	21
chr13	103885363	103888901	2	2	1	2	0	37
chr13	103894809	103895676	2	2	1	1	0	18
chr13	103971537	103975814	2	2	1	1	0	37
chr13	103981496	103982011	2	2	1	3	0	31
chr13	104020769	104022648	2	2	1	1	0	16
chr13	104359701	104361857	2	2	1	1	0	11
chr13	104503449	104512149	1	1	1	1	0	13
chr13	104933852	104938639	2	2	1	1	0	8
chr13	104938710	104940758	2	2	1	1	0	14
chr13	104969506	104970755	1	1	1	3	0	43
chr13	104970829	104973872	1	1	1	2	0	13
chr13	107086125	107086199	1	1	1	1	0	10
chr13	107126601	107129670	2	2	1	1	0	41
chr13	108189489	108217886	2	2	1	1	0	33
chr13	108217928	108228067	2	2	1	2	0	18
chr13	108228158	108294976	2	2	1	1	0	41
chr13	110533529	110534004	1	1	1	1	0	43
chr13	112637744	112639324	1	1	1	1	0	27
chr13	113004530	113005544	2	2	1	2	0	18
chr13	113051065	113054122	2	2	1	2	0	37
chr13	113069171	113069617	1	1	1	1	0	40
chr13	114425403	114444352	2	2	1	4	0	42
chr13	114453566	114487983	2	2	1	1	0	24
chr13	114957483	114961102	1	1	1	2	0	46
chr13	114961231	114961746	1	1	1	3	0	33
chr13	114961771	114962693	1	3	1	1	0	24
chr13	114961898	114962693	1	1	1	3	0	46
chr13	115096671	115102133	2	2	1	1	0	27
chr13	115102251	115103051	2	2	1	1	0	17
chr13	118517206	118519411	2	2	1	1	0	36
chr13	119577408	119582278	1	1	1	1	0	38
chr13	119611461	119612472	1	1	1	1	0	4
chr13	120162170	120162611	1	1	1	2	0	28
chr13	120162777	120164070	1	1	1	1	0	36
chr13	120190060	120217230	2	2	1	1	0	21
chr13	120237986	120244307	2	2	1	1	0	10
chr13	120249701	120250395	2	2	1	0	1	4
chr14	6053207	6055769	2	2	1	1	0	4
chr14	6083673	6085215	2	2	1	1	0	3
chr14	7683472	7687540	2	2	1	2	0	20
chr14	8114394	8114689	2	2	1	2	0	42
chr14	8349025	8349570	1	1	1	4	0	37
chr14	8349777	8352792	1	1	1	2	0	18
chr14	8355641	8357159	1	1	1	1	0	17
chr14	8357238	8357376	1	1	1	6	0	23
chr14	8515225	8516224	1	1	1	3	0	39
chr14	8516353	8516600	1	1	1	1	0	38
chr14	10232037	10232598	2	2	1	1	0	23
chr14	14228513	14230208	1	1	1	1	0	45
chr14	14239615	14243944	1	1	1	1	0	21
chr14	14296883	14296955	1	1	1	1	0	20
chr14	14299613	14299953	1	1	1	1	0	41
chr14	14300065	14300336	1	1	1	2	0	9
chr14	14414303	14419864	2	2	1	1	0	44
chr14	14482470	14485607	1	1	1	2	0	18
chr14	14542428	14543261	2	2	1	1	0	18
chr14	14567890	14573217	2	2	1	1	0	6
chr14	19872759	19873736	2	2	1	1	0	32
chr14	20441529	20441960	2	2	1	9	0	32
chr14	20510552	20512622	2	2	1	1	0	29
chr14	20746482	20748278	1	1	1	1	0	16
chr14	20753477	20754188	1	1	1	1	0	26
chr14	21102769	21103789	1	1	1	2	0	26
chr14	21126390	21142434	1	1	1	1	0	38
chr14	21153942	21219867	1	1	1	1	0	11
chr14	21290640	21368080	1	1	1	1	0	8
chr14	21368252	21368645	1	1	1	3	0	39
chr14	24215441	24216228	2	2	1	1	0	36
chr14	24541884	24541974	1	1	1	1	0	30
chr14	24542185	24543450	1	1	1	55	0	45
chr14	24543562	24545497	1	1	1	6	0	20
chr14	24543562	24545842	1	1	1	72	0	46
chr14	24545518	24545842	1	1	1	7	0	20
chr14	25888951	25889319	2	2	1	1	0	32
chr14	25925332	25925945	2	2	1	1	0	3
chr14	25926006	25926221	2	2	1	1	0	29
chr14	26180616	26181196	2	2	1	1	0	12
chr14	26181366	26183415	2	2	1	4	0	36
chr14	26183554	26184730	2	2	1	1	0	34
chr14	26649833	26650396	2	2	1	1	0	6
chr14	26681424	26682907	2	2	1	1	0	4
chr14	27193740	27194222	1	1	1	1	0	32
chr14	27204560	27205764	2	2	1	1	0	27
chr14	27375441	27375662	1	1	1	2	0	17
chr14	27634938	27688352	1	1	1	1	0	28
chr14	27688521	27733592	1	1	1	3	0	40
chr14	29693829	29695317	1	1	1	0	1	33
chr14	29695405	29696432	1	1	1	1	2	23
chr14	29704727	29705986	1	1	1	1	0	7
chr14	29713713	29714917	1	1	1	1	0	10
chr14	29757348	29757766	1	1	1	2	0	19
chr14	29757870	29758428	1	1	1	2	0	15
chr14	29836247	29864528	2	2	1	1	0	40
chr14	29838387	29841059	2	2	1	1	0	25
chr14	30293004	30293108	1	1	1	2	0	20
chr14	30294288	30295293	1	1	1	3	0	17
chr14	30611917	30612055	1	1	1	1	0	34
chr14	30612167	30612605	1	1	1	2	0	29
chr14	30612735	30613337	1	1	1	1	0	7
chr14	30618728	30619482	1	1	1	2	0	36
chr14	30619531	30619813	1	1	1	1	0	8
chr14	30620054	30621276	1	1	1	6	0	32
chr14	30621446	30622841	1	1	1	3	0	40
chr14	30622997	30623091	1	1	1	6	0	43
chr14	30623189	30623591	1	1	1	36	0	46
chr14	30630737	30631435	2	2	1	1	0	24
chr14	30630770	30631354	2	2	1	24	0	45
chr14	30631467	30631657	2	2	1	1	0	8
chr14	30631831	30633881	2	2	1	1	0	5
chr14	30634087	30634572	2	2	1	1	0	33
chr14	30635151	30636005	2	2	1	1	0	3
chr14	30636009	30636609	2	2	1	1	0	3
chr14	30636765	30637297	2	2	1	1	0	29
chr14	30637438	30637588	2	2	1	3	0	35
chr14	30651597	30651746	2	2	1	2	0	22
chr14	30652371	30653117	2	2	1	1	0	32
chr14	30653320	30654156	2	2	1	1	0	21
chr14	30654271	30654358	2	2	1	1	0	29
chr14	30656204	30657237	2	2	1	2	0	10
chr14	30664584	30664850	2	2	1	1	0	21
chr14	30664872	30665115	2	2	1	1	0	21
chr14	30734592	30734679	2	2	1	1	0	43
chr14	30739125	30739232	2	2	1	2	0	24
chr14	30739371	30739764	2	2	1	1	0	12
chr14	30768381	30771994	1	1	1	1	0	20
chr14	30789922	30796727	1	1	1	2	0	28
chr14	30846567	30850552	2	2	1	1	0	43
chr14	30846567	30850589	2	2	1	7	0	36
chr14	30846791	30850589	2	2	1	1	0	6
chr14	30861161	30861253	2	2	1	1	0	43
chr14	30861371	30861463	2	2	1	1	0	35
chr14	30883859	30884067	2	2	1	1	0	42
chr14	31215922	31216858	2	2	1	1	0	19
chr14	31219761	31222076	1	1	1	1	0	4
chr14	31330001	31332058	2	2	1	46	0	45
chr14	31332246	31336160	2	2	1	1	0	26
chr14	31337479	31338316	2	2	1	2	0	35
chr14	31344932	31348296	2	2	1	1	0	24
chr14	31915445	31915810	2	2	1	1	0	44
chr14	31924143	31930113	1	1	1	3	0	18
chr14	31960581	31964145	1	1	1	1	0	20
chr14	34033300	34041838	1	1	1	5	0	45
chr14	34041920	34043724	1	1	1	2	0	44
chr14	34057397	34058049	1	1	1	2	0	25
chr14	34060841	34061883	1	1	1	1	0	41
chr14	34074035	34075654	2	2	1	3	0	19
chr14	34075718	34077242	2	2	1	1	0	13
chr14	34417063	34444220	1	1	1	1	0	40
chr14	34451365	34452505	1	1	1	2	0	41
chr14	36620208	36622718	2	2	1	2	0	23
chr14	36622803	36630973	2	2	1	6	0	43
chr14	36844184	36847116	2	2	1	2	0	33
chr14	36847289	36847858	2	2	1	1	0	19
chr14	36853607	36855127	2	2	1	1	0	33
chr14	36855228	36855589	2	2	1	1	0	35
chr14	40719835	40720800	2	2	1	1	0	19
chr14	40720942	40724392	2	2	1	1	0	16
chr14	40827218	40827303	1	1	1	6	0	44
chr14	45537420	45539149	2	2	1	1	0	40
chr14	45584273	45586039	1	1	1	2	0	42
chr14	45704920	45705959	2	2	1	3	0	33
chr14	45713133	45713344	2	2	1	1	0	34
chr14	45720024	45741953	2	2	1	3	0	45
chr14	45742188	45766881	2	2	1	3	0	34
chr14	47622225	47622981	1	1	1	1	0	32
chr14	47796674	47798077	2	2	1	1	0	40
chr14	47798141	47805642	2	2	1	3	0	35
chr14	47811569	47828731	1	1	1	1	0	41
chr14	47886897	47901212	1	1	1	2	0	18
chr14	47910528	47912206	1	1	1	2	0	19
chr14	47928435	47930860	1	1	1	1	0	32
chr14	47931401	47932066	1	1	1	1	0	11
chr14	47932105	47932219	1	3	1	1	0	38
chr14	49289850	49303582	2	2	1	1	0	45
chr14	51091772	51091965	2	2	1	1	0	43
chr14	51185479	51187714	1	1	1	1	0	28
chr14	52145629	52145786	2	2	1	2	0	24
chr14	52145844	52146024	2	2	1	1	0	18
chr14	52146112	52146330	2	2	1	1	0	22
chr14	52146392	52147514	2	2	1	1	0	13
chr14	52147578	52147771	2	2	1	2	0	37
chr14	52147893	52148136	2	2	1	1	0	38
chr14	52148243	52148542	2	2	1	2	0	37
chr14	52148585	52148922	2	2	1	2	0	30
chr14	52313184	52314859	2	2	1	3	0	21
chr14	52315021	52318716	2	2	1	2	0	42
chr14	52400222	52400640	2	2	1	1	0	43
chr14	52411589	52412698	2	2	1	1	0	8
chr14	52412827	52413816	2	2	1	1	0	30
chr14	52415815	52416930	2	2	1	1	0	42
chr14	52444516	52444691	2	2	1	1	0	10
chr14	52444747	52445446	2	2	1	1	0	27
chr14	52469010	52470001	2	2	1	1	0	6
chr14	52472959	52474186	2	2	1	1	0	43
chr14	52524447	52524757	1	1	1	1	0	4
chr14	54473171	54480155	2	2	1	6	0	39
chr14	54664696	54666040	1	1	1	5	0	40
chr14	54666106	54667038	1	1	1	11	0	45
chr14	54881282	54881397	2	2	1	1	0	42
chr14	54903092	54904529	2	2	1	5	0	25
chr14	55134497	55134577	1	1	1	2	0	38
chr14	55134730	55135473	1	1	1	15	0	46
chr14	55208268	55208833	2	2	1	3	0	26
chr14	55229841	55230129	2	2	1	2	0	39
chr14	55260851	55261445	1	1	1	9	0	42
chr14	55724621	55724716	1	1	1	5	0	40
chr14	55798433	55798531	1	1	1	1	0	14
chr14	55806587	55806684	1	1	1	2	0	4
chr14	55817085	55817227	1	1	1	2	0	15
chr14	55817291	55817387	1	1	1	2	0	15
chr14	55817499	55817570	1	3	1	1	0	14
chr14	55817617	55817786	1	1	1	1	0	32
chr14	55818121	55818200	1	1	1	1	0	23
chr14	55818596	55818757	1	1	1	3	0	29
chr14	55819201	55819337	2	2	1	2	0	13
chr14	55819583	55822135	2	2	1	1	0	9
chr14	55822213	55822368	2	2	1	1	0	6
chr14	55825023	55825110	2	2	1	22	0	46
chr14	55825198	55825496	2	2	1	6	0	45
chr14	55825552	55825689	2	2	1	2	0	41
chr14	55825970	55826757	2	2	1	2	0	44
chr14	55840882	55840988	1	1	1	2	0	42
chr14	55857158	55858691	1	1	1	1	0	21
chr14	55862637	55862732	1	1	1	1	0	24
chr14	55900083	55900871	2	2	1	1	0	41
chr14	55901317	55909251	2	2	1	1	0	29
chr14	55953996	55954624	2	2	1	1	0	16
chr14	55990823	55991097	1	1	1	1	0	22
chr14	56821749	56823013	1	1	1	1	0	38
chr14	56873280	56875304	1	1	1	1	0	8
chr14	56875428	56878711	1	1	1	1	0	33
chr14	56910018	56911347	1	1	1	3	0	32
chr14	56912197	56913978	1	1	1	1	0	35
chr14	57672315	57674683	1	1	1	1	0	11
chr14	57674741	57675698	1	1	1	2	0	24
chr14	57675753	57676322	1	1	1	1	0	24
chr14	58036055	58038950	1	1	1	0	1	14
chr14	59644184	59646626	2	2	1	1	0	6
chr14	59664004	59668591	2	2	1	1	0	44
chr14	59829985	59834310	2	2	1	1	0	15
chr14	61028423	61033620	1	1	1	1	0	11
chr14	61234140	61242523	2	2	1	1	0	16
chr14	61610536	61611732	2	2	1	2	0	32
chr14	62608002	62609808	1	1	1	3	0	23
chr14	63371500	63373056	1	1	1	1	0	17
chr14	63375568	63375799	1	1	1	1	0	16
chr14	64360803	64447876	2	2	1	1	0	11
chr14	65612853	65613391	1	1	1	1	0	17
chr14	66093977	66094142	1	1	1	4	0	26
chr14	66209302	66210773	1	1	1	1	0	30
chr14	66210923	66212291	1	1	1	1	0	15
chr14	66212463	66213029	1	1	1	3	0	36
chr14	66213135	66213380	1	3	1	1	0	26
chr14	66213288	66218848	1	1	1	1	0	29
chr14	66213442	66214354	1	1	1	2	0	43
chr14	66217330	66218302	1	1	1	4	0	30
chr14	66218479	66218756	1	1	1	59	0	45
chr14	66225144	66225630	2	2	1	2	0	19
chr14	66322210	66322379	2	2	1	5	0	42
chr14	66322439	66322744	2	2	1	1	0	18
chr14	66323753	66324413	2	2	1	1	0	14
chr14	66324517	66325748	2	2	1	2	0	34
chr14	66325783	66326954	2	2	1	2	0	8
chr14	66327030	66330247	2	2	1	1	0	37
chr14	66330360	66332186	2	2	1	1	0	17
chr14	66345617	66347564	2	2	1	1	0	23
chr14	66354245	66361783	2	2	1	2	0	40
chr14	70491437	70491870	1	3	1	1	0	24
chr14	70536253	70537488	2	4	1	1	0	42
chr14	72822285	72827193	2	2	1	1	0	30
chr14	73416004	73419898	1	1	1	3	0	18
chr14	73503073	73506550	2	2	1	1	0	17
chr14	73599819	73600400	2	2	1	1	0	30
chr14	73600584	73601981	2	2	1	7	0	32
chr14	73602133	73603191	2	2	1	3	0	36
chr14	73603968	73605738	2	2	1	1	0	9
chr14	73798062	73806073	1	1	1	2	0	27
chr14	73816925	73819118	1	1	1	2	0	6
chr14	73831206	73832813	1	1	1	3	0	45
chr14	74978696	74979453	1	1	1	1	0	35
chr14	74979579	74987084	1	1	1	0	1	3
chr14	74983158	74987084	1	3	1	21	1	45
chr14	74994584	75013020	2	2	1	1	0	4
chr14	75515658	75520670	1	1	1	2	0	42
chr14	75543338	75546348	1	1	1	1	0	10
chr14	75562045	75564983	1	1	1	2	0	28
chr14	76081423	76081990	2	2	1	1	0	24
chr14	76083131	76083642	1	1	1	1	0	12
chr14	76083834	76084133	1	1	1	4	0	31
chr14	76084240	76084683	1	1	1	11	0	38
chr14	76084801	76085538	1	1	1	121	0	45
chr14	76336059	76336499	2	2	1	1	0	32
chr14	78063911	78077607	2	2	1	2	0	38
chr14	78081913	78090337	2	2	1	1	0	22
chr14	79263518	79275564	1	1	1	1	0	34
chr14	79275642	79294086	1	1	1	1	0	31
chr14	79580760	79582334	2	2	1	1	0	8
chr14	79624547	79628001	2	2	1	1	0	20
chr14	79656727	79660836	1	1	1	2	0	35
chr14	79704904	79707544	2	2	1	1	0	31
chr14	79709966	79714242	2	2	1	3	0	10
chr14	79714373	79714481	2	2	1	1	0	32
chr14	79803013	79804589	1	1	1	1	0	12
chr14	79840341	79840909	1	1	1	1	0	17
chr14	79840927	79844685	1	1	1	1	0	17
chr14	79844718	79846395	1	1	1	1	0	7
chr14	79846493	79847679	1	1	1	2	0	29
chr14	79862463	79866291	1	1	1	8	0	45
chr14	101700521	101703036	2	2	1	1	0	9
chr14	101891542	101891643	1	1	1	1	0	12
chr14	101891656	101903196	1	1	1	1	0	12
chr14	101932654	101933337	1	1	1	3	0	40
chr14	102219594	102219829	2	4	1	0	1	27
chr14	105369444	105376526	2	2	1	1	0	11
chr14	105376599	105377751	2	2	1	1	0	9
chr14	105397411	105397930	2	2	1	5	0	45
chr14	105398050	105414217	2	2	1	1	0	30
chr14	112576199	112576225	2	2	1	0	2	42
chr14	119209881	119210104	1	1	1	4	0	29
chr14	119210226	119212543	1	1	1	15	0	45
chr14	119212677	119214121	1	1	1	11	0	42
chr14	119214271	119215438	1	1	1	6	0	39
chr14	121183631	121184130	1	1	1	1	0	16
chr14	122355333	122361127	1	3	1	1	0	33
chr14	122374914	122377061	1	1	1	1	0	35
chr14	122389488	122392739	1	1	1	1	0	5
chr14	122392912	122396060	1	1	1	4	0	39
chr14	122419194	122548655	1	1	1	2	0	11
chr14	122621735	122639358	1	1	1	1	0	7
chr14	122938578	122951434	1	1	1	1	0	36
chr14	122951538	122975313	1	1	1	1	0	10
chr14	123114317	123124458	1	1	1	1	0	46
chr15	3304359	3305048	1	1	1	2	0	37
chr15	3357169	3357455	2	2	1	25	0	45
chr15	3363008	3370400	2	2	1	1	0	16
chr15	4761285	4763144	1	1	1	1	0	7
chr15	4763302	4764605	1	1	1	1	0	43
chr15	4769383	4784722	1	1	1	1	0	33
chr15	4784862	4786776	1	1	1	1	0	44
chr15	4784862	4789282	1	1	1	3	0	40
chr15	4820675	4822166	1	1	1	2	0	32
chr15	4822339	4822611	1	1	1	1	0	36
chr15	4826520	4827733	1	1	1	1	0	16
chr15	5146167	5146768	1	1	1	1	0	40
chr15	5146905	5147100	1	1	1	134	5	45
chr15	5147186	5148048	1	1	1	158	14	45
chr15	5241612	5246630	1	1	1	1	0	32
chr15	6489154	6496813	1	1	1	1	0	7
chr15	6496947	6512521	1	1	1	1	0	7
chr15	6512783	6516101	1	1	1	1	0	24
chr15	6516343	6517135	1	1	1	1	0	20
chr15	6519450	6520841	1	1	1	2	0	36
chr15	6521021	6526431	1	1	1	10	0	30
chr15	6526661	6527912	1	1	1	2	0	35
chr15	6649232	6659552	1	1	1	1	0	5
chr15	6661766	6662257	1	1	1	1	0	11
chr15	6662293	6664276	1	1	1	1	0	35
chr15	6670067	6672037	1	1	1	1	0	23
chr15	6672061	6673174	1	1	1	1	0	23
chr15	6674381	6676117	1	1	1	1	0	19
chr15	6690196	6692630	1	1	1	1	0	13
chr15	6813643	6815856	1	1	1	1	0	13
chr15	7189003	7194009	1	1	1	1	0	4
chr15	7203042	7205040	1	1	1	2	0	44
chr15	7214300	7214547	1	1	1	1	0	13
chr15	7214300	7215046	1	1	1	1	0	7
chr15	8181311	8182599	1	1	1	1	0	31
chr15	8216136	8216307	1	1	1	1	0	35
chr15	8330882	8332319	2	2	1	1	0	43
chr15	8354144	8355167	2	2	1	1	0	31
chr15	8355258	8356482	2	2	1	2	0	6
chr15	8368237	8368358	2	2	1	2	0	5
chr15	8368557	8372958	2	2	1	5	0	36
chr15	8388751	8390399	2	2	1	1	0	35
chr15	8390497	8391201	2	2	1	2	0	30
chr15	9177845	9178348	1	1	1	3	0	24
chr15	9178447	9182571	1	1	1	3	0	36
chr15	9182676	9183996	1	1	1	1	0	19
chr15	9184044	9186682	1	1	1	1	0	26
chr15	9335875	9338731	1	1	1	3	0	20
chr15	9365464	9367333	1	1	1	2	0	3
chr15	10314360	10317588	1	1	1	1	0	8
chr15	10392129	10393800	1	1	1	2	0	31
chr15	10449835	10451640	2	2	1	2	0	36
chr15	10451684	10452291	2	2	1	2	0	43
chr15	10476683	10476892	2	2	1	1	0	29
chr15	10477022	10478754	2	2	1	1	0	7
chr15	10984933	10988844	1	1	1	1	0	12
chr15	11385285	11387137	2	2	1	1	0	31
chr15	11392436	11392872	2	2	1	4	0	41
chr15	11392995	11393242	2	2	1	3	0	43
chr15	11984384	11986541	2	2	1	2	0	27
chr15	11991168	11993874	2	2	1	1	0	22
chr15	12153084	12154531	1	1	1	1	0	29
chr15	12230421	12232841	1	1	1	1	0	19
chr15	12339846	12343122	1	1	1	1	0	23
chr15	12343238	12343358	1	1	1	1	0	7
chr15	25734193	25736031	1	1	1	1	0	14
chr15	25776519	25778166	1	1	1	1	0	46
chr15	25778274	25779668	1	1	1	2	0	38
chr15	25966804	25968492	1	1	1	2	0	7
chr15	27591623	27593189	1	1	1	1	0	24
chr15	27750043	27752675	2	2	1	1	0	43
chr15	31441527	31443437	2	2	1	2	0	26
chr15	31591202	31592430	2	2	1	15	0	45
chr15	31592612	31592791	2	2	1	1	0	14
chr15	31593199	31593660	2	2	1	1	0	34
chr15	31594393	31594479	2	2	1	3	0	11
chr15	33028329	33032522	1	1	1	1	0	41
chr15	33497511	33594239	1	1	1	1	0	31
chr15	34083560	34099629	1	1	1	4	0	30
chr15	34123913	34131309	1	1	1	7	0	43
chr15	34131435	34134436	1	1	1	2	0	41
chr15	34136974	34139886	1	1	1	4	0	26
chr15	34140044	34140837	1	1	1	1	0	24
chr15	34440751	34441377	2	2	1	58	0	46
chr15	34441509	34442780	2	2	1	0	12	42
chr15	34484682	34485745	2	2	1	1	0	27
chr15	34485802	34486756	2	2	1	2	0	27
chr15	34486826	34487887	2	2	1	1	0	18
chr15	34487943	34488719	2	2	1	1	0	19
chr15	35932244	35935430	2	2	1	89	0	46
chr15	35935560	35937300	2	2	1	2	13	38
chr15	35937431	35938270	2	2	1	2	0	26
chr15	36596344	36596806	2	2	1	30	0	44
chr15	36596900	36597207	2	2	1	10	0	43
chr15	36597339	36597700	2	2	1	3	0	15
chr15	36597786	36598216	2	2	1	1	0	19
chr15	36599722	36600836	2	2	1	1	0	8
chr15	36601654	36603089	2	2	1	1	0	29
chr15	36603230	36605685	2	2	1	1	0	9
chr15	37001168	37002082	2	2	1	1	0	8
chr15	37004067	37007371	2	2	1	1	0	13
chr15	37970592	37971991	2	2	1	1	0	5
chr15	38002962	38004067	2	2	1	1	0	17
chr15	38018721	38019131	2	2	1	1	0	38
chr15	38038254	38040996	2	2	1	1	0	6
chr15	38493881	38494535	2	2	1	1	0	33
chr15	38501845	38514716	2	2	1	1	0	12
chr15	39691528	39705318	2	2	1	2	0	23
chr15	39710164	39720494	2	2	1	2	0	45
chr15	43113634	43114875	2	2	1	12	4	46
chr15	43115011	43115600	2	2	1	3	0	36
chr15	43129656	43134274	2	2	1	1	0	30
chr15	43390869	43391020	2	2	1	1	0	38
chr15	44263624	44264677	2	2	1	1	0	7
chr15	44293033	44295833	1	1	1	1	0	8
chr15	44297370	44299007	1	1	1	5	0	46
chr15	44500252	44503697	1	1	1	1	0	20
chr15	51650222	51651301	2	2	1	3	0	42
chr15	51839595	51841440	2	2	1	1	0	18
chr15	54707932	54709208	2	2	1	1	0	35
chr15	55078955	55081564	1	1	1	1	0	46
chr15	55397734	55402425	2	2	1	5	0	15
chr15	55411632	55418715	2	2	1	1	0	40
chr15	57885960	57888669	2	2	1	1	0	22
chr15	58772920	58776582	2	2	1	2	0	34
chr15	58805788	58808116	1	1	1	2	0	29
chr15	58808310	58809200	1	1	1	3	0	12
chr15	58809315	58811123	1	1	1	30	0	45
chr15	58926941	58930209	2	2	1	1	0	27
chr15	59218165	59218668	2	2	1	1	0	7
chr15	64032147	64038308	2	2	1	1	0	33
chr15	64038395	64039548	2	2	1	2	0	37
chr15	64044584	64045066	2	2	1	1	0	30
chr15	65725456	65725769	1	1	1	1	0	27
chr15	65733593	65737726	1	1	1	1	0	39
chr15	74827567	74828236	1	1	1	2	0	42
chr15	75539815	75540474	2	2	1	1	0	40
chr15	75762910	75762997	2	2	1	15	0	43
chr15	75763106	75763195	2	2	1	15	0	29
chr15	75763351	75763428	2	2	1	3	0	35
chr15	75763532	75763632	2	2	1	4	0	42
chr15	75767441	75767580	2	2	1	16	0	43
chr15	75767776	75768091	2	2	1	3	0	30
chr15	76067209	76067290	2	2	1	1	0	18
chr15	76072826	76072907	2	2	1	1	0	17
chr15	76180982	76181120	2	2	1	5	0	30
chr15	76181478	76181558	2	2	1	1	0	30
chr15	76181969	76182105	2	2	1	1	0	44
chr15	76229414	76229676	1	1	1	1	0	40
chr15	76229778	76229854	1	1	1	4	0	31
chr15	76231386	76231458	2	2	1	3	0	35
chr15	76386589	76386691	2	2	1	1	0	26
chr15	76478485	76478563	1	1	1	1	0	36
chr15	76479467	76479536	1	1	1	1	0	7
chr15	76479654	76479738	1	1	1	1	0	24
chr15	76480108	76480208	2	2	1	1	0	27
chr15	76480133	76480208	2	2	1	5	0	40
chr15	76496864	76496954	2	2	1	1	0	4
chr15	76506551	76506670	2	2	1	4	0	34
chr15	76582284	76582502	1	1	1	1	0	22
chr15	76582532	76583770	1	3	1	1	0	29
chr15	76582793	76582914	1	1	1	1	0	17
chr15	76583549	76583619	1	1	1	9	0	38
chr15	76587384	76587462	1	1	1	1	0	43
chr15	76789237	76790055	1	1	1	2	0	29
chr15	76790172	76790320	1	1	1	45	0	45
chr15	77253811	77254371	2	2	1	3	0	35
chr15	77274216	77276954	2	2	1	10	0	45
chr15	77277060	77277606	2	2	1	2	0	42
chr15	77653554	77653704	2	2	1	2	0	33
chr15	77653810	77653966	2	2	1	1	0	35
chr15	77800058	77808742	2	2	1	1	0	23
chr15	77843323	77843711	2	2	1	18	0	42
chr15	78075895	78085425	2	2	1	1	0	10
chr15	78349509	78352625	2	2	1	1	0	11
chr15	78814005	78814197	1	1	1	2	0	12
chr15	78915321	78918130	1	1	1	1	0	42
chr15	78919262	78919456	1	1	1	2	0	32
chr15	78977618	78978400	1	1	1	6	0	45
chr15	79014790	79014908	1	1	1	1	0	4
chr15	79035608	79035788	1	1	1	5	0	32
chr15	79171096	79171309	2	2	1	1	0	36
chr15	79304169	79304783	2	2	1	2	0	36
chr15	79420218	79421197	2	2	1	1	0	35
chr15	79423662	79424613	2	2	1	1	0	12
chr15	79428058	79430395	2	2	1	1	0	7
chr15	79555493	79556097	1	1	1	1	0	6
chr15	79601975	79603228	1	1	1	1	0	16
chr15	79962096	79962187	2	2	1	87	1	46
chr15	79962269	79963890	2	2	1	0	1	5
chr15	79962308	79962531	2	2	1	18	0	39
chr15	79962628	79962907	2	2	1	5	0	43
chr15	79963010	79963890	2	2	1	1	0	20
chr15	79966784	79967524	2	2	1	1	0	27
chr15	80631675	80643740	1	1	1	3	0	42
chr15	80643832	80668939	1	1	1	1	0	18
chr15	80669008	80742881	1	1	1	1	0	6
chr15	80765408	80768407	1	1	1	1	0	9
chr15	80894989	80895061	1	1	1	1	0	42
chr15	81259108	81261888	2	2	1	7	0	40
chr15	81262000	81262116	2	2	1	1	0	5
chr15	81262202	81267180	2	2	1	1	0	19
chr15	81272602	81273851	2	2	1	1	0	9
chr15	81273925	81276465	2	2	1	1	0	10
chr15	81276524	81283685	2	2	1	5	0	33
chr15	81330400	81331274	1	1	1	1	0	29
chr15	81355224	81358043	1	1	1	1	0	26
chr15	81358130	81359286	1	1	1	8	0	45
chr15	81523249	81523941	1	1	1	1	0	24
chr15	81557578	81588842	2	2	1	1	0	17
chr15	81733258	81733521	1	3	1	1	0	13
chr15	81798014	81798438	1	1	1	1	0	27
chr15	81901400	81903181	1	1	1	1	0	32
chr15	82230471	82232100	1	1	1	1	0	3
chr15	82232242	82233043	1	1	1	7	0	29
chr15	82234573	82235179	2	2	1	38	0	42
chr15	82234573	82238281	2	2	1	1	0	14
chr15	82235296	82238281	2	2	1	4	0	38
chr15	82255927	82256022	2	2	1	1	9	26
chr15	82256165	82256590	2	2	1	1	0	10
chr15	82257128	82257311	2	2	1	2	0	20
chr15	82287149	82288031	1	1	1	1	0	44
chr15	82287298	82287397	2	2	1	24	0	43
chr15	82287298	82287919	2	2	1	3	0	36
chr15	82287540	82287919	2	2	1	4	0	31
chr15	82288108	82288303	2	2	1	3	0	32
chr15	82288446	82288628	2	2	1	1	0	31
chr15	82337971	82338238	1	1	1	1	0	41
chr15	82339452	82339634	1	1	1	1	0	43
chr15	82339777	82339972	1	1	1	5	0	34
chr15	82340161	82340534	1	1	1	10	0	41
chr15	82340677	82340776	1	1	1	18	5	44
chr15	82340906	82340953	1	1	1	0	1	33
chr15	82524468	82524548	2	2	1	2	0	43
chr15	82525158	82525985	2	2	1	2	0	4
chr15	82662311	82662410	2	2	1	0	5	18
chr15	82674451	82674656	2	2	1	5	0	32
chr15	82674557	82674656	2	2	1	16	7	46
chr15	82674799	82675170	2	2	1	4	0	41
chr15	82675359	82675533	2	2	1	2	0	45
chr15	82676036	82676669	2	2	1	1	0	13
chr15	83037786	83037822	1	3	1	2	0	23
chr15	83037805	83044538	2	2	1	1	2	35
chr15	83425621	83428659	2	2	1	2	0	30
chr15	84084081	84084493	1	1	1	1	0	12
chr15	84095380	84098326	1	1	1	17	0	44
chr15	85346669	85347121	1	1	1	3	0	25
chr15	85637583	85637698	1	1	1	3	0	22
chr15	85779228	85780560	1	1	1	2	0	4
chr15	88704217	88710656	1	1	1	1	0	30
chr15	88708029	88708850	1	1	1	3	0	17
chr15	88709494	88710589	1	1	1	4	0	41
chr15	89050210	89050568	2	2	1	2	0	3
chr15	89262303	89262371	2	2	1	1	0	17
chr15	89305744	89306327	2	2	1	1	0	35
chr15	89312077	89312159	2	2	1	2	0	40
chr15	90436253	90452451	2	2	1	4	0	38
chr15	90452494	90453662	2	2	1	4	0	42
chr15	90849836	90850539	2	2	1	2	0	19
chr15	90851594	90852263	2	2	1	1	0	34
chr15	90856919	90864997	2	2	1	1	0	27
chr15	90865202	90868936	2	2	1	6	0	37
chr15	90879837	90881745	2	2	1	1	0	8
chr15	93094719	93095570	2	2	1	1	0	39
chr15	93284168	93285457	2	2	1	8	0	43
chr15	93285534	93285627	2	2	1	1	0	37
chr15	93285741	93288931	2	2	1	2	0	44
chr15	93289040	93289334	2	2	1	2	0	25
chr15	93289447	93293467	2	2	1	1	0	29
chr15	93293497	93295050	2	2	1	1	0	18
chr15	93295137	93296043	2	2	1	2	0	14
chr15	94459511	94460898	1	1	1	1	0	37
chr15	94480757	94482261	2	2	1	2	0	15
chr15	96290360	96290453	1	1	1	1	0	3
chr15	96290546	96299833	1	1	1	1	0	17
chr15	96329727	96330204	2	2	1	1	0	14
chr15	96330306	96332800	2	2	1	2	0	40
chr15	96332879	96341825	2	2	1	1	0	8
chr15	96595919	96596062	2	2	1	1	0	13
chr15	96894973	96896323	2	2	1	2	0	28
chr15	96908079	96908164	2	2	1	1	0	37
chr15	96908247	96910780	2	2	1	1	0	26
chr15	97573261	97576266	2	2	1	0	1	13
chr15	97599093	97601082	2	2	1	2	0	34
chr15	97601251	97603630	2	2	1	1	0	15
chr15	98549480	98549798	2	2	1	2	0	6
chr15	98550420	98550768	2	2	1	2	0	34
chr15	98622484	98624364	2	2	1	2	0	11
chr15	98999657	99002196	1	1	1	1	0	29
chr15	99300051	99302294	1	1	1	1	0	33
chr15	99302416	99303597	1	1	1	1	0	38
chr15	99303840	99304032	1	1	1	2	0	35
chr15	99304113	99304457	1	1	1	7	0	43
chr15	99304559	99305148	1	1	1	6	0	41
chr15	99305225	99306355	1	1	1	21	1	45
chr15	99623730	99625525	1	1	1	1	0	18
chr15	99800910	99806961	1	1	1	2	0	41
chr15	99882937	99883918	1	1	1	1	0	16
chr15	99884075	99885283	1	1	1	1	0	34
chr15	100514913	100515805	1	1	1	1	0	28
chr15	100516052	100517248	1	1	1	3	0	29
chr15	100554686	100554940	2	2	1	1	0	46
chr15	100573355	100576524	2	2	1	1	0	3
chr15	101907374	101907865	2	2	1	1	0	22
chr15	101939372	101939886	1	5	1	1	0	14
chr15	101939955	101940275	1	1	1	28	0	45
chr15	101998530	101999831	1	1	1	1	0	34
chr15	102002149	102003106	1	1	1	1	0	43
chr15	102003213	102003411	1	1	1	2	0	32
chr15	102003485	102003687	1	1	1	3	0	29
chr15	102026847	102027362	2	2	1	1	0	16
chr15	102071558	102071790	1	5	1	1	0	31
chr15	102085850	102086961	2	2	1	1	0	22
chr15	102097115	102097321	2	2	1	2	0	15
chr15	102237253	102239707	1	1	1	7	0	35
chr15	102242737	102246237	2	2	1	2	0	27
chr15	102245420	102245535	1	1	1	2	0	10
chr15	102245946	102246070	1	1	1	1	0	9
chr15	102381838	102382565	1	1	1	1	0	7
chr15	102397250	102398186	1	1	1	1	0	31
chr15	102398243	102399068	1	1	1	1	0	5
chr15	102399239	102406923	1	1	1	1	0	19
chr15	102571564	102573488	2	2	1	0	3	37
chr15	103108219	103109227	2	2	1	2	0	39
chr15	103121682	103148159	2	2	1	1	0	30
chr15	103152456	103154772	1	1	1	1	0	22
chr15	103154849	103154971	1	1	1	11	0	42
chr15	103197597	103199101	1	1	1	1	0	42
chr15	103199184	103199755	1	1	1	1	0	14
chr15	103205213	103206313	1	1	1	1	0	35
chr15	103206353	103207119	1	1	1	1	0	15
chr15	103258082	103259000	2	2	1	1	0	23
chr15	103441529	103441883	2	2	1	1	0	42
chr16	3712349	3715114	1	1	1	1	0	13
chr16	3741838	3746353	1	1	1	1	0	35
chr16	3858089	3858222	2	2	1	3	0	37
chr16	3870799	3871344	2	2	1	1	0	21
chr16	3909824	3910053	2	2	1	7	0	41
chr16	3914383	3917538	2	2	1	1	0	45
chr16	3933822	3935118	2	2	1	1	0	5
chr16	3942672	3943508	2	2	1	1	0	26
chr16	3943627	3944330	2	2	1	1	0	36
chr16	4434498	4434676	2	2	1	13	0	45
chr16	4434743	4434989	2	2	1	3	0	16
chr16	4583754	4583841	1	1	1	1	0	27
chr16	4764044	4765128	2	2	1	1	0	22
chr16	4825753	4825835	1	1	1	1	0	37
chr16	4825919	4826069	1	1	1	1	0	17
chr16	4825934	4826069	1	1	1	2	0	7
chr16	4880495	4880803	1	1	1	3	0	42
chr16	4880939	4881536	1	1	1	1	0	7
chr16	8305326	8306522	1	1	1	1	0	4
chr16	8306692	8307965	1	1	1	4	0	44
chr16	8421397	8421552	1	1	1	4	0	35
chr16	8421617	8423375	1	1	1	7	0	29
chr16	8423525	8426719	1	1	1	1	0	15
chr16	8478968	8481450	2	2	1	0	1	29
chr16	8511644	8511733	2	2	1	1	0	44
chr16	8514609	8514690	2	2	1	1	0	24
chr16	8523049	8523949	2	2	1	1	0	16
chr16	8524005	8524462	2	2	1	1	0	17
chr16	10791638	10793290	2	2	1	1	0	29
chr16	10961938	10961967	0	0	1	0	3	40
chr16	11011602	11012323	2	2	1	1	0	27
chr16	11014261	11014336	2	2	1	1	0	8
chr16	11034300	11035109	2	4	1	1	0	34
chr16	11042458	11045978	2	2	1	1	0	7
chr16	11048856	11050395	2	2	1	2	0	33
chr16	11055429	11056735	2	2	1	5	0	35
chr16	11056961	11058529	2	2	1	2	0	39
chr16	11058572	11058668	2	2	1	2	0	31
chr16	13656259	13657095	2	2	1	1	0	17
chr16	13960522	13963780	2	2	1	1	0	11
chr16	16087637	16090032	1	1	1	1	0	29
chr16	16134308	16134465	2	2	1	1	0	4
chr16	16164010	16176627	2	2	1	2	0	40
chr16	16906731	16907008	2	2	1	1	0	43
chr16	16910656	16910874	2	2	1	1	0	45
chr16	16948653	16949460	2	4	1	1	0	31
chr16	17098665	17098883	2	2	1	2	0	16
chr16	17185417	17191213	2	2	1	2	0	28
chr16	17743792	17743893	2	2	1	3	0	23
chr16	17744169	17744298	2	2	1	1	0	20
chr16	17744404	17744519	2	2	1	0	1	4
chr16	17744605	17745017	2	2	1	0	1	3
chr16	17744605	17745109	2	2	1	0	1	3
chr16	18059738	18063064	2	2	1	1	0	43
chr16	18063223	18065152	2	2	1	1	0	16
chr16	18226579	18230026	2	2	1	1	0	40
chr16	18226791	18229432	2	2	1	1	0	29
chr16	18229565	18229876	2	2	1	2	0	19
chr16	18230071	18230439	2	2	1	1	0	18
chr16	18296608	18297607	1	1	1	1	0	23
chr16	18631168	18633579	1	1	1	2	0	45
chr16	18645857	18646385	1	1	1	3	0	23
chr16	18646468	18652985	1	1	1	1	0	44
chr16	18899087	18901284	2	2	1	0	2	44
chr16	20098836	20101472	2	2	1	1	0	18
chr16	20324091	20324211	1	1	1	2	0	28
chr16	20362363	20362460	1	1	1	0	1	35
chr16	20424468	20424611	2	2	1	0	1	3
chr16	20424468	20425509	2	2	1	0	1	3
chr16	20478319	20478428	1	1	1	4	0	42
chr16	20478531	20478706	1	1	1	3	0	40
chr16	20478853	20479092	1	1	1	1	0	4
chr16	20500990	20501408	1	1	1	4	0	45
chr16	20501556	20502167	1	1	1	1	0	9
chr16	20502405	20502561	1	1	1	7	0	45
chr16	20502667	20502771	1	1	1	1	0	25
chr16	20505382	20505509	1	1	1	1	0	18
chr16	20507388	20507480	1	1	1	1	0	20
chr16	20507616	20507720	1	1	1	1	0	10
chr16	20508083	20510996	1	1	1	1	0	46
chr16	20511355	20511574	2	4	1	1	0	22
chr16	22676860	22681291	1	1	1	3	0	36
chr16	22689433	22689689	1	1	1	1	0	8
chr16	22690514	22690900	1	1	1	1	0	17
chr16	22699918	22700012	2	2	1	1	0	20
chr16	22711078	22713074	1	1	1	3	0	43
chr16	22713630	22713943	1	1	1	4	0	38
chr16	22714044	22718064	2	4	1	1	11	25
chr16	22714108	22715257	1	1	1	3	0	41
chr16	22715360	22716877	1	1	1	2	0	37
chr16	22715360	22717916	1	1	1	0	8	6
chr16	22716962	22717546	1	1	1	5	0	36
chr16	22739246	22747824	1	1	1	1	0	4
chr16	22748494	22750999	1	1	1	1	0	39
chr16	22754491	22756596	1	1	1	2	0	26
chr16	22756708	22758025	1	1	1	2	0	32
chr16	22778013	22779491	1	1	1	5	0	41
chr16	22804795	22845819	1	1	1	1	0	41
chr16	22804819	22806994	2	2	1	8	6	45
chr16	22807076	22815772	2	2	1	2	0	29
chr16	22818737	22819280	2	2	1	1	0	43
chr16	22822790	22830746	2	2	1	1	0	10
chr16	22842108	22843589	2	2	1	2	0	21
chr16	22845909	22847464	2	2	1	2	0	20
chr16	22877389	22879132	1	1	1	2	0	25
chr16	22879244	22880360	1	1	1	5	0	35
chr16	22880443	22886444	1	1	1	2	0	22
chr16	22886618	22887967	1	1	1	4	0	41
chr16	22888025	22900347	0	0	1	3	0	46
chr16	22888076	22892107	1	1	1	5	0	32
chr16	22892193	22893382	1	1	1	2	1	38
chr16	22893556	22896023	1	1	1	6	0	42
chr16	22896132	22896233	1	1	1	13	0	42
chr16	22896321	22897723	1	1	1	21	0	45
chr16	22897802	22900227	1	1	1	119	6	45
chr16	22928904	22928983	1	1	1	2	0	8
chr16	22930647	22931916	1	1	1	1	0	33
chr16	22932858	22932936	2	2	1	1	0	15
chr16	23011894	23012248	1	1	1	1	0	40
chr16	23019965	23022240	1	1	1	1	0	19
chr16	23904080	23907003	2	2	1	1	0	29
chr16	24104899	24104974	2	2	1	1	0	35
chr16	26511661	26513971	1	1	1	1	0	35
chr16	27228165	27235997	1	1	1	1	0	42
chr16	27236116	27254311	1	1	1	3	0	35
chr16	29405155	29405787	1	1	1	1	0	45
chr16	29447632	29448443	1	1	1	2	0	22
chr16	29449013	29467754	1	1	1	4	0	44
chr16	29467830	29470571	1	1	1	1	0	5
chr16	30141771	30147773	2	2	1	1	0	33
chr16	30169939	30170046	2	2	1	1	0	23
chr16	30380681	30383463	2	2	1	1	0	38
chr16	30927006	30928458	2	2	1	3	0	22
chr16	30960616	30972523	2	2	1	2	0	36
chr16	30972578	30973390	2	2	1	1	0	17
chr16	31609120	31610532	1	1	1	1	0	13
chr16	31775248	31775756	1	1	1	2	0	26
chr16	32097234	32101128	1	1	1	1	0	34
chr16	32704623	32711634	1	1	1	2	0	39
chr16	32711784	32715454	1	1	1	1	0	40
chr16	32876881	32877505	1	1	1	1	0	19
chr16	32877549	32877759	1	1	1	4	0	30
chr16	32877913	32879048	1	1	1	77	14	45
chr16	32879194	32880467	1	1	1	2	100	46
chr16	33054976	33056624	1	1	1	1	0	12
chr16	33101076	33104779	1	1	1	1	0	19
chr16	33104842	33106356	1	1	1	1	0	11
chr16	33288554	33315714	1	1	1	2	0	29
chr16	33550964	33551968	1	1	1	1	0	20
chr16	33849196	33851923	2	2	1	1	0	16
chr16	34025701	34032527	2	2	1	2	0	3
chr16	34799666	34806810	1	1	1	1	0	12
chr16	34922495	34926684	1	1	1	0	2	24
chr16	35217909	35218646	2	2	1	2	0	30
chr16	35218782	35224382	2	2	1	1	0	30
chr16	35556022	35570865	2	2	1	1	0	18
chr16	35754170	35756746	2	2	1	1	0	25
chr16	35788157	35789960	1	1	1	1	0	25
chr16	35803879	35820551	1	1	1	6	0	43
chr16	35864343	35866841	2	4	1	1	0	16
chr16	35864462	35866748	2	2	1	11	0	45
chr16	35866858	35870211	2	2	1	1	0	16
chr16	35870321	35872655	2	2	1	1	0	18
chr16	35910331	35912203	1	1	1	3	0	40
chr16	36614289	36620948	2	2	1	1	0	15
chr16	36706591	36707600	1	1	1	1	0	42
chr16	36707766	36707918	1	1	1	6	0	42
chr16	36709857	36711728	1	1	1	1	0	9
chr16	36713801	36715192	1	1	1	1	0	6
chr16	37433694	37435724	1	1	1	3	0	35
chr16	37435760	37436537	1	1	1	3	0	19
chr16	37444746	37452283	1	1	1	1	0	31
chr16	37448966	37452037	1	1	1	1	0	29
chr16	37468082	37469375	2	2	1	17	47	46
chr16	37469523	37474541	2	2	1	0	3	36
chr16	37647207	37649068	1	1	1	2	0	26
chr16	37698927	37701615	1	1	1	1	0	31
chr16	38028453	38040333	1	1	1	1	0	33
chr16	38049139	38060863	1	1	1	2	0	45
chr16	38167570	38169602	1	1	1	2	0	39
chr16	38169692	38172987	1	1	1	12	0	42
chr16	38170094	38172987	1	1	1	1	0	39
chr16	38347144	38347938	2	2	1	1	0	15
chr16	43727330	43728774	1	1	1	1	0	16
chr16	43728999	43735812	1	1	1	1	0	25
chr16	43849123	43850656	2	2	1	1	0	42
chr16	44019385	44020976	1	1	1	2	0	4
chr16	44021042	44022100	1	1	1	1	0	29
chr16	44022130	44025360	1	1	1	1	0	10
chr16	44190383	44190600	1	3	1	1	0	29
chr16	44202566	44205033	1	1	1	1	0	38
chr16	44555161	44556078	1	1	1	1	0	36
chr16	44559732	44560391	2	2	1	1	0	7
chr16	44982811	44987342	1	1	1	1	0	25
chr16	44987393	44990228	1	1	1	3	0	22
chr16	44990300	44992008	1	1	1	1	0	17
chr16	44992117	44995611	1	1	1	2	0	43
chr16	44998675	45003018	1	1	1	1	0	24
chr16	45006598	45008022	1	1	1	2	0	39
chr16	45578571	45583272	2	2	1	1	0	44
chr16	45721924	45727714	2	2	1	1	0	33
chr16	45973468	45974123	0	0	1	0	3	43
chr16	45973525	45974160	1	1	1	0	1	46
chr16	49718496	49727143	1	1	1	1	0	31
chr16	49718496	49731231	1	1	1	2	0	37
chr16	49727176	49728416	1	1	1	1	0	17
chr16	49727176	49731231	1	1	1	1	0	29
chr16	49728442	49731231	1	1	1	1	0	25
chr16	50029508	50030807	2	2	1	1	0	43
chr16	50040957	50043612	2	2	1	1	0	14
chr16	50061298	50068144	2	2	1	1	0	31
chr16	52072010	52073487	2	2	1	2	0	21
chr16	52073600	52088744	2	2	1	2	0	33
chr16	52091143	52094272	2	4	1	1	0	40
chr16	55601569	55609112	2	2	1	1	0	17
chr16	55786802	55786909	1	1	1	2	0	6
chr16	55786986	55787422	1	1	1	6	0	27
chr16	55787534	55789872	1	1	1	0	12	43
chr16	55790010	55790474	1	1	1	83	2	46
chr16	55790539	55791673	1	1	1	39	96	46
chr16	55802770	55810621	1	1	1	1	0	20
chr16	55838891	55842417	2	2	1	1	0	20
chr16	56088788	56089368	1	1	1	1	0	28
chr16	56955143	56957060	1	1	1	2	0	33
chr16	56957171	56958392	1	1	1	1	0	4
chr16	56977530	56977846	2	2	1	5	0	33
chr16	56981568	56982053	2	2	1	2	0	36
chr16	57211656	57211751	1	1	1	0	25	46
chr16	62627011	62632211	2	2	1	5	0	38
chr16	64672600	64673161	1	1	1	2	0	28
chr16	76856189	76859283	1	1	1	1	0	32
chr16	76890631	76904772	1	1	1	1	0	29
chr16	78048777	78050324	2	2	1	1	0	31
chr16	78050356	78052247	2	2	1	1	0	11
chr16	78122212	78125841	1	1	1	2	0	18
chr16	84515273	84517157	2	2	1	4	0	43
chr16	84517206	84520725	2	2	1	2	0	35
chr16	84520880	84522012	2	2	1	1	0	19
chr16	84618191	84619674	1	1	1	2	0	38
chr16	84624884	84625312	2	2	1	112	0	44
chr16	84625438	84628216	2	2	1	17	0	45
chr16	84628391	84631696	2	2	1	1	0	29
chr16	84631912	84635968	1	1	1	2	0	42
chr16	86567286	86595895	2	2	1	1	0	30
chr16	86567286	86600860	2	2	1	1	0	40
chr16	87205775	87206189	2	2	1	1	0	12
chr16	87267338	87268599	1	1	1	1	0	42
chr16	87269057	87269994	1	1	1	3	0	26
chr16	87270074	87271469	1	1	1	2	0	46
chr16	87279905	87279994	1	1	1	2	0	31
chr16	87280954	87281691	2	2	1	7	0	44
chr16	87281812	87282467	2	2	1	1	0	36
chr16	87282794	87283123	2	2	1	1	0	39
chr16	87283550	87284421	2	2	1	1	0	17
chr16	90017818	90019667	1	3	1	4	0	40
chr16	90019765	90021243	1	1	1	2	0	24
chr16	90021314	90022032	1	1	1	12	0	40
chr16	90022151	90023037	1	1	1	166	0	45
chr16	90722971	90723232	2	2	1	3	0	28
chr16	90728050	90731469	2	2	1	1	0	28
chr16	90820348	90822034	2	2	1	1	0	23
chr16	91188767	91190644	1	1	1	2	0	34
chr16	91357014	91357432	1	1	1	2	0	39
chr16	91418851	91419780	2	2	1	2	0	12
chr16	91444873	91448517	1	1	1	1	0	27
chr16	91448685	91451498	1	1	1	40	0	46
chr16	91491554	91492148	2	2	1	1	0	6
chr16	91624837	91625081	1	1	1	1	0	32
chr16	91722280	91722428	2	2	1	60	0	44
chr16	91722516	91723346	2	2	1	15	1	41
chr16	91723460	91723740	2	2	1	1	0	10
chr16	91723871	91725786	2	2	1	3	0	45
chr16	92107858	92109749	1	1	1	8	0	42
chr16	93380573	93382066	2	2	1	1	0	26
chr16	94226048	94227009	1	1	1	1	0	15
chr16	94227103	94227624	1	1	1	1	0	23
chr16	94240209	94243329	1	1	1	1	0	12
chr16	94245410	94248857	1	1	1	1	0	43
chr16	94260962	94263080	1	1	1	1	0	4
chr16	94263208	94263354	1	1	1	1	0	40
chr16	95781312	95783301	2	2	1	5	0	37
chr16	95805909	95806162	2	2	1	0	2	28
chr16	95810769	95811019	2	2	1	0	2	28
chr16	95928404	95928510	2	2	1	3	0	30
chr16	95928541	95928631	2	2	1	3	0	30
chr16	96174348	96187685	1	1	1	1	0	17
chr16	97252752	97253972	2	2	1	1	0	6
chr16	97713905	97723254	2	2	1	1	0	3
chr17	5352088	5352839	0	0	1	3	0	42
chr17	5977596	5978479	1	1	1	2	0	18
chr17	5978572	5980844	1	1	1	5	0	30
chr17	6182014	6182143	1	3	1	0	1	20
chr17	6182069	6182227	1	1	1	0	5	44
chr17	6182129	6182454	2	2	1	0	1	30
chr17	6182297	6182675	1	1	1	0	2	40
chr17	6347603	6348126	1	1	1	0	1	39
chr17	6716313	6716836	2	2	1	0	1	39
chr17	6888076	6888599	2	2	1	0	1	39
chr17	7010253	7014662	2	2	1	2	0	18
chr17	7162531	7162658	1	3	1	0	1	20
chr17	7162586	7162742	1	1	1	0	3	44
chr17	7248568	7251537	1	1	1	0	1	38
chr17	7262074	7263832	1	1	1	0	1	7
chr17	7263908	7265296	1	1	1	0	2	10
chr17	8347719	8349056	2	2	1	0	2	10
chr17	8349132	8350874	2	2	1	0	1	7
chr17	8361403	8364373	2	2	1	0	1	38
chr17	8515464	8515655	1	1	1	2	0	31
chr17	8530118	8537675	1	1	1	0	1	43
chr17	12597604	12600968	1	1	1	2	0	45
chr17	12603388	12607376	1	1	1	1	0	22
chr17	12609244	12610635	1	1	1	1	0	33
chr17	12617140	12621937	1	1	1	1	0	15
chr17	12628001	12629772	1	1	1	2	0	37
chr17	12629851	12630347	1	1	1	1	0	4
chr17	12630489	12633064	1	1	1	1	0	32
chr17	12633172	12637523	1	1	1	1	0	32
chr17	12637670	12637852	1	1	1	5	0	45
chr17	12867972	12869755	2	2	1	28	0	46
chr17	12869859	12871258	2	2	1	4	0	44
chr17	12871372	12875824	2	2	1	1	0	31
chr17	12875934	12878432	2	2	1	1	0	44
chr17	12881531	12881650	2	2	1	1	0	12
chr17	12886218	12894132	2	2	1	1	0	23
chr17	13130637	13132656	2	2	1	6	0	40
chr17	13138813	13139162	1	1	1	1	0	18
chr17	13139345	13139626	1	1	1	3	0	40
chr17	13229524	13232319	1	1	1	1	0	42
chr17	13232500	13233912	1	1	1	1	0	27
chr17	14024397	14027538	1	1	1	4	0	44
chr17	14024397	14027541	1	1	1	5	0	46
chr17	14038541	14042527	1	1	1	1	0	24
chr17	15165447	15166460	2	2	1	4	0	46
chr17	15170978	15172881	2	2	1	2	0	33
chr17	15281445	15283863	1	1	1	1	0	26
chr17	15646538	15651838	1	1	1	1	0	29
chr17	15696468	15697576	2	2	1	10	1	44
chr17	15697684	15710417	2	2	1	1	0	19
chr17	15948514	15950744	1	1	1	1	0	6
chr17	15972761	15975182	1	1	1	1	0	6
chr17	15981670	15982643	1	1	1	1	0	14
chr17	15982785	15985104	1	1	1	1	0	17
chr17	23887861	23887949	2	2	1	1	0	33
chr17	24027148	24027327	1	1	1	18	0	44
chr17	24027493	24028942	1	1	1	10	0	39
chr17	24029021	24029386	1	1	1	1	0	29
chr17	24030706	24031401	1	1	1	1	0	10
chr17	24031595	24034095	1	1	1	1	0	29
chr17	24043954	24046441	2	2	1	11	7	42
chr17	24046548	24047817	2	2	1	9	0	45
chr17	24268419	24274898	2	2	1	1	0	16
chr17	24375647	24376501	2	2	1	2	0	30
chr17	24383583	24383672	2	2	1	3	0	20
chr17	24645914	24652106	1	1	1	1	0	42
chr17	24656585	24657922	1	1	1	1	0	12
chr17	24859364	24859568	2	2	1	1	0	24
chr17	24913417	24914227	2	2	1	1	0	16
chr17	24919760	24919849	2	2	1	7	0	40
chr17	24938582	24938833	2	2	1	1	0	44
chr17	24940277	24940596	1	1	1	70	3	45
chr17	24940689	24940776	1	1	1	228	2	45
chr17	24941179	24941368	1	3	1	1	0	27
chr17	24941195	24941354	2	2	1	41	0	45
chr17	24954816	24954973	1	1	1	1	0	9
chr17	24961416	24961575	2	2	1	3	0	39
chr17	25080389	25082650	1	1	1	2	0	36
chr17	25082731	25083166	1	1	1	15	0	41
chr17	25116115	25116187	1	1	1	1	0	21
chr17	25483820	25484092	2	2	1	1	0	36
chr17	25875088	25881487	1	1	1	4	0	32
chr17	26057971	26060404	2	2	1	1	0	26
chr17	26094701	26094933	1	1	1	1	0	18
chr17	26095537	26095634	1	1	1	3	0	20
chr17	26095714	26095923	1	1	1	7	0	41
chr17	26301236	26301849	2	2	1	2	0	28
chr17	26303110	26306297	2	2	1	1	0	27
chr17	26476999	26485256	1	1	1	2	0	32
chr17	26486333	26494647	1	1	1	1	0	40
chr17	26873928	26874040	1	1	1	1	0	34
chr17	27157151	27157391	2	2	1	2	0	23
chr17	27157442	27157545	2	2	1	3	0	43
chr17	27157592	27157700	2	2	1	2	0	3
chr17	27341815	27344120	2	2	1	14	0	41
chr17	27344191	27344857	2	2	1	3	0	37
chr17	27815809	27842060	2	2	1	1	0	15
chr17	27849481	27850173	2	2	1	38	4	45
chr17	27850230	27851252	2	2	1	31	2	45
chr17	27851331	27853045	2	2	1	2	11	39
chr17	27972970	27986884	2	2	1	1	0	15
chr17	27972970	27987109	2	2	1	3	0	40
chr17	27987214	28005044	2	2	1	1	0	45
chr17	28537382	28539763	1	1	1	1	0	24
chr17	28548022	28548347	1	1	1	4	0	43
chr17	28548497	28549498	1	1	1	0	1	11
chr17	28549672	28549803	1	1	1	26	0	40
chr17	28821828	28822411	2	2	1	1	0	16
chr17	29036168	29036459	1	3	1	1	0	46
chr17	29260268	29260357	1	1	1	1	0	26
chr17	29517740	29520329	1	1	1	12	0	46
chr17	29711006	29712695	1	1	1	1	0	32
chr17	29923444	29924244	2	2	1	3	0	40
chr17	29924298	29924462	2	2	1	1	0	40
chr17	30382996	30383591	1	1	1	1	0	25
chr17	30812049	30813088	2	2	1	2	0	32
chr17	30815438	30816778	2	2	1	0	2	34
chr17	30816847	30819012	2	2	1	0	2	37
chr17	30823077	30831441	2	2	1	1	0	17
chr17	31344471	31346338	2	2	1	1	0	31
chr17	31692254	31694898	1	1	1	1	0	27
chr17	31740667	31750083	1	1	1	10	0	40
chr17	31747376	31750083	1	1	1	2	0	26
chr17	31814299	31815769	1	1	1	1	0	10
chr17	31832268	31834447	2	2	1	1	0	34
chr17	31833545	31834447	2	2	1	2	0	30
chr17	31843273	31843972	2	2	1	1	0	5
chr17	31844108	31844464	2	2	1	1	0	7
chr17	31844545	31844856	2	2	1	1	0	5
chr17	31866330	31866976	2	2	1	2	0	43
chr17	31875748	31876434	2	2	1	1	0	19
chr17	32316799	32317751	2	2	1	1	0	20
chr17	32432701	32433604	2	2	1	7	0	32
chr17	32534759	32535160	2	2	1	1	0	6
chr17	32554598	32554931	2	2	1	2	0	5
chr17	32555003	32555080	2	2	1	2	0	16
chr17	32555713	32557244	2	2	1	1	0	26
chr17	32632449	32634779	2	2	1	27	0	45
chr17	33125328	33125409	2	2	1	1	0	31
chr17	33143929	33144297	2	2	1	1	0	18
chr17	33144381	33144510	2	2	1	1	0	10
chr17	33148242	33148443	2	2	1	1	0	43
chr17	33212233	33220597	1	1	1	1	0	23
chr17	33864321	33864399	1	1	1	1	0	6
chr17	33864435	33864517	1	1	1	1	0	35
chr17	33867839	33868568	2	2	1	1	0	26
chr17	33879289	33882198	2	2	1	1	0	39
chr17	34014396	34019242	2	2	1	0	3	30
chr17	34042091	34042166	2	2	1	34	0	45
chr17	34042091	34042170	2	2	1	9	0	43
chr17	34042305	34043272	2	2	1	2	15	44
chr17	34043321	34043407	2	2	1	2	0	16
chr17	34043655	34044574	1	1	1	2	0	39
chr17	34044625	34048640	1	1	1	1	0	3
chr17	34048791	34057072	1	1	1	22	0	40
chr17	34133037	34134316	1	1	1	1	0	40
chr17	34144783	34144981	1	1	1	1	0	44
chr17	34145681	34147113	1	1	1	1	0	19
chr17	34148074	34148197	2	6	1	1	0	35
chr17	34158086	34158512	2	2	1	7	0	45
chr17	34171093	34171194	2	2	1	220	0	46
chr17	34171287	34171376	2	2	1	93	0	46
chr17	34171566	34174051	2	2	1	0	2	14
chr17	34174151	34174591	2	2	1	1	1	43
chr17	34215180	34216434	1	1	1	3	18	28
chr17	34215204	34215280	1	3	1	3	0	29
chr17	34215221	34216453	1	1	1	2	0	17
chr17	34215223	34215397	1	1	1	1	0	22
chr17	34215478	34215589	2	2	1	2	0	36
chr17	34215629	34215800	2	2	1	2	0	28
chr17	34215834	34216011	2	2	1	1	0	31
chr17	34216132	34216258	2	2	1	3	0	17
chr17	34216535	34218244	2	2	1	1	0	31
chr17	34218521	34218707	2	2	1	1	0	39
chr17	34245055	34246036	2	4	1	1	0	23
chr17	34245200	34245369	2	2	1	8	0	36
chr17	34245445	34245824	2	2	1	1	0	44
chr17	34245680	34245824	2	2	1	1	0	43
chr17	34246076	34246176	2	2	1	1	0	30
chr17	34248958	34249063	2	2	1	1	0	15
chr17	34332807	34332905	2	2	1	4	0	22
chr17	34378435	34378602	1	1	1	1	0	18
chr17	34378639	34378902	1	1	1	1	0	35
chr17	34501473	34502022	1	1	1	1	0	34
chr17	34501998	34502128	2	2	1	1	0	44
chr17	34842089	34844610	2	2	1	1	0	46
chr17	34947602	34947738	2	2	1	29	3	40
chr17	34947872	34948155	2	2	1	1	0	18
chr17	34948240	34948373	2	2	1	1	0	9
chr17	34948473	34948549	2	2	1	2	0	20
chr17	34949469	34949597	2	2	1	0	1	13
chr17	34951866	34951946	2	2	1	1	0	8
chr17	34955329	34955420	2	2	1	2	0	24
chr17	34956734	34957816	2	2	1	1	0	42
chr17	34962636	34962735	2	2	1	1	0	10
chr17	35028316	35028452	2	2	1	2	3	26
chr17	35030166	35030294	2	2	1	0	1	13
chr17	35057884	35057962	1	1	1	1	0	44
chr17	35069565	35069886	1	1	1	2	0	31
chr17	35073775	35075063	1	1	1	1	0	31
chr17	35075559	35075855	2	2	1	105	0	44
chr17	35075906	35075979	2	2	1	21	0	45
chr17	35076113	35076194	2	2	1	3	0	25
chr17	35076296	35076467	2	2	1	1	0	42
chr17	35076545	35076643	2	2	1	3	0	44
chr17	35077131	35077473	2	2	1	4	0	28
chr17	35077572	35077984	2	2	1	1	0	8
chr17	35078550	35078911	2	2	1	1	0	6
chr17	35079399	35079499	2	2	1	1	0	27
chr17	35131786	35132615	1	1	1	1	0	27
chr17	35234896	35235162	1	1	1	4	0	40
chr17	35335402	35336671	2	2	1	2	0	35
chr17	35337048	35337434	2	2	1	1	0	43
chr17	35337551	35338729	2	2	1	1	0	11
chr17	35348085	35349096	1	1	1	1	0	43
chr17	35348112	35349055	2	2	1	88	0	45
chr17	35349155	35349383	2	2	1	14	0	43
chr17	35350326	35350585	2	2	1	2	0	25
chr17	35365330	35366116	1	1	1	2	0	28
chr17	35365880	35366116	1	1	1	3	0	29
chr17	35368771	35368884	2	2	1	1	0	8
chr17	35439953	35440112	2	2	1	1	0	25
chr17	35471833	35471939	1	1	1	2	0	20
chr17	35472331	35472448	1	1	1	4	0	46
chr17	35482625	35482814	1	1	1	1	0	18
chr17	35485280	35485457	1	1	1	1	0	8
chr17	35485491	35485663	1	1	1	1	0	33
chr17	35485703	35485841	1	1	1	1	0	12
chr17	35644671	35648848	2	2	1	0	1	46
chr17	35659161	35661242	1	1	1	1	0	11
chr17	35659161	35661942	1	1	1	1	0	10
chr17	35661976	35662324	1	1	1	1	0	33
chr17	35738561	35742762	2	2	1	0	1	46
chr17	35781077	35781272	1	1	1	1	0	44
chr17	35781779	35785320	2	2	1	1	0	39
chr17	35781999	35783979	1	1	1	2	0	44
chr17	35784256	35784382	1	1	1	9	1	45
chr17	35784425	35785273	1	5	1	1	1	42
chr17	35784487	35784664	1	1	1	3	0	33
chr17	35784698	35785037	1	1	1	4	0	27
chr17	35978895	35979319	2	2	1	1	0	26
chr17	36136711	36143504	2	4	1	1	0	43
chr17	36201981	36203310	1	1	1	1	0	25
chr17	36235273	36235749	1	1	1	1	0	24
chr17	36235802	36237093	1	1	1	1	0	16
chr17	36237979	36238801	1	1	1	1	0	20
chr17	36270613	36270759	2	2	1	1	0	20
chr17	36272977	36274017	2	2	1	8	0	34
chr17	36274129	36274212	2	2	1	11	0	44
chr17	36274285	36274460	2	2	1	2	0	10
chr17	36274572	36274649	2	2	1	1	0	18
chr17	36274688	36274808	2	2	1	1	0	36
chr17	36276016	36280537	2	2	1	1	0	6
chr17	36341124	36341262	2	2	1	1	0	22
chr17	36341293	36341469	2	2	1	1	0	7
chr17	36341587	36341713	2	2	1	1	0	33
chr17	36349453	36352812	2	2	1	1	0	43
chr17	36566691	36566835	2	2	1	3	0	30
chr17	36566962	36568333	2	2	1	1	0	34
chr17	37260878	37262314	2	2	1	1	0	3
chr17	37265445	37268457	2	2	1	2	0	38
chr17	40158099	40158124	0	0	0	4	1	41
chr17	45719343	45721699	2	2	1	0	1	29
chr17	45730746	45735426	2	4	1	0	2	37
chr17	45735527	45736777	2	2	1	1	0	23
chr17	45878874	45879429	1	1	1	1	0	20
chr17	45879051	45879154	2	2	1	2	0	19
chr17	45880053	45880165	2	2	1	4	0	34
chr17	45880753	45881183	2	2	1	3	0	19
chr17	45881469	45882804	2	2	1	0	1	5
chr17	45881493	45881591	2	2	1	119	0	46
chr17	45881726	45881943	2	2	1	9	0	27
chr17	45882546	45882690	2	2	1	1	0	35
chr17	45899313	45899927	2	2	1	1	0	3
chr17	45997354	46006407	1	1	1	1	0	4
chr17	46335021	46335369	2	2	1	1	0	3
chr17	46335447	46336272	2	2	1	2	0	42
chr17	46510461	46513322	2	2	1	1	0	32
chr17	46525689	46526657	1	1	1	1	0	10
chr17	46526735	46528507	1	1	1	1	0	5
chr17	46559965	46560104	1	1	1	1	0	5
chr17	46721318	46721559	1	1	1	1	0	45
chr17	46960035	46960809	1	1	1	2	0	37
chr17	46987957	46988030	2	2	1	1	0	42
chr17	47034662	47034844	1	1	1	1	0	36
chr17	47036823	47037024	2	2	1	5	0	18
chr17	47036898	47036986	2	2	1	12	0	38
chr17	47037109	47037194	2	2	1	2	0	32
chr17	47037338	47037531	2	2	1	1	0	22
chr17	47037643	47038190	2	2	1	1	0	19
chr17	47038319	47039871	2	2	1	1	0	45
chr17	47086663	47088977	2	2	1	1	0	11
chr17	47268341	47270389	2	2	1	1	0	38
chr17	47274717	47275682	2	2	1	2	0	43
chr17	47997934	47998112	2	2	1	4	0	40
chr17	53966457	53967056	1	1	1	1	0	23
chr17	53967201	53970562	1	1	1	5	0	40
chr17	56304362	56304459	2	2	1	1	0	16
chr17	56319344	56319415	1	1	1	2	0	36
chr17	56322561	56322903	1	1	1	4	0	21
chr17	56322997	56323515	1	1	1	14	0	44
chr17	56325679	56325803	2	2	1	1	0	28
chr17	56372093	56374723	2	4	1	1	0	17
chr17	56375684	56375959	2	2	1	6	0	39
chr17	56377986	56379400	2	2	1	1	0	38
chr17	56406986	56407344	1	1	1	2	0	3
chr17	56406986	56407347	1	1	1	1	0	16
chr17	56901042	56902651	1	1	1	1	0	23
chr17	56902715	56904787	1	1	1	1	0	6
chr17	56904816	56905643	1	1	1	1	0	29
chr17	56914842	56915637	2	2	1	5	0	41
chr17	56915693	56915845	2	2	1	2	0	43
chr17	56916024	56916639	2	2	1	1	0	32
chr17	56920681	56920906	1	1	1	5	0	23
chr17	56921042	56921123	1	1	1	66	0	44
chr17	56923447	56924753	2	2	1	1	0	15
chr17	57028128	57028318	1	1	1	4	0	35
chr17	57028442	57028984	1	1	1	26	0	45
chr17	57305796	57305929	1	1	1	1	0	10
chr17	57310812	57310914	2	2	1	1	0	9
chr17	57511009	57528100	1	1	1	1	0	13
chr17	57511106	57511313	2	4	1	2	0	23
chr17	57511155	57511250	2	2	1	401	0	46
chr17	57511222	57511397	1	3	1	1	0	18
chr17	57511387	57511466	2	2	1	20	0	45
chr17	57511551	57512296	2	2	1	8	0	31
chr17	57512746	57513189	2	2	1	4	0	33
chr17	57513296	57514333	2	2	1	4	0	42
chr17	57514424	57514531	2	2	1	3	0	42
chr17	57514620	57516238	2	2	1	5	0	42
chr17	57516291	57516410	2	2	1	2	0	42
chr17	57516502	57516588	2	2	1	1	0	26
chr17	57516649	57517164	2	2	1	2	0	32
chr17	57517324	57518571	2	4	1	4	0	41
chr17	57518736	57519604	2	2	1	3	0	19
chr17	57519762	57520765	2	2	1	4	0	24
chr17	57520865	57521675	2	2	1	4	0	38
chr17	57524172	57524265	2	2	1	1	0	5
chr17	57524333	57525458	2	2	1	1	0	20
chr17	57525941	57526539	2	2	1	1	0	26
chr17	57527203	57527972	2	2	1	5	0	31
chr17	57528174	57528322	2	2	1	1	0	3
chr17	57528395	57528888	2	2	1	1	0	41
chr17	57529019	57529195	2	2	1	4	0	40
chr17	57529352	57529788	2	2	1	1	0	32
chr17	57532118	57532215	2	2	1	1	0	22
chr17	57533883	57534955	2	2	1	1	0	33
chr17	58145592	58145821	2	4	1	0	1	27
chr17	64203279	64214275	1	1	1	1	0	43
chr17	64214450	64218459	1	1	1	1	0	39
chr17	64218560	64228607	1	1	1	2	0	43
chr17	65020680	65021592	1	1	1	3	0	7
chr17	66171728	66174526	2	2	1	2	0	15
chr17	66386583	66387805	2	2	1	44	0	41
chr17	66387883	66390392	2	2	1	7	0	36
chr17	66394567	66396226	2	2	1	3	0	22
chr17	71538515	71540822	1	1	1	2	0	21
chr17	71541922	71542021	1	1	1	1	0	39
chr17	71705685	71707053	2	2	1	1	0	38
chr17	71755842	71762599	2	2	1	1	0	39
chr17	71923481	71932347	1	1	1	1	0	10
chr17	71964386	71964470	1	1	1	2	0	40
chr17	74205407	74205955	2	2	1	3	0	18
chr17	74614858	74622896	2	2	1	1	0	18
chr17	74623112	74623339	2	2	1	1	0	34
chr17	74806409	74807786	2	2	1	1	0	24
chr17	74839512	74847488	2	2	1	0	1	44
chr17	74922326	74925430	1	1	1	2	0	45
chr17	74922353	74925430	1	1	1	1	0	7
chr17	74925559	74926701	1	1	1	1	0	33
chr17	74959047	74959611	1	1	1	2	0	36
chr17	74959742	74961383	1	1	1	3	0	43
chr17	74977378	74984160	1	1	1	1	0	37
chr17	79141673	79142734	2	2	1	1	0	36
chr17	79151330	79152572	1	1	1	1	0	6
chr17	79177965	79178082	2	2	1	1	0	46
chr17	79227447	79227977	2	2	1	2	0	14
chr17	79228060	79228150	2	2	1	1	0	24
chr17	79228210	79229063	2	2	1	1	0	9
chr17	79229151	79229558	2	2	1	1	0	29
chr17	79243497	79244303	2	2	1	1	0	31
chr17	79245084	79245969	1	1	1	1	0	9
chr17	79957906	79959127	1	1	1	1	0	43
chr17	79980003	79989061	1	1	1	1	0	37
chr17	80157708	80159953	2	2	1	1	0	36
chr17	80337970	80339969	2	2	1	1	0	15
chr17	80489132	80490620	1	1	1	1	0	25
chr17	80492321	80492402	1	3	1	3	0	40
chr17	80533194	80535166	1	1	1	2	0	6
chr17	80721146	80722371	2	2	1	1	0	7
chr17	80730668	80731558	2	2	1	2	0	4
chr17	83752128	83753374	1	1	1	1	0	11
chr17	83758504	83761829	1	1	1	1	0	33
chr17	84138895	84139793	2	4	1	1	0	22
chr17	84139825	84142207	2	2	1	2	0	34
chr17	84142354	84142619	2	2	1	3	0	26
chr17	84142664	84142903	2	2	1	1	0	30
chr17	84142994	84145900	2	2	1	1	0	13
chr17	84146008	84146229	2	2	1	2	0	23
chr17	85012901	85013326	2	2	1	4	0	27
chr17	85030252	85033730	2	2	1	2	0	27
chr17	85034101	85038572	2	2	1	1	0	20
chr17	85039246	85047497	2	2	1	1	0	22
chr17	85077131	85077427	2	2	1	1	0	37
chr17	85185116	85186402	2	2	1	1	0	13
chr17	85310812	85312339	1	1	1	1	0	22
chr17	85312995	85330459	1	1	1	1	0	37
chr17	85312995	85331123	1	1	1	1	0	21
chr17	85372162	85372469	2	2	1	1	0	3
chr17	85372544	85373059	2	2	1	1	0	15
chr17	87742640	87743031	2	2	1	2	0	19
chr17	87743139	87743218	2	2	1	2	0	24
chr17	87743363	87750123	2	2	1	6	0	21
chr17	87750155	87754220	2	2	1	2	0	31
chr17	88308286	88310179	2	2	1	1	0	15
chr17	88837747	88850272	1	1	1	1	0	40
chr18	3429637	3430911	1	1	1	1	0	37
chr18	4920875	5037107	1	1	1	1	0	26
chr18	4993988	5037107	1	1	1	1	0	39
chr18	5037166	5040147	1	1	1	2	0	43
chr18	5040240	5046588	1	1	1	1	0	25
chr18	6222868	6223545	2	2	1	4	0	37
chr18	6223692	6223970	2	2	1	1	0	3
chr18	6224076	6225317	2	2	1	1	0	31
chr18	6225685	6225767	2	2	1	1	0	40
chr18	6227662	6234814	2	2	1	1	0	44
chr18	6454394	6455188	2	2	1	1	0	39
chr18	6770110	6778494	1	1	1	1	0	16
chr18	6778557	6783119	1	1	1	1	0	14
chr18	6783193	6784569	1	1	1	3	0	19
chr18	7442875	7443973	2	2	1	1	0	38
chr18	9968834	9970254	1	1	1	1	0	35
chr18	9989775	9992127	1	1	1	1	0	26
chr18	10067679	10070218	2	2	1	1	0	24
chr18	10080540	10083121	2	2	1	3	1	25
chr18	10083211	10084317	2	2	1	5	0	43
chr18	10084412	10090812	2	2	1	2	0	27
chr18	10092224	10093907	2	2	1	2	0	45
chr18	10093978	10095412	2	2	1	1	0	23
chr18	10097644	10099256	2	2	1	1	0	28
chr18	10101029	10104073	2	2	1	1	0	19
chr18	10102357	10117209	1	1	1	0	3	40
chr18	10106458	10112343	2	2	1	3	0	42
chr18	10112393	10116773	2	2	1	2	0	17
chr18	10116863	10119884	2	2	1	2	0	22
chr18	10150317	10181224	2	2	1	1	0	31
chr18	10627018	10627793	1	1	1	2	0	40
chr18	10775727	10778148	1	1	1	1	0	14
chr18	10794565	10795689	1	1	1	2	0	10
chr18	11858553	11860229	1	1	1	1	0	40
chr18	12270093	12270296	1	1	1	1	0	17
chr18	12322443	12322862	1	1	1	2	0	17
chr18	12777101	12817893	1	1	1	3	0	37
chr18	12817943	12820008	1	1	1	3	0	12
chr18	12820138	12822829	1	1	1	2	0	26
chr18	12822860	12869862	1	1	1	1	0	30
chr18	12828648	12830947	1	1	1	1	0	33
chr18	12831117	12831391	1	1	1	1	0	44
chr18	12831117	12836387	1	1	1	1	0	40
chr18	12863175	12866014	1	1	1	2	0	27
chr18	12866113	12867943	1	1	1	1	0	11
chr18	12868049	12869036	1	1	1	1	0	37
chr18	12869076	12869730	1	1	1	1	0	16
chr18	12889325	12890694	2	2	1	1	0	40
chr18	12889365	12890664	2	2	1	1	0	32
chr18	12890756	12891823	2	2	1	2	0	38
chr18	12891948	12892455	2	2	1	3	0	44
chr18	12892573	12895622	2	2	1	1	0	14
chr18	12895750	12895965	2	2	1	2	0	42
chr18	12896056	12896538	2	2	1	5	0	33
chr18	12896647	12899859	2	2	1	3	0	41
chr18	14854351	14859560	1	1	1	2	0	31
chr18	20184318	20192240	2	2	1	1	0	31
chr18	20774078	20799512	1	1	1	1	0	41
chr18	20798565	20799512	1	1	1	3	0	35
chr18	20799559	20806723	2	2	1	1	0	42
chr18	20799644	20803035	1	1	1	25	0	42
chr18	20803172	20806687	1	1	1	234	0	46
chr18	24400756	24402504	1	1	1	1	0	16
chr18	24833015	24834442	1	1	1	7	0	41
chr18	30436128	30436618	1	1	1	1	0	20
chr18	30628103	30628336	1	1	1	0	1	22
chr18	32018524	32019069	1	1	1	1	0	24
chr18	32256266	32256430	1	1	1	1	0	37
chr18	32258266	32260445	2	2	1	1	0	40
chr18	32260592	32266199	2	2	1	1	0	24
chr18	32266335	32266428	2	2	1	2	0	26
chr18	32268067	32268913	2	2	1	1	0	16
chr18	32296604	32324953	1	1	1	1	0	16
chr18	32325024	32329892	1	1	1	3	0	28
chr18	32997894	32998905	1	1	1	4	0	42
chr18	32998972	32999240	1	1	1	1	0	7
chr18	33928178	33928435	1	1	1	1	0	13
chr18	33928178	33928905	1	1	1	1	0	33
chr18	33928499	33928905	1	1	1	1	0	21
chr18	34394211	34401350	1	1	1	2	0	8
chr18	34401433	34402108	1	1	1	1	0	30
chr18	34467622	34469151	1	1	1	3	0	21
chr18	34480222	34482687	2	2	1	10	0	45
chr18	34547773	34549880	1	1	1	1	0	28
chr18	34627352	34627651	2	2	1	1	0	35
chr18	34737720	34737883	2	2	1	1	0	9
chr18	34737977	34738526	2	2	1	1	0	41
chr18	34746350	34747500	2	2	1	1	0	3
chr18	34747624	34747800	2	2	1	1	0	29
chr18	34747851	34749717	2	2	1	1	0	13
chr18	34928834	34929840	1	1	1	1	0	17
chr18	35038124	35039034	2	2	1	1	0	32
chr18	35042326	35042797	2	2	1	1	0	42
chr18	35071447	35071636	2	2	1	1	0	35
chr18	35071778	35071985	2	2	1	10	0	46
chr18	35072079	35072395	2	2	1	2	0	21
chr18	35072491	35073249	2	2	1	3	0	37
chr18	35073368	35073892	2	2	1	11	0	44
chr18	35073998	35074917	2	2	1	1	0	44
chr18	35075146	35076128	2	2	1	1	0	9
chr18	35313008	35315402	1	1	1	1	0	27
chr18	35315607	35355117	1	1	1	1	0	46
chr18	35355199	35356475	1	1	1	3	0	37
chr18	35377902	35382754	1	1	1	3	0	8
chr18	35714349	35714649	1	1	1	1	0	28
chr18	35715140	35715768	1	1	1	1	0	29
chr18	35731813	35743923	1	1	1	4	0	38
chr18	35744088	35746375	1	1	1	3	0	21
chr18	35933083	35933162	1	1	1	1	0	31
chr18	35933269	35934326	1	1	1	0	1	17
chr18	35934421	35938570	1	1	1	0	3	28
chr18	35992510	35993702	1	1	1	2	0	18
chr18	36537514	36565358	2	2	1	2	0	38
chr18	36537514	36584132	2	2	1	1	0	8
chr18	36565444	36584132	2	2	1	3	0	24
chr18	36771762	36773317	1	1	1	1	0	32
chr18	36773414	36774629	1	1	1	3	0	27
chr18	36774747	36775978	1	1	1	2	0	33
chr18	36776148	36777313	1	1	1	1	0	14
chr18	36777768	36778157	1	1	1	1	0	42
chr18	36800713	36800843	2	2	1	2	0	31
chr18	36804729	36808002	2	2	1	1	0	25
chr18	36875712	36877233	2	2	1	23	0	42
chr18	36877341	36877472	2	2	1	1	0	7
chr18	36881772	36881923	1	1	1	1	0	13
chr18	36885519	36886314	1	1	1	1	0	27
chr18	36886355	36886479	1	1	1	4	0	39
chr18	36889984	36890336	1	1	1	1	0	16
chr18	36890372	36890459	1	1	1	2	0	35
chr18	36904248	36904380	2	2	1	1	0	7
chr18	36928218	36929089	1	1	1	1	0	37
chr18	36929164	36929551	1	1	1	3	0	38
chr18	38026468	38027146	2	2	1	2	0	19
chr18	38372243	38372625	2	2	1	1	0	36
chr18	38552230	38575969	1	1	1	1	0	30
chr18	38589175	38593597	1	1	1	3	0	20
chr18	38593704	38597313	1	1	1	1	0	28
chr18	38593704	38597329	1	1	1	7	0	42
chr18	39485721	39490683	2	2	1	1	0	25
chr18	39557553	39561669	2	2	1	3	0	44
chr18	39561834	39619050	2	2	1	1	0	9
chr18	40338275	40340739	2	2	1	1	0	35
chr18	42350674	42351568	2	2	1	1	0	9
chr18	42383975	42384357	2	2	1	1	0	29
chr18	42384446	42390134	2	2	1	1	0	44
chr18	42407614	42408015	2	2	1	2	0	29
chr18	42685693	42686472	1	1	1	1	0	10
chr18	42694118	42697147	1	1	1	1	0	12
chr18	44563135	44564402	2	2	1	1	0	35
chr18	44997538	44997927	1	1	1	1	0	20
chr18	46847029	46848663	2	2	1	5	0	36
chr18	46848834	46853353	2	2	1	2	0	39
chr18	46853509	46856384	2	2	1	3	0	36
chr18	46856463	46861039	2	2	1	1	0	6
chr18	48181258	48181383	0	0	1	0	3	30
chr18	50272623	50273406	1	1	1	1	0	7
chr18	50310309	50310973	1	1	1	1	0	41
chr18	50312201	50314998	1	1	1	1	0	28
chr18	53349597	53351173	1	1	1	0	1	25
chr18	53351255	53351360	1	3	1	1	0	35
chr18	53351433	53353443	1	1	1	1	0	34
chr18	54066618	54081119	1	1	1	1	0	13
chr18	56622810	56623742	1	1	1	1	0	17
chr18	56630486	56635659	1	1	1	2	0	21
chr18	56660080	56661348	2	2	1	14	0	46
chr18	56661425	56664561	2	2	1	5	0	42
chr18	56664636	56664782	2	2	1	1	0	18
chr18	56664881	56665052	2	2	1	2	0	41
chr18	56671815	56675296	2	2	1	1	0	11
chr18	56675395	56678036	2	2	1	1	0	23
chr18	56681652	56683367	2	2	1	1	0	9
chr18	56713373	56717362	1	1	1	3	0	35
chr18	56813123	56813707	1	1	1	1	0	39
chr18	57559175	57560086	1	1	1	1	0	20
chr18	58068071	58069379	1	3	1	2	0	46
chr18	60345242	60378446	1	1	1	1	0	27
chr18	60345242	60390790	1	1	1	1	0	40
chr18	60700644	60702428	1	1	1	1	0	41
chr18	60909624	60910001	1	1	1	3	0	37
chr18	60910164	60910884	1	1	1	144	0	46
chr18	60910962	60911502	1	1	1	207	0	46
chr18	60941062	60945678	2	4	1	1	0	37
chr18	60941384	60942099	1	1	1	1	0	18
chr18	60942163	60943053	1	1	1	1	0	11
chr18	61702634	61708480	1	1	1	3	0	34
chr18	61705029	61708480	1	1	1	1	0	44
chr18	61708621	61709577	1	1	1	8	0	25
chr18	61709657	61710248	1	1	1	1	0	45
chr18	61713559	61715106	1	1	1	1	0	29
chr18	63797338	63809982	2	6	1	1	0	31
chr18	63797404	63804652	2	2	1	4	0	41
chr18	63808585	63809949	2	2	1	1	0	44
chr18	63815379	63825146	2	2	1	2	0	37
chr18	64644772	64644855	2	2	1	1	0	6
chr18	64644949	64645054	2	2	1	17	0	40
chr18	64645121	64648396	2	2	1	9	0	41
chr18	64688298	64689911	2	2	1	1	0	14
chr18	65948029	65949891	1	1	1	3	0	42
chr18	65949950	65950530	1	1	1	5	0	38
chr18	66116959	66117223	2	2	1	1	0	34
chr18	66126279	66126649	2	2	1	1	0	3
chr18	66126709	66127855	2	2	1	6	0	31
chr18	66127980	66129752	2	2	1	16	0	46
chr18	67678811	67685643	2	2	1	1	0	22
chr18	68405746	68408832	2	2	1	1	0	31
chr18	69815895	69816147	1	1	1	1	0	12
chr18	70749727	70750906	1	1	1	1	0	17
chr18	73934934	73938122	2	2	1	1	0	9
chr18	74406395	74406483	1	1	1	1	0	24
chr18	74409787	74409872	1	1	1	1	0	4
chr18	74926475	74928201	1	1	1	1	0	10
chr18	74931559	74932115	1	1	1	3	0	42
chr18	74934439	74937071	1	1	1	2	0	31
chr18	74937227	74938925	1	1	1	3	0	36
chr18	75133615	75134261	1	1	1	1	0	3
chr18	75134315	75134420	1	1	1	2	0	36
chr18	75134462	75134736	1	1	1	1	0	40
chr18	75134872	75135094	1	1	1	11	1	43
chr18	75135194	75135731	1	1	1	97	1	43
chr18	75135924	75136264	1	1	1	368	0	46
chr18	77017913	77027263	1	1	1	1	0	7
chr18	77027366	77028208	1	1	1	9	0	44
chr18	77042883	77044534	1	1	1	1	0	19
chr18	77052964	77054839	1	1	1	2	0	28
chr18	77232839	77234398	1	1	1	2	0	45
chr18	77863556	77865218	1	1	1	2	0	22
chr18	77867679	77867778	1	1	1	1	0	18
chr18	77868004	77868684	1	1	1	1	0	40
chr18	77868793	77868911	1	1	1	1	0	20
chr18	77869057	77869498	1	1	1	1	0	42
chr18	77869650	77870000	1	1	1	38	0	44
chr18	80253346	80254627	1	1	1	1	0	44
chr18	80258792	80261918	1	1	1	1	0	46
chr18	80935139	80952806	2	2	1	1	0	11
chr18	84869733	84889629	1	1	1	2	0	36
chr18	84889759	84891264	1	1	1	2	0	30
chr18	84891295	84895951	1	1	1	4	0	30
chr18	84895987	84897627	1	1	1	5	0	35
chr18	88889043	88905332	2	2	1	1	0	18
chr18	90607207	90608954	1	1	1	1	0	29
chr19	3337039	3337702	1	1	1	2	0	31
chr19	3337756	3338983	1	1	1	2	0	33
chr19	3339088	3340976	1	1	1	3	0	24
chr19	3852241	3852787	1	1	1	2	0	36
chr19	3937448	3939022	1	1	1	1	0	32
chr19	3946193	3946269	2	2	1	2	0	44
chr19	3959075	3959152	2	2	1	1	0	15
chr19	3959282	3960897	2	2	1	1	0	30
chr19	3985353	3985761	1	1	1	1	0	11
chr19	4057666	4057769	2	2	1	30	0	45
chr19	4085662	4085823	2	2	1	0	110	44
chr19	4085932	4086687	2	2	1	8	1	40
chr19	4086792	4087103	2	2	1	4	0	40
chr19	4087192	4087289	2	2	1	1	2	41
chr19	4087397	4087584	2	2	1	3	0	36
chr19	4087621	4087862	2	2	1	3	0	36
chr19	4090540	4090707	2	2	1	0	110	44
chr19	4090816	4090981	2	2	1	0	1	4
chr19	4091486	4091583	2	2	1	0	2	41
chr19	4107996	4108085	2	2	1	1	0	27
chr19	4177836	4181029	1	1	1	1	0	36
chr19	4242876	4243020	1	1	1	1	0	14
chr19	4378288	4378980	2	2	1	1	0	19
chr19	4406955	4411565	2	2	1	1	0	32
chr19	4444921	4447961	2	2	1	1	0	19
chr19	4670322	4670394	1	1	1	1	0	39
chr19	4875545	4883470	1	1	1	1	0	34
chr19	4875693	4875797	2	2	1	5	0	32
chr19	4883547	4884200	2	2	1	1	0	12
chr19	4888932	4889224	2	2	1	1	0	42
chr19	5142251	5142329	1	1	1	2	0	41
chr19	5329978	5333670	2	2	1	6	0	31
chr19	5333779	5333885	2	2	1	3	0	30
chr19	5333976	5334602	2	2	1	1	0	8
chr19	5337313	5337562	2	2	1	1	0	28
chr19	5337655	5337937	2	2	1	2	0	42
chr19	5338035	5338331	2	2	1	1	0	15
chr19	5415187	5415845	2	2	1	1	0	18
chr19	5418305	5418449	1	1	1	1	0	4
chr19	5430164	5430247	2	2	1	8	0	35
chr19	5430370	5430465	2	2	1	2	0	20
chr19	5430556	5431008	2	2	1	2	0	19
chr19	5432388	5432742	2	2	1	1	0	36
chr19	5465841	5467421	1	1	1	1	0	24
chr19	5473004	5473358	2	2	1	1	0	31
chr19	5473054	5473358	2	2	1	4	0	41
chr19	5473448	5473587	2	2	1	2	0	39
chr19	5473920	5474209	2	2	1	1	0	40
chr19	5514460	5514952	1	1	1	1	0	24
chr19	5533220	5533482	2	2	1	1	0	20
chr19	5543749	5543826	2	2	1	1	0	30
chr19	5652403	5652477	1	1	1	2	0	42
chr19	5652598	5652851	1	1	1	16	0	40
chr19	5808889	5808967	2	2	1	2	0	38
chr19	5851995	5852331	2	2	1	1	0	4
chr19	5852094	5852265	2	2	1	0	1	4
chr19	6108032	6108272	1	1	1	1	0	34
chr19	6108603	6109173	1	1	1	17	0	41
chr19	6109230	6109378	1	1	1	74	0	45
chr19	6113104	6113353	2	2	1	2	0	39
chr19	6113477	6113556	2	2	1	1	0	41
chr19	6114229	6116340	2	2	1	1	0	12
chr19	6131245	6131876	2	2	1	1	0	9
chr19	6171553	6171812	2	2	1	1	0	35
chr19	6327409	6331247	1	1	1	1	0	15
chr19	6423784	6424039	1	1	1	1	0	40
chr19	6439633	6439802	1	1	1	1	0	12
chr19	6884128	6885343	1	1	0	1	0	28
chr19	6884320	6884433	2	2	1	9	0	43
chr19	6884496	6884609	2	2	1	4	0	40
chr19	6885042	6885349	2	2	1	1	0	22
chr19	6885485	6886826	2	2	1	2	0	33
chr19	6928199	6928766	1	1	1	1	0	7
chr19	6939452	6940060	2	2	1	1	0	14
chr19	6955303	6955378	2	2	1	29	0	36
chr19	6955415	6955757	2	2	1	11	0	36
chr19	6955805	6955925	2	2	1	1	0	44
chr19	6956039	6956340	2	2	1	1	0	7
chr19	6965477	6965556	2	2	1	5	0	29
chr19	6970571	6970800	2	2	1	4	0	36
chr19	6999499	6999639	2	2	1	2	0	10
chr19	6999677	7002682	2	2	1	2	0	37
chr19	7003757	7005995	2	2	1	1	0	11
chr19	7174590	7174896	1	1	1	1	0	27
chr19	7174979	7175066	1	1	1	4	0	35
chr19	7175102	7175277	1	1	1	6	0	34
chr19	7188442	7196506	1	1	1	0	2	44
chr19	7190319	7197742	1	1	1	0	1	42
chr19	7192850	7194763	2	2	1	2	0	36
chr19	7486928	7487347	1	1	1	1	0	8
chr19	7509813	7511314	1	1	1	1	0	16
chr19	8059181	8078733	2	2	1	0	3	12
chr19	8059181	8170764	2	2	1	0	3	12
chr19	8313186	8314086	2	2	1	7	0	37
chr19	8322087	8322684	2	2	1	2	0	32
chr19	8333059	8347444	2	2	1	0	3	12
chr19	8347569	8363755	2	2	1	1	0	26
chr19	8717517	8717765	1	1	1	4	0	30
chr19	8798178	8800167	1	1	1	1	0	4
chr19	8825098	8825277	1	1	1	1	0	35
chr19	8825347	8825444	1	1	1	1	0	12
chr19	8825526	8825827	1	1	1	2	0	41
chr19	8849277	8849371	1	1	1	1	0	9
chr19	8849652	8850877	1	1	1	3	0	21
chr19	8851211	8851502	1	1	1	1	0	25
chr19	8852717	8852885	1	1	1	30	0	44
chr19	8867465	8867774	1	1	1	1	0	25
chr19	8879733	8879885	1	1	1	1	0	37
chr19	8947352	8949870	1	1	1	0	1	26
chr19	8950001	8950267	1	1	1	1	0	5
chr19	8950473	8954681	1	1	1	0	1	23
chr19	8954855	8954948	1	1	1	3	0	45
chr19	8955074	8955307	1	1	1	5	0	36
chr19	9960348	9961544	1	1	1	2	0	40
chr19	9961692	9961923	1	1	1	4	0	45
chr19	9962050	9962144	1	1	1	15	0	46
chr19	9962201	9962341	0	0	1	4	0	36
chr19	10040266	10041541	1	1	1	1	0	22
chr19	10041679	10042049	2	2	1	8	0	35
chr19	10042176	10042965	2	2	1	3	0	24
chr19	10043977	10047635	2	2	1	1	0	42
chr19	10160629	10162290	1	1	1	1	0	31
chr19	10183898	10184527	1	1	1	3	0	21
chr19	10184665	10185080	1	1	1	27	0	45
chr19	10569650	10569941	2	2	1	1	0	42
chr19	10570601	10570689	2	2	1	1	0	15
chr19	10834703	10834993	1	1	1	3	0	24
chr19	10920917	10922646	2	2	1	1	0	16
chr19	12691998	12693261	1	1	1	2	0	32
chr19	12754359	12755305	2	2	1	5	0	37
chr19	12755411	12755987	2	2	1	5	0	37
chr19	12756025	12756256	2	2	1	9	0	37
chr19	16731726	16736950	2	2	1	1	0	39
chr19	16737401	16739512	2	2	1	1	0	6
chr19	18648567	18655051	1	1	1	1	0	19
chr19	20599095	20600688	1	1	1	2	0	35
chr19	20606521	20608029	1	1	1	4	0	32
chr19	20611878	20614031	1	1	1	3	0	6
chr19	20614165	20620701	2	2	1	1	0	21
chr19	20614190	20617427	1	1	1	1	0	11
chr19	20617503	20620257	1	1	1	2	0	35
chr19	20670900	20673699	2	2	1	1	0	10
chr19	20685699	20686761	2	2	1	1	0	21
chr19	21257115	21257786	1	1	1	2	0	45
chr19	23039432	23040641	1	1	1	1	0	13
chr19	23186333	23187614	2	2	1	1	0	6
chr19	23209357	23211326	2	2	1	1	0	4
chr19	24239418	24244665	2	2	1	5	0	45
chr19	24254640	24257770	2	2	1	1	0	21
chr19	25399706	25400282	1	1	1	1	0	33
chr19	26626558	26628948	1	1	1	1	0	28
chr19	26629123	26631740	1	1	1	3	0	44
chr19	26683632	26687857	1	1	1	1	0	42
chr19	26698348	26729223	1	1	1	1	0	16
chr19	26753644	26754734	1	1	1	1	0	17
chr19	27367714	27371637	2	2	1	1	0	27
chr19	27403415	27404436	2	2	1	1	0	36
chr19	28968070	28972440	1	1	1	1	0	19
chr19	29003731	29004570	2	2	1	1	0	19
chr19	29288442	29289140	1	1	1	1	0	8
chr19	30116781	30120759	2	2	1	1	0	38
chr19	31886327	31888505	1	1	1	1	0	7
chr19	32615793	32616318	1	1	1	1	0	40
chr19	32616732	32618699	1	1	1	2	0	28
chr19	32640724	32641820	1	1	1	1	0	12
chr19	32795461	32797242	1	1	1	6	0	43
chr19	34789788	34791091	2	2	1	2	0	41
chr19	34799290	34804519	2	2	1	2	0	16
chr19	36079301	36081735	1	1	1	1	0	16
chr19	36849159	36849822	1	1	1	3	0	6
chr19	36851417	36852663	1	1	1	1	0	10
chr19	36861564	36862882	1	1	1	1	0	46
chr19	37197886	37198037	1	1	1	1	0	27
chr19	37248237	37248903	2	2	1	2	0	43
chr19	38105358	38106719	2	2	1	69	0	46
chr19	38106933	38112476	2	2	1	2	0	39
chr19	38112584	38112743	2	2	1	2	0	30
chr19	38112881	38112966	2	2	1	5	0	38
chr19	38177249	38178276	2	2	1	1	0	34
chr19	38193258	38195710	2	2	1	1	0	30
chr19	38469805	38491555	1	1	1	1	0	40
chr19	38854184	38871102	1	1	1	2	0	35
chr19	38884514	38887312	1	1	1	1	0	17
chr19	39275730	39279172	1	1	1	11	0	43
chr19	39279651	39296051	1	1	1	10	0	44
chr19	39296213	39298098	1	1	1	9	0	43
chr19	39298276	39309994	1	1	1	5	0	31
chr19	39310137	39313349	1	1	1	2	0	23
chr19	39313538	39317547	1	1	1	6	0	35
chr19	39317690	39318695	1	1	1	6	0	45
chr19	39597706	39604063	2	2	1	0	1	28
chr19	39604206	39605745	2	2	1	0	1	23
chr19	39627187	39628300	2	2	1	0	2	42
chr19	39632199	39637306	2	2	1	3	0	26
chr19	39677698	39687704	2	2	1	6	0	38
chr19	39722905	39724020	2	2	1	2	0	32
chr19	39755935	39762267	2	2	1	0	1	28
chr19	39762410	39766357	2	2	1	0	3	23
chr19	39831521	39837789	2	2	1	0	1	28
chr19	39837932	39839472	2	2	1	0	2	9
chr19	39864835	39865949	2	2	1	0	2	42
chr19	39981052	39982168	1	1	1	0	4	40
chr19	39989004	39990264	1	1	1	3	0	33
chr19	39990453	39998258	1	1	1	1	0	26
chr19	40026863	40028635	2	2	1	1	0	11
chr19	40028778	40034519	2	2	1	1	0	20
chr19	40057079	40058611	2	2	1	1	0	23
chr19	40060051	40060498	2	2	1	0	1	39
chr19	40078312	40078664	1	1	1	1	4	40
chr19	40079140	40079388	1	1	1	0	1	39
chr19	40079550	40080647	1	1	1	9	0	45
chr19	40086587	40099719	1	1	1	3	0	17
chr19	40099862	40101877	1	1	1	2	0	31
chr19	40142202	40145166	2	4	1	1	0	44
chr19	40153946	40155906	2	2	1	15	0	45
chr19	40156068	40168804	2	2	1	1	0	42
chr19	40172473	40175538	2	2	1	1	0	12
chr19	40338458	40340720	2	2	1	1	0	5
chr19	40341010	40351645	2	2	1	1	0	18
chr19	40351710	40353437	2	2	1	1	0	10
chr19	41229148	41233882	2	2	1	1	0	45
chr19	41235243	41236344	2	2	1	1	0	3
chr19	41236468	41244583	2	2	1	1	0	40
chr19	41900502	41900530	2	4	1	1	0	20
chr19	42507297	42550990	1	1	1	1	0	6
chr19	42735659	42735785	2	2	1	1	0	30
chr19	43772796	43777421	1	1	1	1	0	18
chr19	43793553	43795448	1	1	1	1	0	38
chr19	43810185	43810445	1	1	1	3	0	41
chr19	43945076	43948424	2	2	1	1	0	11
chr19	43954754	43956891	2	2	1	0	1	35
chr19	44003520	44004104	2	2	1	1	0	24
chr19	44063970	44065684	2	2	1	1	0	5
chr19	44070435	44071024	2	2	1	1	0	15
chr19	44075499	44076354	2	2	1	3	0	44
chr19	44385888	44385950	1	1	1	28	2	23
chr19	44386558	44388580	2	2	1	3	0	45
chr19	44390338	44391603	2	2	1	1	0	33
chr19	44395200	44395824	2	2	1	6	0	37
chr19	44538852	44541136	2	2	1	61	0	44
chr19	44541293	44542107	2	2	1	2	0	24
chr19	44981078	44981172	1	1	1	1	0	5
chr19	46069862	46069979	1	1	1	1	0	11
chr19	46120613	46121562	1	1	1	1	0	42
chr19	46121695	46122439	1	1	1	1	0	10
chr19	46122592	46122813	1	1	1	1	0	45
chr19	46243057	46244091	1	1	1	1	0	7
chr19	46272541	46274879	1	1	1	1	0	26
chr19	46632895	46640912	1	1	1	1	0	17
chr19	47072009	47074393	2	2	1	16	52	44
chr19	47074487	47074572	2	2	1	23	0	45
chr19	47074669	47079011	2	2	1	5	0	32
chr19	47079307	47081220	1	1	1	1	0	30
chr19	47108864	47112869	1	1	1	1	0	15
chr19	47722351	47723262	1	1	1	1	0	19
chr19	53225283	53226833	1	1	1	1	0	24
chr19	53610338	53611034	1	1	1	3	0	45
chr19	53611648	53611897	1	1	1	1	0	5
chr19	53612020	53613379	1	1	1	2	0	44
chr19	53891920	53895879	1	1	1	2	0	38
chr19	53895987	53897542	1	1	1	1	0	4
chr19	53915765	53917513	1	1	1	1	0	10
chr19	53933445	53975884	1	1	1	1	0	44
chr19	55056268	55057121	2	4	1	1	0	35
chr19	55266404	55266512	1	1	1	1	0	37
chr19	55266615	55267895	1	1	1	1	0	36
chr19	55279939	55280204	1	1	1	2	0	40
chr19	55283955	55284797	1	1	1	4	0	34
chr19	55287109	55287205	2	2	1	1	0	40
chr19	55292171	55292841	2	2	1	2	0	33
chr19	55301713	55302732	2	2	1	1	0	26
chr19	55496847	55497114	2	4	1	2	0	29
chr19	56299654	56300209	1	1	1	1	0	22
chr19	57030408	57031428	2	2	1	1	0	39
chr19	57369581	57369663	1	1	1	1	0	26
chr19	58192817	58224063	1	1	1	0	1	3
chr19	58289011	58440400	2	2	1	1	0	21
chr19	58440485	58441595	2	2	1	2	0	34
chr19	59016682	59020604	2	2	1	1	0	23
chr19	59039327	59049062	2	2	1	1	0	15
chr19	59049116	59063886	2	2	1	2	0	24
chr19	60755434	60756012	2	2	1	2	0	31
chr19	60757331	60758303	2	2	1	3	0	14
chr19	60758458	60759452	2	2	1	3	0	44
chr19	60759576	60760081	2	2	1	6	0	38
chr19	60760196	60760530	2	2	1	5	0	37
chr19	60761478	60761944	2	2	1	1	0	21
chrX	7569823	7571538	1	1	1	1	0	17
chrX	7592276	7592436	1	1	1	1	0	20
chrX	7665668	7666395	1	1	1	1	0	45
chrX	7666581	7666774	1	1	1	1	0	45
chrX	9303282	9304429	2	2	1	1	0	46
chrX	9522303	9522618	2	2	1	1	0	10
chrX	9522697	9523279	2	2	1	2	0	12
chrX	10169623	10175007	1	1	1	1	0	38
chrX	10175062	10175149	1	1	1	1	0	31
chrX	10175300	10178631	1	1	1	8	0	45
chrX	10178770	10186081	1	1	1	12	0	44
chrX	10178796	10186081	1	1	1	1	0	36
chrX	11904157	11905150	2	2	1	1	0	17
chrX	11913988	11914541	2	2	1	1	0	31
chrX	12630673	12660416	1	1	1	0	1	39
chrX	12679121	12679898	2	2	1	1	0	46
chrX	12974155	12974228	1	1	1	1	0	37
chrX	12974368	12976314	1	1	1	1	0	46
chrX	13069708	13069893	0	0	1	0	3	40
chrX	13147397	13150416	1	1	1	1	0	42
chrX	13150475	13151153	1	1	1	1	0	32
chrX	13153803	13154023	1	1	1	1	0	44
chrX	13399782	13403824	2	2	1	1	0	3
chrX	13403906	13403999	2	2	1	1	0	8
chrX	20416781	20418558	1	1	1	4	0	43
chrX	20418742	20423750	1	1	1	2	0	36
chrX	20423967	20425593	1	1	1	2	0	26
chrX	20426371	20427673	1	1	1	3	0	37
chrX	20427785	20428153	0	0	1	3	0	35
chrX	20481782	20481952	2	2	1	16	0	46
chrX	20482084	20483298	2	2	1	1	0	16
chrX	20514661	20515382	1	1	1	2	0	17
chrX	20515960	20516039	1	1	1	1	0	33
chrX	20537113	20537594	1	1	1	1	0	30
chrX	20564768	20564847	1	1	1	1	0	20
chrX	20580161	20580252	1	1	1	1	0	45
chrX	20724028	20724116	1	1	1	1	0	8
chrX	20818263	20818446	2	2	1	4	0	36
chrX	20818511	20825596	2	2	1	2	1	34
chrX	35598988	35605275	1	1	1	0	1	17
chrX	35862268	35865773	1	1	1	2	0	40
chrX	35865930	35868440	1	1	1	1	0	19
chrX	35878574	35882255	2	2	1	1	0	17
chrX	35882387	35887220	2	2	1	1	0	25
chrX	36061530	36062039	1	1	1	1	1	23
chrX	36146341	36146664	1	1	1	1	0	23
chrX	36346403	36347637	2	2	1	18	5	46
chrX	36347742	36348777	2	2	1	0	1	15
chrX	36365791	36368081	2	2	1	2	0	41
chrX	36394712	36400164	1	1	1	1	0	11
chrX	36400236	36400404	1	1	1	4	0	43
chrX	36405566	36406557	1	1	1	1	0	23
chrX	36451395	36453526	2	2	1	102	0	45
chrX	36453617	36454641	2	2	1	25	2	41
chrX	37514304	37519794	2	2	1	1	0	27
chrX	37622606	37625998	2	2	1	3	0	23
chrX	37628004	37628876	2	2	1	1	0	46
chrX	40895440	40895521	2	2	1	1	1	16
chrX	40895592	40895910	2	2	1	2	1	33
chrX	40896049	40901335	2	2	1	1	0	36
chrX	40901372	40902826	2	2	1	1	0	13
chrX	40903506	40911244	2	2	1	2	0	31
chrX	40911348	40911569	2	2	1	3	0	30
chrX	40927555	40928426	2	2	1	3	0	29
chrX	41191074	41193667	1	1	1	2	0	38
chrX	41239712	41290731	1	1	1	1	0	9
chrX	41300120	41306211	1	1	1	1	0	22
chrX	41312328	41313804	1	1	1	4	0	31
chrX	47361797	47361898	1	1	1	3	0	19
chrX	47564066	47564439	2	2	1	1	0	6
chrX	47572140	47573403	2	2	1	1	0	29
chrX	47586088	47586210	2	2	1	1	0	34
chrX	47593830	47602112	2	2	1	4	0	39
chrX	51988127	51988240	2	2	1	0	2	38
chrX	59271154	59274507	2	2	1	1	0	21
chrX	59274613	59281916	2	2	1	1	0	3
chrX	59293309	59305520	2	2	1	1	0	22
chrX	59315358	59321967	2	2	1	4	0	18
chrX	59326169	59326927	2	2	1	5	0	22
chrX	59349693	59352556	2	2	1	1	0	12
chrX	59352638	59355075	2	2	1	1	0	24
chrX	67743837	67743947	1	1	1	2	0	20
chrX	70863784	70864410	1	1	1	2	0	21
chrX	72481172	72489415	2	2	1	1	0	45
chrX	72626188	72646727	2	2	1	1	0	41
chrX	72758535	72759723	2	2	1	1	0	27
chrX	72822778	72823071	2	2	1	3	0	20
chrX	72833481	72833636	1	1	1	1	0	33
chrX	72833727	72833964	1	1	1	13	0	43
chrX	72834031	72834259	1	1	1	24	0	41
chrX	72966045	72969821	2	2	1	1	0	38
chrX	73215158	73215343	0	0	1	0	3	40
chrX	73268865	73269003	2	2	1	2	0	16
chrX	73315325	73315405	1	1	1	1	0	35
chrX	73315514	73315784	1	1	1	1	0	39
chrX	73315924	73316277	1	1	1	1	0	5
chrX	73316441	73316520	1	1	1	60	0	43
chrX	73362051	73362420	1	1	1	1	0	8
chrX	73362476	73362655	1	1	1	1	0	29
chrX	73363109	73363565	1	1	1	1	0	44
chrX	73411193	73411306	2	2	1	2	0	42
chrX	74149988	74150777	1	1	1	2	0	32
chrX	74150857	74151784	1	1	1	1	0	30
chrX	74151911	74152301	1	1	1	1	0	12
chrX	74479159	74479711	1	1	1	1	0	18
chrX	74490894	74491408	1	1	1	1	0	21
chrX	74493752	74499157	1	1	1	2	0	24
chrX	74849487	74859689	2	2	1	1	0	10
chrX	76692000	76692259	1	1	1	1	0	44
chrX	79247394	79257201	2	2	1	0	1	22
chrX	84805014	84820031	2	2	1	2	0	25
chrX	93124467	93124942	2	2	1	1	0	38
chrX	93579284	93579465	2	2	1	10	0	46
chrX	93580963	93581147	2	2	1	1	0	38
chrX	93582115	93582212	2	2	1	1	0	43
chrX	94144743	94155960	2	2	1	1	0	14
chrX	100340607	100340792	1	1	1	1	0	19
chrX	100428716	100429031	2	4	1	5	0	30
chrX	100429062	100429093	2	2	1	1	0	40
chrX	100488941	100489724	1	1	1	1	0	15
chrX	100586289	100586656	1	1	1	1	0	7
chrX	100639063	100639693	1	1	1	1	0	44
chrX	100639872	100642914	1	1	1	1	0	46
chrX	100716180	100716648	1	1	1	1	0	16
chrX	101170743	101171098	1	1	1	7	0	41
chrX	101228738	101229108	2	2	1	112	0	46
chrX	101229267	101230001	2	2	1	4	0	37
chrX	101230174	101230960	2	2	1	3	0	38
chrX	101231059	101231427	2	2	1	2	0	21
chrX	102537307	102546465	1	1	1	3	0	42
chrX	104841347	104841753	1	5	1	1	0	40
chrX	104845683	104846295	2	2	1	2	0	24
chrX	104894877	104895570	2	4	1	3	0	43
chrX	104899638	104900063	2	2	1	1	0	38
chrX	104931446	104932598	2	2	1	2	0	45
chrX	105017882	105023011	2	2	1	2	0	33
chrX	105059477	105063184	1	1	1	2	0	41
chrX	105063310	105065351	1	1	1	18	0	43
chrX	105238118	105238237	1	1	1	1	0	30
chrX	105241568	105243252	1	1	1	0	2	30
chrX	105243943	105246044	1	1	1	0	1	26
chrX	108049035	108049088	2	2	1	0	1	13
chrX	108049035	108049142	2	2	1	0	1	13
chrX	128858109	128860792	1	1	1	3	0	27
chrX	132975555	132981075	1	1	1	1	0	5
chrX	133486469	133486826	1	1	1	1	0	14
chrX	133486933	133487259	1	1	1	56	2	46
chrX	133487328	133488199	1	1	1	163	2	46
chrX	133488323	133488685	1	1	1	82	0	44
chrX	135146516	135147084	1	1	1	1	0	9
chrX	139888987	139890906	1	1	1	1	0	18
chrX	149341023	149353523	2	2	1	1	0	21
chrX	149349660	149353323	1	1	1	3	0	25
chrX	149589552	149589705	2	2	1	2	0	24
chrX	150382581	150403859	1	1	1	1	0	24
chrX	150623151	150623772	1	1	1	1	0	14
chrX	150640597	150640803	1	1	1	1	0	23
chrX	150666306	150668577	1	1	1	1	0	36
chrX	150668701	150669078	1	1	1	3	0	32
chrX	150673903	150674012	1	1	1	2	0	15
chrX	150689360	150689946	1	1	1	3	0	43
chrX	150692946	150693096	1	1	1	2	0	42
chrX	150705895	150706474	1	1	1	1	0	28
chrX	150711877	150712339	1	1	1	1	0	37
chrX	150716127	150717276	1	1	1	1	0	39
chrX	150785439	150786356	1	1	1	1	0	38
chrX	150809438	150809527	1	1	1	1	0	24
chrX	150809767	150810689	1	1	1	1	0	18
chrX	150810949	150811036	1	1	1	1	0	43
chrX	150820694	150824322	1	1	1	3	0	39
chrX	150842776	150843971	1	1	1	1	0	21
chrX	151023193	151025032	1	1	1	2	0	26
chrX	151025168	151027868	1	1	1	2	0	11
chrX	151029410	151031423	1	1	1	1	0	19
chrX	154107025	154109590	2	2	1	14	0	35
chrX	154109626	154111441	2	2	1	15	0	35
chrX	154111573	154113298	2	2	1	3	0	29
chrX	155798495	155798651	1	1	1	0	3	23
chrX	156249488	156252983	2	2	1	0	1	22
chrX	158915239	158916168	2	2	1	1	0	28
chrX	158916229	158921251	2	2	1	1	0	4
chrX	161567411	161569612	2	2	1	3	0	41
chrX	161569688	161570554	2	2	1	2	0	39
chrX	161570675	161573607	2	2	1	0	1	13
chrX	161812875	161814109	1	1	1	1	0	16
chrX	162739550	162740911	2	2	1	1	0	11
chrX	163720081	163722638	2	2	1	2	0	6
chrX	163721689	163722638	2	2	1	1	0	14
chrX	165184030	165186537	2	2	1	1	0	29
chrX	165223836	165229786	1	1	1	0	1	27
chrX	166155596	166156989	2	2	1	1	0	15
chrX	167454887	167456723	2	2	1	2	0	26
chrX	168794060	168801669	1	1	1	0	1	22
chrX	169091046	169091285	2	2	1	8	0	28
chrY	900614	910447	1	1	1	4	0	11
chrY	1010686	1011259	1	1	1	1	0	44
chrY	1023475	1028187	1	1	1	1	0	19
chrY	1239820	1245155	2	2	1	1	0	5
chrY	1267189	1269704	2	2	1	1	0	23
chrY	1269841	1278896	2	2	1	1	0	24
chrY	1282949	1284321	2	2	1	1	0	45
chrY	15418869	15444016	1	1	1	1	0	46
chrY	42885640	42933495	1	3	1	52	38	42
chrY	90797249	90804564	1	1	1	0	1	22
chrY	90804687	90827617	1	1	1	8	0	46
chrY	90804950	90827617	1	1	1	2	0	30
chrY	90815042	90822563	1	1	1	2	0	23
chrM	6846	6886	0	0	0	0	6	42
chrM	14209	15201	2	2	1	2	1	30
chrM	14467	15180	0	0	1	3	0	37
chrM	15039	15086	2	4	1	5	0	12
chrM	15138	15168	2	2	1	182	4	42
chrM	15138	15201	2	2	1	67	1	38
JH584297.1	18037	30761	2	2	1	0	1	41
JH584304.1	52368	53535	2	2	1	3	0	45
JH584304.1	58836	59591	2	2	1	8	0	46
MU069435.1	315	344	0	0	1	0	3	40
MU069435.1	1231	1636	1	1	1	2	1	15
MU069435.1	1352	1752	1	1	1	1	1	30
MU069435.1	1417	1600	2	2	1	2	0	29
