chr1	14451	16875	2	2	1	0	1	3
chr1	143012	146385	2	2	1	1	0	36
chr1	185560	186316	2	2	1	0	2	40
chr1	632287	632583	2	2	1	0	4	46
chr1	632365	632583	2	2	1	0	2	30
chr1	632548	632580	2	2	1	0	1	33
chr1	632593	632633	0	0	1	0	4	39
chr1	633304	633365	2	2	1	2	0	32
chr1	944801	945041	2	2	1	2	0	32
chr1	945654	946172	2	2	1	1	0	20
chr1	1218634	1218768	2	2	1	2	0	44
chr1	1294555	1295889	1	1	1	1	0	40
chr1	1302976	1303161	2	2	1	1	0	46
chr1	1325596	1326835	1	1	1	1	0	32
chr1	1373903	1373999	2	2	1	52	0	46
chr1	1388066	1388491	2	2	1	1	0	19
chr1	1388511	1388625	2	2	1	1	0	19
chr1	1390564	1390765	2	2	1	1	0	21
chr1	1398343	1398596	2	2	1	1	0	40
chr1	1402257	1405808	2	2	1	1	0	31
chr1	1407020	1407130	2	2	1	1	0	37
chr1	1478746	1479048	1	1	1	0	1	40
chr1	1490425	1490562	1	1	1	1	0	11
chr1	1517413	1517715	1	1	1	0	1	40
chr1	1527863	1529222	1	1	1	2	0	29
chr1	1534103	1534587	2	2	1	1	0	46
chr1	1545003	1564772	2	2	1	1	0	11
chr1	1636799	1636896	2	2	1	1	0	41
chr1	1638591	1640276	2	2	1	0	2	11
chr1	1640453	1641047	2	2	1	0	1	42
chr1	1641114	1641661	2	2	1	0	4	33
chr1	1641821	1641905	2	2	1	0	2	46
chr1	1642002	1642385	2	2	1	0	1	16
chr1	1642509	1645125	2	2	1	1	2	41
chr1	1645263	1649498	2	2	1	1	0	20
chr1	1652567	1655368	2	2	1	2	0	46
chr1	1655485	1657374	2	2	1	2	0	33
chr1	1704656	1704903	2	2	1	2	0	15
chr1	1705733	1707408	2	2	1	0	2	11
chr1	1706235	1706641	1	3	1	1	0	43
chr1	1707585	1708179	2	2	1	0	1	42
chr1	1708246	1708793	2	2	1	0	4	33
chr1	1708953	1709037	2	2	1	0	2	46
chr1	1709134	1709517	2	2	1	0	1	16
chr1	1709641	1712263	2	2	1	1	2	38
chr1	1719456	1721595	2	2	1	2	0	34
chr1	1721712	1722707	2	2	1	1	0	20
chr1	1793312	1804418	2	2	1	1	0	28
chr1	2174834	2175223	1	1	1	1	0	27
chr1	2184699	2184921	1	1	1	2	0	10
chr1	2189782	2192844	2	2	1	0	1	3
chr1	2189782	2193638	2	2	1	1	1	16
chr1	2192976	2193638	2	2	1	1	0	10
chr1	2317012	2318989	1	1	1	1	0	31
chr1	2399515	2400856	1	1	1	1	0	20
chr1	2402343	2403034	1	1	1	4	0	24
chr1	3476063	3477874	1	1	1	1	0	40
chr1	3775484	3775794	1	1	1	2	0	18
chr1	3781602	3782660	2	2	1	4	0	45
chr1	3829998	3831045	2	2	1	2	0	20
chr1	3839777	3844906	2	2	1	2	0	39
chr1	3844984	3845288	2	2	1	3	0	43
chr1	4712700	4769852	1	1	1	1	0	23
chr1	6186817	6192929	2	2	1	0	56	45
chr1	6186839	6192929	2	2	1	1	0	41
chr1	6193055	6197651	2	2	1	5	4	42
chr1	6264696	6281101	2	2	1	1	0	44
chr1	6318579	6327298	2	2	1	0	1	34
chr1	6333569	6339432	2	2	1	1	0	23
chr1	6549699	6550395	2	2	1	2	0	22
chr1	6785576	6825091	1	1	1	0	1	4
chr1	6807089	6825091	1	1	1	0	1	4
chr1	6820251	6825091	1	1	1	0	1	4
chr1	6825211	6871756	1	1	1	3	0	14
chr1	7962876	7965323	1	1	1	1	0	15
chr1	7965426	7969344	1	1	1	1	0	6
chr1	7970964	7977651	1	1	1	3	0	26
chr1	8380580	8402099	2	2	1	2	0	17
chr1	8656442	8703054	2	4	1	0	2	3
chr1	8805135	8805724	1	3	1	2	0	34
chr1	8805940	8807139	2	2	1	1	0	46
chr1	8861430	8862886	2	2	1	7	2	40
chr1	8862946	8863234	2	2	1	4	0	22
chr1	8863344	8863890	2	2	1	2	0	26
chr1	8864093	8865284	2	2	1	3	0	39
chr1	8865483	8866278	2	2	1	1	0	33
chr1	8866502	8867116	2	2	1	3	0	32
chr1	8867251	8867987	2	2	1	3	0	44
chr1	8868058	8870451	2	2	1	3	0	38
chr1	8870511	8871890	2	2	1	7	0	44
chr1	8871987	8874823	2	2	1	13	0	44
chr1	8874918	8878579	2	2	1	8	0	42
chr1	9567362	9579953	1	1	1	1	0	16
chr1	9576848	9576888	2	4	1	2	0	17
chr1	9731391	9731760	2	2	1	1	0	34
chr1	9751682	9755113	2	2	1	1	0	29
chr1	9772221	9781678	1	1	1	0	1	45
chr1	9930458	9931890	2	2	1	2	0	39
chr1	9941370	9942623	2	2	1	1	0	26
chr1	9982871	9983003	1	3	1	1	0	34
chr1	10105745	10117458	1	1	1	1	0	18
chr1	10256324	10258492	1	1	1	1	0	17
chr1	10271580	10272240	1	1	1	1	0	3
chr1	10272307	10275427	1	1	1	1	0	3
chr1	10276400	10277985	1	1	1	2	0	22
chr1	10404280	10408070	1	1	1	1	0	34
chr1	10411553	10413061	1	1	1	2	0	18
chr1	10413252	10416986	1	1	1	2	0	40
chr1	10418881	10420083	2	2	1	1	0	24
chr1	10419540	10419629	1	1	1	2	0	38
chr1	10419701	10419819	2	2	1	1	0	22
chr1	10433966	10434656	1	1	1	1	0	3
chr1	10434691	10440346	1	1	1	4	0	34
chr1	10440414	10442264	1	1	1	4	0	31
chr1	10463621	10467189	2	2	1	3	0	45
chr1	10618418	10623018	1	1	1	1	0	16
chr1	11012744	11013715	1	1	1	1	0	42
chr1	11018874	11020428	1	1	1	1	0	14
chr1	11023330	11023866	1	1	1	1	0	10
chr1	11054886	11054961	2	2	1	1	0	19
chr1	11066749	11068007	2	2	1	23	0	42
chr1	11068085	11068644	2	2	1	3	0	41
chr1	11076949	11077364	2	2	1	1	0	35
chr1	11088199	11090553	2	2	1	1	0	13
chr1	11091598	11095757	2	2	1	2	0	21
chr1	11107501	11108180	2	2	1	1	0	25
chr1	11114454	11114812	2	2	1	1	0	37
chr1	11130778	11133079	2	2	1	2	0	39
chr1	11378877	11381545	2	4	1	1	0	40
chr1	11675175	11675657	2	2	1	1	0	45
chr1	12029142	12029222	1	1	1	1	0	46
chr1	12031404	12031721	1	1	1	2	0	44
chr1	12242591	12244245	1	1	1	2	0	44
chr1	13731118	13732778	1	1	1	1	0	5
chr1	13742158	13749360	1	1	1	2	0	37
chr1	15725546	15727013	1	1	1	1	0	7
chr1	16198745	16199149	2	2	1	3	0	44
chr1	16593754	16594591	2	2	1	1	0	43
chr1	16635169	16643027	2	2	1	1	0	4
chr1	16635169	16644510	2	2	1	1	0	14
chr1	16642851	16643027	2	2	1	2	0	33
chr1	16888786	16889215	2	2	1	0	1	9
chr1	16975343	16975642	2	2	1	2	0	34
chr1	16975731	16976500	2	2	1	2	0	5
chr1	16976795	16976896	2	2	1	1	0	23
chr1	16977199	16978236	2	2	1	1	0	33
chr1	16986359	16986462	2	2	1	1	0	13
chr1	17018959	17022607	2	2	1	2	0	36
chr1	17409195	17409973	2	2	1	2	0	26
chr1	17410052	17412121	2	2	1	3	0	29
chr1	17641527	17641884	1	3	1	1	0	24
chr1	18376993	18377392	1	1	1	2	0	10
chr1	18377432	18378255	1	1	1	2	0	39
chr1	19084699	19086144	2	2	1	3	0	15
chr1	19086822	19087815	2	2	1	1	0	13
chr1	19097281	19099596	2	2	1	7	0	32
chr1	19099678	19100375	2	2	1	2	0	15
chr1	19100574	19101519	2	2	1	2	0	9
chr1	19121435	19121933	2	2	1	7	0	42
chr1	19164442	19164798	2	2	1	1	0	16
chr1	19175034	19176591	2	2	1	2	0	29
chr1	19258554	19258680	1	1	1	1	0	23
chr1	19306148	19307001	2	2	1	1	0	10
chr1	19622148	19623473	1	1	1	1	0	28
chr1	19623584	19626386	1	1	1	6	1	42
chr1	19894481	19897539	1	1	1	2	0	38
chr1	19904399	19904890	1	1	1	1	0	41
chr1	20499622	20500506	1	1	1	4	0	45
chr1	20649232	20650433	1	1	1	1	0	19
chr1	20652529	20652620	2	2	1	2	0	33
chr1	20654372	20654613	2	2	1	1	0	34
chr1	20656188	20660880	2	2	1	1	0	28
chr1	20776751	20779811	2	2	1	5	0	45
chr1	20807501	20810737	2	2	1	6	0	46
chr1	20817539	20825099	2	2	1	1	0	8
chr1	20860518	20862227	2	2	1	1	0	4
chr1	20862333	20864475	2	2	1	5	0	27
chr1	20864713	20865115	2	2	1	2	0	22
chr1	20899944	20904882	2	2	1	3	0	41
chr1	20973100	20980333	2	2	1	1	0	20
chr1	21088081	21088403	1	1	1	1	0	32
chr1	21679440	21680807	2	2	1	1	0	14
chr1	21690100	21695065	2	2	1	1	0	6
chr1	21703619	21704261	2	2	1	1	0	23
chr1	21715458	21721035	2	2	1	1	0	7
chr1	21721164	21721649	2	2	1	2	0	38
chr1	21721167	21721649	2	2	1	6	0	42
chr1	21721167	21728565	2	2	1	1	0	35
chr1	21721167	21728569	2	2	1	3	0	26
chr1	21747150	21748137	2	2	1	2	0	17
chr1	21757784	21782823	2	2	1	2	0	38
chr1	21877540	21878185	2	2	1	3	0	6
chr1	21878254	21878432	2	2	1	3	0	18
chr1	22081795	22086438	1	1	1	0	3	14
chr1	22086549	22086668	1	1	1	1	0	22
chr1	22086867	22091427	1	1	1	4	0	45
chr1	22909172	22910381	1	1	1	1	0	44
chr1	23030635	23050386	1	1	1	1	0	43
chr1	23050521	23053760	1	1	1	4	0	44
chr1	23053840	23055068	1	1	1	1	0	11
chr1	23055162	23055931	1	1	1	2	0	14
chr1	23055996	23069060	1	1	1	2	0	14
chr1	23057566	23059072	1	1	1	5	0	42
chr1	23059168	23068538	1	1	1	3	0	34
chr1	23059168	23071224	1	1	1	1	0	9
chr1	23068682	23069060	1	1	1	10	0	44
chr1	23069152	23071224	1	1	1	2	0	17
chr1	23071360	23072123	1	1	1	1	0	19
chr1	23079178	23079552	1	1	1	1	0	43
chr1	23082367	23083178	1	1	1	1	0	30
chr1	23294215	23300352	1	1	1	1	0	17
chr1	23311323	23313552	2	2	1	4	0	40
chr1	23313703	23318482	2	2	1	4	0	39
chr1	23318689	23321527	2	2	1	2	0	9
chr1	23321664	23323555	2	2	1	3	0	43
chr1	23451529	23452696	2	2	1	1	0	7
chr1	23558416	23558934	2	2	1	2	0	31
chr1	23691830	23692611	1	1	1	1	0	9
chr1	23692760	23693806	1	1	1	29	0	46
chr1	23693914	23694659	1	1	1	26	0	44
chr1	23693914	23695797	1	1	1	3	0	23
chr1	23694766	23695868	1	1	1	1	0	33
chr1	23694792	23695797	1	1	1	497	2	46
chr1	23695909	23696343	1	1	1	1038	0	46
chr1	23754256	23754362	1	1	1	3	0	33
chr1	23796008	23796150	2	2	1	1	0	25
chr1	23797872	23798116	2	2	1	1	0	10
chr1	23961135	23961439	1	1	1	3	0	35
chr1	23967724	23971572	2	2	1	1	0	9
chr1	23978274	23978652	2	2	1	5	0	39
chr1	24643348	24645983	1	1	1	1	0	3
chr1	24646074	24646666	1	1	1	9	0	43
chr1	24646790	24648858	1	1	1	37	0	45
chr1	24647209	24648858	1	1	1	1	0	19
chr1	24649030	24649970	1	1	1	32	0	45
chr1	24650087	24651408	1	1	1	2	0	19
chr1	24651613	24652433	1	3	1	7	0	32
chr1	24655130	24660718	1	1	1	3	0	26
chr1	24669588	24670119	1	1	1	4	0	15
chr1	24670316	24671385	1	1	1	9	0	37
chr1	24745626	24797741	1	1	1	2	0	37
chr1	24764221	24764541	2	4	1	2	0	42
chr1	24827117	24839859	1	1	1	0	1	35
chr1	24840042	24840772	1	1	1	1	0	46
chr1	25228236	25228997	2	2	1	3	0	30
chr1	25242427	25242538	2	2	1	2	0	23
chr1	25242706	25243549	2	2	1	1	0	9
chr1	25343074	25351625	1	1	1	1	0	13
chr1	25351694	25352881	1	1	1	1	0	11
chr1	25356854	25360659	1	1	1	3	0	10
chr1	25901683	25903640	2	2	1	3	0	35
chr1	26322057	26322163	2	2	1	1	0	4
chr1	26425488	26426241	1	1	1	5	0	38
chr1	26472628	26473482	1	1	1	7	0	45
chr1	26473528	26473702	1	1	1	7	0	30
chr1	26473733	26474084	1	1	1	8	0	30
chr1	26474136	26474571	1	1	1	14	1	31
chr1	26474668	26475112	1	1	1	27	0	46
chr1	26551724	26553390	1	1	1	1	0	24
chr1	26697541	26729650	1	1	1	1	0	45
chr1	26941661	26941752	1	1	1	5	0	40
chr1	26941819	26942659	1	1	1	2	0	33
chr1	26945474	26945567	1	1	1	1	0	27
chr1	26945687	26946129	1	1	1	5	0	40
chr1	27169853	27181358	2	2	1	0	1	15
chr1	27390757	27391117	2	2	1	1	0	14
chr1	27416103	27418268	2	2	1	19	0	42
chr1	27418423	27418953	2	2	1	1	0	42
chr1	27534917	27547260	2	2	1	1	0	8
chr1	27744812	27749067	1	1	1	1	0	14
chr1	27832817	27838698	1	1	1	2	0	20
chr1	27892248	27894011	2	2	1	1	0	29
chr1	28095989	28126567	2	2	1	0	1	4
chr1	28201371	28203746	2	2	1	6	0	39
chr1	28203823	28205257	2	2	1	8	0	30
chr1	28205350	28208341	2	2	1	4	0	40
chr1	28208414	28209971	2	2	1	5	0	36
chr1	28210067	28210570	2	2	1	29	0	46
chr1	28210638	28214939	2	2	1	27	0	46
chr1	28214997	28228921	2	2	1	16	0	30
chr1	28229024	28232920	2	2	1	2	0	39
chr1	28236271	28236360	1	1	1	2	0	40
chr1	28236453	28237836	1	1	1	7	0	42
chr1	28407464	28457831	1	1	1	2	0	28
chr1	28457856	28459084	1	1	1	1	0	10
chr1	28457860	28459084	1	1	1	1	0	9
chr1	28457882	28459084	1	1	1	1	0	23
chr1	28471997	28490316	1	1	1	1	0	35
chr1	28519613	28521050	1	3	1	3	0	42
chr1	28535147	28535257	1	1	1	1	0	37
chr1	28567414	28571175	1	1	1	2	0	12
chr1	28578681	28579532	2	2	1	14	0	34
chr1	28579588	28579911	2	2	1	5	0	31
chr1	28605461	28613246	2	2	1	5	0	18
chr1	28738339	28768928	1	1	1	2	0	36
chr1	28743987	28768928	1	1	1	24	1	43
chr1	28987906	28993329	1	1	1	11	0	40
chr1	29039427	29053103	1	1	1	2	0	30
chr1	29115804	29116818	1	1	1	2	0	10
chr1	29149227	29150102	2	2	1	2	0	10
chr1	30869589	30871099	1	3	1	1	0	23
chr1	30933343	30936642	2	2	1	1	0	38
chr1	30942124	30945345	2	2	1	1	0	35
chr1	30974803	30981311	2	2	1	1	0	21
chr1	30995221	31005852	2	2	1	1	0	17
chr1	31006032	31006993	2	2	1	1	0	5
chr1	31260122	31261528	2	2	1	1	0	17
chr1	31337276	31338956	1	1	1	1	0	27
chr1	31339049	31346639	1	1	1	3	0	19
chr1	31346741	31348828	1	1	1	9	0	35
chr1	31348975	31364031	1	1	1	16	0	44
chr1	31910113	31911695	2	2	1	1	0	41
chr1	31911827	31915894	2	2	1	1	0	41
chr1	32014378	32030297	1	1	1	2	0	32
chr1	32033335	32036909	1	1	1	1	0	17
chr1	32038037	32038551	1	1	1	1	0	33
chr1	32038620	32039514	1	1	1	1	0	33
chr1	32204621	32205193	1	1	1	1	0	23
chr1	32228610	32228726	1	1	1	1	0	13
chr1	32228817	32229134	1	1	1	1	0	26
chr1	32292219	32302620	1	1	1	1	0	5
chr1	32331807	32332089	1	1	1	7	0	43
chr1	32335098	32335946	2	2	1	2	0	40
chr1	32553541	32557846	1	1	1	1	0	18
chr1	32621949	32627507	2	2	1	16	0	37
chr1	32621949	32650432	2	2	1	2	0	29
chr1	32627545	32631826	2	2	1	6	0	37
chr1	32627545	32633950	2	2	1	1	0	24
chr1	32627545	32634767	2	2	1	1	0	17
chr1	32627545	32650432	2	2	1	3	0	22
chr1	32631880	32633644	2	2	1	6	0	26
chr1	32633728	32633950	2	2	1	2	0	14
chr1	32634793	32650432	2	2	1	1	0	25
chr1	32652062	32657426	1	1	1	3	0	21
chr1	32669358	32669485	1	1	1	1	0	6
chr1	32669564	32672449	1	1	1	1	0	8
chr1	32672902	32680525	1	1	1	1	0	30
chr1	32745001	32746105	2	4	1	1	0	31
chr1	32754181	32767786	1	1	1	2	0	35
chr1	32787076	32791161	2	2	1	2	0	29
chr1	32791255	32797762	2	2	1	4	0	41
chr1	33021462	33021592	2	2	1	1	0	29
chr1	33021704	33024441	2	2	1	0	1	43
chr1	33323765	33324229	1	1	1	1	0	45
chr1	34992388	35003967	2	2	1	1	0	33
chr1	35004006	35005131	2	2	1	1	0	21
chr1	35020468	35030546	2	2	1	2	0	39
chr1	35097567	35104294	1	1	1	3	0	41
chr1	35104470	35104556	1	1	1	1	0	14
chr1	35110448	35111771	1	1	1	1	0	29
chr1	35111913	35112086	1	1	1	3	0	15
chr1	35112131	35112976	1	1	1	3	0	33
chr1	35176472	35177318	2	2	1	18	0	46
chr1	35176475	35177318	2	2	1	11	0	45
chr1	35177400	35177988	2	2	1	6	0	44
chr1	35184594	35187000	2	2	1	3	0	38
chr1	35187123	35187202	2	2	1	3	0	37
chr1	35187252	35187972	2	2	1	2	0	17
chr1	35188091	35189002	2	2	1	4	0	44
chr1	35189088	35189185	2	2	1	27	0	44
chr1	35189383	35190497	2	2	1	31	0	44
chr1	35190594	35190693	2	2	1	10	0	44
chr1	35396671	35397376	1	1	1	1	0	19
chr1	35448333	35449866	2	2	1	2	0	42
chr1	35451777	35453556	2	2	1	3	0	41
chr1	35603375	35605232	2	2	1	8	0	29
chr1	35605283	35609245	2	2	1	6	0	34
chr1	35609409	35631273	2	2	1	2	0	18
chr1	35631345	35636309	2	2	1	1	0	15
chr1	35719524	35720764	1	3	1	1	0	18
chr1	35743531	35745450	2	2	1	1	0	30
chr1	35749812	35751249	2	2	1	2	0	40
chr1	35751507	35753744	2	2	1	1	0	35
chr1	35761205	35761997	2	2	1	1	0	37
chr1	35762482	35763159	2	4	1	1	0	24
chr1	35763322	35764265	2	2	1	6	0	45
chr1	35764715	35765217	2	2	1	6	0	37
chr1	36178824	36178920	1	1	1	1	0	35
chr1	36282701	36286367	1	1	1	1	0	40
chr1	36287271	36289059	1	3	1	21	0	43
chr1	36291547	36292597	1	1	1	4	0	45
chr1	36292710	36293850	1	1	1	5	0	17
chr1	36293936	36296582	1	1	1	13	0	43
chr1	36301085	36301552	1	1	1	3	0	33
chr1	36301085	36301555	1	1	1	1	0	25
chr1	36455926	36456186	2	2	1	40	0	45
chr1	36460777	36461263	2	2	1	1	0	20
chr1	36462164	36463805	2	2	1	1	0	22
chr1	36463851	36464145	2	2	1	2	0	43
chr1	37504708	37535327	1	1	1	1	0	16
chr1	37567008	37567672	2	2	1	27	0	41
chr1	37567765	37568274	2	2	1	5	0	33
chr1	37568358	37568850	2	2	1	3	0	35
chr1	37574824	37575594	2	2	1	1	0	23
chr1	37693034	37695909	1	1	1	3	0	26
chr1	37695951	37698904	1	1	1	6	0	42
chr1	37958264	37960119	2	2	1	1	0	27
chr1	37960176	37968043	2	2	1	1	0	9
chr1	37968135	37969353	2	2	1	1	0	3
chr1	37976954	37978719	2	2	1	2	0	43
chr1	37978828	37978987	2	2	1	2	0	43
chr1	37979534	37980585	2	2	1	1	0	17
chr1	37983027	37989259	2	4	1	2	0	33
chr1	37989596	37989869	2	2	1	2	0	23
chr1	38012866	38016358	1	1	1	4	0	44
chr1	38019384	38022698	1	1	1	1	0	44
chr1	38022810	38023544	1	1	1	1	0	12
chr1	38864715	38866879	2	2	1	1	0	26
chr1	39003419	39004044	1	1	1	1	0	14
chr1	39028941	39034391	1	1	1	22	0	38
chr1	39034430	39034521	1	3	1	3	0	12
chr1	39284186	39284332	1	1	1	1	0	36
chr1	39322716	39322909	1	1	1	1	0	4
chr1	39324346	39324645	1	1	1	6	0	43
chr1	39361678	39368147	1	1	1	3	0	19
chr1	39379445	39380243	1	1	1	4	0	36
chr1	39380374	39381952	1	1	1	1	0	18
chr1	39380523	39380786	2	4	1	1	0	13
chr1	39411536	39411906	1	1	1	1	0	28
chr1	39424184	39428268	1	3	1	1	0	19
chr1	39428288	39429241	1	1	1	1	0	18
chr1	39430069	39430701	1	1	1	1	0	29
chr1	39434633	39435557	1	1	1	3	0	34
chr1	39439501	39441002	1	1	1	1	0	38
chr1	39441326	39441951	1	1	1	4	0	38
chr1	39448153	39448593	1	1	1	1	0	43
chr1	39452351	39452683	1	1	1	2	0	35
chr1	39455098	39458369	1	1	1	4	0	43
chr1	39460795	39461882	1	1	1	4	0	45
chr1	39484731	39485537	1	1	1	1	0	17
chr1	39522506	39529054	2	2	1	1	0	24
chr1	39561123	39561684	2	2	1	6	0	45
chr1	39561788	39562072	2	2	1	2	0	42
chr1	39563742	39563835	2	2	1	1	0	5
chr1	39564774	39565105	2	2	1	1	0	42
chr1	39568940	39569594	2	2	1	3	0	19
chr1	39569690	39569862	2	2	1	6	0	43
chr1	39570003	39571233	2	2	1	1	0	26
chr1	39741410	39741894	1	1	1	1	0	27
chr1	39741922	39743215	1	1	1	1	0	19
chr1	39847298	39847547	2	2	1	1	0	23
chr1	39968345	39969785	2	4	1	3	0	28
chr1	40059459	40060066	1	1	1	1	0	46
chr1	40060171	40061734	1	1	1	1	0	26
chr1	40067718	40069689	1	1	1	1	0	10
chr1	40070283	40070429	1	1	1	1	0	33
chr1	40071665	40072567	2	2	1	1	0	21
chr1	40074550	40076041	2	2	1	1	0	42
chr1	40078659	40080396	2	2	1	1	0	30
chr1	40258395	40260838	1	1	1	1	0	5
chr1	40270128	40271893	1	1	1	3	0	20
chr1	40272036	40281342	1	1	1	1	0	39
chr1	40374224	40406735	1	1	1	1	0	27
chr1	40408739	40409756	1	1	1	2	0	32
chr1	40997527	41001028	1	1	1	1	0	37
chr1	41007546	41008658	1	1	1	1	0	21
chr1	41008891	41009444	1	1	1	1	0	26
chr1	41010255	41011657	1	1	1	11	0	39
chr1	42205864	42227882	2	2	1	1	0	37
chr1	42299694	42300562	1	1	1	1	0	42
chr1	42659567	42660861	1	1	1	1	0	43
chr1	42660905	42664862	1	1	1	1	0	3
chr1	42664956	42665979	1	1	1	2	0	5
chr1	42666588	42667350	1	1	1	3	0	42
chr1	42667441	42676583	1	1	1	8	0	46
chr1	42682732	42683402	1	1	1	8	0	30
chr1	42683467	42693489	1	1	1	3	0	29
chr1	42693524	42696198	1	1	1	3	0	15
chr1	42696289	42696641	1	1	1	8	0	30
chr1	42696945	42697179	1	1	1	48	1	44
chr1	42697263	42700780	1	1	1	13	2	40
chr1	42701047	42701980	1	1	1	10	6	41
chr1	42746573	42746735	1	1	1	1	0	41
chr1	42747413	42747722	2	2	1	1	0	13
chr1	42816581	42817189	2	2	1	1	0	39
chr1	42842014	42842774	2	2	1	1	0	29
chr1	42926320	42926707	1	1	1	1	0	36
chr1	42927242	42927604	2	2	1	3	0	13
chr1	42929315	42929592	2	2	1	1	0	16
chr1	43164494	43164642	2	2	1	52	0	45
chr1	43164806	43166825	2	2	1	5	0	33
chr1	43166920	43167159	2	2	1	5	0	31
chr1	43167236	43168938	2	2	1	2	0	23
chr1	43170880	43171478	2	2	1	2	0	35
chr1	43171652	43171885	2	2	1	2	0	19
chr1	43359397	43359489	1	1	1	1	0	10
chr1	43360397	43363051	1	1	1	1	0	34
chr1	43360962	43361119	1	1	1	2	0	43
chr1	43361246	43362194	1	1	1	2	0	14
chr1	43362313	43362950	1	1	1	7	0	41
chr1	43451312	43451427	2	2	1	2	0	19
chr1	43531091	43538197	1	1	1	1	0	42
chr1	43703737	43704019	1	1	1	1	0	10
chr1	43981925	43984864	1	1	1	1	0	33
chr1	43995201	43996405	2	2	1	1	0	19
chr1	44220310	44220558	1	1	1	13	0	46
chr1	44248039	44284834	2	2	1	1	0	9
chr1	44284908	44308309	2	2	1	1	0	10
chr1	44430668	44435820	2	2	1	1	0	19
chr1	44636163	44644697	1	1	1	1	0	30
chr1	44775601	44776033	1	1	1	1	0	9
chr1	44776141	44776674	1	1	1	5	0	34
chr1	44776775	44777613	1	1	1	41	0	41
chr1	44777673	44778614	1	1	1	1	0	27
chr1	44777790	44777999	1	1	1	69	1	43
chr1	44778130	44778575	1	1	1	440	0	46
chr1	44851004	44857703	2	2	1	2	0	45
chr1	44897445	44926627	2	2	1	4	0	12
chr1	45014071	45014438	1	1	1	1	0	24
chr1	45014837	45014939	1	1	1	1	0	14
chr1	45015007	45015336	1	1	1	6	0	44
chr1	45329438	45330515	2	2	1	4	0	40
chr1	45330558	45331181	2	4	1	1	0	10
chr1	45332087	45332165	2	2	1	1	0	45
chr1	45333171	45333284	2	2	1	1	0	39
chr1	45511415	45514506	2	2	1	31	0	44
chr1	45514638	45514872	2	2	1	4	0	42
chr1	45514996	45515653	2	2	1	1	0	23
chr1	45515808	45518937	2	2	1	2	0	42
chr1	45552564	45566568	1	1	1	1	0	15
chr1	45556511	45593462	1	1	1	2	0	22
chr1	45568178	45568484	1	1	1	1	0	37
chr1	45568685	45568926	1	1	1	2	0	41
chr1	45569000	45569142	1	1	1	4	0	18
chr1	45569230	45569890	1	1	1	33	0	46
chr1	45584206	45591222	1	1	1	1	0	15
chr1	45591271	45602254	1	1	1	2	0	34
chr1	45602366	45604935	1	1	1	7	0	29
chr1	45605017	45606481	1	1	1	21	0	46
chr1	45606592	45607320	1	1	1	10	0	44
chr1	45608338	45613168	1	1	1	10	0	30
chr1	45613249	45614095	1	1	1	7	0	31
chr1	45614182	45614292	1	1	1	3	0	32
chr1	45614367	45615012	1	1	1	3	0	23
chr1	45615202	45615304	1	1	1	8	0	46
chr1	45615472	45616336	1	1	1	10	0	37
chr1	45616394	45616625	1	1	1	8	0	38
chr1	45616704	45617462	1	1	1	7	0	27
chr1	45617592	45618042	1	1	1	1	0	16
chr1	45617592	45618060	1	1	1	70	0	45
chr1	45654830	45655189	2	2	1	1	0	32
chr1	45804073	45824432	1	1	1	1	0	17
chr1	46055972	46061928	2	2	1	1	0	20
chr1	46294679	46296409	2	2	1	2	0	43
chr1	46309128	46310154	1	1	1	0	3	28
chr1	46310317	46316551	1	1	1	26	0	42
chr1	46658190	46658686	2	2	1	1	0	30
chr1	46658738	46665255	2	2	1	1	0	11
chr1	46686871	46689586	2	2	1	1	0	44
chr1	47260540	47262902	2	2	1	2	0	43
chr1	48403883	48411463	2	2	1	2	0	29
chr1	50535458	50539591	2	2	1	1	0	10
chr1	51361356	51363865	2	2	1	1	0	31
chr1	51465327	51468472	2	2	1	1	0	26
chr1	51730125	51745535	1	1	1	1	0	20
chr1	51745632	51746709	1	1	1	2	0	25
chr1	51772183	51772604	1	1	1	1	0	30
chr1	51776919	51781163	1	1	1	2	0	40
chr1	51786618	51787352	1	1	1	1	0	43
chr1	51789434	51789567	2	2	1	9	0	37
chr1	51789658	51790532	2	2	1	1	0	28
chr1	51790650	51790899	2	2	1	1	0	14
chr1	51790991	51791577	2	2	1	1	0	14
chr1	51814090	51814550	2	2	1	1	0	23
chr1	51814610	51814692	2	2	1	2	0	26
chr1	51814814	51816311	2	4	1	3	0	30
chr1	51816390	51818065	2	2	1	1	0	12
chr1	51819874	51821497	2	2	1	1	0	45
chr1	51840515	51878274	2	2	1	6	0	35
chr1	52021013	52023490	2	2	1	1	0	32
chr1	52024580	52027274	2	2	1	1	0	33
chr1	52056380	52059834	1	1	1	0	1	21
chr1	52064939	52083339	1	1	1	0	1	27
chr1	52083542	52086111	1	1	1	0	1	13
chr1	52295978	52303820	1	1	1	1	0	44
chr1	52332919	52334687	1	1	1	1	0	14
chr1	52373376	52374809	2	2	1	1	0	40
chr1	52397864	52401361	2	2	1	1	0	6
chr1	52405840	52408568	1	1	1	1	0	8
chr1	52445870	52445956	2	2	1	1	0	30
chr1	52446005	52446264	2	2	1	1	0	14
chr1	52477883	52481422	2	2	1	1	0	46
chr1	52509713	52515890	2	2	1	4	0	42
chr1	52526374	52552930	2	2	1	1	0	40
chr1	52692868	52698220	2	2	1	1	0	16
chr1	53047938	53050608	1	1	1	1	0	32
chr1	53214737	53215990	2	2	1	1	0	10
chr1	53216057	53216781	2	2	1	1	0	25
chr1	53227145	53228871	2	2	1	21	0	43
chr1	53228955	53233541	2	2	1	3	0	17
chr1	53250863	53255116	2	2	1	4	0	38
chr1	53866383	53866757	2	2	1	2	0	6
chr1	53878403	53878641	2	2	1	1	0	19
chr1	53921768	53923903	2	2	1	6	0	37
chr1	53923948	53928371	2	2	1	3	0	41
chr1	54045787	54047266	2	2	1	2	0	24
chr1	54054525	54068755	1	1	1	1	0	41
chr1	54186287	54187651	2	2	1	1	0	12
chr1	54205202	54205294	1	1	1	1	0	7
chr1	54212659	54216140	1	1	1	1	0	20
chr1	54216345	54218171	1	1	1	10	0	45
chr1	54227161	54228254	2	2	1	1	0	34
chr1	54228357	54228448	2	2	1	1	0	29
chr1	54228478	54228747	2	2	1	1	0	28
chr1	54716020	54716599	1	1	1	1	0	38
chr1	54716718	54717491	1	1	1	1	0	42
chr1	54721241	54722674	1	1	1	1	0	34
chr1	54854235	54865302	2	2	1	1	0	41
chr1	55023012	55028222	2	2	1	0	9	46
chr1	55061557	55063368	1	1	1	1	0	16
chr1	55071459	55071558	2	2	1	1	0	19
chr1	55121507	55123446	2	2	1	2	0	44
chr1	55147799	55148462	2	2	1	1	0	41
chr1	55154281	55154370	2	4	1	1	0	11
chr1	55228320	55230014	1	1	1	0	1	43
chr1	57072415	57136542	2	2	1	1	0	12
chr1	57145430	57290963	2	2	1	1	0	12
chr1	58673651	58675476	2	2	1	2	0	32
chr1	58675581	58676925	2	2	1	1	0	42
chr1	58690418	58692860	2	2	1	3	0	26
chr1	59757993	59762502	1	1	1	1	0	4
chr1	59847186	59848314	1	1	1	1	0	40
chr1	59848517	59849072	1	1	1	3	0	30
chr1	59862878	59864631	1	1	1	1	0	27
chr1	59864667	59865162	1	1	1	1	0	30
chr1	59865973	59868249	1	1	1	1	0	33
chr1	59868352	59871041	1	1	1	3	0	37
chr1	59871111	59872794	1	1	1	1	0	19
chr1	61766474	61769282	1	1	1	1	0	21
chr1	61901460	61908371	1	1	1	1	0	6
chr1	61908483	61914586	1	1	1	3	0	6
chr1	61914665	61927729	1	1	1	3	0	17
chr1	62121296	62123020	1	1	1	1	0	7
chr1	62141462	62145742	1	3	1	1	0	43
chr1	62148391	62153631	1	1	1	1	0	43
chr1	62152418	62152901	1	3	1	1	3	32
chr1	62196529	62206518	1	1	1	11	0	35
chr1	62207637	62209782	1	1	1	3	0	35
chr1	62209973	62210002	0	0	1	7	0	39
chr1	62437401	62439798	1	1	1	1	0	44
chr1	62441609	62442194	1	1	1	1	0	23
chr1	62442300	62443158	1	1	1	1	0	21
chr1	62443320	62444737	1	1	1	6	0	33
chr1	62633579	62634772	2	2	1	1	0	11
chr1	62647777	62648105	2	2	1	2	0	13
chr1	62841548	62863991	1	1	1	2	0	31
chr1	63321191	63321366	2	4	1	1	0	27
chr1	63321464	63321624	2	2	1	1	0	6
chr1	63429127	63436822	1	1	1	1	0	35
chr1	63454474	63454889	2	2	1	2	0	6
chr1	63454969	63478763	2	2	1	2	0	7
chr1	63490219	63508527	2	2	1	3	0	43
chr1	63508571	63523128	2	2	1	3	0	29
chr1	63654467	63659585	1	1	1	1	0	35
chr1	64838590	64839602	2	2	1	1	0	42
chr1	64841602	64844063	2	2	1	1	0	7
chr1	64879149	64883276	2	2	1	1	0	22
chr1	65168503	65168966	1	1	1	1	0	17
chr1	65194582	65199436	2	4	1	3	0	36
chr1	65218927	65224751	1	1	1	0	1	13
chr1	66940053	66946149	1	1	1	1	0	14
chr1	66958221	66958850	1	1	1	2	0	14
chr1	66958984	66959678	1	1	1	2	0	41
chr1	66976723	66981778	1	1	1	1	0	18
chr1	66981919	66984571	1	1	1	3	0	14
chr1	66984593	66986402	1	1	1	1	0	9
chr1	67413264	67415165	2	2	1	102	0	42
chr1	67415340	67420008	2	2	1	7	0	34
chr1	67420187	67424199	2	2	1	1	4	34
chr1	67424278	67424887	2	2	1	5	0	36
chr1	67424323	67424887	2	2	1	8	0	44
chr1	67424960	67425082	2	2	1	3	0	40
chr1	67424978	67425082	2	2	1	4	0	36
chr1	67425224	67426134	2	2	1	1	0	44
chr1	67426286	67429987	2	2	1	2	0	29
chr1	68477973	68479143	2	2	1	4	0	39
chr1	68482898	68483949	2	2	1	1	0	40
chr1	68484091	68486936	2	2	1	1	0	22
chr1	68486985	68488373	2	2	1	1	0	22
chr1	68489609	68496951	2	2	1	1	0	6
chr1	70151206	70152432	2	2	1	1	0	24
chr1	70232378	70234695	1	1	1	1	0	10
chr1	70234789	70235500	1	1	1	4	0	44
chr1	70235551	70237424	1	1	1	8	0	41
chr1	70237553	70239438	1	1	1	3	0	33
chr1	70239521	70244683	1	1	1	20	0	45
chr1	70244816	70246817	1	1	1	12	0	39
chr1	70246908	70249951	1	1	1	21	0	43
chr1	70250048	70250364	1	1	1	23	0	43
chr1	70250504	70250607	1	1	1	9	0	44
chr1	70250504	70250610	1	1	1	10	0	44
chr1	71065138	71065677	2	2	1	3	0	31
chr1	71065138	71066775	2	2	1	5	0	42
chr1	71065753	71066775	2	2	1	13	0	35
chr1	71066935	71069275	2	2	1	3	0	41
chr1	71070997	71072120	2	2	1	2	0	29
chr1	71072256	71072471	2	2	1	3	0	8
chr1	71072549	71076794	2	2	1	21	0	45
chr1	71076878	71078456	2	2	1	22	0	45
chr1	71078566	71078655	2	2	1	3	0	20
chr1	71078709	71080939	2	2	1	1	0	19
chr1	74710248	74714578	2	2	1	2	0	27
chr1	74719373	74723117	2	2	1	1	0	37
chr1	74748823	74752291	1	1	1	4	0	33
chr1	74752426	74763893	1	1	1	2	0	36
chr1	75726948	75728400	1	1	1	1	0	13
chr1	75733629	75734790	1	1	1	2	0	23
chr1	75734872	75739979	1	1	1	1	0	7
chr1	75740111	75745805	1	1	1	1	0	30
chr1	75761371	75762691	1	1	1	1	0	5
chr1	75794234	75794509	1	3	1	1	0	11
chr1	76116650	76116829	1	3	1	1	0	32
chr1	76412418	76627451	1	1	1	1	0	6
chr1	77129320	77129602	1	1	1	0	1	13
chr1	77582127	77584516	2	2	1	1	0	23
chr1	77711856	77713199	2	2	1	3	0	44
chr1	77713282	77714613	2	2	1	1	0	36
chr1	77725763	77728294	2	2	1	1	0	35
chr1	77747388	77748561	0	0	1	3	0	30
chr1	77783352	77801330	1	1	1	2	0	16
chr1	77918274	77925187	1	1	1	3	0	29
chr1	77925230	77926413	1	1	1	2	0	39
chr1	77926893	77929315	1	1	1	2	0	44
chr1	77929505	77933281	1	1	1	3	0	42
chr1	77948775	77949154	2	2	1	1	0	9
chr1	77955330	77956571	2	2	1	1	0	41
chr1	77956701	77960183	2	2	1	2	0	15
chr1	77962931	77963573	2	4	1	1	0	28
chr1	77963716	77964061	2	2	1	3	0	27
chr1	77964357	77964645	2	2	1	12	0	40
chr1	77964748	77964869	2	2	1	18	0	39
chr1	77964969	77965068	2	2	1	3	0	27
chr1	77965232	77966693	2	2	1	1	0	20
chr1	77966752	77966883	2	2	1	1	0	11
chr1	78013620	78016013	1	1	1	1	0	11
chr1	81969388	81970313	1	1	1	3	0	43
chr1	81981977	81984582	1	1	1	1	0	37
chr1	83911364	83917603	2	2	1	1	0	37
chr1	84214318	84235179	1	1	1	1	0	40
chr1	84479510	84480955	1	1	1	1	0	13
chr1	84490473	84495372	1	1	1	1	0	25
chr1	84498549	84501825	2	2	1	24	0	44
chr1	84501971	84506010	2	2	1	2	0	34
chr1	84647608	84650361	2	2	1	1	0	14
chr1	84656006	84656347	2	2	1	1	0	4
chr1	84662376	84662454	2	2	1	2	0	31
chr1	84664553	84666121	2	2	1	1	0	13
chr1	84666233	84669680	2	2	1	3	0	13
chr1	85190753	85200251	2	2	1	1	0	20
chr1	85654099	85657846	2	2	1	1	0	19
chr1	85702261	85706077	2	2	1	1	0	20
chr1	86354860	86356443	2	2	1	1	0	34
chr1	86358892	86360425	2	2	1	5	0	42
chr1	86715866	86719506	1	1	1	1	0	39
chr1	86742437	86743127	1	1	1	3	0	40
chr1	86880726	86903280	2	2	1	2	0	38
chr1	87340203	87344787	1	1	1	1	0	35
chr1	88763348	88765177	2	4	1	1	0	20
chr1	88770470	88771420	1	1	1	1	0	9
chr1	88813734	88821940	1	1	1	1	0	14
chr1	88943092	88943349	2	2	1	1	0	22
chr1	89581030	89581081	1	3	1	1	0	44
chr1	89998155	90005002	1	1	1	1	0	12
chr1	90005039	90005132	1	1	1	1	0	36
chr1	90010287	90013125	1	1	1	3	0	38
chr1	90013238	90017316	1	1	1	2	0	44
chr1	90017465	90018684	1	1	1	1	0	34
chr1	90018785	90020791	1	1	1	1	0	3
chr1	90020923	90022249	1	1	1	1	0	23
chr1	90022346	90027353	1	1	1	2	0	44
chr1	90938091	90938271	2	2	1	3	0	37
chr1	91513308	91513947	1	1	1	1	0	30
chr1	92246647	92247061	2	2	1	5	0	39
chr1	92246647	92247109	2	2	1	2	0	16
chr1	92247145	92247877	2	2	1	4	0	35
chr1	92263733	92264553	2	2	1	1	0	26
chr1	92264639	92266418	2	2	1	2	0	45
chr1	92271653	92286489	2	2	1	2	0	44
chr1	92286593	92288913	2	2	1	2	0	33
chr1	92290307	92291417	2	2	1	1	0	33
chr1	92395495	92396311	1	3	1	1	0	30
chr1	92624335	92625793	2	2	1	2	0	32
chr1	92625935	92636201	2	2	1	2	0	6
chr1	92693900	92694298	2	2	1	2	0	36
chr1	92832118	92833388	1	1	1	1	0	44
chr1	92833459	92833544	1	1	1	3	0	38
chr1	92833661	92834778	1	1	1	7	0	41
chr1	92834914	92836189	1	1	1	1	0	4
chr1	92836393	92837455	1	1	1	24	1	45
chr1	92837634	92840550	1	1	1	16	52	45
chr1	92840640	92841765	1	1	1	467	0	46
chr1	92841234	92841765	1	1	1	1	0	18
chr1	93115089	93115469	1	1	1	1	0	3
chr1	93119402	93120548	1	1	1	1	0	22
chr1	93120673	93127231	1	1	1	4	0	22
chr1	93127300	93129277	1	1	1	6	0	32
chr1	93127300	93133702	1	1	1	1	0	12
chr1	93129449	93133702	1	1	1	4	0	18
chr1	93186504	93191999	1	1	1	1	0	6
chr1	93192107	93193615	1	1	1	2	0	26
chr1	93193745	93201891	1	1	1	8	0	35
chr1	93201989	93205509	1	1	1	1	0	20
chr1	93217870	93218502	1	1	1	1	0	29
chr1	93217870	93221608	1	1	1	2	0	41
chr1	93221744	93221858	1	1	1	3	0	40
chr1	93221937	93226332	1	3	1	2	0	25
chr1	93232594	93236247	1	1	1	1	0	16
chr1	93236391	93239309	1	1	1	2	0	34
chr1	93239474	93239682	1	1	1	1	0	13
chr1	93239897	93246104	1	1	1	1	0	28
chr1	93246955	93254470	1	1	1	6	0	31
chr1	93248269	93248728	2	4	1	2	0	16
chr1	93264902	93278462	1	1	1	1	0	30
chr1	93270815	93278462	1	1	1	2	0	29
chr1	93448306	93499467	1	1	1	1	0	4
chr1	93499584	93522081	1	1	1	3	0	31
chr1	93522136	93523343	1	1	1	4	0	33
chr1	93523492	93524260	1	1	1	1	0	7
chr1	93524324	93529651	1	1	1	1	0	29
chr1	93530884	93532921	1	1	1	1	0	9
chr1	93534909	93541185	1	1	1	1	0	35
chr1	93534909	93544106	1	1	1	9	0	45
chr1	93551106	93552408	1	1	1	1	0	44
chr1	93869945	93870682	2	2	1	22	0	46
chr1	93870793	93872071	2	2	1	1	0	23
chr1	93872237	93873118	2	2	1	2	0	19
chr1	93873215	93875644	2	2	1	5	0	37
chr1	93875784	93876267	2	2	1	4	0	42
chr1	94201858	94202543	2	2	1	1	0	32
chr1	94899518	94901668	2	2	1	2	0	39
chr1	94901786	94902120	2	2	1	2	0	34
chr1	94902259	94903121	2	2	1	4	0	45
chr1	94903525	94926837	2	2	1	2	0	35
chr1	94982269	94982403	1	3	1	2	0	17
chr1	95743203	95759290	1	1	1	1	0	5
chr1	96721873	96723563	1	1	1	1	0	25
chr1	96723595	96751424	1	1	1	1	0	31
chr1	96751501	96769702	1	1	1	1	0	37
chr1	98701904	98760053	1	1	1	1	0	44
chr1	100017816	100022385	1	1	1	1	0	45
chr1	100050005	100058665	1	1	1	1	0	25
chr1	100058729	100059877	1	1	1	1	0	4
chr1	100107554	100107627	2	2	1	4	0	30
chr1	100110484	100119017	2	2	1	3	0	43
chr1	100119138	100120393	2	2	1	4	0	39
chr1	100121550	100122379	2	2	1	3	0	42
chr1	100133316	100136881	1	1	1	1	0	39
chr1	100136929	100137018	1	1	1	1	0	6
chr1	100139712	100140181	1	1	1	1	0	30
chr1	100143210	100144068	1	1	1	1	0	38
chr1	100287204	100291402	1	1	1	2	0	15
chr1	100353004	100353761	1	1	1	2	0	36
chr1	100353452	100353761	1	1	1	1	0	39
chr1	100377622	100390731	1	1	1	1	0	32
chr1	100455493	100462650	1	1	1	1	0	21
chr1	101021766	101025308	2	2	1	1	0	27
chr1	103527743	103533738	1	1	1	1	0	43
chr1	103537485	103541349	1	1	1	2	0	30
chr1	103551793	103555033	1	1	1	1	0	34
chr1	107574199	107596211	2	2	1	1	0	6
chr1	107617633	107642618	2	2	1	1	0	39
chr1	107760880	107765075	2	2	1	1	0	40
chr1	107779493	107874900	2	2	1	1	0	34
chr1	108139209	108143542	2	2	1	1	0	21
chr1	108148387	108154982	2	2	1	1	0	13
chr1	108157621	108161181	2	2	1	2	0	8
chr1	108161294	108181940	2	2	1	1	0	34
chr1	108185955	108199955	2	2	1	2	0	7
chr1	108698828	108699161	1	1	1	2	0	18
chr1	108776424	108779285	1	1	1	2	0	38
chr1	108779411	108782421	1	3	1	3	0	45
chr1	108807550	108808782	1	1	1	1	0	33
chr1	108918790	108922416	1	1	1	1	0	28
chr1	108932502	108934624	2	2	1	2	0	33
chr1	108941499	108943474	2	2	1	3	0	8
chr1	108991330	108995579	2	2	1	1	0	4
chr1	108992488	108992770	1	1	1	0	1	13
chr1	109064694	109066134	2	2	1	1	0	21
chr1	109214129	109223977	1	1	1	2	0	28
chr1	109224049	109228351	1	1	1	1	0	34
chr1	109236549	109237243	1	1	1	1	0	27
chr1	109237374	109237730	1	1	1	1	0	24
chr1	109273671	109274160	1	1	1	2	0	33
chr1	109282576	109282679	2	2	1	1	0	20
chr1	109282732	109283062	2	2	1	1	0	20
chr1	109314058	109314260	2	2	1	5	0	40
chr1	109314385	109314671	2	2	1	1	0	40
chr1	109402091	109409927	2	2	1	17	0	42
chr1	109411114	109411876	2	2	1	2	0	23
chr1	109412185	109413067	2	2	1	2	0	4
chr1	109415364	109421859	2	2	1	1	0	36
chr1	109491718	109492585	1	1	1	2	0	22
chr1	109579362	109582436	1	1	1	1	0	36
chr1	109582566	109586215	1	1	1	1	0	27
chr1	109586346	109586728	1	1	1	1	0	32
chr1	109627519	109627773	1	1	1	1	0	44
chr1	110015532	110016343	1	1	1	1	0	46
chr1	110016461	110016666	1	1	1	1	0	31
chr1	110018468	110018551	1	1	1	1	0	9
chr1	110018651	110019050	1	1	1	1	0	7
chr1	110044906	110045014	1	1	1	1	0	27
chr1	110045079	110046679	1	1	1	1	0	36
chr1	110401584	110403918	2	2	1	1	0	20
chr1	110404037	110406317	2	2	1	1	0	46
chr1	111118268	111118804	2	2	1	2	0	29
chr1	111440771	111441210	2	4	1	2	0	33
chr1	111449582	111449836	1	1	1	4	0	9
chr1	111449874	111454210	1	1	1	4	0	37
chr1	111763008	111765736	1	1	1	2	0	28
chr1	112591604	112597970	2	2	1	2	0	45
chr1	112669606	112669991	1	1	1	1	1	34
chr1	112699983	112700218	1	1	1	1	0	31
chr1	112850428	112877729	1	1	1	1	0	12
chr1	112893229	112926473	2	2	1	2	0	34
chr1	112914166	112917177	2	2	1	11	1	44
chr1	112958224	112958359	1	3	1	1	0	38
chr1	113062001	113062329	0	0	1	3	0	34
chr1	113713439	113724758	2	2	1	3	0	21
chr1	113726575	113738109	2	2	1	4	0	44
chr1	113798037	113811709	2	2	1	2	0	42
chr1	114397861	114399456	2	2	1	3	0	28
chr1	114399610	114401388	2	2	1	1	0	15
chr1	114401464	114402759	2	2	1	2	0	35
chr1	114402884	114405409	2	2	1	1	0	16
chr1	114407101	114408676	2	2	1	1	0	23
chr1	114408741	114410183	2	2	1	1	0	6
chr1	114424756	114425448	2	2	1	1	0	36
chr1	114430913	114433616	2	2	1	2	0	39
chr1	114433734	114463103	2	2	1	1	0	20
chr1	114463557	114464269	2	2	1	2	0	32
chr1	114568257	114569991	2	2	1	1	0	24
chr1	114713979	114716049	2	2	1	1	0	31
chr1	114717441	114717862	2	2	1	1	0	23
chr1	114718217	114718612	2	2	1	15	0	42
chr1	114718746	114719578	2	2	1	3	0	41
chr1	114724003	114725220	2	2	1	2	0	27
chr1	114725334	114726210	2	2	1	7	0	42
chr1	114726387	114726982	2	4	1	2	0	35
chr1	114733858	114733988	2	2	1	1	0	16
chr1	114734118	114734441	2	2	1	1	0	31
chr1	114734524	114736757	2	2	1	1	0	12
chr1	114737564	114737962	2	2	1	1	0	13
chr1	114750208	114757924	2	2	1	1	0	20
chr1	114779285	114780109	2	2	1	3	0	32
chr1	116373524	116384013	1	1	1	3	0	39
chr1	116387492	116388130	1	1	1	2	0	39
chr1	116389020	116389438	1	1	1	1	0	36
chr1	116389708	116390212	1	1	1	1	0	28
chr1	116390892	116392853	1	1	1	1	0	7
chr1	116398039	116398620	1	1	1	2	0	35
chr1	116399085	116399419	1	1	1	1	0	33
chr1	116401007	116401129	1	1	1	1	0	24
chr1	116401261	116401553	1	1	1	1	0	32
chr1	116401656	116403883	1	1	1	1	0	23
chr1	116403976	116404415	1	1	1	1	0	33
chr1	116404435	116404637	2	2	1	7	0	20
chr1	116521984	116535964	2	2	1	1	0	35
chr1	116536229	116544310	2	2	1	2	0	25
chr1	116967093	116974444	2	4	1	2	0	16
chr1	117073728	117074869	1	1	1	4	0	37
chr1	117075860	117076179	1	1	1	1	0	37
chr1	117078044	117079567	1	1	1	6	0	24
chr1	117079650	117081827	1	1	1	3	0	36
chr1	117098908	117101379	1	1	1	1	0	21
chr1	117368486	117402185	1	1	1	2	0	35
chr1	117405646	117414712	1	1	1	1	0	43
chr1	117939573	117940826	1	1	1	1	0	35
chr1	117940941	117941123	1	1	1	5	0	32
chr1	117941226	117941749	1	1	1	5	0	45
chr1	117946180	117948404	1	1	1	2	0	19
chr1	117952077	117952296	1	1	1	1	0	43
chr1	117952663	117952945	1	1	1	1	0	35
chr1	117952997	117953475	1	1	1	1	0	6
chr1	117954100	117954579	1	1	1	1	0	14
chr1	119721322	119723375	1	1	1	1	0	27
chr1	119737267	119740385	1	1	1	1	0	24
chr1	119741898	119742806	1	1	1	1	0	6
chr1	119742970	119744063	2	4	1	1	0	12
chr1	119743045	119743885	1	1	1	2	0	44
chr1	120267467	120341716	2	2	1	0	1	3
chr1	120462967	120463675	1	1	1	0	2	41
chr1	120463728	120464375	1	1	1	0	1	36
chr1	120532090	120536310	2	2	1	0	1	11
chr1	120538405	120538570	2	2	1	0	1	30
chr1	120829816	120833602	1	1	1	0	2	10
chr1	120830589	120831297	1	1	1	0	2	41
chr1	120831350	120831987	1	1	1	0	1	36
chr1	120832984	120833602	1	1	1	0	2	10
chr1	120837342	120838050	1	1	1	0	2	41
chr1	120838103	120838744	1	1	1	0	1	36
chr1	120952786	120953219	1	1	1	0	2	42
chr1	143736460	143736889	1	1	1	0	1	9
chr1	144424863	144425516	2	2	1	0	1	36
chr1	144425569	144426277	2	2	1	0	2	41
chr1	145296511	145297138	2	2	1	0	2	10
chr1	145312381	145313008	2	2	1	0	2	10
chr1	145317151	145317780	2	2	1	0	2	10
chr1	145321913	145322542	2	2	1	0	2	10
chr1	145345694	145346321	2	2	1	0	2	10
chr1	145350464	145351093	2	2	1	0	2	10
chr1	145355228	145355855	2	2	1	0	2	10
chr1	145378987	145379616	2	2	1	0	2	10
chr1	145388491	145389120	2	2	1	0	2	10
chr1	145575820	145576459	2	2	1	0	1	36
chr1	145576512	145577220	2	2	1	0	1	4
chr1	145788803	145788907	2	2	1	1	0	20
chr1	145788967	145823771	2	2	1	1	0	13
chr1	145841072	145842338	1	1	1	2	0	43
chr1	145866766	145867286	2	2	1	2	0	17
chr1	145925928	145926040	2	2	1	29	1	42
chr1	145926178	145926481	2	2	1	2	0	35
chr1	145926619	145926808	2	2	1	1	0	15
chr1	145926887	145927017	2	2	1	1	0	10
chr1	145977852	145977982	1	1	1	1	0	20
chr1	146069716	146070323	2	2	1	0	2	10
chr1	146071320	146071967	2	2	1	0	1	36
chr1	146072020	146072728	2	2	1	0	2	41
chr1	146074444	146075045	2	2	1	0	2	10
chr1	146079180	146079781	2	2	1	0	2	10
chr1	146080778	146081435	2	2	1	0	1	36
chr1	146081488	146082196	2	2	1	0	2	41
chr1	146083910	146084517	2	2	1	0	2	10
chr1	146085514	146086163	2	2	1	0	1	36
chr1	146086216	146086923	2	2	1	0	2	41
chr1	146088637	146089238	2	2	1	0	2	10
chr1	146093355	146093956	2	2	1	0	2	10
chr1	146094953	146095602	2	2	1	0	1	36
chr1	146095655	146096363	2	2	1	0	2	41
chr1	146098077	146098678	2	2	1	0	2	10
chr1	146099675	146100324	2	2	1	0	1	36
chr1	146100377	146101085	2	2	1	0	2	41
chr1	146102799	146103400	2	2	1	0	2	10
chr1	146104397	146105042	2	2	1	0	1	36
chr1	146105095	146105803	2	2	1	0	2	41
chr1	146107517	146108118	2	2	1	0	2	10
chr1	146121671	146122282	2	2	1	0	2	10
chr1	146123279	146123926	2	2	1	0	1	36
chr1	146123979	146124687	2	2	1	0	2	41
chr1	146941186	146941661	1	1	1	1	0	16
chr1	146985757	146986351	1	1	1	0	1	38
chr1	146986525	146987233	1	1	1	0	2	41
chr1	146987286	146987953	1	1	1	0	1	36
chr1	146988127	146988840	1	1	1	0	2	26
chr1	146988127	146993598	1	1	1	0	2	26
chr1	146990518	146991112	1	1	1	0	1	38
chr1	146991286	146991994	1	1	1	0	2	41
chr1	146992047	146992711	1	1	1	0	1	36
chr1	146992885	146993598	1	1	1	0	2	26
chr1	146994914	146995994	1	1	1	1	0	22
chr1	147166940	147167766	2	2	1	1	0	36
chr1	147252736	147254869	1	1	1	1	0	7
chr1	147280192	147284350	1	1	1	2	0	21
chr1	147284500	147285323	1	1	1	1	0	25
chr1	147286501	147287634	1	1	1	1	0	11
chr1	147287734	147291481	1	1	1	2	0	45
chr1	147291553	147293607	1	1	1	3	0	46
chr1	147293723	147294408	1	1	1	1	0	39
chr1	147606867	147611577	1	1	1	1	0	8
chr1	147608460	147608976	1	3	1	2	0	16
chr1	147647567	147648245	2	2	1	1	0	28
chr1	147650239	147652448	2	2	1	1	0	19
chr1	148107115	148107710	2	2	1	0	1	38
chr1	148200634	148205623	2	2	1	1	0	12
chr1	148536397	148537010	2	2	1	0	2	10
chr1	148538701	148539409	2	2	1	0	1	41
chr1	148541123	148541730	2	2	1	0	2	10
chr1	148542727	148543362	2	2	1	0	1	36
chr1	148543415	148544123	2	2	1	0	2	41
chr1	148545837	148546444	2	2	1	0	2	10
chr1	148547441	148548070	2	2	1	0	1	36
chr1	148548123	148548831	2	2	1	0	2	41
chr1	148550545	148551152	2	2	1	0	2	10
chr1	148552149	148552778	2	2	1	0	1	36
chr1	148552831	148553539	2	2	1	0	2	41
chr1	148552831	148562996	2	2	1	0	2	41
chr1	148552831	148575638	2	2	1	0	1	4
chr1	148555253	148555866	2	2	1	0	2	10
chr1	148564712	148565319	2	2	1	0	2	10
chr1	148564712	148568481	2	2	1	0	2	10
chr1	148569428	148570041	2	2	1	0	2	10
chr1	148569428	148573229	2	2	1	0	2	10
chr1	148966977	148967725	1	1	1	1	0	46
chr1	148972345	148972510	1	1	1	0	1	30
chr1	148974606	148989183	1	1	1	0	1	11
chr1	149057508	149058163	2	2	1	0	1	36
chr1	149058216	149058924	2	2	1	0	2	41
chr1	149058216	149062092	2	2	1	0	1	4
chr1	149060696	149061331	2	2	1	0	1	36
chr1	149061384	149062092	2	2	1	0	1	4
chr1	149489734	149490442	1	1	1	0	1	20
chr1	149490495	149491138	1	1	1	0	1	20
chr1	149492135	149492767	1	1	1	0	2	10
chr1	149494491	149495199	1	1	1	0	1	20
chr1	149495252	149495901	1	1	1	0	1	20
chr1	149496898	149497524	1	1	1	0	2	10
chr1	149499246	149499954	1	1	1	0	1	20
chr1	149500007	149500656	1	1	1	0	1	20
chr1	149501653	149502285	1	1	1	0	2	10
chr1	149504007	149504715	1	1	1	0	1	20
chr1	149504768	149505417	1	1	1	0	1	20
chr1	149506414	149507046	1	1	1	0	2	10
chr1	149508768	149509476	1	1	1	0	1	20
chr1	149509529	149510178	1	1	1	0	1	20
chr1	149511175	149511807	1	1	1	0	2	10
chr1	149515931	149516563	1	1	1	0	2	10
chr1	149518283	149518991	1	1	1	0	2	41
chr1	149519044	149519687	1	1	1	0	1	36
chr1	149520684	149521318	1	1	1	0	2	10
chr1	149522263	149526069	1	1	1	0	2	10
chr1	149523038	149523746	1	1	1	0	2	41
chr1	149523038	149528495	1	1	1	0	2	41
chr1	149523799	149524444	1	1	1	0	1	36
chr1	149525441	149526069	1	1	1	0	2	10
chr1	149527787	149528495	1	1	1	0	2	41
chr1	149528548	149529173	1	1	1	0	1	36
chr1	149530170	149530798	1	1	1	0	2	10
chr1	149531743	149535553	1	1	1	0	2	10
chr1	149532518	149533226	1	1	1	0	2	41
chr1	149533279	149533924	1	1	1	0	1	36
chr1	149534921	149535553	1	1	1	0	2	10
chr1	149537273	149537981	1	1	1	0	2	41
chr1	149537273	149552208	1	1	1	0	2	41
chr1	149538034	149538675	1	1	1	0	1	36
chr1	149539672	149540300	1	1	1	0	2	10
chr1	149541245	149541852	1	1	1	0	1	38
chr1	149542026	149542734	1	1	1	0	2	41
chr1	149542787	149543412	1	1	1	0	1	36
chr1	149544409	149545037	1	1	1	0	2	10
chr1	149545982	149546589	1	1	1	0	1	38
chr1	149546763	149547471	1	1	1	0	2	41
chr1	149547524	149548149	1	1	1	0	1	36
chr1	149549146	149549774	1	1	1	0	2	10
chr1	149550719	149551326	1	1	1	0	1	38
chr1	149551500	149552208	1	1	1	0	2	41
chr1	149552261	149552886	1	1	1	0	1	36
chr1	149646946	149647380	1	1	1	0	2	42
chr1	149903481	149903642	1	1	1	2	0	24
chr1	150081477	150081883	1	1	1	1	0	36
chr1	150092410	150093526	1	1	1	2	0	20
chr1	150223241	150226607	2	2	1	2	0	37
chr1	150226796	150229071	2	2	1	2	0	37
chr1	150229238	150230570	2	2	1	2	0	45
chr1	150230974	150241402	2	2	1	1	0	27
chr1	150231927	150235732	2	2	1	1	0	26
chr1	150263200	150263298	1	1	1	2	0	24
chr1	150266195	150266532	2	2	1	1	0	16
chr1	150272864	150275740	1	1	1	1	0	29
chr1	150275800	150276521	1	1	1	3	0	28
chr1	150276633	150279639	1	1	1	7	0	45
chr1	150276633	150279642	1	1	1	2	0	18
chr1	150276633	150280834	1	1	1	2	0	21
chr1	150279718	150280834	1	1	1	1	0	38
chr1	150279742	150280834	1	1	1	3	0	44
chr1	150294450	150308047	1	1	1	1	0	14
chr1	150333200	150334934	1	1	1	1	0	28
chr1	150340478	150343308	1	1	1	1	0	32
chr1	150343453	150344161	1	1	1	2	0	41
chr1	150441024	150441880	1	1	1	1	0	22
chr1	150622860	150625641	2	2	1	5	0	41
chr1	150648749	150661813	2	2	1	1	0	32
chr1	151048853	151050437	1	1	1	1	0	33
chr1	151166253	151166470	1	1	1	1	0	11
chr1	151166542	151166933	1	1	1	1	0	10
chr1	151167415	151168985	1	1	1	1	0	26
chr1	151168339	151168985	1	1	1	10	0	38
chr1	151185951	151190004	2	4	1	1	0	41
chr1	151254809	151262160	1	1	1	1	0	37
chr1	151264919	151265165	1	1	1	1	0	11
chr1	151265235	151265393	1	1	1	0	1	8
chr1	151265610	151266003	1	1	1	1	0	45
chr1	151266113	151266307	1	1	1	1	0	4
chr1	151266588	151267172	1	1	1	2	0	35
chr1	151344848	151345105	2	2	1	1	0	15
chr1	151347189	151347631	1	1	1	1	0	25
chr1	151373182	151456020	1	1	1	2	0	24
chr1	151399728	151399980	1	1	1	7	0	37
chr1	151400589	151400763	1	1	1	1	0	22
chr1	151400846	151401238	1	1	1	2	0	34
chr1	151401356	151401541	1	1	1	15	0	44
chr1	151401631	151401816	1	1	1	121	0	46
chr1	151520267	151520413	1	1	1	1	0	37
chr1	151536894	151537204	1	1	1	2	0	33
chr1	151612513	151638887	1	1	1	1	0	11
chr1	151622835	151622920	2	4	1	1	0	40
chr1	151668636	151683355	1	1	1	1	0	18
chr1	151692585	151692910	1	1	1	2	0	4
chr1	151693040	151693423	1	1	1	2	0	39
chr1	151693484	151694369	1	1	1	7	0	45
chr1	152032556	152033690	2	2	1	1	0	27
chr1	153489367	153528360	2	2	1	1	0	40
chr1	153534831	153535201	2	2	1	5	0	34
chr1	153619039	153626319	2	2	1	1	0	19
chr1	153626534	153627482	2	2	1	1	0	18
chr1	153662557	153662704	2	2	1	6	0	32
chr1	153662796	153663018	2	2	1	2	0	39
chr1	153663277	153664042	2	2	1	4	0	34
chr1	153664131	153664395	2	2	1	1	0	32
chr1	153668078	153668452	2	2	1	1	0	23
chr1	153740735	153741284	1	1	1	1	0	14
chr1	153778356	153778462	1	1	1	3	0	23
chr1	153813453	153816272	2	2	1	1	0	11
chr1	153948330	153948457	2	2	1	1	0	37
chr1	153973465	153973619	1	1	1	2	0	43
chr1	153976776	153976975	2	2	1	1	0	4
chr1	153977014	153977169	2	2	1	1	0	38
chr1	153981864	153982742	2	2	1	1	0	30
chr1	153982177	153982390	2	2	1	2	0	31
chr1	153982445	153982534	2	2	1	3	0	44
chr1	153982809	153983218	2	2	1	1	0	19
chr1	153990803	153991114	1	1	1	8	0	41
chr1	153991224	153991565	1	1	1	246	0	45
chr1	153991677	153992064	1	1	1	615	2	46
chr1	154156510	154156709	1	1	1	2	0	39
chr1	154157722	154170399	2	2	1	1	0	44
chr1	154172105	154172907	2	2	1	18	0	45
chr1	154172979	154173083	2	2	1	21	0	39
chr1	154173202	154176114	2	2	1	7	0	39
chr1	154176249	154182987	2	2	1	13	1	44
chr1	154219938	154220341	2	2	1	1	0	33
chr1	154225214	154227281	1	1	1	3	0	44
chr1	154243303	154246203	1	3	1	3	0	44
chr1	154268955	154270880	1	1	1	1	0	11
chr1	154275002	154275153	1	1	1	1	0	32
chr1	154275261	154275392	1	1	1	2	0	38
chr1	154275484	154275615	1	1	1	3	0	12
chr1	154550142	154550199	1	1	1	1	0	22
chr1	154550470	154550937	2	2	1	1	0	6
chr1	154551005	154551396	2	2	1	1	0	29
chr1	154551493	154551770	2	2	1	1	0	29
chr1	154551820	154551920	2	2	1	1	0	14
chr1	154554786	154555427	2	2	1	1	0	4
chr1	154588674	154589368	2	2	1	3	0	31
chr1	154589929	154590183	2	2	1	2	0	45
chr1	154925266	154926353	2	2	1	1	0	43
chr1	154966081	154966161	2	2	1	1	0	38
chr1	154974805	154977986	1	1	1	0	1	40
chr1	154978115	154978724	1	1	1	3	0	37
chr1	154989708	154990158	1	1	1	1	0	16
chr1	154990258	154992712	1	1	1	1	0	30
chr1	154992787	154992901	1	1	1	2	0	28
chr1	155058442	155058709	1	1	1	2	0	42
chr1	155060833	155061417	1	1	1	1	0	39
chr1	155169561	155169790	2	2	1	16	0	44
chr1	155169858	155172564	2	2	1	5	0	45
chr1	155172629	155172737	2	2	1	2	0	23
chr1	155179935	155180434	1	1	1	1	0	46
chr1	155212771	155213236	1	1	1	0	1	12
chr1	155233397	155233863	1	1	1	0	1	12
chr1	155258955	155260329	2	2	1	2	0	7
chr1	155264041	155264220	2	2	1	1	0	37
chr1	155318022	155318168	1	1	1	3	0	21
chr1	155318292	155318664	1	1	1	1	0	14
chr1	155318754	155318855	1	1	1	1	0	35
chr1	155318929	155319610	1	1	1	1	0	8
chr1	155319689	155319793	1	1	1	1	0	6
chr1	155319929	155320408	1	1	1	11	0	31
chr1	155357750	155360300	2	2	1	1	0	41
chr1	155415924	155438326	2	2	1	2	0	21
chr1	155433712	155434431	1	1	1	0	1	16
chr1	155440594	155459796	2	4	1	1	0	44
chr1	155521619	155562778	2	2	1	1	0	29
chr1	155546999	155589227	1	1	1	1	0	33
chr1	155731416	155731943	1	1	1	1	0	32
chr1	155734326	155735027	1	1	1	1	0	37
chr1	155763565	155764999	2	2	1	2	0	36
chr1	155771218	155773065	2	2	1	2	0	43
chr1	155821549	155822285	2	2	1	1	0	11
chr1	155822477	155826836	2	2	1	1	0	11
chr1	155827029	155853275	2	2	1	5	0	32
chr1	156009177	156018168	1	3	1	2	0	30
chr1	156055426	156057977	1	1	1	2	0	39
chr1	156055426	156058314	1	1	1	1	0	13
chr1	156058068	156058314	1	1	1	10	0	45
chr1	156137012	156137688	2	2	1	1	0	33
chr1	156138758	156139079	1	1	1	1	0	38
chr1	156236484	156239547	1	1	1	1	0	13
chr1	156310690	156310949	2	2	1	1	0	30
chr1	156311196	156312040	2	2	1	2	0	16
chr1	156312222	156317165	2	2	1	2	0	33
chr1	156317248	156317414	2	2	1	1	0	22
chr1	156321026	156324971	2	2	1	5	0	40
chr1	156325090	156333546	2	2	1	2	0	39
chr1	156344709	156346778	1	1	1	2	0	23
chr1	156592476	156592556	1	1	1	1	0	43
chr1	156593556	156593881	1	1	1	1	0	39
chr1	156595850	156596080	2	2	1	6	0	45
chr1	156596132	156596386	2	2	1	1	0	43
chr1	156596479	156598034	2	2	1	2	0	41
chr1	156598122	156598226	2	2	1	1	0	35
chr1	156668791	156669429	1	3	1	2	0	25
chr1	156745374	156751342	2	2	1	1	0	31
chr1	156787175	156791696	1	1	1	2	0	11
chr1	156791793	156794664	1	1	1	2	0	3
chr1	156794809	156797275	1	1	1	3	0	10
chr1	156797342	156800373	1	1	1	2	0	15
chr1	159018652	159020340	1	1	1	2	0	31
chr1	159131086	159131149	1	1	1	1	0	21
chr1	160092696	160092923	2	2	1	1	0	23
chr1	160216909	160222655	2	4	1	0	1	5
chr1	160231408	160237134	2	2	1	3	0	34
chr1	160237230	160238606	2	2	1	2	0	39
chr1	160294858	160295735	2	2	1	1	0	35
chr1	160340295	160343130	2	2	1	1	0	44
chr1	160989493	161012648	0	0	1	3	0	43
chr1	160998907	160999042	2	2	1	1	0	26
chr1	161037827	161037912	2	2	1	8	0	33
chr1	161100860	161102047	2	2	1	1	0	31
chr1	161102172	161102286	2	2	1	2	0	28
chr1	161157318	161157616	1	1	1	1	0	38
chr1	161157694	161158120	1	1	1	1	0	8
chr1	161157694	161158411	1	1	1	1	0	36
chr1	161165144	161165356	1	1	1	1	0	22
chr1	161170950	161171033	1	1	1	2	0	37
chr1	161206598	161209192	1	1	1	1	0	38
chr1	161213733	161213863	1	1	1	2	0	28
chr1	161213922	161214155	1	1	1	1	0	27
chr1	161784097	161791407	1	1	1	1	0	6
chr1	162017508	162019918	2	2	1	1	0	30
chr1	162070283	162154404	1	1	1	3	0	21
chr1	162154477	162287343	1	1	1	3	0	34
chr1	162590512	162592731	1	1	1	3	0	8
chr1	162592783	162597791	1	1	1	3	0	33
chr1	162597859	162599270	1	1	1	1	0	30
chr1	163336849	163338019	1	1	1	1	0	32
chr1	163338094	163339380	1	1	1	2	0	44
chr1	163339478	163340363	1	1	1	1	0	43
chr1	163340427	163343732	1	1	1	2	0	44
chr1	163343871	163345677	1	1	1	2	0	45
chr1	165649965	165651013	1	1	1	1	0	4
chr1	165651088	165651977	1	1	1	1	0	29
chr1	165652036	165654278	1	1	1	1	0	44
chr1	165654352	165655367	1	1	1	4	0	24
chr1	165728122	165743166	2	2	1	1	0	17
chr1	165768270	165768681	2	2	1	5	0	44
chr1	165891323	165896189	1	1	1	1	0	42
chr1	166243024	166246061	1	1	1	0	1	42
chr1	167332536	167337969	1	1	1	1	0	31
chr1	167396428	167397993	1	1	1	1	0	30
chr1	167398134	167399185	1	1	1	6	0	40
chr1	167765750	167772274	1	1	1	1	0	4
chr1	167776167	167787819	1	1	1	3	0	27
chr1	167918360	167919978	2	2	1	1	0	25
chr1	167920091	167920546	2	2	1	1	0	42
chr1	168044672	168044899	1	1	1	2	0	16
chr1	168063007	168072204	1	1	1	1	0	33
chr1	168066466	168068357	1	1	1	2	0	34
chr1	168181417	168181847	1	1	1	0	1	17
chr1	168196643	168198918	1	1	1	4	0	15
chr1	168198982	168199902	1	3	1	4	0	15
chr1	169111499	169124883	1	1	1	1	0	24
chr1	169125040	169127223	1	1	1	1	0	28
chr1	169380610	169382061	1	1	1	1	0	36
chr1	169387210	169388402	1	1	1	1	0	29
chr1	169424951	169427287	2	4	1	1	0	16
chr1	170046867	170055304	2	2	1	2	0	31
chr1	171485736	171512031	1	1	1	1	0	13
chr1	171512201	171512994	1	1	1	2	0	33
chr1	171512201	171513000	1	1	1	2	0	11
chr1	171513173	171514535	1	1	1	15	1	42
chr1	171514631	171515733	1	1	1	5	0	29
chr1	171514646	171515733	1	1	1	8	0	44
chr1	171515860	171517590	1	1	1	1	0	15
chr1	171517815	171522176	1	1	1	1	0	16
chr1	171523355	171523434	1	1	1	17	0	43
chr1	171523523	171524820	1	1	1	3	0	45
chr1	171524966	171527790	1	1	1	6	0	41
chr1	171527845	171532342	1	1	1	1	0	23
chr1	171542230	171545478	1	1	1	12	0	46
chr1	171545688	171550085	1	1	1	5	0	36
chr1	171561104	171566232	1	1	1	1	0	12
chr1	171566422	171566591	1	1	1	11	0	32
chr1	171706419	171709664	2	2	1	1	0	40
chr1	172557795	172569018	1	1	1	2	0	34
chr1	173481483	173485360	1	1	1	1	0	42
chr1	173485508	173486254	1	1	1	3	0	30
chr1	173486402	173487734	1	1	1	3	0	30
chr1	173736678	173780811	2	2	1	0	1	38
chr1	173864058	173864256	2	2	1	2	0	3
chr1	173864076	173864256	2	2	1	26	0	45
chr1	173864305	173864483	2	2	1	6	0	23
chr1	173864305	173864674	2	2	1	1	0	17
chr1	173864507	173864674	2	2	1	3	0	23
chr1	173864705	173865228	2	2	1	4	0	30
chr1	173865283	173865470	2	2	1	1	0	23
chr1	173866207	173866527	2	2	1	1	0	4
chr1	173866568	173866760	2	2	1	1	0	36
chr1	173866797	173866990	2	2	1	1	0	12
chr1	173970618	173972508	2	2	1	2	0	15
chr1	173993136	174022095	2	2	1	2	0	8
chr1	174976183	174978806	1	1	1	1	0	10
chr1	175000196	175004613	1	1	1	2	0	15
chr1	175004834	175006744	1	1	1	0	7	26
chr1	175006842	175007097	1	1	1	6	0	44
chr1	175007198	175008608	1	1	1	1	3	41
chr1	175008707	175009922	1	1	1	1	0	9
chr1	175014852	175018417	2	2	1	1	0	39
chr1	175161147	175166561	2	2	1	2	0	18
chr1	175947240	175986942	2	2	1	1	0	13
chr1	176027689	176043185	2	2	1	1	0	24
chr1	178441648	178442674	1	1	1	7	0	15
chr1	178776822	178784417	1	1	1	1	0	28
chr1	178784523	178785556	1	1	1	11	0	31
chr1	179121868	179126376	2	2	1	1	0	12
chr1	179997176	180003173	1	1	1	1	0	4
chr1	180006568	180011928	1	1	1	1	0	13
chr1	180022849	180024418	1	1	1	4	0	39
chr1	180022849	180024421	1	1	1	1	0	27
chr1	180062367	180065114	1	1	1	1	0	36
chr1	180075222	180078462	1	1	1	1	0	39
chr1	180078675	180080516	1	1	1	1	0	19
chr1	180080662	180084017	1	1	1	2	0	26
chr1	180084179	180087577	1	1	1	2	0	28
chr1	180090797	180092613	1	1	1	1	0	36
chr1	180094617	180095522	1	1	1	2	0	41
chr1	180183128	180183195	1	1	1	1	0	44
chr1	180288518	180314691	2	2	1	1	0	14
chr1	180314723	180397515	2	2	1	1	0	31
chr1	180397606	180413365	2	2	1	1	0	5
chr1	180413472	180430179	2	2	1	1	0	35
chr1	180492366	180495460	2	2	1	3	0	33
chr1	180495526	180502044	2	2	1	2	0	10
chr1	181002701	181005293	2	6	1	2	0	5
chr1	181537175	181548200	2	2	1	1	0	32
chr1	182385843	182388703	0	0	1	1	0	22
chr1	182386403	182387130	2	2	1	1	0	13
chr1	182837935	182838975	2	2	1	1	0	38
chr1	182842678	182843293	1	1	1	2	0	38
chr1	182852345	182853305	1	1	1	1	0	30
chr1	182853419	182854029	1	1	1	4	0	41
chr1	182859118	182859992	1	1	1	1	0	44
chr1	182872494	182874853	1	1	1	3	0	23
chr1	182876542	182876829	1	1	1	1	0	12
chr1	182884814	182887082	1	1	1	1	0	3
chr1	183136586	183137668	1	1	1	3	0	35
chr1	183140504	183142533	1	1	1	1	0	31
chr1	183236605	183237351	1	1	1	2	0	18
chr1	183472650	183512836	1	1	1	1	0	27
chr1	183512869	183515873	1	1	1	1	0	32
chr1	183541104	183542075	1	1	1	1	0	7
chr1	183545313	183545965	1	1	1	2	0	36
chr1	183627595	183630460	2	2	1	1	0	25
chr1	183630638	183633081	2	2	1	1	0	23
chr1	184054864	184095689	1	1	1	3	0	26
chr1	184387369	184477385	1	1	1	3	0	27
chr1	184507683	184590738	1	1	1	4	0	21
chr1	185123920	185124943	2	2	1	3	0	5
chr1	185157627	185160832	1	1	1	1	0	29
chr1	185300344	185300436	2	2	1	3	0	24
chr1	185307140	185307488	2	2	1	1	0	3
chr1	186039006	186039727	1	1	1	1	0	23
chr1	186165174	186166183	1	1	1	1	0	45
chr1	186314027	186314628	2	2	1	8	0	41
chr1	186314725	186317481	2	2	1	3	0	36
chr1	186317601	186318446	2	2	1	1	0	16
chr1	186327661	186331497	2	2	1	2	0	15
chr1	186331582	186332194	2	2	1	3	0	7
chr1	186333395	186334324	2	2	1	1	0	22
chr1	186336695	186337012	2	2	1	27	0	45
chr1	186337157	186338032	2	2	1	1	0	38
chr1	186338244	186339641	2	2	1	1	0	4
chr1	186341160	186341251	2	2	1	1	0	43
chr1	186341390	186343325	2	2	1	1	0	29
chr1	186344091	186344374	2	2	1	4	0	35
chr1	186344579	186345579	2	2	1	2	0	30
chr1	186350389	186351329	2	2	1	2	0	40
chr1	186351471	186351975	2	2	1	1	0	7
chr1	186352111	186353687	2	2	1	1	0	27
chr1	186353851	186355409	2	2	1	2	0	18
chr1	186355559	186355634	2	2	1	1	0	10
chr1	186355769	186356285	2	2	1	16	0	43
chr1	186356450	186357396	2	2	1	1	0	19
chr1	186359997	186360272	2	2	1	2	0	17
chr1	186360365	186360764	2	2	1	2	0	37
chr1	186360906	186361621	2	2	1	3	0	31
chr1	186361710	186361788	2	2	1	6	0	43
chr1	186363002	186363341	2	4	1	4	0	40
chr1	186363446	186367885	2	2	1	4	0	30
chr1	186367983	186370969	2	2	1	2	0	21
chr1	186371044	186373358	2	2	1	6	0	34
chr1	186373464	186374877	2	2	1	3	0	29
chr1	186417655	186419008	1	1	1	2	0	42
chr1	193018821	193020306	2	2	1	1	0	39
chr1	193018821	193021096	2	2	1	1	0	38
chr1	193020457	193021096	2	2	1	1	0	27
chr1	193021196	193022925	2	2	1	3	0	30
chr1	193023037	193023843	2	2	1	4	0	19
chr1	193023947	193028084	2	2	1	1	0	21
chr1	193028149	193029178	2	2	1	1	0	39
chr1	193029310	193029387	2	2	1	1	0	30
chr1	193029450	193029531	2	2	1	3	0	38
chr1	193069635	193075819	1	1	1	2	0	23
chr1	193097761	193101140	2	2	1	2	0	45
chr1	193142067	193147866	1	1	1	3	0	35
chr1	193147966	193150303	1	1	1	2	0	38
chr1	193150383	193152379	1	3	1	1	0	13
chr1	193203853	193212064	1	1	1	2	0	36
chr1	193212101	193212389	1	1	1	5	0	36
chr1	193212478	193232992	1	1	1	4	0	43
chr1	196334061	196340340	2	2	1	1	0	45
chr1	196420188	196420325	2	2	1	1	0	20
chr1	197084427	197086802	2	2	1	4	0	21
chr1	197086973	197088255	2	2	1	1	0	22
chr1	197091042	197091906	2	2	1	2	0	25
chr1	197093262	197094083	2	2	1	3	0	30
chr1	197117984	197121914	2	2	1	5	0	38
chr1	197122044	197122158	2	2	1	1	0	43
chr1	197122302	197122387	2	2	1	1	0	13
chr1	197124332	197124869	2	2	1	1	0	8
chr1	197144101	197146140	2	2	1	2	0	33
chr1	197190832	197191691	2	4	1	1	0	19
chr1	200411963	200412585	1	1	1	1	0	33
chr1	200411963	200415364	1	1	1	1	0	11
chr1	200470761	200470943	2	2	1	1	0	19
chr1	200559453	200560721	2	2	1	1	0	20
chr1	200581295	200586100	2	2	1	4	0	40
chr1	200590273	200592079	2	2	1	1	0	36
chr1	200592241	200593666	2	2	1	3	0	46
chr1	200598422	200600049	2	2	1	2	0	42
chr1	200600114	200600355	2	2	1	1	0	12
chr1	200600504	200601895	2	2	1	2	0	35
chr1	200614406	200615354	2	2	1	1	0	28
chr1	200850235	200852540	1	1	1	2	0	39
chr1	200991726	200992281	2	2	1	1	0	6
chr1	201029495	201030353	2	4	1	2	0	22
chr1	201385806	201386334	2	2	1	1	0	12
chr1	201484790	201485282	2	2	1	1	0	3
chr1	201790767	201793791	1	1	1	1	0	28
chr1	201871328	201872827	1	1	1	1	0	3
chr1	201957575	201963615	1	1	1	1	0	33
chr1	202004497	202005557	1	1	1	1	0	17
chr1	202331961	202333009	2	2	1	2	0	32
chr1	202333556	202334988	2	2	1	2	0	30
chr1	202335059	202335645	2	2	1	3	0	45
chr1	202434769	202437820	1	1	1	1	0	37
chr1	202488624	202493129	1	1	1	2	0	22
chr1	202599352	202600356	2	2	1	1	0	34
chr1	202729174	202729706	2	2	1	1	0	14
chr1	202730028	202730908	2	2	1	2	0	38
chr1	202735588	202736212	2	2	1	5	0	41
chr1	202762809	202764048	2	2	1	5	0	38
chr1	202764146	202766925	2	2	1	5	0	30
chr1	202894283	202894590	2	2	1	1	0	35
chr1	202942219	202943757	2	2	1	1	0	33
chr1	202948421	202950929	2	2	1	1	0	5
chr1	203007864	203008642	1	1	1	8	0	44
chr1	203016141	203018480	1	1	1	0	2	16
chr1	203020949	203022854	1	1	1	0	2	41
chr1	203699718	203700205	1	1	1	1	0	20
chr1	203700332	203700797	1	1	1	1	0	10
chr1	203829655	203829779	1	1	1	1	0	44
chr1	203829897	203830122	1	1	1	1	0	21
chr1	203838065	203840305	1	1	1	2	0	12
chr1	203861714	203862195	1	1	1	1	0	27
chr1	203861956	203862181	1	1	1	1	0	29
chr1	203862223	203863662	1	1	1	3	1	27
chr1	203863726	203865040	1	1	1	2	0	9
chr1	203865120	203869876	1	1	1	21	18	42
chr1	204119656	204121374	2	4	1	1	0	44
chr1	204346865	204347119	1	3	1	0	1	17
chr1	204537498	204538208	1	1	1	2	0	13
chr1	204542945	204544534	1	1	1	1	0	30
chr1	204544685	204546796	1	1	1	1	0	38
chr1	204546878	204549112	1	1	1	2	0	45
chr1	205713281	205713393	2	2	1	1	0	28
chr1	205713311	205713340	0	0	1	6	1	43
chr1	205718480	205719526	2	2	1	24	0	45
chr1	205719674	205720500	2	2	1	17	0	46
chr1	205719677	205720500	2	2	1	94	0	46
chr1	205720654	205723925	2	2	1	18	0	43
chr1	205723982	205727699	2	2	1	17	0	42
chr1	205727806	205729571	2	2	1	18	0	34
chr1	205729622	205749956	2	2	1	6	0	43
chr1	205732623	205732667	1	1	1	1	0	31
chr1	205795019	205795343	2	2	1	1	0	37
chr1	206187374	206195751	2	2	1	2	0	27
chr1	206496252	206496815	2	4	1	1	0	23
chr1	206591846	206593618	2	2	1	1	0	30
chr1	206595839	206597099	2	2	1	1	0	35
chr1	206731726	206731838	1	1	1	1	0	34
chr1	207325722	207326751	1	1	1	3	0	41
chr1	207757643	207759638	1	1	1	2	0	33
chr1	209831044	209833184	1	1	1	2	0	33
chr1	211278242	211279237	1	1	1	1	0	24
chr1	211365469	211366410	1	1	1	1	0	43
chr1	211391698	211391826	1	1	1	1	0	8
chr1	211391977	211396766	1	1	1	1	0	20
chr1	211396832	211426210	1	1	1	1	0	18
chr1	211744235	211744976	1	1	1	1	0	23
chr1	211783503	211787631	2	2	1	1	0	16
chr1	212035943	212042992	1	1	1	1	0	43
chr1	212062950	212064916	1	1	1	1	0	24
chr1	212357070	212357156	1	1	1	1	0	15
chr1	212357285	212358685	1	1	1	2	0	46
chr1	212358788	212360637	1	1	1	3	0	4
chr1	212723320	212724070	1	1	1	1	0	26
chr1	212738687	212739533	2	2	1	1	0	35
chr1	212782427	212784362	2	2	1	2	0	27
chr1	212796591	212797111	1	1	1	1	0	41
chr1	212859191	212863724	1	1	1	2	0	45
chr1	212859191	212872677	1	1	1	2	0	28
chr1	212886254	212896769	1	3	1	1	0	42
chr1	212889258	212894985	1	1	1	1	0	43
chr1	212895054	212895215	1	1	1	2	0	9
chr1	212914442	212914472	2	2	1	0	3	43
chr1	212965779	212966270	1	1	1	3	0	36
chr1	212966346	212971037	1	1	1	1	0	24
chr1	212995193	212997154	2	2	1	1	0	4
chr1	213176493	213230496	1	1	1	1	0	31
chr1	213230545	213232122	1	1	1	1	0	9
chr1	214524128	214524420	1	3	1	1	0	14
chr1	214603322	214613713	1	1	1	1	0	32
chr1	214613917	214614831	1	1	1	1	0	5
chr1	214615029	214618572	1	1	1	26	0	41
chr1	214618695	214619128	1	1	1	2	0	33
chr1	214620947	214622078	1	1	1	5	0	32
chr1	214622282	214629045	1	1	1	16	0	43
chr1	214630663	214632479	1	1	1	3	0	29
chr1	214632603	214637865	1	1	1	1	0	10
chr1	214638002	214639920	1	1	1	1	0	35
chr1	214643325	214644556	1	1	1	1	0	9
chr1	214648828	214651709	1	1	1	2	0	37
chr1	214651887	214652827	1	1	1	6	0	41
chr1	214652990	214653484	1	1	1	1	0	10
chr1	214652990	214655240	1	1	1	1	0	22
chr1	216145786	216152391	2	2	1	0	2	36
chr1	217610401	217610888	2	2	1	1	0	29
chr1	217683362	217741974	1	1	1	1	0	10
chr1	217862857	217867021	1	1	1	1	0	3
chr1	218285456	218302293	1	1	1	3	0	44
chr1	218305126	218307430	1	1	1	1	0	29
chr1	218307633	218330947	1	1	1	1	0	32
chr1	219179247	219193081	1	1	1	2	0	10
chr1	219968957	219969057	2	2	1	1	0	20
chr1	219969123	219972068	2	2	1	1	0	22
chr1	219973399	219978545	2	2	1	1	0	32
chr1	219980241	219980755	2	2	1	1	0	13
chr1	219980858	219981377	2	2	1	2	0	37
chr1	219987405	219988589	2	2	1	17	0	41
chr1	219988824	219996982	2	2	1	2	0	15
chr1	220005361	220006105	2	2	1	4	0	34
chr1	220006314	220007201	2	2	1	2	0	18
chr1	220007339	220010945	2	2	1	7	0	31
chr1	220011057	220018448	2	2	1	1	0	13
chr1	220022519	220024263	2	2	1	1	0	8
chr1	220024457	220025131	2	2	1	1	0	34
chr1	220025259	220030385	2	2	1	4	0	22
chr1	220030481	220032386	2	2	1	2	0	27
chr1	220058993	220059685	2	2	1	2	0	12
chr1	220094484	220096103	1	1	1	2	0	10
chr1	220100650	220102128	1	1	1	1	0	44
chr1	220139140	220140182	1	1	1	1	0	9
chr1	220140290	220141802	1	1	1	1	0	15
chr1	220162269	220164732	2	2	1	1	0	5
chr1	220164800	220167292	2	2	1	3	0	46
chr1	220210877	220210954	2	2	1	1	0	25
chr1	220211003	220212886	2	2	1	2	0	33
chr1	220232864	220272222	2	2	1	1	0	37
chr1	220598380	220599797	1	1	1	1	0	28
chr1	222558773	222561363	2	2	1	1	0	19
chr1	222564126	222569509	2	2	1	1	0	27
chr1	222618244	222621158	1	1	1	1	0	8
chr1	222633250	222645553	1	1	1	1	0	25
chr1	222650712	222650792	1	1	1	3	0	44
chr1	222654794	222658721	1	1	1	2	0	33
chr1	222670251	222673312	2	2	1	0	3	24
chr1	222687659	222693788	2	2	1	2	0	19
chr1	222693844	222694209	2	2	1	3	0	36
chr1	222703218	222712207	2	2	1	0	3	22
chr1	222729702	222730026	1	1	1	1	0	26
chr1	223764208	223766366	1	1	1	3	0	18
chr1	223766432	223769840	1	1	1	3	0	9
chr1	223796591	223798214	2	2	1	1	0	19
chr1	224190320	224192331	1	1	1	2	0	16
chr1	224232183	224233200	2	2	1	0	2	3
chr1	224275459	224281122	2	2	1	1	0	3
chr1	224311858	224317693	2	2	1	1	0	35
chr1	224356994	224364108	1	1	1	3	0	41
chr1	224360564	224365878	1	1	1	1	0	27
chr1	224365992	224371282	1	1	1	2	0	33
chr1	224371424	224375794	1	1	1	34	0	44
chr1	224967584	224967679	1	1	1	2	0	35
chr1	224968875	224969633	1	1	1	7	0	41
chr1	225105380	225127202	1	1	1	0	1	34
chr1	225118000	225119219	1	1	1	1	0	17
chr1	225419453	225419714	2	2	1	1	0	23
chr1	225419799	225422076	2	2	1	5	0	40
chr1	225497813	225498346	2	2	1	2	0	21
chr1	225498405	225500991	2	2	1	1	0	26
chr1	225501071	225504990	2	2	1	7	0	43
chr1	225501071	225507950	2	2	1	3	0	33
chr1	225505054	225507950	2	2	1	9	0	44
chr1	225508018	225511810	2	2	1	7	0	36
chr1	225511860	225512656	2	2	1	10	0	37
chr1	225512715	225512870	2	2	1	7	0	30
chr1	225513017	225514595	2	2	1	8	0	44
chr1	225519566	225530553	2	2	1	1	0	11
chr1	225530639	225554905	2	2	1	5	0	41
chr1	225778013	225783299	1	1	1	2	1	32
chr1	225783369	225789239	1	1	1	2	0	3
chr1	226062812	226064328	1	1	1	0	1	19
chr1	226064480	226065655	1	1	1	0	1	12
chr1	226065810	226071350	1	1	1	0	105	44
chr1	226077497	226077664	1	1	1	2	0	41
chr1	226161690	226164788	2	2	1	1	0	29
chr1	226164930	226165858	2	2	1	2	0	30
chr1	226265635	226266212	2	2	1	1	0	24
chr1	226286459	226287663	2	2	1	1	0	10
chr1	226362084	226363098	2	2	1	2	0	40
chr1	226366053	226367479	2	2	1	1	0	24
chr1	226377304	226379141	2	2	1	1	0	11
chr1	226381209	226383035	2	2	1	2	0	33
chr1	226388756	226390409	2	2	1	12	0	45
chr1	226390625	226392198	2	2	1	2	0	40
chr1	226392315	226402213	2	2	1	3	0	25
chr1	226871405	226875364	1	1	1	1	0	30
chr1	226891845	226894006	1	1	1	3	0	19
chr1	227023348	227026054	2	2	1	1	0	26
chr1	227091992	227100991	2	2	1	1	0	22
chr1	227101240	227112311	2	2	1	3	0	30
chr1	227112423	227112670	2	2	1	1	0	39
chr1	227119938	227129108	2	2	1	3	0	31
chr1	227129232	227139575	2	2	1	4	0	35
chr1	227254156	227317004	2	2	1	2	0	29
chr1	228101474	228102079	2	2	1	1	0	22
chr1	228102166	228102309	2	2	1	4	0	37
chr1	228102383	228102477	2	2	1	0	1	37
chr1	228106919	228107667	2	2	1	3	0	20
chr1	228108319	228108954	2	2	1	2	0	22
chr1	228108322	228108436	2	2	1	1	0	17
chr1	228148457	228148664	1	1	1	1	0	19
chr1	228309296	228309483	1	1	1	1	0	11
chr1	228309560	228315846	1	1	1	1	0	5
chr1	229271371	229286485	1	1	1	1	0	5
chr1	229286567	229288728	1	1	1	2	0	15
chr1	229302990	229303805	1	1	1	1	0	33
chr1	229445003	229449125	2	2	1	2	0	13
chr1	229458297	229460610	2	2	1	1	0	30
chr1	229466757	229470579	2	2	1	1	0	17
chr1	229477761	229484053	2	2	1	1	0	32
chr1	229654389	229659099	1	1	1	1	0	17
chr1	230243428	230246062	1	1	1	3	0	27
chr1	230659626	230660757	1	1	1	1	0	46
chr1	230691565	230693291	1	1	1	1	0	27
chr1	230995985	230997120	1	1	1	1	0	37
chr1	231225524	231226738	2	2	1	1	0	9
chr1	231226826	231226972	2	2	1	1	0	33
chr1	231227069	231229149	2	2	1	1	0	9
chr1	231229210	231238856	2	2	1	1	0	23
chr1	231274063	231275220	1	1	1	1	0	36
chr1	231275321	231275404	1	1	1	2	0	44
chr1	231542612	231554620	1	1	1	1	0	18
chr1	231542612	231561127	1	1	1	1	0	27
chr1	232955720	232956346	1	1	1	1	0	17
chr1	232970119	232978162	1	1	1	1	0	28
chr1	233095864	233135012	2	4	1	1	0	43
chr1	233160434	233161270	2	2	1	1	0	24
chr1	233208690	233217898	2	2	1	1	0	26
chr1	233217932	233218030	2	4	1	3	0	43
chr1	233353956	233354835	1	1	1	1	0	9
chr1	233362294	233372037	1	1	1	1	0	42
chr1	233637741	233638270	1	1	1	1	0	43
chr1	234374390	234383722	1	1	1	1	0	10
chr1	235112109	235113767	2	2	1	5	0	25
chr1	235113911	235119817	2	2	1	2	3	34
chr1	235131998	235135651	2	2	1	1	0	12
chr1	235135768	235136033	2	2	1	1	0	31
chr1	235135771	235136033	2	2	1	3	0	40
chr1	235136074	235137876	2	2	1	1	0	9
chr1	235137941	235138090	2	2	1	1	0	19
chr1	235152766	235154880	2	2	1	2	0	12
chr1	235155113	235160510	2	2	1	5	0	41
chr1	235160648	235160892	2	2	1	1	0	39
chr1	235161068	235161173	2	2	1	1	0	4
chr1	235172765	235175183	2	2	1	1	0	43
chr1	235177914	235181584	2	2	1	1	0	34
chr1	235196116	235213768	2	2	1	7	0	41
chr1	235219969	235220301	2	2	1	1	0	7
chr1	235220546	235221564	2	2	1	3	0	25
chr1	235224776	235229230	2	2	1	1	0	16
chr1	235229386	235231112	2	2	1	2	0	41
chr1	235231190	235234412	2	2	1	2	0	30
chr1	235246512	235252729	2	2	1	1	0	11
chr1	235252810	235255659	2	2	1	1	0	25
chr1	235442912	235448348	1	1	1	1	0	16
chr1	235595512	235649661	2	2	1	1	0	34
chr1	236550991	236551998	2	2	1	3	0	44
chr1	236555656	236555804	2	2	1	3	0	33
chr1	236559838	236561224	2	2	1	2	0	14
chr1	236566046	236566645	2	2	1	1	0	23
chr1	236585217	236585819	2	2	1	3	0	42
chr1	236603377	236603953	2	2	1	1	0	44
chr1	236853089	236859832	1	1	1	1	0	8
chr1	236861278	236862235	1	1	1	1	0	35
chr1	237192329	237193075	2	4	1	1	0	39
chr1	237660948	237666511	1	1	1	1	0	39
chr1	240330750	240333886	1	1	1	1	0	46
chr1	241497971	241500436	2	2	1	3	0	39
chr1	241506169	241508602	2	2	1	1	0	5
chr1	241547600	241549332	1	1	1	0	1	22
chr1	241588507	241588745	2	2	1	2	0	15
chr1	243166117	243169627	2	2	1	0	1	16
chr1	243186423	243191017	2	2	1	1	0	15
chr1	243199195	243200517	2	2	1	1	4	27
chr1	243200681	243200776	2	2	1	0	1	15
chr1	243308178	243316754	1	1	1	2	0	8
chr1	243341174	243344214	1	1	1	1	0	3
chr1	243378864	243415701	1	1	1	1	0	29
chr1	243415830	243417967	1	1	1	2	0	25
chr1	243545598	243552728	2	2	1	1	0	14
chr1	244411437	244415980	2	2	1	1	0	28
chr1	244436894	244437665	2	2	1	2	0	46
chr1	244437769	244451634	2	2	1	3	0	40
chr1	244686670	244689248	1	1	1	1	0	34
chr1	244689343	244691878	1	1	1	2	0	15
chr1	244854504	244854972	2	2	1	27	0	43
chr1	244855045	244855423	2	2	1	13	0	33
chr1	244855456	244855557	2	2	1	1	0	4
chr1	244855609	244855903	2	4	1	2	0	37
chr1	244856159	244856456	2	4	1	44	0	46
chr1	244856626	244856727	2	2	1	8	0	43
chr1	244856857	244857597	2	2	1	8	0	45
chr1	244858842	244859274	2	2	1	2	0	16
chr1	244859375	244860334	2	2	1	6	0	23
chr1	244860475	244862460	2	2	1	1	0	6
chr1	244862731	244863673	2	2	1	2	0	31
chr1	245017327	245059385	1	1	1	2	0	12
chr1	245059459	245082082	1	1	1	3	0	22
chr1	246842777	246843794	2	2	1	0	1	22
chr1	246843929	246849614	2	2	1	1	0	39
chr1	246907759	246913231	2	2	1	1	0	8
chr1	246967793	246988120	2	2	1	3	0	40
chr1	246999441	246999911	2	2	1	3	0	37
chr1	248838552	248844482	1	1	1	1	0	42
chr2	231192	247537	2	2	1	2	0	44
chr2	234273	247537	2	2	1	1	0	11
chr2	247603	249730	2	2	1	1	0	16
chr2	272151	275139	1	1	1	1	0	7
chr2	275202	276979	1	1	1	2	0	42
chr2	669851	672807	2	2	1	2	0	36
chr2	672863	675509	2	2	1	3	0	35
chr2	1492298	1493053	1	3	1	1	0	24
chr2	1638979	1639301	2	2	1	1	0	28
chr2	3401894	3421880	1	1	1	1	0	36
chr2	3500994	3511405	2	2	1	0	1	19
chr2	3500994	3513543	2	2	1	0	1	19
chr2	3548725	3549057	2	2	1	9	0	45
chr2	3549113	3550372	2	2	1	2	0	26
chr2	3550473	3552143	2	2	1	1	0	28
chr2	3559730	3561316	1	1	1	1	0	38
chr2	3575351	3575591	1	1	1	2	0	7
chr2	3575685	3575816	1	1	1	10	0	37
chr2	3575889	3576486	1	1	1	38	0	46
chr2	3576631	3577709	1	1	1	4	18	40
chr2	3577775	3580109	1	1	1	80	6	46
chr2	3580261	3580804	1	1	1	1552	4	46
chr2	7725854	7730515	1	1	1	1	0	7
chr2	7889560	7896064	2	2	1	1	0	15
chr2	8818794	8826985	2	2	1	1	0	8
chr2	8858905	8860612	2	2	1	1	0	14
chr2	8943265	8958496	2	2	1	1	0	28
chr2	9297446	9318523	1	1	1	1	0	22
chr2	9297446	9320287	1	1	1	2	0	30
chr2	9406906	9408112	2	2	1	2	0	10
chr2	9412406	9414177	2	2	1	2	0	40
chr2	9428829	9429922	1	1	1	2	0	17
chr2	9443662	9448197	1	1	1	1	0	41
chr2	9453022	9455658	1	1	1	1	0	38
chr2	9455758	9456932	1	1	1	3	0	38
chr2	9457028	9459530	1	1	1	1	0	26
chr2	9459619	9467706	1	1	1	3	0	32
chr2	9467777	9471342	1	1	1	2	0	40
chr2	9471440	9472915	1	1	1	15	0	41
chr2	9518248	9521202	2	2	1	2	0	41
chr2	9588329	9591391	2	2	1	6	0	25
chr2	9845319	9849372	1	1	1	1	0	35
chr2	9910914	9911510	1	1	1	4	0	41
chr2	9911558	9913158	1	1	1	4	0	27
chr2	9919821	9933782	1	1	1	3	0	40
chr2	10128953	10129040	1	1	1	1	0	36
chr2	10129155	10129233	1	1	1	3	0	20
chr2	10440869	10441508	2	2	1	1	0	34
chr2	10441930	10442011	2	2	1	1	0	34
chr2	10444268	10444473	2	2	1	3	0	39
chr2	10589752	10600852	2	2	1	3	0	32
chr2	10600943	10602775	2	2	1	4	0	34
chr2	10602875	10603077	2	2	1	2	0	36
chr2	10603158	10607184	2	2	1	6	0	26
chr2	10657892	10659171	2	2	1	1	0	28
chr2	10784327	10784933	2	2	1	2	0	36
chr2	10785031	10787280	2	2	1	2	0	18
chr2	10788770	10788896	2	2	1	5	0	45
chr2	10788982	10789748	2	2	1	11	0	46
chr2	10789890	10790718	2	2	1	3	0	26
chr2	10790834	10791794	2	2	1	1	0	25
chr2	10791926	10793095	2	2	1	2	0	24
chr2	10797208	10797699	2	2	1	2	0	41
chr2	11175010	11177736	1	1	1	1	0	12
chr2	11192362	11192450	2	2	1	1	0	20
chr2	11194345	11194954	2	2	1	1	0	41
chr2	11197706	11198490	2	2	1	1	0	23
chr2	11198775	11200956	2	2	1	2	0	7
chr2	11201144	11201309	2	2	1	1	0	16
chr2	11202122	11207725	2	2	1	1	0	5
chr2	11207911	11208286	2	2	1	1	0	31
chr2	11214464	11214839	2	2	1	3	0	23
chr2	11215646	11216157	2	2	1	1	0	13
chr2	11216207	11217089	2	2	1	1	0	31
chr2	11217170	11218454	2	2	1	3	0	12
chr2	11218467	11218965	2	2	1	3	0	12
chr2	11219027	11221197	2	2	1	1	0	10
chr2	11287737	11343995	2	2	1	1	0	16
chr2	11453799	11457178	2	2	1	1	0	14
chr2	11457234	11465771	2	2	1	1	0	23
chr2	15489023	15504144	2	2	1	1	0	21
chr2	15591950	15595144	1	1	1	5	0	32
chr2	15595197	15595489	1	1	1	30	0	46
chr2	15595554	15596733	1	1	1	34	0	31
chr2	15596764	15597374	1	1	1	14	0	30
chr2	15603891	15604436	1	1	1	1	0	5
chr2	17339099	17346094	1	1	1	0	1	43
chr2	17696427	17700207	2	2	1	4	0	37
chr2	17700379	17701828	2	2	1	3	0	27
chr2	17701910	17703156	2	2	1	5	0	45
chr2	17703293	17707218	2	2	1	4	0	38
chr2	17716906	17717087	2	2	1	2	0	21
chr2	17718224	17720939	2	2	1	1	0	20
chr2	17721039	17721141	2	2	1	5	0	22
chr2	17721262	17725256	2	2	1	3	0	18
chr2	17725359	17726388	2	2	1	3	0	44
chr2	17731140	17731740	2	2	1	1	0	43
chr2	17771288	17772633	1	1	1	1	0	27
chr2	17778064	17779977	1	1	1	6	0	43
chr2	19931410	19932282	2	2	1	1	0	35
chr2	19931410	19932382	2	2	1	1	0	16
chr2	19932448	19933400	2	2	1	1	0	11
chr2	20000567	20001954	2	2	1	1	0	36
chr2	20035063	20037315	2	2	1	1	0	35
chr2	20041012	20051409	2	2	1	1	0	21
chr2	20251717	20253821	2	2	1	1	0	31
chr2	23762347	23765505	2	2	1	1	0	18
chr2	23869762	23875828	2	2	1	1	0	22
chr2	23880756	23884764	2	2	1	1	0	40
chr2	23884874	23885726	2	2	1	1	0	23
chr2	23940649	23958300	1	1	1	3	0	32
chr2	23958356	23971275	1	1	1	1	0	37
chr2	23977076	23982895	1	1	1	2	0	46
chr2	24067852	24068320	2	2	1	4	0	40
chr2	24068460	24074075	2	2	1	2	0	19
chr2	24074195	24076199	2	2	1	1	0	7
chr2	24271942	24275712	2	2	1	2	0	30
chr2	24275850	24286211	2	2	1	2	0	43
chr2	24300172	24301153	2	2	1	2	0	44
chr2	25234421	25235706	2	2	1	12	0	44
chr2	25243983	25244154	2	2	1	2	0	18
chr2	25596241	25628170	2	4	1	2	0	45
chr2	25652662	25673385	2	2	1	1	0	19
chr2	25750414	25753533	2	2	1	1	0	44
chr2	26034736	26098661	1	1	1	4	0	37
chr2	26109907	26127143	1	1	1	1	0	34
chr2	26124048	26127143	1	1	1	1	0	33
chr2	26214562	26215052	2	2	1	2	0	25
chr2	26234356	26236854	2	2	1	2	0	36
chr2	26236989	26238933	2	2	1	1	0	12
chr2	26285572	26289917	1	1	1	6	0	38
chr2	26793327	26793811	1	1	1	1	0	38
chr2	27070722	27071325	2	2	1	8	0	45
chr2	27099285	27099419	1	1	1	1	0	25
chr2	27110977	27118845	2	2	1	2	0	39
chr2	27212468	27213176	1	1	1	1	0	34
chr2	27215393	27215473	1	1	1	1	0	25
chr2	27215546	27215631	1	1	1	1	0	31
chr2	27224877	27225009	1	1	1	1	0	30
chr2	27242776	27242871	1	1	1	1	0	10
chr2	27298740	27299244	1	1	1	1	0	42
chr2	27306543	27306886	1	1	1	1	0	34
chr2	27373312	27373860	1	1	1	2	0	28
chr2	27375972	27376105	1	1	1	2	0	16
chr2	27382229	27382475	2	2	1	1	0	14
chr2	27384093	27384672	2	2	1	5	0	30
chr2	27385880	27386193	2	2	1	9	0	38
chr2	27386280	27387088	2	2	1	5	0	21
chr2	27387159	27409302	2	2	1	1	0	39
chr2	27428732	27433248	1	1	1	2	0	45
chr2	27433796	27433988	1	1	1	1	0	17
chr2	27434091	27434470	1	1	1	1	0	3
chr2	27444062	27444185	1	1	1	1	0	7
chr2	27444062	27444188	1	1	1	2	0	28
chr2	27444522	27445013	2	2	1	2	0	43
chr2	27598255	27599582	1	1	1	1	0	45
chr2	27629170	27629858	1	1	1	2	0	29
chr2	27640126	27641239	1	1	1	1	0	28
chr2	27642520	27647835	1	1	1	2	0	28
chr2	27647944	27650114	1	1	1	1	0	5
chr2	27685278	27687933	1	1	1	1	0	31
chr2	27693755	27694633	1	1	1	1	0	9
chr2	27771800	27772673	1	1	1	3	0	16
chr2	27772693	27774423	1	1	1	2	0	19
chr2	28850243	28850327	2	2	1	2	0	42
chr2	28900218	28914880	1	1	1	1	0	16
chr2	28926555	28927568	1	1	1	4	0	21
chr2	28927701	28929578	1	1	1	1	0	29
chr2	28941575	28942293	1	1	1	1	0	24
chr2	28941575	28942311	1	1	1	1	0	15
chr2	28942382	28946449	1	1	1	17	0	40
chr2	28946500	28946599	1	1	1	19	0	43
chr2	30156793	30158618	1	1	1	1	0	44
chr2	31869953	31883385	2	2	1	0	1	5
chr2	32012053	32023421	2	2	1	3	0	44
chr2	32029737	32039278	2	2	1	1	0	22
chr2	32039493	32039732	2	2	1	1	0	31
chr2	32064247	32087494	1	1	1	1	0	11
chr2	32292349	32298233	1	1	1	1	0	23
chr2	32469615	32470167	1	1	1	1	0	39
chr2	32471125	32473111	1	1	1	6	0	34
chr2	32471152	32473111	1	1	1	8	0	38
chr2	32473240	32476212	1	1	1	13	0	32
chr2	32476345	32477367	1	1	1	1	0	43
chr2	32482583	32485642	1	1	1	1	0	15
chr2	32518398	32518816	1	1	1	6	0	40
chr2	32518947	32524887	1	3	1	5	0	44
chr2	32549482	32575155	1	1	1	1	0	41
chr2	32650234	32664302	1	1	1	1	0	13
chr2	32916346	32916474	1	1	1	45	86	44
chr2	33315270	33347366	1	1	1	1	0	29
chr2	33342964	33347366	1	1	1	1	0	38
chr2	33588520	33592079	2	2	1	5	0	29
chr2	36442736	36476888	1	1	1	1	0	14
chr2	36547172	36548524	1	1	1	1	0	39
chr2	36578866	36581289	2	2	1	5	0	43
chr2	36886827	36893897	2	2	1	1	0	20
chr2	36894034	36899522	2	2	1	1	0	3
chr2	36925209	36966229	2	2	1	1	0	6
chr2	37089867	37090680	1	1	1	1	0	23
chr2	37090723	37091915	1	1	1	1	0	13
chr2	37109296	37114730	2	2	1	1	0	39
chr2	37120140	37122505	2	2	1	1	0	17
chr2	37126412	37135483	2	2	1	1	0	9
chr2	37135547	37136982	2	2	1	4	0	29
chr2	37137018	37138269	2	2	1	1	0	35
chr2	37138364	37138508	2	2	1	2	0	29
chr2	37201904	37202783	2	2	1	25	0	42
chr2	37202866	37202949	2	2	1	13	0	45
chr2	37203009	37210998	2	2	1	2	0	46
chr2	37211083	37211842	2	2	1	2	0	31
chr2	37212040	37212334	2	2	1	1	0	12
chr2	37212393	37213863	2	2	1	1	0	13
chr2	37213962	37214885	2	2	1	4	0	45
chr2	37214953	37216139	2	2	1	3	0	37
chr2	37216209	37216315	2	2	1	6	0	27
chr2	37216419	37216983	2	2	1	2	0	28
chr2	37217038	37220384	2	2	1	3	0	36
chr2	37220474	37222379	2	2	1	1	0	4
chr2	37222564	37223169	2	2	1	1	0	39
chr2	37229037	37231411	2	2	1	23	0	46
chr2	38564238	38568198	2	2	1	5	0	35
chr2	38568298	38568385	2	2	1	3	0	44
chr2	38568444	38569132	2	2	1	1	0	31
chr2	38569335	38569803	2	2	1	3	0	8
chr2	38585882	38591529	2	2	1	1	0	38
chr2	38745188	38746143	2	2	1	7	0	31
chr2	38746180	38746693	2	2	1	4	0	36
chr2	38746748	38748046	2	2	1	2	0	29
chr2	38748158	38748578	2	2	1	2	0	38
chr2	39013564	39013866	2	2	1	1	0	39
chr2	39013990	39014764	2	2	1	1	0	46
chr2	39014847	39022569	2	2	1	1	0	43
chr2	39056867	39058672	2	2	1	1	0	15
chr2	39258441	39258518	2	2	1	1	0	15
chr2	39286965	39288120	2	2	1	3	0	36
chr2	39325962	39326145	2	2	1	4	0	27
chr2	39516542	39599365	1	1	1	1	0	4
chr2	39770120	39771504	2	2	1	2	0	40
chr2	39771641	39779113	2	2	1	1	0	40
chr2	42245688	42256500	1	1	1	6	0	35
chr2	42256631	42261120	1	1	1	2	0	4
chr2	42284704	42286268	1	1	1	1	0	10
chr2	42286380	42288226	1	1	1	1	0	9
chr2	42295260	42295380	1	1	1	1	0	13
chr2	42301393	42303103	1	1	1	1	0	33
chr2	42303230	42303314	1	1	1	1	0	12
chr2	42304552	42315961	1	1	1	3	0	40
chr2	42316051	42317426	1	1	1	2	0	36
chr2	42682590	42695764	1	1	1	1	0	21
chr2	42695840	42697775	1	1	1	1	0	44
chr2	42704319	42707902	1	1	1	2	0	25
chr2	43230110	43230893	1	1	1	1	0	3
chr2	43235062	43235375	2	2	1	1	0	21
chr2	43271690	43273258	2	2	1	1	0	43
chr2	43678926	43692513	1	1	1	1	0	22
chr2	43789722	43794456	1	1	1	1	0	31
chr2	43888657	43889733	2	2	1	14	0	43
chr2	43889877	43894544	2	2	1	4	0	40
chr2	43896545	43896633	2	2	1	1	0	18
chr2	43896709	43899218	2	2	1	1	0	18
chr2	43918134	43918255	2	2	1	2	0	46
chr2	43925158	43925892	2	2	1	3	0	30
chr2	43946244	43947256	2	2	1	1	0	14
chr2	43947371	43947730	2	2	1	3	0	40
chr2	43947776	43948121	2	2	1	3	0	31
chr2	43948200	43948411	2	2	1	1	0	23
chr2	43948519	43949601	2	2	1	1	0	13
chr2	43974759	43975090	2	2	1	1	0	13
chr2	43975218	43976142	2	2	1	1	0	39
chr2	44202046	44209209	1	1	1	1	0	39
chr2	44209328	44217966	1	1	1	1	0	45
chr2	44533470	44536558	2	2	1	0	1	44
chr2	45389600	45392944	2	2	1	1	0	46
chr2	45599836	45601902	2	2	1	1	0	25
chr2	46512556	46541585	2	2	1	1	0	27
chr2	46543189	46543753	1	1	1	1	0	19
chr2	46543813	46576086	1	1	1	1	0	14
chr2	46576657	46580927	1	1	1	0	1	17
chr2	46623868	46624162	1	1	1	1	0	42
chr2	46909178	46915722	2	2	1	1	0	38
chr2	47160805	47161722	2	2	1	4	0	31
chr2	47161859	47162285	2	2	1	5	0	27
chr2	47162393	47162518	2	2	1	12	1	37
chr2	47162663	47170733	2	2	1	14	0	32
chr2	47170765	47172413	2	2	1	1	0	28
chr2	47170765	47176440	2	2	1	8	0	31
chr2	47369582	47373462	1	1	1	1	0	35
chr2	47374049	47375233	1	1	1	1	0	18
chr2	47375300	47377013	1	1	1	4	0	45
chr2	47377078	47378952	1	1	1	3	0	44
chr2	47379970	47385165	1	1	1	1	0	44
chr2	47408556	47410093	1	1	1	1	0	45
chr2	47410373	47412413	1	1	1	2	0	27
chr2	47429942	47445547	1	1	1	1	0	10
chr2	47445658	47463030	1	1	1	1	0	4
chr2	47463155	47466657	1	1	1	9	0	32
chr2	47466809	47470964	1	1	1	3	0	31
chr2	47471063	47475024	1	1	1	3	0	28
chr2	47478520	47480695	1	1	1	4	0	38
chr2	47480872	47482778	1	1	1	4	0	26
chr2	47783494	47790926	1	1	1	1	0	7
chr2	47789107	47790184	1	1	1	1	0	33
chr2	47791124	47795893	1	1	1	6	0	37
chr2	47796064	47798610	1	1	1	4	0	45
chr2	47803686	47804909	1	1	1	1	0	17
chr2	47805028	47805617	1	1	1	1	0	26
chr2	47806359	47806451	1	1	1	2	0	28
chr2	47806652	47806778	1	1	1	50	0	46
chr2	47809708	47810315	2	2	1	1	0	38
chr2	47820457	47822217	2	2	1	1	0	34
chr2	47822304	47823142	2	2	1	1	0	35
chr2	47834872	47835871	2	2	1	4	0	43
chr2	48451077	48454594	1	1	1	1	0	40
chr2	48471368	48474682	1	1	1	1	0	32
chr2	48495772	48498492	1	1	1	2	0	45
chr2	53787373	53794344	1	1	1	2	0	43
chr2	53794450	53795932	1	1	1	1	0	30
chr2	53796014	53797514	1	1	1	2	0	43
chr2	53797593	53797731	1	1	1	3	0	34
chr2	53814621	53814859	1	1	1	1	0	22
chr2	53865574	53866084	2	2	1	1	0	20
chr2	53869539	53874338	2	2	1	4	0	41
chr2	53887990	53888720	2	2	1	2	0	19
chr2	53895737	53896803	2	2	1	3	0	46
chr2	53925690	53925958	2	2	1	1	0	43
chr2	53928304	53931834	2	2	1	1	0	34
chr2	53971322	53973712	1	1	1	2	0	29
chr2	54599244	54612160	1	1	1	2	0	44
chr2	54612335	54616206	1	1	1	2	0	32
chr2	54617689	54618077	1	1	1	1	0	9
chr2	54618194	54621399	1	1	1	1	0	6
chr2	54621513	54622299	1	1	1	3	0	8
chr2	54622488	54623478	1	1	1	6	0	36
chr2	54629804	54629891	1	1	1	1	0	19
chr2	54631612	54632565	1	1	1	1	0	27
chr2	54637804	54642982	1	1	1	3	0	32
chr2	54643130	54644322	1	1	1	2	0	30
chr2	54647262	54648985	1	1	1	1	0	9
chr2	54653854	54655069	1	1	1	12	0	45
chr2	54655209	54655913	1	1	1	3	0	24
chr2	54664692	54665914	1	1	1	1	0	26
chr2	54666089	54667603	1	1	1	1	0	30
chr2	55232709	55232807	1	1	1	1	0	34
chr2	55232873	55233362	1	1	1	1	0	3
chr2	55233418	55234118	1	3	1	2	0	38
chr2	55234205	55234830	1	1	1	4	0	43
chr2	55234963	55235427	1	1	1	177	0	45
chr2	55236821	55237287	2	2	1	3	0	30
chr2	55243669	55244028	2	2	1	2	0	27
chr2	55244234	55246336	2	2	1	3	0	39
chr2	55246462	55249394	2	2	1	1	0	26
chr2	55254826	55262315	2	2	1	1	0	29
chr2	55291776	55295596	2	2	1	1	0	37
chr2	55296057	55296257	2	2	1	1	0	43
chr2	55302073	55303068	2	2	1	1	0	38
chr2	55309255	55312433	2	2	1	1	0	4
chr2	55317350	55317563	2	2	1	1	0	16
chr2	55328436	55332565	2	2	1	4	0	28
chr2	55332694	55334093	2	2	1	1	0	38
chr2	55335165	55336680	2	2	1	6	0	39
chr2	55339649	55343647	2	2	1	4	0	38
chr2	55343793	55344367	2	2	1	2	0	14
chr2	55344515	55346174	2	2	1	8	0	35
chr2	55346334	55349517	2	2	1	1	0	9
chr2	55349600	55355578	2	2	1	1	0	19
chr2	55355752	55362307	2	2	1	1	0	31
chr2	55374884	55388777	2	2	1	2	0	42
chr2	55388887	55418815	2	2	1	1	0	22
chr2	55544075	55544219	1	1	1	1	0	6
chr2	55544370	55544906	1	1	1	1	0	24
chr2	55564498	55564901	2	2	1	1	0	27
chr2	55579782	55581566	2	2	1	1	0	28
chr2	55640706	55643157	2	2	1	1	0	39
chr2	55646487	55647346	2	4	1	1	0	35
chr2	55667959	55671318	2	2	1	1	0	28
chr2	55671377	55671994	2	2	1	2	0	32
chr2	55680760	55680854	2	2	1	1	0	9
chr2	55680919	55683784	2	2	1	1	0	19
chr2	58048968	58084088	1	1	1	3	0	30
chr2	58084139	58084880	1	1	1	2	0	27
chr2	58159801	58160107	2	2	1	1	0	23
chr2	58160180	58161521	2	2	1	2	0	23
chr2	58163075	58163433	2	2	1	1	0	11
chr2	58217435	58221941	2	2	1	1	0	27
chr2	58420074	58429372	2	2	1	1	0	20
chr2	60787067	60787510	1	1	1	2	0	22
chr2	60891826	60894396	1	1	1	1	0	35
chr2	60918607	60920040	1	1	1	1	0	11
chr2	60953989	60954081	2	2	1	1	0	12
chr2	60954159	60955017	2	2	1	1	0	3
chr2	61050659	61052300	1	3	1	1	0	36
chr2	61106663	61108316	1	1	1	1	0	33
chr2	61108350	61109196	1	1	1	1	0	15
chr2	61186498	61186616	1	1	1	1	0	4
chr2	61189070	61190270	2	2	1	1	0	17
chr2	61228720	61228826	2	2	1	3	0	38
chr2	61256479	61256872	2	2	1	1	0	18
chr2	61257351	61259710	2	2	1	2	0	39
chr2	61278286	61278387	2	2	1	2	0	23
chr2	61295291	61296799	2	2	1	1	0	21
chr2	61311688	61311783	2	2	1	4	0	40
chr2	61311911	61314584	2	2	1	1	0	7
chr2	61406129	61420745	2	2	1	1	0	39
chr2	61478967	61481184	2	2	1	4	0	37
chr2	61481282	61482379	2	2	1	3	0	45
chr2	61483092	61483936	2	2	1	2	0	34
chr2	61488272	61488587	2	2	1	2	0	34
chr2	61490777	61492034	2	2	1	3	0	36
chr2	61493054	61493893	2	2	1	1	0	35
chr2	61495614	61496878	2	2	1	5	0	40
chr2	61522684	61526419	2	2	1	8	0	39
chr2	61526522	61533771	2	2	1	5	0	46
chr2	61827259	61836009	2	2	1	5	0	46
chr2	61836110	61839420	2	2	1	3	0	23
chr2	61868707	61869439	2	2	1	21	0	42
chr2	61869554	61872081	2	2	1	1	0	40
chr2	61872589	61873001	2	2	1	1	0	29
chr2	61877053	61877392	2	2	1	3	0	26
chr2	62000983	62135830	1	1	1	1	1	33
chr2	62831159	62859168	1	1	1	1	1	28
chr2	62859292	62864730	1	1	1	7	0	32
chr2	62993978	62996642	1	1	1	2	0	36
chr2	63122057	63152913	2	2	1	1	0	15
chr2	63492941	63588196	2	2	1	1	0	8
chr2	63589047	63594487	1	1	1	3	0	31
chr2	63599293	63604695	1	1	1	3	0	27
chr2	63604873	63605279	1	1	1	1	0	10
chr2	63605394	63605938	1	1	1	6	0	44
chr2	63606029	63606861	1	1	1	4	0	43
chr2	63841233	63856305	1	1	1	2	0	41
chr2	63882652	63883959	1	1	1	2	0	32
chr2	63887645	63890080	1	1	1	1	0	31
chr2	63890186	63891119	1	1	1	3	0	16
chr2	64104831	64108239	2	2	1	1	0	36
chr2	64456466	64458284	1	1	1	1	0	12
chr2	64748596	64748752	1	3	1	1	0	29
chr2	65072981	65074281	1	1	1	1	0	36
chr2	65227958	65239851	1	1	1	1	0	39
chr2	65255695	65261246	1	1	1	1	0	22
chr2	65265176	65268563	1	1	1	1	0	30
chr2	66618283	66628268	1	1	1	0	3	18
chr2	67334151	67337008	1	1	1	2	0	36
chr2	67334151	67337515	1	1	1	1	0	38
chr2	67334151	67339333	1	1	1	3	0	42
chr2	67399298	67399549	1	1	1	1	0	32
chr2	68046411	68047172	2	2	1	1	0	42
chr2	68161363	68161682	1	1	1	1	0	4
chr2	68173418	68174734	1	1	1	3	0	31
chr2	68567388	68577819	1	1	1	1	0	30
chr2	69193416	69194250	1	1	1	1	0	42
chr2	69326234	69326913	2	2	1	1	0	26
chr2	69396291	69400363	2	2	1	8	0	40
chr2	69400539	69406021	2	2	1	1	0	24
chr2	69406083	69415184	2	2	1	1	0	7
chr2	69820822	69825455	1	1	1	2	0	40
chr2	69869865	69871744	1	1	1	2	0	12
chr2	69871833	69878908	1	1	1	2	0	37
chr2	69895215	69896435	1	1	1	2	0	36
chr2	69896549	69897376	1	1	1	4	0	44
chr2	69904426	69904511	1	1	1	1	0	43
chr2	70050253	70051202	2	2	1	4	0	23
chr2	70124426	70125045	2	2	1	1	0	19
chr2	70215495	70216207	2	2	1	1	0	19
chr2	70281685	70287264	2	2	1	0	3	6
chr2	70281685	70288067	2	2	1	68	32	46
chr2	70288193	70289349	2	2	1	6	2	23
chr2	70289373	70293617	2	2	1	5	0	23
chr2	70297478	70300839	2	2	1	4	0	41
chr2	70663736	70672877	2	2	1	1	0	20
chr2	70673007	70674677	2	2	1	1	0	10
chr2	70676886	70677757	2	2	1	2	0	44
chr2	70677878	70678703	2	2	1	1	0	21
chr2	71086567	71090755	1	1	1	0	1	30
chr2	71130755	71132897	1	1	1	1	0	39
chr2	71134106	71134625	1	1	1	2	0	33
chr2	71138632	71139794	1	1	1	1	0	18
chr2	71144539	71147998	1	1	1	3	0	35
chr2	71149454	71149865	1	1	1	8	0	44
chr2	71190022	71202451	2	2	1	1	0	9
chr2	71331876	71355718	1	1	1	1	0	19
chr2	71350272	71355718	1	1	1	1	0	8
chr2	71355781	71363152	1	1	1	3	0	22
chr2	71368529	71369882	1	1	1	7	0	41
chr2	71380566	71384758	1	1	1	1	0	37
chr2	71380566	71396140	1	1	1	1	0	43
chr2	71399646	71400111	1	1	1	2	0	45
chr2	71406263	71408121	1	1	1	2	0	22
chr2	71424039	71424649	1	1	1	2	0	31
chr2	71424716	71426459	1	1	1	5	0	44
chr2	71428652	71431326	1	1	1	1	0	27
chr2	71431429	71433164	1	1	1	2	0	30
chr2	71433284	71434741	1	1	1	1	0	25
chr2	72741470	72825797	2	2	1	1	0	32
chr2	73053552	73058527	2	2	1	1	0	5
chr2	73058597	73071603	2	2	1	1	0	18
chr2	73247927	73248990	1	1	1	2	0	27
chr2	73249180	73249818	1	1	1	1	0	40
chr2	73249917	73250305	1	1	1	1	0	30
chr2	73250439	73251225	1	1	1	1	0	28
chr2	73251433	73252639	1	1	1	5	0	39
chr2	73599522	73600677	1	1	1	2	0	36
chr2	73602369	73603240	1	1	1	2	0	28
chr2	73608575	73609567	1	1	1	2	0	39
chr2	73730030	73730559	2	2	1	18	0	41
chr2	73732286	73734428	2	2	1	2	0	34
chr2	73831060	73844812	1	1	1	11	0	46
chr2	73842495	73844812	1	1	1	1	0	31
chr2	73844889	73845166	1	1	1	6	0	45
chr2	73845037	73845166	1	1	1	1	0	29
chr2	73946907	73950584	1	1	1	1	0	9
chr2	73946907	73958145	1	1	1	1	0	9
chr2	73950733	73957124	1	1	1	1	0	33
chr2	73958246	73958709	1	1	1	7	0	33
chr2	73968929	73971457	2	4	1	1	0	18
chr2	74135659	74142271	2	2	1	4	0	44
chr2	74145304	74147820	2	2	1	7	0	44
chr2	74156646	74159090	2	2	1	1	0	21
chr2	74165352	74167013	2	2	1	1	0	21
chr2	74211867	74211969	1	1	1	2	0	9
chr2	74361260	74362057	1	3	1	1	0	19
chr2	74367865	74367970	2	2	1	1	0	24
chr2	74370070	74370185	2	2	1	1	0	40
chr2	74371177	74371536	2	2	1	1	0	24
chr2	74371729	74377431	2	2	1	1	0	18
chr2	74425238	74425416	1	1	1	1	0	3
chr2	74425492	74425569	1	1	1	5	0	34
chr2	74458672	74459642	1	1	1	0	1	41
chr2	74505191	74505338	2	2	1	2	0	43
chr2	74526748	74529139	2	2	1	1	0	34
chr2	74526837	74526940	2	2	1	9	0	41
chr2	74527060	74527247	2	2	1	1	0	23
chr2	74527543	74528446	1	1	1	1	0	12
chr2	74529500	74529579	2	2	1	1	0	39
chr2	74531106	74531338	1	1	1	1	0	24
chr2	75646911	75647101	1	1	1	2	0	17
chr2	75647220	75652141	1	1	1	2	0	18
chr2	75673521	75680192	2	2	1	1	0	13
chr2	75702424	75706522	2	2	1	2	0	43
chr2	76573772	76579400	1	1	1	5	3	40
chr2	77090901	77093659	1	1	1	1	0	21
chr2	84423773	84425414	2	2	1	3	2	42
chr2	84425604	84431507	2	2	1	3	0	10
chr2	84905719	84906002	1	1	1	1	0	39
chr2	84906118	84906388	1	1	1	3	0	26
chr2	84906124	84906466	1	1	1	1	0	29
chr2	84963146	84966312	1	1	1	0	1	3
chr2	85049649	85053147	1	1	1	1	0	16
chr2	85305404	85306205	1	1	1	1	0	21
chr2	85306366	85306451	1	1	1	3	0	45
chr2	85322742	85324914	2	2	1	1	0	43
chr2	85324999	85326507	2	2	1	3	0	45
chr2	85394959	85395537	2	2	1	2	0	25
chr2	85395627	85398019	2	2	1	3	0	18
chr2	85401684	85401784	2	2	1	1	0	16
chr2	85492636	85629732	1	1	1	3	0	28
chr2	85553071	85553231	2	2	1	1	0	24
chr2	85596650	85597103	1	1	1	1	0	20
chr2	85596932	85597103	1	1	1	12	0	43
chr2	85597179	85597444	1	1	1	22	0	45
chr2	85621580	85623625	1	1	1	2	0	39
chr2	85648854	85649016	1	1	1	1	0	33
chr2	86082126	86083029	1	1	1	4	0	32
chr2	86121595	86123700	1	1	1	2	0	8
chr2	86125083	86125454	1	1	1	2	0	36
chr2	86125516	86125794	1	1	1	1	0	27
chr2	86132425	86133177	1	1	1	1	0	17
chr2	86137141	86137468	1	1	1	2	0	32
chr2	86159672	86161975	2	2	1	1	0	20
chr2	86162080	86166507	2	2	1	1	0	18
chr2	86170842	86171207	2	2	1	0	1	3
chr2	86170845	86171207	2	2	1	2	1	8
chr2	86171346	86173649	2	2	1	6	0	8
chr2	86195660	86196177	1	1	1	1	0	43
chr2	86199534	86206105	1	1	1	1	0	8
chr2	86207328	86210479	1	1	1	2	0	12
chr2	86210614	86213627	1	1	1	2	0	17
chr2	86441445	86442017	1	1	1	1	0	4
chr2	86456875	86456982	1	1	1	1	0	22
chr2	86507594	86510357	2	2	1	1	0	12
chr2	86976291	86976552	1	1	1	0	1	26
chr2	86981201	86984753	1	1	1	0	2	24
chr2	86997759	87012512	1	1	1	0	4	35
chr2	87030908	87031815	2	2	1	0	3	37
chr2	87031899	87032068	2	2	1	0	2	27
chr2	87118618	87118791	2	2	1	0	2	27
chr2	87161752	87161925	1	1	1	0	2	27
chr2	87181570	87182958	1	1	1	0	1	36
chr2	87455646	87583257	1	1	1	1	0	41
chr2	87737853	87738022	1	1	1	0	2	27
chr2	87738106	87739016	1	1	1	0	3	37
chr2	87757427	87772168	2	2	1	0	4	35
chr2	87785170	87788721	2	2	1	0	2	24
chr2	87793369	87793630	2	2	1	0	1	26
chr2	88591053	88593271	2	2	1	1	0	9
chr2	95108409	95109915	2	2	1	2	0	39
chr2	95110042	95115065	2	2	1	2	0	35
chr2	95115204	95117864	2	2	1	4	0	41
chr2	95117946	95121733	2	2	1	1	0	28
chr2	95412765	95412894	1	1	1	0	3	36
chr2	95856181	95857308	2	2	1	0	5	29
chr2	95857493	95859860	2	2	1	0	1	13
chr2	95860075	95867439	2	2	1	0	2	22
chr2	95889872	95889965	2	2	1	1	0	8
chr2	95889995	95891664	2	2	1	1	0	29
chr2	95893606	95893695	2	2	1	2	0	31
chr2	95895472	95895561	2	2	1	0	2	29
chr2	95895591	95897269	2	2	1	0	1	29
chr2	95895591	95902885	2	2	1	0	1	28
chr2	95901088	95901177	2	2	1	0	1	29
chr2	95901207	95902885	2	2	1	0	1	28
chr2	95904834	95904923	2	2	1	1	0	29
chr2	95904953	95905440	2	2	1	1	0	23
chr2	95906704	95906793	2	2	1	0	1	6
chr2	95906823	95908501	2	2	1	0	1	29
chr2	95912317	95912406	2	2	1	1	0	14
chr2	95912436	95914107	2	2	1	2	0	29
chr2	95914181	95914274	2	2	1	1	0	9
chr2	95917928	95918013	2	2	1	0	1	3
chr2	95918043	95921606	2	2	1	0	2	30
chr2	95919806	95919891	2	2	1	0	1	3
chr2	95919921	95921606	2	2	1	0	2	30
chr2	95954006	95956785	2	2	1	1	0	3
chr2	95956817	95958590	2	2	1	1	0	31
chr2	95962425	95962518	2	2	1	1	0	29
chr2	95962548	95978121	2	2	1	1	0	18
chr2	95986925	95987091	2	2	1	0	1	20
chr2	96021466	96021597	1	1	1	0	3	36
chr2	96239368	96242479	2	4	1	1	0	33
chr2	96266490	96267320	1	1	1	1	0	4
chr2	96275350	96276903	2	2	1	1	0	16
chr2	96277242	96277538	2	2	1	1	0	24
chr2	96289118	96289226	2	2	1	1	0	33
chr2	96354389	96359044	1	1	1	1	0	21
chr2	96359194	96360142	1	1	1	1	0	19
chr2	96366059	96367256	1	1	1	1	0	24
chr2	96369501	96373291	1	1	1	1	0	17
chr2	96609563	96610725	2	2	1	1	0	12
chr2	97083818	97083947	2	2	1	0	3	36
chr2	97084278	97085698	2	2	1	3	0	9
chr2	97118179	97118343	1	1	1	0	1	20
chr2	97122994	97127066	1	1	1	0	1	20
chr2	97151940	97152503	1	1	1	2	0	31
chr2	97152535	97154674	1	1	1	1	0	18
chr2	97183655	97185315	1	1	1	1	0	23
chr2	97185345	97185437	1	1	1	1	0	29
chr2	97185511	97187197	1	1	1	2	0	29
chr2	97187227	97187328	1	1	1	2	0	29
chr2	97189116	97189217	1	1	1	2	0	28
chr2	97189291	97190977	1	1	1	1	2	30
chr2	97191007	97191108	1	1	1	1	1	29
chr2	97194755	97194844	1	1	1	1	0	31
chr2	97196789	97198462	1	1	1	0	3	29
chr2	97198492	97198585	1	1	1	0	1	3
chr2	97200526	97202201	1	1	1	2	0	30
chr2	97202231	97202320	1	1	1	1	0	25
chr2	97202394	97204067	1	1	1	0	3	29
chr2	97204097	97204190	1	1	1	0	1	3
chr2	97206136	97207810	1	1	1	2	0	32
chr2	97207840	97207933	1	1	1	1	0	29
chr2	97209710	97209799	1	1	1	1	0	19
chr2	97233872	97241265	1	1	1	0	2	22
chr2	97241480	97243845	1	1	1	0	2	14
chr2	97244030	97245156	1	1	1	0	5	29
chr2	97512053	97513179	2	2	1	0	5	29
chr2	97513364	97515731	2	2	1	0	3	14
chr2	97515946	97523325	2	2	1	0	2	22
chr2	97549492	97549585	2	2	1	4	0	29
chr2	97549615	97551288	2	2	1	3	0	29
chr2	97576447	97580461	2	2	1	0	1	20
chr2	97585118	97585283	2	2	1	0	1	20
chr2	97646190	97647066	1	1	1	1	0	20
chr2	97647141	97647343	1	1	1	8	0	38
chr2	97647444	97647995	1	1	1	41	0	46
chr2	97776019	97792385	2	2	1	4	0	34
chr2	97827980	97828026	2	2	1	0	1	32
chr2	98610040	98610774	1	1	1	1	0	7
chr2	99105698	99108832	2	2	1	1	0	28
chr2	99108992	99109388	2	2	1	1	0	42
chr2	99117760	99127047	2	2	1	2	0	32
chr2	99148349	99154290	2	2	1	1	0	40
chr2	99169471	99169549	2	2	1	4	0	31
chr2	99174017	99180830	2	2	1	1	0	24
chr2	99186255	99188176	1	1	1	1	0	30
chr2	99195190	99195572	1	1	1	1	0	21
chr2	99322210	99327534	2	2	1	1	0	44
chr2	99337590	99360235	1	1	1	30	0	46
chr2	99360362	99360464	1	1	1	13	0	45
chr2	99360550	99361147	1	1	1	3	0	32
chr2	99361821	99363644	1	1	1	14	0	46
chr2	99363863	99364270	1	1	1	17	0	43
chr2	99364422	99368492	1	1	1	10	0	41
chr2	99368592	99369391	1	1	1	7	0	36
chr2	99369482	99371655	1	3	1	4	0	39
chr2	99371731	99376346	1	1	1	2	0	43
chr2	99379127	99379317	1	1	1	1	0	33
chr2	99379429	99382158	1	1	1	1	0	19
chr2	99382227	99382779	1	1	1	3	0	44
chr2	99382922	99389717	1	1	1	1	0	5
chr2	99390402	99390543	1	1	1	1	0	45
chr2	99390706	99392966	1	1	1	5	0	42
chr2	99394586	99394718	1	1	1	4	0	46
chr2	99394884	99396759	1	1	1	1	0	41
chr2	99396899	99398747	1	1	1	2	0	17
chr2	99398910	99399306	1	1	1	2	0	40
chr2	99403107	99403694	2	2	1	1	0	39
chr2	99403131	99403694	2	2	1	1	0	14
chr2	99403816	99404443	2	2	1	3	0	37
chr2	99442470	99449335	2	2	1	1	0	18
chr2	99587279	99593194	2	2	1	1	0	14
chr2	100104519	100105503	2	2	1	1	0	24
chr2	100566630	100568930	1	1	1	3	2	31
chr2	100569022	100569577	1	1	1	1	0	11
chr2	101002316	101002701	1	1	1	1	0	24
chr2	101002809	101004157	1	1	1	9	0	37
chr2	101004284	101005958	1	1	1	227	17	46
chr2	101004309	101005958	1	1	1	3	14	17
chr2	101006072	101006349	1	1	1	552	0	46
chr2	101088419	101088870	2	4	1	1	0	31
chr2	101831852	101834408	1	1	1	2	0	26
chr2	101834464	101835899	1	1	1	1	0	33
chr2	101835979	101839818	1	1	1	1	0	4
chr2	101839995	101842608	1	1	1	2	0	24
chr2	101842682	101844100	1	1	1	2	0	33
chr2	101844312	101855976	1	1	1	7	0	41
chr2	101865037	101866430	1	1	1	1	0	44
chr2	101866580	101867211	1	1	1	1	0	15
chr2	101870416	101873646	1	1	1	2	0	42
chr2	101877147	101882550	1	1	1	6	0	35
chr2	101888936	101891165	1	1	1	2	0	8
chr2	104928853	104929047	1	1	1	0	1	12
chr2	105089070	105089919	1	1	1	2	0	29
chr2	105089996	105092400	1	1	1	1	0	27
chr2	105092570	105093529	1	1	1	1	0	28
chr2	105097325	105099669	1	1	1	1	0	30
chr2	105267189	105267216	2	4	1	2	0	30
chr2	105337687	105339582	1	1	1	2	0	32
chr2	106096822	106098715	2	2	1	1	0	10
chr2	106098774	106101057	2	2	1	1	0	24
chr2	106166084	106194147	2	2	1	1	0	12
chr2	106426089	106429645	2	2	1	0	2	24
chr2	107866326	107869882	1	1	1	0	2	24
chr2	108449690	108451027	1	1	1	1	0	17
chr2	108451113	108452398	1	1	1	3	0	33
chr2	108472117	108472826	1	1	1	3	0	41
chr2	108483167	108484148	1	1	1	2	0	22
chr2	108673030	108675877	1	1	1	2	0	35
chr2	108729200	108730773	1	1	1	0	2	33
chr2	108751446	108751527	1	1	1	1	0	7
chr2	108751995	108752997	1	1	1	4	0	31
chr2	108753160	108753425	1	1	1	0	1	45
chr2	108758549	108762100	1	1	1	0	2	24
chr2	108777232	108781268	1	1	1	5	0	45
chr2	108781430	108782127	1	1	1	1	0	44
chr2	108782863	108783595	1	1	1	2	0	17
chr2	108794722	108798427	1	1	1	2	0	25
chr2	108798587	108804888	1	1	1	2	0	34
chr2	108798587	108804891	1	1	1	1	0	36
chr2	108821281	108821867	2	2	1	1	0	15
chr2	109544325	109546049	2	2	1	1	0	16
chr2	109546238	109553086	2	4	1	1	0	19
chr2	109553220	109564365	2	2	1	2	0	42
chr2	109801851	109803431	1	1	1	0	2	33
chr2	109826035	109826300	1	1	1	0	1	45
chr2	109826848	109827791	1	1	1	0	1	12
chr2	109831453	109834996	1	1	1	0	2	24
chr2	109838043	109845102	1	1	1	0	1	20
chr2	109848012	109855861	1	1	1	0	3	28
chr2	109947846	109964687	1	1	1	0	4	8
chr2	109995915	109996074	1	1	1	0	1	37
chr2	110201495	110204899	2	2	1	1	0	30
chr2	110211623	110212214	2	2	1	26	0	44
chr2	110245794	110262650	1	1	1	0	4	8
chr2	110375516	110375555	2	2	1	0	1	37
chr2	110406803	110423660	2	2	1	0	4	8
chr2	110515646	110523495	2	2	1	0	3	28
chr2	110526405	110533464	2	2	1	0	1	20
chr2	110536511	110540054	2	2	1	0	2	24
chr2	110543716	110544659	2	2	1	0	1	12
chr2	110545207	110545472	2	2	1	0	1	45
chr2	110568076	110569656	2	2	1	0	2	33
chr2	110658521	110658613	2	2	1	1	0	18
chr2	110666415	110667520	2	2	1	1	0	21
chr2	110667706	110667796	2	4	1	5	0	30
chr2	110669554	110670524	2	2	1	1	0	12
chr2	110670569	110672660	2	2	1	2	0	6
chr2	110674225	110674305	2	2	1	1	0	15
chr2	110674366	110677969	2	2	1	1	0	17
chr2	111429621	111494884	2	2	1	1	0	28
chr2	111778771	111780298	2	2	1	1	0	29
chr2	111782508	111783896	2	2	1	0	1	36
chr2	111803531	111803704	2	2	1	0	2	27
chr2	111838513	111843411	2	2	1	1	0	45
chr2	112098699	112100621	1	1	1	1	0	28
chr2	112300030	112303228	1	1	1	1	0	36
chr2	112316587	112317220	1	1	1	1	0	21
chr2	112325198	112331004	1	1	1	1	0	18
chr2	112380964	112388023	2	2	1	0	1	20
chr2	112391070	112394617	2	2	1	0	2	24
chr2	112398279	112399222	2	2	1	0	1	12
chr2	112399770	112400035	2	2	1	0	1	45
chr2	112422660	112424239	2	2	1	0	2	33
chr2	112586366	112588865	1	1	1	8	0	41
chr2	112652799	112652888	1	1	1	1	0	30
chr2	112652799	112657121	1	1	1	1	0	33
chr2	112660573	112661141	1	1	1	1	0	32
chr2	112752475	112755976	2	2	1	7	0	43
chr2	113453199	113454740	1	1	1	1	0	16
chr2	113454779	113460672	1	1	1	1	0	38
chr2	113495250	113495636	1	1	1	0	16	42
chr2	113597639	113598397	1	1	1	0	2	40
chr2	113951572	113951719	1	1	1	1	0	18
chr2	113951846	113955622	1	1	1	3	0	4
chr2	115777300	115777786	1	1	1	1	0	25
chr2	116015432	116026209	2	4	1	0	1	38
chr2	117407948	117407974	2	2	1	1	0	31
chr2	117481480	117482678	1	3	1	1	0	31
chr2	117814863	117817443	1	1	1	8	0	45
chr2	117817729	117819648	1	1	1	8	0	34
chr2	117826383	117828948	1	1	1	1	0	7
chr2	117829006	117829288	1	1	1	1	0	28
chr2	117936740	117939028	2	2	1	1	0	22
chr2	117939112	117941188	2	2	1	2	0	19
chr2	117944087	117945528	2	2	1	1	0	4
chr2	117945583	117946810	2	2	1	1	0	34
chr2	117996363	118000820	2	2	1	1	0	28
chr2	119367061	119368187	1	1	1	5	0	44
chr2	119368306	119370739	1	1	1	9	0	45
chr2	119370803	119372244	1	1	1	3	0	42
chr2	119862644	119877322	1	1	1	4	0	43
chr2	119877366	119877463	1	1	1	4	0	8
chr2	119885883	119900717	1	1	1	1	0	11
chr2	119955324	119956843	1	1	1	1	0	8
chr2	119960954	119962615	1	1	1	2	0	10
chr2	119967973	119976983	1	1	1	3	0	32
chr2	120134963	120135842	0	0	1	3	0	38
chr2	120289758	120293140	1	1	1	1	0	32
chr2	121461194	121462531	2	2	1	3	0	30
chr2	121515763	121525844	2	2	1	1	0	38
chr2	121727913	121728287	2	2	1	2	0	39
chr2	121728357	121728476	2	2	1	2	0	12
chr2	121728537	121730892	2	2	1	1	0	29
chr2	121731105	121732095	2	2	1	1	0	31
chr2	121731105	121735612	2	2	1	1	0	29
chr2	121732205	121735612	2	2	1	2	0	4
chr2	121757334	121758709	1	1	1	2	0	5
chr2	121758807	121761408	1	1	1	1	0	30
chr2	127486665	127489178	2	2	1	2	0	25
chr2	127489944	127491970	2	2	1	1	0	27
chr2	127492089	127493280	2	2	1	2	0	18
chr2	127493411	127494871	2	2	1	1	0	5
chr2	127498238	127502814	2	2	1	2	0	23
chr2	127502873	127503386	2	2	1	7	0	32
chr2	127503574	127504683	2	2	1	3	0	32
chr2	127503577	127504683	2	2	1	5	0	43
chr2	127721989	127722590	2	2	1	9	0	45
chr2	127722731	127722957	2	2	1	5	0	17
chr2	127723045	127723252	2	2	1	2	0	41
chr2	127771005	127811011	2	2	1	1	0	31
chr2	127806420	127806941	2	2	1	1	0	40
chr2	127942165	127942423	2	2	1	3	0	40
chr2	127942538	127945455	2	2	1	1	0	22
chr2	128157347	128159513	1	3	1	1	0	16
chr2	128159721	128160459	1	1	1	1	0	13
chr2	128160592	128161137	1	1	1	1	0	34
chr2	128183790	128186682	1	1	1	1	0	23
chr2	128187615	128189716	1	1	1	1	0	24
chr2	130075573	130077080	2	2	1	0	1	18
chr2	130182453	130182626	1	1	1	0	1	17
chr2	130182776	130190468	1	1	1	2	0	33
chr2	130371808	130372305	2	2	1	2	0	42
chr2	130416907	130427829	1	1	1	1	0	12
chr2	130464145	130465651	2	2	1	0	1	18
chr2	130655042	130656548	1	1	1	0	1	18
chr2	131261847	131263354	1	1	1	0	1	18
chr2	131484219	131491875	2	2	1	4	0	38
chr2	131492025	131492206	2	2	1	0	1	17
chr2	131532938	131533012	1	1	1	1	0	33
chr2	135124247	135126180	1	1	1	1	0	27
chr2	135130722	135132894	1	1	1	1	0	30
chr2	135153877	135162554	1	1	1	1	0	12
chr2	135230928	135238763	2	4	1	1	0	26
chr2	135353629	135390801	2	2	1	1	0	13
chr2	135616758	135621493	1	1	1	1	0	40
chr2	135621609	135622653	1	1	1	1	0	26
chr2	135632002	135635889	1	1	1	4	0	32
chr2	135633829	135635889	1	1	1	1	0	41
chr2	135635999	135636087	1	1	1	3	0	32
chr2	135754278	135755516	1	1	1	1	0	3
chr2	135755692	135761817	1	1	1	18	0	39
chr2	135761912	135769768	1	1	1	23	0	41
chr2	135769824	135770570	1	1	1	9	0	38
chr2	135840952	135844544	2	2	1	1	0	23
chr2	135844685	135846236	2	2	1	12	0	37
chr2	135846393	135848052	2	2	1	2	0	31
chr2	135870362	135872696	2	2	1	1	0	14
chr2	135907408	135911138	2	2	1	19	0	38
chr2	135911211	135911381	2	2	1	9	0	46
chr2	135911494	135912485	2	2	1	1	0	14
chr2	135912567	135914468	2	2	1	2	0	36
chr2	135922919	135924386	2	2	1	1	0	28
chr2	135932843	135933909	2	2	1	1	0	44
chr2	135938550	135943377	2	2	1	1	0	28
chr2	135943481	135961395	2	2	1	1	0	6
chr2	135961499	135979273	2	2	1	1	0	35
chr2	135983455	135985402	2	2	1	1	0	9
chr2	138559200	138559281	1	1	1	2	0	25
chr2	147845208	147896300	1	1	1	1	0	42
chr2	147923112	147926030	1	1	1	1	0	25
chr2	147935699	147938145	2	2	1	1	0	30
chr2	147938214	147938297	2	2	1	1	0	26
chr2	147948225	147952372	2	2	1	1	0	34
chr2	148645171	148690213	1	1	1	1	0	4
chr2	148754134	148761781	1	1	1	1	0	30
chr2	148783757	148784667	1	1	1	1	0	22
chr2	148949944	148950313	1	1	1	5	0	45
chr2	148950463	148961970	1	1	1	3	0	32
chr2	148973512	148978921	1	1	1	1	0	5
chr2	148978991	148981354	1	1	1	1	0	23
chr2	149576543	149579430	2	2	1	6	0	41
chr2	151410034	151410413	1	1	1	1	0	31
chr2	151410528	151411259	1	1	1	3	0	36
chr2	151416689	151416806	1	1	1	1	0	32
chr2	151437004	151437240	1	1	1	2	0	31
chr2	151457964	151458810	1	1	1	3	0	46
chr2	151458911	151459999	1	1	1	8	0	18
chr2	151462467	151462883	1	1	1	3	0	14
chr2	151466121	151467999	1	1	1	1	0	22
chr2	151540802	151541446	2	2	1	1	0	42
chr2	151687533	151687625	2	2	1	2	0	11
chr2	151717521	151723381	2	2	1	3	0	23
chr2	151803325	151806820	2	2	1	1	0	14
chr2	152147309	152148023	2	2	1	1	0	17
chr2	152542820	152549020	1	1	1	1	0	3
chr2	152549098	152558739	1	1	1	1	0	12
chr2	152615001	152617090	1	1	1	6	0	36
chr2	152628534	152629655	1	1	1	1	0	12
chr2	152656399	152657888	2	2	1	21	0	46
chr2	152658021	152658947	2	2	1	8	0	31
chr2	152659010	152659092	2	2	1	8	0	45
chr2	152659190	152659269	2	2	1	10	0	41
chr2	152659357	152662602	2	2	1	3	0	35
chr2	152662699	152663034	2	2	1	2	0	29
chr2	152663173	152663654	2	2	1	1	0	18
chr2	152663772	152663875	2	2	1	3	0	44
chr2	152663968	152664137	2	2	1	4	0	18
chr2	152669271	152670230	2	2	1	4	0	34
chr2	152670382	152671272	2	2	1	2	0	28
chr2	152671382	152672458	2	2	1	1	0	20
chr2	152672624	152672977	2	2	1	14	0	40
chr2	152673043	152673597	2	2	1	47	0	46
chr2	152673707	152676404	2	2	1	7	0	43
chr2	152679110	152679351	2	2	1	1	0	30
chr2	152681337	152690961	2	2	1	3	0	9
chr2	152690979	152693037	2	2	1	3	0	17
chr2	152693069	152694541	2	2	1	3	0	31
chr2	156579165	156579689	1	1	1	2	0	19
chr2	157737666	157738439	2	2	1	1	0	43
chr2	158640760	158642485	1	1	1	2	0	46
chr2	158661451	158662896	1	1	1	1	0	25
chr2	159337773	159347485	2	2	1	4	0	26
chr2	159348834	159349006	2	2	1	1	0	28
chr2	159373190	159374690	2	2	1	1	0	8
chr2	159382803	159383605	2	2	1	1	0	15
chr2	159397390	159398828	2	2	1	1	0	37
chr2	159400665	159404848	2	2	1	1	0	8
chr2	159404911	159405021	2	2	1	3	0	22
chr2	159405115	159412334	2	2	1	9	0	37
chr2	159743254	159745769	1	1	1	1	0	18
chr2	159745938	159747804	1	1	1	2	0	42
chr2	160277384	160278547	2	2	1	0	1	8
chr2	160281365	160284774	2	2	1	2	0	33
chr2	161308605	161316436	1	1	1	3	0	34
chr2	161318874	161367477	1	1	1	3	0	39
chr2	161367550	161367783	1	1	1	1	0	26
chr2	161367904	161370106	1	1	1	1	0	33
chr2	161370178	161371171	1	1	1	1	0	29
chr2	161385572	161391103	1	1	1	2	0	38
chr2	161395204	161408836	1	1	1	12	0	41
chr2	161408900	161411301	1	1	1	16	0	43
chr2	164727145	164727968	2	2	1	2	0	7
chr2	165929748	165930171	2	2	1	1	0	23
chr2	166286624	166288436	2	2	1	2	0	26
chr2	167505847	167507291	1	3	1	1	0	44
chr2	168871556	168873584	2	2	1	9	0	32
chr2	168889292	168889386	2	2	1	1	0	40
chr2	169529927	169530586	2	2	1	6	0	44
chr2	169530702	169531351	2	2	1	2	0	45
chr2	169531491	169537226	2	2	1	3	0	29
chr2	169537341	169538012	2	2	1	1	0	13
chr2	169538142	169540050	2	2	1	1	0	32
chr2	169603695	169604025	1	1	1	1	0	28
chr2	169604103	169604186	1	1	1	1	0	16
chr2	169608759	169614463	1	1	1	10	0	30
chr2	169614494	169614584	1	1	1	13	0	30
chr2	169614725	169630773	1	1	1	15	1	43
chr2	169630988	169631765	1	1	1	2	0	35
chr2	169631934	169633159	1	1	1	2	0	30
chr2	169633248	169636091	1	1	1	6	0	38
chr2	169636229	169636412	1	1	1	19	0	45
chr2	169695248	169697360	1	1	1	1	0	28
chr2	169734088	169735012	1	1	1	5	0	41
chr2	169798977	169800951	1	1	1	3	0	42
chr2	169801027	169805473	1	1	1	3	0	19
chr2	169805578	169805664	1	1	1	2	0	42
chr2	169805840	169806784	1	1	1	4	0	9
chr2	169806893	169806970	1	1	1	53	0	46
chr2	169807072	169808481	1	1	1	18	0	39
chr2	169808554	169808859	1	1	1	4	0	33
chr2	169808903	169810282	1	1	1	5	0	34
chr2	169810424	169810857	1	1	1	14	0	42
chr2	169811045	169811182	1	1	1	9	0	36
chr2	169811324	169811667	1	1	1	6	0	31
chr2	169811859	169812456	2	2	1	24	1	45
chr2	169811859	169815476	2	2	1	1	0	31
chr2	169812507	169815476	2	2	1	20	1	44
chr2	169812507	169824488	2	2	1	0	1	4
chr2	169812525	169815476	2	2	1	1	0	46
chr2	169815529	169819560	2	2	1	15	0	39
chr2	169819644	169821091	2	2	1	5	0	6
chr2	169821274	169821942	2	2	1	2	0	38
chr2	170040986	170055459	1	1	1	1	0	16
chr2	170080685	170081725	1	1	1	1	0	34
chr2	170753000	170766020	1	5	1	3	0	12
chr2	170948431	170949538	1	1	1	1	0	5
chr2	170997824	171006146	2	2	1	1	0	26
chr2	171006283	171006473	2	2	1	1	0	21
chr2	171028406	171046173	2	2	1	2	0	39
chr2	171046363	171049813	2	2	1	2	0	34
chr2	171050175	171053760	2	2	1	5	0	40
chr2	171053854	171055082	2	2	1	14	0	45
chr2	171055173	171056470	2	2	1	4	0	39
chr2	171325907	171326041	2	2	1	1	0	14
chr2	171330699	171331803	2	2	1	2	0	16
chr2	171331868	171337452	2	2	1	2	0	12
chr2	171517301	171517342	1	1	1	0	1	43
chr2	171687628	171690146	1	1	1	5	2	44
chr2	171687874	171690146	1	1	1	15	4	39
chr2	171688649	171690146	1	1	1	0	2	3
chr2	171692895	171707286	1	1	1	0	2	22
chr2	171707378	171715327	1	1	1	0	4	44
chr2	171715444	171725617	1	1	1	3	0	45
chr2	171725714	171725918	1	1	1	1	0	43
chr2	171744190	171745801	1	1	1	0	1	20
chr2	171922508	171925536	1	1	1	2	0	15
chr2	171979364	171983184	1	1	1	1	0	30
chr2	172476514	172479640	1	1	1	4	0	35
chr2	172479740	172479989	1	1	1	3	0	43
chr2	172480052	172484781	1	1	1	1	0	12
chr2	172498101	172504090	1	1	1	1	0	41
chr2	172562292	172564502	1	1	1	1	0	31
chr2	173076003	173090997	1	1	1	1	0	20
chr2	173238436	173239403	1	1	1	2	0	25
chr2	173910258	173913069	2	2	1	2	0	31
chr2	173913267	173918592	2	2	1	1	0	25
chr2	174075528	174078967	2	2	1	5	5	40
chr2	174079091	174081151	2	2	1	1	0	41
chr2	174081249	174081923	2	2	1	1	0	17
chr2	174123676	174141824	2	2	1	1	0	29
chr2	174223161	174229307	2	2	1	1	0	5
chr2	174229452	174246714	2	2	1	0	2	14
chr2	174349173	174350659	2	2	1	1	0	19
chr2	174350746	174351618	2	2	1	2	0	31
chr2	174351726	174378922	2	2	1	1	0	7
chr2	174801813	174808904	2	2	1	1	0	37
chr2	175093268	175097443	2	2	1	1	0	40
chr2	175178403	175179056	2	2	1	6	0	37
chr2	176296908	176297848	1	1	1	1	0	26
chr2	177212806	177215538	1	1	1	0	1	4
chr2	177212872	177215538	1	1	1	0	1	4
chr2	177213419	177215538	1	1	1	0	1	4
chr2	177215662	177215749	1	1	1	3	0	37
chr2	177215897	177215977	1	1	1	10	0	28
chr2	177216189	177216502	1	1	1	3	1	25
chr2	177216550	177219607	1	3	1	0	10	21
chr2	177216593	177216675	1	1	1	1	0	8
chr2	177216772	177216859	1	1	1	2	0	43
chr2	177216941	177217704	1	1	1	5	0	25
chr2	177217846	177219036	1	1	1	0	1	38
chr2	177219160	177219246	1	1	1	7	1	43
chr2	177219315	177219407	1	1	1	9	0	41
chr2	177219315	177222059	1	1	1	0	1	41
chr2	177232584	177233249	2	2	1	1	0	12
chr2	177234272	177264531	2	2	1	6	0	43
chr2	177393050	177420268	1	1	1	3	0	35
chr2	177420359	177434326	1	1	1	1	0	39
chr2	177445627	177461892	1	1	1	1	0	45
chr2	177462019	177493147	1	1	1	1	0	20
chr2	177523806	177538073	1	1	1	3	0	41
chr2	178126185	178129396	1	1	1	1	0	36
chr2	178394436	178395450	1	1	1	1	0	35
chr2	178436320	178441609	2	2	1	2	0	24
chr2	178485758	178490658	1	1	1	1	0	16
chr2	178523637	178535731	1	1	1	1	0	16
chr2	178576832	178576922	2	2	1	1	0	44
chr2	178585348	178586504	2	2	1	2	0	16
chr2	178597820	178597907	2	2	1	1	0	20
chr2	178598655	178598747	2	2	1	1	0	33
chr2	178617513	178617778	2	2	1	1	0	24
chr2	178619888	178619987	2	2	1	1	0	35
chr2	178642318	178644547	2	2	1	1	0	30
chr2	178654292	178654444	2	2	1	0	2	28
chr2	178658552	178658704	2	2	1	0	2	28
chr2	178662813	178662965	2	2	1	0	2	28
chr2	178664099	178664459	2	2	1	1	0	19
chr2	178672704	178673632	2	2	1	2	0	19
chr2	178673711	178674313	2	2	1	1	0	45
chr2	178684083	178684329	2	2	1	1	0	32
chr2	178692100	178692496	2	2	1	1	0	37
chr2	178696270	178697120	2	2	1	2	0	22
chr2	178697169	178698842	2	2	1	1	0	22
chr2	178779463	178779999	2	2	1	1	0	3
chr2	178825496	178830664	2	2	1	1	0	38
chr2	178878144	178884900	2	2	1	2	0	43
chr2	178944652	178961229	2	2	1	2	0	14
chr2	179121930	179123714	2	2	1	1	0	3
chr2	179123830	179124363	2	2	1	1	0	6
chr2	179727919	179728236	2	2	1	1	0	14
chr2	179728287	179769502	2	2	1	1	0	28
chr2	179945716	179950511	2	2	1	4	0	30
chr2	179954358	179954956	2	2	1	1	0	26
chr2	179959083	179964546	2	2	1	1	0	22
chr2	179970564	179970649	2	2	1	1	0	45
chr2	179970857	179970940	2	2	1	1	0	7
chr2	179981998	179986694	2	2	1	5	0	38
chr2	179986806	179988576	2	2	1	2	0	25
chr2	179988645	179993314	2	2	1	3	0	44
chr2	179993455	180007069	2	2	1	1	0	29
chr2	181013477	181013505	2	2	1	1	0	19
chr2	181478825	181480136	1	1	1	1	0	36
chr2	182717073	182717940	1	1	1	1	0	19
chr2	182720170	182722024	1	1	1	1	0	5
chr2	182731108	182732498	1	1	1	2	0	16
chr2	182732543	182736248	1	1	1	1	0	29
chr2	182736387	182740298	1	1	1	1	0	32
chr2	182752189	182755002	1	1	1	1	0	20
chr2	182758891	182759159	1	1	1	1	0	11
chr2	182759308	182762681	1	1	1	3	0	24
chr2	182762802	182775315	1	1	1	2	0	44
chr2	182775421	182777120	1	1	1	4	0	24
chr2	182930789	182934751	2	2	1	1	0	20
chr2	182953332	182956461	2	2	1	2	0	10
chr2	182956594	182957456	2	2	1	1	0	30
chr2	183023917	183037991	2	2	1	1	0	35
chr2	183083555	183087039	1	1	1	1	0	32
chr2	183158412	183159487	1	1	1	2	0	18
chr2	186486458	186495232	1	1	1	4	0	27
chr2	186500294	186501272	1	1	1	1	0	38
chr2	186501426	186502495	1	1	1	12	0	42
chr2	186502553	186504031	1	1	1	1	0	28
chr2	186502588	186504031	1	1	1	29	0	46
chr2	186504215	186505450	1	1	1	4	0	39
chr2	186505842	186506712	1	1	1	2	0	7
chr2	186506837	186508542	1	1	1	1	0	41
chr2	186630859	186633328	1	1	1	1	0	37
chr2	187791911	187833977	2	2	1	1	0	4
chr2	187927566	187927964	2	4	1	1	0	36
chr2	188477731	188483430	1	1	1	1	0	39
chr2	188483493	188522755	1	1	1	2	0	27
chr2	188522828	188529096	1	1	1	1	0	8
chr2	188541319	188569238	1	1	1	6	0	45
chr2	188569356	188570027	1	1	1	1	0	20
chr2	188570121	188584264	1	1	1	1	0	36
chr2	189455445	189457310	1	1	1	3	0	13
chr2	189457382	189458752	1	1	1	3	0	8
chr2	189467649	189468474	1	1	1	1	0	19
chr2	189469440	189470122	1	1	1	1	0	19
chr2	189470246	189470818	1	1	1	3	0	42
chr2	189474333	189474716	1	1	1	4	0	43
chr2	189474809	189475212	1	1	1	1	0	28
chr2	189661611	189663900	1	1	1	1	0	4
chr2	189663955	189665375	1	1	1	3	0	36
chr2	189667946	189670440	1	1	1	1	0	45
chr2	189754346	189755172	2	2	1	1	0	17
chr2	189795952	189805651	1	1	1	2	0	37
chr2	189805755	189817041	1	1	1	1	0	35
chr2	189805755	189818016	1	1	1	3	0	43
chr2	189844081	189852654	1	1	1	1	0	34
chr2	189852778	189853938	1	1	1	2	0	24
chr2	189863485	189878220	2	2	1	0	2	33
chr2	189923622	189924177	1	1	1	0	1	18
chr2	190204803	190205099	2	2	1	1	0	24
chr2	190208914	190212955	2	2	1	1	0	12
chr2	190213076	190244886	2	2	1	1	0	33
chr2	190249727	190250259	2	2	1	0	1	3
chr2	190249727	190252161	2	2	1	0	1	3
chr2	190290486	190294545	2	2	1	1	0	41
chr2	190687318	190690244	1	1	1	1	0	5
chr2	190910322	190921023	1	1	1	1	0	33
chr2	190913365	190921023	1	1	1	1	0	33
chr2	190921057	190921144	1	1	1	2	0	19
chr2	191007662	191008962	2	2	1	3	0	10
chr2	191009108	191009875	2	2	1	1	0	22
chr2	191296227	191329934	1	1	1	1	0	41
chr2	191350226	191360630	1	1	1	2	0	8
chr2	191362372	191363727	1	1	1	6	0	45
chr2	191364277	191367478	1	1	1	2	0	19
chr2	191409179	191411065	1	1	1	2	0	24
chr2	191414670	191416114	1	1	1	1	0	36
chr2	193859851	193908521	1	1	1	1	0	45
chr2	195606234	195680031	1	1	1	1	0	9
chr2	195657282	195680031	1	1	1	3	0	20
chr2	196676268	196676553	1	1	1	1	0	16
chr2	196676732	196677114	1	1	1	2	0	43
chr2	196721692	196725972	1	1	1	2	0	6
chr2	196726100	196729192	1	1	1	4	0	42
chr2	196764686	196766564	2	2	1	1	0	17
chr2	196797909	196799509	2	2	1	1	0	43
chr2	196842826	196843887	2	2	1	1	0	38
chr2	197393189	197396055	2	2	1	2	0	20
chr2	197400937	197401399	2	2	1	2	0	46
chr2	197401889	197401984	2	2	1	1	0	18
chr2	197405178	197405274	2	2	1	4	0	37
chr2	197405473	197407997	2	2	1	3	0	16
chr2	197408120	197408368	2	2	1	2	0	45
chr2	197408582	197409769	2	2	1	1	0	38
chr2	197418589	197420427	2	2	1	1	0	4
chr2	197420543	197421028	2	2	1	2	0	31
chr2	197421134	197423807	2	2	1	3	0	31
chr2	197470172	197473756	1	1	1	1	0	39
chr2	197487199	197487857	2	2	1	8	0	35
chr2	197488037	197488316	2	2	1	13	0	44
chr2	197488492	197489001	2	2	1	14	0	44
chr2	197489248	197490196	2	2	1	81	0	45
chr2	197490297	197493323	2	2	1	15	0	41
chr2	197493493	197494156	2	2	1	6	0	35
chr2	197494251	197494656	2	4	1	6	0	35
chr2	197494753	197495293	2	2	1	10	0	43
chr2	197495377	197497139	2	2	1	6	1	32
chr2	197497393	197498674	2	2	1	7	0	40
chr2	197498851	197499781	2	2	1	2	0	25
chr2	197500440	197501073	1	1	1	5	0	43
chr2	197501239	197503038	1	1	1	11	3	46
chr2	197503129	197503208	1	1	1	158	1	45
chr2	197549632	197560949	2	2	1	0	1	33
chr2	199948473	199955392	2	2	1	1	0	30
chr2	199959340	199959753	1	1	1	2	0	7
chr2	200329481	200389222	1	1	1	4	0	42
chr2	200389284	200412310	1	1	1	21	0	45
chr2	200412420	200416378	1	1	1	12	0	37
chr2	200419497	200440648	1	1	1	2	0	38
chr2	200440785	200459768	1	1	1	1	0	17
chr2	200459828	200467289	1	1	1	1	0	13
chr2	200535172	200536064	1	1	1	2	0	13
chr2	200811728	200813207	1	1	1	2	0	45
chr2	200816391	200817105	1	1	1	1	0	33
chr2	200817242	200817973	1	1	1	2	0	40
chr2	200818084	200818222	1	1	1	1	0	18
chr2	200818394	200818754	1	1	1	1	0	15
chr2	200818902	200819981	1	1	1	0	2	23
chr2	200820121	200821182	1	1	1	0	2	23
chr2	200821306	200822146	1	1	1	2	0	37
chr2	200861467	200861701	2	2	1	1	0	5
chr2	200871522	200876918	2	2	1	2	0	31
chr2	200926901	200931338	2	2	1	2	0	7
chr2	200935893	200937905	2	2	1	3	0	22
chr2	200942778	200949553	2	2	1	1	0	31
chr2	201024040	201045495	2	2	1	1	0	34
chr2	201705462	201706845	2	2	1	1	0	39
chr2	202207322	202210734	2	2	1	3	0	33
chr2	202210807	202214356	2	2	1	1	0	9
chr2	202214435	202220031	2	2	1	0	2	17
chr2	202265987	202275112	1	1	1	2	0	28
chr2	202275190	202277949	1	1	1	4	0	43
chr2	202278003	202282350	1	1	1	1	0	39
chr2	202278330	202282350	1	1	1	1	0	34
chr2	202292904	202297378	1	1	1	1	0	34
chr2	202295838	202297378	1	1	1	11	0	44
chr2	202297514	202297844	1	1	1	10	0	39
chr2	202297907	202300233	1	1	1	17	0	41
chr2	202300368	202302920	1	1	1	31	0	43
chr2	202303058	202303385	1	1	1	12	0	39
chr2	202677119	202689378	1	1	1	1	0	30
chr2	202880938	202882710	2	2	1	1	0	41
chr2	202892703	202894580	2	2	1	4	0	19
chr2	202901120	202907864	2	2	1	1	0	3
chr2	203049976	203056426	1	1	1	1	0	15
chr2	203191317	203191916	2	2	1	0	1	3
chr2	203278689	203280058	1	1	1	1	0	7
chr2	203280114	203285611	1	1	1	2	0	30
chr2	203285733	203289764	1	1	1	2	0	23
chr2	203292327	203296473	1	1	1	1	0	5
chr2	203417082	203427176	1	1	1	1	0	45
chr2	203427270	203427495	1	1	1	2	0	31
chr2	205682906	205683090	1	3	1	1	0	29
chr2	205763937	205765473	1	1	1	1	0	5
chr2	206009795	206017679	2	2	1	1	0	20
chr2	206056944	206062798	2	2	1	1	0	19
chr2	206124277	206126538	2	2	1	3	0	37
chr2	206149097	206149817	2	2	1	2	0	41
chr2	206149926	206152418	2	2	1	1	0	6
chr2	206160060	206160587	1	1	1	6	1	44
chr2	206160711	206161345	1	1	1	3	1	42
chr2	206161473	206162037	1	1	1	7	0	26
chr2	206162105	206162488	1	1	1	11	0	41
chr2	206162615	206162728	1	1	1	78	0	45
chr2	206573196	206587324	1	1	1	1	0	12
chr2	206587376	206588090	1	1	1	1	0	29
chr2	206790687	206791682	1	1	1	9	0	45
chr2	208108497	208112265	2	2	1	1	0	5
chr2	208236337	208236417	1	3	1	5	0	32
chr2	208237170	208239070	2	2	1	2	0	28
chr2	208239234	208239862	2	2	1	1	0	11
chr2	208240004	208241993	2	2	1	1	0	20
chr2	208248661	208251429	2	2	1	1	0	8
chr2	208251568	208253885	2	2	1	1	0	24
chr2	208253960	208254938	2	2	1	1	0	31
chr2	208255432	208255902	1	1	1	2	0	15
chr2	208304319	208304845	1	1	1	2	0	21
chr2	208326430	208328179	1	1	1	2	0	40
chr2	208335420	208335792	1	1	1	1	0	37
chr2	209299648	209304790	2	2	1	0	2	26
chr2	209305260	209310872	1	1	1	1	0	40
chr2	209424277	209507591	1	1	1	1	0	39
chr2	210017560	210019668	1	1	1	1	0	14
chr2	213310178	213317218	1	1	1	1	0	19
chr2	214729009	214730410	2	2	1	1	0	15
chr2	214781510	214792296	2	2	1	1	0	27
chr2	215312625	215318156	1	1	1	1	0	6
chr2	215318234	215319664	1	1	1	1	0	9
chr2	215325330	215325986	1	1	1	1	0	36
chr2	215326979	215332381	1	1	1	2	0	45
chr2	215332508	215333349	1	1	1	1	0	24
chr2	215333458	215334918	1	1	1	2	0	40
chr2	215335005	215336034	1	1	1	4	0	42
chr2	215344872	215346758	1	1	1	1	0	16
chr2	215346942	215349093	1	1	1	2	0	38
chr2	215349250	215349535	1	1	1	10	0	45
chr2	215361627	215361968	2	2	1	2	0	35
chr2	216113130	216116658	1	1	1	6	0	46
chr2	216116843	216117745	1	1	1	1	0	8
chr2	216117795	216119042	1	1	1	3	0	31
chr2	216119166	216122061	1	1	1	3	0	43
chr2	216122254	216125916	1	1	1	17	0	45
chr2	216126032	216127535	1	1	1	15	0	41
chr2	216130988	216132324	1	1	1	4	0	38
chr2	216132388	216137087	1	1	1	1	0	10
chr2	216137226	216138088	1	1	1	1	0	20
chr2	216138180	216141185	1	1	1	1	0	41
chr2	216141320	216148082	1	1	1	3	0	36
chr2	216148277	216160067	1	1	1	1	0	10
chr2	216162049	216190224	1	1	1	1	0	40
chr2	216190335	216192638	1	1	1	3	0	31
chr2	216192736	216194918	1	1	1	6	0	45
chr2	216194987	216204321	1	1	1	3	0	29
chr2	216204397	216205187	1	1	1	14	0	36
chr2	216498878	216499269	1	1	1	1	0	9
chr2	216499399	216499948	1	1	1	146	0	44
chr2	216500032	216501340	1	1	1	500	0	46
chr2	216633966	216660556	1	1	1	1	0	40
chr2	216661999	216663939	1	1	1	2	0	43
chr2	218225955	218228737	1	1	1	1	0	10
chr2	218234398	218238663	1	1	1	1	0	10
chr2	218238851	218239390	1	1	1	3	0	32
chr2	218239485	218245419	1	1	1	2	0	23
chr2	218245547	218249363	1	1	1	9	0	46
chr2	218249465	218249820	1	1	1	17	0	46
chr2	218249922	218253890	1	1	1	23	0	44
chr2	218264211	218264411	0	0	1	3	0	32
chr2	218264309	218266063	2	2	1	1	0	41
chr2	218455719	218457091	2	2	1	1	0	40
chr2	218495951	218497733	2	2	1	1	0	4
chr2	218583087	218584611	1	1	1	1	0	39
chr2	218592708	218593527	1	1	1	1	0	12
chr2	218765131	218765985	1	1	1	2	0	43
chr2	219220893	219221079	2	2	1	1	0	28
chr2	219374343	219374854	2	2	1	10	0	43
chr2	219375023	219381334	2	2	1	1	0	30
chr2	219386412	219386664	2	2	1	1	0	11
chr2	219539091	219539304	1	3	1	1	0	20
chr2	219550843	219551528	2	2	1	7	0	29
chr2	219562009	219562401	2	2	1	1	0	40
chr2	219638254	219638702	1	1	1	1	0	41
chr2	221426143	221426463	2	2	1	1	0	32
chr2	222572023	222599927	2	2	1	3	0	39
chr2	222624480	222624713	2	2	1	2	0	33
chr2	222624776	222628836	2	2	1	2	0	28
chr2	222628889	222630112	2	2	1	4	0	43
chr2	222633308	222634390	2	2	1	1	0	23
chr2	222887889	222908732	1	1	1	1	0	17
chr2	222921431	222922707	1	1	1	1	0	33
chr2	222924596	222927016	1	1	1	1	0	31
chr2	222927190	222928861	1	1	1	1	0	10
chr2	222928937	222930620	1	1	1	1	0	7
chr2	222930813	222933165	1	1	1	1	0	34
chr2	222933281	222934529	1	1	1	1	0	24
chr2	223950096	223951500	1	1	1	0	1	3
chr2	223963935	223966862	1	1	1	3	0	37
chr2	224474377	224478199	2	2	1	1	0	16
chr2	224497850	224500362	2	2	1	1	0	5
chr2	224507004	224511353	2	2	1	1	0	20
chr2	224511583	224513523	2	2	1	5	0	27
chr2	224556445	224557658	2	2	1	1	0	43
chr2	224874152	224874265	2	2	1	1	0	11
chr2	226736251	226794988	2	2	1	1	0	10
chr2	227328790	227330625	1	1	1	1	0	24
chr2	227340381	227355676	1	1	1	1	0	7
chr2	227355762	227356985	1	1	1	10	0	38
chr2	227472589	227491546	1	1	1	1	0	31
chr2	227491641	227519947	1	1	1	1	0	18
chr2	229547093	229585857	2	2	1	3	0	12
chr2	229767751	229768615	2	2	1	1	0	39
chr2	229788941	229789610	2	2	1	3	0	38
chr2	229792066	229792152	2	2	1	3	0	17
chr2	229799050	229799282	2	2	1	2	0	28
chr2	229807865	229808251	2	2	1	1	0	21
chr2	229880129	229921879	2	2	1	1	0	38
chr2	230186144	230200884	2	2	1	1	0	26
chr2	230878101	230878442	1	3	1	1	0	19
chr2	231062322	231062505	1	1	1	3	0	38
chr2	231062676	231066905	1	1	1	2	0	45
chr2	231070169	231072188	1	1	1	1	0	20
chr2	231080315	231082882	1	1	1	1	0	14
chr2	231087182	231138735	1	1	1	1	0	13
chr2	231146357	231153563	1	1	1	1	0	17
chr2	231153667	231161339	1	1	1	1	0	22
chr2	231161510	231163634	1	1	1	45	0	46
chr2	231163728	231165199	1	1	1	23	0	45
chr2	231165287	231165870	1	1	1	1	0	8
chr2	231170722	231172534	1	1	1	15	0	43
chr2	231198942	231206197	1	3	1	1	0	24
chr2	231206290	231208126	1	1	1	1	0	5
chr2	231234727	231243137	2	2	1	1	0	43
chr2	231264912	231265814	2	4	1	1	0	24
chr2	231291444	231296197	1	1	1	1	0	11
chr2	231296254	231302203	1	1	1	1	0	25
chr2	231331898	231344974	1	1	1	1	0	30
chr2	231455268	231455400	2	2	1	9	0	44
chr2	231455482	231455572	2	4	1	1	0	23
chr2	231455625	231456009	2	2	1	1	0	17
chr2	231456137	231456630	2	2	1	3	0	43
chr2	231457125	231457642	2	2	1	1	0	30
chr2	231457801	231458265	2	2	1	2	0	19
chr2	231458390	231459000	2	2	1	10	0	41
chr2	231459126	231460151	2	2	1	36	0	43
chr2	231460294	231460477	2	2	1	12	0	38
chr2	231460565	231460668	2	2	1	7	0	43
chr2	231460867	231461539	2	2	1	46	0	46
chr2	231462018	231463199	2	2	1	2	0	35
chr2	231463317	231464335	2	2	1	1	0	18
chr2	231509344	231513526	2	2	1	2	0	20
chr2	231708752	231711347	1	1	1	16	2	46
chr2	231710677	231711347	1	1	1	1	0	4
chr2	231711420	231711886	1	1	1	8	0	38
chr2	231711420	231711889	1	1	1	88	0	46
chr2	231711984	231712442	1	1	1	515	3	46
chr2	231712517	231712803	1	1	1	270	8	46
chr2	232556531	232557883	1	1	1	1	0	19
chr2	232567215	232574262	1	1	1	1	0	3
chr2	232574342	232580903	1	1	1	1	0	10
chr2	232749083	232756222	1	1	1	1	0	40
chr2	232790916	232791007	1	1	1	1	0	34
chr2	232791171	232791257	1	1	1	1	0	18
chr2	232815738	232816870	1	1	1	4	0	38
chr2	232817033	232819826	1	1	1	2	0	28
chr2	232839972	232844045	1	1	1	1	0	38
chr2	232844575	232845731	1	1	1	1	0	32
chr2	233354675	233388256	1	1	1	1	0	28
chr2	233462736	233464163	1	1	1	1	0	10
chr2	233485627	233485766	2	2	1	1	0	13
chr2	233485978	233488238	2	2	1	2	0	29
chr2	233511798	233512568	2	2	1	1	0	40
chr2	233837653	233840608	2	2	1	3	0	28
chr2	233847462	233849762	2	2	1	1	0	34
chr2	233849860	233852564	2	2	1	1	0	3
chr2	233852621	233853843	2	2	1	3	0	33
chr2	233853911	233854383	2	2	1	5	0	44
chr2	234995377	235034870	1	1	1	1	0	21
chr2	236392072	236392243	2	2	1	1	0	5
chr2	236392351	236399412	2	2	1	2	0	20
chr2	236419272	236441039	2	2	1	1	0	37
chr2	236441125	236465504	2	2	1	2	0	44
chr2	237096870	237097662	1	1	1	1	0	27
chr2	237748400	237749198	1	1	1	2	0	14
chr2	237749325	237753308	1	1	1	4	0	34
chr2	237751272	237753308	1	1	1	2	0	39
chr2	237772199	237772865	1	1	1	1	0	43
chr2	237772946	237774357	1	1	1	1	0	5
chr2	237774463	237779421	1	1	1	1	0	35
chr2	238016634	238025341	1	1	1	2	0	24
chr2	238025413	238030555	1	1	1	2	0	10
chr2	238030614	238032221	1	1	1	1	0	10
chr2	238052123	238052631	1	1	1	1	0	24
chr2	238171025	238173533	2	2	1	1	0	26
chr2	238184114	238185180	2	2	1	1	0	20
chr2	238249213	238250550	2	2	1	1	0	27
chr2	238260954	238261728	2	2	1	1	0	32
chr2	238325971	238328685	1	1	1	3	0	30
chr2	238328830	238328925	1	1	1	2	0	45
chr2	238397680	238398753	1	1	1	2	0	25
chr2	240134006	240136221	2	2	1	2	0	21
chr2	240718169	240719005	2	2	1	2	0	25
chr2	240760844	240761228	2	2	1	3	0	10
chr2	240782608	240783043	2	2	1	1	0	15
chr2	240783110	240783738	2	2	1	13	0	41
chr2	240783817	240784988	2	2	1	16	0	41
chr2	240785101	240786334	2	2	1	1	0	12
chr2	240786514	240787250	2	2	1	1	0	3
chr2	241153605	241157806	1	1	1	1	0	3
chr2	241157863	241158483	1	1	1	1	0	24
chr2	241158532	241182905	1	1	1	1	1	20
chr2	241160495	241163284	1	1	1	1	0	36
chr2	241166442	241167044	1	1	1	8	0	42
chr2	241229688	241229832	2	2	1	2	0	38
chr2	241230945	241233819	2	2	1	1	0	9
chr2	241233964	241235120	2	2	1	1	0	10
chr2	241236770	241238648	2	2	1	3	0	21
chr2	241238788	241239601	2	2	1	1	0	19
chr2	241242679	241246751	2	2	1	1	0	19
chr2	241247143	241248002	2	2	1	2	0	33
chr2	241253498	241255050	2	2	1	2	0	44
chr2	241256300	241256363	2	4	1	1	0	37
chr2	241256400	241256599	2	2	1	6	0	40
chr2	241256807	241262710	2	2	1	2	0	25
chr2	241269296	241272760	2	2	1	1	0	11
chr2	241315611	241324215	1	1	1	1	0	26
chr2	241317600	241324215	1	1	1	2	0	18
chr2	241324242	241325992	1	1	1	2	0	24
chr2	241326114	241335125	1	1	1	6	0	43
chr2	241335213	241335974	1	1	1	1	0	16
chr2	241336099	241337381	1	1	1	1	0	19
chr2	241337517	241337672	1	1	1	2	0	36
chr2	241350204	241351966	1	1	1	2	0	21
chr2	241353721	241354751	2	2	1	0	1	3
chr2	241403933	241404798	1	1	1	1	0	25
chr2	241495702	241496397	2	2	1	2	0	28
chr2	241584576	241633319	1	3	1	2	0	23
chr2	241602000	241602969	2	2	1	1	0	15
chr2	241653611	241654545	1	1	1	1	0	22
chr2	241685256	241694773	2	2	1	1	0	18
chr2	241723272	241723790	1	1	1	2	0	44
chr2	241849986	241852273	2	2	1	1	0	17
chr3	3126991	3129013	1	1	1	1	0	13
chr3	3129189	3137259	1	1	1	1	0	31
chr3	3137454	3140509	1	1	1	1	0	34
chr3	3151046	3152455	2	2	1	1	0	4
chr3	4673388	4674201	1	1	1	1	0	22
chr3	5170557	5172149	1	1	1	0	1	3
chr3	5170584	5172149	1	1	1	0	1	3
chr3	5172224	5172646	1	1	1	0	1	15
chr3	8902521	8912311	2	2	1	1	0	13
chr3	8912373	8913643	2	2	1	2	0	26
chr3	8913721	8935870	2	2	1	1	0	18
chr3	8936056	8939553	2	2	1	2	0	4
chr3	8939654	8941466	2	2	1	1	0	11
chr3	9365321	9366907	1	1	1	1	0	41
chr3	9366986	9371059	1	1	1	8	0	34
chr3	9380619	9383198	1	1	1	1	0	41
chr3	9383310	9384211	1	1	1	1	0	5
chr3	9385924	9388086	2	2	1	1	0	38
chr3	9388128	9390289	2	2	1	1	0	13
chr3	9434883	9435727	1	1	1	2	0	42
chr3	9442246	9443307	1	1	1	1	0	23
chr3	9443418	9445047	1	1	1	2	0	42
chr3	9445301	9445656	1	1	1	2	0	42
chr3	9475157	9475482	1	1	1	1	0	23
chr3	9672759	9677316	1	1	1	1	0	27
chr3	9714956	9715288	1	1	1	1	0	39
chr3	9747597	9747662	2	2	1	1	0	45
chr3	9800297	9801660	1	1	1	1	0	21
chr3	9964198	9969718	2	2	1	2	0	15
chr3	9977051	9977388	2	2	1	1	0	8
chr3	9977447	9986506	2	2	1	1	0	20
chr3	10026474	10028624	1	1	1	2	0	12
chr3	10028722	10032831	1	1	1	1	0	25
chr3	10034799	10035172	1	1	1	1	0	24
chr3	10063912	10064355	1	1	1	0	1	36
chr3	10064876	10065393	1	1	1	1	0	7
chr3	10065980	10067208	1	1	1	6	0	46
chr3	10067318	10072870	1	1	1	8	0	41
chr3	10067318	10072879	1	1	1	1	0	13
chr3	10098816	10101187	1	1	1	1	0	23
chr3	10298634	10298785	1	3	1	2	0	26
chr3	10301148	10304025	2	2	1	2	0	45
chr3	10304173	10305032	2	2	1	1	0	41
chr3	10312731	10315320	2	2	1	2	0	14
chr3	11360785	11362812	1	1	1	1	0	13
chr3	11790582	11807832	2	2	1	6	0	41
chr3	11807896	11809516	2	2	1	2	0	41
chr3	11883135	11883578	1	1	1	0	1	36
chr3	12484881	12489783	1	1	1	1	0	29
chr3	12769481	12770375	1	1	1	1	0	37
chr3	12836224	12839348	2	2	1	139	11	45
chr3	12839531	12840141	2	2	1	13	0	44
chr3	13328947	13330459	2	2	1	1	0	28
chr3	14178882	14181559	1	1	1	1	0	45
chr3	14181671	14183936	1	1	1	3	0	39
chr3	14184033	14198035	1	1	1	4	0	45
chr3	14651879	14654425	1	1	1	1	0	4
chr3	14654531	14655528	1	1	1	1	0	21
chr3	14665124	14666804	1	1	1	1	0	27
chr3	14666948	14667423	1	1	1	1	0	39
chr3	14667519	14668048	1	1	1	6	0	42
chr3	14880773	14897508	1	1	1	1	0	28
chr3	15059476	15065060	2	2	1	1	0	42
chr3	15075711	15077061	2	2	1	1	0	33
chr3	15206598	15212103	1	1	1	1	0	11
chr3	15411438	15414020	2	2	1	1	0	3
chr3	15560898	15563357	2	2	1	13	1	42
chr3	15564659	15567843	2	2	1	1	0	45
chr3	15568587	15571667	2	2	1	2	0	32
chr3	15679385	15679475	2	2	1	1	0	18
chr3	15679564	15685225	2	2	1	1	0	8
chr3	16260830	16264154	2	2	1	1	0	8
chr3	16264230	16264768	2	2	1	1	0	9
chr3	17068066	17089732	1	1	1	2	0	41
chr3	17167829	17185108	2	2	1	1	0	14
chr3	17185209	17214206	2	2	1	1	0	6
chr3	17238420	17258505	2	2	1	1	0	35
chr3	20178348	20183607	2	2	1	1	0	43
chr3	20184035	20185311	2	2	1	1	0	43
chr3	20184035	20185947	2	2	1	1	0	17
chr3	23203263	23208691	1	1	1	1	0	10
chr3	23806089	23807236	1	1	1	1	0	26
chr3	23917174	23917849	1	1	1	3	0	37
chr3	23918032	23918439	1	1	1	7	0	41
chr3	23918577	23919195	1	1	1	7	0	34
chr3	25599530	25601099	2	2	1	1	0	13
chr3	25601226	25604759	2	2	1	1	0	9
chr3	25604871	25606042	2	2	1	1	0	8
chr3	25607376	25609182	2	2	1	1	0	25
chr3	25609345	25609567	2	2	1	1	0	38
chr3	25609713	25612514	2	2	1	2	0	10
chr3	25612710	25615204	2	2	1	2	0	21
chr3	25618510	25618653	2	2	1	1	0	12
chr3	25618850	25619861	2	2	1	1	0	13
chr3	25620817	25623514	2	2	1	1	0	7
chr3	25627297	25628846	2	2	1	3	0	34
chr3	25628953	25629034	2	2	1	2	0	9
chr3	25629146	25630028	2	2	1	4	0	38
chr3	25630470	25630800	2	2	1	1	0	31
chr3	25630940	25632445	2	2	1	2	0	37
chr3	25642386	25643693	2	2	1	1	0	42
chr3	25733983	25736003	2	2	1	1	0	9
chr3	25751264	25764065	2	2	1	1	0	38
chr3	27376846	27379248	2	2	1	1	0	22
chr3	27379357	27383152	2	2	1	2	0	41
chr3	27386024	27389930	2	2	1	12	0	41
chr3	27390105	27391739	2	4	1	1	0	22
chr3	27418633	27420699	2	2	1	2	0	39
chr3	27437527	27448650	2	2	1	1	0	25
chr3	28340623	28348600	2	2	1	3	0	19
chr3	30644916	30650269	1	1	1	1	0	38
chr3	31619831	31622096	1	1	1	1	0	16
chr3	31625086	31625953	1	1	1	1	0	29
chr3	31626128	31629297	1	1	1	2	0	36
chr3	31633148	31635983	1	1	1	1	0	38
chr3	31733412	31747909	2	2	1	1	0	16
chr3	31910038	31910625	1	1	1	1	0	24
chr3	32367989	32369883	1	1	1	1	0	28
chr3	32526909	32528445	2	2	1	14	0	43
chr3	32534647	32537010	2	2	1	3	0	25
chr3	32537105	32541036	2	2	1	3	0	31
chr3	32541207	32544875	2	2	1	1	0	42
chr3	32545966	32570345	2	2	1	2	0	25
chr3	32562460	32563411	2	2	1	1	0	19
chr3	32570420	32570624	2	2	1	5	0	42
chr3	32708821	32713226	1	1	1	1	0	15
chr3	32769963	32773456	1	1	1	1	0	20
chr3	32832615	32833104	1	1	1	2	0	29
chr3	32884162	32884503	1	3	1	3	0	39
chr3	33411688	33412721	2	2	1	1	0	7
chr3	33556583	33560389	2	4	1	1	0	34
chr3	33608627	33612000	2	2	1	1	0	3
chr3	33612072	33619602	2	2	1	1	0	18
chr3	33627081	33632291	2	2	1	1	0	11
chr3	33683601	33684358	2	2	1	1	0	36
chr3	36828376	36829563	2	2	1	1	0	22
chr3	37004475	37006990	1	1	1	1	0	27
chr3	37007064	37008813	1	1	1	1	0	23
chr3	37049018	37050485	1	1	1	1	0	11
chr3	37083807	37094791	2	2	1	1	0	11
chr3	37094909	37096615	2	2	1	1	0	21
chr3	37096661	37129062	2	2	1	1	0	26
chr3	37294516	37323819	2	2	1	0	1	20
chr3	37299021	37299287	1	1	1	4	0	13
chr3	37299372	37302184	1	1	1	1	0	20
chr3	37302333	37315419	1	1	1	1	0	26
chr3	37315599	37319062	1	1	1	4	0	39
chr3	37319195	37321730	1	1	1	5	0	46
chr3	37319535	37323819	2	2	1	0	1	20
chr3	37321887	37323587	1	1	1	3	0	29
chr3	37327826	37328415	1	1	1	1	0	16
chr3	37328538	37328962	1	1	1	3	0	43
chr3	37337735	37340123	1	1	1	2	0	22
chr3	37340200	37347192	1	1	1	1	0	12
chr3	37910253	37910388	1	1	1	1	0	39
chr3	38198864	38216095	1	1	1	1	0	3
chr3	38216152	38221577	1	1	1	1	0	33
chr3	38221688	38223811	1	1	1	2	0	18
chr3	38224705	38229686	1	1	1	2	0	39
chr3	38236962	38242742	1	1	1	1	0	24
chr3	38242779	38246074	1	1	1	1	0	32
chr3	38246222	38247667	1	1	1	1	0	43
chr3	38482561	38483137	1	1	1	2	0	9
chr3	39088234	39089230	1	1	1	1	0	9
chr3	39089319	39091624	1	1	1	1	0	26
chr3	39407787	39408605	1	1	1	5	0	34
chr3	39408696	39412345	1	1	1	1	0	35
chr3	39408725	39410753	1	1	1	0	3	21
chr3	39411000	39411648	1	1	1	3	0	45
chr3	39411778	39411895	1	1	1	21	1	42
chr3	39411914	39412315	1	3	1	9	0	18
chr3	39411986	39412329	1	3	1	2	0	42
chr3	39412062	39412273	1	1	1	435	0	46
chr3	39412062	39412276	1	1	1	2	0	40
chr3	40311057	40311469	1	1	1	3	0	42
chr3	40457992	40458641	1	1	1	2	0	42
chr3	40458737	40461406	1	1	1	17	0	43
chr3	40461507	40461607	1	1	1	13	1	45
chr3	40461662	40461938	1	1	1	7	0	38
chr3	40462120	40462200	2	2	1	1	0	45
chr3	41225862	41227207	1	1	1	2	0	26
chr3	41835972	41883873	2	2	1	1	0	17
chr3	41882281	41883873	2	2	1	1	0	20
chr3	42112713	42113219	1	1	1	1	0	30
chr3	42590967	42591524	1	1	1	1	0	21
chr3	42591602	42594421	1	1	1	1	0	30
chr3	42634701	42635220	1	1	1	3	0	37
chr3	42635367	42636867	1	1	1	32	0	42
chr3	42785321	42786027	2	2	1	9	0	39
chr3	43001672	43002520	2	2	1	2	0	41
chr3	43711864	43714946	1	1	1	1	0	29
chr3	44367709	44371865	1	1	1	1	0	40
chr3	44568004	44568306	1	1	1	2	0	17
chr3	44568434	44569921	1	1	1	1	0	33
chr3	44651260	44652556	1	1	1	1	0	19
chr3	44651260	44658700	1	1	1	2	0	29
chr3	44652702	44658700	1	1	1	2	0	31
chr3	44753553	44754223	2	2	1	6	0	41
chr3	44797957	44800313	1	1	1	2	0	34
chr3	44815077	44826038	1	1	1	5	0	33
chr3	44841239	44843124	1	1	1	1	0	3
chr3	44843235	44847984	1	1	1	1	0	22
chr3	44851953	44852207	1	1	1	2	0	33
chr3	44929437	44933117	2	2	1	1	0	24
chr3	45001609	45005290	1	1	1	3	0	38
chr3	45007576	45011234	1	1	1	4	0	19
chr3	45089142	45091172	2	2	1	2	0	37
chr3	45094308	45107288	2	2	1	0	1	32
chr3	45500580	45513134	1	1	1	2	0	35
chr3	45732152	45735234	1	1	1	1	0	33
chr3	45959543	45962224	2	2	1	2	0	31
chr3	46579367	46579738	1	1	1	1	0	19
chr3	46580061	46581131	1	1	1	0	2	38
chr3	46941066	46976636	2	2	1	1	0	36
chr3	47005848	47005945	1	1	1	1	0	38
chr3	47033748	47038586	1	1	1	1	0	34
chr3	47037778	47042560	2	2	1	1	0	38
chr3	47062347	47067069	2	2	1	2	0	44
chr3	47067119	47080866	2	2	1	1	0	29
chr3	47067119	47083719	2	2	1	2	0	30
chr3	47101556	47103345	2	2	1	1	0	25
chr3	47106121	47113875	2	2	1	1	0	5
chr3	47414100	47414179	2	2	1	1	0	33
chr3	47414994	47415097	2	2	1	1	0	8
chr3	47585939	47586755	1	3	1	1	0	15
chr3	47635345	47636021	2	2	1	11	0	43
chr3	47636137	47638724	2	2	1	30	0	45
chr3	47638781	47661293	2	2	1	36	0	46
chr3	47661456	47662333	2	2	1	4	0	42
chr3	47675589	47676628	2	2	1	3	0	38
chr3	47680509	47686048	2	2	1	3	0	35
chr3	47686171	47689386	2	2	1	3	0	38
chr3	47689425	47693240	2	2	1	2	0	38
chr3	47701403	47706408	2	2	1	13	0	45
chr3	47706531	47710682	2	2	1	6	0	44
chr3	47710809	47714414	2	2	1	4	0	41
chr3	47738111	47745907	2	2	1	2	0	41
chr3	47805421	47810656	1	1	1	1	0	29
chr3	47810712	47815962	1	1	1	5	0	42
chr3	47825248	47827346	1	1	1	2	0	31
chr3	47829135	47840876	1	1	1	1	0	7
chr3	47867339	47869213	2	2	1	1	0	19
chr3	47869328	47870812	2	2	1	1	0	3
chr3	47871287	47871916	2	2	1	2	0	36
chr3	47880252	47880624	2	2	1	3	0	27
chr3	47914940	47915950	2	2	1	1	0	26
chr3	47921879	47928227	2	2	1	1	0	39
chr3	48410559	48410867	2	2	1	1	0	38
chr3	48440313	48440402	1	1	1	3	0	32
chr3	48440459	48440540	1	1	1	9	1	42
chr3	48440629	48443847	1	1	1	180	20	45
chr3	48440629	48443853	1	1	1	2	0	16
chr3	48465084	48465486	1	1	1	2	0	46
chr3	48501294	48504018	2	2	1	1	0	34
chr3	48568171	48568498	2	2	1	1	0	20
chr3	48568535	48568783	2	4	1	1	0	36
chr3	48570501	48570638	2	2	1	2	0	7
chr3	48574307	48574487	2	2	1	2	0	26
chr3	48599193	48599634	2	2	1	15	0	45
chr3	48599711	48600062	2	2	1	3	0	17
chr3	48600152	48600481	2	2	1	2	0	44
chr3	48600568	48600679	2	2	1	1	0	36
chr3	48601468	48603563	2	2	1	1	0	39
chr3	48603644	48604232	2	2	1	1	0	32
chr3	48626001	48626217	2	2	1	2	0	45
chr3	48693180	48695089	2	2	1	1	0	37
chr3	48927814	48961611	1	1	1	1	0	4
chr3	48961680	48964918	1	1	1	1	0	20
chr3	48980497	48981659	1	1	1	1	0	24
chr3	49010485	49010753	1	1	1	1	0	20
chr3	49015568	49015809	1	1	1	1	0	30
chr3	49015708	49015818	2	2	1	1	0	4
chr3	49022539	49022701	1	1	1	1	0	14
chr3	49024405	49024494	2	2	1	103	0	46
chr3	49024579	49024658	2	2	1	67	0	46
chr3	49024803	49024895	2	2	1	2	0	16
chr3	49026420	49026518	2	2	1	1	0	12
chr3	49027048	49027709	2	2	1	2	0	21
chr3	49032274	49032621	2	2	1	1	0	14
chr3	49032774	49033119	2	2	1	1	0	30
chr3	49096080	49097991	2	2	1	29	0	39
chr3	49096080	49098191	2	2	1	3	0	46
chr3	49098118	49098191	2	2	1	2	0	36
chr3	49098259	49098352	2	2	1	2	0	40
chr3	49101706	49101827	2	2	1	1	0	37
chr3	49122371	49122703	2	2	1	1	0	24
chr3	49357748	49358026	2	2	1	0	1	3
chr3	49476527	49478209	1	1	1	1	0	33
chr3	49682737	49682842	1	1	1	2	0	43
chr3	49682946	49683039	1	1	1	2	0	19
chr3	49683147	49683236	1	1	1	1	0	21
chr3	49691510	49697142	1	1	1	1	0	15
chr3	49720035	49722096	1	3	1	1	0	42
chr3	49721884	49721964	2	2	1	1	0	17
chr3	49860550	49860715	2	2	1	1	0	43
chr3	49909155	49909252	2	2	1	1	0	19
chr3	49962686	49967197	1	1	1	2	0	8
chr3	49972149	49975322	1	1	1	2	0	14
chr3	49975393	49999439	1	1	1	1	0	13
chr3	50058563	50059648	1	1	1	1	0	17
chr3	50060999	50061139	1	1	1	1	0	30
chr3	50061222	50061461	1	1	1	2	0	25
chr3	50061548	50061961	1	1	1	4	0	36
chr3	50062109	50065030	1	1	1	2	0	28
chr3	50065127	50066241	1	1	1	1	0	22
chr3	50066503	50068689	1	1	1	3	0	36
chr3	50070553	50075200	1	1	1	1	0	5
chr3	50075331	50077007	1	1	1	3	0	26
chr3	50093876	50099981	1	1	1	1	0	5
chr3	50108148	50108231	1	1	1	1	0	25
chr3	50110771	50113382	1	1	1	1	0	43
chr3	50236379	50259163	1	3	1	2	0	43
chr3	50326187	50326356	2	2	1	9	0	33
chr3	50326478	50327953	2	2	1	1	0	27
chr3	50347674	50347758	2	2	1	2	0	20
chr3	50348411	50348526	2	2	1	1	0	37
chr3	50348564	50348684	2	2	1	1	0	16
chr3	50366164	50366266	2	2	1	1	0	22
chr3	51315129	51330137	1	1	1	1	0	13
chr3	51645764	51646284	1	1	1	1	0	6
chr3	51656171	51657579	1	1	1	1	0	24
chr3	51684635	51699405	1	1	1	1	0	21
chr3	51933600	51933707	2	2	1	11	0	36
chr3	51937737	51938094	2	2	1	2	0	17
chr3	51941492	51941780	2	2	1	1	0	15
chr3	51987062	51987146	1	1	1	1	0	39
chr3	51994127	51995041	2	2	1	4	1	35
chr3	51995107	51995424	2	2	1	4	0	41
chr3	52414049	52414495	1	1	1	1	0	18
chr3	52451307	52451390	2	2	1	1	0	31
chr3	52524544	52524665	1	1	1	1	0	27
chr3	52524612	52524816	2	2	1	1	0	23
chr3	52524732	52524816	2	2	1	1	0	25
chr3	52524882	52524962	2	2	1	1	0	24
chr3	52525296	52527293	2	2	1	0	1	4
chr3	52534878	52540423	1	1	1	1	0	14
chr3	52536774	52540423	1	1	1	1	0	18
chr3	52536907	52540423	1	1	1	12	0	45
chr3	52603733	52609312	2	2	1	5	0	45
chr3	52609956	52615350	2	2	1	1	0	43
chr3	52629036	52634601	2	2	1	5	0	14
chr3	52686106	52686768	1	1	1	1	0	38
chr3	52686106	52687245	1	1	1	1	0	43
chr3	52686828	52687245	1	1	1	4	0	31
chr3	52687384	52687501	1	1	1	2	0	41
chr3	52687616	52688108	1	1	1	2	0	26
chr3	52688193	52689073	1	1	1	1	0	35
chr3	52689207	52690591	1	1	1	3	0	43
chr3	52693330	52693407	1	1	1	2	0	44
chr3	52693545	52693631	1	1	1	4	0	46
chr3	52693808	52694036	1	1	1	3	0	34
chr3	52694104	52694192	1	1	1	3	0	35
chr3	52706704	52706792	1	1	1	1	0	15
chr3	52741500	52743351	2	2	1	1	0	28
chr3	52749830	52751931	2	2	1	1	0	11
chr3	52907315	52907554	2	2	1	1	0	39
chr3	52911179	52912537	2	2	1	3	0	12
chr3	52912648	52913477	2	2	1	1	0	11
chr3	53013736	53014410	2	2	1	1	0	31
chr3	53186696	53187339	1	1	1	2	0	39
chr3	53225932	53226755	2	2	1	11	0	44
chr3	53226879	53228055	2	2	1	2	0	30
chr3	53228150	53228275	2	2	1	14	0	45
chr3	53228360	53229006	2	2	1	5	0	38
chr3	53229138	53229279	2	2	1	1	0	36
chr3	53230622	53231356	2	2	1	6	0	46
chr3	53231551	53233155	2	2	1	13	0	45
chr3	53233275	53234982	2	2	1	6	0	35
chr3	53868773	53871314	2	2	1	1	0	32
chr3	53868863	53869981	2	2	1	2	0	20
chr3	53886935	53888392	2	2	1	1	0	26
chr3	53888484	53891769	2	2	1	2	0	21
chr3	54632503	54633558	2	2	1	9	0	45
chr3	54634566	54637690	2	2	1	1	0	43
chr3	54752678	54753445	1	1	1	2	0	19
chr3	54838649	54846392	1	1	1	1	0	13
chr3	56007322	56010448	2	2	1	1	0	36
chr3	56080985	56139508	2	2	1	1	0	46
chr3	56435148	56468247	2	2	1	1	0	38
chr3	56566760	56566949	1	1	1	2	0	45
chr3	56567054	56571180	1	1	1	2	0	43
chr3	56594029	56613588	1	1	1	2	0	26
chr3	56615273	56615921	1	1	1	1	0	3
chr3	56616054	56617111	1	1	1	1	0	15
chr3	56619902	56621531	1	1	1	1	0	39
chr3	56641753	56646521	2	2	1	1	0	21
chr3	56666385	56668396	2	2	1	1	0	31
chr3	57103146	57104341	2	2	1	1	0	44
chr3	57238117	57240464	1	1	1	2	0	35
chr3	57240553	57242100	1	1	1	3	0	32
chr3	57242143	57242855	1	1	1	1	0	18
chr3	57249549	57252268	1	1	1	2	0	41
chr3	57252312	57253681	1	1	1	2	0	8
chr3	57260020	57260116	1	1	1	2	0	37
chr3	57260154	57260627	1	1	1	4	0	27
chr3	57260775	57267741	1	1	1	6	0	38
chr3	57267793	57268397	1	1	1	1	0	16
chr3	57268488	57269540	1	1	1	1	0	23
chr3	57285331	57330529	2	2	1	2	0	17
chr3	57572299	57575547	2	2	1	3	0	41
chr3	57575674	57577315	2	2	1	1	0	37
chr3	57600170	57600742	1	1	1	1	0	20
chr3	57860840	57861948	1	1	1	5	0	25
chr3	57862087	57864547	1	1	1	4	0	36
chr3	57896592	57896872	1	1	1	2	0	43
chr3	57912702	57913157	1	1	1	2	0	3
chr3	58109323	58109575	1	1	1	1	0	40
chr3	58169794	58170574	1	1	1	3	0	30
chr3	58403911	58408923	1	1	1	2	0	42
chr3	58409002	58409531	1	1	1	5	0	42
chr3	58428180	58428472	2	2	1	8	0	36
chr3	58429800	58430127	2	2	1	1	0	37
chr3	58430239	58430656	2	2	1	2	0	36
chr3	58431629	58431730	2	2	1	2	0	27
chr3	58431794	58431876	2	2	1	1	0	14
chr3	58505287	58508892	2	2	1	1	0	26
chr3	58869491	58870172	2	2	1	1	0	4
chr3	61599196	61600095	1	1	1	1	0	33
chr3	61766737	61767131	2	4	1	2	0	19
chr3	61766869	61766998	2	2	1	1	0	39
chr3	62255216	62262797	1	1	1	1	0	24
chr3	62262895	62267409	1	1	1	4	0	46
chr3	62273082	62273697	1	1	1	1	0	16
chr3	62315885	62317105	2	2	1	1	0	35
chr3	62319833	62320459	1	1	1	1	0	3
chr3	62320525	62321929	1	1	1	1	0	24
chr3	62592749	62645721	2	2	1	1	0	8
chr3	63838063	63838371	2	2	1	1	0	43
chr3	63839774	63863771	2	2	1	1	0	41
chr3	64010765	64010877	2	2	1	10	0	26
chr3	64010956	64013438	2	2	1	3	0	36
chr3	64013608	64018598	2	2	1	2	0	30
chr3	64019038	64019295	2	2	1	1	0	15
chr3	66002572	66002857	1	1	1	1	0	39
chr3	66236701	66243202	1	1	1	1	0	15
chr3	66465577	66466076	1	3	1	2	0	27
chr3	67495941	67498133	2	2	1	0	1	42
chr3	67746958	67749852	1	1	1	1	0	4
chr3	68979788	68982810	2	2	1	1	0	36
chr3	69004483	69005139	2	2	1	1	0	7
chr3	69027993	69028225	2	2	1	1	0	11
chr3	69028296	69029814	2	2	1	1	0	17
chr3	69039694	69042806	2	2	1	1	0	32
chr3	69043877	69044491	2	2	1	9	0	37
chr3	69055526	69055850	2	2	1	1	0	8
chr3	69055906	69055999	2	2	1	1	0	29
chr3	69057310	69061813	2	2	1	2	0	44
chr3	70959392	70963480	2	2	1	1	0	37
chr3	73061061	73063672	1	1	1	1	0	10
chr3	73063748	73064002	1	1	1	3	0	33
chr3	73065142	73065396	1	1	1	5	0	31
chr3	73077090	73114007	2	2	1	2	0	19
chr3	75716130	75719033	2	4	1	1	0	45
chr3	76538472	76540894	1	1	1	1	0	23
chr3	78600310	78606732	2	2	1	1	0	29
chr3	78607042	78614647	2	2	1	1	0	18
chr3	78656465	78686743	2	2	1	1	0	42
chr3	85037324	85037768	1	5	1	3	0	12
chr3	85692993	85693477	1	3	1	1	0	45
chr3	87240791	87245713	1	1	1	1	0	13
chr3	87245909	87249874	1	1	1	2	0	25
chr3	87249978	87253403	1	1	1	3	0	6
chr3	87253511	87253711	1	1	1	5	0	33
chr3	87731751	87740627	2	2	1	1	0	21
chr3	88056000	88058018	2	2	1	1	0	23
chr3	94036755	94039879	1	1	1	3	0	42
chr3	94039989	94043014	1	1	1	2	0	10
chr3	97950889	97954391	2	2	1	1	0	3
chr3	97952253	97954391	2	2	1	1	0	5
chr3	98517190	98518884	2	2	1	1	0	43
chr3	98518996	98521132	2	2	1	1	0	32
chr3	98808175	98811193	2	2	1	1	0	34
chr3	98811320	98811467	2	2	1	1	0	18
chr3	98849599	98881539	2	2	1	1	0	4
chr3	99818044	100146972	1	1	1	10	1	39
chr3	100147062	100160429	1	1	1	10	0	43
chr3	100176416	100178304	1	1	1	2	0	21
chr3	100316188	100319068	1	1	1	1	0	46
chr3	100319205	100320776	1	1	1	2	0	35
chr3	100320972	100323586	1	1	1	1	0	37
chr3	100352503	100354771	1	1	1	1	0	28
chr3	100354828	100355176	1	1	1	6	0	43
chr3	100377913	100381614	2	2	1	1	0	26
chr3	100384589	100386217	2	2	1	5	0	40
chr3	100386345	100386804	2	2	1	1	0	32
chr3	100713870	100719974	1	1	1	2	0	46
chr3	101459053	101493872	2	2	1	1	0	30
chr3	101574280	101585436	1	1	1	1	0	12
chr3	101580005	101585436	1	1	1	0	1	23
chr3	101664715	101664963	2	2	1	1	0	14
chr3	101681216	101682428	2	2	1	511	2	46
chr3	101682493	101682770	2	2	1	226	1	46
chr3	101682908	101685817	2	2	1	11	0	43
chr3	101685929	101686481	2	2	1	11	1	44
chr3	101807127	101816794	1	1	1	1	0	3
chr3	105550260	105552143	1	1	1	1	0	32
chr3	105576514	105576875	1	1	1	2	0	17
chr3	106843068	106843178	2	2	1	4	0	32
chr3	107748040	107755597	1	1	1	2	0	28
chr3	107774858	107778370	1	1	1	2	0	44
chr3	107798721	107801094	1	1	1	1	0	22
chr3	107927927	107928399	1	1	1	1	0	7
chr3	108047293	108049618	2	2	1	3	0	33
chr3	108049652	108050577	2	2	1	1	0	10
chr3	108162656	108163662	2	2	1	3	0	17
chr3	108551320	108552233	2	2	1	1	0	6
chr3	108552374	108553647	2	2	1	1	0	22
chr3	108553731	108554375	2	2	1	11	0	46
chr3	108554490	108557217	2	2	1	6	0	41
chr3	108557415	108559756	2	2	1	1	0	26
chr3	108563245	108565354	2	2	1	1	0	38
chr3	108616658	108624443	1	1	1	2	0	42
chr3	108636709	108637495	1	1	1	3	0	9
chr3	108644782	108646616	1	1	1	2	0	33
chr3	108646650	108647942	1	1	1	4	0	33
chr3	108648113	108648917	1	1	1	2	0	13
chr3	109321733	109330285	0	0	1	3	0	35
chr3	109328025	109328889	2	2	1	3	0	37
chr3	109329089	109330523	2	2	1	1	0	25
chr3	109330813	109331733	2	2	1	12	0	40
chr3	109331785	109331870	2	2	1	15	0	43
chr3	109332032	109333869	2	2	1	3	0	22
chr3	109333994	109337463	2	2	1	3	0	45
chr3	111913703	111919071	1	1	1	1	0	28
chr3	111939631	111940534	1	1	1	1	0	14
chr3	111981968	111986263	1	1	1	1	0	26
chr3	112400496	112418478	2	2	1	0	1	18
chr3	112532781	112534268	2	2	1	4	0	32
chr3	112536603	112537734	2	2	1	2	0	36
chr3	112548641	112550191	2	2	1	1	0	7
chr3	112550263	112553279	2	2	1	2	0	36
chr3	112553330	112558375	2	2	1	2	0	6
chr3	112581327	112582670	1	1	1	2	0	8
chr3	112996992	112999445	1	1	1	1	0	19
chr3	112999565	113000849	1	1	1	4	0	31
chr3	113506606	113514896	2	2	1	1	0	38
chr3	113664410	113670120	2	2	1	1	0	18
chr3	113729178	113730346	1	1	1	1	0	34
chr3	114076943	114079905	1	3	1	1	0	12
chr3	114080058	114082676	1	1	1	2	0	17
chr3	115676611	115720793	1	1	1	1	0	19
chr3	119513720	119517204	1	1	1	1	0	14
chr3	119669666	119675144	2	2	1	32	7	44
chr3	119675234	119676730	2	2	1	0	1	4
chr3	119675234	119677203	2	2	1	3	3	36
chr3	119826856	119843254	2	2	1	6	0	37
chr3	119826856	119863418	2	2	1	1	0	6
chr3	120411984	120415922	2	2	1	1	0	45
chr3	120596540	120601110	1	1	1	4	0	40
chr3	120596540	120601172	1	1	1	1	0	18
chr3	120601258	120602207	1	1	1	34	15	44
chr3	121041782	121045434	1	1	1	1	0	25
chr3	121186297	121187394	2	4	1	1	0	27
chr3	121432418	121432917	2	2	1	1	0	28
chr3	121664615	121664925	2	2	1	1	0	20
chr3	121730018	121730875	2	2	1	3	0	25
chr3	122359920	122362967	2	2	1	2	0	7
chr3	122363028	122368175	2	2	1	1	0	31
chr3	122368323	122371674	2	2	1	2	0	20
chr3	122371801	122383173	2	2	1	1	0	38
chr3	122402883	122404257	1	1	1	2	0	31
chr3	122407390	122409738	1	1	1	5	0	35
chr3	122496571	122514756	2	2	1	1	0	15
chr3	122727987	122728307	1	1	1	1	0	11
chr3	123124344	123145521	1	1	1	1	0	25
chr3	123931527	123933672	2	2	1	5	0	45
chr3	123956116	123956354	2	2	1	3	0	24
chr3	123956428	123956739	2	2	1	1	0	23
chr3	124735852	124736021	2	2	1	1	0	42
chr3	124738240	124743914	1	1	1	1	0	7
chr3	124742267	124743914	1	1	1	1	0	37
chr3	124865680	124866400	1	1	1	2	0	15
chr3	125447827	125451304	2	2	1	4	0	29
chr3	125457366	125460770	2	2	1	2	0	28
chr3	126008881	126012614	2	2	1	1	0	25
chr3	126459738	126461534	2	2	1	1	0	45
chr3	126852731	126914679	1	1	1	1	0	43
chr3	126957552	126960195	1	1	1	7	0	29
chr3	127621229	127621662	1	1	1	1	0	14
chr3	128081410	128082482	2	2	1	3	0	30
chr3	128097499	128098881	2	2	1	1	0	29
chr3	128100745	128101558	2	2	1	1	0	4
chr3	128119415	128123583	2	2	1	1	0	45
chr3	128726360	128795359	1	1	1	1	0	9
chr3	128806398	128813879	1	1	1	1	0	29
chr3	128902629	128904061	1	1	1	1	0	28
chr3	129091347	129094985	2	2	1	0	1	27
chr3	129160121	129201589	1	1	1	1	0	20
chr3	129170571	129171078	2	2	1	1	0	15
chr3	129274977	129275193	1	1	1	1	0	40
chr3	129318311	129318542	1	1	1	7	0	37
chr3	129323998	129324180	1	1	1	1	0	42
chr3	129396421	129397039	2	2	1	2	0	26
chr3	129397141	129399007	2	2	1	1	0	6
chr3	129461305	129463559	1	1	1	1	0	38
chr3	129463627	129464634	1	1	1	2	0	26
chr3	129512413	129514388	1	1	1	1	0	8
chr3	129519733	129520175	1	1	1	1	0	32
chr3	129848413	129857249	2	2	1	1	0	45
chr3	130086266	130090701	2	2	1	1	0	32
chr3	130264485	130266269	1	1	1	1	0	5
chr3	130266367	130267013	1	1	1	1	0	6
chr3	130894776	130930415	1	1	1	1	0	10
chr3	131014388	131016143	2	2	1	1	0	30
chr3	131462876	131468090	2	2	1	2	0	15
chr3	131468169	131469695	2	2	1	1	0	7
chr3	131469774	131471170	2	2	1	1	0	41
chr3	131471280	131487679	2	2	1	1	0	37
chr3	131500522	131501530	2	2	1	3	0	37
chr3	132460358	132461123	1	1	1	1	0	30
chr3	132491052	132492413	1	1	1	1	0	6
chr3	132494260	132495087	1	1	1	1	0	36
chr3	132675681	132675816	1	1	1	2	0	34
chr3	132675924	132676442	1	1	1	7	0	13
chr3	133586723	133587158	1	1	1	4	0	14
chr3	133586723	133587161	1	1	1	2	0	39
chr3	133608963	133611003	2	2	1	1	0	29
chr3	133640171	133643199	2	2	1	1	0	28
chr3	133657942	133659015	2	2	1	6	0	35
chr3	133807824	133811116	1	1	1	1	0	12
chr3	133811200	133815589	1	1	1	1	0	10
chr3	134477796	134478535	2	2	1	1	0	24
chr3	134531941	134532777	1	1	1	2	0	18
chr3	134545820	134546148	1	1	1	1	0	12
chr3	136256624	136260478	1	1	1	1	0	41
chr3	136326911	136327154	1	1	1	1	0	38
chr3	136328858	136329904	1	1	1	4	0	46
chr3	136338278	136338369	2	2	1	1	0	11
chr3	136502780	136518247	2	2	1	1	0	28
chr3	136502780	136521212	2	2	1	1	0	22
chr3	138088508	138092382	2	2	1	1	0	19
chr3	138092545	138094861	2	2	1	1	0	11
chr3	138092545	138097762	2	2	1	1	0	36
chr3	138229011	138235033	1	1	1	1	0	14
chr3	138284527	138289047	1	1	1	2	0	33
chr3	138498111	138500109	2	2	1	2	0	41
chr3	138529288	138529374	2	2	1	3	0	7
chr3	138532571	138537177	2	2	1	1	0	24
chr3	138537348	138570317	2	2	1	1	0	21
chr3	138734805	138737706	2	2	1	2	0	23
chr3	138737887	138742557	2	2	1	1	0	44
chr3	138770118	138796462	2	2	1	2	0	12
chr3	139344199	139346877	1	1	1	2	0	6
chr3	139352793	139355681	1	1	1	4	0	43
chr3	139355791	139356918	1	1	1	20	0	44
chr3	139358272	139358743	2	2	1	1	0	23
chr3	139358813	139358997	2	2	1	1	0	31
chr3	139359179	139359269	2	2	1	1	0	7
chr3	139367146	139368144	2	2	1	1	0	29
chr3	139369368	139369455	2	2	1	2	0	15
chr3	139369545	139371722	2	2	1	7	0	31
chr3	139371834	139373212	2	2	1	5	0	38
chr3	139379174	139379379	2	2	1	1	0	26
chr3	139517681	139518420	2	2	1	1	0	5
chr3	140942096	140956526	1	1	1	1	0	44
chr3	140956692	140959462	1	1	1	5	0	45
chr3	140959541	140963126	1	1	1	4	0	32
chr3	141235555	141236271	1	1	1	1	0	38
chr3	141512281	141516327	1	1	1	1	0	9
chr3	141529803	141540532	1	1	1	2	0	21
chr3	141581178	141586024	1	1	1	1	0	30
chr3	141876911	141903619	1	1	1	1	0	40
chr3	141922064	141925530	1	1	1	1	0	24
chr3	141952630	141959664	1	1	1	2	0	45
chr3	141952697	141952910	2	2	1	1	0	23
chr3	141974192	141978519	2	2	1	4	0	25
chr3	141978683	141993537	2	2	1	3	0	44
chr3	141993586	141995019	2	2	1	1	0	31
chr3	141995142	142005440	2	2	1	1	0	39
chr3	142332535	142332966	2	2	1	1	0	31
chr3	142457756	142458957	2	2	1	1	0	29
chr3	142462091	142465096	2	2	1	1	0	11
chr3	142493312	142496360	2	2	1	1	0	6
chr3	142505304	142507930	2	2	1	1	0	30
chr3	142724732	142748257	1	1	1	1	0	8
chr3	142846743	142848216	2	2	1	1	0	43
chr3	143001674	143010814	1	1	1	3	0	19
chr3	143010860	143012221	1	1	1	3	0	28
chr3	143012354	143014310	1	1	1	6	0	45
chr3	143014410	143016256	1	1	1	13	0	39
chr3	143016372	143016841	1	1	1	43	0	44
chr3	143016372	143016844	1	1	1	2	0	13
chr3	143016976	143019968	1	1	1	1	0	14
chr3	143020694	143021349	1	1	1	1	0	5
chr3	143021556	143022496	1	1	1	1	0	41
chr3	143027254	143028339	1	1	1	1	0	46
chr3	143028407	143028482	1	3	1	1	0	31
chr3	143028647	143032783	1	1	1	3	0	33
chr3	143037336	143038107	1	1	1	23	0	39
chr3	143038204	143038893	1	1	1	12	0	46
chr3	143038961	143043116	1	1	1	1	0	34
chr3	143043277	143050938	1	1	1	14	0	46
chr3	143051050	143053675	1	1	1	1	0	42
chr3	143055120	143056311	1	1	1	2	0	43
chr3	146516102	146517005	2	2	1	1	0	14
chr3	146517168	146521543	2	2	1	1	0	44
chr3	148994278	148996301	1	1	1	1	0	38
chr3	149032373	149034917	2	2	1	2	0	19
chr3	149034999	149039048	2	2	1	1	0	28
chr3	149040157	149041489	2	2	1	1	0	16
chr3	149048164	149048862	2	2	1	3	0	44
chr3	149050376	149055302	2	2	1	1	0	5
chr3	149059808	149060642	2	2	1	2	0	17
chr3	149060688	149060778	2	2	1	1	0	30
chr3	149063525	149064790	2	2	1	1	0	11
chr3	149073323	149074214	2	2	1	1	0	36
chr3	149595072	149596008	2	4	1	1	0	34
chr3	149921228	149960055	1	1	1	1	0	4
chr3	149960137	149960739	1	1	1	1	0	7
chr3	149966587	149968357	2	2	1	2	0	41
chr3	150411309	150457075	1	1	1	1	0	24
chr3	150544499	150545702	2	2	1	4	0	31
chr3	150545779	150546051	2	2	1	4	0	29
chr3	150562661	150563514	1	1	1	2	0	39
chr3	150564382	150567692	1	1	1	1	0	25
chr3	150572530	150575648	1	1	1	4	0	43
chr3	150575763	150581617	1	1	1	9	0	46
chr3	152275425	152275637	1	1	1	1	0	18
chr3	154109957	154111917	1	3	1	5	0	30
chr3	154280670	154280762	2	2	1	2	0	41
chr3	154280863	154283187	2	2	1	3	0	38
chr3	154284988	154288865	2	2	1	1	0	12
chr3	154301128	154303328	2	2	1	9	0	37
chr3	154303411	154304805	2	2	1	12	0	45
chr3	154309824	154311635	2	2	1	1	0	14
chr3	154311675	154315045	2	2	1	1	0	39
chr3	154315281	154316038	2	2	1	23	0	39
chr3	154316164	154324173	2	2	1	5	0	29
chr3	155726998	155727665	1	3	1	1	0	31
chr3	155870898	155893517	1	1	1	1	0	35
chr3	155906264	155910691	1	1	1	2	0	37
chr3	155910886	155911113	1	1	1	2	0	18
chr3	155911280	155914418	1	1	1	7	0	45
chr3	155914571	155916018	1	1	1	2	0	30
chr3	155919339	155922186	1	1	1	1	0	34
chr3	155935047	155936337	1	1	1	2	2	27
chr3	155936511	155937590	1	1	1	17	22	46
chr3	156543270	156544307	2	2	1	1	0	19
chr3	156553782	156554956	2	2	1	2	0	31
chr3	156742435	156751094	2	2	1	1	0	32
chr3	157149978	157150064	2	2	1	2	0	18
chr3	157150170	157150281	2	2	1	5	0	44
chr3	157150382	157152176	2	2	1	2	0	38
chr3	158203246	158298038	1	1	1	2	0	37
chr3	158298076	158354856	1	1	1	2	0	26
chr3	158354909	158460934	1	1	1	1	0	41
chr3	158600174	158602806	1	1	1	1	0	36
chr3	158665475	158666303	1	1	1	1	0	16
chr3	158691193	158691335	1	1	1	1	0	26
chr3	159707027	159707139	2	2	1	2	0	3
chr3	159886325	159887707	1	1	1	2	0	42
chr3	159888944	159892096	1	1	1	1	0	30
chr3	160404505	160411919	1	1	1	3	0	20
chr3	160412085	160412325	1	1	1	13	0	44
chr3	160412454	160413472	1	1	1	7	0	36
chr3	160413614	160414366	1	1	1	7	0	44
chr3	160414518	160416250	1	1	1	30	0	45
chr3	160416416	160417722	1	1	1	5	0	29
chr3	160417957	160419357	1	1	1	1	0	13
chr3	160419544	160420739	1	1	1	1	0	8
chr3	160426201	160428752	1	1	1	1	0	16
chr3	160428943	160430598	1	1	1	1	0	9
chr3	160430744	160431031	1	1	1	2	0	5
chr3	160431206	160431642	1	1	1	2	0	21
chr3	160431826	160432282	1	1	1	4	0	33
chr3	160448796	160449716	2	2	1	1	0	27
chr3	160509872	160514076	2	2	1	1	0	7
chr3	160514182	160515451	2	2	1	1	0	13
chr3	160515581	160521778	2	2	1	1	0	32
chr3	160528040	160530854	2	2	1	1	0	3
chr3	160536841	160565213	2	2	1	1	0	28
chr3	160756708	160961735	1	1	1	1	0	41
chr3	161246449	161247257	1	1	1	2	0	43
chr3	161247331	161249453	1	1	1	1	0	19
chr3	167372951	167379637	2	2	1	1	0	42
chr3	167684390	167687233	2	2	1	1	0	24
chr3	167687694	167695595	2	2	1	1	0	36
chr3	167697127	167704841	2	2	1	1	0	4
chr3	167704896	167720061	2	2	1	6	0	22
chr3	167720274	167725400	2	2	1	1	0	33
chr3	167792785	167794619	1	1	1	1	0	39
chr3	167824563	167825246	1	1	1	2	0	16
chr3	168010824	168024525	2	2	1	1	0	8
chr3	168024595	168024927	2	2	1	1	0	15
chr3	168025096	168027727	2	2	1	5	0	30
chr3	168043530	168044827	2	2	1	1	0	19
chr3	168044882	168046949	2	2	1	1	0	19
chr3	168048366	168095098	2	2	1	1	0	9
chr3	169774562	169778883	1	1	1	1	0	29
chr3	169782644	169783476	1	1	1	1	0	18
chr3	169975717	169976945	1	1	1	14	0	45
chr3	169977052	169982706	1	1	1	60	0	45
chr3	169982912	169983160	1	1	1	4	0	21
chr3	169988360	169992593	1	1	1	2	0	21
chr3	170039044	170079773	1	1	1	2	0	21
chr3	170260059	170263378	1	1	1	1	0	45
chr3	170262532	170267608	1	1	1	0	3	19
chr3	170262532	170402331	1	1	1	0	3	19
chr3	170270562	170273285	1	1	1	3	0	15
chr3	170273341	170275228	1	1	1	1	0	22
chr3	170299111	170303039	1	1	1	3	0	26
chr3	170358646	170359698	1	1	1	2	0	14
chr3	170384766	170390222	1	1	1	2	0	42
chr3	170390465	170391035	1	1	1	3	0	34
chr3	170866525	170868012	2	2	1	3	0	39
chr3	170868135	170868297	2	2	1	1	0	7
chr3	171084326	171085117	2	2	1	3	0	14
chr3	171108163	171110713	2	2	1	1	0	14
chr3	171140510	171157459	2	2	1	1	0	44
chr3	171157665	171161269	2	2	1	1	0	29
chr3	171167271	171175251	2	2	1	4	0	44
chr3	171733510	171734864	2	2	1	1	0	24
chr3	172285985	172295362	1	1	1	2	0	46
chr3	172750858	172754508	1	1	1	1	0	4
chr3	172754661	172755294	1	1	1	3	0	42
chr3	172755375	172755482	1	1	1	1	0	7
chr3	172760264	172761609	1	1	1	1	0	13
chr3	172761684	172762415	1	1	1	1	0	5
chr3	172784804	172786492	1	1	1	1	0	37
chr3	172805870	172807769	1	1	1	3	0	34
chr3	172807925	172815603	1	1	1	3	0	41
chr3	172815712	172816690	1	1	1	2	0	8
chr3	172816838	172820147	1	1	1	1	0	25
chr3	177025525	177026372	2	2	1	1	0	23
chr3	177047398	177047485	2	2	1	1	0	9
chr3	177047550	177049996	2	2	1	1	0	19
chr3	177050139	177050477	2	2	1	1	0	24
chr3	179199900	179201289	1	1	1	1	0	11
chr3	179328352	179329617	1	1	1	1	0	33
chr3	179386630	179390003	1	1	1	2	0	9
chr3	179570242	179573368	1	1	1	2	0	5
chr3	179576312	179576619	1	1	1	2	0	29
chr3	179583449	179586545	1	1	1	1	0	18
chr3	179586633	179587929	1	1	1	2	0	40
chr3	179588996	179592643	2	2	1	11	0	41
chr3	179592740	179593764	2	2	1	2	0	20
chr3	179593896	179598674	2	2	1	1	0	18
chr3	179618522	179623919	1	1	1	2	0	26
chr3	179761256	179764001	1	1	1	1	0	3
chr3	179765849	179781738	1	1	1	2	0	37
chr3	179765849	179784047	1	1	1	1	0	38
chr3	179781824	179784047	1	1	1	17	0	44
chr3	180603324	180604224	1	1	1	1	0	24
chr3	180606373	180606480	1	1	1	1	0	11
chr3	180606604	180607647	1	1	1	1	0	19
chr3	180912737	180933333	1	1	1	3	0	25
chr3	180933387	180935137	1	1	1	1	0	14
chr3	180935232	180947864	1	1	1	1	0	13
chr3	180947937	180948346	1	1	1	4	0	32
chr3	180948496	180948720	1	1	1	1	0	26
chr3	180948815	180949226	1	1	1	1	0	46
chr3	180951469	180953761	1	1	1	3	0	28
chr3	180957929	180961467	1	1	1	2	0	30
chr3	180970359	180975312	1	1	1	5	0	19
chr3	180970359	180976121	1	1	1	3	0	42
chr3	180975405	180976121	1	1	1	3	0	42
chr3	180984711	180985925	2	2	1	32	7	44
chr3	180985997	180986942	2	2	1	5	0	41
chr3	180987023	180988022	2	2	1	1	1	37
chr3	180988097	180988177	2	2	1	3	0	23
chr3	180988230	180989599	2	2	1	2	0	34
chr3	182945174	182947237	2	2	1	1	0	20
chr3	183282286	183283855	2	2	1	1	0	23
chr3	183866766	183867864	2	2	1	2	0	35
chr3	183868061	183884721	2	2	1	1	0	32
chr3	183961655	183963384	2	2	1	1	0	44
chr3	184144708	184144883	1	1	1	2	0	19
chr3	184180651	184180848	1	1	1	1	0	9
chr3	184182048	184182150	1	1	1	2	0	41
chr3	184182249	184182756	1	1	1	1	0	34
chr3	184192897	184193101	1	1	1	1	0	28
chr3	184242677	184242812	2	2	1	2	0	14
chr3	184244722	184245197	2	2	1	1	0	42
chr3	184304392	184305767	1	1	1	3	0	35
chr3	184305931	184306053	1	1	1	6	0	31
chr3	184306156	184306349	1	1	1	13	0	45
chr3	184307526	184307613	1	1	1	2	0	38
chr3	184308017	184308448	1	1	1	1	0	25
chr3	184322451	184322543	1	1	1	2	0	21
chr3	184322955	184323082	1	1	1	1	0	12
chr3	184323978	184324200	1	1	1	6	0	34
chr3	184324348	184324877	1	1	1	4	0	34
chr3	184325115	184325268	1	1	1	4	0	20
chr3	184328991	184331265	1	1	1	1	0	33
chr3	184331365	184331471	1	1	1	1	0	16
chr3	184335238	184336482	2	2	1	1	0	15
chr3	184365050	184365132	1	1	1	1	0	31
chr3	184812226	184824544	1	1	1	1	0	37
chr3	185586515	185590113	1	1	1	1	0	19
chr3	185609351	185611650	1	1	1	1	0	18
chr3	185614741	185617479	1	1	1	1	0	7
chr3	185675914	185687056	2	2	1	7	0	29
chr3	185687192	185689354	2	2	1	2	0	30
chr3	185692763	185696611	2	2	1	1	0	39
chr3	185698348	185823152	2	2	1	1	0	39
chr3	185909943	185910744	1	3	1	2	0	39
chr3	185917726	185918364	2	2	1	2	0	21
chr3	185919497	185921103	2	2	1	2	0	32
chr3	185931853	185937824	2	2	1	2	0	3
chr3	186095314	186105304	2	2	1	2	0	12
chr3	186105356	186105448	2	4	1	1	0	31
chr3	186577801	186581370	1	1	1	1	0	12
chr3	186584590	186585343	1	1	1	16	0	44
chr3	186784697	186784961	1	1	1	2	0	21
chr3	186785102	186785882	1	1	1	1	0	31
chr3	186786052	186786163	1	1	1	1	0	29
chr3	186786274	186786501	1	1	1	1	0	44
chr3	186786646	186787126	1	1	1	1	0	42
chr3	186787585	186787802	1	1	1	1	0	42
chr3	186787883	186789124	1	1	1	1	0	23
chr3	186788421	186789124	1	1	1	1	0	10
chr3	186790065	186790141	2	2	1	14	0	45
chr3	186790256	186790325	2	2	1	1	0	33
chr3	186790407	186791724	2	2	1	1	0	36
chr3	186791851	186792489	2	2	1	1	0	33
chr3	186804725	186806424	2	2	1	1	0	10
chr3	187121329	187127998	2	2	1	1	0	15
chr3	187128063	187139212	2	2	1	1	0	13
chr3	191358125	191361068	1	1	1	2	0	36
chr3	191370037	191380158	1	1	1	1	0	31
chr3	191666525	191672193	1	1	1	0	3	26
chr3	193240822	193251366	1	1	1	1	0	35
chr3	193615771	193617177	1	1	1	2	0	34
chr3	193617838	193618868	1	1	1	1	0	8
chr3	193618937	193631611	1	1	1	1	0	5
chr3	193626203	193631611	1	1	1	2	0	31
chr3	193631666	193635417	1	1	1	2	0	7
chr3	193637282	193637951	1	1	1	2	0	18
chr3	193647181	193648069	1	1	1	1	0	33
chr3	193664997	193666295	1	1	1	2	0	9
chr3	193692133	193694605	1	1	1	3	0	26
chr3	194429775	194430071	2	2	1	2	0	5
chr3	194444787	194446926	2	2	1	1	0	39
chr3	194453779	194454257	2	2	1	1	0	9
chr3	194644747	194646163	2	2	1	2	0	35
chr3	194659134	194660072	2	2	1	1	0	40
chr3	194666573	194670008	2	2	1	1	0	26
chr3	195320814	195326884	2	2	1	1	0	9
chr3	195342655	195345258	2	2	1	8	0	44
chr3	195345318	195381008	2	2	1	12	0	41
chr3	195381063	195381902	2	2	1	5	0	37
chr3	195382023	195392089	2	2	1	1	0	3
chr3	195666215	195668143	1	1	1	1	0	41
chr3	195863513	195863925	2	4	1	1	0	22
chr3	196075361	196077063	2	2	1	3	0	31
chr3	196183205	196191763	1	1	1	1	0	32
chr3	196242641	196247366	2	2	1	2	0	40
chr3	196291375	196296005	2	2	1	4	0	44
chr3	196291375	196306942	2	2	1	1	0	41
chr3	196296070	196306942	2	2	1	1	0	3
chr3	196316974	196317321	2	2	1	2	0	34
chr3	196407394	196432326	2	2	1	1	0	44
chr3	196483892	196486532	2	2	1	1	0	33
chr3	196487579	196488606	2	2	1	2	0	31
chr3	196731093	196733758	1	1	1	1	0	27
chr3	196806687	196807781	1	1	1	5	0	34
chr3	196807915	196810589	1	1	1	3	0	26
chr3	196868074	196885150	1	1	1	1	0	12
chr3	196900413	196903532	1	1	1	1	0	44
chr3	196903611	196923413	1	1	1	1	0	11
chr3	197138392	197140139	2	2	1	3	0	34
chr3	197142769	197149742	2	2	1	1	0	37
chr3	197149797	197194424	2	2	1	1	0	38
chr3	197768588	197770131	1	1	1	3	0	41
chr3	197835823	197839320	1	1	1	1	0	23
chr3	197950300	197950935	1	1	1	2	0	17
chr3	197950979	197951158	1	1	1	6	0	34
chr3	197951312	197954002	1	1	1	123	0	46
chr3	197954148	197955749	1	1	1	506	0	45
chr4	245302	246621	2	2	1	1	0	13
chr4	272631	295437	2	2	1	2	0	26
chr4	500602	505717	1	1	1	1	0	12
chr4	672520	673302	2	2	1	211	0	45
chr4	673402	673506	2	2	1	1	0	33
chr4	673402	673911	2	2	1	61	0	44
chr4	673967	674211	2	2	1	18	1	45
chr4	898159	904636	2	2	1	2	0	7
chr4	1213031	1213477	2	2	1	1	0	41
chr4	1703701	1711873	2	2	1	1	0	23
chr4	1721644	1723420	1	1	1	1	0	18
chr4	1737703	1739701	1	1	1	1	0	38
chr4	1739779	1739958	1	1	1	1	0	15
chr4	1740003	1740825	1	1	1	1	0	25
chr4	1740987	1744517	1	1	1	1	0	32
chr4	1744833	1744947	1	1	1	5	0	30
chr4	1918624	1930625	1	1	1	6	0	40
chr4	1955850	1955982	1	1	1	1	0	33
chr4	1956189	1957932	1	1	1	1	0	4
chr4	1974293	1975319	2	2	1	1	0	45
chr4	2042069	2042326	1	1	1	1	0	30
chr4	2042485	2042735	1	1	1	1	0	22
chr4	2042825	2043860	1	1	1	2	0	37
chr4	2232161	2236227	2	2	1	1	0	41
chr4	2236457	2238603	2	2	1	1	0	37
chr4	2696594	2699679	1	3	1	1	0	7
chr4	2741773	2742330	1	1	1	1	0	18
chr4	2884667	2894012	1	1	1	1	0	42
chr4	2907845	2908514	1	1	1	1	0	40
chr4	2915041	2926013	1	1	1	1	0	15
chr4	2931664	2931824	2	2	1	1	0	8
chr4	2942327	2944072	2	2	1	1	0	22
chr4	2948409	2949933	2	2	1	1	0	17
chr4	2953646	2954423	2	2	1	3	0	33
chr4	2957741	2963124	2	2	1	1	0	14
chr4	3238610	3238817	1	1	1	1	0	43
chr4	3425561	3428089	1	1	1	1	0	18
chr4	3428170	3428557	1	1	1	2	0	43
chr4	4268024	4268529	2	2	1	2	0	32
chr4	4274770	4279446	2	2	1	9	0	45
chr4	4279531	4279641	2	2	1	1	0	30
chr4	4419642	4419907	2	2	1	1	0	37
chr4	4457258	4457422	2	2	1	1	0	26
chr4	5625909	5628558	2	2	1	1	0	21
chr4	5753934	5783718	1	1	1	1	0	29
chr4	5849473	5851407	2	2	1	3	0	22
chr4	5851470	5856142	2	2	1	3	0	20
chr4	6303011	6303164	1	3	1	1	1	17
chr4	7061209	7062384	2	2	1	1	0	44
chr4	7062467	7064060	2	2	1	2	0	34
chr4	7763792	7768843	2	2	1	1	0	8
chr4	7778877	7786193	2	2	1	1	0	42
chr4	8406044	8414853	2	2	1	1	0	25
chr4	9151440	9151892	2	2	1	1	0	12
chr4	9619474	9633259	1	1	1	2	0	44
chr4	10079002	10081356	2	2	1	1	0	15
chr4	10084531	10087706	2	2	1	1	0	36
chr4	13376623	13381490	2	2	1	1	0	28
chr4	13577632	13579927	2	2	1	1	0	43
chr4	13579974	13581019	2	2	1	3	0	17
chr4	13581055	13581131	2	2	1	4	0	35
chr4	13582311	13582651	2	2	1	2	0	46
chr4	13590447	13591922	2	2	1	2	0	35
chr4	13605085	13607116	2	2	1	3	0	42
chr4	13608669	13609294	2	2	1	11	0	45
chr4	13609407	13610933	2	2	1	3	0	44
chr4	13611101	13613511	2	2	1	6	0	14
chr4	13613662	13614195	2	2	1	2	0	1
chr4	13614811	13615311	2	2	1	1	0	9
chr4	15612415	15625251	2	2	1	1	0	23
chr4	15686463	15687000	1	1	1	2	0	32
chr4	16009109	16013274	2	2	1	2	0	46
chr4	17582394	17583482	1	1	1	1	0	44
chr4	17588978	17595409	1	1	1	1	0	43
chr4	17614814	17619900	1	1	1	1	0	39
chr4	17817454	17817938	1	1	1	1	0	14
chr4	17823771	17824967	1	1	1	1	0	38
chr4	17828389	17830996	1	1	1	2	0	43
chr4	17831117	17834298	1	1	1	1	0	20
chr4	17837802	17839675	1	1	1	1	0	17
chr4	17839838	17840070	1	1	1	2	0	38
chr4	17840210	17840606	1	1	1	1	0	4
chr4	17840694	17842309	1	1	1	2	0	30
chr4	17842380	17843301	1	1	1	6	0	37
chr4	17886162	17909093	2	2	1	1	0	5
chr4	17909346	17961902	2	2	1	1	0	26
chr4	22385227	22385361	1	1	1	2	0	33
chr4	22435467	22436439	2	2	1	1	0	18
chr4	22726479	22726540	1	1	1	6	0	43
chr4	24528042	24529600	2	2	1	3	0	39
chr4	25190336	25196697	2	2	1	3	0	10
chr4	25260592	25263749	1	1	1	1	0	32
chr4	25392422	25393804	1	1	1	2	0	22
chr4	25406886	25407196	1	1	1	1	0	44
chr4	25784291	25788223	2	2	1	1	0	44
chr4	25788365	25790454	2	2	1	1	0	21
chr4	25790575	25802282	2	2	1	1	0	11
chr4	26321049	26386352	1	1	1	5	0	36
chr4	26362629	26386352	1	1	1	2	1	37
chr4	26386392	26406174	1	1	1	7	0	39
chr4	26406271	26415474	1	1	1	3	0	39
chr4	26420726	26424341	1	1	1	1	0	28
chr4	26428861	26429897	1	1	1	3	0	31
chr4	26430523	26430691	1	1	1	1	0	11
chr4	26613242	26614407	1	1	1	1	0	39
chr4	26673889	26683674	1	1	1	1	0	8
chr4	26683750	26688344	1	1	1	1	0	9
chr4	26999348	27002216	1	1	1	1	0	21
chr4	27003105	27007532	1	1	1	3	0	36
chr4	38689072	38689728	1	1	1	4	0	15
chr4	38922894	38929241	1	1	1	1	0	7
chr4	38929334	38931450	1	1	1	1	0	21
chr4	39216014	39216095	1	1	1	1	0	43
chr4	39288845	39289847	2	2	1	7	0	32
chr4	39290040	39291638	2	2	1	3	0	45
chr4	39309033	39311444	2	2	1	7	0	36
chr4	39311550	39312751	2	2	1	10	0	35
chr4	39317023	39320382	2	2	1	1	0	28
chr4	39320670	39321286	2	2	1	7	0	43
chr4	39321375	39323339	2	2	1	2	2	41
chr4	39323418	39326562	2	2	1	6	2	41
chr4	39323418	39327523	2	2	1	0	2	3
chr4	39326641	39327523	2	2	1	1	0	42
chr4	39327757	39342344	2	2	1	10	0	44
chr4	39342468	39345400	2	2	1	2	0	13
chr4	39345477	39351347	2	2	1	1	0	42
chr4	39351477	39366238	2	2	1	4	0	35
chr4	39454226	39454532	2	2	1	500	1	45
chr4	39454650	39454863	2	2	1	147	1	46
chr4	39454945	39456405	2	2	1	1	19	43
chr4	39456539	39457585	2	2	1	0	1	28
chr4	39457682	39458193	2	2	1	1	0	38
chr4	39458310	39458393	2	2	1	6	1	38
chr4	39458441	39458890	2	2	1	1	1	38
chr4	39471307	39473099	1	1	1	2	0	23
chr4	39503986	39504416	2	2	1	1	0	7
chr4	39580670	39596238	1	1	1	0	1	45
chr4	39698391	39737419	1	1	1	1	0	24
chr4	39737514	39745751	1	3	1	1	0	8
chr4	39740724	39760757	1	1	1	1	0	28
chr4	39745811	39755656	1	1	1	1	0	45
chr4	39755740	39774833	1	1	1	3	0	30
chr4	39774934	39777681	1	1	1	1	0	6
chr4	39777811	39778359	1	1	1	7	0	46
chr4	39838209	39841947	2	2	1	2	0	30
chr4	39842057	39844655	2	4	1	3	0	43
chr4	39869463	39872985	2	2	1	1	0	25
chr4	39890365	39898388	2	2	1	1	0	30
chr4	39908541	39910243	2	2	1	1	0	14
chr4	39939504	40155305	2	2	1	4	0	18
chr4	40057031	40073454	1	1	1	1	0	33
chr4	40097570	40100035	1	1	1	1	0	7
chr4	40103219	40106899	1	1	1	1	0	42
chr4	40112173	40113431	1	1	1	1	0	44
chr4	40113509	40119931	1	1	1	1	0	34
chr4	40118025	40119931	1	1	1	2	0	39
chr4	40152904	40154191	1	1	1	1	0	13
chr4	40436648	40437770	2	2	1	1	0	4
chr4	40561469	40561794	2	2	1	1	0	29
chr4	40774418	40774766	1	1	1	1	0	8
chr4	41261801	41261875	1	1	1	1	0	22
chr4	41261924	41263224	1	1	1	2	0	22
chr4	41263292	41264102	1	1	1	6	0	24
chr4	41264162	41267986	1	1	1	4	0	41
chr4	41990761	42001615	1	1	1	1	0	9
chr4	42020516	42022837	1	1	1	1	0	13
chr4	42022931	42023301	1	1	1	4	0	25
chr4	42070692	42075656	1	1	1	2	0	15
chr4	44678788	44680440	1	1	1	1	0	36
chr4	44694514	44695614	1	1	1	1	0	35
chr4	44694514	44697407	1	1	1	1	0	41
chr4	47855164	47862845	2	2	1	1	0	16
chr4	47862916	47875126	2	2	1	2	0	7
chr4	47884438	47885497	2	2	1	1	0	32
chr4	47910995	47913968	2	2	1	3	0	14
chr4	48170377	48171367	2	2	1	1	0	11
chr4	48540961	48542026	2	2	1	1	0	5
chr4	48684796	48710518	2	2	1	1	0	33
chr4	48833482	48842635	1	1	1	1	0	21
chr4	48842690	48848398	1	1	1	1	0	17
chr4	48850083	48851805	1	1	1	1	0	15
chr4	48851976	48857212	1	1	1	2	0	41
chr4	48857366	48860724	1	1	1	1	0	13
chr4	48885566	48892771	2	2	1	24	0	45
chr4	48892890	48894005	2	2	1	5	0	27
chr4	48894054	48897803	2	2	1	2	0	42
chr4	48897858	48904483	2	2	1	1	0	25
chr4	48899926	48904483	2	2	1	1	0	9
chr4	51863508	51863669	1	1	1	1	0	38
chr4	51886639	51891759	1	1	1	1	0	29
chr4	52626248	52627949	2	2	1	2	0	43
chr4	52712960	52713493	1	1	1	1	0	10
chr4	52862650	52863267	1	1	1	1	0	27
chr4	53389874	53390520	1	1	1	1	0	43
chr4	53391140	53391429	1	1	1	1	0	36
chr4	53428121	53428165	2	2	1	3	0	20
chr4	53442708	53444047	1	1	1	2	0	35
chr4	53444104	53452919	1	1	1	1	0	5
chr4	53453134	53458652	1	1	1	1	0	4
chr4	53458791	53459301	1	1	1	3	0	41
chr4	53593073	53595761	1	1	1	1	0	9
chr4	55411840	55417071	1	1	1	1	0	39
chr4	55424644	55425375	1	1	1	1	0	38
chr4	55444786	55448778	2	2	1	1	0	43
chr4	55479700	55482738	2	2	1	1	0	45
chr4	55482829	55489373	2	2	1	1	0	31
chr4	55595412	55599141	2	2	1	7	0	33
chr4	55599182	55600521	2	2	1	3	0	27
chr4	55600576	55605274	2	2	1	1	0	27
chr4	55896901	55899684	1	1	1	3	0	14
chr4	55902539	55904342	1	1	1	3	0	24
chr4	55965860	55969062	1	1	1	1	0	37
chr4	55980296	55981226	1	1	1	1	0	37
chr4	55992086	55999301	1	1	1	1	0	46
chr4	55999418	55999490	1	1	1	3	0	46
chr4	55999646	56008326	1	1	1	1	0	43
chr4	56008383	56009734	1	1	1	1	0	16
chr4	56009904	56011411	1	1	1	4	0	42
chr4	56324267	56327643	1	1	1	1	0	14
chr4	56378465	56382476	2	2	1	1	0	6
chr4	56382598	56384069	2	2	1	1	0	36
chr4	56395549	56396618	2	2	1	0	3	32
chr4	56396740	56399178	2	2	1	2	0	45
chr4	56403186	56403288	2	2	1	4	0	30
chr4	56446874	56448417	1	1	1	1	0	38
chr4	56448598	56448709	1	1	1	2	0	41
chr4	56450703	56451871	1	1	1	1	0	40
chr4	56453762	56459371	1	1	1	6	0	37
chr4	56474198	56474279	1	1	1	3	0	36
chr4	56478504	56478591	1	1	1	8	0	39
chr4	56478650	56483138	1	1	1	3	0	22
chr4	56490437	56490567	1	1	1	5	0	24
chr4	56490646	56491430	1	1	1	12	0	44
chr4	56491569	56495356	1	1	1	3	0	13
chr4	56495395	56500535	1	1	1	2	0	38
chr4	56500696	56501683	1	1	1	8	0	44
chr4	56994867	56995250	1	1	1	1	0	13
chr4	56995410	56999616	1	1	1	1	0	12
chr4	56999782	57005245	1	1	1	1	0	12
chr4	57005720	57006815	1	1	1	1	0	28
chr4	57011101	57015501	1	1	1	3	0	44
chr4	57017729	57020898	1	1	1	1	0	15
chr4	57020996	57022151	1	1	1	1	0	15
chr4	57023752	57024004	1	1	1	2	0	45
chr4	57025538	57030203	1	1	1	1	0	7
chr4	57030400	57030898	1	1	1	6	0	41
chr4	67472676	67474887	2	2	1	1	0	6
chr4	67492998	67493883	2	2	1	3	0	45
chr4	67530915	67539839	2	2	1	1	0	22
chr4	67622926	67623134	2	2	1	1	0	11
chr4	68314324	68316313	2	2	1	3	0	42
chr4	68316449	68318518	2	2	1	3	0	42
chr4	68330311	68332102	2	2	1	1	0	17
chr4	68333398	68337026	2	2	1	1	0	34
chr4	68337451	68337571	2	2	1	1	0	27
chr4	68338385	68349725	2	2	1	7	0	39
chr4	70775234	70783090	1	1	1	1	0	35
chr4	70783184	70784795	1	1	1	2	0	9
chr4	70789593	70793784	1	1	1	1	0	21
chr4	70793905	70794794	1	1	1	1	0	24
chr4	70820862	70824293	2	2	1	7	0	23
chr4	70824369	70825295	2	2	1	3	0	20
chr4	70825432	70826123	2	2	1	2	0	17
chr4	70828037	70831538	2	2	1	1	0	11
chr4	73076291	73076939	2	2	1	3	0	46
chr4	73097273	73098072	2	2	1	1	0	43
chr4	73098521	73102375	2	2	1	4	0	37
chr4	73102548	73104002	2	2	1	0	1	3
chr4	73102548	73113791	2	2	1	16	1	43
chr4	73113909	73115820	2	2	1	22	0	43
chr4	73115917	73118687	2	2	1	1	0	35
chr4	73118851	73120161	2	2	1	1	0	17
chr4	73120338	73120880	2	2	1	1	0	18
chr4	73121095	73121616	2	4	1	1	0	18
chr4	73140284	73141740	2	2	1	8	0	46
chr4	73141844	73142241	2	2	1	3	0	12
chr4	73453898	73455235	1	1	1	1	0	33
chr4	73455291	73455630	1	1	1	1	0	30
chr4	74195839	74199793	1	1	1	2	0	33
chr4	75482667	75490580	2	2	1	2	0	38
chr4	75491783	75491888	2	2	1	1	0	14
chr4	75491934	75494100	2	2	1	1	0	33
chr4	75494180	75508819	2	2	1	2	0	36
chr4	75556150	75563209	1	1	1	0	2	3
chr4	75645703	75646337	2	2	1	1	0	6
chr4	75646457	75647028	2	2	1	5	0	34
chr4	75655247	75655767	2	2	1	1	0	10
chr4	75655871	75656923	2	2	1	1	0	7
chr4	75657015	75657556	2	2	1	10	0	45
chr4	75657731	75658842	2	2	1	2	0	17
chr4	75662050	75724275	2	2	1	1	0	18
chr4	75724886	75752372	1	1	1	1	0	22
chr4	75752460	75752539	1	1	1	2	0	39
chr4	75752605	75757496	1	1	1	3	0	28
chr4	75770540	75770821	1	1	1	1	0	37
chr4	75800470	75800617	1	1	1	6	0	34
chr4	75800800	75801078	1	1	1	2	0	33
chr4	75801201	75804133	1	1	1	1	0	23
chr4	75804273	75805139	1	1	1	1	0	30
chr4	75809052	75810431	1	1	1	5	0	32
chr4	75810540	75812159	1	1	1	1	0	31
chr4	75812376	75813205	1	1	1	1	0	19
chr4	75950798	75955974	2	2	1	2	0	24
chr4	75956137	75957324	2	2	1	8	0	44
chr4	75957410	75957517	2	2	1	3	0	40
chr4	75957709	75957846	2	2	1	1	0	32
chr4	75960193	75961027	2	2	1	2	0	36
chr4	75961105	75961210	2	2	1	5	0	43
chr4	75971459	75973316	2	2	1	12	0	45
chr4	75973392	75974075	2	2	1	9	0	39
chr4	75974134	75975743	2	2	1	1	0	5
chr4	76124757	76130655	2	2	1	1	0	27
chr4	76949931	76996424	1	1	1	2	0	33
chr4	76996540	77005600	1	1	1	1	0	45
chr4	77019262	77020501	1	1	1	3	0	24
chr4	77020671	77028628	1	1	1	5	0	36
chr4	77028762	77030782	1	1	1	6	0	38
chr4	77048663	77055149	2	2	1	1	0	46
chr4	77056324	77058506	2	2	1	1	0	8
chr4	77862880	77871743	1	1	1	5	0	41
chr4	77863014	77871743	1	1	1	3	0	21
chr4	77871856	77883241	1	1	1	6	0	44
chr4	77885340	77887219	1	1	1	2	0	40
chr4	78058086	78065984	1	1	1	1	0	18
chr4	78066017	78237509	1	1	1	1	0	32
chr4	78432605	78438569	1	1	1	2	0	3
chr4	78595438	78595793	1	1	1	1	0	15
chr4	78595888	78597318	1	1	1	1	0	5
chr4	78842528	78844927	1	1	1	4	0	39
chr4	78866771	78867058	2	4	1	3	0	34
chr4	79977702	79978006	2	2	1	1	0	29
chr4	82354155	82355303	2	2	1	31	1	46
chr4	82355002	82355303	2	2	1	4	0	33
chr4	82355402	82356536	2	2	1	1	0	34
chr4	82355402	82356795	2	2	1	1	0	19
chr4	82356896	82357312	2	2	1	6	0	25
chr4	82357445	82358658	2	2	1	24	0	45
chr4	82358821	82359470	2	2	1	10	0	40
chr4	82359640	82371527	2	2	1	10	0	37
chr4	82359640	82373445	2	2	1	2	0	36
chr4	82371585	82373445	2	2	1	4	0	24
chr4	82424884	82425562	2	2	1	2	0	22
chr4	82424884	82426036	2	2	1	25	0	44
chr4	82426130	82426462	2	2	1	3	0	42
chr4	82426130	82427189	2	2	1	1	0	45
chr4	82426634	82427189	2	2	1	8	0	31
chr4	82427305	82427432	2	2	1	5	0	26
chr4	82427565	82428017	2	2	1	6	0	40
chr4	82428180	82428277	2	2	1	24	0	45
chr4	82428447	82429247	2	2	1	3	0	25
chr4	82457039	82459980	1	1	1	2	0	31
chr4	82819254	82821036	2	2	1	1	0	8
chr4	82821109	82824554	2	2	1	1	0	12
chr4	82857131	82857688	2	2	1	1	0	19
chr4	82863393	82864361	2	2	1	1	0	15
chr4	82928304	82930942	2	2	1	1	0	31
chr4	83049318	83049880	1	1	1	1	0	13
chr4	83066554	83068437	1	1	1	1	0	7
chr4	83267775	83269859	2	2	1	1	0	14
chr4	83295504	83300959	2	2	1	1	0	13
chr4	83456959	83458345	1	1	1	1	0	30
chr4	83458430	83459739	1	1	1	6	0	30
chr4	83459798	83460972	1	1	1	17	0	39
chr4	83461033	83461120	1	1	1	48	0	45
chr4	84724595	84726860	2	2	1	3	0	21
chr4	86327722	86457943	2	2	1	0	1	13
chr4	86732475	86732591	1	1	1	1	0	8
chr4	86735747	86741633	1	1	1	1	0	11
chr4	86750888	86751026	1	1	1	1	0	9
chr4	86765489	86766431	1	1	1	2	0	37
chr4	86766518	86767816	1	1	1	1	0	19
chr4	86767977	86769768	1	1	1	1	0	27
chr4	86771536	86772777	1	1	1	2	0	30
chr4	86785369	86785847	1	1	1	1	0	14
chr4	86949656	86950047	0	0	1	0	3	41
chr4	87438373	87441828	1	1	1	2	0	12
chr4	87441916	87449141	1	1	1	1	0	43
chr4	87449254	87451588	1	1	1	1	0	15
chr4	88062005	88065373	1	1	1	2	0	28
chr4	88457535	88459346	1	1	1	1	0	43
chr4	88469261	88470613	1	1	1	1	0	14
chr4	88470674	88472408	1	1	1	1	0	18
chr4	88522030	88523497	2	2	1	1	0	22
chr4	90309609	90312862	1	1	1	2	0	26
chr4	92263356	92269242	2	2	1	1	0	14
chr4	93224776	93238370	1	1	1	1	0	45
chr4	93395709	93396569	1	1	1	1	0	43
chr4	94249756	94250751	1	1	1	2	0	28
chr4	94250834	94252615	1	1	1	2	0	37
chr4	94276475	94277021	1	1	1	2	0	15
chr4	98885062	98887078	2	2	1	0	1	28
chr4	98887168	98901875	2	2	1	0	1	3
chr4	98887953	98891236	2	2	1	0	1	36
chr4	98891333	98901875	2	2	1	0	1	3
chr4	98995868	99028866	1	1	1	5	0	38
chr4	99072442	99072572	2	2	1	6	0	36
chr4	99072712	99074913	2	2	1	7	0	45
chr4	99075050	99076291	2	2	1	2	0	32
chr4	99903899	99905596	2	2	1	2	0	19
chr4	99905707	99906516	2	2	1	1	0	22
chr4	99923878	99924759	2	2	1	1	0	9
chr4	99948524	99948810	2	2	1	5	0	37
chr4	99948941	99949272	2	2	1	2	0	41
chr4	99949387	99949662	2	2	1	2	0	21
chr4	99949741	99950167	2	2	1	1	0	34
chr4	101032365	101040481	2	2	1	1	0	37
chr4	101109079	101195915	2	2	1	1	0	15
chr4	102669050	102671280	2	2	1	1	0	34
chr4	102689685	102690595	2	2	1	1	0	35
chr4	102797461	102799406	2	2	1	13	1	45
chr4	102801560	102802560	2	4	1	1	0	17
chr4	102869188	102885215	1	1	1	1	0	31
chr4	102885431	102887340	1	1	1	3	0	31
chr4	103020390	103026367	2	2	1	1	0	40
chr4	103079756	103082080	2	2	1	2	0	28
chr4	103082930	103085348	2	2	1	1	0	16
chr4	103085463	103086479	2	2	1	1	0	18
chr4	103086541	103091176	2	2	1	1	0	13
chr4	103096275	103099782	2	2	1	1	0	14
chr4	103109090	103110827	2	2	1	1	0	13
chr4	103111012	103114454	2	2	1	2	0	13
chr4	103116690	103120147	2	2	1	2	0	34
chr4	103120334	103122870	2	2	1	1	0	35
chr4	103123090	103132692	2	2	1	2	0	31
chr4	103132897	103133694	2	2	1	1	0	38
chr4	103136360	103138350	2	2	1	1	0	39
chr4	103140415	103140813	2	2	1	2	0	37
chr4	103141105	103141749	2	2	1	2	0	38
chr4	103141909	103143247	2	2	1	1	0	14
chr4	103143407	103144330	2	2	1	3	0	8
chr4	103145335	103145522	2	2	1	3	0	38
chr4	103146108	103147355	2	2	1	5	0	43
chr4	103149409	103151218	2	2	1	12	0	39
chr4	103151378	103153046	2	2	1	4	0	42
chr4	103153251	103158299	2	2	1	1	0	29
chr4	103160780	103161085	2	2	1	1	0	21
chr4	103161252	103161334	2	2	1	1	0	43
chr4	103174904	103175959	2	2	1	8	0	38
chr4	103176049	103176898	2	2	1	17	0	39
chr4	103180470	103181336	2	2	1	2	0	7
chr4	103181457	103182761	2	2	1	1	0	15
chr4	104472367	104494505	2	2	1	1	0	6
chr4	105369754	105370836	2	2	1	10	0	39
chr4	105370874	105386566	2	2	1	4	0	22
chr4	105386637	105396248	2	2	1	1	0	15
chr4	105438037	105446382	2	2	1	1	0	26
chr4	106230447	106231728	2	2	1	1	0	18
chr4	106233651	106235268	2	2	1	1	0	32
chr4	106236520	106236758	2	2	1	4	0	30
chr4	106236809	106242469	2	2	1	4	0	22
chr4	106325119	106327450	1	1	1	7	0	41
chr4	106327565	106328075	1	1	1	7	0	46
chr4	106331884	106336868	1	1	1	3	0	41
chr4	106337038	106347525	1	1	1	3	0	37
chr4	107614388	107631630	2	2	1	1	0	26
chr4	107687178	107693770	2	2	1	1	0	12
chr4	108620601	108621950	1	1	1	5	0	24
chr4	108622025	108622104	1	1	1	37	0	43
chr4	108622205	108622514	1	1	1	235	1	46
chr4	108622619	108625127	1	1	1	1294	0	45
chr4	108625254	108630020	1	1	1	3	0	20
chr4	108655658	108657449	1	1	1	2	0	25
chr4	108657648	108667246	1	1	1	0	1	23
chr4	109660366	109664289	1	1	1	1	0	13
chr4	109685368	109687514	1	1	1	2	0	18
chr4	109816379	109817935	1	1	1	2	0	37
chr4	109818091	109819000	1	1	1	1	0	6
chr4	109819061	109822346	1	1	1	1	0	26
chr4	109822489	109823964	1	1	1	1	0	40
chr4	112232175	112253207	1	1	1	2	0	22
chr4	112253257	112254746	1	1	1	4	0	27
chr4	112254774	112257771	1	1	1	2	0	26
chr4	112257798	112260765	1	1	1	2	0	4
chr4	112539690	112539862	2	2	1	1	0	12
chr4	112637788	112644667	1	1	1	1	0	44
chr4	112644700	112647718	1	1	1	0	1	7
chr4	112646956	112647033	1	1	1	7	0	38
chr4	112646969	112647414	2	2	1	15	0	46
chr4	112646969	112648653	2	2	1	9	0	43
chr4	112647128	112647198	1	1	1	1	0	22
chr4	112647468	112648653	2	2	1	3	0	25
chr4	112647550	112647650	1	1	1	1	0	23
chr4	112647550	112647689	1	1	1	3	0	34
chr4	112647835	112649534	1	1	1	2	0	33
chr4	112653237	112654067	1	1	1	1	0	40
chr4	112702581	112738172	1	1	1	1	0	15
chr4	112722862	112731039	1	3	1	1	0	33
chr4	112763465	112763752	2	2	1	0	1	41
chr4	112763465	112777473	2	2	1	0	1	41
chr4	113336058	113336576	1	1	1	2	0	31
chr4	114443206	114460003	2	2	1	1	0	8
chr4	114598975	114622878	1	1	1	1	0	45
chr4	118279432	118279623	1	1	1	5	0	33
chr4	118478726	118478821	1	1	1	0	1	15
chr4	118478985	118480304	1	1	1	0	4	27
chr4	118510031	118513536	1	1	1	0	1	16
chr4	118685601	118687922	1	1	1	2	0	20
chr4	118688012	118689369	1	1	1	2	0	31
chr4	118728651	118731315	2	2	1	1	0	3
chr4	118731508	118732732	2	2	1	1	0	37
chr4	119431902	119434739	2	2	1	1	0	37
chr4	119511135	119519044	2	2	1	1	0	28
chr4	119512971	119519488	1	1	1	2	0	14
chr4	119596613	119606708	2	2	1	1	0	18
chr4	120060291	120060873	2	2	1	1	0	12
chr4	120881396	120907473	2	2	1	1	0	39
chr4	121668528	121669601	2	2	1	1	0	10
chr4	121669725	121669953	2	2	1	1	0	40
chr4	121670013	121671546	2	2	1	1	0	33
chr4	121671643	121672532	2	2	1	2	0	8
chr4	121678495	121681670	2	2	1	2	0	36
chr4	121683478	121684676	2	2	1	3	0	34
chr4	121684772	121686287	2	2	1	2	0	27
chr4	121686373	121696580	2	2	1	2	0	36
chr4	121804760	121807539	1	1	1	2	0	28
chr4	121810100	121811582	1	1	1	4	0	30
chr4	121811672	121813233	1	1	1	1	0	16
chr4	121814048	121816143	1	1	1	5	0	36
chr4	121814048	121816368	1	1	1	5	0	37
chr4	121816195	121816368	1	1	1	1	0	38
chr4	121816448	121816771	1	1	1	31	0	44
chr4	121818178	121818799	2	2	1	3	0	45
chr4	121822647	121823415	2	2	1	2	0	36
chr4	121861680	121863216	2	2	1	2	0	21
chr4	121868068	121870277	2	2	1	3	0	36
chr4	122201127	122207109	1	1	1	1	0	32
chr4	122730636	122732051	2	2	1	1	0	26
chr4	122923306	122927636	1	1	1	1	0	15
chr4	123057289	123090578	1	1	1	1	0	8
chr4	124667515	124668983	2	2	1	3	0	40
chr4	127633181	127643520	1	1	1	1	0	24
chr4	127801919	127803628	1	1	1	1	0	14
chr4	127896908	127898438	1	1	1	4	0	42
chr4	128021239	128028474	1	1	1	1	0	21
chr4	128061402	128074459	1	1	1	2	0	42
chr4	128272518	128287372	2	2	1	1	0	35
chr4	128874467	128888678	2	2	1	0	3	3
chr4	128948571	128952768	2	2	1	1	0	43
chr4	128957125	128959599	2	2	1	1	0	11
chr4	129043468	129043992	2	2	1	1	0	42
chr4	139067771	139071865	2	2	1	2	0	13
chr4	139072040	139073453	2	2	1	1	0	5
chr4	139290093	139292529	2	2	1	48	0	44
chr4	139292610	139295042	2	2	1	6	0	33
chr4	139295147	139295731	2	2	1	3	0	23
chr4	139301832	139334173	1	1	1	1	0	30
chr4	139334259	139336847	1	1	1	1	0	41
chr4	139354099	139357385	1	1	1	1	0	21
chr4	139357556	139359742	1	1	1	3	0	28
chr4	139360629	139361723	1	1	1	5	0	31
chr4	139361938	139370210	1	1	1	28	0	45
chr4	139703537	139704015	1	1	1	2	0	40
chr4	140373718	140379120	1	1	1	1	0	26
chr4	140379653	140380961	1	1	1	3	0	34
chr4	140392712	140393825	2	2	1	1	0	35
chr4	143214944	143220294	1	1	1	1	0	4
chr4	143466226	143469030	1	1	1	2	0	9
chr4	143514102	143517354	1	1	1	2	0	29
chr4	143517430	143521428	1	1	1	1	0	46
chr4	143526461	143527867	1	1	1	3	0	32
chr4	143538939	143540362	1	1	1	2	0	17
chr4	143540496	143543508	1	1	1	4	0	40
chr4	143543658	143543852	1	1	1	9	0	44
chr4	143543973	143544736	1	1	1	4	0	23
chr4	143544848	143545469	1	1	1	11	0	42
chr4	143545584	143545924	1	1	1	2	0	40
chr4	143546048	143546775	1	1	1	4	0	41
chr4	143546909	143547384	1	1	1	17	0	44
chr4	143547504	143547927	1	1	1	11	0	46
chr4	143548141	143549996	1	1	1	8	0	45
chr4	143550105	143553118	1	1	1	4	0	44
chr4	145064693	145081659	2	2	1	1	0	44
chr4	145112329	145117292	1	1	1	1	4	40
chr4	145117415	145119931	1	1	1	7	0	44
chr4	145639579	145642362	1	1	1	1	0	32
chr4	145849562	145870244	2	2	1	1	0	3
chr4	145850120	145915439	2	2	1	2	0	14
chr4	146187388	146189621	1	1	1	3	0	26
chr4	150435709	150436723	2	2	1	1	0	15
chr4	150622812	150623449	2	4	1	1	0	27
chr4	150929066	151014426	2	2	1	1	0	40
chr4	151099715	151100484	1	1	1	8	1	43
chr4	151100589	151100974	1	1	1	9	0	43
chr4	151101163	151102870	1	1	1	0	14	45
chr4	151103080	151104176	1	1	1	1	31	43
chr4	151104287	151104471	1	1	1	400	0	45
chr4	151122208	151127617	2	2	1	2	0	20
chr4	151127716	151128169	2	2	1	2	0	22
chr4	151128357	151132330	2	2	1	2	0	34
chr4	151132384	151133033	2	2	1	1	0	17
chr4	151719539	151758771	2	2	1	1	0	22
chr4	152432671	152439724	1	1	1	3	0	35
chr4	152872565	152880962	1	1	1	1	0	28
chr4	152888308	152910063	1	1	1	1	0	43
chr4	152963131	152964904	1	1	1	1	0	27
chr4	153315589	153315831	1	1	1	2	0	20
chr4	153349755	153406276	2	2	1	0	2	21
chr4	153349755	153416074	2	2	1	0	2	21
chr4	153355712	153358473	1	1	1	1	0	4
chr4	153358623	153394261	1	1	1	1	0	8
chr4	153394337	153397218	1	1	1	1	0	9
chr4	153397334	153408970	1	1	1	2	0	38
chr4	153558369	153580825	1	1	1	1	0	14
chr4	153586380	153587741	1	1	1	4	0	42
chr4	153604431	153612251	1	1	1	2	0	42
chr4	153785945	153788333	2	2	1	1	0	29
chr4	154536745	154537285	2	2	1	5	0	44
chr4	154537480	154537968	2	2	1	1	0	13
chr4	154538109	154539104	2	2	1	1	0	42
chr4	154540054	154540593	2	2	1	1	0	18
chr4	154540696	154540784	2	2	1	1	0	23
chr4	154540935	154542186	2	2	1	2	0	31
chr4	154548936	154550299	2	2	1	1	0	21
chr4	155352729	155352911	2	2	1	3	0	32
chr4	155353058	155353178	2	2	1	3	0	32
chr4	155353341	155355070	2	2	1	2	0	20
chr4	155355161	155355715	2	2	1	4	0	11
chr4	155375022	155375775	2	2	1	1	0	29
chr4	157175013	157240830	1	1	1	2	0	36
chr4	158709825	158710627	2	2	1	4	0	30
chr4	158710671	158710761	2	2	1	3	0	19
chr4	158710849	158713118	2	2	1	1	0	26
chr4	158715404	158715561	2	2	1	1	0	25
chr4	158715685	158717011	2	2	1	1	0	25
chr4	159238885	159241200	1	1	1	1	0	22
chr4	159323618	159329857	1	1	1	1	0	12
chr4	159332035	159332450	1	1	1	2	0	21
chr4	163129349	163133153	2	2	1	1	0	4
chr4	163137251	163140222	2	2	1	1	0	44
chr4	163140384	163145781	2	2	1	2	0	17
chr4	163148435	163164216	2	2	1	2	0	32
chr4	163494805	163507032	1	1	1	11	0	44
chr4	163494837	163507032	1	1	1	1	0	38
chr4	163507146	163512821	1	1	1	2	0	31
chr4	163514159	163515312	1	1	1	2	0	46
chr4	163515462	163517433	1	1	1	3	0	32
chr4	165327765	165333339	1	1	1	1	0	23
chr4	168894766	169002070	2	2	1	1	1	38
chr4	169002206	169006754	2	2	1	2	0	17
chr4	169116372	169116492	2	4	1	1	0	40
chr4	169369805	169400224	2	2	1	1	0	13
chr4	169433666	169438082	2	2	1	1	0	14
chr4	169463396	169477123	2	2	1	2	0	28
chr4	169477498	169479402	2	2	1	1	0	30
chr4	169507133	169507714	2	2	1	1	0	15
chr4	169507793	169508247	2	2	1	1	0	19
chr4	169555852	169555931	2	2	1	2	0	25
chr4	169561892	169562136	2	2	1	3	0	45
chr4	169562197	169576927	2	2	1	1	0	20
chr4	169577080	169580841	2	2	1	1	0	40
chr4	169707267	169713078	1	1	1	1	0	12
chr4	169729710	169731703	2	2	1	1	1	21
chr4	169742108	169748743	2	2	1	2	0	13
chr4	169748843	169750535	2	2	1	1	0	7
chr4	169750726	169753675	2	2	1	2	0	43
chr4	169753836	169757829	2	2	1	1	0	34
chr4	173168962	173247979	1	1	1	1	0	26
chr4	173248441	173292107	1	1	1	6	0	43
chr4	173292275	173295395	1	1	1	1	0	3
chr4	173295844	173298114	1	1	1	1	0	14
chr4	173317733	173318430	1	1	1	1	0	35
chr4	173318560	173321579	1	1	1	5	0	41
chr4	173332239	173332820	2	2	1	5	0	35
chr4	173332996	173333068	2	2	1	9	0	42
chr4	173333215	173333499	2	2	1	8	0	45
chr4	174303850	174304246	1	1	1	1	0	32
chr4	174308860	174309849	1	1	1	2	0	14
chr4	174310859	174316165	1	1	1	2	0	45
chr4	176320220	176322169	1	1	1	2	0	35
chr4	176322244	176324180	1	5	1	1	0	35
chr4	176324258	176327161	1	1	1	3	0	24
chr4	176327278	176328197	1	1	1	8	0	42
chr4	181980378	182012661	2	2	1	2	0	28
chr4	182744164	182751799	1	1	1	1	0	15
chr4	182752033	182753449	1	1	1	1	0	38
chr4	182893128	182894488	2	2	1	1	0	17
chr4	183208157	183208948	1	1	1	1	0	32
chr4	183209026	183240182	1	1	1	1	0	27
chr4	183240263	183245415	1	1	1	6	0	44
chr4	183248861	183249919	1	1	1	3	0	43
chr4	183249994	183253756	1	1	1	5	0	33
chr4	183261533	183264977	1	1	1	1	0	14
chr4	183269164	183271079	1	1	1	1	0	12
chr4	183312469	183315662	1	1	1	2	0	40
chr4	183649569	183650983	2	2	1	1	0	13
chr4	183651132	183651217	2	2	1	1	0	23
chr4	183659291	183663846	1	1	1	1	0	35
chr4	183693738	183693916	1	1	1	1	0	44
chr4	184635419	184638400	2	2	1	1	0	17
chr4	184702442	184710071	2	2	1	1	0	11
chr4	184710181	184712943	2	2	1	3	0	30
chr4	184713014	184716396	2	2	1	1	0	25
chr4	184716634	184717135	2	2	1	1	0	27
chr4	184725063	184728917	2	2	1	3	0	28
chr4	184729036	184730919	2	2	1	3	0	24
chr4	185191213	185203784	2	2	1	1	0	21
chr4	185191213	185203897	2	2	1	2	0	17
chr4	185192855	185193615	2	2	1	1	0	20
chr4	185400479	185403493	2	2	1	2	0	28
chr4	185403619	185405779	2	2	1	1	0	42
chr4	185418771	185422484	2	2	1	1	0	6
chr4	186601427	186602902	2	2	1	2	0	45
chr4	186628365	186628487	2	2	1	1	0	7
chr4	189943273	189952161	1	1	1	1	0	34
chr4	189952288	189953067	1	1	1	1	0	20
chr4	189955152	189957397	1	1	1	0	8	45
chr4	189957503	189960747	1	1	1	0	1	14
chr4	189960840	189961821	1	1	1	4	6	32
chr4	189961933	189963092	1	1	1	12	2	45
chr5	226048	228184	1	1	1	2	0	29
chr5	251469	254392	1	1	1	1	0	14
chr5	311403	314416	1	1	1	1	0	45
chr5	639225	640407	1	1	1	1	0	25
chr5	891855	892605	2	2	1	4	0	46
chr5	1318454	1320615	2	2	1	3	0	29
chr5	1324814	1325750	2	2	1	1	0	6
chr5	1325817	1330279	2	2	1	1	0	20
chr5	1339006	1341670	2	2	1	1	0	15
chr5	1474686	1477403	2	2	1	1	0	8
chr5	1572287	1574181	2	2	1	1	0	25
chr5	1801550	1802320	1	1	1	1	0	11
chr5	1802375	1814338	1	1	1	4	0	36
chr5	1814462	1815850	1	1	1	23	0	38
chr5	5441224	5443167	1	1	1	4	0	29
chr5	5443245	5444288	1	1	1	6	0	38
chr5	5444327	5447426	1	1	1	4	0	38
chr5	5457742	5460435	1	1	1	3	0	14
chr5	5468989	5473557	1	1	1	1	0	45
chr5	6607385	6609825	2	2	1	1	0	9
chr5	6609923	6610954	2	2	1	2	0	19
chr5	6611799	6616726	2	2	1	1	0	31
chr5	6620299	6622015	2	2	1	1	0	32
chr5	6625670	6631872	2	2	1	1	0	32
chr5	6631978	6632598	2	2	1	3	0	37
chr5	7289975	7290791	1	1	1	0	1	6
chr5	7411816	7443392	2	2	1	1	0	43
chr5	7816981	7819921	1	1	1	1	0	31
chr5	8457767	8459932	1	1	1	3	0	16
chr5	9423239	9437755	2	2	1	2	0	11
chr5	9437853	9545583	2	2	1	2	0	32
chr5	9546531	9548989	1	1	1	1	0	34
chr5	10227648	10235210	2	2	1	1	0	23
chr5	10235262	10236477	2	2	1	1	0	18
chr5	10254206	10254673	1	1	1	1	0	18
chr5	10254839	10255954	1	1	1	0	1	23
chr5	10258304	10258385	1	1	1	11	1	39
chr5	10258529	10264967	0	0	1	4	0	31
chr5	10261746	10262480	1	1	1	1	0	17
chr5	10262619	10263133	1	1	1	1	0	43
chr5	10263315	10264655	1	1	1	5	0	40
chr5	10282289	10286353	2	2	1	1	0	31
chr5	13885229	13885963	2	2	1	1	0	37
chr5	13911494	13913742	2	2	1	2	0	46
chr5	14389399	14390230	1	1	1	2	0	11
chr5	14390301	14390900	1	1	1	1	0	18
chr5	14471467	14472591	1	1	1	1	0	19
chr5	14681608	14687520	1	1	1	1	0	5
chr5	14687647	14690038	1	1	1	1	0	43
chr5	16701839	16702542	2	2	1	1	0	13
chr5	16702589	16702924	2	2	1	1	0	33
chr5	16703159	16704578	2	2	1	7	0	46
chr5	16780609	16780727	2	2	1	1	0	14
chr5	16780742	16781704	2	2	1	1	0	4
chr5	16781830	16783334	2	2	1	1	0	23
chr5	25438469	25438603	2	4	1	1	0	37
chr5	31472233	31483553	2	2	1	1	0	20
chr5	31484963	31486490	2	2	1	1	0	18
chr5	31532474	31534271	1	1	1	1	0	25
chr5	32274123	32276681	2	2	1	2	0	29
chr5	32355940	32363947	2	2	1	1	0	8
chr5	32387700	32388468	2	2	1	2	0	41
chr5	32388675	32390274	2	2	1	4	0	42
chr5	32397339	32400006	2	2	1	6	0	38
chr5	32400204	32403105	2	4	1	1	0	14
chr5	32404098	32406773	2	2	1	3	0	24
chr5	32588585	32591562	1	1	1	2	0	38
chr5	32591686	32598960	1	1	1	3	0	36
chr5	32599070	32601004	1	1	1	19	2	44
chr5	33432787	33432862	2	6	1	1	0	19
chr5	33448732	33453288	1	1	1	1	0	8
chr5	33453413	33454944	1	1	1	3	0	38
chr5	33455067	33455586	1	1	1	1	0	31
chr5	33455705	33456001	1	1	1	3	0	33
chr5	33456228	33457256	1	1	1	2	0	44
chr5	33458665	33459694	1	1	1	1	0	12
chr5	33459862	33460901	1	1	1	1	0	31
chr5	33462007	33462098	1	1	1	1	0	16
chr5	33462204	33463752	1	1	1	3	0	29
chr5	33463826	33466870	1	1	1	7	0	30
chr5	33466986	33467559	1	1	1	13	0	43
chr5	34686956	34757467	1	1	1	1	0	39
chr5	34796028	34803711	1	1	1	1	0	9
chr5	34803777	34807799	1	1	1	1	0	18
chr5	34811946	34812179	1	1	1	2	0	29
chr5	34812209	34813573	1	1	1	2	0	23
chr5	34821851	34822955	1	1	1	1	0	19
chr5	34829798	34830687	1	1	1	4	0	42
chr5	34914027	34914694	2	2	1	1	0	28
chr5	34915898	34918363	1	1	1	1	0	45
chr5	34922288	34922538	1	1	1	1	0	24
chr5	34922589	34922694	1	1	1	2	0	41
chr5	34924976	34925225	1	1	1	6	0	38
chr5	34936267	34937325	1	1	1	3	0	43
chr5	34937631	34938857	1	1	1	1	0	34
chr5	34939010	34941095	1	1	1	1	0	19
chr5	34941184	34944866	1	1	1	5	0	29
chr5	34945026	34945760	1	1	1	1	0	4
chr5	34945804	34950169	1	1	1	1	0	28
chr5	34950343	34950443	1	1	1	1	0	38
chr5	36064351	36066695	2	2	1	1	0	11
chr5	36115121	36116459	2	2	1	1	0	45
chr5	36177017	36177184	1	1	1	1	0	13
chr5	36177293	36183839	1	1	1	5	0	44
chr5	36971037	36971944	1	1	1	2	0	34
chr5	36972042	36975775	1	1	1	5	0	32
chr5	36995805	37000372	1	1	1	9	0	26
chr5	37000571	37000816	1	1	1	2	0	14
chr5	37002766	37003260	1	1	1	1	0	24
chr5	37008724	37010086	1	1	1	3	0	37
chr5	37017163	37019310	1	1	1	1	0	34
chr5	37019401	37020458	1	1	1	1	0	16
chr5	37022150	37022243	1	1	1	1	0	19
chr5	37059166	37060843	1	1	1	2	0	25
chr5	37292039	37292878	2	2	1	2	0	17
chr5	37292986	37294328	2	2	1	3	0	13
chr5	37301551	37302778	2	2	1	2	0	36
chr5	37302909	37303259	2	2	1	1	0	42
chr5	37309268	37310551	2	2	1	2	0	9
chr5	37310744	37314197	2	2	1	1	0	17
chr5	37318086	37323991	2	2	1	1	0	17
chr5	37379555	37381601	1	1	1	1	0	36
chr5	37381686	37391999	1	1	1	2	0	33
chr5	37725051	37726882	1	1	1	1	0	15
chr5	37727046	37752485	1	1	1	12	0	36
chr5	40832574	40833960	2	2	1	0	5	4
chr5	40832574	40834180	2	2	1	429	5	46
chr5	40834266	40834470	2	2	1	185	0	45
chr5	40834607	40835182	2	2	1	1	0	14
chr5	41731771	41739389	2	2	1	1	0	30
chr5	41739492	41749526	2	2	1	1	0	33
chr5	42759209	42762442	1	1	1	1	0	6
chr5	42762549	42769596	1	1	1	3	0	37
chr5	42769666	42779457	1	1	1	7	0	38
chr5	42779523	42783473	1	1	1	6	0	25
chr5	42783577	42796828	1	1	1	10	0	45
chr5	42807109	42808150	2	2	1	5	0	41
chr5	43122178	43123208	1	1	1	1	0	15
chr5	43123311	43139164	1	1	1	1	0	10
chr5	43139310	43161248	1	1	1	1	0	13
chr5	43161607	43161708	1	1	1	1	0	43
chr5	43294163	43294690	2	2	1	1	0	23
chr5	43294862	43295751	2	2	1	1	0	5
chr5	43529880	43533737	2	2	1	0	1	42
chr5	43535641	43536818	2	2	1	3	0	42
chr5	43536945	43538923	2	2	1	1	0	37
chr5	44777329	44808641	2	2	1	1	0	43
chr5	50668126	50750150	1	1	1	1	0	36
chr5	53048771	53051410	1	1	1	1	0	46
chr5	53107222	53108521	2	2	1	1	0	30
chr5	53603531	53646232	1	1	1	1	0	28
chr5	53658625	53683117	1	1	1	4	0	34
chr5	55261500	55262629	2	2	1	1	0	22
chr5	55262933	55267137	2	2	1	2	0	20
chr5	55272176	55273292	2	2	1	3	0	18
chr5	55289429	55290217	2	2	1	2	0	40
chr5	55290345	55294016	2	2	1	3	0	39
chr5	55294146	55295378	2	2	1	5	0	45
chr5	55295525	55296219	2	2	1	9	0	45
chr5	55298665	55307386	2	2	1	2	0	34
chr5	55322465	55324131	1	1	1	1	0	7
chr5	55324199	55327715	1	1	1	1	0	18
chr5	55343456	55344521	1	1	1	1	0	39
chr5	55344621	55345093	1	1	1	1	0	21
chr5	55388103	55397415	1	1	1	1	0	20
chr5	55410630	55414181	1	1	1	2	0	40
chr5	55422983	55424719	1	1	1	3	0	31
chr5	55426040	55441850	2	2	1	1	0	37
chr5	55627981	55633753	2	2	1	1	0	5
chr5	55635658	55645788	2	2	1	1	0	45
chr5	55942752	55947492	2	2	1	1	0	19
chr5	57237173	57246299	1	1	1	2	0	26
chr5	57246485	57247074	1	1	1	1	0	3
chr5	57251142	57261179	1	3	1	1	0	22
chr5	57261283	57262593	1	1	1	1	0	39
chr5	60904874	60909647	2	2	1	1	0	26
chr5	60945383	61073124	1	1	1	8	0	43
chr5	60945429	61098991	1	1	1	1	0	30
chr5	61073215	61098991	1	1	1	5	0	39
chr5	61099033	61152703	1	1	1	1	0	15
chr5	61160200	61161087	2	2	1	1	0	7
chr5	61525977	61526249	1	1	1	1	0	36
chr5	62350121	62352587	1	1	1	2	0	36
chr5	62352711	62353274	1	1	1	4	0	25
chr5	62353376	62355158	1	1	1	4	0	37
chr5	62355255	62357690	1	1	1	3	0	10
chr5	62361333	62361465	1	1	1	1	0	9
chr5	62361530	62362449	1	1	1	4	0	43
chr5	62362542	62363177	1	1	1	1	0	5
chr5	62365354	62366413	1	1	1	1	0	28
chr5	62377763	62381117	1	1	1	1	0	10
chr5	62392991	62393954	2	2	1	1	0	35
chr5	64695665	64717888	1	1	1	4	0	40
chr5	64724574	64728106	2	2	1	8	0	46
chr5	64728180	64741056	2	2	1	5	1	42
chr5	64741201	64754314	2	2	1	2	0	5
chr5	64754363	64768504	2	2	1	1	0	41
chr5	64782034	64783835	1	1	1	1	0	20
chr5	64783980	64785480	1	1	1	2	0	33
chr5	64785580	64786523	1	1	1	2	0	13
chr5	64789021	64800247	1	1	1	1	0	16
chr5	64800328	64801301	1	1	1	4	0	29
chr5	64801333	64804228	1	1	1	4	0	33
chr5	64804387	64885442	1	1	1	10	2	39
chr5	64977239	65018158	1	1	1	2	0	28
chr5	65528579	65528918	2	2	1	5	0	46
chr5	65529018	65529116	2	2	1	1	0	32
chr5	65529200	65542801	2	2	1	1	0	13
chr5	65551243	65551563	2	2	1	1	0	4
chr5	65551637	65552492	2	2	1	1	0	15
chr5	65561565	65563097	2	2	1	1	0	18
chr5	65567616	65569631	1	1	1	2	0	32
chr5	65569999	65571838	1	1	1	1	0	31
chr5	65577070	65579423	1	1	1	1	0	26
chr5	65680557	65680655	2	2	1	1	0	25
chr5	65758827	65762959	1	1	1	1	0	34
chr5	65763109	65777426	1	1	1	11	0	41
chr5	65777535	65780178	1	1	1	2	0	27
chr5	65781422	65785774	1	1	1	2	0	6
chr5	65785911	65788117	1	1	1	1	0	16
chr5	65788485	65792453	1	1	1	1	0	3
chr5	65810166	65812254	1	1	1	1	0	15
chr5	65994865	66012048	1	1	1	1	0	5
chr5	66012128	66013548	1	1	1	1	0	8
chr5	66038483	66043076	1	1	1	1	0	7
chr5	66043199	66044136	1	1	1	3	0	18
chr5	66044299	66046352	1	1	1	1	0	8
chr5	66046539	66048666	1	1	1	2	0	46
chr5	66076950	66078422	1	1	1	1	0	28
chr5	66158231	66158808	1	1	1	1	0	43
chr5	66162593	66163791	1	1	1	1	0	37
chr5	66163923	66164782	1	1	1	1	0	27
chr5	66164810	66170732	1	3	1	1	0	27
chr5	66164898	66170050	1	1	1	3	0	23
chr5	66170171	66170584	1	1	1	6	0	33
chr5	66170948	66174945	1	1	1	14	0	43
chr5	66175042	66177513	1	1	1	1	0	31
chr5	67632634	67634306	2	2	1	0	1	4
chr5	69037959	69087768	2	2	1	1	0	41
chr5	69100930	69103061	1	1	1	1	0	42
chr5	69167284	69167907	1	1	1	2	0	5
chr5	69168079	69168172	1	1	1	2	0	3
chr5	69174410	69174876	1	1	1	2	0	34
chr5	69175538	69177238	1	1	1	2	0	44
chr5	69175538	69177290	1	1	1	1	0	28
chr5	69175538	69177523	1	1	1	2	0	34
chr5	69177350	69177523	1	1	1	47	0	46
chr5	69189769	69191794	1	1	1	2	0	39
chr5	69191851	69194646	1	1	1	1	0	21
chr5	69194696	69195716	1	1	1	3	0	27
chr5	69195792	69197052	1	1	1	5	0	15
chr5	69197110	69202505	1	1	1	5	0	32
chr5	69208360	69209706	1	1	1	6	0	37
chr5	69226402	69228199	1	1	1	1	3	44
chr5	69228388	69229207	1	1	1	14	0	46
chr5	69259937	69262204	1	1	1	3	0	23
chr5	69273042	69276542	1	1	1	3	0	27
chr5	69276691	69277106	1	1	1	17	0	46
chr5	69285468	69292187	2	2	1	1	0	36
chr5	69300128	69303846	2	2	1	1	0	7
chr5	69384934	69386042	1	1	1	1	0	33
chr5	69386306	69386395	1	1	1	1	0	8
chr5	69386466	69389033	1	1	1	1	0	14
chr5	69414513	69414670	2	2	1	1	0	30
chr5	69545120	69547929	1	1	1	1	0	4
chr5	69560404	69565099	1	1	1	0	1	8
chr5	69565189	69566130	1	1	1	0	1	14
chr5	69567054	69567726	1	1	1	0	1	44
chr5	69586357	69590327	1	1	1	0	2	40
chr5	69590368	69592078	1	1	1	0	2	40
chr5	69921245	69975737	1	1	1	0	1	46
chr5	69975853	69978463	1	1	1	0	6	35
chr5	69978119	69978463	1	1	1	0	1	9
chr5	70041632	70063414	1	1	1	0	1	37
chr5	70049767	70063414	1	1	1	0	2	36
chr5	70063487	70065964	1	1	1	0	5	43
chr5	70067135	70067293	1	1	1	0	1	28
chr5	70067447	70069234	1	1	1	0	1	8
chr5	70069331	70070640	1	1	1	0	2	44
chr5	70070752	70077018	1	1	1	0	1	4
chr5	70076575	70077018	1	1	1	0	2	38
chr5	70121688	70121877	2	2	1	0	1	23
chr5	70139721	70140065	2	2	1	0	1	9
chr5	70139721	70142330	2	2	1	0	6	35
chr5	70142446	70196877	2	2	1	0	1	46
chr5	70211521	70229014	2	4	1	0	1	33
chr5	70415390	70417821	1	1	1	1	0	35
chr5	70415551	70417821	1	1	1	0	1	40
chr5	70415551	70420248	1	1	1	0	1	8
chr5	70420338	70421279	1	1	1	0	1	14
chr5	70422200	70422872	1	1	1	0	1	44
chr5	70441519	70445482	1	1	1	0	2	40
chr5	70445523	70447233	1	1	1	0	2	40
chr5	70504662	70525389	2	4	1	0	1	33
chr5	70796294	70850809	1	1	1	0	1	46
chr5	70850925	70853535	1	1	1	0	6	35
chr5	70853191	70853535	1	1	1	0	1	9
chr5	70917049	70938838	1	1	1	0	1	37
chr5	70925185	70938838	1	1	1	0	2	36
chr5	70938911	70941388	1	1	1	0	5	43
chr5	70942559	70942717	1	1	1	0	1	28
chr5	70942871	70944657	1	1	1	0	1	8
chr5	70944754	70946065	1	1	1	0	2	44
chr5	70946177	70951940	1	1	1	3	0	15
chr5	70946177	70952438	1	1	1	0	1	4
chr5	70951995	70952438	1	1	1	3	2	38
chr5	70997117	70997306	2	2	1	0	1	23
chr5	71035797	71037506	2	2	1	0	2	40
chr5	71037547	71041521	2	2	1	0	2	40
chr5	71060171	71060843	2	2	1	0	1	44
chr5	71061766	71062707	2	2	1	0	1	14
chr5	71062797	71067493	2	2	1	0	1	8
chr5	71065223	71067493	2	2	1	0	1	40
chr5	71122009	71122198	2	2	1	0	1	23
chr5	71140035	71140379	2	2	1	0	1	9
chr5	71140035	71142644	2	2	1	0	6	35
chr5	71142760	71197268	2	2	1	0	1	46
chr5	71211885	71229357	2	4	1	0	1	33
chr5	71456090	71458578	1	1	1	1	0	12
chr5	71458856	71461816	1	1	1	3	0	44
chr5	71461927	71464057	1	1	1	2	0	31
chr5	71464118	71466095	1	1	1	4	0	7
chr5	71467488	71470394	1	1	1	4	0	19
chr5	71470490	71483841	1	1	1	4	0	40
chr5	71483897	71486483	1	1	1	1	0	10
chr5	71486628	71489403	1	1	1	1	0	10
chr5	71491132	71495249	1	1	1	1	0	41
chr5	71495409	71497269	1	1	1	3	0	38
chr5	71511152	71512240	1	1	1	1	0	31
chr5	71512429	71513184	1	1	1	6	0	43
chr5	71515123	71516060	1	1	1	1	0	28
chr5	71516272	71517321	1	1	1	1	0	23
chr5	71517453	71522288	1	1	1	2	0	25
chr5	71524324	71532307	1	1	1	4	0	44
chr5	71562521	71562774	1	1	1	1	0	19
chr5	71587555	71592925	1	1	1	1	0	37
chr5	71646278	71649096	1	1	1	3	0	41
chr5	71649254	71650068	1	1	1	1	0	32
chr5	72195337	72206936	2	2	1	1	0	31
chr5	72877347	72882466	1	1	1	1	0	35
chr5	72901074	72903708	1	1	1	1	0	23
chr5	72905446	72908708	1	1	1	6	0	33
chr5	73015725	73017211	1	1	1	1	0	22
chr5	73037216	73041290	1	1	1	1	0	19
chr5	73502602	73502915	1	3	1	1	0	44
chr5	73503118	73504346	1	1	1	2	0	26
chr5	73504404	73505191	1	1	1	5	0	31
chr5	73553487	73554321	2	2	1	1	0	26
chr5	74720519	74720642	1	1	1	1	0	8
chr5	74720748	74721117	1	1	1	2	0	9
chr5	74767364	74768930	1	1	1	2	0	27
chr5	74769119	74769213	1	1	1	2	0	14
chr5	74769365	74770630	1	1	1	3	0	24
chr5	74770811	74772312	1	1	1	2	0	28
chr5	74770811	74773867	1	1	1	1	0	30
chr5	74770811	74776603	1	1	1	1	0	10
chr5	74774061	74776603	1	1	1	9	0	34
chr5	74834598	74838964	2	2	1	3	0	13
chr5	75347310	75350041	1	1	1	1	0	8
chr5	75358828	75359169	1	1	1	1	0	19
chr5	75359311	75359397	1	1	1	1	0	21
chr5	75374192	75379336	2	2	1	4	0	24
chr5	75379474	75381071	2	2	1	6	0	40
chr5	75403059	75411010	2	2	1	1	0	18
chr5	75411104	75416875	2	2	1	1	0	6
chr5	75419425	75425360	2	2	1	1	0	29
chr5	75583418	75584759	1	1	1	1	0	20
chr5	75597179	75597746	1	1	1	1	0	10
chr5	75597790	75597933	1	1	1	1	0	39
chr5	75689166	75690382	2	2	1	1	0	16
chr5	75694832	75702604	2	2	1	1	0	33
chr5	76562553	76570579	1	1	1	1	0	39
chr5	76575770	76588905	1	1	1	1	0	36
chr5	76588974	76589614	1	1	1	2	0	40
chr5	76589729	76590407	1	1	1	6	0	40
chr5	76597603	76600811	1	1	1	1	0	41
chr5	76627501	76631858	1	1	1	1	0	8
chr5	76632027	76637033	1	1	1	1	0	16
chr5	76641104	76652749	1	1	1	1	0	3
chr5	76658668	76665025	1	1	1	4	0	27
chr5	76665176	76668680	1	1	1	1	0	26
chr5	76695667	76697986	1	1	1	6	0	46
chr5	76698148	76701075	1	1	1	2	0	28
chr5	77036721	77039530	1	1	1	6	0	45
chr5	77052808	77053964	1	1	1	2	0	15
chr5	77054131	77055513	1	1	1	2	0	31
chr5	77433288	77436260	2	2	1	1	0	16
chr5	77438362	77440812	2	2	1	1	0	4
chr5	77691499	77693265	2	2	1	7	0	38
chr5	77693353	77708241	2	2	1	1	0	7
chr5	77705635	77708241	2	2	1	2	0	22
chr5	77708348	77776204	2	2	1	5	0	38
chr5	78039275	78089392	2	2	1	1	0	22
chr5	78110355	78113751	2	2	1	5	0	44
chr5	78113924	78116125	2	2	1	2	0	16
chr5	78156368	78162818	2	2	1	1	0	23
chr5	78267596	78294451	2	2	1	4	0	41
chr5	78388915	78415519	1	1	1	3	0	13
chr5	79237683	79277909	1	1	1	1	0	18
chr5	79300319	79300675	1	1	1	3	0	25
chr5	79376198	79396822	2	2	1	2	0	38
chr5	79397638	79401898	2	2	1	1	0	24
chr5	79402056	79439009	2	2	1	1	0	7
chr5	79447146	79450989	2	2	1	1	0	5
chr5	79500941	79501113	1	1	1	1	0	42
chr5	79649191	79656957	1	1	1	1	0	5
chr5	79657002	79660800	1	1	1	1	0	40
chr5	79669029	79679578	1	1	1	1	0	32
chr5	80082546	80083079	1	1	1	1	0	27
chr5	80222683	80224055	2	2	1	1	0	45
chr5	80434218	80436755	1	1	1	3	0	40
chr5	80459495	80472760	1	1	1	1	0	7
chr5	80629166	80633876	2	2	1	0	3	40
chr5	80633993	80637882	2	2	1	0	2	43
chr5	80649495	80654007	2	2	1	1	0	32
chr5	80654058	80654403	2	2	1	1	0	10
chr5	80768121	80768834	1	1	1	2	0	45
chr5	80778837	80787564	1	1	1	1	0	31
chr5	80854317	80864812	1	1	1	1	0	38
chr5	80873288	80875750	1	1	1	2	0	14
chr5	81301671	81304740	1	1	1	1	0	31
chr5	82252660	82253313	1	1	1	1	0	20
chr5	82276135	82276450	2	4	1	11	0	20
chr5	82276256	82276397	2	2	1	925	0	46
chr5	82276519	82277692	2	2	1	115	55	46
chr5	82277853	82278319	2	2	1	4	0	28
chr5	82430507	82452343	1	1	1	1	0	24
chr5	83057155	83061876	2	2	1	2	0	17
chr5	83061912	83065007	2	2	1	0	2	20
chr5	83065118	83077320	2	2	1	3	0	29
chr5	83195937	83203551	1	1	1	3	0	42
chr5	83472024	83483512	1	1	1	3	0	28
chr5	83483589	83490097	1	1	1	2	0	20
chr5	83512397	83537006	1	1	1	14	0	45
chr5	83522310	83537006	1	1	1	2	0	30
chr5	83963361	84060299	2	2	1	1	0	30
chr5	86618131	86619352	1	1	1	12	2	40
chr5	86619497	86620667	1	1	1	114	0	45
chr5	87331501	87332506	1	1	1	1	0	19
chr5	87333338	87337973	1	1	1	1	0	21
chr5	87349365	87353156	1	1	1	1	0	22
chr5	87353236	87362550	1	1	1	2	0	33
chr5	87394485	87395043	2	2	1	2	0	27
chr5	87395105	87399393	2	2	1	2	0	16
chr5	88823928	88882954	2	2	1	1	0	29
chr5	90485685	90487999	1	1	1	5	0	44
chr5	90488130	90490592	1	1	1	3	0	35
chr5	90488130	90495676	1	1	1	4	1	40
chr5	90495734	90497655	1	1	1	17	2	42
chr5	90497707	90501905	1	1	1	13	0	45
chr5	90497707	90501908	1	1	1	8	0	45
chr5	90501989	90506527	1	1	1	8	0	45
chr5	90653953	90657904	1	1	1	2	0	10
chr5	90753830	90754982	1	1	1	1	1	14
chr5	93881689	93958776	2	2	1	2	0	15
chr5	93916061	93958776	2	2	1	1	0	39
chr5	94630744	94643272	1	1	1	1	0	21
chr5	94643436	94649453	1	1	1	4	0	23
chr5	94649598	94651701	1	1	1	7	0	29
chr5	94651846	94653271	1	1	1	5	0	29
chr5	94686719	94688505	1	1	1	1	0	39
chr5	95517061	95517145	2	2	1	1	0	26
chr5	95547152	95548559	2	2	1	7	0	31
chr5	95548716	95550580	2	2	1	2	0	39
chr5	95737076	95748332	1	1	1	2	0	31
chr5	95748488	95752238	1	1	1	3	0	34
chr5	96421957	96423312	2	2	1	1	0	22
chr5	96695908	96722638	1	1	1	1	0	28
chr5	96729210	96729611	1	1	1	1	0	42
chr5	96740119	96741265	1	1	1	1	0	14
chr5	96741581	96742654	1	1	1	4	0	42
chr5	96742757	96746341	1	1	1	1	0	36
chr5	96767483	96767906	1	1	1	1	0	16
chr5	96768000	96770530	1	1	1	2	0	43
chr5	97165148	97167466	2	2	1	1	0	32
chr5	98860069	98863407	2	2	1	2	0	36
chr5	98869278	98869753	2	2	1	8	0	40
chr5	98870804	98872050	2	2	1	2	0	13
chr5	98876559	98879551	2	2	1	1	0	17
chr5	98879729	98881075	2	2	1	11	0	42
chr5	98881172	98881278	2	2	1	3	0	44
chr5	98881376	98881974	2	2	1	3	0	7
chr5	98892714	98893415	2	2	1	1	0	43
chr5	98899706	98900810	2	2	1	2	0	42
chr5	98901336	98902899	2	2	1	5	0	23
chr5	98902965	98903791	2	2	1	3	0	45
chr5	98903909	98904896	2	2	1	2	0	45
chr5	103146682	103147930	1	1	1	1	0	10
chr5	103148033	103148151	1	1	1	1	0	3
chr5	103151375	103152647	1	1	1	3	0	36
chr5	103152750	103153847	1	1	1	3	0	24
chr5	103167321	103168071	1	1	1	1	0	6
chr5	103183408	103184671	1	1	1	1	0	41
chr5	103195026	103201521	1	1	1	1	0	40
chr5	103550972	103552216	2	2	1	2	0	46
chr5	106978894	106983939	2	2	1	3	0	37
chr5	108009209	108009316	1	5	1	2	0	33
chr5	108832944	108835707	1	1	1	1	0	13
chr5	108835808	108867766	1	1	1	3	0	44
chr5	108883519	108897658	1	1	1	1	0	29
chr5	109363023	109368560	2	2	1	3	0	4
chr5	109379255	109381502	2	2	1	1	0	46
chr5	109784927	109788933	1	1	1	1	0	39
chr5	109817439	109819668	1	1	1	4	0	41
chr5	109846007	109847656	1	1	1	2	0	44
chr5	109855335	109865035	1	1	1	2	0	5
chr5	111102400	111103785	1	1	1	1	0	32
chr5	111119121	111120495	1	1	1	1	0	34
chr5	111501117	111506329	2	2	1	2	0	31
chr5	111755831	111757135	2	2	1	1	0	14
chr5	112161296	112161702	1	1	1	1	0	33
chr5	112161776	112162150	1	1	1	4	0	33
chr5	112767391	112775628	1	1	1	1	0	40
chr5	112864529	112864620	1	1	1	3	0	37
chr5	112864733	112867371	1	1	1	1	0	12
chr5	112864733	112867403	1	1	1	4	0	42
chr5	112878836	112887014	2	2	1	3	0	28
chr5	112985987	112992120	1	5	1	1	0	7
chr5	112992249	112992671	1	1	1	3	0	40
chr5	112992771	113001083	1	1	1	5	0	24
chr5	113001470	113001566	1	1	1	1	0	45
chr5	113001675	113003941	1	1	1	1	0	14
chr5	113004078	113007937	1	1	1	3	0	43
chr5	113515363	113524980	1	1	1	2	0	4
chr5	113525178	113526585	1	1	1	5	0	26
chr5	113533046	113534304	1	1	1	1	0	8
chr5	113535799	113539073	1	1	1	1	0	46
chr5	113553360	113553589	1	1	1	1	0	44
chr5	115216974	115221823	2	2	1	1	0	15
chr5	115269001	115269702	2	2	1	1	0	29
chr5	115271627	115275215	2	2	1	2	0	31
chr5	115277055	115279646	2	2	1	1	0	38
chr5	115279769	115284786	2	2	1	2	0	44
chr5	115831864	115832601	2	2	1	1	0	14
chr5	116092701	116134067	1	1	1	1	0	21
chr5	116432599	116446163	1	1	1	0	3	3
chr5	116473094	116475544	2	2	1	1	0	24
chr5	116502328	116504844	2	2	1	1	0	38
chr5	119071657	119097978	1	1	1	3	0	18
chr5	119098105	119101934	1	1	1	1	0	29
chr5	119116337	119118814	1	1	1	2	0	36
chr5	119121140	119129210	1	1	1	1	0	11
chr5	119166782	119167602	1	1	1	1	0	11
chr5	119496647	119499316	1	1	1	2	0	41
chr5	119525286	119525916	1	1	1	1	0	24
chr5	119526024	119527132	1	1	1	1	0	22
chr5	119536551	119541904	1	1	1	5	0	27
chr5	122019342	122020087	1	1	1	1	0	13
chr5	122775212	122795265	1	1	1	1	0	5
chr5	122790110	122792494	1	3	1	1	0	35
chr5	122808356	122815895	1	1	1	2	0	41
chr5	122819024	122826049	1	1	1	1	0	10
chr5	122826194	122827378	1	1	1	2	0	32
chr5	122827460	122827574	1	3	1	2	0	22
chr5	122827647	122829597	1	1	1	10	0	43
chr5	123591415	123604723	1	1	1	3	0	24
chr5	123604831	123614341	1	1	1	2	0	41
chr5	124637627	124654609	1	3	1	1	0	14
chr5	124644662	124646678	2	2	1	2	0	25
chr5	124649134	124649609	2	2	1	1	0	10
chr5	126545020	126546323	2	2	1	4	0	29
chr5	126550003	126550195	2	2	1	1	0	35
chr5	126552138	126554286	2	2	1	1	0	25
chr5	126568357	126570781	2	2	1	1	0	34
chr5	126570860	126575419	2	2	1	1	0	6
chr5	126575465	126577078	2	2	1	1	0	41
chr5	126604184	126608363	1	1	1	2	0	35
chr5	126608485	126617249	1	1	1	9	0	38
chr5	126804933	126805570	1	1	1	1	0	24
chr5	126810351	126811772	1	1	1	3	0	12
chr5	126821136	126822780	1	1	1	4	0	29
chr5	126822886	126825987	1	1	1	1	0	45
chr5	126826108	126832693	1	1	1	2	0	24
chr5	127244087	127254701	2	2	1	0	1	27
chr5	127526779	127530293	1	1	1	1	0	11
chr5	128112934	128114211	1	1	1	1	0	39
chr5	128174667	128177104	1	1	1	3	0	42
chr5	128177153	128178566	1	3	1	3	0	43
chr5	129016080	129023619	1	1	1	2	0	14
chr5	129509243	129526283	1	1	1	1	0	8
chr5	131159612	131162571	2	2	1	3	0	35
chr5	131162677	131165094	2	2	1	1	0	34
chr5	131479754	131489545	2	2	1	1	0	9
chr5	132579503	132579861	1	1	1	1	0	37
chr5	132580067	132587561	1	1	1	4	0	40
chr5	132588090	132588686	1	1	1	4	0	24
chr5	132588881	132589630	1	3	1	1	0	27
chr5	132589838	132591223	1	1	1	1	0	17
chr5	132591407	132591876	1	1	1	4	0	27
chr5	132592035	132594868	1	1	1	2	0	22
chr5	132595045	132595572	1	1	1	1	0	37
chr5	132604047	132604805	1	1	1	2	0	43
chr5	132605000	132608614	1	1	1	6	0	40
chr5	132608726	132609116	1	1	1	8	0	46
chr5	132609210	132609282	1	1	1	4	0	46
chr5	132609397	132616002	1	1	1	3	0	26
chr5	132616131	132618069	1	1	1	2	0	38
chr5	132640806	132642177	1	1	1	1	0	10
chr5	132703066	132703462	2	2	1	1	0	21
chr5	132711058	132715756	2	2	1	1	0	39
chr5	132715932	132716244	2	2	1	1	0	18
chr5	132716443	132716844	2	2	1	1	0	27
chr5	132866688	132866868	1	1	1	1	0	36
chr5	132867036	132867487	1	1	1	33	0	39
chr5	132881187	132883339	2	2	1	2	0	27
chr5	132887593	132887845	2	2	1	1	0	23
chr5	132998851	133000131	2	2	1	1	0	15
chr5	133006921	133026496	2	2	1	3	0	29
chr5	133019204	133022840	2	2	1	2	0	21
chr5	133022907	133026496	2	2	1	1	0	5
chr5	133052358	133064979	1	1	1	5	0	42
chr5	133065038	133067416	1	1	1	7	0	36
chr5	133070497	133073229	1	1	1	1	0	9
chr5	133073330	133073992	1	1	1	3	0	41
chr5	133076899	133086781	1	1	1	5	0	45
chr5	133086859	133088403	1	1	1	1	0	4
chr5	133091375	133092699	1	1	1	1	0	8
chr5	133091375	133092702	1	1	1	1	0	33
chr5	133092790	133096097	1	1	1	1	0	28
chr5	133097287	133099544	1	1	1	2	0	6
chr5	133099653	133101758	1	1	1	3	0	43
chr5	133101879	133103864	1	1	1	4	0	44
chr5	133104027	133104232	1	1	1	10	0	37
chr5	133991155	133992305	2	2	1	1	0	39
chr5	134157769	134158454	2	2	1	4	0	38
chr5	134158596	134160986	2	2	1	4	0	46
chr5	134161131	134167169	2	2	1	3	0	29
chr5	134167244	134173925	2	2	1	7	0	44
chr5	134174023	134176854	2	2	1	2	0	41
chr5	134197845	134199085	2	2	1	2	0	43
chr5	134199205	134200334	2	2	1	1	0	34
chr5	134374464	134376668	1	1	1	3	0	26
chr5	134376695	134380718	1	1	1	3	0	7
chr5	134402927	134409902	2	2	1	1	0	37
chr5	134741524	134743986	1	1	1	2	0	4
chr5	134744053	134750758	1	1	1	1	0	13
chr5	134764093	134766916	1	1	1	4	0	36
chr5	134767061	134770902	1	1	1	19	0	44
chr5	134771000	134773695	1	1	1	12	0	30
chr5	134773862	134777573	1	1	1	5	0	37
chr5	134775534	134776280	2	2	1	1	0	35
chr5	134783066	134784365	1	1	1	1	0	11
chr5	134790553	134794849	1	1	1	1	0	36
chr5	134807942	134811220	1	1	1	1	0	34
chr5	134811359	134811695	1	1	1	1	0	7
chr5	134811846	134816429	1	1	1	1	0	38
chr5	134816607	134817495	0	0	1	4	0	28
chr5	134819005	134826946	1	1	1	4	0	46
chr5	134827021	134828658	1	1	1	5	0	46
chr5	134846213	134854897	1	1	1	1	0	24
chr5	134847324	134853126	2	2	1	1	0	38
chr5	134959121	134960585	1	1	1	2	0	29
chr5	135335142	135343259	2	2	1	1	0	38
chr5	135346058	135352945	2	2	1	1	0	39
chr5	135353046	135360496	2	2	1	1	0	28
chr5	135359943	135360496	2	2	1	10	0	35
chr5	135360608	135369405	2	2	1	0	1	3
chr5	136178585	136178956	1	3	1	1	0	42
chr5	137943039	137943132	2	2	1	1	0	37
chr5	138170913	138171037	2	2	1	5	0	30
chr5	138171161	138171360	2	2	1	1	0	7
chr5	138171411	138172064	2	2	1	2	0	19
chr5	138172135	138177570	2	2	1	2	0	36
chr5	138184677	138184806	1	1	1	2	0	45
chr5	138189149	138189632	2	2	1	1	0	27
chr5	138189753	138189827	2	2	1	2	0	10
chr5	138189907	138191473	2	2	1	2	0	3
chr5	138335486	138336873	1	1	1	3	0	31
chr5	138379709	138381515	1	1	1	1	0	35
chr5	138381591	138386021	1	1	1	1	0	20
chr5	138508388	138508668	2	2	1	1	0	23
chr5	138508817	138510564	2	2	1	2	0	39
chr5	138510630	138511044	2	2	1	1	0	25
chr5	138511201	138511474	2	2	1	1	0	8
chr5	138556115	138556451	2	2	1	2	0	37
chr5	138556574	138557401	2	2	1	3	0	8
chr5	138556593	138556773	2	2	1	8	0	44
chr5	138556867	138557401	2	2	1	11	0	45
chr5	138557497	138557868	2	2	1	7	0	40
chr5	138557987	138558552	2	2	1	5	0	45
chr5	138566719	138567000	2	2	1	2	0	38
chr5	138567723	138568924	2	2	1	1	0	21
chr5	138569050	138570959	2	2	1	1	0	10
chr5	138571142	138573762	2	2	1	2	0	14
chr5	138827719	138886211	1	1	1	2	0	41
chr5	138886293	138887489	1	1	1	4	0	42
chr5	138891501	138891634	2	4	1	2	0	44
chr5	138929357	138930472	1	1	1	0	1	14
chr5	138930655	138930829	1	1	1	1	0	15
chr5	139293806	139307238	1	1	1	3	0	24
chr5	139317106	139317595	1	1	1	3	0	8
chr5	139317722	139318907	1	1	1	11	1	41
chr5	139319034	139319333	1	1	1	4	0	37
chr5	139319502	139321897	1	1	1	1	6	40
chr5	139319718	139349876	2	2	1	1	0	15
chr5	139322030	139322462	1	1	1	5	0	26
chr5	139322968	139325295	1	1	1	2	0	20
chr5	139322968	139325439	1	1	1	1	0	28
chr5	139325663	139326162	1	1	1	4	0	45
chr5	139326285	139329344	1	1	1	4	0	39
chr5	139341981	139363758	1	1	1	4	0	44
chr5	139364744	139368732	1	1	1	2	0	22
chr5	139396930	139397040	2	2	1	1	0	39
chr5	139436206	139436386	2	4	1	1	0	39
chr5	139600436	139614585	1	1	1	2	0	9
chr5	139614618	139614696	1	1	1	1	0	32
chr5	139614775	139614860	1	1	1	2	0	38
chr5	139614967	139623367	1	1	1	7	0	41
chr5	139623462	139626755	1	1	1	25	0	43
chr5	139681448	139682862	1	1	1	1	0	43
chr5	139688033	139688760	2	2	1	2	0	14
chr5	140194653	140228729	1	1	1	3	0	16
chr5	140281534	140300415	2	2	1	7	0	46
chr5	140300583	140303040	2	2	1	1	0	35
chr5	140458863	140459163	1	1	1	1	0	31
chr5	140506978	140507784	1	1	1	1	0	38
chr5	140512924	140513362	1	1	1	9	0	44
chr5	140513480	140524065	1	1	1	6	0	43
chr5	140524241	140525995	1	1	1	8	0	44
chr5	140527075	140527872	1	1	1	1	0	43
chr5	140550912	140551060	2	2	1	3	0	31
chr5	140551170	140551981	2	2	1	2	0	22
chr5	140561450	140561586	2	2	1	1	0	22
chr5	140567758	140568977	2	4	1	1	1	26
chr5	140567950	140568052	1	3	1	2	0	17
chr5	140645679	140647255	2	2	1	5	0	44
chr5	140647925	140648470	1	1	1	3	0	11
chr5	140648538	140651713	1	1	1	2	0	14
chr5	140651807	140652087	1	1	1	3	0	27
chr5	140652148	140652976	1	1	1	2	0	22
chr5	140653145	140653937	1	1	1	2	0	31
chr5	140654728	140655828	1	1	1	1	0	39
chr5	140657663	140658736	1	1	1	2	0	11
chr5	140658777	140658938	1	1	1	2	0	40
chr5	140659165	140659314	1	1	1	1	0	19
chr5	140659334	140659755	1	1	1	1	0	5
chr5	140659835	140660114	0	0	1	3	0	43
chr5	140662008	140662178	1	1	1	7	0	36
chr5	140662214	140662301	1	1	1	13	0	35
chr5	140674329	140674678	2	2	1	3	0	26
chr5	140677754	140677907	2	2	1	1	0	29
chr5	140702130	140703917	1	1	1	2	0	32
chr5	140878100	140882052	2	2	1	1	0	8
chr5	140982564	141009626	1	1	1	1	0	8
chr5	141526174	141526296	2	2	1	3	0	10
chr5	141527698	141528452	2	2	1	2	0	18
chr5	141528583	141528701	2	2	1	2	0	8
chr5	141534434	141571427	2	2	1	3	0	9
chr5	141571437	141571925	2	2	1	3	0	9
chr5	141572041	141573491	2	2	1	3	0	43
chr5	141577592	141578224	2	6	1	2	0	24
chr5	141578626	141579087	2	4	1	1	0	16
chr5	141580884	141582311	2	2	1	1	0	34
chr5	141873416	141873735	1	3	1	2	0	43
chr5	142003263	142004931	2	2	1	1	0	32
chr5	142135818	142137733	1	1	1	1	0	39
chr5	142137859	142140562	1	1	1	1	0	12
chr5	142140630	142144570	1	1	1	2	0	21
chr5	142144677	142151730	1	1	1	4	0	35
chr5	142305396	142309235	1	3	1	1	0	23
chr5	142653446	142653989	1	3	1	1	0	31
chr5	142703491	142705617	1	1	1	1	0	29
chr5	143041891	143054438	1	1	1	2	0	17
chr5	143057748	143120987	1	1	1	2	0	13
chr5	144382839	144383248	2	2	1	1	0	27
chr5	146114312	146119008	2	2	1	0	1	3
chr5	146114312	146120370	2	2	1	0	1	3
chr5	146120504	146122491	2	2	1	1	0	6
chr5	146126546	146128671	2	2	1	2	0	39
chr5	146143085	146143411	2	2	1	3	0	32
chr5	146143085	146144266	2	2	1	1	0	34
chr5	146143551	146144266	2	2	1	2	0	20
chr5	146144710	146149621	2	2	1	2	0	14
chr5	146151644	146151861	2	2	1	1	0	28
chr5	146152003	146153173	2	2	1	2	0	25
chr5	146153228	146153733	2	2	1	4	0	35
chr5	146153981	146157402	2	2	1	1	0	44
chr5	146160487	146164309	2	2	1	13	0	37
chr5	146164472	146168127	2	2	1	5	0	44
chr5	146168266	146171022	2	2	1	1	0	43
chr5	146168266	146171909	2	2	1	13	0	44
chr5	146171991	146172686	2	2	1	11	0	41
chr5	146172775	146177546	2	2	1	7	0	33
chr5	146177666	146182487	2	2	1	2	0	11
chr5	146219104	146223402	1	1	1	16	0	44
chr5	146223528	146228945	1	1	1	3	0	38
chr5	146263632	146267648	1	1	1	10	0	46
chr5	146267769	146269206	1	1	1	7	0	43
chr5	146269282	146269419	1	1	1	1	0	16
chr5	146463794	146469543	1	1	1	5	0	40
chr5	146468404	146469543	1	1	1	2	0	11
chr5	146469745	146470635	1	1	1	1	0	9
chr5	146478654	146479854	1	1	1	1	0	36
chr5	146482728	146483539	1	1	1	1	0	30
chr5	146483630	146492919	1	1	1	2	0	35
chr5	146498687	146503374	1	1	1	16	0	46
chr5	146503540	146503823	1	1	1	8	0	13
chr5	146504007	146507027	1	1	1	8	0	44
chr5	146507208	146507872	1	1	1	2	0	36
chr5	146507957	146509144	1	1	1	4	0	41
chr5	146698145	146701044	2	2	1	1	0	44
chr5	147394124	147395558	2	2	1	2	0	30
chr5	147405731	147408727	2	2	1	5	0	24
chr5	147408797	147412607	2	2	1	4	0	42
chr5	147413658	147415708	2	2	1	2	0	31
chr5	147612372	147617910	2	2	1	2	0	34
chr5	147618115	147620665	2	2	1	1	0	37
chr5	147631512	147632679	2	2	1	4	0	15
chr5	147637049	147639631	2	2	1	1	0	22
chr5	147644997	147648375	2	2	1	2	0	45
chr5	147828129	147829598	2	2	1	1	0	32
chr5	147829631	147831522	2	2	1	1	0	23
chr5	148120392	148123832	1	1	1	1	0	44
chr5	149500112	149500704	1	3	1	1	0	27
chr5	149505596	149507026	2	2	1	1	0	26
chr5	149509954	149511793	2	2	1	2	0	30
chr5	149510602	149511300	2	2	1	1	0	17
chr5	149511873	149513069	2	2	1	26	0	46
chr5	149513210	149520289	2	2	1	4	0	38
chr5	149520389	149525044	2	2	1	4	0	40
chr5	149525172	149550074	2	2	1	2	0	22
chr5	150001180	150004850	1	1	1	1	0	15
chr5	150012354	150018565	1	1	1	1	0	42
chr5	150364253	150367843	1	1	1	2	0	36
chr5	150367918	150396742	1	1	1	0	6	3
chr5	150376621	150378904	1	1	1	1	0	13
chr5	150379043	150379228	1	3	1	1	0	43
chr5	150392177	150392707	1	1	1	1	0	27
chr5	150396843	150398353	1	1	1	23	0	44
chr5	150398452	150399021	1	1	1	1	0	7
chr5	150399071	150399809	1	1	1	2	0	44
chr5	150444354	150444478	2	2	1	2	0	22
chr5	150444354	150445608	2	2	1	1066	0	46
chr5	150445686	150446801	2	2	1	525	0	46
chr5	150446964	150447584	2	2	1	27	0	45
chr5	150447736	150449485	2	2	1	2	0	32
chr5	150447736	150449702	2	2	1	1	0	39
chr5	151030114	151049852	2	4	1	2	0	43
chr5	151042962	151045860	2	2	1	1	0	39
chr5	151108551	151109752	2	2	1	1	0	27
chr5	151122261	151122916	2	2	1	1	0	17
chr5	151663600	151664086	2	2	1	1	0	27
chr5	151742960	151746278	2	2	1	8	0	37
chr5	151788892	151789023	2	2	1	2	0	18
chr5	151795576	151797226	1	1	1	1	0	25
chr5	151797429	151799211	1	1	1	2	0	29
chr5	151800347	151800759	1	1	1	1	0	32
chr5	151800870	151803884	1	1	1	1	0	6
chr5	154453501	154455899	1	1	1	1	0	17
chr5	154790387	154790644	1	1	1	2	0	44
chr5	154790711	154792621	1	1	1	3	0	13
chr5	154793724	154793799	1	1	1	1	0	34
chr5	154800043	154802006	1	1	1	1	0	11
chr5	154904630	154905362	2	2	1	1	0	43
chr5	154905477	154907590	2	2	1	1	0	27
chr5	154911899	154912898	2	2	1	2	0	14
chr5	154926075	154927384	2	2	1	1	0	16
chr5	154941139	154941216	1	1	1	1	0	38
chr5	154941266	154950820	1	1	1	1	0	10
chr5	154956437	154957134	1	1	1	2	0	27
chr5	154957213	154959979	1	1	1	1	0	7
chr5	157333447	157334037	1	1	1	1	0	29
chr5	157494796	157496893	2	2	1	1	0	29
chr5	157507141	157509300	2	2	1	1	0	23
chr5	157735935	157737886	1	1	1	2	0	24
chr5	157813228	157814184	2	2	1	9	0	46
chr5	157814294	157816733	2	2	1	2	0	34
chr5	157816831	157817442	2	2	1	2	0	27
chr5	160010859	160035139	1	1	1	1	0	26
chr5	160035201	160036690	1	1	1	1	0	5
chr5	160036804	160043132	1	1	1	1	0	5
chr5	160049663	160051128	1	1	1	1	0	3
chr5	160051184	160064931	1	1	1	1	0	41
chr5	160232274	160234819	1	1	1	1	0	11
chr5	160234910	160238605	1	1	1	2	0	29
chr5	160404557	160404808	2	2	1	3	0	36
chr5	160404881	160405030	2	2	1	8	0	40
chr5	160405136	160406467	2	2	1	7	0	41
chr5	160408461	160408649	2	2	1	1	0	16
chr5	160422894	160424236	1	1	1	0	1	13
chr5	160427874	160428601	1	1	1	55	0	46
chr5	163442144	163442373	1	1	1	1	0	20
chr5	163457081	163457561	2	2	1	1	0	46
chr5	163471272	163471362	1	1	1	2	0	25
chr5	163471464	163473178	1	1	1	4	0	37
chr5	163473254	163473378	1	1	1	7	0	45
chr5	163473558	163474056	1	1	1	1	0	7
chr5	163474206	163475457	1	1	1	1	0	39
chr5	163478801	163482641	1	1	1	1	0	10
chr5	163482789	163483019	1	1	1	9	0	43
chr5	163483173	163483267	1	1	1	1	0	45
chr5	163483368	163484068	1	1	1	3	0	42
chr5	163490553	163491111	1	1	1	1	0	17
chr5	163512197	163513554	1	1	1	2	0	17
chr5	168486544	168488601	1	1	1	14	0	42
chr5	168492848	168493893	1	1	1	2	0	30
chr5	168497349	168500590	1	1	1	3	0	22
chr5	168502106	168506020	1	1	1	1	0	20
chr5	168506832	168510580	1	1	1	7	0	46
chr5	168516951	168517814	1	1	1	1	0	20
chr5	168518063	168519080	1	1	1	10	0	35
chr5	168561517	168563888	2	2	1	1	0	14
chr5	168616590	168616928	1	1	1	0	1	18
chr5	169587373	169588393	1	1	1	3	0	7
chr5	169588576	169591047	1	1	1	1	0	42
chr5	169594493	169594570	1	1	1	1	0	13
chr5	169594682	169596560	1	1	1	1	0	6
chr5	169596702	169598475	1	1	1	1	0	21
chr5	170916585	170918712	1	1	1	2	0	27
chr5	171388007	171390050	1	1	1	0	1	16
chr5	171390131	171391304	1	1	1	2	0	20
chr5	171391425	171391705	1	1	1	18	0	45
chr5	171391800	171392709	1	1	1	18	0	45
chr5	171392817	171392913	1	1	1	16	2	41
chr5	171392979	171400152	1	1	1	10	8	44
chr5	171400211	171400838	1	1	1	33	3	44
chr5	171400926	171405301	1	1	1	13	7	41
chr5	171405404	171406396	1	1	1	2	0	31
chr5	171405404	171407699	1	1	1	8	24	42
chr5	171407775	171410526	1	1	1	20	11	46
chr5	171910798	171914342	2	2	1	3	0	41
chr5	171910798	172006457	2	2	1	1	0	17
chr5	171914406	172006457	2	2	1	3	0	27
chr5	171982486	171983026	2	2	1	1	0	31
chr5	172090363	172093411	2	2	1	1	0	15
chr5	172105738	172106619	2	2	1	1	0	10
chr5	172373816	172382035	2	2	1	2	0	10
chr5	172382128	172394562	2	2	1	1	0	17
chr5	172692356	172693951	2	2	1	2	0	36
chr5	172968600	172969412	1	1	1	1	0	3
chr5	173020368	173034398	1	1	1	2	0	41
chr5	173146959	173154321	1	1	1	1	0	17
chr5	173609435	173613130	2	2	1	1	0	6
chr5	175965156	175967110	2	2	1	0	2	42
chr5	176384375	176385220	2	2	1	1	0	35
chr5	176398048	176410256	2	2	1	1	0	25
chr5	176410304	176416176	2	2	1	1	0	20
chr5	176496664	176498913	1	1	1	3	0	6
chr5	176499095	176506893	1	1	1	1	0	39
chr5	176500147	176506767	1	1	1	3	0	10
chr5	176911390	176943334	2	2	1	1	0	13
chr5	176970867	176975395	2	2	1	1	0	33
chr5	177192020	177204119	1	1	1	1	0	22
chr5	177238508	177239755	1	1	1	1	0	6
chr5	177239866	177244194	1	1	1	2	0	23
chr5	177248325	177251729	1	1	1	2	0	37
chr5	177257152	177259988	1	1	1	1	0	22
chr5	177283929	177288818	1	1	1	4	0	21
chr5	177288926	177291953	1	1	1	1	0	16
chr5	177304078	177304624	1	1	1	2	0	18
chr5	177304851	177305870	1	1	1	3	1	42
chr5	177305985	177306097	1	1	1	1	0	26
chr5	177306177	177306421	1	1	1	7	0	38
chr5	177332247	177334283	2	2	1	5	0	25
chr5	177351292	177351451	2	2	1	1	0	16
chr5	177483731	177483866	2	2	1	3	0	34
chr5	177496544	177503357	1	1	1	2	0	12
chr5	177512877	177513010	2	2	1	1	0	21
chr5	177516194	177516287	2	2	1	2	0	16
chr5	177592399	177592574	1	1	1	1	0	20
chr5	177594286	177595266	1	1	1	1	0	44
chr5	177607528	177608538	1	1	1	1	0	27
chr5	177609015	177609539	1	1	1	2	0	24
chr5	177876689	177878643	1	1	1	0	2	42
chr5	178117025	178117522	1	1	1	3	0	32
chr5	178122042	178123431	1	1	1	1	0	35
chr5	178123530	178125554	1	1	1	1	0	20
chr5	178149839	178150887	2	2	1	2	0	41
chr5	178153561	178153657	2	2	1	4	0	44
chr5	178205047	178205841	1	1	1	4	0	38
chr5	178206011	178206731	1	1	1	4	0	38
chr5	178206891	178207093	1	1	1	2	0	19
chr5	178207226	178209329	1	1	1	2	0	18
chr5	178209448	178210552	1	1	1	2	0	14
chr5	178210273	178210552	1	1	1	1	0	45
chr5	178713622	178725375	2	2	1	1	0	22
chr5	179581013	179585795	1	1	1	2	0	26
chr5	179615596	179616125	2	2	1	1	0	41
chr5	179616219	179616868	2	2	1	1	0	42
chr5	179616959	179617050	2	2	1	1	0	41
chr5	179617650	179617798	2	2	1	2	0	11
chr5	179618324	179619268	2	2	1	3	0	34
chr5	179619408	179620891	2	2	1	3	0	44
chr5	179621036	179621241	2	2	1	1	0	36
chr5	179705853	179706257	1	1	1	2	0	40
chr5	179706332	179707131	1	1	1	1	0	28
chr5	179708381	179708977	1	1	1	2	0	23
chr5	179709060	179709872	1	1	1	2	0	46
chr5	179720561	179722803	1	1	1	1	0	4
chr5	179723020	179723659	1	1	1	8	0	43
chr5	179723780	179724656	1	1	1	5	0	20
chr5	179724784	179726679	1	1	1	4	0	44
chr5	179726760	179728590	1	1	1	1	0	3
chr5	179955670	179963470	2	2	1	16	0	46
chr5	179955670	179966805	2	2	1	1	0	8
chr5	179963565	179966805	2	2	1	3	0	20
chr5	180324896	180328276	2	2	1	1	0	36
chr5	180564744	180565819	1	1	1	1	0	45
chr5	181237043	181237137	2	2	1	1	0	25
chr5	181237043	181237608	2	2	1	504	0	46
chr5	181237628	181239077	1	3	1	1	0	19
chr5	181237720	181238098	2	2	1	84	0	42
chr5	181238240	181239066	2	2	1	7	1	46
chr5	181238240	181239486	2	2	1	0	1	3
chr5	181239178	181239486	2	2	1	8	0	34
chr5	181239583	181241491	2	2	1	3	0	24
chr5	181241640	181242173	2	4	1	2	0	30
chr5	181242346	181243691	2	2	1	4	0	37
chr5	181263767	181264051	1	1	1	1	0	29
chr5	181263790	181264051	1	1	1	2	0	43
chr5	181271642	181272916	1	1	1	2	0	24
chr6	497490	499644	2	2	1	1	0	37
chr6	499701	532468	2	2	1	1	0	11
chr6	556565	562783	2	2	1	1	0	18
chr6	562846	564032	2	2	1	2	0	16
chr6	2069249	2076742	2	2	1	0	1	35
chr6	2949070	2953043	2	4	1	1	0	37
chr6	2954710	2955523	2	2	1	1	0	16
chr6	3015644	3016883	1	1	1	2	0	18
chr6	3016986	3019478	1	1	1	2	0	46
chr6	3083314	3085258	1	1	1	1	0	28
chr6	3263760	3267590	1	1	1	16	0	44
chr6	3264326	3267590	1	1	1	4	0	42
chr6	3488929	3493253	2	2	1	0	1	44
chr6	4021467	4031558	1	1	1	7	0	43
chr6	4032756	4037396	1	1	1	2	0	42
chr6	4037571	4040771	1	1	1	4	0	42
chr6	4044024	4047174	1	1	1	1	0	21
chr6	4126238	4127761	2	2	1	1	0	25
chr6	4130561	4130766	2	2	1	1	0	5
chr6	4807735	4808249	2	4	1	2	0	26
chr6	4995277	4995950	2	2	1	3	0	34
chr6	7401051	7402602	1	1	1	1	0	45
chr6	7402716	7402816	1	1	1	2	0	24
chr6	7405022	7405248	1	1	1	1	0	32
chr6	7411452	7412888	1	1	1	1	0	7
chr6	7412943	7414237	1	1	1	4	0	44
chr6	7414391	7417330	1	1	1	2	0	26
chr6	7571585	7571841	1	1	1	2	0	33
chr6	7577887	7578463	1	1	1	2	0	28
chr6	7594160	7595026	1	1	1	1	0	15
chr6	7602745	7605397	1	1	1	1	0	40
chr6	7605487	7606030	1	1	1	3	0	16
chr6	7606196	7608824	1	1	1	1	0	22
chr6	8041269	8062533	2	2	1	1	0	42
chr6	8090282	8097266	2	2	1	1	0	41
chr6	8097468	8102434	2	2	1	1	0	18
chr6	10671599	10683186	2	2	1	1	0	28
chr6	10702490	10702564	1	1	1	1	0	3
chr6	10702640	10703404	1	1	1	4	0	29
chr6	10707515	10708952	1	1	1	3	0	36
chr6	10709077	10709237	1	1	1	1	0	40
chr6	10724634	10724960	1	1	1	2	0	39
chr6	10725038	10725906	1	1	1	1	0	37
chr6	10728728	10730614	1	1	1	3	0	3
chr6	10747882	10756466	1	1	1	1	0	32
chr6	10751235	10755141	1	1	1	1	0	29
chr6	10755233	10756466	1	1	1	3	0	34
chr6	10955218	10956135	1	1	1	1	0	46
chr6	13305188	13306397	2	2	1	1	0	3
chr6	13595565	13596962	1	1	1	3	0	42
chr6	13615625	13615711	1	1	1	5	0	35
chr6	13615773	13616462	1	1	1	5	0	35
chr6	13616522	13617769	1	1	1	7	0	32
chr6	13617802	13618057	1	1	1	4	0	32
chr6	13618140	13620207	1	1	1	1	0	15
chr6	13620330	13620407	1	1	1	10	0	43
chr6	13620486	13620753	1	1	1	59	0	42
chr6	13641308	13642478	2	2	1	1	0	11
chr6	13790865	13791877	2	2	1	18	0	45
chr6	13791993	13793893	2	2	1	1	0	6
chr6	13801390	13802242	2	2	1	2	0	43
chr6	13802347	13806924	2	2	1	1	0	11
chr6	14872980	14873304	2	2	1	1	0	18
chr6	14930995	14941840	2	4	1	1	0	29
chr6	15452176	15468541	1	1	1	3	0	41
chr6	15627476	15637743	2	2	1	1	0	12
chr6	15825685	15849021	1	1	1	1	0	23
chr6	16442916	16443085	1	3	1	1	0	45
chr6	17826125	17828239	2	2	1	1	0	38
chr6	18139038	18139664	2	2	1	1	0	38
chr6	18236601	18237380	2	2	1	1	0	24
chr6	18237517	18249650	2	2	1	26	0	43
chr6	18249840	18255730	2	2	1	24	0	45
chr6	18255852	18256360	2	2	1	7	0	35
chr6	18256456	18257952	2	2	1	12	0	36
chr6	18258063	18258303	2	2	1	7	0	45
chr6	18258406	18263842	2	2	1	1	0	12
chr6	18263997	18264384	2	2	1	3	0	27
chr6	19838196	19838583	1	1	1	1	0	7
chr6	19838643	19839209	1	1	1	1	0	26
chr6	20548706	20649292	1	1	1	1	0	11
chr6	21201275	21230847	1	1	1	2	0	5
chr6	21832690	21835658	1	1	1	4	0	20
chr6	21909604	21977321	1	1	1	1	0	29
chr6	21931379	21932327	2	4	1	1	0	33
chr6	24412396	24415032	1	1	1	1	0	42
chr6	24416514	24418083	1	1	1	1	0	8
chr6	24653154	24654411	2	2	1	1	0	36
chr6	24698068	24701458	1	1	1	4	0	19
chr6	24706263	24708776	2	2	1	2	0	18
chr6	24775245	24777221	1	1	1	1	0	42
chr6	24777298	24780662	1	1	1	1	0	17
chr6	24781622	24784086	1	1	1	3	0	20
chr6	24784555	24785637	1	1	1	2	0	9
chr6	26638729	26643658	2	2	1	0	3	33
chr6	26839918	26850446	2	2	1	0	2	45
chr6	29621818	29622103	2	2	1	3	0	17
chr6	29629265	29630614	1	1	1	1	0	42
chr6	29726044	29726402	1	1	1	3	0	34
chr6	29943544	29944121	1	1	1	2	0	5
chr6	29944398	29944499	1	1	1	1	0	6
chr6	30062334	30064672	1	1	1	1	0	28
chr6	30345574	30346431	1	1	1	1	0	5
chr6	30346558	30346712	1	1	1	14	0	44
chr6	30346565	30346712	1	1	1	1	0	34
chr6	30556563	30582421	1	1	1	1	0	13
chr6	30558213	30561327	1	1	1	2	0	29
chr6	30571561	30577408	1	1	1	1	0	18
chr6	30571561	30577817	1	1	1	4	0	21
chr6	30577456	30577817	1	1	1	1	0	44
chr6	30577914	30578072	1	1	1	1	0	38
chr6	30577914	30578075	1	1	1	1	0	34
chr6	30578386	30578469	1	1	1	2	0	16
chr6	30578578	30579930	1	1	1	11	0	43
chr6	30580006	30580405	1	1	1	11	0	43
chr6	30580520	30582393	1	1	1	6	0	28
chr6	30585683	30585878	1	1	1	1	0	31
chr6	30605095	30605922	2	2	1	1	0	15
chr6	30606244	30606467	2	2	1	1	0	20
chr6	30641871	30642297	1	1	1	2	0	15
chr6	30653371	30654705	2	2	1	2	0	43
chr6	30668209	30670409	2	2	1	1	0	44
chr6	30671275	30672634	2	2	1	2	0	27
chr6	30723029	30723339	1	1	1	3	0	23
chr6	30724344	30724379	1	3	1	1	0	35
chr6	30725117	30725241	0	0	1	11	0	43
chr6	30730566	30730681	2	2	1	1	0	6
chr6	30740311	30740495	2	2	1	1	0	32
chr6	30741334	30741613	2	2	1	1	0	36
chr6	30830653	30847036	2	2	1	1	0	26
chr6	30847150	30847967	2	2	1	1	0	3
chr6	30893382	30900011	2	4	1	1	0	44
chr6	30910942	30911157	1	1	1	1	0	31
chr6	31142717	31142962	2	2	1	1	0	8
chr6	31164437	31165926	2	2	1	0	1	21
chr6	31164573	31164665	1	1	1	1	0	23
chr6	31164868	31165127	2	2	1	9	0	45
chr6	31165287	31165570	2	2	1	4	0	40
chr6	31166048	31170215	2	4	1	2	3	42
chr6	31270086	31270209	2	2	1	1	0	45
chr6	31412461	31415011	1	1	1	1	0	10
chr6	31530451	31530778	2	2	1	47	0	45
chr6	31530927	31531052	2	2	1	3	0	26
chr6	31531198	31531295	2	2	1	2	0	37
chr6	31531406	31532779	2	2	1	1	0	28
chr6	31532912	31535366	2	2	1	2	0	33
chr6	31623910	31624260	1	1	1	1	0	9
chr6	31625612	31625791	1	1	1	1	0	22
chr6	31627199	31627764	1	1	1	2	0	12
chr6	31634366	31634471	1	1	1	1	0	27
chr6	31634877	31637563	2	4	1	2	0	19
chr6	31635273	31635393	1	1	1	1	0	36
chr6	31637137	31637233	1	1	1	2	0	31
chr6	31637325	31637445	1	1	1	1	0	16
chr6	31639227	31639499	2	2	1	7	0	30
chr6	31639227	31640198	2	2	1	3	0	24
chr6	31640307	31640384	2	2	1	2	0	25
chr6	31657724	31658063	1	1	1	1	0	26
chr6	31666904	31667867	1	1	1	2	0	21
chr6	31669509	31669835	1	1	1	5	0	44
chr6	31688787	31689014	2	2	1	1	0	14
chr6	31727354	31727542	2	2	1	1	0	4
chr6	31728746	31728864	2	2	1	0	1	3
chr6	31728746	31730050	2	2	1	0	1	3
chr6	31731004	31732216	2	2	1	8	0	42
chr6	31732399	31733565	2	2	1	1	0	24
chr6	31733962	31734153	2	2	1	1	0	9
chr6	31777663	31778966	2	2	1	17	0	42
chr6	31781762	31781846	2	4	1	1	0	29
chr6	31782634	31782720	2	2	1	2	0	32
chr6	31797883	31797989	2	2	1	1	0	26
chr6	31835452	31837235	1	1	1	1	0	6
chr6	31837436	31839542	1	1	1	8	0	38
chr6	31889603	31892406	2	2	1	5	0	26
chr6	31892563	31892693	2	2	1	1	0	29
chr6	31892735	31892825	2	2	1	0	1	4
chr6	31892911	31896262	2	2	1	0	1	3
chr6	31952399	31953728	2	2	1	24	0	46
chr6	31953832	31954079	2	2	1	3	0	34
chr6	31954135	31954297	2	2	1	1	0	29
chr6	31954893	31955058	2	2	1	1	0	9
chr6	31955097	31955218	2	2	1	2	0	38
chr6	31958455	31958891	2	2	1	1	0	29
chr6	31963560	31963636	1	1	1	3	0	18
chr6	31969421	31969514	1	1	1	1	0	4
chr6	31971148	31971319	2	2	1	1	0	29
chr6	32188157	32188256	2	2	1	1	0	13
chr6	32538644	32543087	1	1	1	1	0	33
chr6	32843090	32844278	2	2	1	1	0	6
chr6	32976937	32977441	1	1	1	3	0	11
chr6	32978006	32978125	1	1	1	24	0	42
chr6	32980664	32981169	2	2	1	1	0	16
chr6	33131415	33133451	1	1	1	1	0	35
chr6	33133496	33141120	1	1	1	1	0	13
chr6	33172638	33173059	2	2	1	1	0	45
chr6	33202428	33202559	1	1	1	1	0	7
chr6	33202701	33202909	1	1	1	2	0	43
chr6	33206450	33206637	1	1	1	3	0	8
chr6	33263880	33264007	2	2	1	1	0	16
chr6	33267740	33267864	2	2	1	1	0	16
chr6	33272123	33272627	1	1	1	8	0	42
chr6	33272727	33275796	1	1	1	35	4	46
chr6	33275658	33275796	1	1	1	0	1	3
chr6	33275884	33275964	1	1	1	38	0	44
chr6	33276067	33276175	1	1	1	410	0	46
chr6	33276067	33276390	1	1	1	7	0	28
chr6	33276067	33276404	1	1	1	2	0	36
chr6	33276268	33276390	1	1	1	1636	0	46
chr6	33279375	33279496	2	2	1	3	0	37
chr6	33289921	33290173	1	1	1	3	0	39
chr6	33290451	33290715	1	1	1	6	0	38
chr6	33304639	33304988	2	2	1	1	0	15
chr6	33318803	33318996	2	2	1	3	0	38
chr6	33406487	33406591	1	1	1	1	0	19
chr6	33416777	33416919	2	2	1	8	0	39
chr6	33416970	33417096	2	2	1	3	0	38
chr6	33417143	33417250	2	2	1	1	0	18
chr6	33451540	33453505	0	0	1	3	0	38
chr6	33693706	33694923	1	1	1	1	0	38
chr6	33697751	33700443	2	2	1	53	0	44
chr6	33700514	33701345	2	2	1	7	0	32
chr6	33701421	33711548	2	2	1	1	0	5
chr6	34240916	34242711	1	1	1	2	0	15
chr6	34242796	34243467	1	1	1	3	0	42
chr6	34243519	34244830	1	1	1	1	0	14
chr6	34245563	34246083	1	1	1	6	0	32
chr6	34245933	34246119	2	2	1	1	0	20
chr6	34417548	34418368	2	2	1	486	13	46
chr6	34418425	34421729	2	2	1	182	136	46
chr6	34421808	34424668	2	2	1	21	24	44
chr6	34424841	34425071	2	2	1	3	1	33
chr6	34425222	34425795	2	2	1	1	0	6
chr6	34425222	34426031	2	2	1	4	0	31
chr6	34590601	34606554	2	2	1	3	0	35
chr6	34757955	34762594	1	1	1	1	0	26
chr6	34762704	34767907	1	1	1	2	0	25
chr6	34770396	34773445	1	1	1	1	0	10
chr6	34883081	34887786	2	2	1	6	0	44
chr6	34982828	34983112	1	1	1	4	0	45
chr6	35468440	35468798	1	1	1	2	0	36
chr6	35468874	35468946	1	1	1	3	0	23
chr6	35469028	35469380	1	1	1	14	0	43
chr6	35469530	35470178	1	1	1	3	0	42
chr6	35470352	35470579	1	1	1	121	0	45
chr6	35575943	35576993	2	2	1	1	0	36
chr6	35870495	35870933	2	2	1	5	0	28
chr6	35870960	35872562	2	2	1	1	0	26
chr6	35872729	35874232	2	2	1	5	0	44
chr6	36107629	36108379	1	1	1	1	0	9
chr6	36472180	36473739	2	2	1	1	0	18
chr6	36484825	36486882	1	1	1	1	0	14
chr6	36512781	36513660	2	4	1	1	0	33
chr6	36540205	36547189	2	2	1	1	0	15
chr6	36594482	36596760	1	1	1	1	0	7
chr6	36596969	36598848	1	1	1	1	0	30
chr6	36598984	36601151	1	1	1	5	0	41
chr6	36601191	36601707	1	1	1	7	0	37
chr6	36601795	36601961	1	1	1	4	0	41
chr6	36856034	36856585	2	2	1	1	0	33
chr6	36970115	36970405	2	2	1	2	0	14
chr6	37360575	37368483	1	1	1	2	0	37
chr6	37374710	37376925	1	1	1	1	0	37
chr6	38677384	38682011	2	2	1	4	0	44
chr6	38682102	38682807	2	2	1	1	0	15
chr6	38684515	38686891	2	2	1	5	0	38
chr6	38686975	38702970	2	2	1	3	0	43
chr6	41070135	41071131	2	2	1	1	0	5
chr6	41071676	41072318	2	2	1	1	0	5
chr6	41108510	41108948	1	1	1	1	0	6
chr6	41653940	41654156	1	1	1	2	0	17
chr6	41787826	41789231	1	1	1	2	0	39
chr6	41789337	41789567	1	1	1	2	0	21
chr6	41869296	41869327	1	3	1	1	0	25
chr6	41871638	41891793	2	2	1	0	1	3
chr6	41891876	41893932	2	2	1	0	1	7
chr6	41909523	41916784	2	2	1	1	0	9
chr6	41931557	41931727	1	1	1	1	0	30
chr6	41931831	41932360	1	1	1	1	0	3
chr6	42069231	42069258	1	1	1	2	0	36
chr6	42208373	42208857	2	2	1	4	0	39
chr6	42208948	42210487	2	2	1	11	0	43
chr6	42210597	42211780	2	2	1	1	0	28
chr6	42592230	42594190	1	1	1	1	0	3
chr6	42617508	42632551	1	1	1	1	0	29
chr6	42640271	42641581	1	1	1	1	0	23
chr6	42650387	42652022	1	1	1	1	0	18
chr6	42652072	42652490	1	1	1	3	0	35
chr6	42652646	42655620	1	1	1	1	0	22
chr6	42658321	42658645	1	1	1	1	0	9
chr6	42822064	42822795	1	1	1	3	0	15
chr6	42822845	42822934	1	1	1	3	0	28
chr6	42934599	42935573	1	1	1	1	0	13
chr6	42939000	42939191	2	2	1	1	0	22
chr6	43010737	43010880	1	1	1	1	0	37
chr6	43012622	43012925	2	2	1	1	0	9
chr6	43013029	43013114	2	2	1	1	0	23
chr6	43019367	43020666	1	1	1	2	0	24
chr6	43020884	43021195	1	1	1	1	0	39
chr6	43054487	43055544	2	2	1	2	0	19
chr6	43056446	43058064	2	2	1	1	0	22
chr6	43130662	43132015	1	1	1	1	0	26
chr6	43156625	43157494	1	3	1	1	0	31
chr6	43225882	43226032	2	2	1	2	0	44
chr6	43306314	43306445	2	2	1	1	0	3
chr6	43340503	43340789	2	2	1	4	0	35
chr6	43512316	43512760	2	2	1	3	0	20
chr6	43519441	43519705	1	1	1	1	0	8
chr6	43524006	43524470	2	2	1	2	0	21
chr6	43526748	43527633	2	2	1	2	0	45
chr6	43527732	43528158	2	2	1	1	0	9
chr6	43528206	43528827	2	2	1	1	0	36
chr6	43560304	43560923	2	2	1	1	0	45
chr6	43562347	43565659	2	2	1	1	0	9
chr6	43565737	43567168	2	2	1	1	0	6
chr6	43582457	43583006	1	1	1	1	0	13
chr6	43671907	43675201	2	2	1	1	0	10
chr6	43777666	43778459	1	1	1	1	0	27
chr6	44173387	44176067	1	1	1	1	0	39
chr6	44248777	44249376	1	1	1	2	0	22
chr6	44249584	44249674	1	1	1	1	0	23
chr6	44249835	44250020	1	1	1	48	0	44
chr6	44250155	44250290	1	1	1	160	0	46
chr6	44250600	44251047	1	1	1	67	0	46
chr6	44251214	44251417	1	1	1	3	0	46
chr6	44251609	44251736	1	1	1	7	0	43
chr6	44251885	44251998	1	1	1	4	0	30
chr6	44252268	44253044	1	1	1	4	0	43
chr6	44253379	44253488	1	1	1	6	0	38
chr6	44253379	44253707	1	1	1	41	6	26
chr6	44392829	44393445	1	1	1	2	0	41
chr6	44393574	44396340	1	1	1	6	0	21
chr6	44396441	44403808	1	1	1	2	0	39
chr6	44404028	44406322	1	1	1	1	0	19
chr6	44408633	44419448	1	1	1	1	0	12
chr6	44424584	44426102	1	1	1	3	0	37
chr6	44829858	44932652	2	2	1	8	0	44
chr6	47503441	47533601	1	1	1	0	1	3
chr6	47554767	47574063	1	1	1	3	0	36
chr6	47574252	47576523	1	1	1	3	0	45
chr6	47579490	47580863	1	1	1	1	0	18
chr6	47580901	47582002	1	1	1	1	0	37
chr6	47599444	47606164	1	1	1	3	0	7
chr6	47606278	47607926	1	1	1	4	0	38
chr6	47608029	47609122	1	1	1	2	0	30
chr6	47609305	47612472	1	1	1	1	0	38
chr6	49453757	49456079	2	2	1	1	0	28
chr6	49470279	49470973	1	1	1	3	0	14
chr6	49471029	49472062	1	1	1	5	0	40
chr6	52056789	52056889	2	2	1	1	0	6
chr6	52264209	52264394	2	2	1	1	0	20
chr6	52269227	52272300	2	2	1	2	0	40
chr6	52272452	52273229	2	2	1	1	0	10
chr6	52273357	52273741	2	2	1	5	0	27
chr6	53065793	53071056	1	1	1	1	0	23
chr6	53071144	53073480	1	3	1	1	0	7
chr6	53092825	53093465	1	1	1	1	0	6
chr6	53093562	53093884	1	1	1	1	0	24
chr6	53270728	53273219	2	2	1	1	0	4
chr6	53508712	53509175	2	2	1	1	0	36
chr6	56470283	56471105	2	2	1	1	0	28
chr6	56494181	56497378	2	2	1	2	0	34
chr6	56506545	56506666	2	2	1	1	0	23
chr6	56508756	56509641	2	2	1	1	0	16
chr6	56517306	56517500	2	2	1	1	0	44
chr6	56517621	56526360	2	2	1	2	0	24
chr6	56535293	56536778	2	2	1	1	0	8
chr6	56553656	56555344	2	2	1	1	0	41
chr6	56572267	56572746	2	2	1	2	0	32
chr6	56573888	56578813	2	2	1	1	0	21
chr6	56611597	56614355	2	2	1	4	0	38
chr6	56614485	56624529	2	2	1	1	0	4
chr6	56624629	56625156	2	2	1	1	0	33
chr6	56628162	56629249	2	2	1	1	0	30
chr6	56629444	56630244	2	2	1	1	0	29
chr6	56634954	56635588	2	2	1	1	0	25
chr6	56635715	56636556	2	2	1	4	0	35
chr6	56639612	56639695	2	2	1	2	0	43
chr6	56639774	56639928	2	2	1	1	0	31
chr6	56646183	56648569	2	2	1	3	0	41
chr6	56981931	56992377	1	1	1	1	0	31
chr6	57090895	57099060	1	1	1	2	0	39
chr6	57099142	57124733	1	1	1	4	0	35
chr6	57882093	57892074	2	2	1	0	2	45
chr6	63692044	63694580	1	1	1	9	0	36
chr6	63698368	63698448	1	1	1	3	0	31
chr6	69752357	69780493	2	2	1	1	0	22
chr6	69780555	69790295	2	2	1	1	0	9
chr6	70579567	70588614	1	1	1	2	0	13
chr6	70732512	70754979	1	1	1	11	0	45
chr6	70755066	70773349	1	1	1	14	0	42
chr6	70773426	70791688	1	1	1	1	0	22
chr6	70773426	70798656	1	1	1	2	0	9
chr6	70852665	70856858	1	1	1	1	0	24
chr6	73514924	73516366	1	3	1	1	0	26
chr6	73517763	73517866	2	4	1	33	0	4
chr6	73517794	73518049	1	1	1	0	1	23
chr6	73517819	73517866	2	4	1	5	0	4
chr6	73517935	73518029	2	2	1	25	2	45
chr6	73518265	73518353	2	2	1	19	0	40
chr6	73518611	73518697	2	2	1	11	0	38
chr6	73518849	73518931	2	2	1	1	1	20
chr6	73519229	73519336	2	2	1	11	0	41
chr6	73519517	73519882	2	2	1	4	0	15
chr6	73520057	73520999	2	2	1	0	1	9
chr6	75237936	75241175	2	2	1	1	0	39
chr6	75237989	75240300	2	2	1	56	0	45
chr6	75240386	75241175	2	2	1	6	0	44
chr6	75623961	75633580	1	3	1	1	0	23
chr6	75633727	75634706	1	1	1	4	0	28
chr6	75663519	75666711	1	1	1	1	0	43
chr6	75666942	75670552	1	1	1	1	0	11
chr6	75675469	75675859	1	1	1	1	0	5
chr6	75711417	75713512	1	1	1	1	0	46
chr6	75713826	75715384	1	1	1	2	0	28
chr6	75830546	75832841	1	1	1	1	0	7
chr6	75866622	75866931	1	1	1	1	0	4
chr6	75879951	75880042	1	1	1	1	0	23
chr6	75880121	75881688	1	1	1	1	0	32
chr6	75886995	75890056	1	1	1	6	0	41
chr6	75907709	75908495	1	1	1	1	0	26
chr6	78897960	78898063	1	1	1	1	0	39
chr6	78945498	78946000	2	2	1	1	0	43
chr6	78946875	78947622	2	2	1	4	0	45
chr6	78947776	78954813	2	2	1	1	0	19
chr6	78955283	78955612	2	2	1	1	0	8
chr6	78961811	78963096	2	2	1	1	0	14
chr6	78970889	78978591	2	2	1	2	0	36
chr6	78978712	78982885	2	2	1	1	0	18
chr6	78983118	78985351	2	2	1	19	0	46
chr6	78985429	78988208	2	2	1	4	0	37
chr6	78990983	78997413	2	2	1	1	0	12
chr6	78990986	78997413	2	2	1	1	0	33
chr6	78997598	78998253	2	2	1	3	0	46
chr6	79017387	79017482	2	2	1	2	0	35
chr6	79017584	79019088	2	2	1	5	0	44
chr6	79019160	79025518	2	2	1	1	0	5
chr6	79025620	79025942	2	2	1	1	0	23
chr6	79043004	79060477	2	2	1	1	0	4
chr6	79201727	79202316	2	2	1	8	0	34
chr6	79202390	79203579	2	2	1	1	0	18
chr6	79208577	79214971	2	2	1	3	0	23
chr6	79215023	79234545	2	2	1	4	0	27
chr6	79487867	79489083	2	2	1	1	0	6
chr6	80010958	80011433	1	1	1	2	0	38
chr6	80011981	80013278	1	1	1	4	0	20
chr6	80022473	80026377	1	1	1	1	0	26
chr6	80040281	80040605	1	1	1	3	0	43
chr6	80203213	80273134	1	1	1	1	0	37
chr6	82200709	82201421	2	2	1	4	0	39
chr6	82220714	82223439	2	2	1	3	0	41
chr6	83120792	83121929	1	1	1	2	0	24
chr6	83130398	83132175	1	1	1	1	0	33
chr6	83162920	83164659	1	1	1	1	0	7
chr6	83169324	83170304	2	2	1	2	0	42
chr6	83921176	83922437	1	1	1	2	0	33
chr6	83922471	83924469	1	1	1	2	0	22
chr6	84155511	84160811	2	2	1	2	0	31
chr6	84163271	84169327	2	2	1	1	0	25
chr6	84169434	84171605	2	2	1	1	0	40
chr6	84195076	84200788	2	2	1	1	0	39
chr6	84213025	84215281	2	2	1	1	0	37
chr6	85506006	85507232	2	2	1	4	0	40
chr6	85533801	85536791	2	2	1	1	0	15
chr6	85615348	85618817	2	2	1	2	0	25
chr6	85618940	85619267	2	2	1	25	0	42
chr6	85619418	85622481	2	2	1	14	1	44
chr6	85622688	85623976	2	2	1	1	0	30
chr6	85624113	85636966	2	2	1	6	0	43
chr6	85637144	85637242	2	2	1	2	0	22
chr6	85640329	85640445	2	2	1	1	0	42
chr6	85640565	85641291	2	2	1	5	0	26
chr6	85677192	85677423	2	2	1	10	4	46
chr6	85677493	85677794	2	2	1	6	0	38
chr6	85677493	85678135	2	2	1	3	0	34
chr6	87216378	87218595	1	1	1	1	0	20
chr6	87514500	87514956	2	2	1	9	0	43
chr6	87515021	87516805	2	2	1	6	0	28
chr6	87516881	87518168	2	2	1	2	0	8
chr6	87519708	87520179	2	2	1	1	0	18
chr6	87524653	87529541	2	2	1	2	0	12
chr6	87529649	87530783	2	2	1	1	0	5
chr6	87564233	87569516	2	2	1	1	0	7
chr6	87601882	87603383	1	1	1	1	0	21
chr6	87606022	87607672	1	1	1	3	0	23
chr6	87612249	87616313	1	1	1	1	0	6
chr6	87653250	87656905	1	1	1	1	0	26
chr6	87664860	87665753	1	1	1	2	0	24
chr6	87681764	87701449	2	2	1	1	0	38
chr6	89081435	89083752	1	1	1	1	0	37
chr6	89082736	89083752	1	1	1	1	0	30
chr6	89637354	89637741	2	2	1	3	0	39
chr6	89644194	89645014	2	2	1	1	0	43
chr6	89648147	89648255	2	2	1	2	0	15
chr6	89648330	89650023	2	2	1	2	0	32
chr6	89653156	89654163	2	2	1	5	0	23
chr6	89658918	89661430	2	2	1	1	0	15
chr6	89661579	89662086	2	2	1	8	0	36
chr6	89662240	89662791	2	2	1	8	3	44
chr6	89662968	89664486	2	2	1	1	0	4
chr6	89668152	89670918	2	2	1	3	0	27
chr6	89672364	89672546	2	2	1	1	0	9
chr6	89672703	89673235	2	2	1	3	0	42
chr6	89673463	89674103	2	2	1	1	0	41
chr6	89684986	89685826	2	2	1	1	0	39
chr6	89687024	89687343	2	2	1	2	0	40
chr6	89688809	89689869	2	2	1	1	0	33
chr6	89723620	89725198	2	2	1	3	0	31
chr6	89729140	89730725	2	2	1	1	0	16
chr6	89774734	89776599	2	2	1	1	0	39
chr6	89780294	89781398	2	2	1	1	0	19
chr6	89785127	89787853	2	2	1	1	0	9
chr6	90518563	90519257	2	2	1	1	0	12
chr6	90519320	90523677	2	2	1	1	0	18
chr6	96538811	96540534	1	1	1	2	0	14
chr6	96549579	96549668	1	1	1	3	0	27
chr6	98899482	98905425	2	2	1	1	0	33
chr6	99401631	99402539	2	2	1	18	0	45
chr6	99402711	99403828	2	2	1	1	0	28
chr6	99403883	99404602	2	2	1	1	0	22
chr6	99404703	99406030	2	2	1	1	0	10
chr6	99408272	99409172	2	2	1	26	0	45
chr6	99409345	99410740	2	2	1	4	0	43
chr6	99410965	99412550	2	2	1	1	0	20
chr6	99488821	99503764	2	2	1	1	0	22
chr6	99521148	99521714	1	1	1	1	0	42
chr6	99521801	99526063	1	1	1	2	0	20
chr6	99531537	99531631	1	1	1	1	0	45
chr6	99546475	99549507	2	2	1	1	0	41
chr6	99549576	99550217	2	2	1	2	0	41
chr6	99551896	99558496	2	2	1	3	0	21
chr6	99558549	99561366	2	2	1	2	0	19
chr6	99561437	99561596	2	2	1	1	0	28
chr6	100651647	100652724	2	2	1	1	0	23
chr6	100800505	100805759	2	2	1	5	0	45
chr6	100805881	100848147	2	2	1	1	0	12
chr6	100864215	100867907	2	2	1	2	0	33
chr6	100868039	100881060	2	2	1	2	0	33
chr6	104957261	104958098	1	1	1	1	0	20
chr6	104958287	105026297	1	1	1	1	0	34
chr6	105282583	105285485	2	2	1	1	0	30
chr6	106186677	106201971	2	2	1	1	0	28
chr6	106202090	106248149	2	2	1	1	0	35
chr6	106551979	106552183	1	1	1	1	0	33
chr6	106552217	106553454	1	1	1	1	0	7
chr6	106572104	106583327	2	2	1	10	0	33
chr6	106583421	106587678	2	2	1	3	0	35
chr6	106643091	106649024	1	1	1	1	0	29
chr6	106971835	106974577	2	2	1	1	0	9
chr6	107871848	107872807	2	2	1	2	0	45
chr6	107883147	107893481	2	2	1	3	0	42
chr6	107893656	107893837	2	2	1	10	0	44
chr6	107893898	107897648	2	2	1	17	0	36
chr6	107897732	107901369	2	2	1	5	0	36
chr6	107929515	107957885	2	2	1	1	0	13
chr6	108004495	108004537	2	4	1	1	0	27
chr6	108051199	108054489	2	2	1	1	0	25
chr6	108519811	108522296	1	1	1	4	0	43
chr6	109153950	109155229	1	1	1	1	0	19
chr6	109155308	109155790	1	1	1	1	0	20
chr6	109159463	109160571	1	1	1	1	0	32
chr6	109392938	109400034	2	2	1	1	0	39
chr6	109445530	109445770	2	2	1	1	0	40
chr6	109735299	109738324	1	1	1	1	0	9
chr6	110108682	110113325	2	2	1	1	0	45
chr6	110113461	110127468	2	2	1	1	0	4
chr6	110201688	110207505	1	1	1	3	0	46
chr6	110207590	110209083	1	1	1	1	0	15
chr6	110209224	110210706	1	1	1	1	0	19
chr6	110219870	110226166	1	1	1	2	0	19
chr6	110226244	110228831	1	1	1	1	0	9
chr6	110893066	110893475	1	1	1	16	0	46
chr6	110959253	110960413	1	1	1	2	0	21
chr6	110960478	110960571	1	1	1	1	0	7
chr6	110982130	110985005	1	1	1	1	0	38
chr6	110999788	111008037	1	1	1	1	0	3
chr6	111015857	111024182	1	1	1	4	0	44
chr6	111024328	111025402	1	1	1	16	0	42
chr6	111661948	111674498	2	2	1	1	0	40
chr6	111696457	111699514	2	2	1	1	0	17
chr6	111696457	111700103	2	2	1	1	0	11
chr6	111699671	111702884	2	2	1	1	0	40
chr6	112254292	112254441	2	2	1	2	0	4
chr6	113941089	113941707	2	2	1	8	0	35
chr6	113941766	113943350	2	2	1	10	0	40
chr6	113943507	113944279	2	2	1	31	0	44
chr6	113944411	113945361	2	2	1	9	0	43
chr6	113949088	113949167	2	2	1	1	0	17
chr6	113953419	113956012	2	2	1	1	0	38
chr6	113960019	113968633	2	2	1	1	0	4
chr6	113960019	113970856	2	2	1	1	0	19
chr6	116110957	116115690	1	1	1	1	0	24
chr6	116115771	116117860	1	1	1	1	0	34
chr6	116238349	116238954	1	1	1	3	0	7
chr6	116571656	116580294	1	1	1	1	0	28
chr6	116580361	116584726	1	1	1	2	0	39
chr6	116584858	116588841	1	1	1	17	2	44
chr6	116588986	116590271	1	1	1	5	0	43
chr6	116590951	116592979	1	1	1	1	0	44
chr6	116645935	116647458	2	2	1	1	0	24
chr6	116681553	116689319	1	1	1	1	0	27
chr6	117579065	117602003	2	2	1	2	0	31
chr6	117703705	117706924	1	1	1	0	1	10
chr6	118481934	118483705	2	2	1	2	0	8
chr6	118905829	118907401	1	1	1	1	0	29
chr6	118917762	118922004	2	2	1	1	0	25
chr6	118964772	118966834	2	2	1	1	0	35
chr6	118966953	118974427	2	2	1	1	0	27
chr6	118974575	118975023	2	2	1	2	0	19
chr6	118980351	119002898	2	2	1	1	0	45
chr6	119020160	119022944	2	2	1	1	0	21
chr6	119189884	119193776	2	2	1	1	0	41
chr6	121170528	121205074	2	2	1	1	0	29
chr6	122586008	122603503	1	1	1	1	0	20
chr6	122675145	122717786	1	1	1	1	0	29
chr6	122717964	122725127	1	1	1	1	0	37
chr6	122779868	122780290	1	1	1	1	0	4
chr6	122781195	122783716	1	1	1	1	0	7
chr6	123512363	123516140	2	2	1	1	0	4
chr6	123516207	123530505	2	2	1	3	0	32
chr6	125277241	125292840	2	2	1	2	0	30
chr6	125967005	125972258	1	1	1	1	0	22
chr6	125998316	125998549	1	1	1	2	0	24
chr6	125998685	125999456	1	1	1	1	0	25
chr6	126013102	126021159	1	1	1	1	0	40
chr6	126021281	126038704	1	1	1	5	0	39
chr6	126340400	126346204	1	1	1	3	0	31
chr6	126346319	126348465	1	1	1	25	0	43
chr6	127450353	127453846	2	2	1	1	0	35
chr6	127985876	127990768	2	2	1	2	0	10
chr6	130858244	130863637	2	2	1	3	0	19
chr6	130865635	130867458	2	2	1	1	0	32
chr6	130870127	130885095	2	2	1	2	0	17
chr6	130955318	130955993	2	2	1	1	0	29
chr6	130956500	131063154	2	2	1	1	0	45
chr6	131145417	131160058	1	1	1	1	0	41
chr6	131608072	131610045	2	2	1	1	0	11
chr6	131851268	131852174	1	1	1	1	0	35
chr6	132471601	132472281	2	2	1	2	0	9
chr6	132475663	132503445	2	2	1	1	0	25
chr6	132814783	132814971	1	1	1	2	0	21
chr6	132815089	132816460	1	1	1	12	4	35
chr6	132816564	132816959	1	1	1	241	0	44
chr6	132817062	132817479	1	1	1	482	1	46
chr6	134965291	134966328	2	2	1	1	0	22
chr6	134996943	134997396	2	2	1	1	0	19
chr6	135463307	135465813	2	2	1	4	0	44
chr6	135490748	135492227	2	2	1	1	0	34
chr6	135492292	135495813	2	2	1	1	0	34
chr6	135492292	135497187	2	2	1	1	0	43
chr6	136261116	136261264	2	2	1	2	0	13
chr6	136267176	136268161	2	2	1	1	0	41
chr6	136268340	136269436	2	2	1	3	0	24
chr6	136269304	136269436	2	2	1	2	0	27
chr6	136269613	136271994	2	2	1	6	0	45
chr6	136272080	136273081	2	2	1	9	3	41
chr6	136273188	136275531	2	2	1	4	0	44
chr6	136344239	136345855	2	2	1	4	0	27
chr6	136361180	136362449	2	2	1	2	0	17
chr6	136898242	136913457	1	1	1	4	0	20
chr6	138286917	138287073	1	1	1	1	0	37
chr6	138404598	138405144	1	1	1	2	0	26
chr6	138545134	138566292	1	3	1	1	0	32
chr6	138773903	138776078	1	1	1	1	0	22
chr6	138905133	138907494	2	2	1	2	0	41
chr6	138907601	138908667	2	2	1	1	0	9
chr6	138926482	138929976	2	2	1	1	0	39
chr6	138944016	138944497	2	2	1	1	0	12
chr6	139034222	139042718	1	1	1	1	0	23
chr6	142169678	142170345	1	1	1	1	0	22
chr6	142170422	142189425	1	1	1	1	0	18
chr6	142189535	142198438	1	1	1	1	0	14
chr6	143284226	143333281	1	1	1	1	0	9
chr6	143485249	143489142	1	1	1	1	0	17
chr6	143502123	143502354	2	2	1	1	0	45
chr6	143772458	143774058	1	1	1	2	0	22
chr6	143774216	143777327	1	1	1	1	0	18
chr6	143843481	143844485	1	1	1	1	0	34
chr6	143844618	143846050	1	1	1	1	0	9
chr6	143846225	143850130	1	1	1	1	0	25
chr6	143850219	143857302	1	1	1	1	0	22
chr6	143862897	143863085	1	1	1	7	0	35
chr6	144421971	144423548	1	1	1	1	0	34
chr6	144428894	144429580	1	1	1	2	0	44
chr6	144440472	144444280	1	1	1	1	0	42
chr6	144447782	144448599	1	1	1	1	0	7
chr6	144448770	144451369	1	1	1	4	0	40
chr6	144451494	144453781	1	1	1	1	0	32
chr6	144473834	144474603	1	1	1	1	0	16
chr6	144474760	144479811	1	1	1	1	0	8
chr6	144482389	144485384	1	1	1	1	0	23
chr6	144511124	144513908	1	1	1	1	0	13
chr6	144514821	144516228	1	1	1	4	0	43
chr6	144516388	144516810	1	1	1	1	0	18
chr6	144522172	144523015	1	1	1	1	0	41
chr6	144548855	144550964	1	1	1	2	0	35
chr6	144577289	144678405	1	1	1	1	0	7
chr6	144782124	144789193	1	1	1	1	0	34
chr6	144846828	144850988	1	1	1	1	0	12
chr6	145888101	145893214	2	2	1	1	0	20
chr6	145943803	145945380	2	2	1	1	0	38
chr6	147359324	147363334	1	1	1	2	0	30
chr6	147768937	147804250	1	1	1	1	0	43
chr6	148487716	148514323	1	1	1	1	0	36
chr6	149505705	149512154	2	2	1	2	0	24
chr6	149512303	149517353	2	2	1	3	0	43
chr6	149517451	149521059	2	2	1	7	0	36
chr6	149521172	149525142	2	2	1	2	0	41
chr6	149526777	149533457	2	2	1	1	0	43
chr6	149534775	149535595	2	2	1	2	0	32
chr6	149535739	149540941	2	2	1	2	0	19
chr6	149566535	149572284	1	1	1	1	0	6
chr6	149572345	149572506	1	1	1	1	0	26
chr6	149690444	149690634	2	2	1	1	0	37
chr6	149749957	149771161	1	1	1	1	0	24
chr6	149771267	149773137	1	1	1	1	0	32
chr6	149773170	149789953	1	1	1	1	0	16
chr6	150073135	150078478	1	1	1	1	0	33
chr6	150882887	150885633	1	1	1	1	0	21
chr6	150887982	150898859	1	1	1	9	0	46
chr6	151438921	151440201	2	4	1	2	0	35
chr6	151452587	151454547	1	1	1	1	0	19
chr6	152206363	152207971	2	2	1	2	0	32
chr6	152972455	152973045	2	2	1	1	0	15
chr6	152990096	152991184	2	2	1	0	1	21
chr6	152992975	152994512	2	2	1	0	1	43
chr6	152998630	153002426	2	2	1	1	0	30
chr6	154918486	154919104	1	1	1	1	0	20
chr6	155260401	155285157	2	2	1	1	0	4
chr6	155285278	155296952	2	2	1	2	0	36
chr6	155298586	155311187	2	2	1	1	0	17
chr6	155994814	155994835	0	0	1	3	0	34
chr6	157174118	157174846	1	1	1	1	0	15
chr6	157932273	157935963	1	1	1	1	0	4
chr6	157936041	157937433	1	1	1	1	0	11
chr6	157937524	157938632	1	1	1	1	0	36
chr6	157938748	157940882	1	1	1	2	0	19
chr6	157940975	157942790	1	1	1	4	0	44
chr6	158170539	158191976	1	1	1	1	0	43
chr6	158560233	158573419	1	1	1	1	0	11
chr6	158637895	158641318	2	2	1	1	0	25
chr6	158641361	158644681	2	2	1	1	0	25
chr6	158767079	158767260	2	2	1	1	0	3
chr6	158770895	158771243	2	2	1	1	0	17
chr6	158771408	158776407	2	2	1	5	0	37
chr6	158776505	158783519	2	2	1	5	0	30
chr6	158783667	158784643	2	2	1	7	0	46
chr6	158784728	158785308	2	2	1	14	0	45
chr6	159679299	159682473	2	2	1	4	0	13
chr6	159742147	159743664	1	1	1	1	0	10
chr6	159763054	159767004	1	1	1	1	0	26
chr6	159767187	159768510	1	1	1	1	0	11
chr6	159768629	159775169	1	1	1	2	0	9
chr6	159775314	159776149	1	1	1	2	0	16
chr6	159776273	159777301	1	1	1	3	0	42
chr6	159777457	159778169	1	1	1	1	0	3
chr6	159778281	159778658	1	1	1	8	0	33
chr6	159779262	159779626	2	2	1	4	0	34
chr6	159779791	159779894	2	2	1	2	0	37
chr6	159780567	159780934	2	2	1	1	0	13
chr6	159784068	159784665	2	2	1	1	0	10
chr6	159784848	159785385	2	2	1	3	0	45
chr6	159785497	159785899	2	2	1	1	0	29
chr6	159787872	159788057	2	2	1	2	0	25
chr6	159791127	159797286	1	1	1	1	0	33
chr6	159797519	159798051	1	1	1	2	0	40
chr6	160045883	160046497	1	1	1	1	0	19
chr6	160096626	160102518	1	1	1	1	0	35
chr6	160992084	161034258	1	1	1	1	0	19
chr6	161034450	161048615	1	1	1	1	0	16
chr6	163455422	163478779	1	1	1	3	0	44
chr6	163478897	163534981	1	1	1	1	0	44
chr6	163535126	163561981	1	1	1	1	0	28
chr6	166320257	166322856	2	2	1	6	0	15
chr6	166322887	166324536	2	2	1	1	0	30
chr6	166328358	166329506	2	2	1	1	0	17
chr6	166343148	166348078	1	1	1	1	0	5
chr6	166934137	166938894	2	2	1	1	0	28
chr6	166943090	166946681	2	2	1	1	0	44
chr6	167032643	167033874	1	1	1	1	0	35
chr6	167228398	167231859	1	1	1	1	0	24
chr6	167231958	167245786	1	1	1	1	0	13
chr6	167232561	167245786	1	1	1	1	0	23
chr6	167864747	167870382	1	1	1	1	0	3
chr6	167864747	167870385	1	1	1	2	0	26
chr6	167870499	167872213	1	1	1	8	0	46
chr6	167870499	167872216	1	1	1	9	1	41
chr6	167880518	167889214	1	1	1	1	0	31
chr6	167915434	167917088	1	1	1	1	0	39
chr6	168653229	168664073	1	1	1	1	0	31
chr6	168664112	168666420	1	1	1	1	0	23
chr6	169704089	169705132	2	2	1	3	0	40
chr6	170388494	170391012	1	1	1	1	0	24
chr6	170398440	170398944	1	1	1	0	1	30
chr6	170398440	170400108	1	1	1	0	1	43
chr6	170398440	170400186	1	1	1	0	1	43
chr6	170398557	170398944	1	1	1	0	1	30
chr6	170398557	170400108	1	1	1	0	1	43
chr6	170398557	170400186	1	1	1	0	1	43
chr6	170398752	170398944	1	1	1	0	1	30
chr6	170398752	170400108	1	1	1	0	1	43
chr6	170398752	170400186	1	1	1	0	1	43
chr6	170398984	170399061	1	1	1	0	1	40
chr6	170398984	170399410	1	1	1	0	1	40
chr6	170398984	170399488	1	1	1	0	1	40
chr6	170398984	170399913	1	1	1	0	1	40
chr6	170398984	170399991	1	1	1	0	1	40
chr6	170398984	170400030	1	1	1	0	1	40
chr6	170398984	170400225	1	1	1	0	1	40
chr6	170399140	170400108	1	1	1	0	1	43
chr6	170399140	170400186	1	1	1	0	1	43
chr6	170399411	170400108	1	1	1	0	1	43
chr6	170399411	170400186	1	1	1	0	1	43
chr6	170399489	170400108	1	1	1	0	1	43
chr6	170399489	170400186	1	1	1	0	1	43
chr6	170535406	170537233	2	2	1	10	1	28
chr6	170537341	170543600	2	2	1	2	0	38
chr6	170543731	170546102	2	2	1	1	0	27
chr6	170546185	170549005	2	2	1	1	0	15
chr6	170549114	170553129	2	2	1	1	0	43
chr6	170554464	170556878	1	1	1	1	0	28
chr6	170569780	170571409	1	1	1	0	1	3
chr6	170577718	170578856	2	2	1	1	0	20
chr6	170578657	170578856	2	2	1	7	0	37
chr6	170580106	170583056	2	2	1	3	0	10
chr7	256030	256653	1	1	1	1	0	10
chr7	501243	510808	2	2	1	2	0	32
chr7	741466	754588	1	1	1	1	0	38
chr7	832602	838797	1	1	1	1	0	25
chr7	887520	890927	1	1	1	2	0	17
chr7	891067	892277	1	1	1	1	0	40
chr7	893816	893898	1	1	1	1	0	28
chr7	969457	973180	2	2	1	2	0	6
chr7	1470956	1471132	2	2	1	1	0	12
chr7	1480934	1481341	2	2	1	1	0	42
chr7	1496265	1497137	2	2	1	2	0	32
chr7	1499633	1499883	2	2	1	1	0	20
chr7	1575889	1579286	1	1	1	1	0	27
chr7	1816229	1898199	2	2	1	1	0	12
chr7	2278306	2314327	2	2	1	1	0	3
chr7	2355421	2360709	1	1	1	1	0	44
chr7	2362765	2363069	1	1	1	1	0	6
chr7	2366592	2366998	1	1	1	2	0	30
chr7	2369683	2371776	1	1	1	1	0	25
chr7	2372796	2374527	1	1	1	3	0	42
chr7	2440651	2441590	1	1	1	1	0	25
chr7	2571655	2572191	1	1	1	1	0	20
chr7	3502309	3504079	1	3	1	1	0	35
chr7	4983774	4984909	1	3	1	4	0	37
chr7	4985076	4989062	1	1	1	10	0	40
chr7	4986632	4989062	1	1	1	1	0	5
chr7	5225931	5227179	1	1	1	1	0	38
chr7	5527892	5528003	2	2	1	11	0	43
chr7	5528186	5528280	2	2	1	2	0	35
chr7	5528720	5529160	2	2	1	1	0	34
chr7	5624126	5641153	2	2	1	1	0	15
chr7	5684246	5684384	1	3	1	1	0	26
chr7	5725439	5729431	2	2	1	1	0	26
chr7	5898920	5900283	1	1	1	0	3	45
chr7	5977758	5978595	2	2	1	1	0	37
chr7	6026962	6028614	2	2	1	2	0	35
chr7	6028698	6028917	2	2	1	1	0	43
chr7	6041220	6042932	2	2	1	2	0	38
chr7	6042994	6044561	2	2	1	2	0	29
chr7	6047092	6048806	2	2	1	3	0	38
chr7	6048845	6049911	2	2	1	4	0	23
chr7	6050046	6054545	2	2	1	1	0	26
chr7	6374771	6387211	1	1	1	2	0	6
chr7	6386720	6390535	1	1	1	0	1	42
chr7	6387284	6391923	1	1	1	2	2	36
chr7	6392042	6400125	1	1	1	4	2	43
chr7	6400189	6401867	1	1	1	4	0	18
chr7	6402028	6402315	1	1	1	28	0	45
chr7	6428657	6430479	2	2	1	1	0	33
chr7	6469755	6474183	2	2	1	1	0	13
chr7	6582252	6583305	1	1	1	2	0	41
chr7	6641963	6642381	1	1	1	2	0	9
chr7	6824738	6826077	2	2	1	0	3	45
chr7	6973472	7009291	1	1	1	0	1	34
chr7	7234540	7238254	1	1	1	1	0	20
chr7	7238923	7243523	1	1	1	1	0	24
chr7	7573770	7574097	1	5	1	1	0	32
chr7	7585806	7588497	1	1	1	1	0	25
chr7	7637083	7637863	2	2	1	15	0	42
chr7	7637973	7639069	2	2	1	1	0	10
chr7	7639145	7640319	2	2	1	1	0	7
chr7	7673454	7801669	1	1	1	1	0	10
chr7	8055550	8060095	1	1	1	2	0	39
chr7	8157215	8158526	2	2	1	3	0	34
chr7	8218504	8221274	2	2	1	2	0	7
chr7	8221399	8228600	2	2	1	1	0	5
chr7	10933693	10938089	2	2	1	20	0	41
chr7	10938148	10938807	2	2	1	1	0	37
chr7	10938897	10940015	2	2	1	3	0	19
chr7	10974946	10982371	1	1	1	12	0	44
chr7	11022980	11028680	1	1	1	2	0	40
chr7	11036689	11036984	1	1	1	4	0	40
chr7	11111468	11169415	1	1	1	2	0	18
chr7	12229820	12230388	1	1	1	1	0	5
chr7	12231116	12231836	1	1	1	1	0	44
chr7	12337273	12340321	2	2	1	1	0	23
chr7	12687044	12688165	1	1	1	3	0	26
chr7	13986686	13988085	2	2	1	1	0	18
chr7	16216198	16258389	2	2	1	1	0	18
chr7	16665502	16674411	1	1	1	2	0	3
chr7	16689907	16694833	1	1	1	1	0	33
chr7	16698187	16704546	1	1	1	2	0	42
chr7	16704670	16706059	1	1	1	2	0	20
chr7	17793533	17794250	2	2	1	1	0	17
chr7	17794293	17796826	2	2	1	1	0	33
chr7	17816290	17821508	2	2	1	1	0	28
chr7	17875791	17890362	2	2	1	1	0	28
chr7	19698728	19700071	2	2	1	1	0	20
chr7	19700281	19704778	2	2	1	1	0	38
chr7	20164400	20170713	2	2	1	1	0	12
chr7	20170782	20217298	2	2	1	1	0	12
chr7	21894048	21894498	2	4	1	1	0	23
chr7	21904260	21905505	2	2	1	2	0	24
chr7	21908508	21911616	2	2	1	1	0	11
chr7	21908508	21916753	2	2	1	2	0	44
chr7	21911752	21916753	2	2	1	1	0	27
chr7	21911755	21916753	2	2	1	1	0	30
chr7	22510596	22510756	1	1	1	0	1	23
chr7	22813186	22817999	2	2	1	31	0	33
chr7	22813186	22822676	2	2	1	3	0	11
chr7	22818049	22822676	2	2	1	3	0	30
chr7	22946164	22946951	2	2	1	2	0	29
chr7	22976306	22976692	2	2	1	1	0	4
chr7	23069534	23073713	1	1	1	0	1	40
chr7	23106147	23117833	1	1	1	1	0	33
chr7	23106147	23123776	1	1	1	2	0	18
chr7	23123880	23124687	1	1	1	1	0	28
chr7	23140945	23143850	1	1	1	1	0	27
chr7	23196767	23199457	1	1	1	2	0	12
chr7	23307950	23309355	1	1	1	11	0	36
chr7	23317714	23319137	2	2	1	3	0	40
chr7	23319255	23342063	2	2	1	3	0	29
chr7	23346063	23347599	2	2	1	2	0	11
chr7	23347735	23351304	2	2	1	1	0	41
chr7	23505570	23505745	2	2	1	1	0	43
chr7	23506267	23507419	2	2	1	1	0	40
chr7	23516529	23521706	2	2	1	1	0	30
chr7	23522433	23531788	2	2	1	1	0	3
chr7	23667670	23669562	2	2	1	2	0	20
chr7	23683613	23685135	1	1	1	1	0	33
chr7	24573594	24641715	1	1	1	1	0	38
chr7	24649765	24650484	1	1	1	1	0	11
chr7	24650713	24663589	1	1	1	3	0	38
chr7	24663722	24665587	1	1	1	36	0	45
chr7	24665688	24666020	1	1	1	6	0	22
chr7	24666090	24668498	1	1	1	2	0	4
chr7	24863600	24865341	2	2	1	1	0	26
chr7	25123850	25123950	2	2	1	5	0	37
chr7	26153069	26177942	1	1	1	1	0	8
chr7	26190461	26190992	2	2	1	2	0	30
chr7	26190461	26191055	2	4	1	1	0	19
chr7	26192339	26192494	2	2	1	8	1	45
chr7	26192578	26193250	2	2	1	6	0	36
chr7	26193374	26193574	2	2	1	6	3	44
chr7	26193374	26193598	2	2	1	0	3	4
chr7	26193374	26195846	2	2	1	0	3	4
chr7	26193695	26195846	2	2	1	7	0	34
chr7	26195910	26196400	2	2	1	3	0	26
chr7	26196482	26196556	2	2	1	3	0	33
chr7	26196659	26196806	2	2	1	2	0	26
chr7	26197018	26197314	2	2	1	15	0	46
chr7	26197462	26197621	2	2	1	2	0	29
chr7	26197733	26197830	2	2	1	1	0	36
chr7	26197733	26200571	2	2	1	1	0	24
chr7	26197867	26200571	2	2	1	1	0	20
chr7	26201827	26202970	1	1	1	12	0	45
chr7	26203023	26206367	1	1	1	5	0	45
chr7	26206511	26208392	1	1	1	14	3	41
chr7	26211757	26212081	1	1	1	1	0	23
chr7	26314873	26316058	2	4	1	1	0	39
chr7	26495200	26496113	1	1	1	1	0	28
chr7	27766022	27769675	1	1	1	2	0	39
chr7	27769835	27785162	1	1	1	7	0	34
chr7	27785312	27785398	1	1	1	7	0	27
chr7	27785490	27787417	1	1	1	3	0	17
chr7	27787604	27792005	1	1	1	1	0	10
chr7	27793213	27794322	1	1	1	2	0	42
chr7	27796220	27799964	1	1	1	1	0	34
chr7	27817039	27827737	1	1	1	2	0	30
chr7	27827821	27828627	1	1	1	2	0	28
chr7	28995883	29030576	2	2	1	1	0	15
chr7	29030760	29064060	2	2	1	1	0	29
chr7	29096218	29112703	2	2	1	1	0	3
chr7	30047957	30049223	1	1	1	0	1	22
chr7	30049383	30050433	1	1	1	1	0	37
chr7	30052377	30052510	2	2	1	2	0	35
chr7	30302931	30303087	2	4	1	1	0	25
chr7	30497236	30498802	2	2	1	3	0	45
chr7	30498939	30500535	2	2	1	2	0	33
chr7	30498939	30504568	2	2	1	1	0	45
chr7	30595144	30598795	1	1	1	1	0	32
chr7	30598898	30599946	1	1	1	1	0	17
chr7	30616059	30617113	1	1	1	3	0	25
chr7	30621501	30622316	1	5	1	1	0	27
chr7	30622463	30626233	1	1	1	1	0	14
chr7	30626320	30628559	1	1	1	1	0	10
chr7	30631542	30632246	1	1	1	1	0	22
chr7	30632438	30633734	1	1	1	14	0	35
chr7	32068647	32097999	1	1	1	1	0	12
chr7	32487294	32487684	2	2	1	6	0	42
chr7	32488653	32489248	2	2	1	3	0	28
chr7	32870881	32874991	2	2	1	2	0	8
chr7	33095433	33096492	2	2	1	17	0	46
chr7	33096555	33097270	2	2	1	2	0	36
chr7	33097363	33099306	2	2	1	1	0	26
chr7	35873776	35879822	1	1	1	24	0	41
chr7	35879941	35882483	1	1	1	16	0	37
chr7	35882577	35883890	1	1	1	3	0	23
chr7	35883988	35885827	1	1	1	6	0	27
chr7	35885880	35890667	1	1	1	6	0	32
chr7	35890794	35898247	1	1	1	5	0	43
chr7	35898384	35903075	1	1	1	1	3	33
chr7	35903216	35904253	1	1	1	1	0	38
chr7	35966527	35972446	1	1	1	0	3	32
chr7	36281226	36284685	1	1	1	1	0	42
chr7	36407957	36410513	1	1	1	1	0	19
chr7	36410705	36411058	1	1	1	1	0	7
chr7	36411167	36415757	1	1	1	2	0	21
chr7	36419480	36420168	1	1	1	1	0	34
chr7	36420315	36420596	1	1	1	4	0	38
chr7	36420745	36421856	1	1	1	2	0	13
chr7	36421993	36422632	1	1	1	1	0	13
chr7	36422810	36423816	1	1	1	2	0	37
chr7	36423944	36424544	1	1	1	1	0	40
chr7	37897108	37900243	1	1	1	1	0	12
chr7	38219661	38228798	1	1	1	1	0	29
chr7	38772638	38774114	2	2	1	1	0	6
chr7	38774245	38776678	2	2	1	1	0	22
chr7	38817883	38821202	2	2	1	1	0	37
chr7	38862623	38869145	2	2	1	1	0	45
chr7	39623826	39686630	1	1	1	1	0	27
chr7	39686782	39690381	1	1	1	1	0	40
chr7	39690591	39696684	1	1	1	3	2	29
chr7	39696860	39706122	1	1	1	18	0	44
chr7	39734045	39744291	1	1	1	0	2	3
chr7	39988259	39997493	1	1	1	1	0	17
chr7	39997665	39999360	1	1	1	2	0	23
chr7	40113668	40114497	2	4	1	1	0	31
chr7	40133260	40134228	2	2	1	3	0	26
chr7	42917691	42917777	2	2	1	8	0	45
chr7	42917836	42921857	2	2	1	2	0	37
chr7	42921932	42923324	2	2	1	1	0	45
chr7	42926669	42927382	2	2	1	2	0	41
chr7	42932517	42934954	1	1	1	1	0	41
chr7	43788026	43791248	1	1	1	1	0	24
chr7	43803848	43806976	1	1	1	1	0	34
chr7	43996832	43997339	1	1	1	0	1	41
chr7	44013680	44014605	2	2	1	0	2	44
chr7	44062931	44064831	2	2	1	1	0	40
chr7	44104919	44106545	1	1	1	1	0	38
chr7	44114946	44115294	2	2	1	7	0	36
chr7	44115894	44116114	2	2	1	1	0	38
chr7	44120412	44120762	2	2	1	1	0	26
chr7	44386122	44392296	2	2	1	2	0	16
chr7	44566080	44566447	2	2	1	1	0	4
chr7	44566525	44568117	2	2	1	1	0	35
chr7	44569904	44570014	2	2	1	1	0	38
chr7	44606654	44624316	1	1	1	1	0	9
chr7	44799481	44799701	1	1	1	2	0	34
chr7	44799875	44800423	1	1	1	1	0	34
chr7	44799875	44801286	1	1	1	0	7	33
chr7	44834563	44835528	2	2	1	5	0	40
chr7	44841013	44843276	2	2	1	0	1	22
chr7	44983323	44983821	2	2	1	1	0	3
chr7	45068580	45069825	1	1	1	1	0	19
chr7	45080763	45080875	2	2	1	2	0	18
chr7	45100210	45101263	2	2	1	1	0	46
chr7	45101615	45101824	2	2	1	3	0	35
chr7	45723989	45724085	2	2	1	1	0	19
chr7	45728057	45728177	2	2	1	1	0	12
chr7	45748715	45751528	2	2	1	3	0	25
chr7	45751647	45756908	2	2	1	1	0	16
chr7	45759175	45768659	2	2	1	1	0	11
chr7	47975688	47976729	2	2	1	1	0	35
chr7	48107508	48108217	1	1	1	2	0	44
chr7	52299068	52299202	2	2	1	1	0	33
chr7	54752421	54755778	2	2	1	73	0	46
chr7	54755882	54757494	2	2	1	3	0	44
chr7	54757595	54759157	2	2	1	1	0	25
chr7	56015172	56017233	2	2	1	1	0	43
chr7	56017380	56019599	2	2	1	2	0	11
chr7	56051986	56052421	1	1	1	1	0	22
chr7	56052486	56054368	1	1	1	1	0	32
chr7	56055798	56056310	1	1	1	3	0	41
chr7	56056415	56057992	1	1	1	27	0	41
chr7	56058104	56058361	1	1	1	13	0	31
chr7	56060941	56061746	1	1	1	2	0	40
chr7	56061850	56062682	1	1	1	2	0	14
chr7	56062756	56063012	1	1	1	6	0	27
chr7	56078187	56078363	1	1	1	1	0	15
chr7	56101862	56102866	2	2	1	6	0	40
chr7	56104476	56106363	2	2	1	2	0	33
chr7	64691961	64706323	1	1	1	1	0	25
chr7	64797109	64814917	1	1	1	1	0	34
chr7	64815654	64831450	1	1	1	2	0	18
chr7	64831077	64831450	1	1	1	1	0	14
chr7	65084258	65087752	1	1	1	0	1	17
chr7	65388902	65398340	1	1	1	1	0	40
chr7	65944743	65945086	2	2	1	1	0	20
chr7	65959044	65959179	2	4	1	1	0	38
chr7	65964459	65967730	2	2	1	3	0	26
chr7	65981375	65981514	1	3	1	1	0	35
chr7	66092664	66092767	1	1	1	1	0	6
chr7	66429758	66429883	2	2	1	1	0	16
chr7	66584188	66584253	1	3	1	1	0	39
chr7	66588581	66592256	2	2	1	1	0	19
chr7	66993418	66994211	2	2	1	1	0	21
chr7	67018144	67024899	1	1	1	4	0	45
chr7	67309716	67320102	1	1	1	2	0	26
chr7	69899499	70118131	1	1	1	2	0	43
chr7	70049473	70050215	1	1	1	1	0	43
chr7	70715659	70716519	1	1	1	1	0	25
chr7	72756317	72757334	2	2	1	1	0	26
chr7	72926478	72926801	1	1	1	2	0	23
chr7	72930112	72938589	1	1	1	1	0	8
chr7	72938682	72939335	1	1	1	2	0	32
chr7	72998791	72999470	2	2	1	0	1	25
chr7	73013278	73016328	1	1	1	0	1	33
chr7	73039503	73041237	1	1	1	0	2	26
chr7	73039782	73041237	1	1	1	0	1	16
chr7	73041422	73044471	1	1	1	0	1	33
chr7	73067649	73069347	1	1	1	0	2	26
chr7	73067928	73069347	1	1	1	0	1	16
chr7	73069532	73072581	1	1	1	0	1	33
chr7	73095769	73097383	1	1	1	0	2	26
chr7	73096048	73097383	1	1	1	0	1	16
chr7	73097568	73100617	1	1	1	0	1	33
chr7	73155344	73158259	1	1	1	0	1	34
chr7	73182149	73183114	1	1	1	0	1	42
chr7	73183299	73184660	1	1	1	0	1	39
chr7	73193026	73194625	1	1	1	0	2	25
chr7	73196063	73197963	1	1	1	0	3	46
chr7	73198020	73198692	1	1	1	0	1	23
chr7	73199780	73200448	1	1	1	0	1	35
chr7	73200633	73202111	1	1	1	0	2	19
chr7	73205459	73206151	1	1	1	0	2	45
chr7	73303530	73303599	2	2	1	1	0	41
chr7	73459719	73462921	2	2	1	6	0	41
chr7	73466402	73469516	2	2	1	1	0	26
chr7	73469651	73470344	2	2	1	1	0	4
chr7	73498699	73508326	2	2	1	2	0	19
chr7	73525000	73525360	1	3	1	1	0	36
chr7	73692647	73693328	1	1	1	1	0	15
chr7	73835003	73840030	2	2	1	1	0	9
chr7	74189738	74189821	1	1	1	1	0	26
chr7	74601181	74602364	1	1	1	3	0	46
chr7	74658069	74689123	1	1	1	1	0	30
chr7	74689228	74690972	1	1	1	14	0	46
chr7	74691112	74698960	1	1	1	1	0	31
chr7	74700431	74700605	1	1	1	1	0	11
chr7	74700635	74705163	1	1	1	1	0	29
chr7	74735533	74736499	1	1	1	0	1	42
chr7	74736684	74738044	1	1	1	0	1	39
chr7	74746412	74748014	1	1	1	0	2	25
chr7	74749452	74751360	1	1	1	0	3	46
chr7	74751417	74752089	1	1	1	0	1	23
chr7	74753178	74753845	1	1	1	0	1	35
chr7	74754030	74755508	1	1	1	0	2	19
chr7	74758856	74759547	1	1	1	0	2	45
chr7	74896512	74897651	1	1	1	0	1	16
chr7	74897836	74900886	1	1	1	0	1	33
chr7	74965099	74967956	1	1	1	0	1	34
chr7	75061292	75063291	2	2	1	2	0	29
chr7	75064649	75066663	2	2	1	1	0	24
chr7	75186528	75187219	2	2	1	0	2	45
chr7	75190568	75192046	2	2	1	0	2	19
chr7	75192231	75192898	2	2	1	0	1	35
chr7	75193984	75194656	2	2	1	0	1	23
chr7	75194713	75196612	2	2	1	0	3	46
chr7	75198050	75199650	2	2	1	0	2	25
chr7	75208015	75209375	2	2	1	0	1	39
chr7	75209560	75210527	2	2	1	0	1	42
chr7	75234424	75237292	2	2	1	0	1	34
chr7	75320819	75323868	2	2	1	0	1	33
chr7	75348786	75351835	2	2	1	0	1	33
chr7	75365644	75366323	1	1	1	0	1	25
chr7	75415779	75416102	1	1	1	1	0	25
chr7	75549002	75553452	2	2	1	2	0	36
chr7	75592113	75592371	2	2	1	1	0	45
chr7	75986242	75986336	1	1	1	2	0	34
chr7	76030528	76047811	2	2	1	2	0	10
chr7	76048227	76054829	1	1	1	1	0	44
chr7	76063593	76064338	1	1	1	1	0	29
chr7	76064954	76066278	1	1	1	1	0	22
chr7	76330234	76358721	2	2	1	1	0	27
chr7	76403805	76414139	1	1	1	0	1	41
chr7	76615903	76616206	2	2	1	1	0	30
chr7	77010068	77010238	2	2	1	1	0	12
chr7	77013999	77015671	1	1	1	0	2	26
chr7	77015856	77018908	1	1	1	0	1	33
chr7	77042064	77043594	1	1	1	0	2	26
chr7	77241901	77254505	1	1	1	1	0	28
chr7	77537646	77571077	1	1	1	1	0	20
chr7	77697056	77736409	1	1	1	3	1	42
chr7	77736527	77749423	1	1	1	5	0	38
chr7	77765633	77768660	1	1	1	3	0	42
chr7	77798972	77840220	1	1	1	1	0	6
chr7	77840301	77893607	1	1	1	1	0	6
chr7	80135279	80188950	1	1	1	2	0	27
chr7	80212870	80217302	1	1	1	2	0	21
chr7	82060528	82064303	2	2	1	1	0	12
chr7	82064355	82066454	2	2	1	1	0	29
chr7	82084901	82117043	2	2	1	1	0	41
chr7	83465162	83465312	2	2	1	1	0	22
chr7	83963348	83977131	2	2	1	1	0	39
chr7	83981479	83985435	2	2	1	1	0	40
chr7	83985478	84001954	2	2	1	1	0	10
chr7	84002023	84005338	2	2	1	1	0	14
chr7	87154529	87155454	1	1	1	1	0	39
chr7	87165051	87166482	1	1	1	1	0	41
chr7	87174670	87179544	1	1	1	1	0	42
chr7	87179703	87181308	1	1	1	1	0	34
chr7	87194829	87195030	1	1	1	1	0	30
chr7	87325445	87326262	2	2	1	1	0	30
chr7	87325445	87341522	2	2	1	4	0	42
chr7	87349184	87359205	1	1	1	3	0	27
chr7	87876779	87878052	1	1	1	1	0	13
chr7	87878226	87884978	1	1	1	2	0	42
chr7	87885159	87886843	1	1	1	2	0	12
chr7	87886895	87887328	1	1	1	5	0	40
chr7	87887399	87887982	1	1	1	1	0	18
chr7	87900879	87904291	1	1	1	15	0	42
chr7	88075693	88108175	1	1	1	2	0	33
chr7	88116815	88125588	1	1	1	1	0	25
chr7	88128677	88130387	1	1	1	1	0	4
chr7	88130460	88131268	1	1	1	1	0	16
chr7	88206505	88208506	2	2	1	13	0	34
chr7	88208566	88209338	2	2	1	1	0	10
chr7	88209433	88210082	2	4	1	0	1	5
chr7	88210131	88210881	2	2	1	0	1	39
chr7	90405609	90466409	1	1	1	1	0	40
chr7	91112682	91118064	1	1	1	1	0	10
chr7	91118209	91207164	1	1	1	1	0	23
chr7	91941148	91973710	1	1	1	4	0	23
chr7	91973969	91980288	1	1	1	1	0	3
chr7	91980334	91992157	1	1	1	1	0	41
chr7	91995801	92000847	1	1	1	8	0	41
chr7	92003236	92012428	1	1	1	1	0	7
chr7	92023010	92029894	1	1	1	1	0	22
chr7	92062487	92065230	1	1	1	1	0	7
chr7	92070156	92070904	1	1	1	1	0	38
chr7	92070183	92070904	1	1	1	2	0	7
chr7	92070207	92070904	1	1	1	1	0	3
chr7	92071010	92076854	1	1	1	2	0	43
chr7	92077876	92079078	1	1	1	1	0	32
chr7	92095174	92096688	1	1	1	1	0	19
chr7	92097358	92097585	1	1	1	1	0	11
chr7	92097795	92098108	1	1	1	1	0	32
chr7	92113844	92117043	2	2	1	2	0	36
chr7	92123316	92123733	2	2	1	3	0	37
chr7	92127632	92128879	2	2	1	2	0	11
chr7	92225828	92226525	2	2	1	2	0	16
chr7	92226683	92234448	2	2	1	1	0	44
chr7	92241153	92242033	2	2	1	1	0	3
chr7	92246520	92294888	1	1	1	2	0	20
chr7	92256573	92257689	1	3	1	2	0	17
chr7	92351095	92352475	1	1	1	2	0	13
chr7	92386644	92387797	1	1	1	3	0	27
chr7	92388042	92389970	1	1	1	1	0	27
chr7	92489424	92489713	2	2	1	1	0	35
chr7	92511048	92511579	2	2	1	1	0	23
chr7	92511704	92513847	2	2	1	1	0	40
chr7	92511704	92517275	2	2	1	1	0	18
chr7	92518256	92518994	2	2	1	1	0	19
chr7	92529667	92532403	1	1	1	1	0	7
chr7	92562369	92566013	2	4	1	1	2	25
chr7	92566062	92569822	2	2	1	8	1	45
chr7	92569916	92575770	2	2	1	5	8	42
chr7	92575822	92577102	2	2	1	5	7	42
chr7	92577196	92577654	2	2	1	5	0	46
chr7	92577718	92578149	2	2	1	5	0	33
chr7	92578183	92578318	2	2	1	4	0	33
chr7	92578394	92579316	2	2	1	24	1	40
chr7	92579391	92581505	2	2	1	3	0	35
chr7	92579396	92581505	2	2	1	2	25	41
chr7	92581604	92590267	2	2	1	5	5	30
chr7	94429431	94430246	1	1	1	6	0	40
chr7	94517657	94518202	1	1	1	1	0	13
chr7	94535524	94537471	1	1	1	1	0	27
chr7	95226117	95247472	1	1	1	1	0	17
chr7	95247527	95250025	1	1	1	1	0	21
chr7	95250256	95251761	1	1	1	1	0	6
chr7	95288719	95290090	1	1	1	2	0	36
chr7	96234918	96277195	2	2	1	1	0	20
chr7	96688967	96694797	2	2	1	61	0	43
chr7	96694892	96709687	2	2	1	9	0	41
chr7	97852469	97853059	2	2	1	2	0	35
chr7	97854681	97855352	2	2	1	1	0	25
chr7	98293597	98294073	2	2	1	1	0	38
chr7	98320130	98320236	2	2	1	1	0	10
chr7	98320299	98355041	2	2	1	1	0	20
chr7	98751579	98757610	1	1	1	0	1	30
chr7	98878638	98881089	1	1	1	1	0	15
chr7	98937278	98937649	1	1	1	1	0	33
chr7	99392877	99394028	1	1	1	1	0	20
chr7	99394120	99394450	1	1	1	6	0	26
chr7	99398014	99400302	2	2	1	4	4	40
chr7	99400425	99403397	2	2	1	2	0	27
chr7	99411187	99416137	1	1	1	2	0	24
chr7	99417596	99419390	1	1	1	2	0	7
chr7	99458356	99459146	2	2	1	102	0	45
chr7	99458356	99460085	2	2	1	6	0	42
chr7	99459264	99460085	2	2	1	8	0	43
chr7	99460194	99466110	2	2	1	2	0	32
chr7	99460194	99466128	2	2	1	1	0	23
chr7	100090655	100090901	1	1	1	1	0	43
chr7	100091153	100091237	1	1	1	1	0	30
chr7	100091308	100091419	1	1	1	1	0	43
chr7	100091331	100091419	1	1	1	1	0	42
chr7	100091521	100091648	1	1	1	4	0	29
chr7	100093134	100093291	2	2	1	2	0	40
chr7	100093402	100094172	2	2	1	2	0	45
chr7	100094342	100095386	2	2	1	1	0	23
chr7	100097746	100097833	2	2	1	1	0	7
chr7	100153518	100153866	1	1	1	2	0	14
chr7	100164998	100166080	2	2	1	1	0	41
chr7	100321085	100325690	2	2	1	3	0	39
chr7	100325780	100328835	2	2	1	1	0	17
chr7	100436065	100436140	2	2	1	1	0	45
chr7	100593075	100600722	2	2	1	1	0	32
chr7	100677661	100677751	1	1	1	3	0	37
chr7	100677819	100678097	1	1	1	1	0	16
chr7	100678615	100678694	1	1	1	2	0	34
chr7	100683633	100683817	2	2	1	1	0	28
chr7	100698809	100709493	1	1	1	0	3	43
chr7	100805322	100805500	2	2	1	3	0	25
chr7	100870469	100873284	2	2	1	1	0	37
chr7	100881414	100881658	1	1	1	1	0	4
chr7	100884240	100884367	1	1	1	2	0	33
chr7	100884839	100884922	1	1	1	5	0	31
chr7	100885942	100886246	1	1	1	1	0	45
chr7	100887201	100887319	1	1	1	2	0	28
chr7	100888384	100888473	1	1	1	8	0	43
chr7	100965230	100968233	2	2	1	1	0	27
chr7	100966952	100967120	1	1	1	3	0	22
chr7	101014440	101015197	2	2	1	2	0	44
chr7	101015268	101017414	2	2	1	1	0	27
chr7	101017664	101018594	1	1	1	1	0	14
chr7	101218218	101222603	1	1	1	2	0	36
chr7	101223843	101223936	1	1	1	2	0	15
chr7	101239705	101239809	1	3	1	1	0	24
chr7	101240248	101240829	2	2	1	1	0	21
chr7	101299867	101300768	1	1	1	1	0	32
chr7	101303029	101304009	1	1	1	2	0	29
chr7	101308549	101310483	1	1	1	2	0	35
chr7	101383455	101414525	2	2	1	1	0	31
chr7	102097502	102104335	1	1	1	2	0	33
chr7	102104460	102111697	1	1	1	1	0	39
chr7	102108429	102109658	2	2	1	3	0	35
chr7	102245870	102247091	1	3	1	2	0	43
chr7	102468655	102468854	1	1	1	1	0	3
chr7	102473685	102474360	2	2	1	4	0	30
chr7	102474536	102476180	2	2	1	0	2	29
chr7	102550157	102550668	1	1	1	0	1	41
chr7	102567084	102568009	2	2	1	0	2	44
chr7	102568185	102569834	2	2	1	0	2	29
chr7	102649251	102649761	1	1	1	0	1	41
chr7	102666164	102667089	2	2	1	0	2	44
chr7	102667265	102668914	2	2	1	0	1	29
chr7	103083831	103086629	1	1	1	1	0	22
chr7	103102674	103103050	2	2	1	1	0	22
chr7	103298709	103299442	1	1	1	1	0	23
chr7	103300308	103303841	1	1	1	1	0	4
chr7	103311897	103312055	1	1	1	5	0	46
chr7	103312132	103312206	1	1	1	18	0	43
chr7	103312644	103312946	2	2	1	28	0	44
chr7	103316089	103316829	2	2	1	3	0	26
chr7	103319679	103319755	2	2	1	2	0	41
chr7	103319845	103321931	2	2	1	2	0	31
chr7	103322082	103322510	2	2	1	2	0	8
chr7	103322633	103322702	2	2	1	3	0	22
chr7	103322795	103323597	2	2	1	15	0	45
chr7	103323664	103324481	2	2	1	19	1	46
chr7	103324563	103326542	2	2	1	3	1	43
chr7	103326685	103327331	2	2	1	2	0	25
chr7	103326685	103327655	2	2	1	4	0	43
chr7	103327379	103327655	2	2	1	2	0	20
chr7	103367616	103367712	1	1	1	1	0	16
chr7	103367810	103367896	1	1	1	1	0	5
chr7	104165283	104166771	2	2	1	1	0	42
chr7	104166885	104168472	2	2	1	4	0	31
chr7	105066808	105073618	1	1	1	1	0	5
chr7	105073678	105074642	1	1	1	2	0	35
chr7	105076082	105076962	1	1	1	1	0	29
chr7	105078964	105081687	1	1	1	2	0	26
chr7	105081798	105090008	1	1	1	16	0	43
chr7	105091315	105101424	1	1	1	1	0	46
chr7	105101590	105101885	1	1	1	1	0	5
chr7	105142491	105143083	2	2	1	1	0	16
chr7	105143331	105145282	2	2	1	3	0	17
chr7	105145309	105146492	2	2	1	5	0	26
chr7	105146659	105160506	2	2	1	5	0	44
chr7	105167465	105168007	2	2	1	2	0	34
chr7	105470849	105472131	2	2	1	1	0	22
chr7	105472194	105481051	2	2	1	2	0	44
chr7	105481178	105482311	2	2	1	4	0	32
chr7	105506057	105506188	2	2	1	1	0	32
chr7	105506274	105508114	2	2	1	1	0	41
chr7	105567491	105569202	2	2	1	4	0	37
chr7	105875235	105875811	2	2	1	1	0	34
chr7	106091940	106092948	2	2	1	5	0	31
chr7	106093138	106097689	2	2	1	1	0	21
chr7	106254505	106261587	2	2	1	0	2	33
chr7	106261708	106263391	2	2	1	0	2	21
chr7	106277180	106284827	2	2	1	2	0	32
chr7	107146462	107150921	1	1	1	1	0	22
chr7	107203631	107210525	2	2	1	0	1	3
chr7	107292144	107292455	2	4	1	1	0	33
chr7	107575311	107576365	1	1	1	2	0	32
chr7	107583983	107593954	1	1	1	1	0	25
chr7	107594106	107595866	1	1	1	2	0	46
chr7	107596003	107600396	1	1	1	2	0	12
chr7	107613433	107621629	1	1	1	1	0	21
chr7	107753979	107755417	1	1	1	3	0	26
chr7	107893279	107901737	1	1	1	1	0	37
chr7	107901818	107902324	1	1	1	3	0	40
chr7	107906369	107915505	1	1	1	1	0	23
chr7	107916965	107917272	1	1	1	2	0	24
chr7	107926360	107929063	2	2	1	3	0	34
chr7	107931501	107932173	2	2	1	2	0	32
chr7	111487342	111521312	2	2	1	1	0	26
chr7	111788748	111790456	2	2	1	1	0	44
chr7	112459019	112461865	1	1	1	2	0	8
chr7	112461917	112462000	1	1	1	3	0	33
chr7	112462180	112462269	1	1	1	1	0	29
chr7	116888191	116892993	1	1	1	1	0	27
chr7	116910312	116912068	1	1	1	1	0	25
chr7	117755575	117756554	2	2	1	1	0	44
chr7	117780592	117782861	2	2	1	1	0	29
chr7	117782962	117784250	2	2	1	1	0	8
chr7	117810990	117861208	2	2	1	1	0	10
chr7	118188406	118191911	1	1	1	1	0	30
chr7	120950925	120951163	1	1	1	2	0	41
chr7	120951236	120953303	1	1	1	1	0	40
chr7	120953405	120955558	1	1	1	1	0	6
chr7	120955625	120964741	1	1	1	1	0	17
chr7	120967649	120967933	1	1	1	2	0	10
chr7	121350551	121351142	2	2	1	0	3	39
chr7	121873558	121928155	1	1	1	1	0	42
chr7	122036683	122038754	1	1	1	5	0	43
chr7	122038890	122039453	1	1	1	3	0	39
chr7	122054039	122054940	1	1	1	1	0	38
chr7	122055088	122058799	1	1	1	1	0	7
chr7	122058943	122059752	1	1	1	1	0	8
chr7	122076608	122077837	2	2	1	2	0	19
chr7	122098577	122098744	2	2	1	2	0	23
chr7	122098867	122101370	2	2	1	2	0	36
chr7	122320339	122325476	2	2	1	2	0	9
chr7	122737069	122885998	2	2	1	1	0	24
chr7	123542221	123545610	2	2	1	7	0	46
chr7	123550587	123557403	2	2	1	1	0	43
chr7	123557449	123557774	2	2	1	1	0	4
chr7	123696748	123704633	2	2	1	5	0	24
chr7	123704658	123706276	2	2	1	4	0	23
chr7	123706374	123706739	2	2	1	4	0	25
chr7	123706827	123709088	2	2	1	6	0	45
chr7	124822552	124823970	2	2	1	1	0	40
chr7	124842964	124846941	2	2	1	1	0	38
chr7	127707648	127721286	1	1	1	2	0	33
chr7	128089693	128091836	1	1	1	1	0	11
chr7	128310932	128313174	2	2	1	1	0	43
chr7	128315021	128317658	2	2	1	3	0	22
chr7	128337203	128338249	2	2	1	2	0	43
chr7	128338343	128338725	2	2	1	1	0	24
chr7	128338802	128339226	2	2	1	1	0	41
chr7	128339322	128339632	2	2	1	1	0	36
chr7	128339792	128342819	2	2	1	1	0	34
chr7	128339792	128343675	2	2	1	1	0	39
chr7	128531801	128533644	1	1	1	1	0	26
chr7	128561465	128654393	1	1	1	2	0	16
chr7	128574792	128577952	1	1	1	1	0	45
chr7	128592018	128608117	1	1	1	1	0	5
chr7	128640266	128640642	1	3	1	1	0	29
chr7	128748805	128754261	1	1	1	1	0	23
chr7	128754456	128758870	1	1	1	1	0	10
chr7	128794603	128794693	1	1	1	2	0	24
chr7	128805902	128806236	1	1	1	1	0	7
chr7	128806859	128807359	1	1	1	1	0	13
chr7	128812930	128814637	1	1	1	1	0	39
chr7	128863063	128865376	1	1	1	2	0	37
chr7	128955386	128957223	2	2	1	2	0	35
chr7	128970316	128972425	2	2	1	2	0	14
chr7	128972583	128974867	2	2	1	1	0	8
chr7	128975936	128978982	2	2	1	1	0	44
chr7	129205413	129205609	1	1	1	1	0	4
chr7	129210181	129213416	2	2	1	0	1	3
chr7	129426564	129427038	1	1	1	3	0	21
chr7	129839336	129857510	2	2	1	3	0	25
chr7	129857564	129858901	2	2	1	2	0	33
chr7	129858942	129879567	2	2	1	2	0	42
chr7	130204111	130205372	2	2	1	2	0	33
chr7	131387263	131388883	1	1	1	2	0	7
chr7	131429146	131437784	1	3	1	1	0	17
chr7	131511707	131512317	2	2	1	1	0	44
chr7	131511721	131512740	1	3	1	1	0	33
chr7	132838470	132885661	2	2	1	1	0	4
chr7	133070230	133081856	2	2	1	1	0	25
chr7	133538690	133538728	1	1	1	1	0	42
chr7	134442771	134445237	2	2	1	2	0	21
chr7	134448494	134448996	2	2	1	1	0	32
chr7	134449798	134450785	2	2	1	1	0	29
chr7	134779750	134843883	1	1	1	1	0	43
chr7	134928901	134932987	1	1	1	4	0	38
chr7	134933391	134935687	1	1	1	5	0	45
chr7	134933391	134941091	1	1	1	3	0	20
chr7	134941238	134947507	1	1	1	1	0	31
chr7	134947770	134950373	1	1	1	1	0	38
chr7	134950515	134958068	1	1	1	4	0	44
chr7	134952188	134953448	1	1	1	1	0	37
chr7	134958113	134958208	1	1	1	3	0	36
chr7	135167808	135168748	2	4	1	0	1	31
chr7	135422354	135438157	2	2	1	2	0	44
chr7	135625356	135626239	1	1	1	1	0	30
chr7	135630471	135635580	1	1	1	2	0	25
chr7	135646232	135648403	1	1	1	1	0	17
chr7	135705651	135706127	2	2	1	1	0	40
chr7	135930013	135950598	2	2	1	2	0	12
chr7	137228076	137251229	2	2	1	3	0	41
chr7	137251392	137253463	2	2	1	3	0	32
chr7	137254975	137343438	2	2	1	1	0	34
chr7	138481297	138481594	1	3	1	1	0	17
chr7	138515360	138519188	1	1	1	2	0	10
chr7	138519322	138525240	1	1	1	5	0	34
chr7	138525358	138529115	1	1	1	2	0	30
chr7	138579533	138580561	1	1	1	2	0	27
chr7	138580695	138581696	1	1	1	1	0	31
chr7	139054096	139055204	2	2	1	1	0	16
chr7	139258626	139259266	1	1	1	1	0	40
chr7	139269524	139272321	1	1	1	1	0	41
chr7	139376157	139398598	1	1	1	3	0	28
chr7	139398698	139402136	1	1	1	1	0	33
chr7	139402248	139405643	1	1	1	1	0	17
chr7	139405788	139407173	1	1	1	1	0	27
chr7	139412581	139417537	1	1	1	2	0	31
chr7	139417730	139422162	1	1	1	1	0	21
chr7	139541123	139541232	2	2	1	1	0	36
chr7	139575289	139583816	2	2	1	1	0	14
chr7	140100024	140101950	2	4	1	1	0	34
chr7	140380391	140382437	2	2	1	1	0	4
chr7	140469185	140470079	1	3	1	5	0	31
chr7	140472012	140479159	2	2	1	1	0	21
chr7	140696843	140702865	1	1	1	7	0	40
chr7	140700960	140706562	1	1	1	1	0	29
chr7	140703011	140704859	1	1	1	43	0	46
chr7	140704964	140706562	1	1	1	122	0	44
chr7	140808063	140808891	2	2	1	1	0	36
chr7	141006536	141010418	2	2	1	1	0	12
chr7	141738504	141739123	1	1	1	1	1	44
chr7	141739191	141742168	1	1	1	3	1	25
chr7	141742230	141743560	1	1	1	3	0	12
chr7	141743990	141745495	1	1	1	27	0	44
chr7	141745585	141750310	1	1	1	131	0	46
chr7	141745949	141750310	1	1	1	2	0	19
chr7	142861187	142862016	1	1	1	1	0	32
chr7	142861187	142862755	1	1	1	1	0	39
chr7	142862134	142862755	1	1	1	1	0	4
chr7	143265297	143267616	1	1	1	1	0	34
chr7	143267734	143268090	1	1	1	1	0	35
chr7	143289657	143291539	1	1	1	1	0	16
chr7	143382686	143382800	1	1	1	2	0	12
chr7	143383293	143390940	1	1	1	1	0	29
chr7	143388659	143388766	1	1	1	1	0	42
chr7	143388946	143389856	1	1	1	1	0	40
chr7	143395015	143395120	2	2	1	2	0	24
chr7	143395183	143395318	2	2	1	2	0	6
chr7	144200278	144207692	1	1	1	0	1	42
chr7	144207805	144239042	1	1	1	0	2	26
chr7	144207805	144239274	1	1	1	0	2	17
chr7	144215913	144239039	1	1	1	0	1	39
chr7	144239096	144239274	1	1	1	0	2	13
chr7	144239389	144243746	1	1	1	0	7	23
chr7	144276954	144277207	2	2	1	0	1	30
chr7	144307233	144311590	2	2	1	0	7	23
chr7	144311705	144311883	2	2	1	0	2	13
chr7	144311705	144343186	2	2	1	0	2	17
chr7	144311937	144343186	2	2	1	0	2	26
chr7	144311940	144335078	2	2	1	0	1	39
chr7	144343299	144350717	2	2	1	0	1	42
chr7	144372429	144372682	1	1	1	0	1	30
chr7	144648880	144682908	2	2	1	1	0	34
chr7	148730263	148753975	1	1	1	1	0	40
chr7	148730284	148740815	1	1	1	1	0	33
chr7	148759355	148759547	1	1	1	1	0	45
chr7	148759639	148760332	1	1	1	1	0	41
chr7	148798678	148799274	1	1	1	2	0	24
chr7	148799389	148800501	1	1	1	2	0	32
chr7	148809156	148809309	2	2	1	1	0	14
chr7	148816779	148817221	2	2	1	3	0	30
chr7	148818118	148819595	2	2	1	1	0	41
chr7	148827267	148828739	2	2	1	1	0	10
chr7	148828881	148829727	2	2	1	2	0	41
chr7	149004210	149005140	2	2	1	1	0	21
chr7	149005375	149005896	2	2	1	2	0	13
chr7	149021148	149028320	2	2	1	1	0	12
chr7	149216349	149217291	2	2	1	1	0	34
chr7	150338421	150338705	2	2	1	1	0	25
chr7	150338438	150338614	2	2	1	2	0	26
chr7	150338440	150338614	2	2	1	53	0	46
chr7	150338440	150338985	2	2	1	1	0	19
chr7	150338742	150338985	2	2	1	5	0	33
chr7	150339082	150340099	2	2	1	3	0	44
chr7	150340205	150340435	2	2	1	1	0	32
chr7	150340630	150341577	2	2	1	1	0	5
chr7	151076833	151076912	2	2	1	1	0	33
chr7	151145764	151146592	1	3	1	1	0	43
chr7	151215733	151215966	2	2	1	1	0	31
chr7	151221681	151222520	2	2	1	1	0	3
chr7	151224989	151226304	2	2	1	1	0	9
chr7	151345467	151349072	1	1	1	5	0	40
chr7	151349241	151351423	1	1	1	1	0	6
chr7	151351483	151352811	1	1	1	1	0	4
chr7	151352883	151355767	1	1	1	1	0	31
chr7	151356223	151360140	1	1	1	1	0	32
chr7	151360915	151361058	1	1	1	1	0	32
chr7	151376812	151377046	1	1	1	2	0	26
chr7	151484805	151490942	2	2	1	2	0	5
chr7	151491015	151519459	2	2	1	3	0	45
chr7	152203065	152205105	2	2	1	1	0	40
chr7	152205226	152207299	2	2	1	0	1	44
chr7	152207429	152220522	2	2	1	5	0	38
chr7	152222067	152222572	2	2	1	2	0	25
chr7	152249954	152250852	2	2	1	1	0	29
chr7	152252716	152263015	2	2	1	1	0	5
chr7	152309651	152310462	1	3	1	1	0	39
chr7	152358676	152435625	2	2	1	1	0	22
chr7	152814646	152816480	1	1	1	1	0	18
chr7	152836176	152837105	1	1	1	1	0	36
chr7	154961078	154961526	2	2	1	1	0	15
chr7	154963767	154967815	2	2	1	1	0	4
chr7	155680909	155684932	1	1	1	3	0	33
chr7	157337145	157358546	1	1	1	0	6	45
chr7	157337151	157358546	1	1	1	1	0	18
chr7	157358638	157363160	1	1	1	0	3	15
chr7	157410002	157416015	1	1	1	1	0	27
chr7	158631718	158644288	2	2	1	2	0	42
chr7	158689954	158690567	2	2	1	1	0	29
chr7	158693498	158701821	2	2	1	2	0	42
chr7	158869909	158871141	1	1	1	1	0	37
chr7	158871563	158876608	1	1	1	2	0	20
chr7	158876692	158879683	1	1	1	3	0	35
chr7	158879990	158884563	1	1	1	1	0	13
chr7	158884620	158887020	1	1	1	1	0	23
chr7	158891334	158901738	1	1	1	1	0	10
chr7	158901817	158902375	1	1	1	1	0	4
chr8	407067	413072	1	1	1	2	0	6
chr8	674048	692477	2	2	1	2	0	44
chr8	1785642	1785686	1	1	1	1	0	28
chr8	1824114	1857959	1	1	1	1	0	31
chr8	1909471	1922963	1	1	1	1	0	27
chr8	1923875	1925282	1	1	1	2	0	45
chr8	1925405	1926376	1	1	1	1	0	15
chr8	6431587	6436047	1	1	1	1	0	26
chr8	6708888	6724869	1	1	1	1	0	3
chr8	6747829	6755050	1	1	1	2	0	43
chr8	7611993	7612509	1	1	1	1	0	9
chr8	8101219	8134651	2	2	1	0	1	39
chr8	8184006	8185888	2	2	1	0	1	45
chr8	9011753	9016321	1	1	1	1	0	23
chr8	9706998	9708370	1	1	1	1	0	21
chr8	10765917	10820192	2	2	1	1	0	29
chr8	10820270	10826151	2	2	1	3	0	39
chr8	11295303	11300022	1	1	1	2	0	16
chr8	11802932	11808793	1	1	1	1	0	19
chr8	11808892	11809666	1	1	1	2	0	23
chr8	11809851	11821749	1	1	1	5	0	34
chr8	11821852	11838552	1	1	1	1	0	18
chr8	11821857	11838560	2	2	1	6	1	41
chr8	11826216	11830243	1	1	1	1	0	24
chr8	12479773	12481655	1	1	1	0	1	45
chr8	12531032	12565885	1	1	1	0	1	39
chr8	12531032	12623997	1	1	1	0	1	39
chr8	12731858	12735285	2	2	1	1	0	45
chr8	12735401	12736700	2	2	1	1	0	34
chr8	12736798	12736899	2	2	1	1	0	7
chr8	12738145	12740873	2	2	1	2	0	3
chr8	15743613	15748374	1	1	1	3	0	36
chr8	15748466	15757790	1	1	1	2	0	30
chr8	15757856	15758029	1	3	1	1	0	14
chr8	17077862	17081692	1	1	1	3	0	18
chr8	17081741	17085235	1	1	1	1	0	31
chr8	17215350	17217171	1	1	1	1	0	12
chr8	17217247	17220255	1	1	1	1	0	5
chr8	17653282	17653424	2	2	1	1	0	10
chr8	17653499	17654560	2	4	1	1	0	8
chr8	17654667	17655862	2	2	1	1	0	30
chr8	17923189	17924712	1	1	1	5	0	18
chr8	17924781	17935588	1	1	1	13	0	41
chr8	17934859	17935588	1	1	1	2	0	34
chr8	17935707	17937133	1	1	1	6	0	31
chr8	17950725	17952969	1	1	1	4	0	18
chr8	17955654	17956603	1	1	1	2	0	20
chr8	17957776	17960013	1	1	1	4	0	46
chr8	17960166	17960314	1	1	1	2	0	8
chr8	17962175	17963100	1	1	1	2	0	44
chr8	17969749	17972328	1	1	1	2	0	33
chr8	17972688	17980590	1	1	1	3	0	35
chr8	17972688	17985446	1	1	1	1	0	24
chr8	18009745	18010608	1	1	1	3	0	44
chr8	18010669	18011236	1	1	1	2	0	46
chr8	18011367	18011666	1	1	1	1	0	41
chr8	18011828	18013963	1	1	1	2	0	19
chr8	18014841	18025360	1	1	1	1	0	39
chr8	18025454	18025543	1	1	1	2	0	36
chr8	18025659	18027636	1	1	1	20	0	45
chr8	18069879	18071299	2	2	1	2	0	32
chr8	18765539	18799294	2	2	1	1	0	12
chr8	19823442	19823872	1	1	1	1	0	6
chr8	19824973	19826425	1	1	1	5	0	32
chr8	19845798	19851648	1	1	1	2	0	21
chr8	22247265	22247856	1	1	1	1	0	12
chr8	22248009	22248153	1	1	1	1	0	13
chr8	22366901	22367568	2	2	1	0	1	3
chr8	22366901	22369090	2	2	1	0	1	3
chr8	22412207	22414779	1	1	1	1	0	20
chr8	22567176	22569147	1	1	1	1	0	23
chr8	22572447	22574666	1	1	1	1	0	27
chr8	22619356	22619637	1	1	1	1	0	38
chr8	23147073	23148437	2	2	1	1	0	36
chr8	23291534	23293302	1	1	1	1	0	26
chr8	23293374	23294768	1	1	1	2	0	28
chr8	23298948	23302026	2	2	1	1	0	43
chr8	24917732	24917848	1	3	1	1	0	3
chr8	25419461	25421572	2	2	1	1	0	35
chr8	25460301	25460383	1	1	1	1	0	21
chr8	25462209	25466174	1	1	1	1	0	3
chr8	25466326	25468216	1	1	1	1	0	24
chr8	25480125	25483398	1	1	1	1	0	30
chr8	25484211	25485758	1	1	1	1	0	15
chr8	25485838	25487245	1	1	1	1	0	5
chr8	25487335	25488551	1	1	1	12	0	45
chr8	25488690	25503372	1	1	1	1	0	7
chr8	25488690	25506509	1	1	1	1	0	27
chr8	25503545	25506509	1	1	1	3	0	29
chr8	25503564	25506509	1	1	1	2	0	39
chr8	26291827	26293665	1	1	1	2	0	38
chr8	26293741	26338889	1	1	1	1	0	20
chr8	26338988	26354467	1	1	1	5	0	24
chr8	26354634	26360168	1	1	1	1	0	36
chr8	26360282	26360973	1	1	1	1	0	11
chr8	26366407	26370133	1	1	1	2	0	41
chr8	26578294	26581968	1	1	1	1	0	10
chr8	27543830	27544185	1	1	1	1	0	13
chr8	27544245	27544443	1	1	1	1	0	11
chr8	27598251	27598459	2	2	1	1	0	29
chr8	27606525	27608937	2	2	1	1	0	26
chr8	27609087	27610474	2	2	1	4	0	44
chr8	27740518	27748076	2	2	1	2	0	17
chr8	27748280	27748494	2	2	1	4	0	44
chr8	27748280	27752511	2	2	1	3	0	46
chr8	27748599	27752511	2	2	1	2	0	13
chr8	27752588	27756718	2	2	1	1	0	3
chr8	27762459	27765203	2	2	1	1	0	27
chr8	27765252	27772512	2	2	1	1	0	17
chr8	28129664	28132277	1	1	1	1	0	20
chr8	28132405	28137697	1	1	1	4	0	5
chr8	30063914	30065987	2	2	1	1	0	25
chr8	30066140	30066776	2	2	1	1	0	29
chr8	30166687	30166872	1	1	1	2	0	36
chr8	30395278	30395381	2	4	1	0	1	26
chr8	30504437	30544493	1	1	1	2	0	26
chr8	30504437	30547291	1	1	1	1	0	13
chr8	30515092	30516781	2	4	1	2	0	41
chr8	30544625	30547291	1	1	1	3	0	33
chr8	30545221	30547291	1	1	1	1	0	3
chr8	30558957	30566256	1	1	1	5	0	33
chr8	30566361	30570636	1	1	1	17	0	44
chr8	30580397	30607056	2	2	1	1	0	41
chr8	30614716	30635031	2	2	1	1	0	9
chr8	30679670	30680903	2	2	1	2	0	31
chr8	30786308	30791196	2	2	1	3	0	40
chr8	31033974	31058371	1	1	1	3	0	46
chr8	31059266	31064288	1	1	1	2	0	43
chr8	31076288	31080866	1	1	1	1	0	35
chr8	31081297	31083698	1	1	1	0	1	36
chr8	31081297	31085165	1	1	1	0	1	36
chr8	31083774	31087769	2	2	1	0	1	29
chr8	31085241	31087769	2	2	1	0	1	29
chr8	31147477	31150340	1	1	1	1	0	8
chr8	31150456	31154623	1	1	1	1	0	19
chr8	33041772	33044366	1	1	1	2	0	26
chr8	33488630	33488733	1	1	1	1	0	16
chr8	33488799	33488987	1	1	1	5	0	32
chr8	33489140	33490284	1	1	1	1	0	11
chr8	33495617	33496624	1	1	1	1	0	16
chr8	33499278	33500327	2	2	1	7	0	14
chr8	37749853	37750394	1	1	1	1	0	35
chr8	37750487	37751625	1	1	1	2	0	36
chr8	37753530	37753914	1	1	1	1	0	24
chr8	38163430	38169819	2	2	1	1	0	19
chr8	38163841	38169801	2	2	1	1	0	12
chr8	38329894	38331430	2	2	1	3	0	15
chr8	38337468	38338535	2	2	1	2	0	23
chr8	38413025	38413917	2	2	1	6	0	29
chr8	38413805	38413917	2	2	1	1	0	3
chr8	38416061	38417305	2	2	1	2	0	17
chr8	38428094	38428351	2	2	1	1	0	17
chr8	38428436	38429681	2	2	1	6	0	43
chr8	38846820	38847954	1	1	1	3	0	29
chr8	39914010	39914193	1	1	1	1	0	41
chr8	40767731	40808508	2	2	1	3	0	35
chr8	41265490	41303460	2	2	1	7	0	26
chr8	41303539	41308615	2	2	1	23	0	46
chr8	41540005	41541808	1	1	1	2	0	20
chr8	42167811	42168960	1	1	1	6	0	45
chr8	42349091	42350006	1	1	1	1	0	31
chr8	42352569	42354416	1	1	1	1	0	45
chr8	42352569	42355515	1	1	1	1	0	45
chr8	42541706	42546468	1	1	1	1	0	35
chr8	42548781	42552543	1	1	1	1	0	5
chr8	42968215	42973288	1	1	1	2	1	42
chr8	42986796	42997549	1	1	1	1	0	36
chr8	42997638	43000270	1	1	1	1	0	6
chr8	42997638	43002106	1	1	1	1	0	23
chr8	43000277	43002106	1	1	1	1	0	6
chr8	43002142	43007846	1	1	1	3	0	35
chr8	43007930	43010304	1	1	1	3	0	31
chr8	43010406	43013050	1	1	1	1	0	43
chr8	43021579	43021946	1	3	1	3	0	33
chr8	43063195	43064426	2	4	1	1	0	22
chr8	43064216	43069554	1	1	1	1	0	14
chr8	46579552	46593463	2	2	1	2	0	5
chr8	47291138	47293866	1	1	1	1	0	6
chr8	47294031	47396375	1	1	1	1	0	10
chr8	47776984	47777685	2	2	1	1	0	19
chr8	47777352	47777486	1	1	1	1	0	36
chr8	47777875	47778458	2	2	1	2	0	32
chr8	47785318	47788905	2	2	1	1	0	33
chr8	47789050	47789150	2	2	1	14	0	41
chr8	47789239	47794289	2	2	1	44	0	44
chr8	47794502	47798236	2	2	1	2	0	38
chr8	47807327	47817449	2	2	1	1	0	7
chr8	47817562	47819401	2	2	1	1	0	17
chr8	47821793	47823857	2	2	1	1	0	3
chr8	47849304	47849378	2	2	1	6	0	36
chr8	47860972	47862061	2	2	1	2	0	10
chr8	47862128	47862372	2	2	1	11	0	44
chr8	47862542	47863398	2	2	1	4	0	17
chr8	47863578	47864555	2	2	1	1	0	41
chr8	47898570	47900372	2	2	1	1	0	19
chr8	47904977	47912409	2	2	1	3	0	40
chr8	47918384	47927193	2	2	1	2	0	28
chr8	47930013	47930671	2	2	1	8	0	31
chr8	47943367	47943852	2	2	1	4	0	33
chr8	47943884	47943973	2	2	1	1	0	31
chr8	47954447	47955873	2	2	1	26	0	44
chr8	47955949	47957170	2	2	1	26	0	46
chr8	47957264	47957354	2	2	1	3	0	22
chr8	47957432	47959972	2	2	1	2	0	35
chr8	47962860	47962944	1	1	1	1	0	30
chr8	47963041	47964573	1	1	1	0	1	3
chr8	47974963	47975714	1	1	1	1	0	17
chr8	47976977	47977734	2	2	1	1	0	13
chr8	47977669	47977756	1	3	1	2	0	14
chr8	48008471	48043032	1	1	1	2	0	36
chr8	48043182	48049852	1	1	1	1	0	23
chr8	51820719	51831443	2	2	1	2	0	29
chr8	51845764	51860844	2	2	1	2	0	32
chr8	52624788	52628040	2	2	1	4	0	34
chr8	52634969	52636014	2	2	1	1	0	12
chr8	52636070	52642350	2	2	1	3	0	32
chr8	52642813	52645701	2	2	1	1	0	20
chr8	52645847	52656007	2	2	1	1	0	33
chr8	52645868	52656007	2	2	1	6	0	46
chr8	52683720	52683886	2	2	1	1	0	44
chr8	53743691	53756554	2	2	1	1	0	42
chr8	53966716	53966881	2	6	1	1	0	45
chr8	53979172	53984362	2	2	1	2	0	33
chr8	53984518	53986968	2	6	1	2	4	32
chr8	53987026	53988113	2	2	1	6	0	32
chr8	53988260	53993667	2	2	1	0	3	44
chr8	53993756	53999944	2	2	1	0	2	13
chr8	54000051	54010429	2	2	1	8	14	45
chr8	54010493	54022062	2	2	1	8	3	40
chr8	54065814	54100223	2	2	1	0	1	3
chr8	54100940	54101754	2	2	1	1	0	6
chr8	54136666	54137267	1	1	1	1	0	32
chr8	54142787	54147381	1	1	1	1	0	32
chr8	54145335	54146334	2	4	1	1	0	25
chr8	55746039	55746174	1	1	1	2	0	20
chr8	55782813	55785718	1	1	1	3	0	36
chr8	55785892	55786237	1	1	1	2	0	14
chr8	55811098	55813039	1	5	1	1	0	33
chr8	56058616	56058901	1	3	1	1	0	13
chr8	56073273	56073694	2	2	1	83	0	46
chr8	56073769	56074059	2	2	1	6	0	36
chr8	56074160	56074253	2	2	1	0	1	3
chr8	56074160	56074380	2	2	1	3	1	43
chr8	56214668	56216432	1	1	1	1	0	12
chr8	56216532	56217330	1	1	1	5	0	33
chr8	58446069	58447388	1	1	1	0	1	23
chr8	58570966	58572204	1	1	1	1	0	14
chr8	58586001	58586457	2	2	1	1	0	29
chr8	58588425	58588492	1	3	1	0	1	45
chr8	58838312	58851523	2	2	1	1	0	38
chr8	60558924	60572045	1	1	1	1	0	3
chr8	60572114	60584207	1	1	1	5	0	42
chr8	60584291	60584722	1	1	1	14	0	46
chr8	60584816	60591857	1	1	1	9	0	43
chr8	60591970	60618579	1	1	1	1	0	9
chr8	60679083	60741258	1	1	1	1	0	24
chr8	60743098	60780999	1	1	1	14	0	40
chr8	60781431	60794985	1	1	1	1	0	11
chr8	60795128	60800387	1	1	1	1	0	6
chr8	60800526	60801527	1	1	1	1	0	14
chr8	60801594	60808216	1	1	1	1	0	12
chr8	60808273	60816386	1	1	1	1	0	39
chr8	60820091	60821789	1	1	1	1	0	21
chr8	60821928	60822023	1	1	1	1	0	43
chr8	60828807	60830321	1	1	1	2	0	25
chr8	60837836	60838075	1	1	1	1	0	15
chr8	60848605	60849050	1	1	1	1	0	18
chr8	60849155	60850492	1	1	1	1	0	36
chr8	60850623	60851031	1	1	1	2	0	8
chr8	60851105	60851261	1	1	1	2	0	8
chr8	60856203	60856444	1	1	1	1	0	24
chr8	61556023	61562743	2	2	1	1	0	18
chr8	61633728	61637946	2	2	1	1	0	14
chr8	61638004	61638321	2	2	1	2	0	34
chr8	61644002	61644599	2	2	1	1	0	19
chr8	61644633	61646749	2	2	1	1	0	33
chr8	62918514	62965353	1	1	1	2	0	37
chr8	63015454	63017492	2	2	1	1	0	6
chr8	63023998	63024079	2	2	1	2	0	43
chr8	63168902	63169386	1	1	1	2	0	25
chr8	63169412	63175330	1	1	1	2	0	7
chr8	63187746	63209682	1	1	1	1	0	27
chr8	63192816	63193252	2	4	1	1	0	31
chr8	65707257	65707842	1	1	1	3	0	3
chr8	65724352	65724776	2	2	1	2	0	28
chr8	66677955	66678218	1	1	1	1	0	24
chr8	66922115	66922323	2	2	1	27	0	37
chr8	66922393	66922613	2	2	1	1	0	9
chr8	66922393	66925436	2	2	1	1	0	9
chr8	66922726	66925436	2	2	1	3	0	41
chr8	67043318	67045811	2	2	1	1	0	26
chr8	67045961	67051229	2	2	1	1	0	31
chr8	67056605	67057379	2	2	1	1	0	42
chr8	67058212	67059210	2	2	1	1	0	7
chr8	67118822	67131950	1	1	1	1	0	35
chr8	67149936	67154023	1	1	1	1	0	44
chr8	67154137	67158446	1	1	1	1	0	3
chr8	67158597	67158990	1	1	1	6	0	43
chr8	67204820	67211482	2	2	1	2	0	22
chr8	67227599	67227962	2	2	1	1	0	3
chr8	67238894	67240161	2	2	1	2	0	17
chr8	67253623	67257731	2	2	1	1	0	4
chr8	67257817	67258084	2	2	1	3	0	11
chr8	67258291	67259814	2	2	1	1	0	42
chr8	67266208	67266875	2	2	1	7	0	37
chr8	67296611	67299208	2	2	1	1	0	44
chr8	67299356	67301223	2	2	1	1	0	3
chr8	68053247	68055829	1	1	1	1	0	27
chr8	68080586	68080745	1	1	1	1	0	16
chr8	68109624	68115752	1	1	1	2	0	22
chr8	68191789	68192334	1	1	1	1	0	8
chr8	68217719	68220175	1	1	1	1	0	7
chr8	69761876	69831766	2	2	1	1	0	5
chr8	70216765	70216996	2	2	1	1	0	28
chr8	70216765	70296743	2	2	1	2	0	21
chr8	70575006	70583163	2	2	1	2	0	10
chr8	70594591	70596262	2	2	1	1	0	4
chr8	70596322	70597894	2	2	1	1	0	29
chr8	70637904	70638547	2	2	1	1	0	29
chr8	70638630	70640901	2	2	1	1	0	3
chr8	70641051	70644064	2	2	1	1	0	22
chr8	71675536	71702214	1	1	1	3	0	34
chr8	73013991	73020683	1	1	1	4	4	44
chr8	73020806	73022215	1	1	1	5	3	44
chr8	73022303	73024821	1	1	1	9	0	46
chr8	73024972	73026939	1	1	1	39	0	45
chr8	73027053	73030335	1	1	1	48	0	45
chr8	73027053	73032041	1	1	1	23	21	46
chr8	73030396	73032041	1	1	1	34	0	46
chr8	73030956	73032041	1	1	1	1	0	21
chr8	73032134	73038705	1	1	1	1	0	41
chr8	73032134	73039115	1	1	1	2	3	22
chr8	73039220	73045960	1	1	1	2	0	38
chr8	73290706	73291042	2	2	1	607	10	46
chr8	73291253	73291551	2	2	1	23	0	37
chr8	73291662	73291772	2	2	1	11	1	41
chr8	73291911	73292238	2	2	1	5	0	45
chr8	73292406	73292688	2	2	1	2	0	28
chr8	73292798	73293598	2	2	1	3	0	35
chr8	73322811	73322912	1	1	1	1	0	43
chr8	73653897	73673106	2	2	1	1	0	20
chr8	73825250	73830380	2	2	1	2	0	13
chr8	73946821	73955646	2	2	1	1	0	43
chr8	73946821	73955910	2	2	1	24	0	44
chr8	73956055	73959764	2	2	1	4	0	36
chr8	74361979	74362938	1	1	1	1	0	28
chr8	74363054	74488677	1	1	1	1	0	46
chr8	75338013	75338601	1	3	1	1	0	12
chr8	76986297	76988306	2	2	1	2	0	9
chr8	76988339	76999989	2	2	1	2	0	32
chr8	78715329	78717327	1	1	1	4	0	35
chr8	79919149	80002998	2	2	1	1	0	17
chr8	80518580	80518781	1	3	1	1	0	27
chr8	81280675	81283365	1	1	1	0	1	34
chr8	81283539	81283872	1	1	1	1	0	28
chr8	81283975	81284513	1	1	1	8	0	38
chr8	81521818	81521940	1	1	1	0	1	7
chr8	81679231	81680649	2	2	1	1	0	28
chr8	81703125	81713917	2	2	1	2	0	19
chr8	85123607	85124791	1	1	1	1	0	42
chr8	85130059	85131759	1	1	1	3	0	8
chr8	85137628	85138034	1	1	1	3	0	27
chr8	85138244	85138337	1	1	1	1	0	5
chr8	85141518	85145388	1	1	1	4	0	33
chr8	85209410	85212156	1	1	1	1	0	13
chr8	85214632	85214920	2	2	1	32	0	45
chr8	85215038	85217385	2	2	1	2	0	12
chr8	86369032	86374029	1	1	1	2	0	26
chr8	86411875	86425222	1	1	1	1	0	43
chr8	86425319	86427642	1	1	1	1	0	25
chr8	86435528	86435632	1	1	1	1	0	27
chr8	86461847	86466793	1	1	1	1	0	9
chr8	86474359	86474819	2	2	1	15	0	41
chr8	86475597	86477293	2	2	1	2	0	16
chr8	86486644	86488551	2	2	1	6	0	41
chr8	86507113	86508491	2	2	1	3	0	31
chr8	86532581	86537562	1	1	1	1	0	29
chr8	86537647	86540244	1	1	1	3	0	30
chr8	86540335	86544739	1	1	1	7	0	44
chr8	86544839	86546594	1	1	1	1	0	24
chr8	86548435	86551045	1	1	1	2	0	17
chr8	86551101	86551182	1	1	1	2	0	20
chr8	89914747	89921079	1	1	1	1	0	30
chr8	89935613	89937025	2	2	1	2	0	26
chr8	89978324	89980733	2	2	1	4	0	17
chr8	90044996	90051676	1	1	1	1	0	25
chr8	90051740	90051837	1	1	1	1	0	32
chr8	90631708	90645110	2	2	1	1	0	32
chr8	91070467	91071137	1	1	1	1	0	38
chr8	91071290	91073830	1	1	1	1	0	19
chr8	91991890	92005115	2	2	1	1	0	19
chr8	93720114	93720768	1	3	1	1	0	30
chr8	93726514	93728204	1	1	1	0	1	3
chr8	93737356	93740880	2	2	1	2	0	15
chr8	93803685	93804761	1	1	1	2	0	15
chr8	94467556	94475000	2	2	1	1	0	25
chr8	94529343	94530962	2	2	1	2	0	23
chr8	94641451	94641955	1	1	1	1	0	14
chr8	94678372	94705924	1	1	1	3	0	30
chr8	94696962	94705924	1	1	1	1	0	18
chr8	94788053	94789745	1	1	1	1	0	24
chr8	94853916	94856776	1	1	1	1	0	25
chr8	94876148	94876220	1	1	1	2	0	40
chr8	94876490	94880117	1	1	1	3	0	25
chr8	94888074	94890414	2	2	1	1	0	14
chr8	95047128	95048456	1	1	1	1	0	18
chr8	95048559	95052173	1	1	1	1	0	7
chr8	95051715	95052173	1	1	1	1	0	42
chr8	95052231	95057808	1	1	1	4	0	40
chr8	96231133	96231773	2	2	1	31	0	37
chr8	96231941	96233155	2	2	1	3	0	45
chr8	96233228	96235511	2	2	1	1	0	35
chr8	96239686	96243918	2	2	1	1	0	34
chr8	96244081	96245859	2	2	1	1	0	7
chr8	96245932	96246306	2	2	1	1	0	13
chr8	96602529	96608334	1	1	1	1	0	25
chr8	97201074	97206509	2	2	1	0	3	36
chr8	97644888	97661071	1	1	1	11	0	43
chr8	97661174	97686667	1	1	1	2	0	29
chr8	97686753	97687428	1	1	1	1	0	44
chr8	97691189	97699753	1	1	1	1	0	22
chr8	97699853	97706625	1	1	1	17	0	46
chr8	97706751	97713661	1	1	1	9	1	44
chr8	97713770	97719048	1	1	1	1	0	3
chr8	97719190	97722878	1	1	1	2	0	36
chr8	97723036	97724599	1	1	1	1	0	11
chr8	97795210	97795743	2	2	1	1	0	43
chr8	97816181	97819139	1	1	1	1	0	7
chr8	97819239	97825057	1	1	1	3	0	31
chr8	97825154	97851396	1	1	1	1	0	29
chr8	98041851	98042644	2	2	1	339	0	45
chr8	98042719	98044942	2	2	1	3	0	26
chr8	98042776	98044942	2	2	1	20	0	42
chr8	98045089	98045346	2	2	1	2	0	28
chr8	98045400	98045507	2	2	1	1	0	24
chr8	98102905	98104488	2	2	1	1	0	26
chr8	98127763	98128364	1	1	1	1	0	32
chr8	98134660	98136481	1	1	1	5	0	30
chr8	98146684	98148814	1	1	1	1	0	31
chr8	98749391	98767242	2	2	1	3	0	44
chr8	99575785	99577489	1	1	1	1	0	42
chr8	99878266	99887489	2	2	1	50	0	46
chr8	99887619	99891907	2	2	1	5	0	31
chr8	100151417	100151823	1	1	1	1	0	39
chr8	100151917	100153293	1	1	1	1	0	23
chr8	100264196	100264670	2	2	1	1	0	23
chr8	100703360	100704279	2	2	1	2	0	17
chr8	100703360	100704296	2	2	1	180	0	44
chr8	100704391	100704925	2	2	1	97	1	46
chr8	100705057	100705588	2	2	1	12	0	46
chr8	100705674	100706650	2	2	1	1	6	38
chr8	100706806	100706886	2	2	1	3	0	28
chr8	100706998	100709132	2	2	1	2	0	30
chr8	100709224	100709458	2	2	1	2	0	33
chr8	100709732	100712361	2	2	1	3	0	38
chr8	100712458	100712651	2	2	1	1	0	30
chr8	100712790	100713086	2	2	1	4	0	30
chr8	100713182	100715461	2	2	1	9	0	40
chr8	100715602	100717772	2	2	1	2	0	28
chr8	100717889	100718086	2	2	1	8	0	40
chr8	100718281	100721390	2	2	1	2	0	30
chr8	100924051	100924134	2	2	1	1	0	5
chr8	100924299	100924915	2	2	1	3	0	21
chr8	100925040	100948595	2	2	1	1	0	40
chr8	100948901	100950405	2	2	1	3	0	13
chr8	100948901	100951928	2	2	1	0	1	4
chr8	101199240	101199989	2	2	1	1	0	28
chr8	101201744	101205434	2	2	1	2	0	19
chr8	101577520	101599056	1	1	1	1	0	22
chr8	102269109	102270038	2	2	1	2	0	14
chr8	102275620	102275707	2	2	1	1	0	43
chr8	102275829	102276971	2	2	1	2	0	21
chr8	102287565	102288154	2	2	1	1	0	10
chr8	102289577	102293604	2	2	1	1	0	35
chr8	102294116	102294981	2	2	1	4	0	34
chr8	102295112	102295203	2	2	1	1	0	10
chr8	102295533	102295635	2	4	1	1	0	15
chr8	102298490	102298847	2	2	1	1	0	34
chr8	102312246	102312341	2	2	1	1	0	5
chr8	102314854	102323310	2	2	1	1	0	33
chr8	102326664	102327741	2	2	1	1	0	37
chr8	102326664	102329089	2	2	1	1	0	18
chr8	102828679	102829271	2	2	1	2	0	6
chr8	102829487	102829820	2	4	1	1	0	33
chr8	102833219	102834188	2	2	1	1	0	23
chr8	102834264	102834665	2	2	1	1	0	38
chr8	102834748	102836255	2	2	1	2	0	29
chr8	102836542	102838743	2	2	1	1	0	36
chr8	102838917	102839649	2	2	1	2	0	5
chr8	102843748	102858012	2	2	1	2	0	18
chr8	103053983	103055867	1	1	1	1	0	22
chr8	103063229	103064713	1	1	1	1	0	33
chr8	103404862	103407633	2	2	1	2	0	14
chr8	103420464	103420974	1	3	1	1	0	34
chr8	103426146	103427096	1	1	1	1	2	34
chr8	103435791	103440135	1	1	1	1	0	14
chr8	103440272	103441454	1	1	1	1	0	41
chr8	103441619	103442794	1	1	1	30	0	42
chr8	103921785	103931262	1	1	1	1	0	20
chr8	104093644	104094477	1	1	1	1	0	38
chr8	104135406	104135578	2	4	1	1	0	34
chr8	106270368	106271957	1	1	1	1	0	17
chr8	108201924	108202982	2	2	1	106	1	45
chr8	108201924	108202989	2	2	1	4	0	19
chr8	108203118	108203400	2	2	1	13	0	44
chr8	108203504	108214606	2	2	1	0	9	42
chr8	108214717	108216411	2	2	1	4	0	16
chr8	108216514	108217333	2	2	1	3	0	37
chr8	108217461	108228266	2	2	1	2	0	35
chr8	108228392	108229069	2	2	1	1	0	11
chr8	108235103	108236160	2	2	1	1	0	41
chr8	108240076	108241798	2	2	1	2	0	46
chr8	108453148	108455872	1	1	1	1	0	17
chr8	108475964	108476781	1	1	1	3	0	44
chr8	109293525	109296383	2	2	1	1	0	32
chr8	109296570	109322308	2	2	1	3	0	46
chr8	109334475	109336127	1	1	1	1	0	39
chr8	109340564	109343404	1	1	1	11	0	29
chr8	109554888	109556934	1	1	1	3	0	27
chr8	109557043	109560837	1	1	1	1	0	33
chr8	116645104	116646470	2	2	1	5	0	46
chr8	116646604	116648805	2	2	1	1	0	12
chr8	116648927	116655855	2	2	1	2	0	28
chr8	116656006	116657214	2	2	1	1	0	27
chr8	116770367	116771455	1	1	1	1	0	24
chr8	116850768	116851947	2	2	1	17	0	45
chr8	116852097	116852548	2	2	1	1	0	24
chr8	116856289	116856645	2	2	1	2	0	25
chr8	116861941	116863129	2	2	1	3	0	32
chr8	118375857	118379559	2	2	1	1	0	10
chr8	119732187	119742533	2	2	1	1	0	22
chr8	119788448	119788789	2	2	1	4	0	43
chr8	119788905	119789591	2	2	1	1	0	44
chr8	119838408	119841793	2	2	1	1	0	37
chr8	119850517	119853046	2	2	1	1	0	13
chr8	120147931	120158129	1	1	1	1	0	35
chr8	120158247	120162425	1	1	1	1	0	43
chr8	120270175	120278110	1	1	1	1	0	31
chr8	120367249	120369329	1	1	1	1	0	16
chr8	120396126	120413990	2	2	1	3	0	36
chr8	120414113	120419851	2	2	1	2	0	17
chr8	120419939	120425305	2	2	1	4	0	42
chr8	120432124	120443184	2	2	1	1	0	5
chr8	120443309	120445067	2	2	1	2	0	22
chr8	120506862	120509933	1	1	1	1	0	26
chr8	120518818	120522653	1	1	1	1	0	15
chr8	120522720	120523297	1	1	1	1	0	9
chr8	123129219	123130197	1	1	1	1	0	42
chr8	123321176	123322937	2	2	1	1	0	43
chr8	123334022	123334199	2	2	1	2	0	12
chr8	123370025	123370902	2	2	1	1	0	37
chr8	123370991	123371235	2	2	1	1	0	25
chr8	123371339	123371669	2	2	1	4	0	34
chr8	123380678	123396186	2	2	1	2	0	34
chr8	124488697	124493832	2	2	1	8	1	46
chr8	124492070	124492661	1	1	1	0	1	30
chr8	124493960	124495471	2	2	1	1	0	31
chr8	124508689	124515745	2	2	1	1	0	36
chr8	124515789	124515886	2	2	1	1	0	13
chr8	124518882	124522150	2	2	1	0	1	30
chr8	124543280	124546999	1	1	1	2	0	26
chr8	124547114	124549760	1	1	1	20	0	45
chr8	124585162	124589619	2	2	1	1	0	24
chr8	125003429	125005524	1	1	1	1	0	18
chr8	125073325	125074997	2	2	1	1	0	30
chr8	125357320	125357711	1	1	1	1	0	38
chr8	126557932	126589191	1	1	1	1	0	18
chr8	127989292	127996560	1	1	1	1	0	44
chr8	127995094	127996560	1	1	1	1	0	45
chr8	129793897	129794622	2	2	1	1	0	21
chr8	129842206	129846803	2	2	1	1	0	45
chr8	129849370	129850834	2	2	1	1	0	21
chr8	129852279	129854265	2	2	1	2	0	29
chr8	130180881	130187235	2	2	1	1	0	19
chr8	130187286	130188108	2	2	1	2	0	29
chr8	131312641	131317578	2	2	1	1	0	26
chr8	131977093	131978846	1	1	1	1	0	11
chr8	131979020	131979345	1	1	1	1	0	22
chr8	131987703	131996405	1	1	1	1	0	20
chr8	132608554	132610165	2	2	1	2	0	3
chr8	132661628	132674923	2	2	1	1	0	31
chr8	132794818	132798771	1	1	1	1	0	13
chr8	132804741	132811045	1	1	1	1	0	43
chr8	132817546	132824003	1	1	1	18	0	42
chr8	132824061	132825263	1	1	1	11	0	44
chr8	132825158	132825263	1	1	1	1	0	7
chr8	132839583	132842514	1	1	1	1	0	5
chr8	132844319	132845780	1	1	1	2	0	17
chr8	135647143	135648539	1	1	1	1	0	3
chr8	140275822	140283888	2	2	1	1	0	44
chr8	140435241	140439051	2	2	1	1	0	40
chr8	140701023	140702569	2	2	1	1	0	19
chr8	140702708	140706118	2	2	1	3	0	41
chr8	140706206	140717597	2	2	1	1	0	41
chr8	140747021	140748390	1	3	1	2	0	35
chr8	140800577	140803542	2	2	1	1	0	5
chr8	140818355	140818879	2	2	1	3	0	19
chr8	140846323	140846598	2	2	1	1	0	44
chr8	140864400	140879470	2	2	1	1	0	15
chr8	140984156	141001124	2	2	1	1	0	35
chr8	141252427	141253216	2	2	1	0	1	18
chr8	143030667	143031090	2	4	1	1	0	38
chr8	143280998	143281481	2	2	1	1	0	3
chr8	143309544	143310067	2	2	1	6	0	39
chr8	143310218	143315726	2	2	1	2	0	40
chr8	143381719	143381806	1	1	1	1	1	39
chr8	143454202	143455473	2	4	1	1	0	26
chr8	143562351	143562447	1	1	1	1	0	10
chr8	143562522	143562661	1	1	1	1	0	15
chr8	143574901	143574985	2	2	1	9	0	44
chr8	143579831	143580011	2	2	1	139	0	46
chr8	143580039	143586728	2	2	1	1	0	27
chr8	143580207	143580505	2	2	1	3	0	40
chr8	143580728	143581053	2	2	1	3	0	31
chr8	143613296	143613523	2	2	1	1	0	25
chr8	143791441	143791875	2	2	1	1	0	27
chr8	143791914	143791990	2	2	1	1	0	27
chr8	143816820	143816909	2	2	1	1	0	42
chr8	143818076	143818192	2	2	1	1	0	28
chr8	143818286	143818372	2	2	1	1	0	26
chr8	143938241	143938630	2	2	1	1	0	10
chr8	144080150	144080241	1	1	1	3	0	14
chr8	144080285	144080434	0	0	1	3	0	35
chr8	144084331	144084412	1	1	1	1	0	19
chr8	144096495	144096583	1	1	1	1	0	43
chr8	144096745	144097033	1	1	1	1	0	24
chr8	144097135	144097231	1	1	1	1	0	45
chr8	144098789	144098865	2	2	1	4	0	43
chr8	144106675	144106834	1	1	1	1	0	14
chr8	144107169	144107522	2	2	1	2	0	39
chr8	144191856	144192308	1	1	1	1	0	30
chr8	144262318	144262395	2	2	1	3	0	41
chr8	144263611	144263691	2	2	1	1	0	24
chr8	144316916	144317021	2	2	1	2	0	31
chr8	144355679	144355967	2	2	1	1	0	7
chr8	144393366	144393451	2	2	1	18	0	44
chr8	144444276	144444389	2	2	1	1	0	25
chr8	144510904	144510990	1	1	1	1	0	12
chr8	144511556	144511680	2	2	1	1	0	36
chr8	144789845	144790388	1	1	1	2	0	33
chr8	144789963	144790354	2	2	1	123	0	45
chr8	144790471	144791276	2	2	1	9	1	37
chr8	144791311	144791991	2	2	1	0	1	3
chr8	144791915	144791991	2	2	1	4	0	7
chr8	144886903	144889580	2	2	1	1	0	32
chr8	145052498	145052585	1	1	1	1	0	23
chr9	121574	121960	2	2	1	3	16	42
chr9	2522047	2523052	2	2	1	1	0	25
chr9	2612219	2613747	2	2	1	1	0	36
chr9	2804464	2807813	2	2	1	2	0	25
chr9	2807905	2810343	2	2	1	2	0	7
chr9	2810432	2811360	2	2	1	1	0	30
chr9	2828779	2829773	2	2	1	3	0	45
chr9	2831029	2831250	2	2	1	1	0	39
chr9	2833433	2834030	2	2	1	2	0	39
chr9	2834167	2837179	2	2	1	15	0	44
chr9	2837402	2838425	2	2	1	4	0	31
chr9	4685159	4688512	1	1	1	1	0	18
chr9	5072627	5073697	1	1	1	1	0	43
chr9	5361188	5361757	2	2	1	1	0	29
chr9	5361889	5431896	2	2	1	1	0	6
chr9	5954096	5968018	2	2	1	1	0	38
chr9	6477809	6481642	1	1	1	1	0	18
chr9	6533161	6534707	2	2	1	1	0	36
chr9	6769944	6770076	1	1	1	1	0	26
chr9	7798638	7799460	2	2	1	1	0	12
chr9	8636845	8733779	2	2	1	1	0	4
chr9	13196231	13205035	2	2	1	2	0	37
chr9	13205108	13205915	2	2	1	2	0	33
chr9	14102511	14112998	2	2	1	1	0	44
chr9	14357290	14358442	1	1	1	1	0	32
chr9	14680163	14690336	2	2	1	1	0	4
chr9	14690386	14693228	2	2	1	1	0	39
chr9	15017528	15019484	1	1	1	0	1	21
chr9	15423987	15433551	1	1	1	1	0	13
chr9	15465581	15466747	2	2	1	1	0	34
chr9	15466860	15468629	2	2	1	7	0	42
chr9	15468844	15468956	2	2	1	9	0	30
chr9	15469059	15469265	2	2	1	2	0	29
chr9	15469337	15469937	2	2	1	1	0	40
chr9	15469994	15472631	2	2	1	2	0	42
chr9	15471232	15472631	2	2	1	1	0	10
chr9	15471312	15472631	2	2	1	2	0	16
chr9	15472751	15474008	2	2	1	12	0	46
chr9	15474238	15478476	2	2	1	16	29	44
chr9	15478553	15479590	2	2	1	29	0	44
chr9	15479688	15486005	2	2	1	12	0	42
chr9	15486069	15486826	2	2	1	4	0	16
chr9	15486932	15489985	2	2	1	4	0	30
chr9	15490125	15506560	2	2	1	2	0	40
chr9	15506638	15510116	2	2	1	7	0	44
chr9	15591557	15594040	1	1	1	5	0	39
chr9	15724977	15727868	1	1	1	1	0	26
chr9	17135426	17143287	1	1	1	1	0	19
chr9	17143377	17226202	1	1	1	1	0	34
chr9	17226288	17235657	1	1	1	2	0	7
chr9	17235793	17236408	1	1	1	1	0	24
chr9	17260094	17266156	2	4	1	1	0	34
chr9	17330809	17332604	1	1	1	1	0	41
chr9	17366718	17371002	1	1	1	1	0	22
chr9	17366718	17388161	1	1	1	2	0	36
chr9	17395070	17409295	1	1	1	2	0	42
chr9	17409474	17415787	1	1	1	1	0	43
chr9	17466892	17484294	1	1	1	1	0	25
chr9	17484481	17486988	1	1	1	3	0	24
chr9	19063194	19063513	2	2	1	4	0	21
chr9	19063581	19070218	2	2	1	4	0	42
chr9	19070301	19076601	2	2	1	1	0	18
chr9	19087157	19089411	2	2	1	1	0	10
chr9	19376389	19376493	2	2	1	654	0	46
chr9	19376652	19378367	2	2	1	45	0	46
chr9	19378515	19378707	2	2	1	14	0	45
chr9	19378919	19379486	2	2	1	13	0	45
chr9	19379619	19380189	2	2	1	3	0	22
chr9	20390853	20433995	2	2	1	1	0	18
chr9	20862713	20865925	1	1	1	1	0	17
chr9	20865977	20866928	1	1	1	1	0	8
chr9	26861140	26884809	2	2	1	1	0	24
chr9	26884886	26886103	2	2	1	1	0	37
chr9	26886189	26887312	2	2	1	1	0	10
chr9	26907999	26910337	2	2	1	2	0	27
chr9	26920385	26923177	2	2	1	3	0	46
chr9	26984356	26984498	1	1	1	1	0	38
chr9	26984560	26988668	1	1	1	5	0	36
chr9	26988729	26990133	1	1	1	3	0	20
chr9	27009159	27011905	1	1	1	1	0	18
chr9	27011969	27016906	1	1	1	2	0	37
chr9	27017051	27018646	1	1	1	1	0	7
chr9	27048275	27055608	1	1	1	1	0	6
chr9	27217759	27218776	1	1	1	1	0	41
chr9	27218818	27220048	1	1	1	1	0	7
chr9	27241515	27253633	2	2	1	1	0	41
chr9	32384736	32405484	1	1	1	1	0	35
chr9	32407430	32408513	1	1	1	1	0	45
chr9	32459515	32466289	2	2	1	1	0	7
chr9	32553945	32558909	2	2	1	26	0	45
chr9	32553945	32570959	2	2	1	3	0	26
chr9	32558955	32570959	2	2	1	10	0	39
chr9	33025384	33026474	1	1	1	1	0	27
chr9	33026617	33026812	1	1	1	3	0	17
chr9	33026991	33029884	1	1	1	3	0	34
chr9	33029990	33030439	1	1	1	5	0	30
chr9	33034331	33036573	1	1	1	2	0	25
chr9	33037116	33038684	1	1	1	4	0	36
chr9	33047392	33048105	2	2	1	2	0	36
chr9	33053291	33056112	2	2	1	1	0	12
chr9	33073807	33076582	2	2	1	1	0	27
chr9	33116114	33120418	2	2	1	3	0	4
chr9	33255309	33255864	2	2	1	2	0	26
chr9	33255928	33256800	2	2	1	1	0	6
chr9	33270717	33271151	1	1	1	3	0	23
chr9	33276565	33278112	1	1	1	1	0	46
chr9	33344189	33347037	1	1	1	4	0	42
chr9	33347118	33347662	1	1	1	1	0	45
chr9	33536946	33539448	1	1	1	0	1	24
chr9	33539503	33540077	1	1	1	0	2	39
chr9	33540213	33541146	1	1	1	0	1	17
chr9	33543256	33547937	1	1	1	4	0	39
chr9	33558188	33566218	1	1	1	1	0	15
chr9	33909424	33911347	1	1	1	1	0	14
chr9	33986838	33988972	2	2	1	1	0	28
chr9	33989127	33996222	2	2	1	2	0	41
chr9	33996334	33998786	2	2	1	7	0	43
chr9	34098518	34106433	2	2	1	1	0	3
chr9	34205779	34207256	1	1	1	1	0	45
chr9	34249962	34250657	1	1	1	1	0	18
chr9	34614769	34616029	2	2	1	1	0	17
chr9	34616114	34617884	2	2	1	1	0	15
chr9	34634854	34635356	2	2	1	2	0	23
chr9	34649565	34650368	1	1	1	3	0	23
chr9	34665191	34665313	2	2	1	1	0	24
chr9	35056199	35056305	2	2	1	1	0	14
chr9	35057223	35057375	2	2	1	1	0	6
chr9	35059220	35059492	2	4	1	1	0	15
chr9	35059802	35060312	2	2	1	2	0	24
chr9	35061180	35061576	2	2	1	1	0	26
chr9	35066818	35067890	2	2	1	1	0	35
chr9	35100121	35101709	2	2	1	2	0	42
chr9	35100173	35100597	2	2	1	4	0	44
chr9	35101012	35101134	2	2	1	1	0	10
chr9	35101280	35101425	2	2	1	1	0	13
chr9	35101561	35101709	2	2	1	1	0	16
chr9	35682164	35684245	2	2	1	57	0	46
chr9	35684316	35684487	2	2	1	11	0	44
chr9	35684808	35685268	2	2	1	1	0	24
chr9	35685340	35685433	2	2	1	2	0	34
chr9	35685552	35685646	2	2	1	2	0	11
chr9	35720914	35721647	2	2	1	2	0	16
chr9	35724725	35724829	2	2	1	3	0	30
chr9	35724960	35725223	2	2	1	1	0	8
chr9	35813146	35813265	2	2	1	3	0	35
chr9	35813339	35813444	2	2	1	1	0	25
chr9	36191274	36197550	1	1	1	3	0	34
chr9	36197589	36198978	1	1	1	3	0	27
chr9	36199097	36204067	1	1	1	3	0	40
chr9	36204109	36211979	1	3	1	1	0	41
chr9	36234133	36236831	2	2	1	1	0	44
chr9	36339815	36342324	2	2	1	1	0	7
chr9	36573008	36581643	1	1	1	1	0	27
chr9	36657364	36665349	1	1	1	3	0	26
chr9	36671167	36674833	1	1	1	1	0	32
chr9	37327835	37349356	1	1	1	3	0	19
chr9	37349453	37354709	1	1	1	4	0	26
chr9	37354825	37356834	1	1	1	1	0	41
chr9	37432139	37436660	1	1	1	1	0	17
chr9	37495277	37495889	1	1	1	1	0	5
chr9	37588933	37592411	2	2	1	12	0	43
chr9	37780881	37781985	2	2	1	1	0	38
chr9	37782138	37783913	2	2	1	0	2	37
chr9	38596404	38601130	2	2	1	3	0	17
chr9	38601202	38603158	2	2	1	1	0	4
chr9	38603213	38604152	2	2	1	0	1	17
chr9	38604288	38604862	2	2	1	0	2	39
chr9	38604917	38607425	2	2	1	0	1	24
chr9	39447453	39456508	2	2	1	2	0	33
chr9	39863943	39873909	2	2	1	1	0	25
chr9	40595941	40600947	1	1	1	0	2	35
chr9	40598428	40600947	1	1	1	0	2	35
chr9	40599263	40600947	1	1	1	0	2	35
chr9	41131841	41132227	2	2	1	0	8	42
chr9	41133571	41133673	2	2	1	0	1	35
chr9	41162378	41165000	2	2	1	2	0	8
chr9	41171935	41172711	2	2	1	0	1	33
chr9	41183661	41185992	2	2	1	0	3	39
chr9	42334156	42334268	2	2	1	0	2	16
chr9	62897735	62899847	1	1	1	2	0	16
chr9	63039121	63040809	2	2	1	0	2	35
chr9	63039121	63041601	2	2	1	0	2	35
chr9	63376099	63379122	2	2	1	1	0	12
chr9	63380012	63383572	2	2	1	1	0	17
chr9	63397011	63398689	1	1	1	0	1	29
chr9	63397084	63398758	1	1	1	0	26	45
chr9	63397846	63398689	1	1	1	0	1	29
chr9	63833449	63834435	2	2	1	0	2	23
chr9	64001750	64002526	2	2	1	0	1	33
chr9	65207709	65210189	1	1	1	0	2	35
chr9	65208500	65210189	1	1	1	0	2	35
chr9	65288016	65288402	2	2	1	0	1	8
chr9	65288016	65289657	2	2	1	3	0	34
chr9	65679253	65681573	1	1	1	0	3	39
chr9	65692609	65693385	1	1	1	0	1	33
chr9	65733123	65733509	1	1	1	0	8	42
chr9	66787727	66787839	1	1	1	0	2	16
chr9	68245300	68247612	1	1	1	0	3	39
chr9	68258570	68259346	1	1	1	0	1	33
chr9	68297649	68297751	1	1	1	0	1	35
chr9	68299094	68299480	1	1	1	0	8	42
chr9	69035948	69046384	1	1	1	1	0	33
chr9	69065036	69072611	1	1	1	2	0	43
chr9	69221497	69225303	1	1	1	2	0	37
chr9	69248225	69249374	1	1	1	1	0	9
chr9	70225835	70225967	1	1	1	1	0	40
chr9	70267976	70277309	1	1	1	1	0	14
chr9	70277473	70278490	1	1	1	2	0	17
chr9	70280900	70282421	1	1	1	2	0	40
chr9	70282584	70286199	1	1	1	1	0	25
chr9	70286272	70297965	1	1	1	1	0	32
chr9	70298222	70300045	1	1	1	1	0	17
chr9	70318688	70318793	1	1	1	1	0	11
chr9	70344270	70346604	1	1	1	1	0	40
chr9	70344270	70347065	1	1	1	3	0	30
chr9	70346650	70347065	1	1	1	1	0	4
chr9	71685394	71685742	2	2	1	1	0	42
chr9	71734995	71740062	2	2	1	1	0	35
chr9	72356102	72356930	2	2	1	3	0	22
chr9	72357057	72359417	2	2	1	2	0	22
chr9	74985011	74996446	2	2	1	1	0	40
chr9	74996561	74998597	2	2	1	1	0	18
chr9	75016432	75017252	2	2	1	2	0	10
chr9	75017449	75028011	2	2	1	1	0	39
chr9	75140933	75146682	1	1	1	1	0	7
chr9	76189747	76193236	1	1	1	2	0	19
chr9	76704100	76704760	2	2	1	2	0	21
chr9	77199989	77201364	1	1	1	3	0	43
chr9	77201408	77205312	1	1	1	4	0	35
chr9	77205409	77205977	1	1	1	1	0	12
chr9	77220082	77220276	1	1	1	2	0	45
chr9	77220384	77221184	1	1	1	5	0	43
chr9	77228265	77238001	1	1	1	3	0	33
chr9	77317699	77318234	1	1	1	1	0	17
chr9	77358439	77359332	1	1	1	1	0	42
chr9	77359644	77359699	0	0	1	3	0	31
chr9	77405988	77407532	1	1	1	1	0	4
chr9	78240196	78240291	1	1	1	1	0	30
chr9	78248874	78251907	1	1	1	1	0	41
chr9	78252044	78253231	1	1	1	2	0	9
chr9	78253278	78254835	1	1	1	2	0	37
chr9	78264317	78265371	1	1	1	3	0	36
chr9	78308584	78317675	1	1	1	4	0	14
chr9	78317805	78328050	1	1	1	2	0	28
chr9	79082168	79097970	1	1	1	0	2	33
chr9	79083141	79098954	1	1	1	0	1	36
chr9	79627449	79652592	1	1	1	1	0	29
chr9	83012512	83015804	2	2	1	1	0	40
chr9	83289923	83290602	2	2	1	2	0	16
chr9	83806561	83816995	2	2	1	1	0	19
chr9	83969381	83970161	2	2	1	2	0	29
chr9	83969441	83970161	2	2	1	2	0	18
chr9	83970332	83970736	2	2	1	2	0	38
chr9	83970820	83970896	2	2	1	4	0	16
chr9	83970913	83971272	2	2	1	4	0	16
chr9	83971357	83971671	2	2	1	2	0	38
chr9	83973400	83973901	2	2	1	1	0	16
chr9	83973974	83974516	2	2	1	2	0	6
chr9	83974590	83975461	2	2	1	5	0	32
chr9	83975506	83976994	2	2	1	3	0	44
chr9	83977052	83977688	2	2	1	3	0	40
chr9	83977787	83978194	2	2	1	1	0	37
chr9	83978280	83978372	2	2	1	1	1	19
chr9	83978453	83980152	2	2	1	2	0	35
chr9	83978453	83980502	2	2	1	5	1	45
chr9	83980892	83999708	1	1	1	1	0	34
chr9	85677583	85678334	2	2	1	4	0	46
chr9	85678399	85681267	2	2	1	2	0	13
chr9	85692814	85712501	2	2	1	2	0	14
chr9	85712567	85741774	2	2	1	2	0	13
chr9	85846048	85849345	1	1	1	1	0	22
chr9	85942284	85956359	1	1	1	1	0	34
chr9	85962181	85974966	1	1	1	1	0	22
chr9	86009932	86013045	1	1	1	1	0	34
chr9	86013898	86016538	1	1	1	5	0	42
chr9	86027894	86033281	2	2	1	2	0	13
chr9	86266192	86272006	2	2	1	0	1	13
chr9	86274243	86282377	2	2	1	1	0	38
chr9	86301602	86303085	2	2	1	2	0	34
chr9	86309290	86309462	2	2	1	1	0	19
chr9	87385077	87393783	2	2	1	2	0	8
chr9	87498108	87498969	1	1	1	1	0	17
chr9	87639816	87640297	1	1	1	1	0	9
chr9	87647404	87648780	1	1	1	1	0	21
chr9	87730499	87731007	1	1	1	1	0	32
chr9	88206393	88214509	2	2	1	2	0	28
chr9	88388539	88448940	1	1	1	1	0	8
chr9	89315298	89316372	1	1	1	2	0	32
chr9	89332987	89334635	1	1	1	2	0	36
chr9	89334156	89334635	1	1	1	2	0	13
chr9	89334731	89338457	1	1	1	4	0	34
chr9	89347049	89348078	1	1	1	2	0	42
chr9	89403017	89405350	2	2	1	1	0	5
chr9	91214426	91216058	2	2	1	1	0	5
chr9	91216107	91217276	2	2	1	1	0	38
chr9	91991427	91998243	1	1	1	1	0	30
chr9	92210890	92222519	2	2	1	2	0	20
chr9	92223490	92229000	2	2	1	1	0	20
chr9	92229127	92240855	2	2	1	3	0	14
chr9	92245072	92247376	2	2	1	1	0	39
chr9	92258999	92260150	2	2	1	1	0	32
chr9	92263056	92264928	2	2	1	5	0	39
chr9	92269984	92270984	2	2	1	1	0	36
chr9	92280894	92285721	2	2	1	1	0	26
chr9	92285840	92286535	2	2	1	1	0	22
chr9	92298337	92298883	2	2	1	1	0	33
chr9	92298955	92299889	2	2	1	1	0	20
chr9	92305831	92306885	2	2	1	1	0	38
chr9	92307025	92310170	2	2	1	2	0	21
chr9	92323504	92324022	2	2	1	1	0	44
chr9	93079603	93084536	1	1	1	1	0	24
chr9	93110722	93111878	1	1	1	1	0	41
chr9	93317632	93320366	1	1	1	1	0	26
chr9	93529581	93532154	1	1	1	3	0	31
chr9	94104386	94107827	1	1	1	1	0	7
chr9	95135052	95135345	2	2	1	1	0	29
chr9	95508180	95508333	0	0	1	3	0	30
chr9	95870442	95874508	2	2	1	1	0	36
chr9	95876085	95880868	1	1	1	2	0	6
chr9	96465499	96465709	1	1	1	1	0	46
chr9	96763214	96763505	2	2	1	1	0	19
chr9	96947453	96948871	2	4	1	1	2	34
chr9	97038054	97039070	2	2	1	1	0	19
chr9	97161967	97170606	2	2	1	2	0	16
chr9	97170737	97172947	2	2	1	1	0	3
chr9	97173061	97178263	2	2	1	11	0	44
chr9	97178414	97179447	2	2	1	1	0	8
chr9	97178414	97185441	2	2	1	1	0	38
chr9	97180917	97185441	2	2	1	4	0	43
chr9	97185513	97186174	2	2	1	1	0	6
chr9	97185513	97188464	2	2	1	1	0	33
chr9	97187541	97188464	2	2	1	1	0	16
chr9	97188600	97190335	2	2	1	1	0	18
chr9	97188600	97191730	2	2	1	5	0	32
chr9	97191799	97194702	2	2	1	1	0	19
chr9	97194841	97195478	2	2	1	1	0	24
chr9	97194841	97196528	2	2	1	1	0	27
chr9	97194841	97211372	2	2	1	1	0	13
chr9	97200566	97211372	2	2	1	1	0	35
chr9	97487333	97495662	1	1	1	2	0	26
chr9	97643361	97645116	1	1	1	3	0	37
chr9	97645225	97645610	1	1	1	1	0	38
chr9	97648224	97650502	1	1	1	1	0	43
chr9	97669707	97671085	1	1	1	1	0	28
chr9	97685041	97687095	2	2	1	1	0	26
chr9	97998679	98004963	1	1	1	1	0	33
chr9	98005154	98011270	1	1	1	2	0	17
chr9	98011390	98012420	1	1	1	5	0	19
chr9	98012473	98015363	1	1	1	13	0	40
chr9	98081083	98082845	1	1	1	3	0	4
chr9	99222367	99222545	1	1	1	1	0	12
chr9	99222644	99227898	1	1	1	1	0	21
chr9	99228001	99230336	1	1	1	11	0	38
chr9	99958197	99958293	2	2	1	1	0	40
chr9	99982714	99984966	2	2	1	1	0	29
chr9	99982714	100016321	2	2	1	1	0	33
chr9	100302305	100303631	2	2	1	6	0	41
chr9	100321772	100326301	2	2	1	1	0	16
chr9	100340370	100346071	2	2	1	2	0	37
chr9	100341110	100341243	1	1	1	1	0	28
chr9	100354096	100390448	1	1	1	2	0	39
chr9	100442357	100450556	1	1	1	1	0	18
chr9	100561521	100572517	1	1	1	1	0	44
chr9	101028114	101028169	2	4	1	1	0	39
chr9	101554106	101554693	1	1	1	3	0	34
chr9	104098569	104099643	1	1	1	1	0	20
chr9	104099683	104100092	1	1	1	3	0	40
chr9	104100204	104100388	1	1	1	2	0	25
chr9	104102194	104102423	1	1	1	1	0	44
chr9	104111815	104113315	1	1	1	5	0	32
chr9	104120163	104123107	1	1	1	7	0	31
chr9	104123233	104124911	1	1	1	6	0	31
chr9	105364721	105365482	1	1	1	1	0	4
chr9	105525604	105526444	2	2	1	0	1	3
chr9	105618093	105619933	1	1	1	1	0	22
chr9	105748191	105749072	1	1	1	1	0	21
chr9	106923604	106924132	1	1	1	1	0	24
chr9	106984410	107003293	1	1	1	1	0	31
chr9	107009669	107010822	1	1	1	1	0	27
chr9	107311738	107318751	1	1	1	1	0	11
chr9	107322119	107323889	1	1	1	2	0	26
chr9	108889394	108891202	2	2	1	1	0	5
chr9	108942835	108942960	2	2	1	1	0	6
chr9	108944019	108948185	2	2	1	1	0	15
chr9	108990846	108992631	2	2	1	5	0	39
chr9	110156498	110168398	1	1	1	1	0	10
chr9	110244220	110244777	2	2	1	45	0	46
chr9	110244844	110250819	2	2	1	5	0	44
chr9	110246797	110250819	2	2	1	1	0	21
chr9	110250880	110251357	2	2	1	3	0	31
chr9	111362170	111363587	2	2	1	2	0	28
chr9	111363660	111366238	2	2	1	1	0	16
chr9	111366328	111366521	2	2	1	1	0	20
chr9	111372621	111373169	2	2	1	2	0	26
chr9	111373237	111373314	2	2	1	3	0	39
chr9	111383333	111384521	2	2	1	3	0	31
chr9	111394306	111397029	2	2	1	2	0	10
chr9	111418007	111420016	2	2	1	2	0	41
chr9	111533866	111534260	1	1	1	2	0	29
chr9	111563232	111570090	2	2	1	1	0	10
chr9	111647260	111649452	1	1	1	3	0	42
chr9	111649924	111653099	1	1	1	1	0	13
chr9	112251104	112252677	2	2	1	1	0	42
chr9	112459578	112470431	1	1	1	1	0	7
chr9	113184400	113184694	2	2	1	1	0	18
chr9	113194170	113196931	2	2	1	1	0	38
chr9	113197079	113198854	2	2	1	1	0	11
chr9	113256044	113256454	2	2	1	1	0	20
chr9	113279132	113282645	1	1	1	1	0	22
chr9	113408984	113409609	2	2	1	3	0	41
chr9	113409729	113410054	2	2	1	6	0	46
chr9	114511243	114568716	1	1	1	2	0	32
chr9	114587921	114592551	1	1	1	2	0	38
chr9	114592653	114597569	1	1	1	1	0	5
chr9	120389293	120389740	2	2	1	3	0	37
chr9	120389788	120394511	2	2	1	2	0	45
chr9	120400886	120402805	2	2	1	4	0	46
chr9	120460668	120467859	2	2	1	2	0	10
chr9	120487438	120491306	2	2	1	1	0	13
chr9	120518646	120524985	2	2	1	1	0	30
chr9	120527926	120528743	2	2	1	3	0	29
chr9	120528798	120529977	2	2	1	4	0	34
chr9	120572042	120579919	2	2	1	1	0	20
chr9	120764848	120771347	2	2	1	1	0	40
chr9	120793258	120793353	2	2	1	1	0	34
chr9	120831946	120833311	2	2	1	1	0	44
chr9	121095019	121096421	1	1	1	1	0	33
chr9	121144083	121144842	1	1	1	4	0	4
chr9	121161972	121162053	1	1	1	1	0	38
chr9	121193420	121201638	2	2	1	2	0	44
chr9	121329316	121331387	1	1	1	1	0	16
chr9	122242044	122245255	2	2	1	1	0	17
chr9	122291841	122313226	1	1	1	1	0	20
chr9	122871412	122871724	2	4	1	1	0	44
chr9	123074429	123076244	1	1	1	2	0	27
chr9	123076287	123076633	1	1	1	1	0	24
chr9	123089851	123090274	1	1	1	3	0	25
chr9	123125674	123128213	2	2	1	1	0	37
chr9	123136182	123136380	2	2	1	4	0	35
chr9	123136516	123139528	2	2	1	3	0	44
chr9	123139688	123146854	2	2	1	4	0	33
chr9	123147055	123147777	2	2	1	1	0	31
chr9	123147871	123158011	2	2	1	2	0	46
chr9	123161069	123169901	2	2	1	2	0	20
chr9	123757823	123769513	2	2	1	1	0	16
chr9	123769564	123792586	2	2	1	1	0	26
chr9	124353710	124356763	2	2	1	12	0	39
chr9	124356916	124384597	2	2	1	3	0	27
chr9	124384657	124405316	2	2	1	2	0	8
chr9	124412493	124413907	2	2	1	1	0	46
chr9	124858068	124860182	2	2	1	340	27	46
chr9	124860265	124861418	2	2	1	45	5	44
chr9	124861556	124861909	2	2	1	8	0	42
chr9	124873765	124874974	1	1	1	1	0	26
chr9	124875152	124876877	1	1	1	5	0	33
chr9	124928286	124929215	2	2	1	1	0	31
chr9	124965875	124971369	2	2	1	1	0	41
chr9	125106860	125107505	2	4	1	1	0	26
chr9	125237062	125238140	2	2	1	0	1	5
chr9	125237155	125238140	2	2	1	4	0	18
chr9	125238309	125238589	2	2	1	2	0	37
chr9	125238828	125238940	2	2	1	1	0	31
chr9	125239332	125239420	2	2	1	1	0	28
chr9	125239534	125240171	2	2	1	1	0	38
chr9	125337592	125341176	1	1	1	9	0	44
chr9	125439013	125444500	2	2	1	1	0	7
chr9	125468110	125484442	2	2	1	1	0	24
chr9	125502197	125503811	1	1	1	1	0	44
chr9	125669908	125672315	2	2	1	3	0	35
chr9	127447727	127447876	2	2	1	321	1	46
chr9	127447990	127448336	2	2	1	274	0	46
chr9	127448424	127449280	2	2	1	29	1	40
chr9	127449363	127449609	2	2	1	21	0	43
chr9	127449709	127450730	2	2	1	18	1	44
chr9	127450805	127451280	2	2	1	6	1	46
chr9	127479506	127479838	1	1	1	4	0	33
chr9	127666297	127668079	1	1	1	1	0	4
chr9	127675943	127676643	1	1	1	1	0	9
chr9	127756759	127757043	2	4	1	2	0	34
chr9	127867902	127871906	2	2	1	1	0	32
chr9	127871940	127872689	2	2	1	1	0	27
chr9	128166881	128167094	2	2	1	1	0	21
chr9	128234108	128239444	1	1	1	1	0	29
chr9	128267998	128268116	2	2	1	1	0	43
chr9	128284632	128285938	1	1	1	1	0	37
chr9	128566978	128568771	1	1	1	2	0	40
chr9	128577507	128578109	1	1	1	2	0	32
chr9	128598987	128600079	1	1	1	1	0	12
chr9	128600116	128603542	1	1	1	1	0	36
chr9	128618109	128618870	1	1	1	1	0	12
chr9	128621257	128624327	1	1	1	1	0	24
chr9	128625979	128626390	1	1	1	1	0	8
chr9	128632719	128632807	1	1	1	1	0	39
chr9	128634384	128634688	2	2	1	2	0	5
chr9	128684008	128691169	1	1	1	1	0	12
chr9	128689656	128691169	1	1	1	2	0	33
chr9	128691228	128691857	1	1	1	2	0	45
chr9	128692982	128693637	1	1	1	6	0	45
chr9	128693809	128693895	1	1	1	15	0	46
chr9	128694043	128694640	1	1	1	4	0	31
chr9	128829156	128829744	2	2	1	2	0	20
chr9	128833058	128833226	2	2	1	1	0	25
chr9	128833220	128833400	1	1	1	1	0	25
chr9	128909322	128916095	1	1	1	2	0	15
chr9	128916638	128916963	1	1	1	2	0	40
chr9	128985015	128986557	1	1	1	1	0	23
chr9	129008128	129009802	0	0	1	3	0	37
chr9	129626296	129632649	1	1	1	1	0	39
chr9	129829304	129829404	2	2	1	1	0	25
chr9	129829542	129830870	2	2	1	1	0	20
chr9	129831974	129833446	2	2	1	2	0	43
chr9	129834767	129835138	2	2	1	1	0	32
chr9	129895997	129899964	2	2	1	2	0	40
chr9	129900548	129902868	2	2	1	1	0	34
chr9	129923997	129924959	2	2	1	1	0	34
chr9	129929696	129957359	2	2	1	1	0	22
chr9	130489465	130494866	1	1	1	3	0	17
chr9	130499571	130500975	1	1	1	1	0	25
chr9	130595589	130609953	1	1	1	1	0	30
chr9	130880665	130883968	1	1	1	1	0	20
chr9	131017601	131058768	2	2	1	1	0	43
chr9	131111664	131114576	1	1	1	1	0	41
chr9	131130837	131132595	1	1	1	1	0	37
chr9	131228332	131230629	1	1	1	3	0	44
chr9	131230770	131232283	1	1	1	3	0	38
chr9	131448190	131450513	2	2	1	1	0	14
chr9	131473725	131474453	1	1	1	1	0	38
chr9	131521473	131522046	1	1	1	1	0	45
chr9	131863141	131884057	2	2	1	1	0	27
chr9	132296029	132296886	2	2	1	4	0	39
chr9	132311857	132326323	2	2	1	1	0	5
chr9	132331140	132331276	2	2	1	1	0	28
chr9	132670956	132677976	1	1	1	3	0	4
chr9	132897346	132897422	2	2	1	1	0	34
chr9	133332349	133332547	2	2	1	1	0	3
chr9	133333807	133334391	2	2	1	2	0	35
chr9	133341182	133341620	1	3	1	1	0	32
chr9	133349043	133349550	1	1	1	3	0	19
chr9	133349701	133349911	1	1	1	1	2	29
chr9	133350053	133350239	1	1	1	6	0	31
chr9	133350320	133350596	1	1	1	7	0	30
chr9	133350728	133351001	1	1	1	94	4	45
chr9	133351072	133351261	1	1	1	468	0	46
chr9	133351983	133352060	2	2	1	7	0	40
chr9	133352767	133353748	2	2	1	1	0	44
chr9	133360130	133360264	1	1	1	1	0	16
chr9	133360435	133361055	1	1	1	31	0	45
chr9	133411074	133412298	2	2	1	3	0	23
chr9	133415012	133417619	2	2	1	1	0	26
chr9	133778890	133779917	2	2	1	1	0	22
chr9	133779940	133780693	2	2	1	1	0	6
chr9	133791870	133795667	2	2	1	1	0	8
chr9	133985497	133985725	1	1	1	1	0	35
chr9	134033053	134033279	1	3	1	1	0	28
chr9	134040270	134041759	2	2	1	5	0	45
chr9	134041952	134045292	2	2	1	1	0	21
chr9	134110032	134124428	1	1	1	0	1	31
chr9	134154542	134155339	1	1	1	2	0	6
chr9	134155374	134155692	1	1	1	2	0	34
chr9	134156594	134157892	1	1	1	1	0	24
chr9	135881795	135882815	2	2	1	1	0	25
chr9	135938361	135939672	2	2	1	3	0	25
chr9	135945998	135946268	2	2	1	1	0	13
chr9	135953754	135955294	2	2	1	2	0	36
chr9	136402888	136404054	2	2	1	1	0	5
chr9	136407562	136407825	2	2	1	1	0	19
chr9	136670331	136670949	1	1	1	1	0	3
chr9	136671015	136671925	1	1	1	1	0	5
chr9	136838016	136838908	1	1	1	1	0	44
chr9	136839487	136839693	1	1	1	4	0	30
chr9	136839866	136840153	1	1	1	9	0	29
chr9	136850138	136850754	1	1	1	2	0	13
chr9	136862346	136862905	2	2	1	8	0	44
chr9	136863000	136863287	2	2	1	6	0	45
chr9	136863449	136863819	2	2	1	1	0	22
chr9	136863872	136866180	2	2	1	1	0	25
chr9	137110784	137110879	2	2	1	1	0	12
chr9	137113497	137113864	2	2	1	1	0	45
chr9	137242022	137242495	1	1	1	1	0	4
chr9	137449492	137449598	2	2	1	1	0	15
chr9	137452436	137452552	2	2	1	2	0	13
chr9	137452587	137452735	2	2	1	2	0	34
chr9	137552108	137552515	2	4	1	1	0	37
chr9	137595680	137596569	2	4	1	1	0	39
chr9	137717183	137728348	1	1	1	5	0	35
chr9	137720023	137720127	1	1	1	0	1	45
chr10	248609	248902	1	1	1	1	0	10
chr10	384640	387744	2	2	1	1	0	23
chr10	813214	814741	2	2	1	1	0	9
chr10	814851	814945	2	2	1	1	0	42
chr10	916559	916994	1	1	1	2	0	19
chr10	999096	1000676	1	1	1	1	0	44
chr10	1000869	1000947	1	1	1	3	0	24
chr10	1001014	1005817	1	1	1	1	0	45
chr10	1007129	1008957	1	1	1	2	0	18
chr10	1009036	1009528	1	1	1	12	0	38
chr10	1009581	1010419	1	1	1	20	0	46
chr10	1010521	1012464	1	1	1	3	0	26
chr10	1012663	1014246	1	3	1	1	0	11
chr10	1054246	1056308	2	2	1	1	0	34
chr10	3118850	3134502	0	0	1	3	0	35
chr10	3133315	3134482	1	1	1	1	0	20
chr10	3135839	3137542	1	1	1	1	0	38
chr10	3138338	3138903	2	2	1	1	0	20
chr10	3140813	3143388	2	2	1	1	0	26
chr10	3157532	3158039	2	2	1	1	0	41
chr10	5689622	5709529	1	1	1	1	0	14
chr10	5731204	5735303	1	1	1	1	0	34
chr10	5757674	5758886	1	1	1	1	0	45
chr10	5766639	5768212	2	2	1	0	1	22
chr10	5768385	5773841	2	2	1	2	0	40
chr10	5785274	5785851	2	2	1	3	0	36
chr10	5800706	5813213	2	2	1	0	1	21
chr10	5878288	5880297	2	2	1	3	0	36
chr10	6010465	6032579	2	2	1	1	0	23
chr10	6097189	6101270	1	1	1	1	0	27
chr10	6101388	6104930	1	1	1	17	0	39
chr10	6112362	6113507	1	1	1	1	0	27
chr10	6113582	6114048	1	1	1	1	0	12
chr10	6114148	6115238	1	1	1	2	0	36
chr10	6115312	6115452	1	1	1	3	0	17
chr10	6464405	6478991	2	2	1	1	0	14
chr10	7756143	7759889	2	2	1	2	0	39
chr10	7769346	7774830	2	2	1	1	0	34
chr10	7774892	7775750	2	2	1	2	0	46
chr10	7779020	7780055	2	2	1	1	0	31
chr10	7788264	7796120	1	1	1	1	0	3
chr10	7797179	7798989	1	1	1	1	0	26
chr10	7800092	7802269	1	1	1	2	0	18
chr10	7802426	7802757	1	1	1	6	0	32
chr10	7802855	7806973	1	1	1	35	0	41
chr10	7802855	7807658	1	1	1	3	0	30
chr10	7807011	7807658	1	1	1	55	0	37
chr10	7807747	7818251	2	2	1	0	4	3
chr10	7824561	7963919	1	1	1	0	1	3
chr10	7824561	7963922	1	1	1	0	1	3
chr10	11943169	11948368	2	2	1	1	0	28
chr10	11948509	11952065	2	2	1	3	0	11
chr10	12157068	12157907	1	1	1	1	0	21
chr10	12167812	12170716	2	2	1	4	0	31
chr10	12173814	12177792	2	2	1	1	0	9
chr10	12196320	12198704	1	1	1	3	0	30
chr10	12198777	12209966	1	1	1	2	0	16
chr10	12217468	12230947	1	1	1	1	0	33
chr10	12235124	12237143	1	1	1	1	0	17
chr10	12237267	12238456	1	1	1	1	0	29
chr10	12238486	12246148	1	1	1	1	0	19
chr10	12246278	12249580	1	1	1	1	0	11
chr10	12249719	12250310	1	1	1	4	0	44
chr10	13119041	13122384	1	1	1	3	0	32
chr10	13133582	13136744	1	1	1	1	0	42
chr10	13161607	13164127	1	1	1	2	0	24
chr10	13164210	13170921	1	1	1	1	0	22
chr10	13183101	13186163	1	1	1	1	0	14
chr10	13197768	13198688	1	1	1	6	0	41
chr10	13319357	13322834	2	2	1	6	0	31
chr10	13323048	13328350	2	2	1	1	0	28
chr10	13328451	13329697	2	2	1	1	0	37
chr10	13329789	13333816	2	2	1	1	0	12
chr10	13342807	13343770	2	2	1	1	0	25
chr10	13614087	13616397	1	1	1	1	0	13
chr10	13616554	13630259	1	1	1	1	0	11
chr10	13666326	13670405	2	2	1	1	0	24
chr10	14626736	14647026	2	2	1	1	0	43
chr10	14838460	14839904	1	1	1	1	0	23
chr10	14840158	14848608	1	1	1	1	0	19
chr10	14848658	14848789	1	1	1	1	0	24
chr10	14867296	14867735	1	1	1	1	0	32
chr10	14867910	14870596	1	1	1	1	0	16
chr10	14870668	14871527	1	1	1	9	0	39
chr10	15097410	15103304	1	1	1	1	0	14
chr10	15097767	15103304	1	1	1	2	0	12
chr10	16297940	16338625	2	2	1	1	0	6
chr10	16593497	16695022	2	2	1	3	0	4
chr10	16695156	16752538	2	2	1	1	0	14
chr10	17234819	17235168	1	1	1	4	0	42
chr10	17235390	17235845	1	1	1	2	0	36
chr10	17235890	17236293	1	1	1	3	0	39
chr10	17236380	17237229	1	1	1	12	0	42
chr10	17590447	17594204	2	2	1	1	0	41
chr10	17594384	17599289	2	2	1	1	0	21
chr10	17684928	17688026	1	1	1	4	0	7
chr10	19852317	19852355	1	1	1	1	0	24
chr10	20047016	20068169	1	1	1	1	0	5
chr10	20143418	20147783	1	1	1	3	0	40
chr10	20177095	20177327	1	1	1	1	0	20
chr10	20177410	20211668	1	1	1	1	0	27
chr10	21595441	21612347	1	1	1	1	0	18
chr10	21612452	21614830	1	1	1	2	0	20
chr10	21614925	21617111	1	1	1	1	0	20
chr10	21617208	21651672	1	1	1	1	0	29
chr10	21670705	21673640	1	1	1	1	0	28
chr10	21928553	21929039	2	2	1	1	0	31
chr10	22550773	22567850	2	2	1	1	0	10
chr10	22708897	22708936	2	2	1	1	0	43
chr10	23004986	23236017	1	1	1	0	5	37
chr10	24542771	24542882	1	1	1	1	0	11
chr10	24586107	24589270	2	2	1	2	0	8
chr10	24589303	24591224	2	2	1	2	0	32
chr10	24801849	24845538	1	1	1	1	0	41
chr10	24849892	24851387	2	2	1	1	0	40
chr10	24937368	24942329	2	2	1	1	0	14
chr10	26748746	26751597	2	2	1	2	0	39
chr10	27017793	27022557	2	2	1	2	0	18
chr10	27022688	27024446	2	2	1	1	0	18
chr10	27035753	27037185	2	2	1	2	0	40
chr10	27037324	27037870	2	2	1	1	0	23
chr10	27040179	27043425	2	2	1	4	0	40
chr10	27053391	27060344	2	2	1	2	0	43
chr10	27064082	27066486	2	2	1	1	0	18
chr10	27066549	27067156	2	2	1	4	0	44
chr10	27112121	27114520	2	2	1	1	0	40
chr10	27116134	27116218	2	2	1	4	0	31
chr10	27116346	27117575	2	2	1	2	0	20
chr10	27126787	27131858	2	2	1	1	0	36
chr10	27134123	27134830	2	2	1	1	0	25
chr10	27161183	27165063	1	1	1	1	0	34
chr10	27165171	27165388	1	1	1	1	0	14
chr10	27181582	27186378	1	1	1	1	0	5
chr10	28059744	28069771	2	2	1	2	0	7
chr10	28583506	28589735	1	1	1	1	0	33
chr10	28589852	28590719	1	1	1	1	0	7
chr10	28899091	28899345	1	3	1	0	1	17
chr10	29555109	29563200	2	2	1	2	0	24
chr10	30341641	30349118	2	2	1	1	0	19
chr10	31814362	31817787	2	2	1	1	0	46
chr10	31817887	31820386	2	2	1	1	0	38
chr10	31820489	31826303	2	2	1	1	0	36
chr10	31908927	31910524	2	2	1	1	0	10
chr10	31910564	31928677	2	2	1	1	0	39
chr10	32011517	32015508	2	2	1	1	0	24
chr10	32021132	32021225	2	4	1	1	0	13
chr10	32021288	32022139	2	2	1	1	0	12
chr10	32023037	32028427	2	2	1	5	0	36
chr10	32024669	32026341	1	3	1	1	0	20
chr10	32034039	32034689	2	2	1	2	0	36
chr10	32034839	32035521	2	2	1	14	0	46
chr10	32035668	32035889	2	2	1	7	0	42
chr10	32035995	32037253	2	2	1	1	0	33
chr10	32037379	32037519	2	2	1	3	0	24
chr10	32292645	32292987	2	2	1	2	0	8
chr10	32357937	32360866	2	4	1	2	0	42
chr10	32901636	32908367	2	2	1	0	1	24
chr10	32908535	32910222	2	2	1	0	12	44
chr10	32910456	32911447	2	2	1	0	1	20
chr10	32920386	32922256	2	2	1	2	0	7
chr10	32930045	32932514	2	2	1	5	0	39
chr10	32932601	32935491	2	2	1	2	0	40
chr10	32935559	32958144	2	2	1	3	0	44
chr10	33197710	33202890	2	2	1	2	0	43
chr10	33197710	33202911	2	2	1	1	0	35
chr10	34131584	34269656	2	2	1	2	0	43
chr10	34312383	34317106	2	2	1	19	0	42
chr10	34317339	34331116	2	2	1	18	0	44
chr10	34331345	34336198	2	2	1	2	0	26
chr10	34336244	34337274	2	2	1	1	0	26
chr10	35039083	35044565	2	2	1	1	0	6
chr10	35044677	35044771	2	2	1	1	0	25
chr10	35049766	35054433	2	2	1	1	0	39
chr10	37831313	37833024	2	2	1	1	0	26
chr10	38017021	38017290	1	1	1	1	0	27
chr10	38017387	38054374	1	1	1	2	0	26
chr10	38429884	38431039	1	1	1	1	0	27
chr10	42514720	42515870	1	1	1	1	0	28
chr10	42785673	42787167	1	1	1	1	0	30
chr10	42793145	42793851	1	1	1	1	0	30
chr10	42797232	42797421	1	1	1	1	0	29
chr10	42798626	42802136	1	1	1	4	0	46
chr10	42802219	42816598	1	1	1	6	0	33
chr10	42816673	42817317	1	1	1	4	0	32
chr10	42820425	42820507	1	1	1	1	0	28
chr10	43124983	43126574	1	1	1	1	0	33
chr10	43196269	43196475	2	2	1	1	0	16
chr10	43387937	43394629	2	2	1	2	0	22
chr10	44989376	44989669	1	1	1	1	0	31
chr10	44989722	44990947	1	1	1	1	0	9
chr10	45744883	45746599	1	1	1	1	0	40
chr10	45746648	45750095	1	1	1	1	0	29
chr10	45773359	45777272	1	1	1	0	1	12
chr10	45785632	45786611	1	1	1	0	1	26
chr10	45866583	45867407	2	2	1	1	0	20
chr10	45916172	45939360	2	2	1	1	0	15
chr10	45982931	45985382	1	1	1	1	0	6
chr10	45988848	46003202	1	1	1	1	0	26
chr10	49934164	49935075	2	2	1	2	0	31
chr10	49934164	49941508	2	2	1	1	0	28
chr10	49935143	49941508	2	2	1	2	0	31
chr10	49958481	49973011	1	1	1	1	0	22
chr10	50095779	50097674	1	1	1	1	0	9
chr10	50113998	50117905	1	1	1	0	1	12
chr10	50126180	50127159	1	1	1	0	1	26
chr10	50130040	50130900	1	1	1	2	0	23
chr10	50187505	50189498	2	2	1	0	1	10
chr10	50752557	50754550	1	1	1	0	1	10
chr10	56358186	56358376	2	2	1	2	0	22
chr10	56358460	56358555	2	2	1	1	0	33
chr10	56359533	56359686	2	2	1	2	0	21
chr10	56360142	56360292	2	2	1	1	0	37
chr10	57175493	57175576	1	5	1	2	0	32
chr10	58277323	58287560	1	1	1	1	0	26
chr10	58363687	58364770	1	1	1	1	0	26
chr10	58364877	58367922	1	1	1	4	0	46
chr10	58368017	58368719	1	1	1	1	0	18
chr10	58385649	58386219	1	1	1	4	0	38
chr10	58386339	58388189	1	1	1	3	0	43
chr10	58388261	58388669	1	1	1	12	0	44
chr10	58388820	58390764	1	1	1	1	0	14
chr10	58390861	58394357	1	1	1	1	0	17
chr10	58394415	58394927	1	1	1	1	0	44
chr10	59011898	59027093	2	2	1	1	0	40
chr10	59684328	59688274	2	2	1	1	0	36
chr10	59804521	59806921	2	2	1	2	0	38
chr10	59832654	59852552	2	2	1	4	0	45
chr10	59852703	59906121	2	2	1	2	0	36
chr10	60029827	60042671	2	2	1	2	0	45
chr10	60042760	60055657	2	2	1	2	0	23
chr10	60792290	60793876	1	1	1	2	0	46
chr10	60875043	60877907	2	2	1	1	0	7
chr10	62198444	62199753	2	2	1	1	0	18
chr10	62199862	62204856	2	2	1	3	0	36
chr10	62236264	62239647	2	2	1	1	0	12
chr10	62239766	62241141	2	2	1	3	0	28
chr10	62246058	62268550	2	2	1	1	0	27
chr10	63177857	63183446	2	2	1	1	0	46
chr10	63183570	63184607	2	2	1	3	0	33
chr10	63189447	63190893	2	2	1	1	0	10
chr10	63193092	63193344	2	2	1	1	0	36
chr10	63193152	63193344	2	2	1	6	0	42
chr10	63193473	63194285	2	2	1	1	0	39
chr10	63209236	63213472	2	2	1	1	0	36
chr10	63215152	63215262	2	2	1	10	0	43
chr10	63215456	63215552	2	2	1	5	0	36
chr10	63598145	63599169	1	1	1	1	0	11
chr10	63599284	63610186	1	1	1	5	0	36
chr10	63610335	63619654	1	1	1	1	0	38
chr10	63619801	63620812	1	1	1	7	0	32
chr10	67811664	67823313	2	2	1	1	0	11
chr10	67885152	67887416	1	1	1	3	0	15
chr10	67887534	67888881	1	1	1	1	0	30
chr10	67991016	67991139	2	2	1	2	0	35
chr10	68337334	68337857	1	1	1	5	0	36
chr10	68337997	68338502	1	1	1	3	0	29
chr10	68338643	68339139	1	1	1	2	0	12
chr10	68338688	68339139	1	1	1	1	0	45
chr10	68339556	68341173	1	1	1	2	0	23
chr10	68341681	68341758	1	1	1	3	0	44
chr10	68341852	68341977	1	1	1	8	0	45
chr10	68364114	68376852	2	2	1	3	0	45
chr10	68394452	68396779	2	2	1	1	0	32
chr10	68446414	68450027	2	2	1	2	0	34
chr10	68465149	68470511	1	3	1	1	0	35
chr10	68560743	68572216	1	1	1	1	0	9
chr10	68647006	68651845	1	1	1	1	0	10
chr10	68742570	68747160	1	1	1	2	0	19
chr10	68754078	68754713	1	1	1	1	0	42
chr10	68756484	68757293	1	3	1	3	0	46
chr10	68757378	68761006	1	1	1	8	0	44
chr10	68761193	68765887	1	1	1	1	0	4
chr10	68766080	68771205	1	1	1	24	0	46
chr10	68771446	68772987	1	1	1	6	0	40
chr10	68773100	68786135	1	1	1	2	0	42
chr10	68786219	68786545	1	1	1	2	0	38
chr10	68786693	68787926	1	1	1	1	0	12
chr10	68788048	68788142	1	1	1	6	0	46
chr10	68788329	68789709	1	1	1	1	0	26
chr10	68789916	68791206	1	1	1	1	0	31
chr10	68901472	68906710	1	1	1	4	0	31
chr10	68910383	68911067	1	1	1	1	0	16
chr10	68913577	68914058	1	1	1	1	0	7
chr10	68934919	68936005	1	1	1	1	0	22
chr10	68956313	68959805	1	1	1	29	0	45
chr10	68956749	68959805	1	1	1	2	0	38
chr10	68963470	68965376	1	1	1	1	0	15
chr10	69011016	69015540	1	1	1	1	0	19
chr10	69155888	69157006	1	1	1	1	0	35
chr10	69162513	69166041	1	1	1	1	0	21
chr10	69168632	69171155	1	1	1	3	0	45
chr10	69384482	69384795	1	1	1	2	0	24
chr10	69384916	69386322	1	1	1	2	0	36
chr10	69395106	69398594	1	1	1	2	0	33
chr10	69631823	69633441	1	1	1	1	0	35
chr10	70152593	70153837	2	2	1	15	0	44
chr10	70194838	70195842	2	4	1	1	0	27
chr10	70206334	70209204	2	2	1	1	0	3
chr10	70209291	70209557	2	2	1	1	0	3
chr10	70209686	70213462	2	2	1	2	0	39
chr10	70529332	70529888	1	1	1	1	0	43
chr10	71816405	71820296	2	2	1	1	0	40
chr10	71816408	71816503	2	2	1	2	0	23
chr10	71816660	71816729	1	3	1	1	0	17
chr10	71819112	71819464	2	2	1	1	0	7
chr10	71819623	71819713	2	2	1	1	0	30
chr10	71820336	71821875	2	2	1	4	0	43
chr10	71822008	71825836	2	2	1	1	0	16
chr10	71825894	71828013	2	2	1	2	0	37
chr10	72067121	72067612	2	2	1	1	0	29
chr10	72224057	72230365	1	1	1	1	0	29
chr10	72334618	72335779	2	2	1	2	0	9
chr10	72335932	72336523	2	2	1	3	0	40
chr10	72563064	72566632	2	2	1	1	0	44
chr10	72845515	72849247	2	2	1	2	0	27
chr10	72859348	72860422	1	1	1	3	0	37
chr10	72884383	72885744	1	1	1	1	0	22
chr10	73051250	73053350	2	2	1	2	0	25
chr10	73073828	73074807	2	2	1	3	0	40
chr10	73134814	73136703	2	2	1	2	0	19
chr10	73146362	73148275	2	2	1	2	0	7
chr10	73243520	73243842	2	2	1	2	0	35
chr10	73250992	73251762	2	2	1	1	0	5
chr10	73379024	73379878	2	2	1	1	0	24
chr10	73379955	73380030	2	2	1	2	0	10
chr10	73728588	73730005	2	2	1	1	0	34
chr10	73771547	73772064	2	2	1	1	0	35
chr10	73782442	73783073	1	1	1	1	0	35
chr10	73794640	73795538	1	1	1	1	0	23
chr10	73814506	73815002	2	2	1	3	0	33
chr10	73921616	73954427	1	1	1	1	0	25
chr10	74072853	74074742	1	1	1	2	0	31
chr10	74083514	74089195	1	1	1	2	0	11
chr10	74089350	74090022	1	1	1	1	0	24
chr10	74101098	74103819	1	1	1	2	0	34
chr10	74114388	74114794	1	1	1	1	0	17
chr10	74114900	74118022	1	1	1	3	0	26
chr10	74124525	74126147	2	2	1	1	0	34
chr10	74525427	74589281	1	1	1	2	0	36
chr10	74589318	74600378	1	1	1	3	0	27
chr10	74972640	74975398	1	1	1	1	0	16
chr10	75021286	75021880	1	1	1	1	0	23
chr10	75219357	75220742	1	1	1	1	0	4
chr10	75222338	75229643	1	1	1	1	0	25
chr10	75222403	75229643	1	1	1	0	2	38
chr10	75229702	75230897	1	1	1	1	0	21
chr10	77792544	77794007	2	2	1	2	0	8
chr10	78033905	78035351	1	1	1	2	0	23
chr10	78035418	78035510	1	1	1	7	0	27
chr10	78035721	78037193	1	1	1	63	25	46
chr10	78037305	78037438	1	1	1	16	0	3
chr10	78037305	78037964	1	1	1	4	0	18
chr10	78037305	78040203	1	1	1	177	1	22
chr10	78037305	78040614	1	1	1	318	0	46
chr10	78037442	78040203	1	1	1	14	1	3
chr10	78037983	78040203	1	1	1	3	0	18
chr10	78037983	78040614	1	1	1	1	1	18
chr10	78040226	78040614	1	1	1	171	2	24
chr10	79351584	79352316	1	1	1	2	0	11
chr10	79513159	79513631	2	2	1	0	1	17
chr10	79798028	79801923	2	2	1	0	1	32
chr10	80162029	80163348	2	2	1	2	0	28
chr10	80163406	80163533	2	2	1	1	0	7
chr10	80246698	80247174	1	1	1	0	1	17
chr10	80422509	80425865	1	1	1	2	0	13
chr10	84150244	84150708	1	1	1	2	0	43
chr10	84150881	84152263	1	1	1	1	0	8
chr10	84328809	84371013	1	1	1	2	0	38
chr10	84425894	84438511	1	1	1	1	0	37
chr10	84425894	84463932	1	1	1	2	0	4
chr10	84438708	84463932	1	1	1	5	0	37
chr10	84464017	84470371	1	1	1	5	0	40
chr10	84592816	84629512	2	2	1	1	0	15
chr10	86467507	86470991	2	2	1	5	0	36
chr10	86472345	86472611	2	2	1	3	0	12
chr10	86472765	86473877	2	2	1	2	0	43
chr10	86497320	86499717	2	2	1	1	0	38
chr10	86960129	86962603	1	1	1	1	0	34
chr10	86970263	86970475	1	1	1	1	0	40
chr10	87245856	87246114	2	2	1	1	0	5
chr10	87320200	87324065	2	2	1	0	1	32
chr10	87797309	87814437	2	2	1	1	0	42
chr10	87814613	87817794	2	2	1	1	0	24
chr10	87961119	87965286	1	1	1	0	1	23
chr10	88901739	88905442	1	1	1	2	0	34
chr10	89227005	89228199	2	2	1	1	0	46
chr10	89312732	89353863	2	2	1	1	0	40
chr10	89650232	89650552	1	1	1	1	0	32
chr10	89709462	89709926	1	1	1	2	0	29
chr10	89710066	89710960	1	1	1	5	0	43
chr10	89715183	89716435	1	1	1	1	0	7
chr10	89719707	89723963	1	1	1	1	0	24
chr10	89724104	89725019	1	1	1	4	0	11
chr10	89725159	89726412	1	1	1	6	0	43
chr10	89726522	89727855	1	1	1	2	0	41
chr10	89729248	89732902	1	1	1	2	0	19
chr10	89733057	89737386	1	1	1	13	0	43
chr10	89738618	89738957	1	1	1	2	0	42
chr10	89739097	89743807	1	1	1	2	0	25
chr10	89743928	89745898	1	1	1	3	0	33
chr10	89745960	89751345	1	1	1	1	0	9
chr10	89751472	89752566	1	1	1	6	0	44
chr10	89752692	89754517	1	1	1	11	1	30
chr10	89754674	89758705	1	1	1	2	0	29
chr10	89760637	89762637	1	1	1	3	0	34
chr10	89762836	89768289	1	1	1	1	0	15
chr10	90895918	90896312	1	1	1	2	0	5
chr10	90896393	90900569	1	1	1	8	0	33
chr10	91487779	91491199	1	1	1	1	0	32
chr10	91813208	91817133	1	1	1	2	0	27
chr10	91813603	91817133	1	1	1	2	0	37
chr10	91840707	91841282	1	1	1	4	0	26
chr10	91862156	91862936	1	1	1	2	0	18
chr10	91940067	91942421	1	1	1	1	0	30
chr10	91951567	91953736	1	1	1	1	0	33
chr10	91984405	91989153	1	1	1	1	0	23
chr10	92027301	92028789	1	1	1	1	0	11
chr10	92607238	92609019	1	1	1	1	0	4
chr10	92613620	92616736	1	1	1	2	0	30
chr10	92616833	92621384	1	1	1	2	0	44
chr10	92649987	92650400	1	1	1	1	0	36
chr10	92650518	92653664	1	1	1	1	0	17
chr10	92954742	92955579	1	1	1	2	0	12
chr10	93496924	93500039	1	1	1	3	0	28
chr10	93517249	93518876	1	1	1	1	0	25
chr10	93669869	93670769	2	2	1	1	0	23
chr10	93681599	93684055	2	2	1	2	0	19
chr10	93684099	93685245	2	2	1	8	0	40
chr10	93685360	93687403	2	2	1	6	0	35
chr10	93687450	93692008	2	2	1	2	0	37
chr10	93692094	93692645	2	2	1	1	0	17
chr10	94334719	94337776	2	2	1	1	0	31
chr10	94341746	94344414	2	2	1	1	0	9
chr10	94346557	94349249	2	2	1	6	0	39
chr10	94349379	94350112	2	2	1	7	0	44
chr10	94353058	94354962	2	2	1	3	0	36
chr10	94355094	94356534	2	2	1	9	0	44
chr10	94356592	94357173	2	2	1	13	0	45
chr10	94357332	94358082	2	2	1	2	0	46
chr10	94361873	94362829	2	2	1	1	0	17
chr10	94474784	94493364	1	1	1	1	0	41
chr10	94506270	94515579	2	2	1	0	2	36
chr10	94545908	94546376	1	1	1	1	0	18
chr10	94545953	94546376	1	1	1	2	0	30
chr10	94546499	94554125	1	1	1	51	0	46
chr10	94546561	94554125	1	1	1	1	0	10
chr10	94554249	94557178	1	1	1	1	0	16
chr10	94554249	94558138	1	1	1	18	0	43
chr10	94557223	94558138	1	1	1	1	0	17
chr10	94558196	94562690	1	1	1	23	0	37
chr10	94562728	94562811	1	1	1	8	0	37
chr10	94562877	94571387	1	1	1	2	0	18
chr10	94571430	94573959	1	1	1	1	0	39
chr10	94583060	94588228	1	1	1	2	0	14
chr10	94590553	94590637	1	1	1	3	0	13
chr10	94592515	94593498	1	1	1	1	0	8
chr10	94596957	94597034	1	1	1	1	0	16
chr10	94597112	94601527	1	1	1	1	0	42
chr10	94609167	94609300	1	3	1	1	0	36
chr10	95238112	95238567	2	2	1	3	0	12
chr10	95264064	95268777	2	2	1	2	0	26
chr10	95616615	95621030	2	2	1	1	0	42
chr10	95628493	95632958	2	2	1	1	0	28
chr10	95684625	95685555	2	2	1	2	0	11
chr10	95876661	95904829	2	2	1	1	0	22
chr10	96544207	96547894	2	2	1	1	0	12
chr10	96553060	96559658	2	2	1	1	0	20
chr10	96576830	96586733	2	2	1	3	0	21
chr10	97235316	97243967	2	2	1	1	0	18
chr10	97366234	97366445	2	2	1	1	0	3
chr10	97370275	97370454	2	2	1	2	0	23
chr10	97430654	97430954	1	1	1	2	0	30
chr10	98163398	98208100	1	1	1	1	0	35
chr10	99406250	99406725	2	2	1	1	0	19
chr10	99750397	99754528	1	1	1	1	0	8
chr10	100156235	100164003	2	2	1	2	0	25
chr10	100164096	100167347	2	2	1	1	0	5
chr10	100167407	100174207	2	2	1	1	0	28
chr10	100179248	100183755	2	2	1	1	0	12
chr10	100222981	100225922	2	2	1	1	0	40
chr10	100235765	100236849	2	2	1	1	0	11
chr10	100245914	100246794	2	2	1	1	0	8
chr10	100246936	100250247	2	2	1	1	0	17
chr10	100261045	100261978	2	2	1	1	0	27
chr10	100262064	100267001	2	2	1	2	0	28
chr10	100280229	100280933	2	2	1	1	0	6
chr10	100347532	100348063	1	1	1	1	0	37
chr10	100523930	100526398	2	2	1	30	0	44
chr10	100526555	100526974	2	2	1	3	0	19
chr10	100529507	100529766	2	2	1	1	0	24
chr10	100546050	100546517	1	1	1	1	0	21
chr10	100549864	100550188	1	1	1	3	0	26
chr10	100944129	100945329	1	1	1	1	0	37
chr10	100973278	100973546	1	1	1	1	0	41
chr10	100981544	100983754	2	2	1	1	0	4
chr10	101006397	101007722	2	4	1	1	0	35
chr10	101582892	101583507	2	2	1	1	0	35
chr10	101781429	101782306	1	3	1	1	0	37
chr10	101781855	101782257	2	2	1	1	0	26
chr10	101787524	101790895	2	2	1	1	0	43
chr10	101791440	101792838	2	2	1	1	0	39
chr10	101798155	101798841	2	2	1	1	0	39
chr10	101799456	101800241	2	2	1	5	0	34
chr10	101799456	101803734	2	2	1	1	0	25
chr10	102109508	102109599	2	2	1	4	0	45
chr10	102148695	102148816	1	1	1	1	0	28
chr10	102149330	102149925	1	1	1	4	0	18
chr10	102159309	102159432	1	1	1	2	0	9
chr10	102159569	102159895	1	1	1	3	0	41
chr10	102161094	102161555	1	1	1	6	0	44
chr10	102161663	102161832	1	1	1	1	0	38
chr10	102161926	102162110	1	1	1	1	0	35
chr10	102401332	102401448	1	1	1	1	0	26
chr10	102471118	102471272	1	1	1	2	0	16
chr10	102471397	102472021	1	1	1	1	0	17
chr10	102480966	102481131	2	2	1	2	0	21
chr10	102676942	102685815	2	2	1	2	0	12
chr10	102686002	102689892	2	2	1	2	0	39
chr10	102699490	102705345	2	2	1	1	0	33
chr10	102899750	102994018	2	2	1	2	0	29
chr10	102938243	102938542	2	4	1	4	0	45
chr10	103184041	103184066	2	4	1	1	0	42
chr10	103389167	103392190	2	2	1	110	0	46
chr10	103392284	103392370	2	2	1	13	0	42
chr10	103392467	103396408	2	2	1	3	0	27
chr10	103396731	103398415	1	1	1	7	0	42
chr10	103398529	103399646	1	1	1	2	0	13
chr10	103398529	103400396	1	1	1	5	0	30
chr10	103416743	103417791	1	1	1	1	0	30
chr10	103427392	103432128	1	1	1	1	0	39
chr10	103434976	103438014	1	1	1	1	0	8
chr10	103438072	103446218	1	1	1	1	2	25
chr10	103438809	103439745	1	1	1	1	0	11
chr10	103439869	103440289	1	1	1	13	0	33
chr10	103440851	103441825	1	1	1	2	0	39
chr10	103441976	103442212	1	1	1	2	0	22
chr10	103889145	103892129	2	2	1	1	0	19
chr10	103899001	103900061	2	2	1	1	0	27
chr10	104006036	104008176	1	1	1	1	0	39
chr10	104266191	104267251	1	1	1	2	0	15
chr10	104371055	104376810	1	1	1	3	0	34
chr10	109877868	109877999	2	2	1	1	0	28
chr10	110124275	110125825	1	1	1	4	0	40
chr10	110126504	110130362	1	1	1	1	0	43
chr10	110130487	110132304	1	1	1	1	0	30
chr10	110297729	110298647	2	2	1	4	0	30
chr10	110575404	110577420	1	1	1	2	0	36
chr10	110577493	110577834	1	1	1	1	0	9
chr10	110577915	110578627	1	1	1	3	0	46
chr10	110578707	110580903	1	1	1	5	0	45
chr10	110581022	110581922	1	1	1	4	0	37
chr10	110582099	110582561	1	1	1	11	0	42
chr10	110582643	110583383	1	1	1	4	0	34
chr10	110583549	110583840	1	1	1	5	0	45
chr10	110583963	110584182	1	1	1	5	0	20
chr10	110584397	110589604	1	1	1	11	0	44
chr10	110589992	110590411	1	1	1	1	0	20
chr10	110593224	110596397	1	1	1	2	0	33
chr10	110595195	110596029	1	1	1	1	0	39
chr10	110596551	110598138	0	0	1	1	0	23
chr10	110598291	110599653	1	1	1	2	0	35
chr10	110600547	110601021	1	1	1	8	0	38
chr10	110601131	110601636	1	1	1	7	0	43
chr10	110601885	110601965	1	1	1	4	0	20
chr10	110602179	110602473	1	1	1	2	0	26
chr10	110603291	110604230	1	1	1	0	1	15
chr10	110896088	110898027	1	1	1	1	0	45
chr10	110919658	110964124	1	1	1	1	0	9
chr10	112173846	112175599	2	2	1	2	0	27
chr10	112430908	112432239	2	2	1	2	0	11
chr10	113146098	113150982	1	1	1	1	0	16
chr10	113146098	113150997	1	1	1	8	0	40
chr10	113151124	113151724	1	1	1	2	0	12
chr10	113151885	113152332	1	1	1	7	0	25
chr10	113152441	113158020	1	1	1	1	0	37
chr10	113884381	113898109	1	1	1	2	0	36
chr10	113901898	113902470	1	1	1	1	0	40
chr10	114127672	114129890	2	2	1	3	0	34
chr10	114135056	114135890	2	2	1	1	0	42
chr10	114135978	114136147	2	2	1	4	0	45
chr10	114144617	114145548	2	2	1	1	0	6
chr10	114145762	114151091	2	2	1	1	0	3
chr10	114702658	114707823	2	2	1	1	0	26
chr10	114944434	114944753	1	1	1	1	0	26
chr10	116930003	116940465	2	2	1	2	0	11
chr10	116940613	116944923	2	2	1	1	0	22
chr10	116960231	116968651	2	2	1	2	0	10
chr10	116968713	116979255	2	2	1	2	0	21
chr10	118039441	118040122	2	2	1	1	0	32
chr10	118310909	118311206	2	2	1	3	0	21
chr10	118335642	118336181	2	2	1	3	0	45
chr10	118686169	118686597	2	2	1	1	0	18
chr10	118701409	118707491	2	2	1	1	0	10
chr10	119036269	119037118	2	2	1	9	0	46
chr10	119037310	119038237	2	2	1	1	0	24
chr10	119038440	119041993	2	2	1	10	0	46
chr10	119042773	119044053	2	2	1	1	0	17
chr10	119044143	119049800	2	2	1	2	0	45
chr10	119048760	119049899	2	2	1	1	0	34
chr10	119049986	119050520	2	2	1	12	0	35
chr10	119050675	119051198	2	2	1	9	0	45
chr10	119051322	119056739	2	2	1	9	0	45
chr10	119056854	119056935	2	2	1	8	0	34
chr10	119057041	119057955	2	2	1	19	0	44
chr10	119058304	119059211	2	2	1	8	0	37
chr10	119059398	119059601	2	2	1	1	0	30
chr10	119129623	119132514	1	1	1	1	0	4
chr10	119168534	119169176	2	2	1	1	0	36
chr10	119172486	119173736	2	2	1	2	0	17
chr10	119173873	119174450	2	2	1	1	0	26
chr10	119174593	119177020	2	2	1	1	0	15
chr10	119575792	119576610	2	2	1	1	0	15
chr10	119576906	119577079	2	2	1	1	0	21
chr10	119577204	119577450	2	2	1	1	0	18
chr10	119577737	119578725	2	2	1	4	0	41
chr10	119582558	119588151	2	2	1	2	0	21
chr10	119781772	119791516	1	1	1	1	0	17
chr10	119805462	119806359	1	1	1	1	0	20
chr10	119822505	119823070	1	1	1	1	0	34
chr10	119898960	119902798	1	1	1	2	0	21
chr10	119918045	119918392	1	1	1	1	0	33
chr10	119930432	119932132	1	1	1	3	0	37
chr10	119933788	119940585	1	1	1	1	0	4
chr10	120354790	120355044	1	3	1	0	1	17
chr10	120886837	120889077	1	1	1	1	0	41
chr10	120890888	120900028	1	1	1	1	0	31
chr10	120900138	120901035	1	1	1	2	0	6
chr10	121911152	121913789	2	2	1	3	0	42
chr10	121957260	121959323	2	2	1	12	0	44
chr10	121959411	121959500	2	2	1	3	0	35
chr10	121974082	121974873	2	2	1	1	0	41
chr10	122228009	122237394	1	1	1	1	0	9
chr10	122249665	122253990	1	1	1	1	0	10
chr10	122986376	122990173	1	1	1	0	1	3
chr10	122986963	122990173	1	1	1	0	1	3
chr10	123051187	123053060	1	1	1	1	0	17
chr10	123160566	123162235	1	1	1	8	0	42
chr10	123162414	123162611	1	1	1	2	0	13
chr10	123162829	123163819	1	1	1	18	0	41
chr10	124401840	124402926	2	2	1	3	0	5
chr10	124403056	124403797	2	2	1	1	0	40
chr10	124498129	124498327	1	1	1	2	0	15
chr10	124619382	124619542	2	4	1	2	0	27
chr10	124765609	124767223	2	2	1	1	0	44
chr10	124806922	124816575	1	1	1	1	0	28
chr10	124816613	124819383	1	1	1	1	0	27
chr10	124828876	124829392	1	1	1	1	0	18
chr10	124983689	124984773	1	1	1	1	0	22
chr10	124989699	124992694	2	2	1	1	0	28
chr10	125723135	125723810	1	1	1	1	0	27
chr10	125734184	125735643	1	1	1	1	0	8
chr10	125827639	125830561	1	1	1	2	0	46
chr10	125830652	125831419	1	1	1	3	0	35
chr10	125831608	125833771	1	1	1	1	0	30
chr10	125833947	125836103	1	1	1	1	0	40
chr10	125833947	125841254	1	1	1	2	0	27
chr10	125836856	125838205	2	2	1	3	0	32
chr10	125838388	125839000	2	2	1	1	0	38
chr10	125841331	125853124	1	1	1	1	0	5
chr10	126999436	127000171	1	1	1	1	0	7
chr10	127000308	127008731	1	1	1	1	0	30
chr10	127012375	127018709	1	1	1	1	0	16
chr10	127023325	127024684	1	1	1	1	0	9
chr10	128099256	128101257	2	2	1	6	0	35
chr10	128101702	128102578	2	2	1	11	0	42
chr10	128112446	128113426	2	2	1	2	0	41
chr10	128116008	128116490	2	2	1	1	0	24
chr10	130113992	130114835	1	1	1	1	0	16
chr10	130145320	130159994	1	1	1	2	0	39
chr10	130169491	130171583	1	1	1	3	1	45
chr10	130171637	130174866	1	1	1	4	0	40
chr10	130174907	130174996	1	1	1	4	0	40
chr10	130175090	130179341	1	1	1	2	0	33
chr10	131968570	131970637	2	2	1	0	1	6
chr10	132324374	132331435	2	2	1	1	0	31
chr10	132330486	132331435	2	2	1	1	0	34
chr10	132365551	132375065	1	1	1	1	0	23
chr10	133279902	133281272	2	2	1	1	0	37
chr10	133364726	133365975	2	2	1	2	0	26
chr10	133366096	133366888	2	2	1	2	0	46
chr10	133394333	133395712	1	1	1	1	0	42
chr10	133396268	133398434	1	1	1	1	0	13
chr10	133399227	133399528	1	1	1	1	0	24
chr10	133402246	133402691	1	1	1	1	0	3
chr11	211350	212415	1	1	1	1	0	11
chr11	251937	252504	1	1	1	1	0	6
chr11	304925	354428	1	1	1	4	0	32
chr11	309185	309252	1	3	1	1	0	10
chr11	309226	309293	2	2	1	5	0	44
chr11	314357	314921	1	1	1	2	1	44
chr11	319991	320564	2	2	1	3	1	38
chr11	380952	381668	1	1	1	1	0	9
chr11	491147	491309	2	4	1	1	0	45
chr11	494779	494882	2	2	1	3	0	38
chr11	532523	532630	2	2	1	1	0	36
chr11	597571	598372	1	1	1	1	0	31
chr11	703147	703799	1	1	1	1	0	44
chr11	726752	726900	1	1	1	1	0	19
chr11	760254	763343	1	1	1	1	0	30
chr11	764434	764812	1	1	1	14	0	42
chr11	767369	770313	2	2	1	1	0	45
chr11	767374	770313	2	2	1	1	0	24
chr11	790801	791274	1	1	1	1	0	20
chr11	810040	810233	1	1	1	1	0	20
chr11	810358	811596	1	1	1	13	0	33
chr11	811646	812534	1	1	1	52	0	43
chr11	812634	812759	1	1	1	249	0	46
chr11	812634	812762	1	1	1	15	0	45
chr11	866002	866561	1	1	1	1	0	26
chr11	869957	870120	2	2	1	1	0	32
chr11	947880	949747	2	4	1	2	0	19
chr11	1752850	1754062	2	2	1	2	0	21
chr11	1952856	1956255	1	1	1	1	1	35
chr11	1956449	1956541	1	1	1	10	0	37
chr11	2390527	2394094	1	1	1	1	0	15
chr11	2395047	2395415	1	1	1	1	0	20
chr11	2395521	2395868	1	1	1	1	0	4
chr11	2395971	2396627	1	1	1	4	0	37
chr11	2396987	2397222	2	4	1	1	0	20
chr11	2958545	2959769	2	2	1	2	0	39
chr11	2959910	2964679	2	2	1	7	0	37
chr11	2971535	2972101	2	2	1	1	0	42
chr11	2972244	2976023	2	2	1	2	0	41
chr11	2976124	2978283	2	2	1	7	0	43
chr11	2978343	2979206	2	2	1	4	0	32
chr11	2979238	2992253	2	2	1	2	0	31
chr11	3012277	3015780	2	2	1	3	0	12
chr11	3015850	3017105	2	2	1	3	0	11
chr11	3391191	3391617	1	1	1	5	0	14
chr11	3719551	3720711	2	2	1	2	0	32
chr11	3773740	3775881	2	2	1	2	0	26
chr11	4102082	4106045	1	1	1	1	0	23
chr11	4121766	4122140	1	1	1	1	0	46
chr11	4133659	4135081	1	1	1	2	0	24
chr11	4135271	4138194	1	1	1	4	0	37
chr11	6211430	6211528	2	4	1	1	0	28
chr11	6477269	6477717	2	2	1	1	0	9
chr11	6481853	6482044	1	1	1	2	0	26
chr11	6608212	6608393	1	1	1	2	0	41
chr11	6609157	6609298	1	1	1	2	0	42
chr11	6611012	6611188	2	2	1	4	0	44
chr11	6611304	6611387	2	2	1	1	0	3
chr11	6682086	6682372	2	2	1	2	0	30
chr11	6682403	6682746	2	2	1	2	0	27
chr11	7666551	7667727	2	2	1	2	0	32
chr11	7672524	7672747	2	2	1	1	0	26
chr11	7994518	7994981	1	1	1	1	0	7
chr11	7995119	7995253	1	1	1	2	0	44
chr11	7995368	7995944	1	1	1	16	0	45
chr11	8435580	8436026	2	2	1	1	0	8
chr11	8457480	8461804	2	2	1	1	0	37
chr11	8473277	8474680	2	2	1	1	0	40
chr11	8683266	8684005	1	1	1	1	1	30
chr11	8684082	8684717	1	1	1	4	0	37
chr11	8684789	8685720	2	4	1	2	0	43
chr11	8684893	8685677	1	1	1	284	0	45
chr11	9408640	9409927	1	1	1	1	0	30
chr11	9428630	9429030	1	1	1	2	0	22
chr11	9433847	9434933	1	1	1	1	0	35
chr11	9437975	9438079	1	1	1	1	0	28
chr11	9438286	9440454	1	1	1	1	0	41
chr11	9581679	9585257	1	1	1	1	0	10
chr11	9586857	9588448	1	1	1	1	0	35
chr11	9992544	9992989	2	2	1	1	0	33
chr11	10751458	10752671	1	1	1	1	0	23
chr11	10752771	10754957	1	1	1	3	0	31
chr11	10770327	10770486	1	1	1	1	0	4
chr11	10770633	10771544	1	1	1	2	0	15
chr11	10771617	10772519	1	1	1	4	0	38
chr11	10772656	10773126	1	1	1	4	0	42
chr11	10773274	10774011	1	1	1	7	0	35
chr11	10775304	10775520	1	1	1	1	0	3
chr11	10775634	10778678	1	1	1	1	0	6
chr11	10797882	10798991	2	2	1	1	0	46
chr11	10799114	10799212	2	2	1	6	0	31
chr11	10799425	10799551	2	2	1	1	0	27
chr11	10800648	10800730	2	2	1	8	0	38
chr11	10800836	10800961	2	2	1	4	0	44
chr11	10803591	10803898	2	2	1	1	0	7
chr11	10804051	10804136	2	2	1	12	0	44
chr11	10804204	10804286	2	2	1	7	0	36
chr11	10805016	10805906	2	2	1	2	0	12
chr11	10806048	10806819	2	2	1	11	0	42
chr11	10806866	10808841	2	4	1	2	0	40
chr11	10806886	10807254	2	2	1	7	0	20
chr11	10807382	10808704	2	2	1	2	0	36
chr11	11929566	11930043	1	1	1	1	0	42
chr11	11930121	11930695	1	1	1	2	0	29
chr11	11930752	11933003	1	1	1	2	0	20
chr11	11954945	11955033	1	1	1	1	0	5
chr11	11955165	11956000	1	1	1	1	0	22
chr11	12002438	12008369	2	2	1	1	0	19
chr11	13700493	13707899	1	1	1	1	0	29
chr11	13708080	13710692	1	1	1	2	0	13
chr11	14279425	14281601	2	2	1	0	1	21
chr11	14281721	14294470	2	2	1	4	0	33
chr11	14457884	14458531	2	2	1	2	0	40
chr11	14458688	14460207	2	2	1	2	0	36
chr11	14460298	14461185	2	2	1	2	0	5
chr11	14469564	14474494	2	2	1	1	0	17
chr11	14477016	14479568	2	2	1	4	0	39
chr11	14479715	14480758	2	2	1	1	0	36
chr11	14498986	14499706	2	2	1	1	0	16
chr11	14517982	14518996	2	2	1	1	0	15
chr11	14721885	14722269	2	2	1	1	0	24
chr11	14867759	14869460	1	1	1	1	0	20
chr11	16738842	16744600	1	1	1	3	0	25
chr11	16744685	16748096	1	1	1	4	0	44
chr11	16748158	16752784	1	1	1	1	0	36
chr11	16748158	16754870	1	1	1	1	0	24
chr11	16752895	16754870	1	1	1	7	0	35
chr11	17074467	17075096	2	2	1	284	0	46
chr11	17075164	17075453	2	2	1	1	0	44
chr11	17075198	17075453	2	2	1	171	0	45
chr11	17075624	17077167	2	2	1	4	0	33
chr11	17077247	17077428	2	2	1	2	0	18
chr11	17091460	17091546	2	2	1	2	0	30
chr11	17099970	17101277	2	2	1	1	0	25
chr11	17309676	17310824	1	1	1	7	0	45
chr11	17330298	17330901	1	1	1	2	0	25
chr11	17330984	17331411	1	1	1	7	0	31
chr11	17877998	17878207	2	2	1	1	0	33
chr11	18080492	18081410	2	2	1	26	0	45
chr11	18081504	18083534	2	2	1	1	0	21
chr11	18283902	18285345	2	2	1	1	0	41
chr11	18292020	18292898	2	2	1	4	0	16
chr11	18295170	18295998	2	2	1	1	0	32
chr11	18309080	18310740	2	2	1	1	0	30
chr11	18312025	18321945	2	2	1	1	0	45
chr11	18341411	18341527	1	1	1	1	0	25
chr11	18396969	18398797	1	1	1	0	2	3
chr11	18401011	18402839	1	1	1	1	1	22
chr11	18403812	18405448	1	1	1	6	0	23
chr11	18405573	18407116	1	1	1	1	0	37
chr11	18480636	18481629	2	2	1	1	0	7
chr11	18481870	18483869	2	2	1	1	0	8
chr11	18603196	18603771	1	1	1	1	0	27
chr11	19237471	19237853	2	2	1	2	0	41
chr11	19240231	19241496	2	2	1	1	0	36
chr11	20055958	20062306	1	1	1	1	0	25
chr11	20080090	20118444	2	2	1	1	1	28
chr11	20103410	20103652	1	1	1	1	0	31
chr11	20464547	20493918	1	1	1	1	0	11
chr11	22193533	22203803	1	1	1	1	0	41
chr11	22203851	22211263	1	1	1	1	0	4
chr11	22827321	22827823	2	2	1	1	0	37
chr11	22827875	22829694	2	2	1	3	0	38
chr11	27341551	27350331	2	2	1	9	0	42
chr11	27350440	27357402	2	2	1	5	0	36
chr11	27357542	27362835	2	2	1	1	0	11
chr11	27384408	27385252	2	2	1	1	0	16
chr11	27501567	27501801	2	2	1	1	0	38
chr11	27624146	27634330	2	2	1	1	0	12
chr11	28021283	28023740	2	2	1	3	0	37
chr11	28059162	28062394	2	2	1	1	0	24
chr11	28069424	28077006	2	2	1	1	0	16
chr11	28077170	28082855	2	2	1	1	0	33
chr11	28082969	28083168	2	2	1	1	0	30
chr11	28214245	28215824	1	3	1	1	0	19
chr11	29899544	29904909	2	2	1	0	1	33
chr11	30331375	30332865	1	1	1	2	0	31
chr11	31369913	31370715	1	1	1	1	0	19
chr11	31370860	31414810	1	1	1	1	0	26
chr11	31414950	31426286	1	1	1	1	0	38
chr11	31432569	31433459	2	2	1	17	0	43
chr11	31433571	31509518	2	2	1	1	0	35
chr11	32098529	32100547	1	1	1	1	0	15
chr11	32100609	32103280	1	1	1	0	4	36
chr11	32103481	32104364	1	1	1	2	0	13
chr11	32589136	32589546	1	1	1	1	0	19
chr11	32589642	32593865	1	1	1	1	0	25
chr11	32595014	32595965	1	1	1	2	0	45
chr11	32600833	32601761	1	1	1	11	0	43
chr11	32601823	32602278	1	1	1	63	0	45
chr11	32954180	32955295	1	1	1	4	0	18
chr11	32956122	32957868	1	1	1	2	0	42
chr11	32973550	32975247	1	1	1	2	0	36
chr11	33032479	33032667	1	1	1	1	0	4
chr11	33087142	33090531	2	2	1	1	0	5
chr11	33099718	33102176	2	2	1	2	0	20
chr11	33105694	33105882	2	2	1	1	0	23
chr11	33105918	33105997	2	2	1	1	0	34
chr11	33108001	33108385	2	2	1	5	0	33
chr11	33108419	33141666	2	2	1	5	0	33
chr11	33141763	33141884	2	2	1	1	0	7
chr11	33141987	33161298	2	2	1	1	0	40
chr11	33347754	33347851	1	1	1	2	0	21
chr11	33747743	33747850	2	2	1	1	0	22
chr11	34052637	34071725	1	1	1	1	0	12
chr11	34071789	34071900	1	1	1	1	0	27
chr11	34071988	34076235	1	1	1	6	0	40
chr11	34108334	34108741	1	1	1	1	0	45
chr11	34136776	34136977	1	1	1	1	0	20
chr11	34140573	34141088	1	1	1	2	0	18
chr11	34141209	34141718	1	1	1	2	0	13
chr11	34141818	34142274	1	1	1	5	0	45
chr11	34142349	34143444	1	1	1	12	0	41
chr11	34143529	34146083	1	1	1	9	0	45
chr11	34456818	34461250	1	1	1	1	0	18
chr11	34468396	34470957	1	1	1	1	0	33
chr11	34882817	34883336	2	2	1	1	0	41
chr11	34883505	34888292	2	2	1	1	0	14
chr11	34888429	34888751	2	2	1	1	0	19
chr11	34888870	34890503	2	2	1	0	1	42
chr11	34931485	34947505	1	1	1	1	0	23
chr11	36636118	36648015	1	1	1	1	0	16
chr11	43326612	43327788	1	1	1	1	0	45
chr11	43335355	43335857	1	1	1	2	0	41
chr11	43379323	43389651	1	1	1	3	0	25
chr11	43391577	43391820	1	1	1	1	0	31
chr11	43391953	43396708	1	1	1	2	0	25
chr11	43400049	43401445	1	1	1	1	0	5
chr11	43404145	43405513	1	1	1	1	0	9
chr11	43443585	43444055	1	1	1	1	0	32
chr11	43492164	43493772	1	1	1	1	0	44
chr11	43680988	43750910	1	1	1	1	0	5
chr11	43860223	43860568	2	2	1	1	0	13
chr11	44236376	44244148	1	1	1	1	0	22
chr11	45910313	45910897	2	2	1	3	0	32
chr11	45910963	45913818	2	2	1	1	0	38
chr11	45953626	45965314	2	2	1	1	0	20
chr11	46300164	46307815	1	1	1	1	0	14
chr11	46369551	46371312	1	1	1	2	0	26
chr11	46371385	46371486	1	1	1	1	0	34
chr11	46376565	46377072	1	1	1	1	0	15
chr11	46382462	46382586	1	1	1	3	0	39
chr11	46382749	46383468	1	1	1	4	0	35
chr11	46645420	46645869	1	1	1	1	0	31
chr11	46655834	46655964	2	4	1	2	0	38
chr11	46668911	46669403	1	1	1	1	0	19
chr11	46751535	46752634	2	2	1	2	0	13
chr11	46765257	46767574	2	2	1	1	0	43
chr11	46767664	46769962	2	2	1	2	0	39
chr11	46778600	46780193	2	2	1	1	0	33
chr11	46780320	46780427	2	2	1	2	0	28
chr11	46795777	46796811	2	2	1	2	0	22
chr11	46809501	46809741	2	2	1	2	0	37
chr11	46818504	46821174	2	2	1	2	0	37
chr11	47176635	47176781	2	2	1	2	0	27
chr11	47178047	47178365	2	2	1	2	0	39
chr11	47250036	47250346	1	1	1	2	0	22
chr11	47418888	47422681	2	2	1	2	0	36
chr11	47418946	47419115	2	2	1	22	0	46
chr11	47419198	47420263	2	2	1	3	0	21
chr11	47420728	47422573	2	2	1	1	0	31
chr11	47422723	47422829	2	2	1	1	0	3
chr11	47422974	47424045	2	2	1	1	0	5
chr11	47424492	47424606	2	2	1	1	0	37
chr11	47425247	47425866	2	2	1	3	1	32
chr11	47425951	47426132	2	2	1	0	1	3
chr11	47425951	47426204	2	2	1	8	1	45
chr11	47482857	47483452	2	2	1	1	0	9
chr11	47483533	47484388	2	2	1	1	0	3
chr11	47484524	47486749	2	2	1	1	0	8
chr11	47565797	47569810	1	1	1	1	0	19
chr11	47565987	47569699	1	1	1	1	0	13
chr11	47569892	47571470	1	1	1	2	0	26
chr11	47582469	47584313	1	1	1	4	0	27
chr11	47618920	47622700	2	2	1	10	0	35
chr11	47630615	47631035	2	2	1	3	0	40
chr11	47638806	47638966	2	2	1	2	0	23
chr11	47677402	47679972	2	2	1	1	0	45
chr11	47736741	47743952	2	2	1	3	0	44
chr11	47746395	47750915	2	2	1	2	0	35
chr11	47751037	47751142	2	2	1	3	0	24
chr11	47780448	47783072	2	2	1	3	0	20
chr11	47785064	47786452	2	2	1	1	0	25
chr11	47786555	47788181	2	2	1	1	0	12
chr11	47806313	47807069	2	2	1	2	0	10
chr11	47807141	47808395	2	2	1	2	0	11
chr11	47816030	47818055	2	2	1	1	0	18
chr11	47818125	47819373	2	2	1	2	0	32
chr11	48145125	48146875	1	1	1	1	0	19
chr11	57300082	57300527	2	2	1	1	0	10
chr11	57326479	57326702	2	2	1	1	0	25
chr11	57326890	57327425	2	2	1	5	0	43
chr11	57327515	57327711	2	2	1	19	0	39
chr11	57327883	57328296	2	2	1	7	0	31
chr11	57328427	57330092	2	2	1	1	0	7
chr11	57330139	57330290	2	2	1	3	0	29
chr11	57330430	57330854	2	2	1	1	0	9
chr11	57330928	57331667	2	2	1	1	0	32
chr11	57331890	57332151	2	2	1	1	0	35
chr11	57463844	57508666	2	6	1	1	0	27
chr11	57653877	57654695	2	2	1	2	0	40
chr11	57704397	57704718	2	2	1	1	0	20
chr11	57704816	57704972	2	2	1	4	0	38
chr11	57741955	57742116	1	1	1	1	0	7
chr11	57742228	57742862	1	1	1	2	0	22
chr11	57742248	57742862	1	1	1	54	0	46
chr11	57808293	57808389	1	1	1	2	0	5
chr11	57809467	57810108	1	1	1	3	0	42
chr11	58610040	58610297	1	1	1	2	0	29
chr11	58610335	58610949	1	1	1	2	0	37
chr11	58611055	58611603	1	3	1	4	0	31
chr11	59182463	59188734	1	1	1	1	0	8
chr11	59188797	59189161	1	1	1	3	0	41
chr11	59577026	59578148	2	2	1	2	0	18
chr11	59580270	59581450	2	2	1	1	0	35
chr11	59600874	59601282	2	2	1	1	0	35
chr11	59601386	59601639	2	2	1	1	0	32
chr11	59797397	59800854	1	1	1	2	0	27
chr11	60890791	60901309	2	2	1	0	1	4
chr11	60899305	60900581	2	2	1	1	0	30
chr11	60935444	60935863	1	1	1	1	0	12
chr11	61302752	61303045	2	2	1	1	0	19
chr11	61789236	61789715	2	2	1	1	0	19
chr11	61789236	61789784	2	2	1	209	0	46
chr11	61789922	61790492	2	2	1	9	0	37
chr11	61866996	61867232	1	1	1	2	0	27
chr11	61964892	61964986	2	2	1	8	0	43
chr11	61965113	61965368	2	2	1	4	1	37
chr11	62146903	62148475	1	1	1	1	0	30
chr11	62559838	62560068	2	2	1	58	0	46
chr11	62560194	62560281	2	2	1	10	0	34
chr11	62560455	62566805	2	2	1	0	4	34
chr11	62567011	62567398	2	2	1	5	0	42
chr11	62567529	62570964	2	2	1	1	1	22
chr11	62571109	62571539	2	2	1	1	0	13
chr11	62571683	62571837	2	2	1	1	0	13
chr11	62626166	62626334	2	2	1	1	0	30
chr11	62663160	62663235	2	2	1	1	0	25
chr11	62663334	62664848	2	2	1	1	0	15
chr11	62664974	62665130	2	2	1	1	0	32
chr11	62665333	62665646	1	1	1	2	0	9
chr11	62671866	62671952	1	1	1	1	0	13
chr11	62676640	62676812	2	2	1	23	0	44
chr11	62678119	62678338	2	2	1	2	0	18
chr11	62690868	62691074	2	2	1	1	0	15
chr11	62691142	62691279	2	2	1	1	0	10
chr11	62715608	62715863	2	2	1	1	0	29
chr11	62721424	62721819	2	2	1	1	0	33
chr11	62721943	62722116	2	2	1	3	0	41
chr11	62763027	62765181	1	1	1	2	0	30
chr11	62765233	62765339	1	1	1	1	0	11
chr11	62765725	62766242	1	1	1	1	0	10
chr11	62766277	62766493	1	1	1	1	0	34
chr11	62833119	62834275	2	2	1	1	0	41
chr11	62833132	62833617	2	2	1	3	0	37
chr11	62834528	62835430	2	2	1	1	0	18
chr11	62881448	62881892	1	1	1	2	0	10
chr11	62888532	62888705	2	2	1	1	0	37
chr11	63331576	63365558	1	1	1	0	1	34
chr11	63629406	63631039	2	2	1	1	0	10
chr11	63646564	63651935	2	2	1	2	0	4
chr11	63651987	63652470	2	2	1	2	0	37
chr11	63654811	63655561	2	2	1	2	0	36
chr11	63895634	63898231	1	1	1	1	0	13
chr11	63898281	63898607	1	1	1	1	0	22
chr11	63909386	63909425	2	2	1	1	0	40
chr11	63909789	63910865	1	1	1	1	0	21
chr11	63998688	63998837	2	2	1	3	0	35
chr11	63998873	63998954	2	2	1	2	0	11
chr11	64061832	64062504	2	4	1	1	0	25
chr11	64194331	64194478	1	1	1	1	0	11
chr11	64194621	64195644	1	1	1	3	0	18
chr11	64195814	64197270	1	1	1	2	0	16
chr11	64197398	64197492	1	1	1	1	0	32
chr11	64197596	64197853	1	1	1	1	0	36
chr11	64223968	64224099	2	2	1	10	0	45
chr11	64224342	64224542	2	2	1	1	0	45
chr11	64229572	64229849	1	1	1	11	0	37
chr11	64243312	64243450	1	1	1	6	0	36
chr11	64243498	64243840	1	1	1	10	0	36
chr11	64243877	64243967	1	1	1	14	0	37
chr11	64244823	64244929	2	2	1	2	0	31
chr11	64244963	64245203	2	2	1	1	0	12
chr11	64316969	64317057	2	2	1	3	0	36
chr11	64317148	64317263	2	2	1	2	0	42
chr11	64317366	64317448	2	2	1	1	0	29
chr11	64319869	64320660	1	1	1	2	0	29
chr11	64321069	64321585	1	1	1	11	0	42
chr11	64727132	64727295	2	2	1	2	0	16
chr11	64729043	64729761	2	2	1	1	0	15
chr11	64729799	64730052	2	2	1	1	0	37
chr11	64735228	64735541	2	2	1	1	0	27
chr11	64741080	64741438	2	2	1	3	0	46
chr11	64767247	64767570	2	2	1	1	0	35
chr11	64769610	64769963	2	2	1	1	0	42
chr11	65032932	65074991	1	1	1	1	0	25
chr11	65096479	65096997	1	1	1	1	0	16
chr11	65113357	65116126	2	2	1	1	0	40
chr11	65113595	65114712	1	1	1	1	0	33
chr11	65114746	65116119	1	3	1	1	1	28
chr11	65120807	65120980	2	2	1	162	1	45
chr11	65121037	65121499	2	2	1	22	0	46
chr11	65121645	65121738	2	2	1	3	0	17
chr11	65266707	65267476	1	1	1	1	0	9
chr11	65268730	65272480	1	1	1	1	0	33
chr11	65499306	65499618	1	1	1	6	0	5
chr11	65499463	65499624	1	1	1	2	0	4
chr11	65499463	65502289	1	1	1	0	1	6
chr11	65499483	65499688	1	3	1	10	0	4
chr11	65499658	65499722	1	1	1	2	0	12
chr11	65538325	65538441	1	1	1	2	0	20
chr11	65570756	65570885	1	1	1	1	0	42
chr11	65628949	65629356	1	1	1	3	0	16
chr11	65629416	65629519	1	1	1	3	0	17
chr11	65635804	65636173	1	1	1	2	0	44
chr11	65658823	65659665	2	2	1	1	0	3
chr11	65718955	65719046	1	1	1	1	0	20
chr11	65719810	65720044	2	2	1	20	0	42
chr11	65855449	65855653	2	2	1	1	0	26
chr11	65855731	65855934	2	2	1	1	0	40
chr11	65856243	65858096	2	2	1	1	0	4
chr11	65884044	65884391	2	2	1	11	0	45
chr11	65884490	65884569	2	2	1	5	0	32
chr11	65919544	65919779	1	1	1	1	0	39
chr11	65920042	65920342	1	1	1	3	0	31
chr11	65920973	65921329	1	1	1	7	0	32
chr11	65976569	65976655	1	1	1	2	0	16
chr11	65976767	65977013	1	1	1	1	0	19
chr11	65977102	65977562	1	1	1	1	0	37
chr11	65977654	65977763	1	1	1	1	0	4
chr11	65978690	65978792	1	1	1	3	0	35
chr11	65978915	65979011	1	1	1	29	0	44
chr11	66002571	66003234	1	1	1	2	0	35
chr11	66053105	66055075	1	1	1	5	0	33
chr11	66056956	66057265	1	1	1	1	0	22
chr11	66058151	66058313	1	1	1	6	0	26
chr11	66058406	66058829	1	1	1	6	0	31
chr11	66061999	66063008	1	1	1	1	0	32
chr11	66063543	66063627	1	1	1	1	0	27
chr11	66068046	66068147	1	1	1	3	0	44
chr11	66068334	66068673	1	1	1	16	0	41
chr11	66284784	66284872	2	2	1	12	0	40
chr11	66348071	66353454	1	1	1	1	0	14
chr11	66436113	66437103	2	2	1	1	0	6
chr11	66437264	66437349	2	2	1	3	0	22
chr11	66437444	66438163	2	2	1	1	0	39
chr11	66504775	66509078	1	1	1	2	0	19
chr11	66600550	66605338	1	1	1	1	0	8
chr11	66640124	66643449	1	1	1	1	0	18
chr11	66698786	66698991	2	2	1	1	0	30
chr11	66843070	66843168	1	1	1	1	0	27
chr11	66859800	66859989	2	2	1	1	0	27
chr11	67121359	67180078	1	1	1	1	0	15
chr11	67245459	67245984	1	1	1	1	0	10
chr11	67284374	67284846	1	1	1	1	0	5
chr11	67398646	67398721	2	2	1	1	0	41
chr11	67432838	67432951	1	1	1	2	0	43
chr11	67433448	67433994	1	1	1	3	0	33
chr11	67467591	67468027	2	2	1	1	0	26
chr11	67507690	67508000	2	2	1	1	0	6
chr11	67583845	67584133	1	1	1	1	0	28
chr11	67584170	67584463	1	1	1	1	0	28
chr11	67584773	67585137	1	1	1	2	0	38
chr11	67585242	67586103	1	1	1	3	1	43
chr11	67586212	67586388	1	1	1	12	0	35
chr11	67612219	67612458	1	3	1	1	0	34
chr11	67612266	67612371	1	1	1	8	0	36
chr11	67945890	67946797	2	4	1	1	0	45
chr11	68032337	68032922	1	1	1	1	0	41
chr11	68033284	68036252	1	1	1	1	0	24
chr11	68036382	68036461	1	3	1	18	0	36
chr11	68050665	68050740	1	1	1	1	0	45
chr11	68065895	68066428	2	2	1	1	0	13
chr11	68175184	68180131	2	2	1	1	0	34
chr11	68545025	68548066	1	1	1	1	0	30
chr11	68548205	68551120	1	1	1	2	0	15
chr11	68554258	68558565	1	1	1	2	0	10
chr11	68576044	68583042	1	1	1	2	0	40
chr11	68688927	68690916	1	1	1	1	0	26
chr11	68891396	68892889	2	2	1	35	0	43
chr11	68892994	68893402	2	2	1	8	0	33
chr11	68893456	68896514	2	2	1	5	0	42
chr11	68898013	68900547	2	2	1	1	0	42
chr11	68900606	68903722	2	2	1	2	0	12
chr11	70325012	70325499	1	1	1	5	0	7
chr11	70325575	70326261	1	1	1	1	0	30
chr11	70332095	70333469	1	1	1	2	0	34
chr11	70372391	70372476	1	1	1	4	0	32
chr11	70398615	70405264	1	1	1	1	0	24
chr11	70407592	70409830	1	1	1	2	0	21
chr11	70421581	70422939	1	3	1	1	0	17
chr11	70436195	70436428	1	1	1	2	0	27
chr11	71995552	71996194	1	1	1	1	0	5
chr11	72110226	72110543	2	2	1	3	0	45
chr11	72111287	72111411	2	2	1	1	0	7
chr11	72233745	72234280	1	1	1	1	0	19
chr11	72294445	72294619	2	2	1	1	0	12
chr11	72294694	72295491	2	2	1	1	0	6
chr11	73720340	73720475	2	2	1	1	0	32
chr11	73787993	73805026	1	1	1	1	0	42
chr11	73873649	73874528	1	3	1	1	0	24
chr11	73977018	73977885	2	2	1	1	0	21
chr11	74013526	74028286	2	2	1	1	0	13
chr11	74235967	74239132	1	1	1	3	0	18
chr11	74618805	74620016	1	1	1	5	0	30
chr11	74620090	74625407	1	1	1	3	0	30
chr11	74629324	74634582	1	1	1	1	0	39
chr11	74634696	74636196	1	1	1	1	0	23
chr11	74845272	74848114	2	2	1	1	0	5
chr11	74949400	74965033	1	1	1	1	0	41
chr11	74969700	74976856	1	1	1	16	1	45
chr11	75399578	75400693	1	1	1	4	0	43
chr11	75401734	75402351	1	1	1	2	0	9
chr11	75401734	75404759	1	1	1	0	5	3
chr11	75402447	75404019	1	1	1	3	0	30
chr11	75404085	75404770	2	2	1	1	0	44
chr11	75404208	75404671	1	1	1	23	0	37
chr11	75404869	75405613	1	1	1	614	0	46
chr11	75566972	75568730	1	1	1	3	0	33
chr11	75572400	75572550	1	1	1	1	0	4
chr11	75888904	75911953	1	1	1	1	0	25
chr11	76352795	76355617	2	2	1	1	0	8
chr11	76355655	76360955	2	2	1	3	0	37
chr11	76361064	76365851	2	2	1	3	0	24
chr11	76926668	76958978	1	1	1	1	0	44
chr11	77116304	77118156	1	1	1	1	0	12
chr11	77355843	77358897	2	2	1	1	0	34
chr11	77392542	77411773	2	2	1	1	0	29
chr11	77392542	77473551	2	2	1	3	0	6
chr11	77618688	77619605	2	2	1	1	0	3
chr11	77622674	77624962	2	2	1	1	0	31
chr11	77625819	77629762	2	2	1	2	0	35
chr11	77629900	77637589	2	2	1	2	0	41
chr11	77672231	77675035	2	2	1	1	0	34
chr11	77675257	77676791	2	2	1	1	0	3
chr11	77677000	77678085	2	2	1	4	0	13
chr11	77678154	77683709	2	2	1	4	0	17
chr11	77691239	77693506	2	2	1	3	0	17
chr11	77693612	77698486	2	2	1	1	0	10
chr11	77702496	77725544	2	2	1	24	0	43
chr11	77725700	77740730	2	2	1	9	0	44
chr11	77774887	77776029	2	4	1	1	0	29
chr11	77869818	77872174	1	1	1	4	0	45
chr11	78070037	78072997	2	2	1	32	0	45
chr11	78070037	78079578	2	2	1	1	0	41
chr11	78073142	78079578	2	2	1	3	0	46
chr11	78112771	78113885	2	2	1	1	0	14
chr11	78436815	78441090	2	2	1	2	0	27
chr11	78441118	78443660	2	2	1	2	0	27
chr11	82825123	82838386	2	2	1	1	0	5
chr11	83082911	83083041	2	4	1	0	1	28
chr11	83166715	83167124	1	1	1	1	0	32
chr11	83236510	83240758	1	1	1	1	0	6
chr11	83261967	83265864	2	2	1	2	0	16
chr11	83265980	83273646	2	2	1	1	0	8
chr11	83273865	83273950	2	2	1	1	0	18
chr11	83273993	83274638	2	2	1	1	0	32
chr11	83274741	83280140	2	2	1	1	0	22
chr11	83278830	83280140	2	2	1	1	0	8
chr11	85285366	85598656	2	2	1	1	0	44
chr11	85598789	85626598	2	2	1	2	0	40
chr11	85628689	85631144	1	1	1	1	0	38
chr11	85628689	85631686	1	1	1	1	0	41
chr11	85629263	85631686	1	1	1	1	0	12
chr11	85631317	85631686	1	1	1	2	0	33
chr11	85635779	85636045	1	1	1	1	0	41
chr11	85650342	85654062	1	1	1	1	0	4
chr11	85655709	85656308	1	1	1	2	0	21
chr11	85705029	85707428	2	2	1	1	0	18
chr11	85974813	85976622	2	2	1	1	0	41
chr11	85996930	86000642	2	2	1	1	0	13
chr11	86012393	86014869	2	2	1	1	0	7
chr11	86277139	86277917	1	1	1	4	0	20
chr11	86277992	86278398	1	1	1	2	0	33
chr11	86302479	86306244	1	1	1	1	0	9
chr11	86337531	86344602	1	1	1	6	0	26
chr11	86344722	86345583	1	1	1	10	0	44
chr11	88149956	88175182	2	2	1	1	0	20
chr11	88284898	88290401	2	2	1	1	0	13
chr11	88294509	88296132	2	2	1	1	0	30
chr11	88300646	88309162	2	2	1	1	0	27
chr11	88335083	88337500	2	2	1	1	0	17
chr11	90170137	90173823	1	1	1	1	0	38
chr11	90202552	90202812	2	2	1	1	0	24
chr11	90202876	90203307	2	2	1	1	0	37
chr11	90206273	90210535	2	2	1	1	0	32
chr11	90211319	90214017	2	2	1	2	0	24
chr11	90214176	90215173	2	2	1	1	0	28
chr11	90215231	90218134	2	2	1	1	0	7
chr11	93479270	93499275	2	2	1	1	0	21
chr11	93666816	93667606	1	1	1	1	0	11
chr11	93667808	93668807	1	1	1	2	0	30
chr11	93669771	93675570	1	1	1	3	0	36
chr11	93691776	93691926	1	1	1	4	0	32
chr11	93692031	93695496	1	1	1	3	0	37
chr11	93730149	93730230	1	1	1	4	0	31
chr11	93730448	93730676	2	2	1	12	0	36
chr11	93730713	93731149	2	4	1	4	0	36
chr11	93736305	93736693	2	2	1	2	0	36
chr11	93738441	93739236	2	2	1	1	0	3
chr11	93738500	93739236	2	2	1	19	0	44
chr11	93739332	93741321	2	2	1	2	0	23
chr11	94180258	94180789	1	1	1	2	0	33
chr11	94456339	94459407	2	2	1	1	0	22
chr11	94464240	94467812	2	2	1	1	0	38
chr11	94963515	94966294	2	2	1	12	0	38
chr11	94970097	94970976	2	2	1	6	0	44
chr11	94971066	94971374	2	2	1	3	0	20
chr11	94971488	94972054	2	2	1	1	0	26
chr11	95776024	95778821	2	2	1	1	0	28
chr11	95787679	95788498	2	2	1	2	0	42
chr11	95799389	95812931	1	1	1	1	0	33
chr11	95813112	95813467	1	1	1	2	0	39
chr11	95813590	95817786	1	1	1	5	0	42
chr11	95817904	95818826	1	1	1	4	0	38
chr11	95818905	95821870	1	1	1	3	0	34
chr11	95822392	95822498	1	3	1	1	0	32
chr11	95828028	95829186	1	1	1	2	0	34
chr11	95829332	95831025	1	1	1	1	0	46
chr11	95850750	95857551	2	2	1	1	0	31
chr11	96384294	96384362	2	6	1	1	0	41
chr11	100770439	100795104	1	1	1	3	0	44
chr11	100795167	100859553	1	1	1	1	0	11
chr11	101915413	101922640	1	1	1	2	0	43
chr11	102066652	102067224	1	1	1	1	0	32
chr11	102363717	102368305	1	1	1	3	0	23
chr11	102398892	102401538	2	2	1	1	0	33
chr11	103062415	103064274	2	2	1	1	0	7
chr11	103082840	103083255	2	2	1	0	1	18
chr11	103083327	103089226	2	2	1	0	1	3
chr11	103083327	103091786	2	2	1	0	1	3
chr11	103148618	103152135	1	1	1	1	0	44
chr11	103203777	103204821	1	1	1	1	0	15
chr11	103204965	103209875	1	1	1	5	0	43
chr11	103209961	103211788	1	1	1	1	0	28
chr11	103215859	103219914	1	1	1	1	0	45
chr11	106059110	106076506	2	2	1	2	0	32
chr11	106091478	106094582	1	1	1	1	0	20
chr11	106094655	106096742	1	1	1	1	0	19
chr11	106824184	106824804	1	1	1	0	1	9
chr11	107353737	107390073	2	2	1	2	0	38
chr11	107390212	107392778	2	2	1	2	0	46
chr11	107392896	107416208	2	2	1	1	0	19
chr11	107416299	107418193	2	2	1	1	0	36
chr11	107429452	107433633	2	2	1	2	0	3
chr11	107433750	107439089	2	2	1	1	0	13
chr11	107441623	107442938	2	2	1	4	0	44
chr11	107443050	107454449	2	2	1	3	0	37
chr11	107445577	107454449	2	2	1	1	0	23
chr11	107454573	107455665	2	2	1	12	0	33
chr11	107455777	107457711	2	2	1	5	0	44
chr11	107936020	107938247	2	4	1	1	0	36
chr11	108052802	108054646	1	1	1	5	0	45
chr11	108097755	108098405	1	1	1	2	0	24
chr11	108185320	108185402	2	2	1	2	0	44
chr11	108223187	108227594	1	1	1	2	0	32
chr11	108247128	108248932	1	1	1	1	0	35
chr11	108347366	108353765	1	1	1	1	0	23
chr11	108689063	108691875	1	1	1	1	0	18
chr11	108692039	108693515	1	1	1	2	0	9
chr11	108838566	108841314	1	1	1	2	0	25
chr11	108841477	108852152	1	1	1	2	0	31
chr11	108852210	108917872	1	1	1	6	0	37
chr11	110237653	110247702	2	2	1	4	0	41
chr11	110247834	110253945	2	2	1	6	0	39
chr11	110254110	110255288	2	2	1	8	0	19
chr11	110257914	110258105	2	2	1	3	0	26
chr11	110258190	110263959	2	2	1	4	0	41
chr11	110279757	110296466	2	2	1	2	0	19
chr11	110457048	110462353	1	1	1	1	0	18
chr11	111741613	111742052	2	2	1	1	0	14
chr11	111844724	111853379	2	2	1	1	0	23
chr11	111974984	111980736	1	1	1	1	0	18
chr11	112025752	112026197	1	1	1	1	0	9
chr11	112080559	112081981	1	1	1	2	0	24
chr11	112082036	112082464	1	1	1	3	0	40
chr11	112085463	112086639	2	2	1	1	0	20
chr11	112089012	112094804	1	3	1	1	0	34
chr11	113365061	113366224	1	1	1	5	0	35
chr11	113748421	113757661	2	2	1	1	0	18
chr11	113827361	113829196	2	2	1	2	0	46
chr11	113834336	113840597	2	2	1	2	0	29
chr11	114400768	114401697	1	1	1	3	0	24
chr11	114444653	114445978	1	1	1	1	0	31
chr11	114446088	114447825	1	1	1	6	0	44
chr11	114447880	114449845	1	1	1	1	0	36
chr11	115176593	115178643	2	2	1	1	0	3
chr11	116775357	116775525	1	3	1	1	0	45
chr11	116779060	116779771	2	2	1	1	0	12
chr11	116779838	116782157	2	2	1	1	0	14
chr11	116782245	116782918	2	2	1	2	0	34
chr11	116783030	116783529	2	2	1	1	0	46
chr11	116876364	116876923	2	2	1	1	0	22
chr11	117152529	117159933	1	1	1	1	0	21
chr11	117160024	117161144	1	1	1	7	0	36
chr11	117203885	117204214	1	1	1	3	0	15
chr11	117239112	117239800	1	1	1	3	0	29
chr11	117239861	117244444	1	1	1	3	0	43
chr11	117244586	117246808	1	1	1	3	0	37
chr11	117246949	117279907	1	1	1	2	0	29
chr11	117282851	117283114	1	1	1	1	0	29
chr11	117344278	117351789	1	1	1	5	0	36
chr11	117390909	117390998	1	1	1	1	0	20
chr11	118371667	118372506	1	1	1	1	0	8
chr11	118392896	118396313	1	1	1	1	0	40
chr11	118401718	118406936	1	1	1	3	0	22
chr11	118407098	118408999	1	1	1	34	0	46
chr11	118468845	118471661	1	1	1	2	0	30
chr11	118474316	118476804	1	1	1	1	0	39
chr11	118478202	118480173	1	1	1	2	0	44
chr11	118482093	118482421	1	1	1	4	0	45
chr11	118484976	118488613	1	1	1	2	0	23
chr11	118488761	118489791	1	1	1	3	0	32
chr11	118581510	118583178	1	1	1	3	0	36
chr11	118584015	118584479	1	1	1	6	0	46
chr11	118584645	118590340	1	1	1	1	0	36
chr11	118590507	118592708	1	1	1	2	0	33
chr11	118752098	118754704	2	2	1	2	0	23
chr11	118757288	118758773	2	2	1	1	0	12
chr11	118765356	118768222	2	2	1	4	0	35
chr11	118768353	118779631	2	2	1	2	0	34
chr11	118779737	118781120	2	2	1	1	0	9
chr11	118781185	118786051	2	2	1	1	0	19
chr11	118908656	118918825	2	2	1	1	0	44
chr11	119012004	119012148	1	1	1	1	0	10
chr11	119015759	119015840	2	2	1	183	42	44
chr11	119015940	119017361	2	2	1	0	258	46
chr11	119017546	119017957	2	2	1	6	0	25
chr11	119018054	119018281	2	2	1	1	0	6
chr11	119049204	119049555	2	2	1	1	0	30
chr11	119052430	119052636	2	2	1	1	0	7
chr11	119093341	119093437	2	4	1	4	0	13
chr11	119287947	119296917	1	1	1	1	0	15
chr11	119469976	119531923	1	1	1	2	0	5
chr11	119531970	119543523	1	1	1	2	0	41
chr11	119697466	119728474	2	2	1	1	0	28
chr11	120469389	120473049	1	1	1	1	0	5
chr11	121627768	121629495	1	1	1	14	0	44
chr11	123057829	123058766	2	4	1	1	0	17
chr11	123057920	123058251	2	2	1	10	0	36
chr11	123058485	123058631	2	2	1	16	0	43
chr11	123058831	123059058	2	2	1	4	0	34
chr11	123059262	123059472	2	2	1	2	0	16
chr11	123060029	123060115	2	2	1	1	0	26
chr11	123060269	123060592	2	2	1	2	0	19
chr11	123729126	123729614	2	2	1	1	0	26
chr11	124119090	124122959	1	1	1	1	0	5
chr11	124625002	124625670	1	1	1	2	0	40
chr11	124625904	124626472	1	1	1	1	0	18
chr11	125454211	125455834	2	2	1	1	0	27
chr11	125579069	125580092	1	1	1	1	0	19
chr11	125580205	125581210	1	1	1	1	0	37
chr11	125582421	125583520	1	1	1	2	0	35
chr11	125618562	125620010	1	1	1	1	0	31
chr11	125620127	125620771	1	1	1	2	0	24
chr11	125629461	125633162	1	1	1	5	0	41
chr11	125633352	125635428	1	1	1	2	0	43
chr11	125644269	125644511	1	1	1	1	0	45
chr11	125653848	125655224	1	1	1	1	0	22
chr11	125921380	125922819	1	1	1	1	0	30
chr11	126267336	126267548	2	2	1	1	0	4
chr11	129123930	129124802	2	2	1	1	0	6
chr11	129882632	129883121	2	2	1	5	0	19
chr11	129883207	129884069	2	2	1	4	0	43
chr11	129883258	129884069	2	2	1	1	0	33
chr11	129884144	129884744	2	2	1	3	0	28
chr11	130109603	130110537	1	1	1	1	0	11
chr11	130110662	130120705	1	1	1	12	0	42
chr11	130120819	130121613	1	1	1	15	0	29
chr11	130127841	130129047	1	1	1	1	0	28
chr11	130129207	130130037	1	1	1	1	0	8
chr11	130135716	130137255	1	1	1	1	0	18
chr11	130135716	130140397	1	1	1	1	0	44
chr11	130142075	130143346	1	1	1	1	0	21
chr11	130419293	130427566	2	2	1	1	0	39
chr11	131657306	131660928	1	1	1	1	0	34
chr11	131903579	131911109	2	2	1	2	0	6
chr11	132307824	132310111	1	1	1	1	0	29
chr11	134169055	134176306	2	2	1	1	0	11
chr11	134210455	134216935	2	2	1	5	0	45
chr11	134210455	134220571	2	2	1	1	0	34
chr11	134248485	134248808	2	2	1	8	0	39
chr11	134248485	134249166	2	2	1	3	0	7
chr11	134248960	134249166	2	2	1	1	0	27
chr11	134249263	134249827	2	2	1	1	0	11
chr11	134252917	134253298	2	2	1	1	0	35
chr11	134356394	134359059	1	1	1	1	0	14
chr12	15154	15912	2	2	1	0	2	40
chr12	293170	295572	2	2	1	3	0	39
chr12	309965	310884	2	2	1	5	0	43
chr12	318462	320994	2	2	1	1	0	6
chr12	354235	355157	2	2	1	1	0	23
chr12	428866	430663	1	1	1	1	0	44
chr12	830161	857160	1	1	1	2	0	39
chr12	857250	859244	1	1	1	2	0	42
chr12	859465	861012	1	1	1	1	0	28
chr12	882074	882942	1	1	1	1	0	26
chr12	883060	883394	1	1	1	1	0	10
chr12	928972	931418	2	2	1	1	0	34
chr12	1104825	1110191	1	1	1	1	0	42
chr12	1112299	1115865	1	1	1	1	0	7
chr12	1141788	1180539	1	1	1	2	0	17
chr12	1180678	1181924	1	1	1	1	0	16
chr12	1183422	1189858	1	1	1	1	0	18
chr12	1754515	1772841	1	1	1	2	0	43
chr12	1946287	1949085	2	2	1	2	0	19
chr12	2797273	2803788	2	2	1	0	1	3
chr12	2797283	2797728	1	1	1	1	0	3
chr12	2797872	2798705	1	1	1	1	0	29
chr12	2799245	2799849	1	1	1	1	0	12
chr12	2799941	2800038	1	1	1	2	0	42
chr12	2800123	2800391	1	1	1	1	0	27
chr12	2801357	2803150	1	1	1	11	0	46
chr12	2812857	2817222	1	1	1	1	0	17
chr12	2857749	2858482	0	0	1	4	0	37
chr12	2864756	2865354	2	2	1	1	0	29
chr12	2934562	2937630	1	1	1	1	0	18
chr12	2938286	2939310	1	1	1	1	0	20
chr12	3018589	3019114	1	1	1	1	0	17
chr12	3019171	3040550	1	1	1	1	0	19
chr12	3022018	3037967	1	1	1	1	0	8
chr12	4548837	4552982	1	1	1	6	0	32
chr12	6330296	6330597	2	2	1	2	0	19
chr12	6466001	6466224	2	2	1	1	0	9
chr12	6492221	6492861	2	2	1	1	0	33
chr12	6492468	6492861	2	2	1	1	0	10
chr12	6511253	6514264	1	1	1	1	0	23
chr12	6514393	6514463	1	1	1	1	0	37
chr12	6528329	6528678	1	1	1	1	0	32
chr12	6534862	6536493	1	1	1	1	0	16
chr12	6536594	6536683	1	1	1	2	0	23
chr12	6536791	6536919	1	1	1	3	1	42
chr12	6537005	6538211	1	3	1	1	24	25
chr12	6537011	6537100	1	1	1	6	0	30
chr12	6537217	6537308	1	1	1	10	0	27
chr12	6537391	6537583	1	1	1	11	0	42
chr12	6537690	6538247	2	2	1	1	0	28
chr12	6537803	6538245	2	2	1	1	0	42
chr12	6537883	6538282	2	2	1	1	0	38
chr12	6537931	6538202	2	2	1	3	0	44
chr12	6537931	6538282	2	2	1	1	0	22
chr12	6537940	6538259	2	2	1	29	6	34
chr12	6537940	6538264	2	2	1	5	1	39
chr12	6537997	6538100	1	1	1	63	2	45
chr12	6538001	6538284	1	1	1	2	0	29
chr12	6538135	6538197	1	1	1	3	0	35
chr12	6570694	6570868	2	2	1	3	0	12
chr12	6578547	6578845	2	2	1	2	0	44
chr12	6578918	6581037	2	2	1	2	0	33
chr12	6578918	6581043	2	2	1	37	1	45
chr12	6578918	6581128	2	2	1	1	0	13
chr12	6581174	6581290	2	2	1	17	0	43
chr12	6581389	6581648	2	2	1	5	0	46
chr12	6581815	6582136	2	2	1	5	0	38
chr12	6583114	6583197	2	2	1	2	0	21
chr12	6583376	6587383	2	2	1	1	0	29
chr12	6588423	6591465	2	2	1	3	0	37
chr12	6592818	6593090	2	2	1	1	0	19
chr12	6600670	6600925	2	2	1	25	0	44
chr12	6601054	6601288	2	2	1	1	0	35
chr12	6602155	6602375	2	2	1	4	0	36
chr12	6602176	6602375	2	2	1	1	0	19
chr12	6602498	6606273	2	2	1	3	0	39
chr12	6606452	6607299	2	2	1	1	0	29
chr12	6653051	6653229	2	2	1	1	0	42
chr12	6748983	6749847	2	2	1	1	0	11
chr12	6750767	6751640	2	2	1	1	0	15
chr12	6751677	6751924	2	2	1	1	0	11
chr12	6766751	6769602	1	1	1	3	0	27
chr12	6770219	6770391	1	1	1	1	0	20
chr12	6770705	6770887	2	2	1	1	0	38
chr12	6770762	6770887	2	2	1	1	0	20
chr12	6777922	6778243	1	1	1	1	0	28
chr12	6811575	6812375	2	2	1	1	0	33
chr12	6867682	6868863	1	1	1	1	0	8
chr12	6868988	6869098	1	1	1	3	0	37
chr12	6869163	6870745	1	1	1	4	0	36
chr12	6869184	6869257	1	1	1	1	0	6
chr12	6869391	6869687	1	1	1	6	0	43
chr12	6870137	6870264	1	1	1	3	0	32
chr12	6873782	6882195	1	1	1	1	0	29
chr12	6944653	6945770	1	1	1	1	0	38
chr12	6959995	6960087	1	1	1	1	0	7
chr12	6960946	6961125	1	1	1	2	0	37
chr12	6967780	6967891	2	2	1	1	0	15
chr12	6968022	6968410	2	2	1	1	0	7
chr12	6975149	6975228	1	1	1	2	0	38
chr12	6975379	6975695	1	1	1	1	0	22
chr12	7789766	7792949	1	1	1	1	0	30
chr12	7793213	7794456	1	1	1	0	2	38
chr12	7919529	7919665	2	4	1	2	0	5
chr12	7929872	7930479	2	2	1	1	0	32
chr12	7930643	7931244	2	2	1	3	0	44
chr12	8395603	8396422	2	2	1	1	0	4
chr12	8681819	8713810	1	1	1	1	0	18
chr12	8780740	8782911	1	1	1	6	0	42
chr12	8919867	8920984	1	1	1	1	0	38
chr12	8921751	8922632	1	1	1	1	0	39
chr12	8934013	8934266	1	1	1	1	0	8
chr12	8934479	8935123	1	1	1	1	0	15
chr12	8935239	8936855	1	1	1	0	5	29
chr12	8936965	8937175	1	1	1	4	0	39
chr12	8941018	8941243	1	1	1	1	0	27
chr12	9311832	9312616	1	1	1	0	1	12
chr12	9397215	9397614	2	2	1	4	0	23
chr12	9397690	9398381	2	2	1	2	0	10
chr12	9437490	9438010	2	2	1	1	0	33
chr12	10606375	10607853	2	2	1	9	2	40
chr12	10607937	10609830	2	2	1	0	1	6
chr12	10699655	10701253	2	2	1	3	0	35
chr12	10701354	10701959	2	2	1	6	0	32
chr12	10702135	10704050	2	2	1	1	0	30
chr12	10710115	10713210	2	2	1	1	0	24
chr12	10715784	10718087	2	2	1	1	0	34
chr12	10718122	10719079	2	2	1	2	0	23
chr12	10719144	10722849	2	2	1	1	0	17
chr12	10845951	10847044	2	2	1	5	0	44
chr12	11001073	11052995	1	1	1	2	0	19
chr12	12147557	12148941	2	2	1	1	0	39
chr12	12480347	12487027	2	2	1	1	0	39
chr12	12515487	12516298	2	2	1	1	0	31
chr12	12684508	12695458	2	2	1	3	0	13
chr12	12718955	12721035	1	1	1	2	0	30
chr12	12821397	12821654	1	1	1	1	0	31
chr12	14365828	14423908	1	1	1	3	0	15
chr12	14425474	14434336	1	1	1	1	0	5
chr12	14466591	14475889	1	1	1	1	0	7
chr12	14475969	14478316	1	1	1	1	0	6
chr12	14542292	14553192	2	2	1	2	0	4
chr12	14690652	14692771	2	2	1	1	0	32
chr12	14705630	14705660	1	1	1	0	18	46
chr12	14705630	14710398	1	1	1	0	13	46
chr12	14790750	14791168	2	2	1	1	0	24
chr12	14791271	14793730	2	2	1	1	0	11
chr12	14793923	14794536	2	2	1	1	0	23
chr12	14795105	14796806	2	2	1	1	0	10
chr12	14799729	14800751	2	2	1	5	0	32
chr12	14800784	14801319	2	2	1	4	0	8
chr12	14801429	14803351	2	2	1	2	0	42
chr12	15883677	15889927	1	1	1	1	0	21
chr12	15898019	15899903	1	1	1	1	0	37
chr12	16354379	16357604	1	1	1	2	0	5
chr12	16357700	16363794	1	1	1	1	0	13
chr12	19129889	19130050	1	1	1	1	0	14
chr12	19265851	19269769	1	1	1	5	0	38
chr12	19269886	19274515	1	1	1	19	0	45
chr12	19297227	19297509	2	4	1	1	0	41
chr12	19354003	19358227	1	1	1	3	0	29
chr12	19358438	19359411	1	1	1	1	0	43
chr12	19361707	19365963	1	1	1	1	0	45
chr12	19473356	19493799	1	1	1	1	0	35
chr12	21452155	21455131	1	1	1	1	0	37
chr12	21470347	21470968	2	2	1	1	1	14
chr12	21491717	21499554	2	2	1	6	0	29
chr12	21499616	21501169	2	2	1	6	0	39
chr12	21635710	21637070	2	2	1	3	0	35
chr12	21637195	21638352	2	2	1	2	0	10
chr12	21638471	21641951	2	2	1	1	0	25
chr12	21642126	21643934	2	2	1	3	0	24
chr12	21647017	21654542	2	2	1	3	0	28
chr12	21654678	21657750	2	2	1	2	0	18
chr12	22055292	22055454	1	1	1	1	0	22
chr12	22060927	22061280	1	1	1	6	0	36
chr12	22061453	22062280	1	1	1	1	0	17
chr12	22062435	22065120	1	1	1	1	0	11
chr12	24832864	24836510	2	2	1	1	0	23
chr12	24836597	24842081	2	2	1	2	0	35
chr12	25209912	25215436	2	2	1	1	0	32
chr12	25209912	25225613	2	2	1	4	0	41
chr12	25215561	25225613	2	2	1	3	0	42
chr12	25225774	25227233	2	2	1	3	0	16
chr12	25245396	25250750	2	2	1	3	0	32
chr12	26340329	26387433	2	2	1	1	0	6
chr12	26387595	26398875	2	2	1	1	0	10
chr12	26513045	26513669	2	2	1	2	0	36
chr12	26556376	26561761	2	2	1	3	0	27
chr12	26602496	26602616	2	2	1	1	0	38
chr12	26624357	26628032	2	2	1	2	0	14
chr12	26655853	26656296	2	2	1	1	0	18
chr12	26659286	26663684	2	2	1	2	0	42
chr12	26725766	26790156	2	2	1	4	0	42
chr12	26770570	26790156	2	2	1	1	0	29
chr12	26790228	26832689	2	2	1	2	0	33
chr12	26905537	26906301	2	2	1	1	0	30
chr12	26906438	26911177	2	2	1	2	0	44
chr12	26913688	26913973	2	2	1	3	0	41
chr12	26914129	26914407	2	2	1	4	0	43
chr12	26917442	26917643	2	2	1	2	0	8
chr12	26979937	26980565	2	2	1	1	0	4
chr12	27140098	27144991	1	1	1	0	3	31
chr12	27244333	27297709	1	1	1	1	0	18
chr12	27293750	27297709	1	1	1	1	0	7
chr12	27297855	27302136	1	1	1	1	0	11
chr12	27315351	27317335	1	1	1	3	0	44
chr12	27418197	27420395	1	1	1	1	0	11
chr12	27650142	27654721	1	1	1	1	3	31
chr12	27654815	27656615	1	1	1	3	0	46
chr12	27716459	27719807	1	1	1	1	0	23
chr12	27735557	27737538	1	1	1	3	0	17
chr12	27737609	27755180	1	1	1	8	0	37
chr12	28391412	28450160	1	1	1	2	0	19
chr12	28450254	28450349	1	1	1	3	0	31
chr12	28450419	28452477	1	1	1	8	0	43
chr12	28452655	28484051	1	1	1	1	0	36
chr12	29341219	29341733	2	2	1	4	0	19
chr12	29341817	29343119	2	2	1	1	0	12
chr12	30630958	30631894	2	2	1	1	0	4
chr12	30665310	30665728	2	2	1	1	0	33
chr12	30666252	30669182	2	2	1	1	0	39
chr12	30669283	30670961	2	2	1	1	0	25
chr12	30731511	30733658	2	2	1	1	0	32
chr12	30731511	30734967	2	2	1	4	0	14
chr12	30733712	30734967	2	2	1	1	0	7
chr12	31102528	31103316	1	1	1	0	1	12
chr12	31282872	31287633	2	2	1	14	0	29
chr12	31287785	31293804	2	2	1	2	1	36
chr12	31293932	31295233	2	2	1	5	0	35
chr12	31295334	31298076	2	2	1	1	0	10
chr12	32216460	32293993	1	1	1	1	0	42
chr12	32608096	32610775	1	1	1	1	0	25
chr12	32610835	32611136	1	1	1	1	0	23
chr12	32619871	32624421	1	1	1	2	0	22
chr12	32624453	32624975	1	1	1	2	0	31
chr12	32625780	32633548	1	1	1	6	0	29
chr12	32646690	32649767	1	3	1	2	0	18
chr12	32679466	32701414	1	1	1	1	0	36
chr12	32725366	32745679	2	2	1	1	0	29
chr12	32731135	32731355	1	1	1	1	0	39
chr12	32740519	32742588	1	1	1	3	0	10
chr12	32742749	32743353	1	1	1	1	0	10
chr12	32747364	32749936	2	2	1	1	0	8
chr12	38675775	38677451	2	2	1	1	0	7
chr12	38724900	38730282	2	2	1	1	0	12
chr12	39322883	39325838	2	2	1	1	0	24
chr12	39330912	39331689	2	2	1	2	0	24
chr12	39332409	39332590	2	2	1	1	0	21
chr12	39332745	39332892	2	2	1	1	0	3
chr12	39341095	39341504	2	2	1	1	0	31
chr12	39342125	39351776	2	2	1	1	0	20
chr12	39351981	39356831	2	2	1	2	0	40
chr12	39356896	39357247	2	2	1	3	0	30
chr12	39369912	39370038	2	2	1	2	0	6
chr12	42087948	42097441	2	2	1	3	0	34
chr12	42313766	42313873	2	2	1	4	0	29
chr12	42313987	42317339	2	2	1	5	0	43
chr12	42317448	42317786	2	2	1	8	0	40
chr12	42358514	42359998	2	2	1	2	0	27
chr12	42387536	42393569	1	1	1	1	0	16
chr12	42398995	42441314	1	1	1	1	0	15
chr12	42819346	42867560	2	4	1	1	0	17
chr12	43746239	43748449	2	2	1	2	0	38
chr12	43748610	43754335	2	2	1	4	0	44
chr12	43797834	43799397	2	2	1	1	0	34
chr12	44508985	44520004	2	2	1	2	0	23
chr12	45216392	45302013	1	1	1	2	0	22
chr12	45302094	45331294	1	1	1	1	0	3
chr12	45922195	45922462	2	2	1	1	0	35
chr12	45922583	45922935	2	4	1	2	0	17
chr12	45923155	45924727	2	2	1	1	0	45
chr12	45928860	45931505	2	2	1	1	0	7
chr12	45945314	45948436	2	2	1	1	0	38
chr12	45948538	45951649	2	2	1	2	0	8
chr12	45951728	45961699	2	2	1	3	0	38
chr12	46189072	46197719	2	2	1	1	0	7
chr12	46197163	46197719	2	2	1	1	0	20
chr12	46198061	46198624	2	2	1	1	0	28
chr12	46204591	46206079	2	2	1	1	0	21
chr12	46272978	46274381	2	2	1	1	0	38
chr12	46363827	46363923	2	2	1	2	0	22
chr12	46669125	46669318	2	2	1	1	0	37
chr12	47667852	47668915	2	2	1	1	0	43
chr12	47670346	47679492	2	2	1	1	0	26
chr12	47681818	47686779	2	2	1	1	0	13
chr12	47688002	47689124	2	2	1	1	0	9
chr12	47689196	47690517	2	2	1	1	0	12
chr12	47697720	47701463	2	2	1	2	0	12
chr12	47701605	47702687	2	2	1	8	0	34
chr12	47789349	47789522	2	2	1	1	0	31
chr12	47963705	47964208	1	1	1	1	0	39
chr12	47976568	47976811	2	2	1	1	0	16
chr12	48048081	48048928	2	2	1	1	0	18
chr12	48065221	48065595	2	2	1	2	0	35
chr12	48133058	48133314	1	1	1	1	0	14
chr12	48142947	48143752	1	1	1	1	0	20
chr12	48144158	48145030	1	1	1	1	0	5
chr12	48828273	48828779	1	1	1	2	0	44
chr12	48838081	48839433	2	2	1	1	0	30
chr12	48922202	48923781	2	2	1	1	0	37
chr12	48939109	48939654	2	2	1	1	0	11
chr12	48939780	48939996	2	2	1	1	0	42
chr12	48940108	48940947	2	2	1	1	0	28
chr12	49128126	49185177	1	1	1	0	9	33
chr12	49129391	49129499	2	2	1	1	0	8
chr12	49185167	49185763	1	3	1	1	0	33
chr12	49272631	49273200	2	2	1	2	0	21
chr12	49331408	49331572	1	1	1	1	0	26
chr12	49367588	49460769	1	1	1	2	0	4
chr12	49461038	49484589	1	1	1	1	0	16
chr12	49484670	49489464	1	1	1	9	0	40
chr12	49489574	49490681	1	1	1	6	4	36
chr12	49584615	49588453	2	2	1	1	0	28
chr12	49637825	49641907	1	1	1	1	0	11
chr12	49643398	49643690	1	1	1	1	0	9
chr12	49646754	49646885	2	2	1	1	0	39
chr12	49656498	49656822	2	2	1	1	0	29
chr12	49758763	49759220	1	1	1	3	0	22
chr12	49759322	49761703	1	1	1	2	0	41
chr12	49761780	49762872	1	1	1	25	0	45
chr12	50016716	50025397	2	2	1	1	0	18
chr12	50085547	50086160	1	1	1	8	0	35
chr12	50086349	50086620	1	1	1	1	0	3
chr12	50089986	50090240	1	1	1	1	0	36
chr12	50090403	50090492	1	1	1	2	0	32
chr12	50137821	50138566	2	2	1	1	0	9
chr12	50138618	50142052	2	2	1	1	0	32
chr12	50178070	50181903	2	2	1	1	0	6
chr12	50182038	50192451	2	2	1	1	0	33
chr12	50228091	50244335	2	2	1	0	1	41
chr12	50430571	50435487	1	1	1	4	0	42
chr12	50462631	50466958	1	1	1	2	0	42
chr12	50474168	50475525	1	1	1	1	0	40
chr12	50548571	50549670	1	3	1	1	0	14
chr12	50814440	50819634	1	1	1	1	0	45
chr12	50930394	50931585	2	4	1	2	0	32
chr12	51098919	51099654	2	2	1	1	0	46
chr12	51099780	51101934	2	2	1	1	0	28
chr12	51107347	51109120	2	2	1	1	0	9
chr12	51111226	51118557	2	2	1	1	0	19
chr12	51418248	51420113	1	1	1	1	0	28
chr12	51712247	51713006	2	4	1	0	1	21
chr12	52897367	52899124	2	4	1	1	0	18
chr12	52897619	52898460	2	2	1	2	0	45
chr12	52898520	52898678	2	2	1	2	0	34
chr12	52898900	52899774	2	2	1	2	0	28
chr12	52902073	52904657	2	2	1	1	5	45
chr12	52948829	52949455	2	2	1	1	0	10
chr12	52949591	52950327	1	1	1	1	0	35
chr12	52950411	52950749	1	1	1	6	0	35
chr12	52951646	52951730	1	1	1	3	0	44
chr12	52952343	52952721	1	1	1	168	0	45
chr12	53028189	53033805	1	1	1	1	0	45
chr12	53034710	53037408	1	1	1	2	0	40
chr12	53034725	53037408	1	1	1	1	0	36
chr12	53037623	53038355	1	1	1	3	1	43
chr12	53038412	53039237	1	1	1	7	0	29
chr12	53039344	53039629	1	1	1	6	0	38
chr12	53039703	53040142	1	1	1	17	0	44
chr12	53040264	53049616	2	2	1	0	1	3
chr12	53040264	53053488	2	2	1	0	1	3
chr12	53046062	53046852	2	2	1	2	0	10
chr12	53066693	53067647	2	2	1	2	0	21
chr12	53101161	53102044	1	1	1	1	0	13
chr12	53215435	53215645	2	2	1	1	0	10
chr12	53292971	53293272	1	1	1	1	0	12
chr12	53295942	53296243	1	1	1	2	0	32
chr12	53296276	53297849	1	1	1	2	0	28
chr12	53297925	53298044	1	1	1	6	0	46
chr12	53298151	53299268	1	1	1	20	0	44
chr12	53306862	53306965	1	1	1	8	0	34
chr12	53308816	53308959	2	2	1	1	0	24
chr12	53452377	53454725	1	1	1	1	0	35
chr12	53454870	53455346	1	1	1	2	0	19
chr12	53455494	53455884	1	1	1	1	0	9
chr12	53456002	53459271	1	1	1	1	0	14
chr12	53461144	53462492	1	1	1	1	0	21
chr12	53464853	53465931	1	1	1	1	0	42
chr12	53464853	53467220	1	1	1	1	0	3
chr12	53465974	53467220	1	1	1	1	0	5
chr12	53468833	53471637	1	1	1	1	0	4
chr12	53471808	53479405	1	1	1	8	6	39
chr12	53481281	53481940	2	2	1	1	0	32
chr12	53505851	53505990	1	1	1	1	0	13
chr12	53506894	53507020	2	2	1	1	0	21
chr12	53665429	53669147	2	2	1	5	0	37
chr12	53669342	53669870	2	2	1	1	0	7
chr12	53669949	53672575	2	2	1	1	0	7
chr12	53670711	53672309	2	2	1	1	0	44
chr12	54181648	54182503	2	2	1	2	0	31
chr12	54241906	54246114	2	2	1	6	0	39
chr12	54246213	54252040	2	2	1	1	0	30
chr12	54246216	54252040	2	2	1	2	0	32
chr12	54252228	54257513	2	2	1	14	0	45
chr12	54281503	54281794	1	1	1	1	0	10
chr12	54281942	54282089	1	1	1	5	0	40
chr12	54282487	54282572	1	1	1	1	0	23
chr12	54282612	54283826	1	1	1	0	1	4
chr12	54282666	54282799	1	1	1	2	1	43
chr12	54282875	54283811	1	1	1	6	1	44
chr12	54283968	54284257	1	1	1	7	0	35
chr12	54284318	54284548	1	1	1	15	0	36
chr12	54284318	54284845	1	1	1	1	0	25
chr12	54284318	54286661	1	1	1	2	0	19
chr12	54286733	54286952	1	1	1	45	0	43
chr12	54343317	54345459	1	1	1	2	0	30
chr12	54580393	54580943	2	2	1	5	0	46
chr12	54581051	54581975	2	2	1	2	0	38
chr12	55716197	55716932	1	1	1	1	0	6
chr12	55719224	55719498	1	1	1	11	0	38
chr12	55725627	55725812	2	2	1	124	0	43
chr12	55725839	55726165	2	2	1	1	0	24
chr12	55725882	55726120	2	2	1	1	0	34
chr12	55725897	55726120	2	2	1	18	0	33
chr12	55726262	55726699	2	2	1	2	0	20
chr12	55726796	55726889	2	2	1	2	0	19
chr12	55728353	55728952	2	2	1	3	0	32
chr12	55728353	55729281	2	2	1	1	0	19
chr12	55757554	55760550	2	2	1	3	0	35
chr12	55760641	55789074	2	2	1	3	0	19
chr12	55789144	55790566	2	2	1	3	0	19
chr12	55790593	55794358	2	2	1	2	0	7
chr12	55794388	55794806	2	2	1	3	0	29
chr12	55800630	55800853	2	2	1	5	0	41
chr12	55800901	55803628	2	2	1	4	0	38
chr12	55803729	55817665	2	2	1	3	0	11
chr12	55819494	55820259	1	1	1	3	0	42
chr12	55835616	55836125	1	1	1	1	0	19
chr12	55954350	55955273	2	2	1	3	0	29
chr12	55955362	55955463	2	2	1	1	0	11
chr12	56042603	56043362	1	1	1	38	0	37
chr12	56043494	56044118	1	1	1	330	3	46
chr12	56104797	56106587	1	1	1	1	0	31
chr12	56104826	56106587	1	1	1	16	0	45
chr12	56107096	56107186	1	1	1	1	0	6
chr12	56109936	56110398	1	1	1	1	0	27
chr12	56110427	56113084	1	1	1	1	1	28
chr12	56110478	56110558	1	1	1	4	0	41
chr12	56110693	56110963	1	1	1	7	0	43
chr12	56111059	56111181	1	1	1	23	0	46
chr12	56111310	56111475	1	1	1	11	0	36
chr12	56111530	56112822	1	1	1	3	0	44
chr12	56116660	56116774	1	1	1	1	0	25
chr12	56116800	56117188	1	1	1	3	0	23
chr12	56117212	56117481	1	1	1	11	0	24
chr12	56133466	56133587	1	1	1	1	0	16
chr12	56133604	56144568	1	1	1	1	0	16
chr12	56143149	56143227	1	1	1	1	0	7
chr12	56157546	56157697	1	1	1	20	0	38
chr12	56157736	56157881	1	1	1	21	0	38
chr12	56159731	56159974	1	1	1	6	0	46
chr12	56160149	56160242	1	1	1	18	0	46
chr12	56160321	56160625	1	1	1	1	0	29
chr12	56160321	56161386	1	1	1	130	0	45
chr12	56160671	56161386	1	1	1	3	0	41
chr12	56170209	56171270	2	2	1	1	0	42
chr12	56172705	56173695	2	2	1	1	0	34
chr12	56173030	56173695	2	2	1	1	0	24
chr12	56181102	56181481	2	2	1	1	0	7
chr12	56181598	56181703	2	2	1	2	0	29
chr12	56181836	56182003	2	2	1	1	0	27
chr12	56208299	56210296	2	2	1	1	0	24
chr12	56269562	56270149	1	1	1	1	0	20
chr12	56273255	56273586	2	2	1	1	0	42
chr12	56285805	56285915	2	2	1	1	0	25
chr12	56310596	56310957	2	2	1	64	0	46
chr12	56311055	56311210	2	2	1	6	0	42
chr12	56311055	56314850	2	2	1	1	0	15
chr12	56348624	56348751	2	2	1	1	0	28
chr12	56348805	56348923	2	2	1	1	0	11
chr12	56370813	56410173	2	2	1	1	0	14
chr12	56418009	56418133	2	2	1	1	0	18
chr12	56422192	56422846	2	2	1	1	0	42
chr12	56422993	56423273	2	2	1	1	0	45
chr12	56428406	56428548	2	2	1	2	0	5
chr12	56434232	56449309	2	2	1	2	0	15
chr12	56606064	56606246	2	2	1	3	0	45
chr12	56606313	56606632	2	2	1	8	0	31
chr12	56606734	56609735	2	2	1	5	0	35
chr12	56638424	56639105	2	2	1	24	0	37
chr12	56639308	56639979	2	2	1	4	0	26
chr12	56640193	56642457	2	2	1	3	0	24
chr12	56642832	56643402	2	2	1	1	0	35
chr12	56664499	56664775	2	2	1	2	0	25
chr12	56664801	56666203	2	2	1	5	0	25
chr12	56666267	56670274	2	2	1	8	0	45
chr12	56670365	56671748	2	2	1	0	1	5
chr12	56671848	56672739	2	2	1	1	0	31
chr12	56672810	56672951	2	2	1	9	0	46
chr12	56673066	56687997	2	2	1	3	0	44
chr12	56709154	56712824	1	1	1	0	1	3
chr12	56712553	56712785	2	2	1	256	0	46
chr12	56712909	56713061	2	2	1	31	1	44
chr12	56713191	56713536	2	2	1	4	0	32
chr12	56713684	56714361	2	2	1	1	0	31
chr12	56714440	56714601	2	2	1	4	0	27
chr12	56714688	56724451	2	2	1	3	0	12
chr12	56724524	56724961	2	2	1	2	0	8
chr12	56731735	56734146	2	2	1	7	0	45
chr12	56734246	56738433	2	2	1	4	0	38
chr12	56739364	56741434	2	2	1	3	0	32
chr12	56741838	56742986	2	6	1	1	0	13
chr12	56743097	56744064	2	2	1	4	0	9
chr12	56744124	56746044	2	2	1	6	0	35
chr12	56746182	56746780	2	4	1	3	0	35
chr12	56746855	56746925	2	2	1	3	0	44
chr12	57072913	57078618	2	2	1	1	0	40
chr12	57211589	57211749	1	1	1	1	0	33
chr12	57212018	57212116	1	1	1	1	0	14
chr12	57232293	57232452	1	1	1	2	0	5
chr12	57232844	57233179	1	1	1	1	0	41
chr12	57233346	57233562	1	1	1	2	0	39
chr12	57233905	57234002	1	1	1	2	0	27
chr12	57234537	57234693	0	0	1	3	0	33
chr12	57289041	57292571	2	2	1	1	0	37
chr12	57504300	57511697	1	1	1	1	0	29
chr12	57514852	57514953	1	1	1	1	0	43
chr12	57515337	57515919	1	1	1	6	0	34
chr12	57515992	57516244	1	1	1	5	0	31
chr12	57516338	57516434	1	1	1	14	0	46
chr12	57529010	57529159	1	1	1	2	0	28
chr12	57532107	57532212	2	2	1	2	0	24
chr12	57718422	57718992	1	3	1	2	0	16
chr12	57749505	57750655	2	2	1	1	0	6
chr12	57751091	57751206	2	2	1	1	0	8
chr12	57787163	57792985	1	1	1	1	0	31
chr12	57793074	57796176	1	1	1	1	0	29
chr12	57826403	57826995	2	2	1	1	0	40
chr12	57931738	57935469	2	2	1	2	0	39
chr12	58876604	58877399	2	2	1	1	0	22
chr12	62302921	62314789	1	1	1	3	0	33
chr12	62381664	62383839	1	1	1	2	0	32
chr12	62401276	62404192	1	1	1	1	0	14
chr12	62965755	62965892	2	2	1	1	0	43
chr12	63844884	63983946	1	1	1	1	0	41
chr12	64017013	64042789	1	1	1	1	0	32
chr12	64421472	64423004	1	1	1	2	0	20
chr12	64431824	64433413	1	1	1	1	0	41
chr12	64490120	64495482	1	1	1	2	0	15
chr12	65171119	65210925	1	1	1	2	0	34
chr12	66124019	66128895	2	2	1	0	3	35
chr12	66153449	66169854	2	2	1	1	0	10
chr12	66539224	66541814	2	2	1	1	0	4
chr12	67269786	67281909	1	1	1	6	0	18
chr12	67307493	67309900	1	1	1	1	0	39
chr12	67310317	67311692	1	1	1	1	0	22
chr12	68641154	68648698	1	1	1	1	0	29
chr12	68648782	68650399	1	1	1	1	0	25
chr12	68650469	68651994	1	1	1	1	0	31
chr12	68652052	68654111	1	1	1	2	0	30
chr12	68654253	68656305	1	1	1	0	1	33
chr12	68702785	68709237	1	1	1	2	0	20
chr12	68715741	68719340	1	1	1	3	0	40
chr12	68727390	68731109	1	1	1	1	0	29
chr12	68731261	68731606	1	1	1	3	0	14
chr12	68733613	68734707	1	1	1	5	0	29
chr12	68735345	68741812	1	1	1	1	0	42
chr12	68741981	68742354	1	1	1	1	0	37
chr12	68836750	68839273	1	1	1	1	0	7
chr12	69260198	69262372	1	1	1	2	0	17
chr12	69262563	69269511	1	1	1	8	0	42
chr12	69360024	69362787	1	1	1	2	0	39
chr12	69370799	69370887	1	1	1	2	0	28
chr12	69370976	69390146	1	1	1	1	0	26
chr12	69586345	69586752	1	1	1	3	0	19
chr12	69586819	69587504	1	1	1	1	0	10
chr12	69588007	69588149	1	1	1	1	0	35
chr12	69589688	69592058	1	1	1	37	0	46
chr12	69592160	69592975	1	1	1	20	0	45
chr12	69593104	69593509	1	1	1	1	0	12
chr12	69597767	69597967	1	1	1	1	0	19
chr12	69598072	69598321	1	1	1	2	0	8
chr12	69598422	69599862	1	1	1	1	0	10
chr12	69600005	69601294	1	1	1	7	0	42
chr12	69756664	69784719	1	1	1	1	0	38
chr12	70337514	70338442	1	1	1	2	0	5
chr12	70338823	70342106	1	1	1	1	0	13
chr12	70342169	70342257	1	1	1	1	0	17
chr12	70344229	70346179	1	1	1	8	0	32
chr12	70346325	70353828	1	1	1	20	0	45
chr12	71613436	71614534	2	2	1	1	0	14
chr12	71631888	71631971	2	2	1	2	0	22
chr12	71634826	71635442	2	2	1	1	0	5
chr12	71645076	71647748	2	2	1	7	0	36
chr12	71657302	71663012	2	2	1	1	0	30
chr12	71674399	71676688	1	1	1	1	0	14
chr12	71701026	71703976	1	1	1	1	0	30
chr12	71896076	71896676	1	1	1	1	0	13
chr12	72816321	72816351	1	1	1	0	18	46
chr12	75367014	75369473	1	1	1	1	0	35
chr12	75499952	75501722	2	2	1	21	0	44
chr12	75501817	75501922	2	2	1	10	0	43
chr12	75502001	75503903	2	2	1	1	0	28
chr12	75504075	75505197	2	2	1	3	0	45
chr12	75505255	75506315	2	2	1	3	0	25
chr12	76047719	76048392	2	2	1	104	0	45
chr12	76047719	76048420	2	2	1	63	0	46
chr12	76048465	76049199	2	2	1	77	0	45
chr12	76049251	76049755	2	2	1	16	0	30
chr12	76049526	76049755	2	2	1	8	0	30
chr12	76049786	76050530	2	2	1	21	1	43
chr12	76050654	76053090	2	2	1	1	0	3
chr12	76053111	76053204	2	2	1	5	0	21
chr12	76053351	76053769	2	2	1	8	0	39
chr12	76053910	76055018	2	2	1	12	0	46
chr12	76056162	76059797	2	2	1	14	0	32
chr12	76059879	76060137	2	2	1	52	0	45
chr12	76060280	76067370	2	2	1	4	0	18
chr12	76060280	76074202	2	2	1	1	0	37
chr12	76067474	76068908	2	2	1	3	0	43
chr12	76068995	76074202	2	2	1	2	0	37
chr12	76074240	76084566	2	2	1	3	0	10
chr12	76356022	76356625	2	2	1	1	0	25
chr12	76356729	76358705	2	2	1	5	0	33
chr12	76358812	76369213	2	2	1	4	0	40
chr12	76369302	76369636	2	2	1	2	0	23
chr12	76402767	76410563	2	2	1	9	0	37
chr12	76410635	76450850	2	2	1	9	0	32
chr12	76816020	76822405	1	1	1	1	0	10
chr12	76819418	76819900	1	1	1	1	0	15
chr12	76859029	76859546	2	2	1	2	0	35
chr12	76860414	76863175	2	2	1	1	0	12
chr12	76863345	76866148	2	2	1	4	0	39
chr12	77046329	77050575	2	2	1	1	0	23
chr12	77056131	77064542	2	2	1	3	0	12
chr12	77064636	77065344	2	2	1	1	0	42
chr12	78865110	78977798	1	1	1	5	0	42
chr12	79047363	79217502	1	1	1	1	0	5
chr12	79217686	79285786	1	1	1	5	0	33
chr12	79296237	79299383	1	1	1	1	0	39
chr12	79353620	79444072	1	1	1	1	0	40
chr12	79592694	79594328	2	2	1	3	0	37
chr12	79594434	79596510	2	2	1	5	0	41
chr12	79596659	79613574	2	2	1	14	0	35
chr12	79613610	79621075	2	2	1	6	0	35
chr12	79639964	79640732	1	3	1	2	0	25
chr12	79776016	79778549	2	2	1	7	0	32
chr12	79778601	79781814	2	2	1	20	0	45
chr12	79781863	79786373	2	2	1	8	0	33
chr12	79786479	79788647	2	2	1	3	0	39
chr12	79788784	79790466	2	2	1	6	0	17
chr12	79790484	79793862	2	2	1	12	0	22
chr12	79793929	79795637	2	2	1	4	0	30
chr12	79795760	79796781	2	2	1	4	0	42
chr12	79796951	79797194	2	2	1	3	0	34
chr12	79797396	79798493	2	2	1	29	0	45
chr12	79798585	79805591	2	2	1	14	1	45
chr12	79798585	79806165	2	2	1	0	1	4
chr12	79807331	79808482	2	2	1	2	0	29
chr12	79808578	79809794	2	2	1	2	0	26
chr12	79820932	79821077	2	2	1	2	0	44
chr12	79822191	79828319	2	2	1	1	0	32
chr12	81253671	81254856	1	1	1	1	0	35
chr12	82353313	82354494	2	2	1	5	0	36
chr12	82354595	82356959	2	2	1	4	0	25
chr12	82389923	82398794	1	1	1	1	0	29
chr12	85153146	85153662	1	1	1	4	0	23
chr12	85878570	85882222	1	1	1	2	0	20
chr12	88035739	88040147	1	1	1	2	0	27
chr12	88040266	88042824	1	1	1	2	0	25
chr12	88042921	88043598	1	1	1	3	0	37
chr12	88043716	88045581	1	1	1	1	0	46
chr12	88045780	88046806	1	1	1	1	0	46
chr12	88046977	88048233	1	1	1	2	0	36
chr12	88053747	88054339	2	2	1	2	0	36
chr12	88062779	88063980	2	2	1	2	0	9
chr12	88077345	88077696	2	2	1	1	0	25
chr12	88077919	88079091	2	2	1	1	0	45
chr12	88079230	88080181	2	2	1	1	0	7
chr12	88083231	88083846	2	2	1	4	0	26
chr12	88084853	88086038	2	2	1	1	0	4
chr12	88086499	88087779	2	2	1	1	0	6
chr12	88106906	88106995	2	2	1	1	0	37
chr12	88107099	88109065	2	2	1	1	0	44
chr12	88109182	88111201	2	2	1	1	0	40
chr12	88115183	88117032	2	2	1	2	0	9
chr12	88115571	88117032	2	2	1	1	0	37
chr12	88118571	88118642	2	4	1	1	0	31
chr12	88120277	88120996	2	2	1	1	0	40
chr12	88129036	88129693	2	2	1	1	0	29
chr12	88130421	88130544	2	2	1	1	0	21
chr12	88130566	88131164	2	2	1	1	0	21
chr12	88136787	88139144	2	2	1	1	0	9
chr12	88141034	88141205	2	2	1	1	0	40
chr12	88154388	88160113	1	1	1	2	0	4
chr12	88174728	88176207	1	1	1	2	0	43
chr12	88188947	88190452	1	1	1	1	0	33
chr12	89349562	89350587	2	2	1	8	0	36
chr12	89425380	89459637	2	2	1	1	0	20
chr12	89601434	89603042	2	2	1	1	0	41
chr12	89610509	89611192	2	2	1	1	0	19
chr12	89611373	89616801	2	2	1	1	0	15
chr12	89626616	89627677	2	2	1	2	0	38
chr12	89627717	89630504	2	2	1	2	0	39
chr12	89630646	89634777	2	2	1	17	0	41
chr12	92778180	92779114	2	2	1	2	0	40
chr12	92779301	92780279	2	2	1	1	0	16
chr12	92780412	92781949	2	2	1	1	0	30
chr12	92782136	92787866	2	2	1	1	0	12
chr12	92799087	92801599	2	2	1	1	0	31
chr12	92801702	92802403	2	2	1	1	0	46
chr12	92802735	92809016	2	2	1	8	0	24
chr12	92813094	92816199	2	2	1	1	0	14
chr12	92819512	92826165	2	2	1	2	0	43
chr12	92832851	92842464	2	2	1	2	0	3
chr12	92842582	92851110	2	2	1	1	0	40
chr12	92853955	92857274	2	2	1	2	0	16
chr12	93410080	93410733	2	2	1	4	0	39
chr12	93467555	93469188	1	1	1	1	0	34
chr12	93469356	93476953	1	1	1	3	0	41
chr12	93477018	93479387	1	1	1	2	0	20
chr12	93479473	93487496	1	1	1	1	0	3
chr12	93487661	93501175	1	1	1	16	0	43
chr12	94367944	94368056	2	2	1	1	0	26
chr12	94370037	94375885	2	2	1	1	0	25
chr12	94403263	94411696	2	2	1	1	0	28
chr12	94614018	94664792	2	2	1	2	0	43
chr12	94971451	94994208	2	6	1	1	13	22
chr12	94971486	95002805	2	2	1	1	0	16
chr12	94971621	94994169	2	2	1	4	0	26
chr12	94994258	94997307	2	2	1	1	0	21
chr12	94994258	95002738	2	2	1	1	0	26
chr12	95002822	95003594	2	2	1	1	0	16
chr12	95031489	95049067	2	2	1	2	0	36
chr12	95054403	95054533	1	3	1	1	0	19
chr12	95474331	95476070	1	1	1	19	0	44
chr12	95474331	95476073	1	1	1	7	0	37
chr12	95476179	95483214	1	1	1	11	0	31
chr12	95483281	95485878	1	1	1	3	0	45
chr12	95495139	95496003	1	1	1	1	0	11
chr12	95504162	95511894	1	1	1	1	0	27
chr12	95683174	95686584	2	2	1	2	0	16
chr12	95859077	95861167	1	1	1	2	0	23
chr12	95861294	95865323	1	1	1	84	0	46
chr12	95865389	95866004	1	1	1	177	0	45
chr12	96001107	96002959	2	2	1	4	0	31
chr12	96006410	96009093	2	2	1	1	0	9
chr12	96009149	96013187	2	2	1	1	0	28
chr12	96945850	96951431	1	1	1	1	0	21
chr12	96951499	96951948	1	1	1	2	0	4
chr12	97560699	97560796	1	1	1	1	0	41
chr12	98528013	98531679	1	1	1	1	0	37
chr12	98531839	98537474	1	1	1	1	0	35
chr12	98544538	98544950	1	1	1	3	0	39
chr12	98595849	98597855	1	1	1	1	0	32
chr12	98598704	98599954	1	1	1	3	0	39
chr12	98600128	98601170	1	1	1	3	0	26
chr12	98601282	98601367	1	1	1	1	0	4
chr12	100057747	100058028	2	2	1	7	0	32
chr12	100095838	100097364	2	2	1	1	0	39
chr12	100170668	100170936	2	2	1	1	0	18
chr12	100170988	100173111	2	2	1	1	0	23
chr12	100207787	100210072	1	1	1	3	0	16
chr12	100210209	100210294	1	1	1	1	0	12
chr12	100212355	100212449	1	1	1	2	0	3
chr12	100218587	100220007	1	1	1	1	0	31
chr12	100329320	100334165	1	1	1	2	0	10
chr12	101281197	101285569	1	1	1	1	0	39
chr12	101308344	101309762	1	1	1	2	0	33
chr12	101327248	101329240	1	1	1	1	0	12
chr12	101338278	101338812	1	1	1	2	0	29
chr12	101352195	101353046	1	1	1	2	0	32
chr12	101363744	101365458	1	1	1	1	0	10
chr12	101374940	101375623	1	1	1	1	0	6
chr12	101375757	101379370	1	1	1	1	0	43
chr12	101383670	101385582	1	1	1	5	0	25
chr12	101385729	101385967	1	1	1	1	0	5
chr12	101726405	101728900	1	1	1	4	0	44
chr12	101914233	101920108	1	1	1	1	0	11
chr12	102099201	102101031	2	2	1	1	0	6
chr12	102178771	102182548	1	1	1	4	0	22
chr12	103930565	103931520	1	1	1	4	0	28
chr12	103931624	103932276	1	1	1	9	0	45
chr12	103932419	103932825	1	1	1	2	0	44
chr12	103934288	103937694	1	1	1	37	0	46
chr12	103937807	103938339	1	1	1	67	0	44
chr12	103938460	103939508	1	1	1	6	0	40
chr12	103939626	103941409	1	1	1	4	0	27
chr12	103941548	103941628	1	1	1	1	0	44
chr12	103941707	103941831	1	1	1	1	0	27
chr12	103941898	103942526	1	1	1	2	0	34
chr12	103942797	103943073	1	1	1	5	0	45
chr12	103943320	103943737	1	1	1	3	0	42
chr12	103943875	103946617	1	1	1	4	0	39
chr12	103946697	103946785	1	1	1	16	0	44
chr12	103946942	103947310	1	1	1	7	0	40
chr12	103947431	103947632	1	1	1	17	0	39
chr12	103966061	103976917	1	1	1	1	0	24
chr12	103966061	103979830	1	1	1	3	0	37
chr12	103977061	103979830	1	1	1	0	22	44
chr12	104120480	104121239	2	2	1	1	0	34
chr12	104123424	104126113	2	2	1	1	0	25
chr12	104315897	104318912	1	1	1	2	0	37
chr12	104319056	104319469	1	1	1	1	0	36
chr12	104321317	104325336	1	1	1	3	0	27
chr12	104325430	104326346	1	1	1	1	0	8
chr12	104331642	104334236	1	1	1	2	0	7
chr12	104986468	104988166	1	1	1	1	0	43
chr12	104988254	104991711	1	1	1	1	0	36
chr12	104988254	104994477	1	1	1	1	0	13
chr12	104991849	104994477	1	1	1	10	0	43
chr12	105052218	105052811	2	2	1	1	0	21
chr12	105147147	105149614	1	1	1	1	0	44
chr12	105157323	105160000	1	1	1	1	0	42
chr12	105160149	105162748	1	1	1	2	0	29
chr12	105164308	105164640	1	1	1	4	0	43
chr12	107692900	107692999	1	1	1	1	0	26
chr12	107693097	107696473	1	1	1	6	0	39
chr12	107696585	107697466	1	1	1	15	0	40
chr12	107704748	107708925	1	1	1	1	0	45
chr12	108530311	108531203	2	2	1	8	0	45
chr12	108531281	108532221	2	2	1	14	0	45
chr12	108532335	108535358	2	2	1	1	0	16
chr12	108537596	108538064	2	2	1	1	0	24
chr12	108564393	108565320	1	1	1	2	0	30
chr12	108567269	108568830	1	1	1	1	0	41
chr12	109067628	109071611	1	1	1	1	0	43
chr12	109213159	109229037	1	1	1	0	1	30
chr12	109490005	109490489	1	1	1	2	0	19
chr12	109524116	109524437	1	1	1	1	0	21
chr12	109857660	109858682	2	2	1	1	0	35
chr12	110016434	110018344	1	1	1	1	0	29
chr12	110129131	110132546	1	1	1	1	0	40
chr12	110135438	110136775	1	1	1	3	0	33
chr12	110136861	110143381	1	1	1	3	0	30
chr12	110205515	110205594	1	1	1	1	0	23
chr12	110333284	110334011	1	1	1	2	0	33
chr12	110334144	110339280	1	1	1	1	0	4
chr12	110339404	110339502	1	3	1	1	0	14
chr12	110346322	110350291	1	1	1	1	0	40
chr12	110376217	110377392	2	2	1	1	0	39
chr12	110380868	110394105	1	1	1	0	1	19
chr12	110387893	110388511	2	2	1	2	0	30
chr12	110440389	110445451	2	2	1	2	0	18
chr12	110453097	110453742	2	2	1	1	0	18
chr12	110455683	110455814	2	2	1	1	0	31
chr12	110455931	110457509	2	2	1	2	0	26
chr12	110457635	110459694	2	2	1	1	0	34
chr12	110486718	110487860	1	1	1	4	0	30
chr12	110492123	110492995	2	2	1	20	0	41
chr12	110493232	110496011	2	2	1	2	0	45
chr12	110647894	110649042	1	1	1	2	0	37
chr12	110724765	110730528	2	2	1	1	0	24
chr12	110904792	110907330	1	1	1	2	0	16
chr12	111158260	111158347	2	4	1	1	0	30
chr12	111470743	111485270	2	2	1	1	0	8
chr12	111485332	111485712	2	2	1	1	0	23
chr12	111509620	111509890	2	2	1	5	0	34
chr12	111509999	111510384	2	2	1	1	0	15
chr12	111509999	111513356	2	2	1	2	0	4
chr12	111520077	111520881	2	2	1	1	0	16
chr12	111520974	111525191	2	2	1	1	0	10
chr12	111525317	111552279	2	2	1	1	0	27
chr12	111650043	111655565	2	2	1	2	0	28
chr12	111655656	111658735	2	2	1	1	0	16
chr12	111840004	111840332	2	2	1	1	0	26
chr12	111866232	111867571	1	1	1	1	0	22
chr12	111889007	111890039	1	1	1	1	0	3
chr12	111890145	111892966	1	1	1	6	0	35
chr12	112039340	112040480	2	2	1	12	0	41
chr12	112040579	112042038	2	2	1	11	0	44
chr12	112042105	112043087	2	2	1	1	0	9
chr12	112068993	112071894	2	2	1	1	0	11
chr12	112075332	112075466	1	3	1	1	0	40
chr12	112134874	112135012	1	1	1	1	0	28
chr12	112135067	112140818	1	1	1	1	0	10
chr12	112251135	112252423	2	2	1	3	0	9
chr12	112266983	112269703	2	2	1	1	0	30
chr12	112405377	112405852	2	2	1	242	0	46
chr12	112406038	112406293	2	2	1	36	0	45
chr12	112406343	112406746	2	2	1	32	0	45
chr12	112406891	112408239	2	2	1	17	17	42
chr12	112408339	112408419	2	2	1	98	5	46
chr12	112408339	112410319	2	2	1	0	5	10
chr12	112408657	112409410	2	2	1	2	0	38
chr12	112408657	112409586	2	2	1	2	0	19
chr12	112438438	112439582	2	4	1	1	0	36
chr12	112450513	112453194	1	1	1	3	0	25
chr12	112454681	112455949	1	1	1	5	1	36
chr12	112456064	112472943	1	1	1	9	1	39
chr12	112473041	112477650	1	1	1	1	0	42
chr12	112477731	112477856	1	1	1	2	0	40
chr12	112488511	112489023	1	1	1	2	0	28
chr12	113161383	113161892	2	2	1	3	0	26
chr12	113161998	113162931	2	2	1	1	0	43
chr12	113436876	113437885	1	1	1	1	0	31
chr12	113955212	113957781	2	2	1	2	0	14
chr12	113960179	113962231	2	2	1	1	0	14
chr12	116009133	116012796	2	2	1	2	0	33
chr12	116852224	116852833	2	2	1	1	0	30
chr12	117177642	117186476	2	2	1	1	0	27
chr12	117186572	117189226	2	2	1	3	0	17
chr12	117936124	117936986	2	4	1	1	0	44
chr12	118034359	118034985	2	2	1	1	0	15
chr12	118139552	118144585	1	1	1	1	0	17
chr12	118145402	118145445	1	1	1	1	0	37
chr12	118151159	118152226	2	2	1	3	0	16
chr12	118266760	118372647	2	2	1	2	0	16
chr12	118376834	118380161	1	1	1	9	0	41
chr12	118380232	118384011	1	1	1	16	0	41
chr12	118384068	118386113	1	1	1	32	0	46
chr12	118386186	118389926	1	1	1	33	0	20
chr12	118389947	118391125	1	1	1	30	0	23
chr12	119114365	119116936	1	1	1	1	0	28
chr12	119701959	119704362	2	2	1	2	0	3
chr12	119767183	119770784	2	2	1	3	0	23
chr12	120132023	120134290	2	2	1	2	0	17
chr12	120146203	120188369	1	1	1	1	0	37
chr12	120161584	120161879	2	2	1	1	0	18
chr12	120162059	120162846	2	2	1	3	0	25
chr12	120196935	120197321	2	2	1	131	0	45
chr12	120197463	120198553	2	2	1	14	0	41
chr12	120198740	120198853	2	2	1	4	1	40
chr12	120199001	120199117	2	2	1	1	0	42
chr12	120199206	120199309	2	2	1	3	0	44
chr12	120199486	120200729	2	2	1	0	1	17
chr12	120438230	120438378	1	1	1	3	0	33
chr12	120438522	120440453	1	1	1	0	8	44
chr12	120446830	120457075	1	1	1	1	0	22
chr12	120464123	120465626	2	2	1	1	0	29
chr12	120496554	120498072	1	1	1	2	0	37
chr12	120557683	120560725	1	1	1	1	0	39
chr12	120566981	120571190	1	1	1	1	0	46
chr12	120571292	120575630	1	1	1	1	0	15
chr12	120575689	120575791	1	1	1	10	0	33
chr12	120575689	120575828	1	1	1	1	0	19
chr12	120579924	120581114	2	2	1	2	0	9
chr12	120695001	120695094	1	1	1	5	0	37
chr12	121004490	121005002	2	2	1	1	0	14
chr12	121308692	121309700	2	2	1	1	0	41
chr12	121318609	121319696	2	2	1	1	0	43
chr12	121346032	121346895	2	2	1	2	0	27
chr12	121420335	121420576	1	1	1	1	0	41
chr12	121516521	121520984	2	2	1	1	0	15
chr12	121575860	121578801	2	2	1	2	0	19
chr12	122022184	122030699	1	1	1	1	0	11
chr12	122064683	122068027	1	3	1	1	0	31
chr12	122309883	122316748	2	2	1	1	0	17
chr12	122316856	122319231	2	2	1	2	0	45
chr12	122328427	122332986	2	2	1	5	0	39
chr12	122333144	122334026	2	2	1	1	0	6
chr12	122334111	122334647	2	2	1	1	0	29
chr12	122336749	122340752	2	2	1	1	0	8
chr12	122505707	122506833	2	2	1	2	0	41
chr12	122506924	122508217	2	2	1	3	0	41
chr12	122508448	122511108	2	2	1	2	0	28
chr12	122508451	122511108	2	2	1	2	0	42
chr12	122511189	122515104	2	2	1	1	0	34
chr12	122515228	122517226	2	2	1	5	0	37
chr12	122517431	122518838	2	2	1	3	0	41
chr12	122519030	122521384	2	2	1	1	0	34
chr12	122519052	122520503	2	2	1	1	0	45
chr12	122521429	122522142	2	2	1	1	0	14
chr12	122522300	122526847	2	2	1	1	0	37
chr12	122547970	122549765	1	1	1	1	0	27
chr12	122557690	122561920	1	1	1	1	0	46
chr12	122577792	122579904	1	1	1	2	0	36
chr12	122590736	122591336	1	1	1	1	0	20
chr12	122602741	122602828	1	1	1	1	0	17
chr12	122624689	122626204	1	1	1	7	0	28
chr12	122753808	122762186	1	3	1	1	0	20
chr12	122754513	122762186	1	1	1	1	0	20
chr12	122762207	122762844	1	1	1	6	0	21
chr12	122762930	122765303	1	1	1	7	1	43
chr12	122765388	122767487	1	1	1	3	0	20
chr12	122980888	122981128	1	1	1	4	0	40
chr12	122981235	122982857	2	2	1	1	0	31
chr12	122981880	122981956	1	1	1	2	0	39
chr12	122982539	122982619	1	1	1	1	0	42
chr12	122982545	122982831	1	1	1	1	0	44
chr12	123156909	123160780	2	2	1	1	0	12
chr12	123198335	123202163	2	2	1	1	0	21
chr12	123210163	123214743	2	2	1	2	0	29
chr12	123218500	123221371	2	2	1	1	0	5
chr12	123253957	123256812	1	1	1	4	0	23
chr12	123309857	123311054	2	2	1	2	0	39
chr12	123311130	123313619	2	2	1	1	0	11
chr12	123320867	123321534	2	2	1	3	0	25
chr12	123321733	123323679	2	2	1	4	0	32
chr12	123323832	123325501	2	2	1	7	0	43
chr12	123328028	123328733	2	2	1	1	0	36
chr12	123330510	123331241	2	2	1	3	0	46
chr12	123341089	123345257	2	2	1	1	0	42
chr12	123395267	123396344	1	1	1	0	1	6
chr12	123584817	123586746	1	1	1	2	0	45
chr12	123590450	123596604	1	1	1	1	0	20
chr12	123608830	123609938	1	1	1	1	0	29
chr12	123615857	123629667	2	2	1	0	1	21
chr12	123618838	123619431	1	1	1	1	0	32
chr12	123630534	123632344	2	2	1	1	0	22
chr12	123659931	123660045	1	1	1	3	0	31
chr12	123660083	123660165	1	1	1	3	0	37
chr12	123751230	123752282	1	1	1	2	0	43
chr12	124402559	124419956	2	2	1	3	0	19
chr12	124402562	124419956	2	2	1	1	0	43
chr12	124911823	124912734	2	2	1	17	2	35
chr12	124912584	124913267	2	2	1	3	0	43
chr12	124956880	124957028	2	2	1	1	0	12
chr12	130872921	130873002	1	1	1	2	0	38
chr12	130873129	130874545	1	1	1	5	0	39
chr12	130874734	130875611	1	1	1	4	0	34
chr12	130875783	130875881	1	1	1	2	0	23
chr12	131719540	131725404	1	1	1	2	0	37
chr12	131764687	131766117	1	1	1	1	0	18
chr12	131766309	131778064	1	1	1	3	0	39
chr12	131838249	131851647	2	4	1	1	0	32
chr12	131921617	131922640	2	4	1	1	0	22
chr12	131932313	131939172	1	1	1	1	0	5
chr12	131939276	131941291	1	1	1	1	0	26
chr12	131941984	131943538	1	1	1	1	0	18
chr12	131990715	131991406	1	1	1	2	0	36
chr12	132032150	132037681	1	1	1	1	0	10
chr12	132038097	132043303	1	1	1	2	0	40
chr12	132043463	132043644	1	1	1	1	0	19
chr12	132152198	132152281	1	1	1	2	0	13
chr12	132743277	132747831	2	2	1	2	0	23
chr12	132927163	132933034	2	2	1	1	0	15
chr12	133048849	133054638	1	1	1	1	0	18
chr12	133151905	133155502	1	1	1	1	0	42
chr13	19137168	19149543	1	1	1	1	0	24
chr13	19642271	19646442	1	1	1	2	6	35
chr13	19647292	19648421	1	1	1	2	0	23
chr13	19668532	19670235	1	1	1	1	0	7
chr13	19671290	19671833	1	1	1	1	0	45
chr13	19730345	19741564	2	2	1	2	0	34
chr13	19825236	19835476	2	2	1	4	0	12
chr13	19838986	19851354	2	2	1	1	0	43
chr13	20044819	20044947	1	3	1	1	0	46
chr13	20059563	20061052	1	1	1	1	0	39
chr13	20062972	20064450	1	1	1	2	0	21
chr13	20082131	20082780	1	1	1	5	0	24
chr13	20811398	20812293	2	2	1	1	0	29
chr13	20823795	20829235	1	3	1	1	0	30
chr13	20870893	20871401	2	2	1	1	0	20
chr13	21140996	21146804	1	1	1	2	0	30
chr13	21146928	21147185	1	1	1	4	0	42
chr13	21155151	21155692	2	2	1	2	0	36
chr13	21172682	21176374	2	2	1	1	0	45
chr13	21421165	21425651	2	2	1	2	0	8
chr13	21495319	21496051	2	2	1	1	0	44
chr13	21499541	21499922	1	3	1	2	0	41
chr13	23135215	23135733	1	1	1	1	0	46
chr13	23358482	23365165	2	2	1	2	0	45
chr13	23365278	23368401	2	2	1	2	0	29
chr13	23411741	23433614	2	2	1	1	0	40
chr13	23756619	23760095	2	2	1	1	0	20
chr13	24884084	24884160	2	2	1	1	0	37
chr13	24884198	24892729	2	2	1	1	0	15
chr13	24899585	24903925	2	2	1	4	0	41
chr13	24904059	24905345	2	2	1	3	0	23
chr13	24907194	24908017	2	2	1	3	0	5
chr13	25579948	25581818	1	1	1	1	0	26
chr13	26665163	26667516	1	1	1	1	0	20
chr13	27095831	27105730	2	2	1	3	0	29
chr13	27170330	27171591	2	2	1	1	0	17
chr13	27251586	27253764	1	1	1	2	1	28
chr13	27253844	27254219	1	1	1	15	0	45
chr13	27254282	27255241	1	1	1	5	20	43
chr13	27254282	27256449	1	1	1	1	0	15
chr13	27254620	27254748	2	2	1	1	0	40
chr13	27255355	27256183	1	1	1	85	0	45
chr13	27256335	27256435	1	1	1	428	2	46
chr13	27427193	27429171	1	1	1	2	0	14
chr13	27427193	27429869	1	1	1	1	0	41
chr13	27434220	27434804	1	1	1	4	0	13
chr13	27435193	27435432	1	1	1	1	0	21
chr13	27437274	27439988	2	2	1	2	0	18
chr13	27440450	27445087	2	2	1	2	0	40
chr13	27550492	27553207	2	2	1	1	0	40
chr13	27622010	27648378	1	1	1	1	0	12
chr13	28326636	28326770	2	2	1	1	0	42
chr13	28327551	28329614	2	2	1	2	0	25
chr13	28357686	28384884	2	2	1	1	0	11
chr13	28405895	28427158	2	2	1	1	0	25
chr13	28430168	28431135	2	2	1	1	0	9
chr13	28433956	28434057	2	2	1	2	0	18
chr13	28659188	28662409	1	1	1	4	0	30
chr13	28662508	28664508	1	1	1	3	0	32
chr13	28664570	28668472	1	1	1	4	0	44
chr13	28668575	28672338	1	1	1	6	0	45
chr13	28672433	28678034	1	1	1	100	0	44
chr13	30230595	30231313	2	2	1	1	0	39
chr13	30461408	30462613	2	2	1	0	1	32
chr13	30461534	30462537	2	2	1	0	7	41
chr13	30462713	30463206	2	2	1	63	0	43
chr13	30463353	30463530	2	2	1	41	0	45
chr13	30463695	30465795	2	2	1	0	13	44
chr13	30887850	30894081	2	2	1	1	0	25
chr13	31137525	31138406	2	2	1	10	0	39
chr13	31138569	31138780	2	2	1	3	0	11
chr13	31138901	31138999	2	2	1	3	0	45
chr13	31139108	31140183	2	2	1	1	0	25
chr13	31140310	31141121	2	2	1	2	0	25
chr13	31141260	31143791	2	2	1	6	0	44
chr13	31143924	31145562	2	2	1	12	0	41
chr13	31145769	31147958	2	2	1	1	0	5
chr13	31148093	31148373	2	2	1	1	0	38
chr13	32315668	32316421	1	1	1	1	0	32
chr13	32329493	32330918	1	1	1	1	0	3
chr13	32370558	32370955	1	1	1	2	0	19
chr13	32376792	32379316	1	1	1	5	0	27
chr13	32394934	32396897	1	1	1	1	0	20
chr13	32397045	32398161	1	1	1	1	0	18
chr13	32444127	32480589	2	2	1	1	0	16
chr13	32480638	32517856	2	2	1	1	0	28
chr13	32510491	32517856	2	2	1	1	0	21
chr13	32521450	32522181	2	2	1	1	0	20
chr13	32586594	32648753	1	1	1	2	0	19
chr13	32659281	32667763	1	1	1	2	0	44
chr13	32694305	32696853	1	1	1	1	0	36
chr13	32696903	32699729	1	1	1	2	0	33
chr13	32746101	32753331	1	1	1	2	0	37
chr13	32755957	32758086	1	1	1	3	0	26
chr13	32760721	32764488	1	1	1	1	0	35
chr13	32764595	32770120	1	1	1	1	0	27
chr13	32770561	32770653	1	1	1	2	0	12
chr13	32773325	32775016	1	1	1	1	0	36
chr13	33818266	33821131	1	1	1	4	0	39
chr13	33824963	33825788	1	1	1	2	0	15
chr13	34031242	34035331	1	1	1	1	0	31
chr13	35132301	35142268	1	1	1	1	0	24
chr13	35157271	35159015	1	1	1	1	0	43
chr13	35182529	35183975	1	1	1	2	0	40
chr13	35184072	35195863	1	1	1	2	0	19
chr13	36283703	36297636	2	2	1	3	0	26
chr13	36312478	36314226	2	2	1	2	0	22
chr13	36329518	36331398	2	2	1	1	0	26
chr13	36950058	36952513	2	2	1	3	0	42
chr13	36952600	36971976	2	2	1	1	0	19
chr13	36965727	36971976	2	2	1	1	0	29
chr13	36985741	36989483	2	2	1	1	0	42
chr13	36993673	36994988	2	2	1	1	0	8
chr13	37002552	37002933	1	1	1	1	0	5
chr13	37003008	37004515	1	1	1	1	0	44
chr13	37006026	37006114	1	1	1	1	0	35
chr13	37006161	37006974	1	1	1	1	0	6
chr13	37007072	37008056	1	1	1	3	0	15
chr13	37008178	37008728	1	1	1	3	0	44
chr13	37008836	37009183	1	3	1	11	0	44
chr13	37009807	37012191	2	2	1	1	0	35
chr13	37017365	37019341	2	2	1	2	0	35
chr13	37026817	37028147	2	2	1	1	0	18
chr13	37031896	37033448	2	2	1	2	0	35
chr13	37047937	37048563	2	2	1	1	0	16
chr13	37048600	37051487	2	2	1	1	0	36
chr13	37571459	37577752	2	2	1	2	0	13
chr13	37577799	37578843	2	2	1	2	0	33
chr13	38354297	38358092	1	1	1	1	0	16
chr13	38358133	38359300	1	1	1	2	0	34
chr13	38359334	38360710	1	1	1	4	0	33
chr13	40559035	40559508	2	2	1	19	0	45
chr13	40757014	40758947	2	2	1	3	0	11
chr13	40767034	40770984	2	2	1	1	0	4
chr13	41061676	41062643	1	1	1	1	0	10
chr13	41065079	41065163	1	1	1	3	0	37
chr13	41065288	41068560	1	1	1	8	0	46
chr13	41076238	41080645	1	1	1	1	0	4
chr13	41080810	41082703	1	1	1	1	0	15
chr13	41367653	41369089	1	1	1	8	0	43
chr13	41811341	41816697	2	2	1	1	0	23
chr13	43065738	43068929	1	1	1	1	0	11
chr13	43069004	43078611	1	1	1	1	0	7
chr13	43078689	43085767	1	1	1	1	0	39
chr13	43085839	43107177	1	1	1	1	0	36
chr13	44943675	44949721	2	2	1	2	0	34
chr13	44982155	44989024	2	2	1	5	0	41
chr13	44999233	45046592	2	2	1	1	0	12
chr13	45006304	45008794	1	1	1	1	0	18
chr13	45008880	45014951	1	1	1	1	0	40
chr13	45015084	45015431	1	1	1	2	0	40
chr13	45136807	45207423	1	1	1	2	0	24
chr13	45151832	45207423	1	1	1	6	0	29
chr13	45207506	45252870	1	1	1	13	0	43
chr13	45252971	45267232	1	1	1	1	0	21
chr13	45267377	45283441	1	1	1	1	0	19
chr13	45337389	45338659	2	2	1	98	0	46
chr13	45338777	45339496	2	2	1	15	0	42
chr13	45339603	45339993	2	2	1	7	0	43
chr13	45340185	45340711	2	2	1	2	0	41
chr13	45340786	45341041	2	2	1	2	0	11
chr13	45957298	45959482	2	2	1	2	0	12
chr13	45959647	45963841	2	2	1	1	0	43
chr13	45968029	45968747	2	2	1	1	0	14
chr13	45969972	45970361	2	2	1	1	0	43
chr13	45970466	45975282	2	2	1	2	0	29
chr13	45975839	45979812	2	2	1	1	0	11
chr13	45980005	45985296	2	2	1	1	0	20
chr13	45985762	45988786	2	2	1	1	0	12
chr13	46001461	46003138	2	2	1	1	0	34
chr13	46003337	46010347	2	2	1	5	0	44
chr13	46010506	46011414	2	2	1	5	0	43
chr13	46011555	46020448	2	2	1	3	0	43
chr13	46020558	46042163	2	2	1	3	0	21
chr13	46042276	46044954	2	2	1	3	0	37
chr13	46045065	46045390	2	2	1	1	0	34
chr13	46771497	46777455	2	4	1	4	0	34
chr13	46782792	46784251	2	2	1	1	0	32
chr13	48086453	48090351	2	2	1	8	0	41
chr13	48090419	48093547	2	2	1	2	0	32
chr13	48090419	48094953	2	2	1	6	0	30
chr13	48090419	48095059	2	2	1	1	0	20
chr13	48233478	48253807	1	1	1	1	0	11
chr13	48253937	48256176	1	1	1	2	0	31
chr13	48256384	48258125	1	1	1	1	0	29
chr13	48258237	48258796	1	1	1	1	0	15
chr13	48349024	48360016	1	1	1	1	0	25
chr13	48459834	48463730	1	1	1	2	0	18
chr13	49490911	49491731	1	1	1	2	0	41
chr13	49524217	49526386	1	1	1	1	0	33
chr13	49722564	49725415	2	2	1	1	0	33
chr13	50049663	50068096	2	2	1	2	0	11
chr13	50401110	50401208	2	4	1	3	0	24
chr13	50943395	50945426	1	1	1	1	0	32
chr13	50945533	50947986	1	1	1	4	0	39
chr13	50948069	50949462	1	1	1	3	0	42
chr13	50949506	50953904	1	1	1	3	1	29
chr13	50949506	50956357	1	1	1	0	1	3
chr13	50950319	50953904	1	1	1	0	1	3
chr13	50953986	50956357	1	1	1	16	2	43
chr13	51365846	51367804	2	2	1	2	0	34
chr13	51376175	51378238	2	2	1	1	0	37
chr13	51647406	51647622	0	0	1	3	0	40
chr13	51758301	51759739	1	1	1	4	0	44
chr13	51791258	51797825	2	2	1	1	0	17
chr13	52012463	52018912	1	1	1	1	0	46
chr13	52076144	52083259	2	2	1	1	0	26
chr13	52136260	52136799	2	2	1	1	0	10
chr13	52143988	52144690	2	2	1	1	0	30
chr13	52184115	52186682	2	2	1	2	0	15
chr13	52434883	52436289	2	2	1	4	0	36
chr13	52455627	52456522	1	1	1	3	0	28
chr13	52456608	52460895	1	1	1	2	0	18
chr13	52456608	52460898	1	1	1	3	0	46
chr13	52465466	52468277	1	1	1	1	0	31
chr13	52474085	52474894	1	1	1	1	0	40
chr13	52653104	52657531	1	1	1	1	0	35
chr13	52666920	52676229	1	1	1	3	0	31
chr13	52676321	52679973	1	1	1	2	0	27
chr13	52680156	52687733	1	1	1	24	0	45
chr13	52708703	52712715	2	2	1	1	0	40
chr13	52712870	52723996	2	2	1	1	0	43
chr13	59666847	59774188	2	2	1	1	0	27
chr13	59774249	59774727	2	2	1	1	0	5
chr13	59810924	59833106	2	2	1	1	0	3
chr13	59833272	59839323	2	6	1	2	0	25
chr13	59970059	59970851	2	2	1	8	0	38
chr13	60010670	60015912	2	2	1	1	0	24
chr13	60042821	60093627	2	2	1	1	0	13
chr13	60093733	60112009	2	2	1	1	0	37
chr13	60112187	60132956	2	2	1	2	0	33
chr13	60132990	60163586	2	2	1	2	0	10
chr13	72753822	72755150	1	1	1	1	0	41
chr13	72763608	72765971	2	2	1	1	0	22
chr13	72770989	72771080	2	2	1	1	0	29
chr13	72775376	72775924	2	4	1	2	0	10
chr13	72777494	72778186	2	2	1	2	0	28
chr13	72778381	72780845	2	2	1	1	0	40
chr13	72827915	72835242	1	3	1	3	0	10
chr13	72854156	72893783	1	1	1	1	0	13
chr13	72973676	72998821	1	1	1	2	0	26
chr13	72998996	73015868	1	1	1	1	0	45
chr13	75310152	75312737	2	2	1	5	0	22
chr13	75337041	75341124	2	2	1	1	0	5
chr13	75526640	75530113	2	2	1	12	0	39
chr13	75526640	75537663	2	2	1	1	0	12
chr13	75537676	75537763	2	2	1	1	0	12
chr13	75549863	75549975	1	1	1	3	0	12
chr13	75549988	75560752	1	1	1	4	0	12
chr13	75556418	75560752	1	1	1	1	0	38
chr13	75560882	75566694	1	1	1	2	0	10
chr13	75569508	75594914	1	1	1	2	0	25
chr13	75594991	75604768	1	1	1	6	0	43
chr13	75604828	75605728	1	1	1	12	0	36
chr13	75804542	75809153	1	1	1	1	0	25
chr13	75804542	75817160	1	1	1	1	0	11
chr13	75817279	75819392	1	1	1	1	0	39
chr13	75835340	75836396	1	1	1	1	0	28
chr13	77087634	77088831	2	2	1	2	0	34
chr13	77225555	77233155	2	2	1	1	0	7
chr13	77257830	77260427	2	2	1	1	0	41
chr13	77260593	77261170	2	2	1	1	0	34
chr13	77270539	77273471	2	2	1	3	0	39
chr13	77761111	77763144	1	1	1	1	0	5
chr13	77898335	77899858	2	2	1	2	0	30
chr13	79320711	79322348	2	2	1	2	0	27
chr13	79322463	79334343	2	2	1	1	0	28
chr13	79344323	79344668	2	2	1	2	0	33
chr13	79344795	79354438	2	2	1	4	0	35
chr13	79355385	79358273	2	2	1	1	0	16
chr13	79377516	79378788	2	2	1	7	0	33
chr13	79378908	79405703	2	2	1	3	0	38
chr13	94576412	94577370	2	2	1	2	0	33
chr13	94577430	94578004	2	2	1	1	0	9
chr13	95186893	95188452	2	2	1	1	0	4
chr13	95586137	95587538	2	2	1	2	0	25
chr13	95589933	95590278	2	2	1	2	0	17
chr13	95594087	95599364	2	2	1	1	0	19
chr13	95606060	95609456	2	2	1	2	0	41
chr13	95609514	95611444	2	2	1	2	0	35
chr13	95611494	95612036	2	2	1	1	0	8
chr13	95612178	95619884	2	2	1	1	0	10
chr13	95619948	95622342	2	2	1	2	0	19
chr13	95630114	95633233	2	2	1	2	0	14
chr13	95633322	95641294	2	2	1	2	0	27
chr13	95643699	95644376	2	2	1	1	0	32
chr13	95723367	95725177	1	1	1	4	0	19
chr13	95725253	95757643	1	1	1	1	0	7
chr13	95763954	95785938	1	1	1	1	0	29
chr13	95786072	95787006	1	1	1	3	0	44
chr13	95801813	95832926	2	2	1	1	0	20
chr13	95867424	95877278	2	2	1	3	0	39
chr13	97434785	97464204	1	1	1	1	0	21
chr13	97997619	98000538	1	1	1	1	0	31
chr13	98003038	98006129	1	1	1	1	0	17
chr13	98014215	98015529	1	1	1	3	0	25
chr13	98015642	98015725	1	1	1	1	0	34
chr13	98021134	98021735	1	1	1	17	0	46
chr13	98377919	98384729	1	1	1	1	0	16
chr13	98390121	98390811	1	1	1	1	0	15
chr13	98431582	98432050	2	2	1	1	0	41
chr13	98446206	98446665	1	1	1	1	0	43
chr13	98446818	98448235	1	1	1	4	0	43
chr13	98930258	98955434	2	2	1	1	0	7
chr13	99262443	99262577	2	4	1	1	0	30
chr13	99517682	99520035	1	1	1	1	0	42
chr13	99552327	99554303	1	1	1	1	0	27
chr13	99555648	99559362	1	1	1	2	0	29
chr13	99559535	99562690	1	1	1	3	0	45
chr13	99606758	99772823	1	1	1	1	0	3
chr13	99891438	99892442	1	1	1	2	0	44
chr13	99979507	99979878	1	3	1	2	0	19
chr13	100515568	100527674	1	1	1	1	0	20
chr13	100642312	100656380	2	2	1	1	0	39
chr13	102604922	102614100	1	1	1	2	0	35
chr13	102649152	102649407	1	1	1	6	0	38
chr13	102649487	102651358	1	1	1	4	0	32
chr13	102649487	102657055	1	1	1	7	0	38
chr13	102651398	102657055	1	1	1	4	0	41
chr13	102663745	102664794	1	1	1	2	0	24
chr13	102674491	102676295	1	1	1	12	0	36
chr13	102676416	102678226	1	1	1	1	0	36
chr13	102784513	102786231	2	2	1	2	0	18
chr13	102831698	102834465	1	1	1	1	0	30
chr13	102853873	102854287	1	3	1	1	0	25
chr13	106105282	106105409	2	2	1	1	0	38
chr13	106544161	106557047	2	2	1	6	0	43
chr13	106557132	106559431	2	2	1	4	0	31
chr13	106559658	106567572	2	2	1	2	0	21
chr13	110176514	110176625	2	2	1	1	0	34
chr13	110186554	110187137	2	2	1	1	0	39
chr13	110428584	110429884	1	1	1	2	0	12
chr13	110482660	110484904	1	1	1	1	0	38
chr13	110489509	110489710	1	1	1	1	0	34
chr13	110503425	110512917	2	2	1	1	0	31
chr13	110508222	110511933	1	1	1	2	0	16
chr13	110641609	110642314	2	2	1	3	0	33
chr13	110667474	110676973	2	2	1	1	0	34
chr13	110894203	110894284	2	2	1	1	0	40
chr13	111288444	111300747	1	1	1	4	0	45
chr13	112499186	112504031	2	2	1	1	0	43
chr13	112555006	112556051	2	2	1	1	0	42
chr13	113190976	113195070	2	2	1	1	0	19
chr13	113195126	113196180	2	2	1	1	0	18
chr13	113219049	113219326	1	5	1	1	0	7
chr13	113219049	113227975	1	5	1	1	0	38
chr13	113245238	113245955	1	1	1	2	0	22
chr13	113254799	113254952	1	1	1	1	0	20
chr13	113520734	113534044	1	1	1	1	0	36
chr13	113623287	113631622	1	1	1	2	0	19
chr13	113979423	113981674	2	2	1	1	0	10
chr13	114242281	114243256	1	1	1	1	0	22
chr13	114265241	114272183	1	1	1	2	0	35
chr13	114272482	114272563	1	1	1	16	0	43
chr13	114282128	114286518	1	1	1	1	0	28
chr13	114282944	114286518	1	1	1	0	3	20
chr13	114286401	114286518	1	1	1	2	0	40
chr13	114286630	114291488	1	1	1	6	8	44
chr13	114286630	114291635	1	1	1	2	0	19
chr13	114291545	114291633	1	1	1	10	0	45
chr14	20313802	20315780	2	2	1	1	0	41
chr14	20313802	20316226	2	2	1	2	0	19
chr14	20325654	20326715	2	2	1	1	0	37
chr14	20350623	20351046	1	1	1	2	0	36
chr14	20351123	20352244	1	1	1	2	0	15
chr14	20447280	20447421	2	2	1	2	0	23
chr14	20455704	20455913	1	1	1	3	0	35
chr14	20456102	20456667	1	1	1	3	0	9
chr14	20456861	20456990	1	1	1	1	0	30
chr14	20475095	20476903	2	4	1	0	1	5
chr14	20836365	20866118	1	1	1	0	1	12
chr14	20992206	20996884	1	1	1	0	2	3
chr14	20996712	20996784	1	1	1	2	0	10
chr14	20996712	20996811	1	1	1	1	0	3
chr14	21211262	21231027	2	2	1	0	1	18
chr14	21211307	21211405	2	2	1	3	0	40
chr14	21211567	21211809	2	2	1	5	1	40
chr14	21211924	21212959	2	2	1	22	0	44
chr14	21213118	21230318	2	2	1	6	6	45
chr14	21230367	21230996	2	2	1	5	0	41
chr14	21231073	21233952	2	2	1	0	2	37
chr14	21351892	21352753	2	4	1	1	0	40
chr14	21352819	21353487	2	2	1	10	0	43
chr14	21353566	21353702	2	2	1	7	0	46
chr14	21353833	21354410	2	2	1	2	0	31
chr14	21354541	21357196	2	2	1	2	0	17
chr14	21361214	21362196	2	2	1	1	0	45
chr14	21362325	21362793	2	2	1	1	0	18
chr14	21362948	21363033	2	2	1	2	0	14
chr14	21363329	21363437	2	2	1	13	0	39
chr14	21363504	21364826	2	2	1	22	0	43
chr14	21364940	21365069	2	2	1	3	0	14
chr14	21365144	21366438	2	2	1	7	0	33
chr14	21366530	21368268	2	2	1	15	0	45
chr14	21369356	21369749	2	2	1	7	0	43
chr14	21369897	21370335	2	2	1	1	0	40
chr14	21372045	21373337	2	2	1	16	0	46
chr14	21386177	21390946	2	2	1	1	0	26
chr14	21391643	21391832	2	2	1	1	0	26
chr14	21405465	21405720	2	2	1	1	0	28
chr14	21409989	21412912	2	2	1	1	0	35
chr14	21426243	21427868	2	2	1	7	0	42
chr14	21488851	21489172	1	1	1	1	0	17
chr14	21495393	21496545	1	1	1	1	0	42
chr14	21498370	21499024	2	2	1	2	0	42
chr14	21499138	21499305	2	2	1	1	0	37
chr14	22565138	22575058	2	2	1	7	0	45
chr14	22771181	22771267	1	1	1	2	0	36
chr14	22830111	22830186	1	1	1	1	0	40
chr14	22830255	22833417	1	1	1	7	0	32
chr14	22830255	22834171	1	1	1	2	0	24
chr14	22831038	22834171	1	1	1	4	0	43
chr14	22833483	22834171	1	1	1	22	0	45
chr14	22833490	22834171	1	1	1	4	0	46
chr14	22908741	22909482	2	2	1	1	0	26
chr14	22920732	22920839	2	2	1	1	1	32
chr14	22920732	22920987	2	2	1	0	1	4
chr14	22922241	22922509	2	2	1	1	0	30
chr14	22922560	22922741	2	2	1	1	0	12
chr14	22922836	22923050	2	2	1	2	0	14
chr14	22946709	22947170	2	2	1	1	0	20
chr14	22947240	22947600	2	2	1	1	0	3
chr14	23016636	23033367	2	2	1	3	0	26
chr14	23022745	23033367	2	2	1	2	0	29
chr14	23026376	23033367	2	2	1	2	0	40
chr14	23027830	23033367	2	2	1	0	1	34
chr14	23059475	23061083	2	2	1	1	0	12
chr14	23061185	23061297	2	2	1	2	0	27
chr14	23061623	23062167	2	2	1	1	0	21
chr14	23080810	23081747	2	2	1	1	0	35
chr14	23090634	23093478	2	2	1	1	0	10
chr14	23127344	23128018	2	2	1	2	0	5
chr14	23129800	23131460	2	2	1	1	0	43
chr14	23321821	23322180	1	1	1	1	0	44
chr14	23323067	23323376	1	1	1	2	0	38
chr14	23324053	23324137	1	1	1	12	0	37
chr14	23324290	23325246	1	1	1	69	1	46
chr14	23476153	23476238	1	1	1	2	0	6
chr14	23477357	23477502	1	1	1	2	0	42
chr14	23477561	23478006	1	1	1	25	0	46
chr14	23560037	23560254	2	2	1	1	0	21
chr14	23562067	23562287	2	2	1	1	0	29
chr14	23966418	23967210	1	1	1	0	1	5
chr14	24001518	24004336	1	1	1	0	1	5
chr14	24048812	24049284	1	1	1	0	1	5
chr14	24102891	24103159	1	1	1	1	0	37
chr14	24137018	24137142	1	1	1	1	0	12
chr14	24138561	24138735	1	1	1	3	0	33
chr14	24138569	24138735	1	3	1	1	0	16
chr14	24139197	24139359	2	2	1	2	0	39
chr14	24143490	24143584	2	2	1	32	0	42
chr14	24143672	24143974	2	2	1	13	0	25
chr14	24144030	24144191	2	2	1	1	0	39
chr14	24146241	24146533	2	2	1	1	0	33
chr14	24158200	24159863	1	1	1	1	0	10
chr14	24159961	24160238	1	1	1	1	0	29
chr14	24160408	24160519	1	1	1	6	0	36
chr14	24179907	24180009	1	1	1	2	0	8
chr14	24181618	24181710	2	2	1	5	0	19
chr14	24209936	24210347	2	2	1	2	0	33
chr14	24210484	24210653	2	2	1	1	0	4
chr14	24214152	24214309	2	2	1	3	0	41
chr14	24217224	24218058	2	2	1	1	0	27
chr14	24217224	24218132	2	2	1	1	0	38
chr14	24218216	24218383	2	2	1	2	0	25
chr14	24218432	24232249	2	2	1	1	0	15
chr14	24237352	24237519	1	1	1	2	0	24
chr14	24237563	24238245	1	1	1	2	0	25
chr14	24300689	24304961	0	0	1	3	0	42
chr14	24443113	24444283	1	1	1	1	0	40
chr14	26529281	26530195	1	3	1	1	0	31
chr14	26568466	26595409	2	2	1	1	0	33
chr14	30592448	30593473	1	1	1	1	0	10
chr14	30593640	30597419	1	1	1	1	0	34
chr14	30601895	30601998	1	1	1	1	0	17
chr14	30602132	30605504	1	1	1	8	0	39
chr14	30638248	30639776	1	1	1	1	0	44
chr14	30650651	30653488	1	1	1	1	0	43
chr14	30673348	30673923	1	1	1	1	0	37
chr14	30673998	30674983	1	1	1	2	0	32
chr14	30719378	30721883	1	1	1	2	0	25
chr14	30721918	30722493	1	1	1	2	0	34
chr14	30722560	30734789	1	1	1	1	0	43
chr14	30734859	30735585	1	1	1	10	0	36
chr14	31113190	31113276	2	2	1	1	0	19
chr14	31113485	31113876	2	2	1	1	0	24
chr14	31116459	31119709	2	2	1	1	0	31
chr14	31119867	31121382	2	2	1	1	0	10
chr14	31123048	31127784	2	2	1	1	0	38
chr14	31149161	31149998	2	2	1	2	0	30
chr14	31157011	31157164	2	2	1	1	0	21
chr14	31168473	31169353	2	2	1	3	0	17
chr14	31169469	31171860	2	2	1	4	0	33
chr14	31172123	31173155	2	2	1	1	0	28
chr14	31359058	31364188	2	2	1	1	0	4
chr14	31419953	31420151	2	2	1	1	0	35
chr14	32146341	32149901	1	1	1	1	0	16
chr14	34516587	34524696	2	2	1	2	0	42
chr14	34524808	34529357	2	2	1	1	0	11
chr14	34529476	34533443	2	2	1	2	0	40
chr14	34533540	34536093	2	2	1	4	0	44
chr14	34536276	34539554	2	2	1	1	0	3
chr14	34581601	34586229	2	2	1	1	0	29
chr14	34586306	34593044	2	2	1	2	0	30
chr14	34597646	34603347	2	2	1	2	0	14
chr14	34603472	34605595	2	2	1	3	0	34
chr14	34605718	34608029	2	2	1	4	0	42
chr14	34758847	34761756	2	2	1	1	0	26
chr14	34780311	34783118	2	2	1	1	0	39
chr14	34783233	34783761	2	2	1	1	0	14
chr14	34783928	34785776	2	2	1	1	0	10
chr14	34800391	34801093	2	2	1	8	0	41
chr14	34801194	34802853	2	2	1	6	0	33
chr14	34802989	34807450	2	2	1	1	0	8
chr14	34807539	34810934	2	2	1	1	0	20
chr14	34983216	34996676	1	1	1	3	0	33
chr14	35023081	35028087	1	1	1	1	0	13
chr14	35028184	35029060	1	1	1	1	0	45
chr14	35046629	35053277	1	1	1	1	0	11
chr14	35047085	35053277	1	1	1	1	0	9
chr14	35053452	35077149	1	1	1	9	0	40
chr14	35077217	35078926	1	1	1	5	0	19
chr14	35180778	35266726	1	1	1	1	0	17
chr14	35292553	35307993	1	1	1	1	0	5
chr14	35308996	35310739	1	1	1	3	0	37
chr14	35310896	35312880	1	1	1	3	1	41
chr14	35313060	35314360	1	1	1	3	0	21
chr14	35314456	35317248	1	1	1	15	3	40
chr14	35402061	35402393	2	2	1	4	0	42
chr14	35625433	35627089	2	2	1	0	1	19
chr14	35728511	35738512	2	2	1	3	0	35
chr14	35742566	35748584	2	2	1	0	1	30
chr14	35771000	35775005	2	2	1	3	0	23
chr14	35775056	35775634	2	2	1	3	0	19
chr14	35807898	35808729	2	2	1	0	1	10
chr14	35863954	35864934	1	5	1	1	0	34
chr14	36311726	36311958	2	2	1	3	0	35
chr14	36312025	36314511	2	2	1	1	0	42
chr14	36314916	36316692	2	2	1	1	0	34
chr14	36316813	36320459	2	2	1	4	0	45
chr14	38193324	38196068	1	1	1	1	0	28
chr14	39132069	39133660	1	1	1	1	0	26
chr14	39133720	39135930	1	1	1	1	0	7
chr14	39177688	39177840	1	1	1	6	0	42
chr14	39177917	39179090	1	1	1	1	0	26
chr14	39179247	39179323	1	1	1	3	0	27
chr14	39179463	39180502	1	1	1	5	0	36
chr14	39302250	39303477	1	1	1	1	0	23
chr14	39303525	39304290	1	1	1	1	0	22
chr14	39304382	39308448	1	1	1	3	0	38
chr14	45027475	45028175	1	1	1	1	0	24
chr14	45107617	45108414	1	1	1	2	0	35
chr14	45116253	45118027	2	2	1	5	0	38
chr14	45118126	45120886	2	2	1	2	0	41
chr14	45120955	45121484	2	2	1	3	0	42
chr14	45121621	45129793	2	2	1	29	0	42
chr14	45129902	45130698	2	2	1	9	0	43
chr14	45130801	45134348	2	2	1	2	0	15
chr14	45206171	45210379	2	2	1	1	0	19
chr14	45224747	45226742	2	2	1	2	0	10
chr14	45226837	45227662	2	2	1	2	0	12
chr14	45227815	45231140	2	2	1	5	0	37
chr14	45231299	45232732	2	2	1	1	0	29
chr14	45232821	45235813	2	2	1	2	0	32
chr14	45235945	45237647	2	2	1	1	0	8
chr14	45237722	45242033	2	2	1	1	0	9
chr14	47104437	47104468	2	2	1	0	18	46
chr14	49583676	49585949	2	2	1	327	31	45
chr14	49586050	49586284	2	2	1	89	0	46
chr14	49626049	49628011	2	2	1	1	0	21
chr14	49643671	49647292	2	2	1	4	0	39
chr14	49647361	49650264	2	2	1	4	0	37
chr14	49674428	49683592	2	2	1	1	0	35
chr14	49774679	49777838	1	1	1	1	0	8
chr14	49779676	49779747	1	1	1	1	0	8
chr14	49779807	49780212	1	1	1	1	0	25
chr14	49782458	49782541	1	1	1	1	0	3
chr14	49782595	49782829	1	1	1	1	0	36
chr14	49784714	49784924	2	2	1	2	0	30
chr14	49786751	49789145	2	2	1	1	0	32
chr14	49789344	49789495	2	2	1	3	0	38
chr14	49789574	49795790	2	2	1	5	0	43
chr14	49795945	49796232	2	2	1	1	0	13
chr14	49795945	49799474	2	2	1	7	0	36
chr14	49799525	49799635	2	2	1	14	0	43
chr14	49799679	49800419	2	2	1	12	0	41
chr14	49828355	49828615	2	2	1	1	0	20
chr14	49828788	49829053	2	2	1	4	0	24
chr14	49828808	49829053	2	2	1	10	0	45
chr14	49832127	49832206	2	2	1	1	0	15
chr14	49832278	49833422	2	2	1	1	0	6
chr14	49833497	49834362	2	2	1	1	0	18
chr14	49834450	49838138	2	2	1	2	0	27
chr14	50246121	50247040	2	2	1	1	0	39
chr14	50302169	50302901	2	2	1	1	0	19
chr14	50324117	50325608	1	1	1	2	0	27
chr14	50324161	50325608	1	1	1	1	0	42
chr14	50425978	50428661	2	2	1	1	0	41
chr14	50464134	50466582	2	2	1	2	0	31
chr14	50466646	50468650	2	2	1	3	0	33
chr14	50468783	50475076	2	2	1	1	0	22
chr14	50613352	50614372	1	1	1	1	0	19
chr14	50910103	50911729	2	2	1	1	0	19
chr14	50937838	50944160	2	2	1	1	0	20
chr14	51249570	51249692	1	1	1	1	0	33
chr14	51249766	51254340	1	1	1	1	0	25
chr14	51993823	51998493	1	1	1	2	0	4
chr14	51999797	52001797	1	1	1	1	0	30
chr14	52544372	52552315	2	2	1	2	0	33
chr14	52711525	52713880	1	1	1	0	1	28
chr14	52718353	52718976	1	1	1	2	0	46
chr14	52719039	52720860	1	1	1	1	0	30
chr14	52721191	52723964	1	1	1	1	0	35
chr14	52724037	52727498	1	1	1	1	1	33
chr14	52750781	52756550	1	1	1	1	0	36
chr14	52759755	52768839	1	1	1	1	0	27
chr14	52768934	52771032	1	1	1	4	0	27
chr14	52781912	52783422	2	2	1	2	0	29
chr14	52783486	52784496	2	2	1	2	0	30
chr14	52859715	52860340	2	2	1	2	0	24
chr14	52860466	52861013	2	2	1	1	0	17
chr14	52861035	52864400	2	2	1	1	0	21
chr14	52864623	52864746	2	2	1	1	0	34
chr14	52893428	52919122	2	2	1	3	0	45
chr14	53063206	53072596	2	2	1	1	0	24
chr14	53091933	53093315	2	2	1	1	0	39
chr14	54397078	54399893	1	1	1	1	0	10
chr14	54417952	54419991	1	1	1	6	0	40
chr14	54483768	54488924	2	2	1	1	0	17
chr14	54522594	54530048	1	1	1	1	0	12
chr14	54933819	54934125	1	1	1	1	0	40
chr14	54941691	54944331	2	2	1	3	0	43
chr14	54944471	54955560	2	2	1	3	0	13
chr14	54955695	54957033	2	2	1	1	0	20
chr14	54957205	54957591	2	2	1	1	0	35
chr14	54962854	54962951	2	2	1	1	0	33
chr14	54963173	54966474	2	2	1	2	0	30
chr14	54991401	54995602	2	2	1	1	0	23
chr14	55002186	55007279	2	2	1	1	0	16
chr14	55148474	55148593	2	2	1	1	0	5
chr14	55151942	55152589	2	2	1	5	0	35
chr14	55152648	55154616	2	2	1	3	0	45
chr14	55154807	55158521	2	2	1	1	0	28
chr14	55158742	55162970	2	2	1	1	0	16
chr14	55163076	55169398	2	2	1	3	0	43
chr14	55179700	55180655	2	2	1	2	0	16
chr14	55181298	55182369	2	2	1	1	0	18
chr14	55182433	55183559	2	2	1	4	0	23
chr14	55189181	55191462	2	2	1	1	0	26
chr14	55390993	55395939	2	2	1	1	0	4
chr14	55395983	55397371	2	2	1	4	0	43
chr14	55397435	55411601	2	2	1	1	0	25
chr14	55580355	55612018	1	1	1	18	0	43
chr14	55601881	55612018	1	1	1	2	0	41
chr14	55612572	55616516	1	1	1	1	0	35
chr14	55616655	55617963	1	1	1	1	0	9
chr14	55618135	55619181	1	1	1	1	0	15
chr14	55619313	55627911	1	1	1	3	0	43
chr14	55628029	55629956	1	1	1	2	0	27
chr14	55630098	55633234	1	1	1	1	0	44
chr14	55633342	55634525	1	1	1	3	0	29
chr14	55634659	55636448	1	1	1	1	0	20
chr14	55637365	55637778	1	1	1	1	0	9
chr14	55640443	55640932	1	1	1	11	0	38
chr14	55640971	55641126	1	1	1	16	0	41
chr14	55641209	55641691	1	1	1	9	0	44
chr14	55641761	55646972	1	1	1	1	0	28
chr14	55648871	55649775	1	1	1	2	0	37
chr14	55649814	55650327	1	1	1	2	0	38
chr14	55650419	55650568	1	1	1	4	0	41
chr14	55650638	55651889	1	1	1	2	0	36
chr14	55651928	55652849	1	1	1	5	0	39
chr14	55652941	55653016	1	1	1	4	0	42
chr14	55653086	55653558	1	1	1	1	0	16
chr14	55653597	55656041	1	1	1	2	0	38
chr14	55656133	55658545	1	1	1	6	0	30
chr14	55658615	55659665	1	1	1	2	0	38
chr14	55659704	55661521	1	1	1	2	0	33
chr14	55664042	55667240	1	1	1	1	0	35
chr14	55667331	55670728	1	1	1	7	0	28
chr14	55670810	55671565	1	1	1	4	0	20
chr14	55671656	55671784	1	1	1	6	0	38
chr14	55671878	55672629	1	1	1	2	0	35
chr14	55672702	55672928	1	1	1	6	0	43
chr14	55675919	55678351	1	1	1	1	0	21
chr14	55678445	55679564	1	1	1	1	0	43
chr14	55679686	55680685	1	1	1	0	1	4
chr14	55679686	55684098	1	1	1	6	1	43
chr14	57209783	57209952	2	2	1	1	0	31
chr14	57218069	57219321	2	2	1	1	0	31
chr14	57219443	57222307	2	2	1	2	0	41
chr14	57222417	57229733	2	2	1	1	0	18
chr14	57239660	57244164	2	2	1	2	0	34
chr14	57247713	57268621	2	2	1	2	0	43
chr14	58004805	58005047	2	2	1	2	0	45
chr14	58244942	58247749	1	1	1	1	0	7
chr14	58247833	58252118	1	1	1	2	0	44
chr14	58252243	58257744	1	1	1	3	0	10
chr14	58257847	58257924	1	1	1	3	0	41
chr14	58257999	58260947	1	1	1	2	0	37
chr14	58263771	58267473	1	1	1	5	0	38
chr14	58267521	58270417	1	1	1	11	0	37
chr14	58270486	58270933	1	1	1	20	0	45
chr14	58270999	58271850	1	1	1	78	0	43
chr14	58274011	58285590	2	2	1	1	0	40
chr14	58274136	58285590	2	2	1	1	0	30
chr14	58291708	58296915	2	2	1	1	0	29
chr14	58318806	58323484	1	1	1	1	0	33
chr14	58346506	58347019	1	1	1	1	0	11
chr14	58347118	58347646	1	1	1	1	0	42
chr14	58365301	58365517	1	1	1	1	0	42
chr14	58365623	58366023	1	1	1	4	0	24
chr14	58409169	58410842	2	2	1	1	0	12
chr14	58410939	58411906	2	2	1	1	0	45
chr14	58448494	58450578	1	1	1	2	0	32
chr14	58472280	58474606	1	1	1	2	0	18
chr14	58498021	58545944	1	1	1	1	0	44
chr14	59263661	59291216	1	1	1	2	0	28
chr14	59291307	59315279	1	1	1	1	0	17
chr14	59326078	59326509	1	1	1	2	0	24
chr14	59326649	59326932	1	1	1	3	0	40
chr14	59330689	59331208	1	1	1	1	0	6
chr14	59352633	59353875	1	1	1	1	0	26
chr14	59363783	59367428	1	1	1	6	0	38
chr14	59367600	59368649	1	1	1	1	0	16
chr14	59473091	59475868	2	2	1	1	0	3
chr14	60145014	60149352	2	2	1	5	0	46
chr14	60734952	60796216	1	1	1	1	0	42
chr14	60796370	60798086	1	1	1	14	0	46
chr14	60798161	60808324	1	1	1	6	0	39
chr14	60879836	60968228	1	1	1	1	0	21
chr14	60975195	60975474	2	2	1	4	0	35
chr14	61046168	61050511	1	1	1	2	0	30
chr14	61052136	61052348	1	1	1	2	0	16
chr14	61052136	61078829	1	1	1	1	0	9
chr14	61078928	61083549	1	1	1	1	0	12
chr14	61721655	61721738	1	1	1	1	0	32
chr14	61721824	61726705	1	1	1	1	0	6
chr14	61727656	61732417	1	1	1	1	0	15
chr14	61732525	61734137	1	1	1	1	0	32
chr14	61741189	61744704	1	1	1	1	0	22
chr14	61776254	61778071	1	1	1	2	0	36
chr14	61778141	61778847	1	1	1	5	0	39
chr14	61778911	61782246	1	1	1	2	0	34
chr14	61782398	61792806	1	1	1	3	0	20
chr14	63376109	63382055	2	2	1	2	0	22
chr14	63382158	63384443	2	2	1	1	0	34
chr14	63384572	63389611	2	2	1	0	1	39
chr14	63954916	63961524	1	1	1	1	0	10
chr14	63981174	63982629	1	1	1	1	0	35
chr14	63982795	63983736	1	1	1	2	0	23
chr14	63993970	63995043	1	1	1	3	0	30
chr14	63995203	63996946	1	1	1	1	0	36
chr14	63998329	63998913	1	1	1	1	0	25
chr14	63999041	64000561	1	1	1	4	0	32
chr14	64007223	64009965	1	1	1	1	0	18
chr14	64020094	64021314	1	1	1	1	0	19
chr14	64021516	64021856	1	1	1	1	0	19
chr14	64024460	64024911	1	1	1	1	0	39
chr14	64025032	64025129	1	1	1	1	0	5
chr14	64025422	64026578	1	1	1	2	0	19
chr14	64030060	64031015	1	1	1	1	0	8
chr14	64031358	64047999	1	1	1	1	0	31
chr14	64048156	64049610	1	1	1	1	0	7
chr14	64074137	64075944	1	1	1	2	0	33
chr14	64076101	64078465	1	1	1	5	0	44
chr14	64091049	64093348	1	1	1	1	0	17
chr14	64126808	64128451	1	1	1	1	0	8
chr14	64130249	64132264	1	1	1	2	0	13
chr14	64132439	64134068	1	1	1	1	0	44
chr14	64143949	64146067	1	1	1	1	0	5
chr14	64163582	64165284	1	1	1	1	0	18
chr14	64165411	64167232	1	1	1	1	0	30
chr14	64418025	64419813	1	1	1	2	0	12
chr14	64426193	64427336	1	1	1	1	0	11
chr14	64439173	64440125	1	1	1	2	0	35
chr14	64444735	64448216	1	1	1	1	0	12
chr14	64448318	64449444	1	1	1	1	0	42
chr14	64454876	64458213	1	1	1	3	0	45
chr14	64458308	64459758	1	1	1	10	0	45
chr14	64537779	64542758	1	1	1	1	0	32
chr14	64914535	64923990	1	1	1	1	0	6
chr14	64924127	64926009	1	1	1	6	0	38
chr14	64926081	64926654	1	1	1	1	0	20
chr14	64926081	64932137	1	1	1	21	0	41
chr14	64950415	64951073	2	2	1	1	0	32
chr14	67241534	67254203	1	1	1	1	0	28
chr14	67263164	67350610	2	2	1	5	0	32
chr14	67312711	67316831	1	1	1	4	0	26
chr14	67316904	67317407	1	1	1	1	0	16
chr14	67340519	67343371	2	2	1	1	0	38
chr14	67381691	67382446	1	1	1	2	0	40
chr14	67662536	67674374	2	2	1	2	0	20
chr14	67684766	67685014	2	2	1	1	0	29
chr14	68788810	68789526	2	2	1	1	0	12
chr14	68862056	68862372	1	5	1	0	2	36
chr14	68874763	68880809	2	2	1	4	0	40
chr14	68880109	68880809	2	2	1	1	0	22
chr14	68880990	68882457	2	2	1	1	0	30
chr14	69380641	69386962	2	2	1	12	0	43
chr14	69387084	69394824	2	2	1	2	0	40
chr14	69768897	69769181	1	1	1	7	0	42
chr14	69769252	69770466	1	1	1	13	0	45
chr14	69770541	69770994	1	1	1	9	0	37
chr14	69771545	69771916	1	1	1	1	0	33
chr14	70326450	70329173	2	2	1	18	0	45
chr14	70328284	70329173	2	2	1	1	0	22
chr14	70329237	70342657	2	2	1	5	0	33
chr14	70329237	70359518	2	2	1	1	0	17
chr14	70342730	70359518	2	2	1	2	0	15
chr14	70822123	70823819	1	1	1	1	0	24
chr14	71105441	71108603	1	1	1	1	0	37
chr14	71589371	71618756	1	1	1	1	0	16
chr14	72995475	73017356	2	2	1	1	0	30
chr14	73080427	73081026	1	1	1	1	0	16
chr14	73088162	73096914	1	1	1	3	0	27
chr14	73088475	73096914	1	1	1	1	0	33
chr14	73097101	73099379	1	1	1	15	0	44
chr14	73099434	73099666	1	1	1	15	0	33
chr14	73099751	73103191	1	1	1	4	0	36
chr14	73099754	73105970	1	1	1	1	0	18
chr14	73103479	73105858	1	1	1	11	0	37
chr14	73106082	73106195	1	1	1	26	0	45
chr14	73106286	73107825	1	1	1	8	0	42
chr14	73107900	73109341	1	1	1	5	1	32
chr14	73109493	73110830	1	1	1	27	0	42
chr14	73112251	73114285	1	1	1	3	0	44
chr14	73114334	73119712	1	1	1	1	0	27
chr14	73136584	73147794	1	1	1	1	0	6
chr14	73279425	73282358	2	2	1	1	0	27
chr14	73658957	73661986	1	1	1	2	0	7
chr14	73877169	73880054	1	1	1	1	0	41
chr14	73877496	73894657	2	2	1	1	0	29
chr14	73881293	73882398	1	1	1	1	0	19
chr14	73961904	73962969	1	1	1	2	0	30
chr14	74480289	74480701	2	2	1	1	0	5
chr14	74480780	74484414	2	2	1	2	0	23
chr14	74494153	74494274	1	1	1	1	0	37
chr14	74713201	74713484	1	1	1	1	0	5
chr14	74713260	74713484	1	1	1	4	0	37
chr14	74713553	74714871	1	1	1	2	0	19
chr14	74723345	74732730	1	1	1	2	0	5
chr14	74749083	74756257	1	1	1	0	1	42
chr14	74810003	74810224	1	1	1	1	0	7
chr14	74812783	74816202	1	1	1	7	0	31
chr14	74816266	74816570	1	1	1	3	0	35
chr14	74817108	74817193	1	1	1	3	0	22
chr14	74817278	74818230	1	1	1	5	0	38
chr14	74818315	74821056	1	1	1	1	0	31
chr14	74835448	74835774	1	1	1	1	0	31
chr14	75063562	75063953	2	2	1	2	0	7
chr14	75088642	75091269	2	2	1	1	0	14
chr14	75651635	75651770	2	2	1	1	0	45
chr14	75820162	75820602	1	1	1	1	0	37
chr14	76172020	76173545	1	1	1	1	0	41
chr14	77328038	77329122	1	1	1	2	0	16
chr14	77462243	77462641	1	1	1	1	0	31
chr14	77464687	77465538	1	1	1	2	0	32
chr14	77465668	77468082	1	1	1	1	0	14
chr14	77468509	77469076	1	1	1	1	0	44
chr14	77708209	77710837	1	1	1	8	0	44
chr14	77710897	77715771	1	1	1	82	0	46
chr14	77715880	77717479	1	1	1	2	0	39
chr14	77715880	77717495	1	1	1	247	4	44
chr14	77715880	77717501	1	1	1	9	0	44
chr14	77718287	77718366	2	2	1	2	0	25
chr14	77731130	77732484	2	2	1	5	0	31
chr14	77732602	77734946	2	2	1	5	0	42
chr14	77735013	77735936	2	2	1	2	0	9
chr14	77736007	77736970	2	2	1	3	0	39
chr14	80756952	80761436	2	2	1	1	0	15
chr14	80778047	80784894	2	2	1	1	0	32
chr14	80785546	80792759	2	2	1	1	0	22
chr14	81165863	81170108	2	2	1	1	0	19
chr14	81185621	81192518	2	2	1	1	0	19
chr14	88572226	88572577	1	1	1	1	0	5
chr14	88575941	88577984	1	1	1	2	0	29
chr14	88603018	88609723	2	2	1	1	0	17
chr14	88603061	88607242	1	1	1	1	0	33
chr14	88609804	88610833	1	1	1	7	0	45
chr14	88610941	88611744	1	1	1	16	0	42
chr14	89300825	89323254	2	2	1	1	0	30
chr14	89431749	89461364	2	4	1	1	0	28
chr14	90256601	90259159	1	1	1	2	0	6
chr14	90259214	90260114	1	1	1	3	0	32
chr14	90260212	90263317	1	1	1	0	1	42
chr14	90269549	90270197	1	1	1	1	0	23
chr14	90318114	90331840	2	2	1	4	0	41
chr14	90397234	90400064	1	1	1	3	0	31
chr14	90400096	90401258	1	1	1	4	0	31
chr14	90401403	90403861	1	1	1	7	0	40
chr14	90403969	90404378	1	1	1	44	0	42
chr14	90404515	90404688	1	1	1	160	0	46
chr14	91308493	91309858	2	2	1	1	0	9
chr14	91309987	91313079	2	2	1	3	0	45
chr14	91321305	91324778	2	2	1	1	0	29
chr14	91326057	91338004	2	2	1	1	0	4
chr14	91458870	91461380	2	2	1	1	0	5
chr14	91462240	91462734	2	2	1	4	0	38
chr14	91465420	91470836	2	2	1	1	0	43
chr14	91988384	91993808	2	2	1	4	0	17
chr14	92000109	92003418	2	2	1	1	0	32
chr14	92014578	92015695	2	2	1	2	0	27
chr14	92071054	92080964	2	2	1	3	0	43
chr14	92081062	92082299	2	2	1	1	0	32
chr14	92096138	92096673	2	2	1	1	0	37
chr14	92116230	92117497	2	2	1	41	0	46
chr14	92117643	92118848	2	4	1	2	0	24
chr14	92117643	92121641	2	2	1	1	0	33
chr14	92143295	92154357	1	1	1	1	0	6
chr14	92161247	92161651	1	1	1	1	0	13
chr14	93222375	93226942	1	1	1	2	0	31
chr14	93261678	93263784	2	2	1	2	0	16
chr14	93294938	93295969	2	2	1	2	0	37
chr14	93467792	93474088	1	1	1	1	0	25
chr14	94051047	94055173	1	1	1	1	0	25
chr14	94051463	94052997	2	2	1	1	0	44
chr14	94053128	94054995	2	2	1	2	0	23
chr14	94079748	94081118	2	2	1	1	0	45
chr14	94127993	94128513	2	2	1	1	0	3
chr14	95090664	95091033	2	2	1	3	0	26
chr14	95091110	95091202	2	2	1	2	0	10
chr14	95094157	95095824	2	2	1	1	0	21
chr14	95099936	95103345	2	2	1	1	0	24
chr14	95117755	95124195	2	2	1	1	0	18
chr14	95129633	95130057	2	2	1	1	0	17
chr14	95140760	95141682	2	2	1	1	0	42
chr14	95191733	95193848	2	2	1	2	0	23
chr14	95194597	95196497	2	2	1	1	0	17
chr14	95196695	95202837	2	2	1	3	0	14
chr14	95533062	95533692	2	2	1	1	0	30
chr14	95535385	95543946	1	1	1	1	0	17
chr14	96303256	96304494	2	2	1	1	0	30
chr14	96520229	96521005	1	1	1	2	0	24
chr14	96525392	96527429	1	1	1	1	0	12
chr14	96527540	96527952	1	1	1	2	0	35
chr14	96528007	96531474	1	1	1	2	0	26
chr14	96531587	96532330	1	1	1	1	0	10
chr14	96532421	96532510	1	1	1	11	0	40
chr14	96534564	96535878	1	1	1	1	0	39
chr14	96544259	96547796	1	1	1	1	0	18
chr14	96555948	96556174	1	1	1	1	0	18
chr14	96556414	96560648	1	1	1	1	0	46
chr14	96560712	96562818	1	1	1	2	0	29
chr14	96562894	96564954	1	1	1	3	0	9
chr14	96833632	96837761	1	1	1	2	0	27
chr14	96837818	96846094	1	1	1	2	0	9
chr14	96855357	96856527	1	1	1	1	0	32
chr14	96856251	96856527	1	1	1	1	0	26
chr14	96856587	96860556	1	1	1	1	0	7
chr14	96860736	96876029	1	1	1	1	0	12
chr14	96876121	96881176	1	1	1	4	0	32
chr14	98985447	98985477	2	2	1	0	15	46
chr14	98985540	98992794	2	2	1	0	4	15
chr14	99458536	99459112	2	2	1	1	0	17
chr14	99463579	99465702	2	2	1	1	0	43
chr14	99492875	99493513	1	1	1	3	0	42
chr14	99500872	99501355	1	1	1	1	0	21
chr14	99501414	99502206	1	1	1	1	0	9
chr14	100125196	100125293	2	2	1	2	0	38
chr14	100132780	100135904	1	1	1	1	0	31
chr14	100239924	100262303	1	1	1	7	0	45
chr14	100271484	100291124	2	2	1	1	0	12
chr14	100274759	100276489	1	1	1	1	0	35
chr14	100289583	100289717	2	4	1	1	0	40
chr14	100291320	100291758	2	4	1	2	0	20
chr14	101436887	101443464	1	1	1	1	0	30
chr14	101901890	101906401	1	1	1	1	0	4
chr14	101901890	101909588	1	1	1	1	0	38
chr14	101906530	101909588	1	1	1	2	0	38
chr14	101983291	101983381	1	1	1	3	0	41
chr14	102012114	102012313	1	1	1	1	0	9
chr14	102027289	102027382	1	1	1	1	0	5
chr14	102027834	102027936	1	1	1	2	0	21
chr14	102036643	102038459	1	1	1	2	0	35
chr14	102038849	102039000	1	1	1	1	0	7
chr14	102049883	102050070	1	1	1	2	0	40
chr14	102050199	102050434	1	1	1	1	0	32
chr14	102081822	102082110	2	2	1	4	0	44
chr14	102082445	102083033	2	2	1	2	0	31
chr14	102083303	102083545	2	2	1	50	0	45
chr14	102083694	102083792	2	2	1	5	0	35
chr14	102083984	102084398	2	2	1	3	0	46
chr14	102084565	102084680	2	2	1	12	0	44
chr14	102084999	102085297	2	2	1	274	0	45
chr14	102085432	102085757	2	2	1	130	0	46
chr14	102086125	102086216	2	2	1	4	0	39
chr14	102287389	102292258	1	1	1	1	0	36
chr14	102414794	102424978	1	1	1	1	0	28
chr14	102707513	102708464	1	1	1	1	0	30
chr14	102708584	102710934	1	1	1	1	0	44
chr14	102939948	102940045	2	2	1	1	0	21
chr14	102963156	102964501	2	2	1	2	0	22
chr14	102964651	102966281	2	2	1	5	0	45
chr14	102975804	102975882	2	2	1	2	0	21
chr14	102976050	102978125	2	2	1	3	0	30
chr14	103335933	103336035	1	1	1	2	0	32
chr14	103336118	103336676	1	1	1	7	0	31
chr14	103336850	103337115	1	1	1	79	0	46
chr14	103337228	103338326	1	1	1	9	4	32
chr14	103338473	103338734	1	1	1	4	0	38
chr14	103339804	103340426	1	1	1	1	0	32
chr14	103340562	103340962	1	1	1	1	0	16
chr14	103428441	103448918	1	1	1	1	0	37
chr14	103466092	103466342	1	1	1	2	0	17
chr14	103480491	103491776	1	1	1	1	0	5
chr14	103520043	103520121	2	2	1	1	0	13
chr14	103563125	103571622	1	1	1	1	0	20
chr14	103587365	103590180	1	1	1	1	0	12
chr14	103670284	103673013	1	1	1	2	0	17
chr14	103673188	103673331	1	1	1	1	0	30
chr14	103700728	103701200	1	1	1	2	0	5
chr14	103912695	103913960	2	2	1	22	1	25
chr14	103913985	103915065	2	2	1	14	0	24
chr14	104756761	104759427	1	1	1	4	0	18
chr14	104770421	104770744	2	2	1	2	0	19
chr14	105010036	105010301	1	1	1	1	0	44
chr14	105219233	105220068	2	2	1	2	0	5
chr14	105220131	105221647	2	2	1	3	0	25
chr14	105443431	105444432	1	3	1	3	0	40
chr15	20228878	20239401	2	2	1	0	2	27
chr15	20454011	20454539	2	2	1	0	3	26
chr15	20457501	20457592	2	2	1	0	6	43
chr15	20477057	20483402	2	2	1	0	2	26
chr15	20477362	20483402	2	2	1	0	1	40
chr15	20483518	20505390	2	2	1	0	6	41
chr15	22495673	22516875	1	1	1	0	6	41
chr15	22516991	22523041	1	1	1	0	1	40
chr15	22516991	22523346	1	1	1	0	2	26
chr15	22542851	22542942	1	1	1	1	4	43
chr15	22545901	22546429	1	1	1	0	1	13
chr15	23032825	23036896	2	2	1	1	0	17
chr15	24837464	24853488	1	1	1	0	1	23
chr15	24888963	24913546	1	3	1	1	0	19
chr15	24955063	24962113	1	1	1	2	0	44
chr15	24962210	24967931	1	1	1	4	0	42
chr15	24968083	24968794	1	1	1	9	0	31
chr15	24968083	24974310	1	1	1	1	0	27
chr15	24974457	24975357	1	1	1	4	0	25
chr15	24975510	24976304	1	1	1	2	0	26
chr15	24977917	24978192	1	1	1	8	0	42
chr15	24978319	24978406	1	1	1	117	0	46
chr15	24980085	24981774	1	1	1	3	0	36
chr15	25019149	25019827	1	1	1	1	0	25
chr15	25019870	25020589	1	1	1	2	0	25
chr15	25098829	25099144	1	1	1	2	0	22
chr15	25103971	25106163	1	1	1	1	0	40
chr15	25106295	25107471	1	1	1	2	0	14
chr15	25107589	25107909	1	1	1	1	0	28
chr15	25109104	25109197	1	1	1	1	0	11
chr15	25115657	25117409	1	1	1	1	0	42
chr15	25117516	25118270	1	1	1	1	0	35
chr15	25118383	25119064	1	1	1	2	0	12
chr15	25339258	25340084	2	2	1	30	0	42
chr15	25340229	25354352	2	2	1	2	0	37
chr15	25354427	25354527	2	2	1	1	0	15
chr15	25354684	25355891	2	2	1	3	0	39
chr15	25371813	25375464	2	2	1	3	0	35
chr15	28229848	28230366	2	2	1	0	3	26
chr15	28233342	28233433	2	2	1	0	6	43
chr15	28249910	28252162	2	4	1	1	0	46
chr15	28255997	28256088	2	2	1	5	0	26
chr15	28256318	28257060	2	2	1	1	0	37
chr15	28293023	28299401	2	2	1	5	0	42
chr15	28299517	28312746	2	2	1	2	0	27
chr15	28299517	28321361	2	2	1	0	13	41
chr15	28321465	28322074	2	2	1	0	2	28
chr15	28589549	28590157	1	1	1	0	2	28
chr15	28590261	28612058	1	1	1	0	13	41
chr15	28591204	28592291	1	3	1	1	0	15
chr15	28612174	28618218	1	1	1	0	1	40
chr15	28612174	28618523	1	1	1	0	2	26
chr15	28637343	28637434	1	1	1	1	0	7
chr15	28640393	28640921	1	1	1	0	3	26
chr15	28832461	28833275	1	1	1	0	1	6
chr15	28833379	28838687	1	1	1	2	0	6
chr15	29701690	29704200	2	2	1	1	0	14
chr15	29701690	29704221	2	2	1	1	0	41
chr15	29720709	29726378	2	2	1	1	0	31
chr15	29728020	29732432	2	2	1	1	0	13
chr15	29734383	29737263	2	2	1	2	0	16
chr15	29742782	29761138	2	2	1	1	0	42
chr15	29766543	29772063	2	2	1	1	0	15
chr15	29772167	29773232	2	2	1	12	0	33
chr15	29773358	29800645	2	2	1	4	0	42
chr15	30474513	30477786	1	1	1	0	1	9
chr15	30635189	30635308	1	1	1	1	0	3
chr15	30673352	30673490	1	1	1	2	0	23
chr15	30838287	30838757	2	4	1	3	0	40
chr15	31327790	31372009	1	1	1	3	0	30
chr15	32529939	32533211	2	2	1	0	1	9
chr15	32634042	32635776	1	1	1	1	0	16
chr15	32643819	32679765	1	1	1	1	0	16
chr15	33862456	33862859	2	4	1	1	0	17
chr15	34090456	34095894	2	2	1	2	0	24
chr15	34096015	34101603	2	2	1	3	0	8
chr15	34142372	34145397	2	2	1	1	0	6
chr15	34145492	34146760	2	2	1	2	0	22
chr15	34147431	34148631	2	2	1	2	0	43
chr15	34153070	34154643	2	2	1	1	0	10
chr15	34154685	34163559	2	2	1	2	0	41
chr15	34228590	34229752	1	1	1	2	0	30
chr15	34342109	34343019	2	2	1	3	0	24
chr15	34385475	34385739	2	2	1	0	1	25
chr15	34385779	34386624	2	2	1	0	1	28
chr15	34387953	34389643	2	2	1	0	2	28
chr15	34531696	34531960	2	2	1	0	1	25
chr15	34532000	34532845	2	2	1	0	1	28
chr15	34534174	34535864	2	2	1	0	2	28
chr15	34857107	34860041	2	2	1	1	0	18
chr15	34860156	34862866	2	2	1	1	0	7
chr15	34874865	34875934	2	2	1	1	0	31
chr15	34882640	34884524	2	2	1	1	0	34
chr15	34890325	34893662	2	2	1	3	0	46
chr15	34904506	34906544	2	2	1	1	0	38
chr15	34941000	34942011	2	2	1	1	0	34
chr15	34964291	34969538	2	2	1	1	0	6
chr15	34987674	34988115	2	2	1	1	0	29
chr15	35372204	35373520	2	4	1	7	0	40
chr15	35373609	35381821	2	2	1	1	0	37
chr15	35538468	35542412	2	2	1	1	0	42
chr15	36743511	36743792	1	1	1	1	0	30
chr15	38349524	38351013	1	1	1	1	0	30
chr15	38465404	38470226	1	1	1	1	0	46
chr15	39939618	39943382	1	1	1	1	0	5
chr15	39943486	39949115	1	1	1	3	0	30
chr15	39949269	39953903	1	1	1	3	0	14
chr15	39961900	39965685	1	1	1	1	0	12
chr15	40001225	40002712	1	1	1	1	0	12
chr15	40002789	40003192	1	1	1	1	0	4
chr15	40030457	40032168	1	1	1	1	0	29
chr15	40036501	40036985	2	2	1	13	0	33
chr15	40037019	40038281	2	2	1	19	0	34
chr15	40038395	40038875	2	2	1	5	0	37
chr15	40038949	40039092	2	2	1	1	0	29
chr15	40170122	40170536	1	1	1	2	0	41
chr15	40183884	40185164	1	1	1	1	0	36
chr15	40185643	40196544	1	1	1	1	0	24
chr15	40196775	40199614	1	1	1	1	0	25
chr15	40200360	40200930	1	1	1	1	0	17
chr15	40213475	40217495	1	1	1	1	0	31
chr15	40290838	40291017	2	2	1	1	0	37
chr15	40383045	40383227	1	1	1	2	0	22
chr15	40392024	40393468	1	1	1	1	0	21
chr15	40410798	40411259	1	1	1	3	0	40
chr15	40415483	40416077	1	1	1	2	0	14
chr15	40606453	40608846	1	1	1	1	0	42
chr15	40650379	40650543	1	1	1	1	0	14
chr15	40709117	40718804	1	1	1	1	0	6
chr15	40744150	40744976	2	2	1	1	0	18
chr15	40768063	40773726	2	2	1	1	0	38
chr15	40773838	40774355	2	2	1	1	0	23
chr15	40779604	40779927	2	2	1	1	0	15
chr15	40779998	40807368	2	2	1	1	0	7
chr15	40901015	40902615	1	1	1	2	0	11
chr15	40985427	40987090	2	2	1	2	0	36
chr15	40987194	40987815	2	2	1	2	0	39
chr15	41087683	41092026	2	2	1	2	0	36
chr15	41092183	41095600	2	2	1	2	0	40
chr15	41095929	41096167	2	2	1	1	0	24
chr15	41144599	41157732	2	2	1	1	0	37
chr15	41319781	41331914	2	2	1	1	0	10
chr15	41331982	41332239	2	2	1	1	0	15
chr15	41333051	41342385	1	1	1	1	0	19
chr15	41349242	41350987	1	1	1	5	0	45
chr15	41349242	41351032	1	1	1	5	0	25
chr15	41351130	41356038	1	1	1	8	1	40
chr15	41356141	41358148	1	1	1	1	0	24
chr15	41358259	41365404	1	1	1	1	0	16
chr15	41365590	41371526	1	1	1	1	0	7
chr15	41371685	41375711	1	1	1	4	0	39
chr15	41375829	41377195	1	1	1	3	0	44
chr15	41377305	41380092	1	1	1	1	0	39
chr15	41387594	41388447	2	2	1	4	0	23
chr15	41388523	41394858	2	2	1	2	0	7
chr15	41417314	41438320	1	1	1	6	0	38
chr15	41424450	41438320	1	1	1	4	0	42
chr15	41438432	41452900	1	1	1	1	0	4
chr15	41453049	41457671	1	1	1	7	0	45
chr15	41457877	41464770	1	1	1	19	0	42
chr15	41474703	41475524	1	1	1	1	0	33
chr15	41475613	41475711	1	1	1	1	0	30
chr15	41480326	41480580	1	1	1	2	0	13
chr15	41527606	41527859	2	2	1	3	0	35
chr15	41531203	41533345	2	2	1	1	0	43
chr15	41570157	41570239	1	1	1	1	0	17
chr15	41578905	41579215	2	2	1	1	0	43
chr15	41697024	41698862	1	1	1	1	0	24
chr15	41727407	41729163	1	1	1	3	0	30
chr15	41760530	41761738	1	1	1	2	0	40
chr15	41761851	41762128	1	1	1	7	0	27
chr15	41770964	41772514	2	4	1	2	0	38
chr15	41909864	41919209	2	2	1	1	0	41
chr15	42211750	42217802	2	2	1	1	0	22
chr15	42218379	42219580	2	2	1	2	0	18
chr15	42219643	42220061	2	2	1	4	0	12
chr15	42220136	42226805	2	2	1	2	0	13
chr15	42226910	42227710	2	2	1	2	0	35
chr15	42261003	42261195	2	2	1	1	0	45
chr15	42268033	42272062	2	2	1	1	0	15
chr15	42446659	42448071	2	2	1	1	0	30
chr15	42457155	42466072	1	1	1	1	0	41
chr15	42457159	42466052	2	2	1	2	0	32
chr15	42528421	42529674	1	1	1	1	0	11
chr15	42878685	42920437	2	2	1	1	0	9
chr15	43015870	43017094	2	2	1	1	0	10
chr15	43017182	43021274	2	2	1	3	0	20
chr15	43070926	43074978	2	2	1	2	0	45
chr15	43191676	43192742	1	1	1	2	0	21
chr15	43428169	43432193	2	2	1	2	0	15
chr15	43491754	43492001	2	2	1	2	0	43
chr15	43577952	43578069	2	2	1	0	3	24
chr15	43578157	43579018	2	2	1	0	2	33
chr15	43677517	43677634	2	2	1	0	3	24
chr15	43677722	43678589	2	2	1	0	2	33
chr15	43746707	43753823	1	1	1	1	0	21
chr15	43761532	43763076	1	1	1	1	0	12
chr15	43763207	43765449	1	1	1	2	0	16
chr15	43766013	43766727	1	1	1	1	0	10
chr15	43766911	43768488	1	1	1	14	0	43
chr15	43768598	43769517	1	1	1	7	1	22
chr15	43769647	43770249	1	1	1	16	0	40
chr15	43770330	43770522	1	1	1	18	0	43
chr15	43770581	43771104	1	1	1	23	0	44
chr15	43792384	43792974	1	1	1	8	0	39
chr15	43793084	43793709	1	1	1	5	0	46
chr15	43800785	43801131	1	1	1	7	0	40
chr15	43801188	43801517	1	1	1	16	0	35
chr15	43801570	43801710	1	1	1	105	0	46
chr15	43813148	43813248	2	2	1	4	0	35
chr15	43814689	43814944	2	2	1	1	0	28
chr15	43815075	43817228	2	2	1	1	0	36
chr15	43828367	43835060	1	1	1	1	0	25
chr15	43888873	43891980	2	2	1	1	0	8
chr15	43892070	43902174	2	2	1	1	0	43
chr15	44007760	44009189	2	4	1	3	0	27
chr15	44289357	44322964	1	1	1	1	0	9
chr15	44323020	44328684	1	1	1	2	0	28
chr15	44328788	44331987	1	1	1	1	0	7
chr15	44332079	44337762	1	1	1	1	0	34
chr15	44403055	44413335	1	1	1	1	0	42
chr15	44427773	44458990	1	1	1	1	0	33
chr15	44459201	44484223	1	1	1	5	0	17
chr15	44484363	44486550	1	1	1	1	0	34
chr15	44537238	44537323	1	1	1	2	0	28
chr15	44537428	44550875	1	1	1	5	0	33
chr15	44550931	44551430	1	1	1	2	0	40
chr15	44551523	44554552	1	1	1	1	0	23
chr15	44557651	44560248	1	1	1	3	0	42
chr15	44560323	44561017	1	1	1	1	0	6
chr15	44626508	44628668	2	2	1	1	0	35
chr15	44633638	44648865	2	2	1	1	0	12
chr15	45170469	45171882	2	2	1	1	0	41
chr15	48149372	48151099	2	2	1	1	0	45
chr15	48158057	48158174	2	2	1	1	0	33
chr15	48158225	48158768	2	2	1	1	0	9
chr15	48336091	48341288	1	1	1	1	0	23
chr15	48341364	48341514	1	1	1	7	0	45
chr15	48341586	48342021	1	1	1	5	0	44
chr15	48744344	48744895	2	2	1	1	0	29
chr15	48748611	48752348	2	2	1	1	0	44
chr15	48756554	48760134	2	2	1	1	0	30
chr15	48772692	48781195	2	2	1	2	0	36
chr15	48793462	48796009	2	2	1	1	0	24
chr15	48798052	48805562	2	2	1	1	0	24
chr15	49011864	49012647	2	2	1	1	0	5
chr15	49017016	49017547	2	2	1	1	0	15
chr15	49133812	49133929	2	2	1	1	0	10
chr15	49134515	49137149	2	2	1	1	0	32
chr15	49137228	49137347	2	2	1	2	0	40
chr15	49137438	49139527	2	2	1	4	0	40
chr15	49145079	49155524	2	2	1	1	0	23
chr15	50482066	50484274	1	1	1	2	0	37
chr15	50612830	50613706	2	2	1	1	0	41
chr15	50613842	50614122	2	2	1	3	0	34
chr15	50614264	50619744	2	2	1	1	0	34
chr15	50692567	50693487	2	2	1	1	0	27
chr15	50722202	50725220	2	2	1	1	0	31
chr15	51681838	51682516	1	1	1	9	0	41
chr15	51682570	51683078	1	1	1	6	0	40
chr15	51683125	51683218	1	1	1	1	0	24
chr15	51688403	51689218	1	1	1	3	0	23
chr15	51689369	51692158	1	1	1	4	0	38
chr15	51692337	51695874	1	1	1	1	0	31
chr15	51695992	51699318	1	1	1	1	0	28
chr15	51699403	51701106	1	1	1	5	0	30
chr15	51701245	51713332	1	1	1	2	0	26
chr15	51713414	51719407	1	1	1	5	0	30
chr15	51836467	51836599	2	2	1	1	0	31
chr15	51863011	51869216	1	1	1	3	0	44
chr15	51869374	51887588	1	1	1	1	0	25
chr15	51887712	51889055	1	1	1	1	0	31
chr15	51900299	51901891	1	1	1	1	0	46
chr15	51902037	51908775	1	1	1	1	0	22
chr15	51938261	51947291	2	2	1	3	0	44
chr15	51947390	51949807	2	2	1	1	0	32
chr15	51951980	51953128	2	2	1	3	0	35
chr15	51958827	51959898	2	2	1	1	0	35
chr15	51960045	51960638	2	2	1	1	0	37
chr15	52019377	52045829	1	1	1	10	0	43
chr15	52042834	52045829	1	1	1	1	0	6
chr15	52058798	52061298	1	1	1	1	0	7
chr15	52122769	52124472	2	2	1	2	0	24
chr15	52219823	52221161	2	2	1	2	0	6
chr15	52232686	52235669	2	2	1	1	0	13
chr15	52235764	52237481	2	2	1	1	0	23
chr15	52330500	52336462	2	2	1	1	0	18
chr15	52387913	52389237	2	2	1	1	0	8
chr15	52552105	52557099	2	2	1	1	0	18
chr15	52557223	52568847	2	2	1	1	0	18
chr15	55182226	55183314	2	2	1	1	0	38
chr15	55185426	55190974	2	2	1	5	0	37
chr15	55191048	55192719	2	2	1	3	2	40
chr15	55454934	55466929	2	2	1	2	0	14
chr15	55467162	55491122	2	2	1	1	0	13
chr15	55524179	55597314	1	1	1	2	0	26
chr15	55600847	55646465	1	1	1	1	0	37
chr15	55848431	55848520	2	2	1	1	0	45
chr15	56187422	56189355	1	3	1	1	0	25
chr15	56385305	56388473	1	1	1	1	0	30
chr15	56388521	56389317	1	1	1	1	0	15
chr15	56394835	56412301	1	1	1	3	0	33
chr15	56412437	56427604	1	1	1	1	0	36
chr15	56429194	56431372	2	2	1	1	0	21
chr15	56443538	56443637	2	2	1	1	0	25
chr15	56443855	56444443	2	2	1	1	0	16
chr15	56444674	56446840	2	2	1	2	0	12
chr15	56456522	56464025	2	2	1	1	0	12
chr15	56676817	56677573	2	2	1	2	0	3
chr15	57253469	57262093	1	1	1	1	0	39
chr15	57452290	57453682	1	1	1	2	0	22
chr15	57516987	57518392	1	1	1	1	0	34
chr15	57523642	57524580	1	1	1	2	0	18
chr15	57524752	57528653	1	1	1	1	0	13
chr15	58611992	58621470	2	2	1	1	0	27
chr15	58621622	58627699	2	2	1	1	0	35
chr15	58627884	58633195	2	2	1	2	0	14
chr15	58682315	58717576	2	2	1	1	0	38
chr15	58772236	58787905	1	1	1	1	0	30
chr15	58847471	58851770	1	1	1	1	0	19
chr15	58851966	58854481	1	1	1	7	0	46
chr15	58851966	58854484	1	1	1	6	0	43
chr15	58880108	58883625	2	2	1	1	0	27
chr15	58887541	58888384	2	2	1	1	0	39
chr15	58889555	58890280	2	2	1	2	0	42
chr15	58890462	58892896	2	2	1	1	0	24
chr15	58893061	58893278	2	2	1	3	0	28
chr15	58893365	58893820	2	2	1	7	0	45
chr15	58893988	58894089	2	2	1	15	0	45
chr15	58894194	58894432	2	2	1	11	0	45
chr15	58894583	58897114	2	2	1	3	0	41
chr15	58897234	58898802	2	2	1	3	0	10
chr15	58899938	58901259	2	2	1	1	0	28
chr15	58901288	58912562	2	2	1	1	0	20
chr15	58913697	58916934	2	2	1	3	0	24
chr15	58917000	58932355	2	2	1	8	0	46
chr15	58932444	58933403	2	2	1	1	0	42
chr15	59116927	59117227	1	1	1	1	0	33
chr15	59123628	59124766	1	1	1	3	0	41
chr15	59642263	59650668	2	2	1	4	0	19
chr15	59650765	59652205	2	2	1	0	1	3
chr15	59650765	59657405	2	2	1	0	1	3
chr15	59668991	59669275	2	2	1	1	0	40
chr15	59669363	59671182	2	2	1	1	0	20
chr15	59671315	59672636	2	2	1	1	0	37
chr15	59680309	59682407	2	2	1	1	0	24
chr15	60351820	60352382	2	2	1	1	0	8
chr15	60455163	60455325	2	2	1	2	0	40
chr15	60468323	60476062	2	2	1	1	0	25
chr15	60528728	60529541	1	1	1	1	0	4
chr15	61873410	61874875	2	2	1	1	0	25
chr15	61874952	61875731	2	2	1	2	0	44
chr15	61925549	61927090	2	2	1	1	0	27
chr15	61958717	61959447	2	2	1	2	0	7
chr15	61972765	61973453	2	2	1	2	0	5
chr15	62650182	62652004	1	1	1	1	0	15
chr15	62712078	62716330	1	1	1	1	0	16
chr15	62727190	62736877	1	1	1	1	0	19
chr15	63044153	63056984	1	1	1	11	0	41
chr15	63048708	63056984	1	1	1	2	0	43
chr15	63057119	63059562	1	1	1	4	0	38
chr15	63059681	63060868	1	1	1	4	0	41
chr15	63060940	63061712	1	1	1	1	0	3
chr15	63061789	63062214	1	1	1	3	0	13
chr15	63062278	63062575	1	1	1	4	0	30
chr15	63062646	63064063	1	1	1	2	0	41
chr15	63062646	63065895	1	1	1	1	0	13
chr15	63062646	63071089	1	1	1	3	0	32
chr15	63064143	63065895	1	1	1	1	0	28
chr15	63068531	63068903	2	2	1	1	0	44
chr15	63127690	63129484	1	1	1	1	0	41
chr15	63154061	63155620	2	2	1	6	0	32
chr15	63155732	63156412	2	2	1	1	0	19
chr15	63244817	63249644	1	1	1	1	0	33
chr15	63251343	63255506	1	1	1	1	0	45
chr15	63537157	63553714	1	1	1	1	0	36
chr15	63678366	63680076	2	2	1	1	0	23
chr15	63686536	63689588	2	2	1	1	0	6
chr15	63689700	63690540	2	2	1	2	0	6
chr15	63690648	63692410	2	2	1	1	0	24
chr15	64088852	64093644	2	2	1	1	0	46
chr15	64127253	64127730	1	1	1	1	0	41
chr15	64156146	64156724	2	2	1	2	0	39
chr15	64156910	64160103	2	2	1	1	0	14
chr15	64160198	64162040	2	2	1	1	0	26
chr15	64162155	64162851	2	2	1	2	0	12
chr15	64366076	64376742	2	2	1	2	0	43
chr15	64366076	64380957	2	2	1	2	0	9
chr15	64381039	64381325	2	2	1	1	0	37
chr15	64409829	64414084	1	1	1	1	0	10
chr15	64563341	64617382	2	2	1	3	0	24
chr15	64670434	64673915	1	1	1	2	0	38
chr15	64688634	64703028	2	2	1	1	2	32
chr15	64689170	64690373	2	2	1	1	0	8
chr15	64690550	64691433	2	2	1	1	0	10
chr15	64749151	64749430	2	2	1	1	0	39
chr15	64816766	64817945	2	2	1	1	0	21
chr15	65119955	65129031	2	2	1	11	0	42
chr15	65152537	65153546	2	2	1	3	0	32
chr15	65155082	65155691	2	2	1	1	0	22
chr15	65155857	65156843	2	2	1	2	0	29
chr15	65166786	65178933	2	2	1	1	0	9
chr15	65498033	65500605	2	2	1	1	0	23
chr15	65500780	65507242	2	2	1	2	0	13
chr15	65507356	65512294	2	2	1	1	0	40
chr15	65554961	65556738	1	1	1	1	0	31
chr15	65564343	65570090	1	1	1	1	0	18
chr15	65570204	65571547	1	1	1	1	0	3
chr15	65571655	65572234	1	1	1	12	0	46
chr15	65572367	65576302	1	1	1	14	0	45
chr15	65584889	65591597	2	2	1	4	0	21
chr15	65877528	65877761	1	1	1	1	0	16
chr15	65879752	65887700	1	1	1	2	0	28
chr15	66322935	66323492	1	1	1	3	0	24
chr15	66341357	66349059	2	2	1	2	0	43
chr15	66352208	66352814	2	2	1	1	0	23
chr15	66448040	66459199	1	1	1	0	1	34
chr15	66458545	66459574	2	2	1	1	0	31
chr15	66499405	66499438	1	1	1	13	0	30
chr15	66499476	66501783	2	2	1	1	0	25
chr15	66499653	66500055	2	2	1	14	0	43
chr15	66500177	66500292	2	2	1	18	0	41
chr15	66500377	66500948	2	2	1	7	0	43
chr15	66501106	66501374	2	2	1	12	0	42
chr15	66501505	66501787	2	2	1	4	0	42
chr15	66501913	66502611	2	2	1	4	0	38
chr15	66502751	66503057	2	2	1	6	1	42
chr15	66503165	66503357	2	2	1	1	0	42
chr15	66529574	66532246	1	1	1	1	0	12
chr15	66540211	66546590	1	1	1	6	0	32
chr15	67521595	67526417	1	1	1	1	0	29
chr15	68173893	68175636	1	1	1	1	0	32
chr15	68197629	68205120	2	2	1	1	0	31
chr15	68205152	68205244	2	2	1	1	0	14
chr15	68780143	68780409	2	2	1	3	0	43
chr15	68783054	68784396	2	2	1	4	0	36
chr15	68784596	68787412	2	2	1	4	0	37
chr15	68787536	68787769	2	2	1	1	0	33
chr15	68787920	68820697	2	2	1	0	1	41
chr15	69426183	69426335	1	1	1	3	0	46
chr15	69436262	69436563	1	1	1	1	0	35
chr15	69436723	69438247	1	1	1	7	0	44
chr15	69438406	69439903	1	1	1	1	0	33
chr15	69446092	69446282	1	1	1	2	0	21
chr15	69453009	69455257	1	1	1	1	0	30
chr15	69453021	69453646	1	1	1	10	1	45
chr15	69453021	69455169	1	1	1	8	0	42
chr15	69453696	69455509	2	2	1	4	0	36
chr15	69453722	69455169	1	1	1	54	0	44
chr15	69455288	69455427	1	1	1	578	2	46
chr15	70657128	70660150	2	2	1	1	0	21
chr15	71164821	71165022	2	2	1	0	1	32
chr15	71900007	71901190	2	2	1	2	0	6
chr15	72032589	72045723	2	2	1	1	0	33
chr15	72199757	72200473	2	2	1	2	0	26
chr15	72202621	72206727	2	2	1	1	0	20
chr15	72206881	72207126	2	4	1	1	0	28
chr15	72208892	72209672	2	2	1	3	0	23
chr15	72209860	72210346	2	2	1	1	0	21
chr15	72210479	72217408	2	2	1	1	0	13
chr15	72333442	72335038	1	3	1	1	0	13
chr15	72344141	72345445	2	2	1	2	0	26
chr15	72570308	72572107	1	1	1	1	0	17
chr15	72572166	72572262	1	1	1	1	0	17
chr15	72582188	72583207	1	1	1	1	0	43
chr15	72735183	72735824	1	1	1	1	0	44
chr15	73570424	73573661	2	2	1	1	0	9
chr15	73573796	73587523	2	2	1	1	0	13
chr15	73704473	73708338	1	1	1	1	0	7
chr15	74212278	74213267	1	1	1	1	0	26
chr15	74446228	74448477	2	2	1	3	0	46
chr15	74452379	74456551	2	2	1	1	0	39
chr15	74479279	74481050	1	1	1	1	0	19
chr15	74508734	74513329	1	1	1	1	0	7
chr15	74572934	74573131	1	1	1	1	0	3
chr15	74573205	74575709	1	1	1	1	0	16
chr15	74593000	74593113	2	4	1	1	0	41
chr15	74845594	74848599	2	2	1	2	0	7
chr15	74898583	74903572	1	3	1	2	0	28
chr15	74900138	74901949	2	2	1	1	0	7
chr15	74900138	74902603	2	2	1	1	0	42
chr15	74920443	74923647	2	2	1	64	0	46
chr15	74920443	74929115	2	2	1	5	0	27
chr15	74923771	74926765	2	2	1	3	0	27
chr15	74929233	74937914	2	2	1	1	0	12
chr15	75380724	75381612	2	2	1	2	0	26
chr15	75411744	75412762	2	2	1	1	0	40
chr15	75617553	75620893	2	2	1	1	0	46
chr15	75859983	75868950	1	1	1	2	0	5
chr15	75869011	75873427	1	1	1	2	0	27
chr15	75905658	75913202	1	1	1	1	0	23
chr15	75933031	75933741	1	1	1	1	0	39
chr15	76216598	76225848	2	2	1	3	0	37
chr15	76225930	76231332	2	2	1	3	0	25
chr15	76471336	76504858	2	2	1	1	0	32
chr15	76665790	76701757	2	2	1	2	0	44
chr15	76705985	76728594	2	2	1	2	0	44
chr15	76733385	76753807	2	2	1	1	0	15
chr15	76932467	76935525	1	1	1	1	0	46
chr15	76935723	76943757	1	1	1	1	0	27
chr15	76943872	76947420	1	1	1	1	0	19
chr15	76947518	76948409	1	1	1	2	0	36
chr15	77252527	77283882	2	2	1	2	0	9
chr15	77921911	77922692	0	0	1	3	0	36
chr15	77925056	77926741	2	2	1	1	0	7
chr15	78283522	78285260	2	2	1	1	0	20
chr15	78290100	78292615	2	2	1	2	0	37
chr15	78292789	78293166	2	2	1	1	0	27
chr15	78293273	78294945	2	2	1	1	0	12
chr15	78294974	78295674	2	2	1	1	0	28
chr15	78476360	78478296	1	1	1	2	0	23
chr15	78488337	78488646	1	1	1	2	0	38
chr15	78490762	78493908	1	1	1	1	0	26
chr15	78494057	78494141	1	1	1	1	0	21
chr15	78545765	78546574	1	1	1	3	0	12
chr15	78545765	78548789	1	1	1	3	0	19
chr15	78546699	78548789	1	1	1	17	0	41
chr15	78580963	78586644	1	1	1	1	0	23
chr15	78873058	78878212	1	1	1	10	1	44
chr15	78878260	78880511	1	1	1	18	5	42
chr15	78880580	78886140	1	1	1	73	0	45
chr15	78886228	78887268	1	1	1	21	46	46
chr15	78887350	78890988	1	1	1	3	1	26
chr15	78891015	78891483	1	1	1	5	0	26
chr15	78891573	78892211	1	1	1	1	0	39
chr15	78892314	78893538	1	1	1	2	0	16
chr15	78893628	78894057	1	1	1	2	0	23
chr15	78894231	78894819	1	1	1	1	0	8
chr15	78894905	78896982	1	1	1	12	0	45
chr15	78923119	78925333	2	2	1	1	0	19
chr15	79899126	79907628	2	2	1	1	0	11
chr15	80059810	80120327	1	1	1	1	0	31
chr15	80121821	80122699	1	1	1	3	0	39
chr15	80122801	80131179	1	1	1	1	0	19
chr15	80131294	80137479	1	1	1	2	0	14
chr15	80162337	80168051	1	1	1	1	0	19
chr15	80181160	80186129	1	1	1	4	0	45
chr15	80979478	80981949	2	2	1	6	0	43
chr15	80982183	80989578	2	2	1	1	0	28
chr15	82342909	82343117	2	2	1	1	2	26
chr15	82344322	82344587	2	2	1	0	1	36
chr15	82400717	82404611	1	1	1	1	0	40
chr15	82420076	82431829	1	1	1	0	1	46
chr15	82433650	82434033	1	1	1	2	0	8
chr15	82434603	82434868	1	1	1	0	1	36
chr15	82436070	82436278	1	1	1	0	4	41
chr15	82477124	82477202	2	2	1	1	0	21
chr15	82536882	82537921	2	2	1	1	0	18
chr15	82536882	82538305	2	2	1	420	1	46
chr15	82538372	82538879	2	2	1	148	0	46
chr15	82538986	82539980	2	2	1	8	0	44
chr15	82730936	82738513	2	2	1	2	0	22
chr15	82754785	82756903	1	1	1	1	0	41
chr15	82756940	82757045	1	1	1	1	0	6
chr15	82818090	82819322	1	1	1	1	0	7
chr15	82989189	82989880	1	1	1	2	0	9
chr15	83018226	83018706	2	2	1	1	0	8
chr15	83157574	83157902	2	2	1	16	0	41
chr15	83158042	83163998	2	2	1	4	0	40
chr15	84240783	84241048	1	1	1	0	1	36
chr15	84242250	84242459	1	1	1	0	4	41
chr15	84354848	84355113	1	1	1	0	1	36
chr15	84356314	84356523	1	1	1	0	4	41
chr15	84431258	84431467	2	2	1	0	4	41
chr15	84432668	84432933	2	2	1	0	1	36
chr15	84510057	84510266	2	2	1	0	4	41
chr15	84511468	84511733	2	2	1	0	1	36
chr15	84515035	84526780	2	2	1	0	1	46
chr15	84555071	84569504	2	2	1	2	0	28
chr15	84641596	84662312	2	2	1	1	0	27
chr15	84670070	84670724	2	2	1	2	0	17
chr15	84670484	84670624	2	2	1	1	0	45
chr15	84670783	84680712	2	2	1	1	0	15
chr15	84680833	84687624	2	2	1	1	0	43
chr15	84687775	84691534	2	2	1	3	0	29
chr15	84840933	84856391	1	1	1	2	0	33
chr15	85245373	85245638	1	1	1	0	1	36
chr15	85669831	85682157	1	1	1	3	0	43
chr15	85682213	85684740	1	1	1	9	0	44
chr15	85722117	85722229	1	1	1	1	0	39
chr15	85727248	85727380	1	1	1	2	0	14
chr15	85741496	85743491	1	1	1	0	1	3
chr15	88465774	88467149	2	2	1	1	0	7
chr15	88898802	88899655	2	2	1	4	0	24
chr15	88899533	88899655	2	2	1	2	0	5
chr15	88902232	88905756	2	2	1	2	0	29
chr15	88906779	88907194	2	2	1	1	0	24
chr15	88907377	88909791	2	2	1	2	0	33
chr15	89244045	89247628	1	1	1	1	0	42
chr15	89261742	89261820	1	1	1	1	0	19
chr15	89290282	89291612	1	1	1	2	0	21
chr15	89314708	89315281	1	1	1	3	0	11
chr15	89315390	89316396	1	1	1	8	0	45
chr15	89319100	89319227	2	2	1	1	0	8
chr15	89585943	89592046	1	1	1	1	0	46
chr15	90091645	90102275	2	2	1	1	0	23
chr15	90295227	90295558	1	1	1	1	0	33
chr15	90390874	90426109	1	1	1	1	0	37
chr15	90440616	90441505	1	1	1	1	0	37
chr15	90473968	90474063	1	1	1	1	0	35
chr15	90474134	90474484	1	1	1	1	0	14
chr15	90474694	90476662	1	1	1	1	0	43
chr15	90484353	90486029	1	1	1	1	0	20
chr15	90487090	90487494	1	1	1	1	0	34
chr15	90491546	90492544	1	1	1	1	0	4
chr15	90492712	90494712	1	1	1	1	0	5
chr15	90809260	90811204	1	1	1	1	0	11
chr15	90811407	90815101	1	1	1	1	0	34
chr15	90956901	90957112	1	1	1	2	0	37
chr15	90981670	90981747	2	2	1	3	0	22
chr15	90981982	90984017	2	2	1	3	0	16
chr15	90984141	90984692	2	2	1	2	0	37
chr15	91030242	91030658	1	1	1	1	0	38
chr15	92712540	92712586	2	2	1	0	1	32
chr15	92886255	92892003	1	1	1	1	0	33
chr15	92927331	92929029	1	1	1	2	0	42
chr15	92939719	92941821	1	1	1	1	0	4
chr15	92981458	92984329	1	1	1	1	0	3
chr15	92991518	92992858	1	1	1	3	0	38
chr15	92992999	92996956	1	1	1	1	0	20
chr15	92998622	93000511	1	1	1	4	0	27
chr15	93000641	93002176	1	1	1	4	0	21
chr15	93012445	93014695	1	1	1	3	0	27
chr15	98649676	98707561	1	1	1	1	0	33
chr15	98924013	98924524	1	1	1	1	0	10
chr15	99221865	99228532	2	2	1	1	0	43
chr15	100063760	100096355	2	2	1	1	0	6
chr15	101146860	101148482	1	1	1	1	0	43
chr15	101272857	101274419	2	2	1	2	0	11
chr15	101274477	101277358	1	3	1	1	0	45
chr15	101274682	101275254	2	2	1	2	0	32
chr15	101275362	101276540	2	2	1	5	0	32
chr15	101281783	101284966	2	2	1	5	0	38
chr15	101285061	101285725	2	2	1	2	0	23
chr15	101285802	101286907	2	2	1	1	0	43
chr15	101287011	101287655	2	2	1	1	0	38
chr15	101287703	101291961	2	2	1	1	0	7
chr16	55550	55776	1	1	1	1	0	4
chr16	55883	56538	1	1	1	1	0	43
chr16	193016	199061	2	2	1	2	0	12
chr16	206148	208077	2	2	1	7	0	40
chr16	208189	208600	2	2	1	2	0	27
chr16	234858	249548	1	1	1	2	0	31
chr16	249655	254380	1	1	1	4	0	25
chr16	259600	259968	1	1	1	1	0	16
chr16	368415	368500	2	2	1	1	0	30
chr16	374400	374755	2	2	1	1	0	11
chr16	397314	398989	1	1	1	1	0	31
chr16	399740	400218	1	1	1	1	0	22
chr16	494833	494914	1	1	1	1	2	38
chr16	494833	494955	1	1	1	0	2	21
chr16	494930	495011	1	1	1	0	1	15
chr16	494971	495011	1	1	1	0	1	15
chr16	553042	554553	1	1	1	0	4	3
chr16	634645	634718	2	2	1	6	0	34
chr16	673131	673479	1	1	1	1	0	38
chr16	681604	681792	1	1	1	2	0	37
chr16	682689	682806	1	1	1	1	0	3
chr16	722135	722308	1	1	1	1	0	36
chr16	793065	793143	1	1	1	1	0	40
chr16	796862	796960	1	1	1	2	0	11
chr16	797093	797693	1	1	1	1	0	28
chr16	797752	797838	1	1	1	2	0	7
chr16	1315727	1320173	1	1	1	1	0	31
chr16	1320284	1320437	1	1	1	1	0	23
chr16	1320518	1324729	1	1	1	3	0	32
chr16	1349953	1350057	2	2	1	2	0	21
chr16	1361519	1370957	2	2	1	0	1	34
chr16	1362743	1362824	1	1	1	1	0	41
chr16	1588025	1589604	2	2	1	2	0	17
chr16	1678357	1685438	1	1	1	1	0	10
chr16	1809383	1809753	2	2	1	1	0	18
chr16	1809834	1816892	2	2	1	2	0	25
chr16	1816995	1817167	2	2	1	1	0	28
chr16	1959755	1961152	1	1	1	2	0	28
chr16	1961637	1961796	1	1	1	37	0	41
chr16	1962271	1962496	2	2	1	271	5	45
chr16	1962271	1962735	2	2	1	2	0	46
chr16	1962271	1963148	2	2	1	1	0	38
chr16	1962657	1962735	2	2	1	12	1	39
chr16	1962657	1963148	2	2	1	0	1	3
chr16	1962910	1963148	2	2	1	5	0	43
chr16	1964366	1964448	2	2	1	4	0	30
chr16	1978472	1978551	1	1	1	2	0	34
chr16	1984944	1985865	1	1	1	1	0	33
chr16	2040048	2040132	2	2	1	3	0	27
chr16	2088140	2088226	1	1	1	1	0	33
chr16	2154923	2155142	2	2	1	7	0	45
chr16	2175418	2175499	1	1	1	1	0	7
chr16	2176181	2176264	1	1	1	2	0	17
chr16	2176385	2176559	1	1	1	1	0	3
chr16	2207111	2207192	1	1	1	1	0	34
chr16	2214054	2214137	2	2	1	1	0	43
chr16	2240146	2243045	2	2	1	1	0	11
chr16	2243440	2244405	2	2	1	1	0	19
chr16	2262843	2263095	2	2	1	7	0	31
chr16	2263288	2264175	2	2	1	1	0	20
chr16	2264761	2268054	2	2	1	3	0	31
chr16	2757580	2757780	1	1	1	11	0	44
chr16	2757946	2758469	1	1	1	18	0	40
chr16	2759662	2760300	1	1	1	4	0	5
chr16	2770718	2770857	1	1	1	2	0	36
chr16	2772103	2772391	2	2	1	2	0	25
chr16	2772103	2775450	2	2	1	59	0	43
chr16	2772103	2776992	2	2	1	2	0	29
chr16	2775557	2776992	2	2	1	3	0	40
chr16	2938457	2940031	1	1	1	1	0	16
chr16	3021891	3022166	2	2	1	1	0	44
chr16	3026289	3026364	1	1	1	2	0	14
chr16	3026414	3026515	1	1	1	2	0	29
chr16	3027501	3027576	1	1	1	10	0	36
chr16	3057395	3057530	1	1	1	2	0	24
chr16	3090647	3091539	2	2	1	1	0	39
chr16	3383712	3384458	2	2	1	2	0	13
chr16	3508469	3512382	1	1	1	1	0	12
chr16	3512479	3515507	1	1	1	2	0	22
chr16	3515592	3519902	1	1	1	1	0	15
chr16	3658231	3658792	2	2	1	13	0	40
chr16	3658866	3661986	2	2	1	1	0	7
chr16	3662968	3663423	2	2	1	1	0	40
chr16	3664460	3665970	2	2	1	1	0	12
chr16	3731938	3736035	2	2	1	1	0	15
chr16	3736204	3736649	2	2	1	4	0	34
chr16	3745355	3749626	2	2	1	1	0	42
chr16	3751837	3757287	2	2	1	1	0	4
chr16	3767910	3769173	2	2	1	2	0	41
chr16	3778183	3778699	2	2	1	3	0	23
chr16	3778818	3780731	2	2	1	4	0	45
chr16	4102585	4108532	2	2	1	0	2	45
chr16	4340406	4340919	2	2	1	29	0	46
chr16	4340986	4341367	2	2	1	4	0	23
chr16	4450498	4454810	1	1	1	1	0	9
chr16	4461960	4463659	2	2	1	1	0	20
chr16	4608968	4614707	1	3	1	1	0	23
chr16	4702243	4705094	2	2	1	1	0	9
chr16	4813839	4814536	2	2	1	2	0	38
chr16	4832913	4845073	2	2	1	1	0	40
chr16	4845154	4846173	2	2	1	1	0	37
chr16	4846211	4847227	2	2	1	1	0	14
chr16	4853167	4857989	1	1	1	1	0	10
chr16	4858077	4858567	1	1	1	2	0	8
chr16	4858664	4859024	1	1	1	4	0	42
chr16	5002428	5002695	2	2	1	1	0	36
chr16	5078879	5079063	1	1	1	1	0	36
chr16	8644726	8646107	1	1	1	6	0	46
chr16	8770415	8785081	1	1	1	0	5	26
chr16	8797949	8801798	1	1	1	1	0	22
chr16	8801911	8804766	1	1	1	2	0	43
chr16	8806408	8811078	1	1	1	1	0	29
chr16	8811179	8811637	1	1	1	1	0	25
chr16	8848533	8849210	2	4	1	2	0	39
chr16	8859336	8868965	2	2	1	2	0	7
chr16	8894856	8895030	2	2	1	1	0	25
chr16	8895742	8896998	2	4	1	1	0	35
chr16	8898438	8898530	2	2	1	1	0	15
chr16	8898640	8899120	2	2	1	1	0	41
chr16	8901235	8902081	2	2	1	1	0	25
chr16	8903403	8904434	2	2	1	3	0	12
chr16	8904566	8905186	2	2	1	4	0	16
chr16	8905332	8906425	2	2	1	1	0	39
chr16	8906583	8908340	2	2	1	1	0	33
chr16	8910828	8915253	2	2	1	1	0	9
chr16	8915345	8915444	2	2	1	1	0	28
chr16	8915526	8916501	2	2	1	9	0	40
chr16	8916557	8917025	2	2	1	8	0	45
chr16	8917157	8919030	2	2	1	2	0	35
chr16	10272982	10405248	1	1	1	5	0	14
chr16	10769102	10770271	2	2	1	2	0	10
chr16	10770332	10771669	2	2	1	2	0	22
chr16	10929075	10929216	2	2	1	1	0	45
chr16	10929560	10941568	2	2	1	1	0	41
chr16	11756371	11758430	2	2	1	1	0	32
chr16	11758540	11761405	2	2	1	1	0	7
chr16	11761512	11761909	2	2	1	1	0	20
chr16	11765154	11765488	2	2	1	1	0	22
chr16	11767579	11768314	2	2	1	2	0	34
chr16	11779364	11781424	2	2	1	5	0	40
chr16	11781465	11782286	2	2	1	3	0	22
chr16	11837446	11837685	1	1	1	1	0	33
chr16	11838114	11839694	2	2	1	7	0	38
chr16	11839986	11841694	2	2	1	8	0	34
chr16	11841821	11841906	2	2	1	29	0	46
chr16	11842001	11846500	2	2	1	5	0	32
chr16	11846603	11846694	2	2	1	1	0	10
chr16	11846844	11847667	2	2	1	2	0	40
chr16	11847807	11850278	2	2	1	1	0	45
chr16	11873172	11875760	2	2	1	1	0	25
chr16	11875930	11876085	2	2	1	1	0	5
chr16	11876176	11877406	2	2	1	4	0	41
chr16	11886612	11886776	2	2	1	1	0	29
chr16	11887751	11891061	2	2	1	2	0	30
chr16	11891140	11894953	2	2	1	10	0	34
chr16	11894988	11896557	2	2	1	20	0	34
chr16	11896786	11897839	2	2	1	3	0	43
chr16	11897882	11897993	2	2	1	2	0	19
chr16	13352739	13357721	1	1	1	0	5	15
chr16	13357784	13357814	1	1	1	0	12	46
chr16	13536126	13537412	1	1	1	3	0	13
chr16	13930891	13932156	1	1	1	4	0	41
chr16	13934303	13935145	1	1	1	1	0	42
chr16	14552096	14554064	2	2	1	1	0	43
chr16	14608320	14609057	2	2	1	1	0	38
chr16	14719927	14720089	1	1	1	0	2	24
chr16	14720235	14723191	1	1	1	0	1	34
chr16	14759047	14759209	1	1	1	0	2	24
chr16	14759355	14762311	1	1	1	0	1	34
chr16	14853605	14853936	1	1	1	0	1	11
chr16	14872330	14875035	1	1	1	0	2	38
chr16	14876519	14876663	1	1	1	0	1	27
chr16	14889216	14894997	1	1	1	0	1	36
chr16	14895091	14895513	1	1	1	0	2	32
chr16	14933277	14933366	1	1	1	0	1	26
chr16	14945674	14945836	1	1	1	0	2	24
chr16	14945982	14948929	1	1	1	0	1	34
chr16	14950822	14951614	1	1	1	0	1	9
chr16	15018966	15022703	1	1	1	1	0	40
chr16	15028967	15029950	1	1	1	1	0	32
chr16	15038688	15039968	2	2	1	1	0	13
chr16	15047921	15047996	2	2	1	1	0	30
chr16	15104409	15104479	1	1	1	7	0	38
chr16	15107438	15110413	2	2	1	0	1	34
chr16	15366761	15369711	2	2	1	0	1	34
chr16	15369857	15370019	2	2	1	0	1	36
chr16	15370120	15373714	2	2	1	0	4	6
chr16	15625174	15625371	2	2	1	1	0	39
chr16	15988081	15988959	2	2	1	1	0	24
chr16	16009902	16014490	1	1	1	1	0	10
chr16	16252101	16252432	1	1	1	0	1	11
chr16	16263216	16263512	1	1	1	0	1	30
chr16	16270829	16273688	1	1	1	0	2	38
chr16	16275172	16275316	1	1	1	0	1	27
chr16	16287863	16293651	1	1	1	0	1	36
chr16	16293745	16294167	1	1	1	0	3	32
chr16	16331764	16331853	1	1	1	0	1	26
chr16	16333885	16340305	1	1	1	0	1	31
chr16	16340435	16344044	1	1	1	0	4	6
chr16	16344145	16344307	1	1	1	0	1	36
chr16	16344453	16347402	1	1	1	0	1	34
chr16	16349299	16350091	1	1	1	0	1	9
chr16	16387499	16387661	1	1	1	0	2	24
chr16	16392663	16393455	1	1	1	0	1	9
chr16	17402870	17406082	1	3	1	1	0	35
chr16	18324236	18324398	2	2	1	0	2	24
chr16	18358589	18359381	2	2	1	0	1	9
chr16	18361278	18364226	2	2	1	0	1	34
chr16	18364372	18364534	2	2	1	0	1	36
chr16	18364635	18368257	2	2	1	0	4	6
chr16	18368387	18374831	2	2	1	0	1	31
chr16	18376863	18376952	2	2	1	0	1	26
chr16	18379351	18379474	2	2	1	0	1	16
chr16	18417969	18418391	2	2	1	0	3	32
chr16	18418485	18424273	2	2	1	0	1	36
chr16	18500568	18500990	2	2	1	0	3	32
chr16	18501084	18506872	2	2	1	0	1	36
chr16	18519356	18519500	2	2	1	0	1	27
chr16	18520984	18523843	2	2	1	0	1	38
chr16	18531169	18531465	2	2	1	0	1	30
chr16	18542262	18542593	2	2	1	0	1	11
chr16	18783103	18784737	2	2	1	312	47	46
chr16	18784824	18788062	2	2	1	61	0	43
chr16	18788143	18788980	2	2	1	4	0	41
chr16	18789119	18789896	2	2	1	1	0	11
chr16	18789119	18790309	2	2	1	3	0	25
chr16	18793371	18794598	2	2	1	24	0	40
chr16	18794684	18795463	2	2	1	12	0	45
chr16	18795582	18797924	2	2	1	4	0	37
chr16	18847608	18847815	2	2	1	1	0	39
chr16	18887577	18909554	2	2	1	1	0	36
chr16	19077375	19078080	1	1	1	1	0	17
chr16	19305926	19355611	2	2	1	1	0	30
chr16	19525862	19527866	1	1	1	1	0	39
chr16	19537588	19540656	1	1	1	1	0	33
chr16	19569592	19573118	1	1	1	1	0	19
chr16	19581654	19591789	1	1	1	2	0	41
chr16	19699649	19700377	1	1	1	2	0	4
chr16	19707132	19714785	1	1	1	0	1	3
chr16	19715038	19718157	2	2	1	3	0	45
chr16	19860545	19861836	2	2	1	1	0	39
chr16	21403355	21403480	1	1	1	0	1	33
chr16	21403355	21403606	1	1	1	0	1	33
chr16	21403355	21403732	1	1	1	0	1	33
chr16	21403355	21403858	1	1	1	0	1	33
chr16	21403355	21404088	1	1	1	0	1	33
chr16	21403355	21404578	1	1	1	0	1	33
chr16	21403355	21404704	1	1	1	0	1	33
chr16	21407851	21407880	1	1	1	0	1	22
chr16	21411130	21411241	2	2	1	0	2	36
chr16	21411342	21414956	2	2	1	0	1	32
chr16	21428352	21429478	2	2	1	0	1	36
chr16	21435278	21436231	2	4	1	0	1	22
chr16	21448088	21448461	2	2	1	0	1	8
chr16	21449699	21452581	2	2	1	0	7	37
chr16	21452784	21452931	2	2	1	0	1	7
chr16	21459936	21460089	2	2	1	0	1	27
chr16	21463994	21464715	2	2	1	0	1	10
chr16	21484536	21487577	2	2	1	0	1	40
chr16	21493291	21494089	2	2	1	0	1	35
chr16	21835915	21836040	1	1	1	0	1	33
chr16	21835915	21836166	1	1	1	0	1	33
chr16	21835915	21836292	1	1	1	0	1	33
chr16	21835915	21836651	1	1	1	0	1	33
chr16	21835915	21836777	1	1	1	0	1	33
chr16	21835915	21836903	1	1	1	0	1	33
chr16	21835915	21837029	1	1	1	0	1	33
chr16	21835915	21837155	1	1	1	0	1	33
chr16	21840302	21840331	1	1	1	0	1	22
chr16	21843582	21843693	2	2	1	0	1	36
chr16	21860632	21861756	2	2	1	0	1	36
chr16	21867558	21868505	2	4	1	0	1	22
chr16	21880348	21880721	2	2	1	0	1	8
chr16	21885026	21885173	2	2	1	0	1	7
chr16	21891748	21891901	2	2	1	0	1	27
chr16	21895793	21896514	2	2	1	0	1	10
chr16	21916025	21919064	2	2	1	0	1	40
chr16	21958600	21962459	1	1	1	1	0	6
chr16	21962517	21962760	1	1	1	1	0	29
chr16	21968686	21971524	1	1	1	1	0	23
chr16	21971621	21971922	1	1	1	1	0	18
chr16	21972123	21973895	1	1	1	1	0	30
chr16	22324414	22324502	1	1	1	1	0	13
chr16	22445145	22445943	1	1	1	0	1	35
chr16	22451659	22454701	1	1	1	0	1	40
chr16	22474227	22474948	1	1	1	0	1	10
chr16	22478822	22478975	1	1	1	0	1	27
chr16	22485973	22486120	1	1	1	0	1	7
chr16	22486323	22489205	1	1	1	0	7	37
chr16	22490443	22490816	1	1	1	0	1	8
chr16	22498662	22542784	1	3	1	1	0	21
chr16	22502673	22503626	1	3	1	0	1	22
chr16	22509426	22510552	1	1	1	0	1	36
chr16	22523949	22527565	1	1	1	0	1	32
chr16	22527666	22527777	1	1	1	0	2	36
chr16	22531039	22531068	2	2	1	0	1	22
chr16	22534215	22535566	2	2	1	0	1	33
chr16	22534341	22535566	2	2	1	0	1	33
chr16	22534467	22535566	2	2	1	0	1	33
chr16	22534707	22535566	2	2	1	0	1	33
chr16	22534937	22535566	2	2	1	0	1	33
chr16	22535063	22535566	2	2	1	0	1	33
chr16	22535189	22535566	2	2	1	0	1	33
chr16	22535315	22535566	2	2	1	0	1	33
chr16	22535441	22535566	2	2	1	0	1	33
chr16	23453266	23457427	1	1	1	1	0	26
chr16	23482054	23482567	1	3	1	2	0	12
chr16	23491801	23493359	2	2	1	2	0	10
chr16	23581174	23582275	2	2	1	62	1	45
chr16	23582376	23585335	2	2	1	1	0	13
chr16	23585424	23587196	2	2	1	2	0	45
chr16	23587320	23596122	2	2	1	1	0	24
chr16	23641591	23642954	1	1	1	1	0	10
chr16	23643024	23658506	1	1	1	1	0	13
chr16	23680253	23680913	1	1	1	1	0	43
chr16	24540793	24546162	1	1	1	1	0	34
chr16	24555918	24556307	1	1	1	1	0	42
chr16	24729847	24730252	1	1	1	12	0	46
chr16	24730301	24750725	1	1	1	12	0	32
chr16	24777359	24789231	1	1	1	1	0	14
chr16	24806785	24809349	1	1	1	1	0	36
chr16	24952371	24952930	2	2	1	1	0	36
chr16	24964309	24968350	2	2	1	1	0	14
chr16	25128567	25132401	1	3	1	1	0	6
chr16	25170806	25174936	1	1	1	1	0	8
chr16	25175035	25178000	1	1	1	1	0	6
chr16	25232191	25233655	1	3	1	1	0	37
chr16	26412377	26425342	2	2	1	0	1	34
chr16	27225237	27225725	2	2	1	1	0	15
chr16	27225847	27226719	2	2	1	1	0	23
chr16	27234266	27235177	2	2	1	1	0	44
chr16	27235300	27257434	2	2	1	1	0	45
chr16	27488416	27488553	2	2	1	1	0	27
chr16	27497822	27498629	2	4	1	3	0	42
chr16	27537928	27538179	2	2	1	1	0	26
chr16	27538357	27545313	2	2	1	1	0	43
chr16	27654737	27663178	1	1	1	2	0	24
chr16	28322541	28323237	2	2	1	1	0	17
chr16	28379870	28383367	1	1	1	0	1	23
chr16	28379881	28379975	2	2	1	0	70	45
chr16	28380380	28380467	2	2	1	0	1	39
chr16	28380534	28380631	2	2	1	0	1	24
chr16	28388283	28388507	2	2	1	0	3	36
chr16	28388699	28390290	2	2	1	0	2	38
chr16	28390385	28390519	2	2	1	0	5	43
chr16	28390646	28390839	2	2	1	0	7	44
chr16	28391853	28391979	2	2	1	0	1	36
chr16	28399999	28400376	2	2	1	0	1	16
chr16	28400487	28400614	2	2	1	0	1	20
chr16	28400670	28400858	2	2	1	0	2	45
chr16	28400985	28401206	2	2	1	0	7	33
chr16	28401397	28401538	2	2	1	0	2	29
chr16	28401605	28403517	2	2	1	0	2	15
chr16	28585721	28589099	1	1	1	1	0	10
chr16	28589165	28590095	1	1	1	1	0	17
chr16	28605934	28606055	2	2	1	0	1	7
chr16	28711788	28713700	1	1	1	0	2	15
chr16	28713767	28713908	1	1	1	0	2	29
chr16	28714099	28714320	1	1	1	0	7	33
chr16	28714447	28714635	1	1	1	0	2	45
chr16	28714691	28714818	1	1	1	0	1	20
chr16	28714929	28715306	1	1	1	0	1	16
chr16	28723324	28723450	1	1	1	0	1	36
chr16	28724464	28724657	1	1	1	0	7	44
chr16	28724784	28724918	1	1	1	0	5	43
chr16	28725013	28726604	1	1	1	0	2	38
chr16	28726796	28727020	1	1	1	0	3	36
chr16	28731943	28735441	2	2	1	0	1	23
chr16	28734680	28734777	1	1	1	0	1	24
chr16	28734844	28734931	1	1	1	0	1	39
chr16	28735336	28735430	1	1	1	0	70	45
chr16	28824543	28825365	1	1	1	1	0	37
chr16	28825403	28825623	1	1	1	1	0	11
chr16	28843856	28843949	2	2	1	1	0	36
chr16	28844552	28844697	2	2	1	1	0	22
chr16	28845481	28845911	2	2	1	1	0	39
chr16	28879105	28879541	2	2	1	2	0	39
chr16	28951399	28952131	1	1	1	4	0	43
chr16	28952205	28954564	1	1	1	1	0	3
chr16	28983288	28984382	2	4	1	1	0	31
chr16	29390137	29390248	2	2	1	0	2	36
chr16	29390349	29393947	2	2	1	0	1	32
chr16	29413960	29414912	2	4	1	0	1	22
chr16	29422146	29423153	1	1	1	0	1	31
chr16	29449238	29449520	1	1	1	0	1	42
chr16	29453733	29454015	2	2	1	0	48	45
chr16	29454114	29454190	2	2	1	0	3	22
chr16	29457760	29457927	1	1	1	0	5	36
chr16	29458016	29458094	1	1	1	0	5	45
chr16	29461764	29461852	1	1	1	0	1	44
chr16	29463472	29463566	1	1	1	0	1	27
chr16	29464341	29464462	1	1	1	0	2	39
chr16	29491663	29491774	2	2	1	0	2	36
chr16	29491875	29495478	2	2	1	0	1	32
chr16	29508841	29509964	2	2	1	0	1	36
chr16	29515752	29516699	2	4	1	0	1	22
chr16	29523877	29524895	1	1	1	0	1	31
chr16	29528577	29528950	2	2	1	0	1	8
chr16	29530181	29533044	2	2	1	0	1	37
chr16	29546268	29548537	2	2	1	0	1	25
chr16	29566250	29594886	2	2	1	0	1	39
chr16	29799782	29799912	1	1	1	1	0	8
chr16	29800049	29802768	1	1	1	2	0	24
chr16	29803609	29803997	1	1	1	7	0	31
chr16	29805027	29805114	1	1	1	7	0	42
chr16	29805175	29805262	1	1	1	29	0	40
chr16	29809765	29810076	1	3	1	1	0	38
chr16	29810228	29811005	1	1	1	0	1	8
chr16	29817293	29819554	1	1	1	1	0	32
chr16	29968255	29971407	1	1	1	1	0	35
chr16	29971579	29972949	1	1	1	13	0	44
chr16	30001531	30005220	1	1	1	1	0	21
chr16	30004658	30005220	1	1	1	2	0	21
chr16	30067662	30068645	1	1	1	2	0	46
chr16	30068701	30068817	1	1	1	3	0	35
chr16	30068979	30069305	1	1	1	2	0	35
chr16	30069390	30069498	1	1	1	6	0	39
chr16	30069652	30070330	0	0	1	6	0	36
chr16	30069674	30069829	1	1	1	2	0	37
chr16	30069674	30070272	1	1	1	1	0	13
chr16	30070030	30070116	1	1	1	6	0	27
chr16	30070219	30070277	1	1	1	13	0	4
chr16	30084961	30085217	2	4	1	1	0	13
chr16	30188577	30188859	1	1	1	1	1	42
chr16	30193075	30193357	2	2	1	0	48	45
chr16	30193456	30193532	2	2	1	0	3	22
chr16	30197102	30197269	1	1	1	0	5	36
chr16	30197358	30197436	1	1	1	0	5	45
chr16	30201107	30201195	1	1	1	0	1	44
chr16	30202817	30202911	1	1	1	0	1	27
chr16	30203686	30203807	1	1	1	0	2	39
chr16	30231636	30231747	2	2	1	0	2	36
chr16	30231848	30235450	2	2	1	0	1	32
chr16	30248824	30249946	2	2	1	0	1	36
chr16	30255737	30256683	2	4	1	0	1	22
chr16	30263860	30264879	1	1	1	0	1	31
chr16	30268562	30268935	2	2	1	0	1	8
chr16	30270166	30273028	2	2	1	0	1	37
chr16	30286269	30288560	2	2	1	0	1	25
chr16	30305954	30334974	2	2	1	0	1	39
chr16	30707369	30707571	1	1	1	1	0	28
chr16	30740708	30741740	1	1	1	2	0	20
chr16	30748491	30748802	1	1	1	2	0	14
chr16	30778579	30778834	2	4	1	1	0	18
chr16	30887991	30888859	2	2	1	4	0	37
chr16	31033836	31034012	1	1	1	1	0	44
chr16	31039819	31039911	1	1	1	3	0	38
chr16	31130901	31131194	1	1	1	11	0	45
chr16	31184391	31184938	1	1	1	0	1	6
chr16	31184397	31184938	1	1	1	0	1	6
chr16	31188358	31189122	1	1	1	1	0	23
chr16	31189795	31190039	1	1	1	2	0	31
chr16	31190399	31190741	1	1	1	4	0	39
chr16	31190828	31191467	1	1	1	2	0	24
chr16	31190843	31190962	1	1	1	5	0	42
chr16	31191059	31191428	1	3	1	1	0	20
chr16	31191111	31191398	1	1	1	96	0	46
chr16	31792731	31793334	1	1	1	1	0	31
chr16	32170733	32170824	2	2	1	0	3	27
chr16	32758604	32758695	1	1	1	0	3	27
chr16	33111713	33111804	2	2	1	0	3	27
chr16	33915487	33915766	2	2	1	0	1	28
chr16	46583658	46584002	2	2	1	1	0	42
chr16	46660368	46660410	2	2	1	1	0	16
chr16	46660652	46661717	2	2	1	1	0	12
chr16	46661862	46662242	2	2	1	1	0	44
chr16	46674463	46674563	2	2	1	1	0	44
chr16	46677399	46678942	2	2	1	1	0	43
chr16	46679157	46680670	2	2	1	3	0	22
chr16	46695675	46696016	1	1	1	6	0	42
chr16	46696086	46697457	1	1	1	1	0	10
chr16	46824483	46831083	2	2	1	0	4	4
chr16	46971573	46971895	2	2	1	1	0	17
chr16	46971956	46973494	2	2	1	1	0	15
chr16	47593558	47594136	1	1	1	1	0	42
chr16	47669418	47689040	1	1	1	1	0	45
chr16	48256742	48258617	1	1	1	2	0	28
chr16	48261588	48262777	1	1	1	1	0	9
chr16	48262873	48270015	1	1	1	1	0	29
chr16	50105208	50105781	1	3	1	3	0	29
chr16	50319267	50319886	2	2	1	8	0	46
chr16	50320775	50321981	2	2	1	1	0	11
chr16	50322039	50323586	2	2	1	1	0	24
chr16	50323699	50325747	2	2	1	1	0	4
chr16	50326392	50328668	2	2	1	0	1	37
chr16	50333698	50334710	2	2	1	2	0	34
chr16	50334896	50339975	2	2	1	7	0	40
chr16	50340087	50350022	2	2	1	0	3	30
chr16	50350168	50354424	2	2	1	1	0	5
chr16	50354923	50368089	2	2	1	1	0	10
chr16	50368299	50368725	2	2	1	7	0	42
chr16	50781412	50782324	1	1	1	1	0	28
chr16	52446222	52450276	2	2	1	2	0	42
chr16	53209814	53222643	1	1	1	15	0	45
chr16	53222756	53226365	1	1	1	2	0	22
chr16	53243017	53245335	1	1	1	1	0	46
chr16	53268127	53273625	1	1	1	2	0	43
chr16	53293053	53296955	1	1	1	1	0	46
chr16	53314517	53314822	1	1	1	2	0	8
chr16	53447107	53451702	1	1	1	1	0	37
chr16	53470923	53479153	1	1	1	2	0	44
chr16	53658879	53664869	2	2	1	1	0	22
chr16	53700731	53703802	2	2	1	2	0	29
chr16	55497063	55498288	1	1	1	1	0	37
chr16	56369328	56385918	2	2	1	1	0	40
chr16	56432734	56434330	2	2	1	11	0	44
chr16	56609058	56609262	1	1	1	2	0	15
chr16	56682569	56683164	1	1	1	2	0	29
chr16	56683231	56683957	1	1	1	6	0	46
chr16	56834443	56834733	1	1	1	1	0	15
chr16	56834779	56836600	1	1	1	1	0	10
chr16	56837727	56838951	1	1	1	0	1	3
chr16	56839070	56839520	1	1	1	2	0	15
chr16	56839605	56841704	1	1	1	2	0	33
chr16	56841834	56844498	1	1	1	1	0	18
chr16	56932392	56935234	1	1	1	2	0	40
chr16	57061702	57061861	1	1	1	1	0	11
chr16	57119651	57121092	1	1	1	1	0	6
chr16	57172875	57173727	2	2	1	7	0	42
chr16	57208111	57209074	1	1	1	2	0	38
chr16	57221416	57227341	1	1	1	1	0	5
chr16	57230814	57231166	1	1	1	1	0	15
chr16	57231320	57235123	1	1	1	1	0	15
chr16	57235229	57238878	1	1	1	14	0	33
chr16	57431267	57432486	2	2	1	0	2	32
chr16	57434213	57436655	2	2	1	1	0	19
chr16	57470130	57470279	1	1	1	1	0	35
chr16	57472101	57473380	2	2	1	1	0	46
chr16	58164148	58165559	2	2	1	3	0	20
chr16	58174511	58184259	2	2	1	1	0	43
chr16	58196845	58197632	2	2	1	1	0	35
chr16	58278638	58279690	1	1	1	1	0	27
chr16	58516673	58516807	1	1	1	2	0	16
chr16	58521037	58521182	2	2	1	1	0	34
chr16	58530348	58531957	2	2	1	1	0	17
chr16	58551273	58551588	2	2	1	1	0	40
chr16	58599512	58624652	2	2	1	1	0	19
chr16	58623410	58624652	2	2	1	1	0	22
chr16	58626696	58627338	1	1	1	2	0	43
chr16	58649559	58654105	2	2	1	0	1	41
chr16	58708294	58709416	2	2	1	1	0	36
chr16	59675057	59697481	2	2	1	1	0	14
chr16	65230015	65235108	1	1	1	0	3	33
chr16	66552794	66558189	1	1	1	1	0	35
chr16	66563218	66565885	1	1	1	6	0	42
chr16	66565983	66566535	2	2	1	1	0	3
chr16	66723823	66725827	2	2	1	1	0	10
chr16	66734312	66736074	2	2	1	2	0	38
chr16	66738378	66738772	1	3	1	1	0	20
chr16	66803119	66805776	2	2	1	5	0	43
chr16	66805827	66805911	2	2	1	1	0	31
chr16	66806027	66808520	2	2	1	3	0	46
chr16	66813698	66813786	2	2	1	1	0	17
chr16	66813847	66816580	2	2	1	1	0	15
chr16	66816673	66816964	2	2	1	2	0	16
chr16	66817029	66817424	2	2	1	3	0	31
chr16	66817488	66818527	2	2	1	3	0	28
chr16	66818638	66821449	2	2	1	7	0	45
chr16	66821560	66823226	2	2	1	1	0	44
chr16	66823307	66823528	2	2	1	2	0	20
chr16	66932301	66932779	2	2	1	6	0	35
chr16	66932826	66933613	2	2	1	1	0	13
chr16	66933740	66933986	2	2	1	1	0	29
chr16	66934067	66934222	2	6	1	1	0	14
chr16	66972747	66972853	1	1	1	1	0	38
chr16	67203584	67203664	1	1	1	1	0	10
chr16	67229456	67229479	1	5	1	1	0	28
chr16	67636852	67637687	1	1	1	1	0	31
chr16	67657317	67657405	1	1	1	2	0	43
chr16	67657685	67657761	2	2	1	5	0	44
chr16	67828579	67828666	2	2	1	2	0	31
chr16	67830089	67830389	2	2	1	2	0	14
chr16	67865230	67868339	1	1	1	1	0	20
chr16	67865517	67866108	1	3	1	2	0	41
chr16	67868600	67871198	1	1	1	1	0	17
chr16	67881181	67881264	1	1	1	1	0	29
chr16	67883732	67883955	1	1	1	1	0	40
chr16	67886180	67886234	2	4	1	1	0	35
chr16	67934672	67934796	2	2	1	14	0	34
chr16	67940075	67942860	2	2	1	0	1	4
chr16	68038470	68038938	2	2	1	1	0	42
chr16	68302502	68304025	2	2	1	1	0	44
chr16	68356798	68357053	1	1	1	9	0	35
chr16	68558569	68563043	1	1	1	2	0	21
chr16	68687737	68691719	1	1	1	3	0	44
chr16	68823627	68828173	1	1	1	1	0	16
chr16	68928084	68930237	1	1	1	1	0	6
chr16	68930296	68974027	1	1	1	1	0	28
chr16	69155994	69157083	1	1	1	1	0	24
chr16	69160463	69163082	1	1	1	1	0	27
chr16	69165527	69167074	1	1	1	2	0	26
chr16	69167186	69168820	1	1	1	8	0	44
chr16	69174572	69179137	1	1	1	1	0	37
chr16	69249839	69249973	2	4	1	1	0	36
chr16	69299775	69300831	1	1	1	1	0	8
chr16	69361490	69366806	2	2	1	1	0	41
chr16	69384711	69385390	2	2	1	1	0	36
chr16	69695380	69696359	1	1	1	4	0	30
chr16	69715078	69718122	2	2	1	1	0	37
chr16	69748330	69748917	2	2	1	2	0	8
chr16	69982495	69982657	2	2	1	4	0	24
chr16	70018098	70021823	2	2	1	1	0	40
chr16	70128866	70128958	1	1	1	0	2	12
chr16	70258218	70258979	2	2	1	1	0	43
chr16	70268380	70269617	2	2	1	2	0	3
chr16	70364646	70365016	1	1	1	1	0	6
chr16	70365132	70366084	1	1	1	1	0	37
chr16	70481866	70482091	2	2	1	1	0	6
chr16	70510022	70512238	2	2	1	1	0	40
chr16	70532621	70535307	1	1	1	1	0	32
chr16	70536160	70549841	2	2	1	1	0	28
chr16	70565525	70567410	1	1	1	1	0	42
chr16	70567537	70568282	1	1	1	2	0	18
chr16	70692972	70695543	2	2	1	1	0	24
chr16	71382776	71383366	1	1	1	1	0	12
chr16	71758922	71761511	2	2	1	1	0	6
chr16	71771253	71773220	2	2	1	3	0	32
chr16	71855383	71864137	2	2	1	1	0	15
chr16	74299746	74300114	1	1	1	1	0	41
chr16	74300207	74301051	1	1	1	2	0	44
chr16	74301145	74301554	1	1	1	1	0	6
chr16	74301653	74302211	1	1	1	1	0	8
chr16	74302293	74304302	1	1	1	1	0	3
chr16	74352204	74352296	2	2	1	0	2	12
chr16	74452132	74453170	2	2	1	4	0	14
chr16	74456756	74457873	2	2	1	1	0	42
chr16	74459790	74462093	2	2	1	2	0	17
chr16	74675765	74678898	2	2	1	1	0	26
chr16	74886397	74887682	2	2	1	1	0	22
chr16	74922104	74923925	2	2	1	1	0	13
chr16	74948557	74949717	2	2	1	1	0	3
chr16	74949799	74951457	2	2	1	2	0	45
chr16	75000096	75093571	1	1	1	1	0	8
chr16	75305183	75395089	2	2	1	0	1	3
chr16	75395210	75411824	2	2	1	2	0	30
chr16	75411953	75412534	2	2	1	7	0	44
chr16	75414696	75433288	2	2	1	2	0	22
chr16	75627994	75628568	2	2	1	4	0	46
chr16	75629542	75630422	2	2	1	1	0	26
chr16	75630509	75631167	2	2	1	2	0	37
chr16	75635806	75635911	2	2	1	1	0	16
chr16	75636548	75640183	2	2	1	1	0	16
chr16	75654398	75656206	1	1	1	1	0	43
chr16	77876474	77879168	1	1	1	1	0	38
chr16	80976180	80981805	2	2	1	1	0	22
chr16	81014182	81017325	1	1	1	1	0	16
chr16	81017835	81020099	1	1	1	1	0	10
chr16	81020277	81022754	1	1	1	15	0	44
chr16	81082964	81084462	2	2	1	0	21	41
chr16	81084595	81087600	2	2	1	0	3	34
chr16	81362612	81363793	1	1	1	1	0	22
chr16	81599686	81600176	1	1	1	1	0	31
chr16	81707085	81709745	1	1	1	1	0	27
chr16	81912717	81919483	1	1	1	2	0	23
chr16	82148864	82149308	2	2	1	2	0	44
chr16	82149404	82151423	2	2	1	2	0	11
chr16	82153939	82164081	2	2	1	1	0	31
chr16	82164195	82170124	2	2	1	4	0	41
chr16	82164742	82170124	2	2	1	1	0	40
chr16	83809426	83811420	1	1	1	11	0	37
chr16	84099311	84101620	2	2	1	4	0	41
chr16	84764264	84768192	1	1	1	1	0	31
chr16	84768359	84772540	1	1	1	1	0	4
chr16	85421575	85422094	1	3	1	1	0	36
chr16	85668425	85670994	1	1	1	2	0	27
chr16	85678338	85678539	2	2	1	3	0	13
chr16	85687575	85688808	2	2	1	4	0	33
chr16	85801279	85804936	1	1	1	5	0	29
chr16	85805105	85805732	1	1	1	3	0	46
chr16	85805865	85806737	1	1	1	4	0	39
chr16	87402282	87402922	1	1	1	1	0	12
chr16	87690527	87696579	1	1	1	1	0	10
chr16	88624746	88625201	1	1	1	1	0	3
chr16	88625268	88627621	1	1	1	2	0	23
chr16	88646839	88647100	2	2	1	2	0	8
chr16	88647176	88648044	2	2	1	2	0	9
chr16	88648115	88650955	2	2	1	1	0	4
chr16	88696639	88699619	2	2	1	0	1	5
chr16	88715107	88715181	1	1	1	2	0	33
chr16	88809536	88810422	2	2	1	2	0	3
chr16	88809707	88810069	2	2	1	2	0	28
chr16	88810149	88810422	2	2	1	2	0	39
chr16	88811657	88811819	2	2	1	1	0	11
chr16	88857184	88858618	1	1	1	3	0	23
chr16	88858792	88859662	1	1	1	2	0	26
chr16	88859751	88859892	1	1	1	3	0	43
chr16	88859973	88860910	1	1	1	2	0	21
chr16	88859973	88860913	1	1	1	6	0	43
chr16	89285650	89286038	2	2	1	1	0	31
chr16	89560713	89560939	1	1	1	1	0	21
chr16	89561064	89561226	1	1	1	2	0	13
chr16	89561369	89561577	1	1	1	3	0	35
chr16	89561599	89561739	1	1	1	4	0	6
chr16	89561752	89562334	1	1	1	69	1	46
chr16	89562392	89562883	1	1	1	196	2	46
chr16	89576072	89577538	1	1	1	2	0	12
chr16	89647332	89649350	2	2	1	1	0	11
chr16	89695731	89696287	2	2	1	2	0	17
chr16	89738709	89738881	2	2	1	2	0	13
chr16	89873860	89883350	1	1	1	7	0	39
chr16	89878628	89883350	1	1	1	1	0	42
chr16	89883513	89884581	1	1	1	1	0	24
chr16	89961096	89961736	1	1	1	1	0	20
chr17	242287	242662	2	2	1	0	1	40
chr17	242287	242713	2	2	1	0	1	40
chr17	532068	532423	2	4	1	2	0	19
chr17	653411	655837	2	2	1	1	0	17
chr17	697485	699330	2	2	1	1	0	32
chr17	699381	710532	2	2	1	1	0	10
chr17	771462	775774	2	2	1	3	0	21
chr17	776989	778694	2	2	1	1	0	21
chr17	778745	782165	2	2	1	2	0	21
chr17	940160	940227	2	4	1	1	0	26
chr17	1058046	1058744	2	2	1	1	0	36
chr17	1344679	1361983	2	2	1	1	0	25
chr17	1354348	1361091	2	2	1	2	0	29
chr17	1361299	1361901	2	2	1	2	0	17
chr17	1362009	1364858	2	2	1	6	0	42
chr17	1365059	1369708	2	2	1	3	0	34
chr17	1365059	1400046	2	2	1	31	0	44
chr17	1495880	1496059	2	2	1	1	0	16
chr17	1517094	1517717	1	1	1	1	0	43
chr17	1650769	1650837	2	2	1	1	0	20
chr17	1650957	1651107	2	2	1	1	0	9
chr17	1651311	1651413	2	2	1	3	0	36
chr17	1651554	1651647	2	2	1	1	0	6
chr17	1653684	1653776	2	2	1	2	0	7
chr17	1654017	1655349	2	2	1	1	0	9
chr17	1679207	1679290	2	2	1	2	0	41
chr17	1766995	1769851	1	1	1	1	0	33
chr17	1783159	1783359	2	2	1	1	0	42
chr17	1784575	1786809	2	2	1	1	0	30
chr17	1995704	2001429	1	1	1	0	1	3
chr17	2324830	2325303	2	2	1	1	0	42
chr17	2325421	2329342	2	2	1	1	0	29
chr17	2332360	2332960	2	2	1	11	0	42
chr17	2333125	2333556	2	2	1	1	0	9
chr17	2335395	2335510	2	2	1	1	0	24
chr17	2415598	2415770	2	2	1	1	0	16
chr17	2438199	2441489	2	2	1	1	0	39
chr17	2464351	2467760	2	2	1	1	0	40
chr17	2638321	2665371	1	1	1	4	0	39
chr17	2665457	2666015	1	1	1	3	0	35
chr17	2666091	2666991	1	1	1	2	0	15
chr17	2680321	2681728	1	1	1	7	0	36
chr17	2690778	2691608	2	2	1	1	0	38
chr17	3714943	3716687	2	2	1	1	0	28
chr17	3720861	3721206	1	3	1	1	0	42
chr17	3812421	3812524	1	1	1	2	0	13
chr17	3813280	3814321	2	2	1	1	0	25
chr17	3814484	3816115	2	2	1	1	0	5
chr17	3821353	3821952	2	2	1	2	0	16
chr17	3826216	3829242	2	2	1	1	0	6
chr17	3840206	3843085	2	2	1	1	0	16
chr17	3923916	3924385	0	0	1	3	0	41
chr17	4289409	4296716	2	2	1	1	0	41
chr17	4539968	4540347	2	2	1	1	0	37
chr17	4548311	4548523	2	2	1	1	0	35
chr17	4671532	4671690	2	2	1	23	0	44
chr17	4676813	4682501	2	2	1	1	0	43
chr17	4691443	4703862	2	2	1	1	0	31
chr17	4796297	4796727	1	1	1	1	0	23
chr17	4797812	4798008	1	1	1	2	0	44
chr17	4798154	4798279	1	1	1	34	0	45
chr17	4886627	4887109	1	1	1	1	0	34
chr17	4938430	4938511	2	2	1	1	0	21
chr17	4942665	4942850	1	1	1	2	0	26
chr17	4943285	4943425	1	1	1	1	0	19
chr17	4944639	4944714	1	1	1	2	0	23
chr17	4945743	4945848	1	1	1	3	0	39
chr17	4945998	4946627	2	2	1	14	0	43
chr17	4946821	4948262	2	2	1	6	0	38
chr17	4955298	4955406	1	1	1	1	0	28
chr17	4956890	4956977	1	1	1	1	0	32
chr17	4959917	4960021	2	2	1	1	0	43
chr17	4960112	4960233	2	2	1	1	0	10
chr17	4960548	4960785	2	2	1	1	0	6
chr17	4960854	4967719	2	2	1	1	0	18
chr17	5014906	5022909	2	2	1	1	0	38
chr17	5112102	5113385	1	1	1	1	0	28
chr17	5112119	5113385	1	1	1	1	0	28
chr17	5113453	5114157	1	1	1	2	0	41
chr17	5214210	5215146	1	1	1	1	0	44
chr17	5332153	5335183	1	1	1	1	0	40
chr17	5335345	5336487	1	1	1	2	0	18
chr17	5346926	5350450	1	1	1	1	0	12
chr17	5350630	5354358	1	1	1	1	0	13
chr17	5373455	5377115	1	1	1	2	0	46
chr17	5377306	5378176	1	1	1	2	0	21
chr17	5386270	5386707	2	2	1	13	0	43
chr17	5387905	5388801	2	2	1	4	0	43
chr17	5414135	5416512	2	2	1	2	0	40
chr17	5416683	5419353	2	2	1	1	0	20
chr17	5421467	5422768	1	1	1	2	0	10
chr17	5422830	5432541	1	1	1	3	0	41
chr17	5426300	5432541	1	1	1	1	0	14
chr17	5428212	5432541	1	1	1	1	0	31
chr17	5433165	5433292	2	2	1	1	0	17
chr17	5433416	5433668	2	2	1	2	0	4
chr17	5438274	5438841	2	2	1	3	0	7
chr17	5480145	5480386	2	2	1	1	0	36
chr17	5482883	5485150	2	2	1	1	0	18
chr17	6088105	6090320	1	1	1	1	0	17
chr17	6445405	6447462	1	1	1	1	0	12
chr17	6595054	6596157	2	2	1	2	0	42
chr17	6641228	6641752	1	1	1	1	0	23
chr17	6641228	6642248	1	1	1	1	0	29
chr17	6641835	6642248	1	1	1	11	0	45
chr17	6642325	6642950	1	1	1	55	0	45
chr17	7014471	7014495	0	0	1	4	0	35
chr17	7015876	7016494	1	1	1	1	0	9
chr17	7016686	7016909	1	1	1	1	0	22
chr17	7016686	7017256	1	1	1	1	0	6
chr17	7166476	7253919	2	2	1	0	3	27
chr17	7221059	7221537	1	1	1	1	0	39
chr17	7224063	7224295	2	2	1	1	0	26
chr17	7224553	7224641	1	1	1	1	0	23
chr17	7229046	7229134	2	2	1	2	0	9
chr17	7230156	7230284	2	2	1	1	0	35
chr17	7243952	7244188	2	2	1	1	0	10
chr17	7244246	7244550	2	2	1	1	0	39
chr17	7246371	7246790	2	2	1	1	0	7
chr17	7246863	7247063	2	2	1	1	0	13
chr17	7257039	7258587	1	1	1	2	0	13
chr17	7258927	7259570	1	1	1	2	0	38
chr17	7260537	7260641	2	2	1	1	0	30
chr17	7260727	7260820	2	2	1	1	0	28
chr17	7307753	7309614	1	1	1	3	0	15
chr17	7309801	7311017	1	1	1	0	1	18
chr17	7311482	7311577	1	1	1	2	0	32
chr17	7311652	7311821	1	1	1	5	0	41
chr17	7311855	7312333	2	2	1	3	0	38
chr17	7311967	7312348	1	1	1	2	0	41
chr17	7312840	7313028	2	2	1	9	0	46
chr17	7313125	7313211	2	2	1	1	0	20
chr17	7314404	7314487	2	2	1	2	0	35
chr17	7314598	7314958	2	2	1	1	0	27
chr17	7315120	7315330	2	2	1	2	0	10
chr17	7321788	7321864	2	2	1	3	0	39
chr17	7349168	7349944	1	1	1	1	0	33
chr17	7351000	7351294	1	1	1	1	0	6
chr17	7403210	7403309	2	2	1	2	0	15
chr17	7503491	7503585	1	1	1	1	0	11
chr17	7575259	7576523	1	1	1	1	0	35
chr17	7576693	7577055	1	1	1	4	0	37
chr17	7577166	7577343	1	1	1	3	0	31
chr17	7577488	7577568	1	1	1	3	1	33
chr17	7577707	7577826	1	1	1	4	0	39
chr17	7577917	7578164	1	1	1	4	0	43
chr17	7578245	7578341	1	1	1	11	0	40
chr17	7586778	7586898	1	1	1	1	0	8
chr17	7627045	7627142	2	2	1	1	0	8
chr17	7673609	7673700	2	2	1	1	0	19
chr17	7856809	7857071	1	3	1	1	0	23
chr17	7856844	7857014	2	2	1	6	0	33
chr17	7907032	7907125	1	1	1	2	0	11
chr17	7949158	7949384	1	1	1	2	0	7
chr17	8205045	8205215	2	2	1	2	0	23
chr17	8205391	8206490	2	2	1	1	0	28
chr17	8269804	8269991	2	4	1	1	0	35
chr17	8370387	8371308	2	2	1	1	0	24
chr17	8377693	8379795	2	2	1	317	82	46
chr17	8378427	8379343	1	1	1	1	0	42
chr17	8379937	8382142	2	2	1	4	13	43
chr17	8382316	8382780	2	2	1	1	0	3
chr17	8382316	8383156	2	2	1	1	0	32
chr17	8444358	8445710	1	1	1	2	0	24
chr17	8450954	8454795	1	1	1	1	0	7
chr17	8475949	8476875	2	2	1	1	0	36
chr17	8480526	8481321	2	2	1	1	0	19
chr17	8490553	8492296	2	2	1	1	0	29
chr17	8500971	8504693	2	2	1	3	0	5
chr17	8504907	8506317	2	2	1	1	0	42
chr17	8508678	8509811	2	2	1	7	0	43
chr17	8509950	8512450	2	2	1	8	0	35
chr17	8512658	8513537	2	2	1	37	0	43
chr17	8518792	8518880	2	2	1	1	0	35
chr17	8518951	8520877	2	2	1	2	0	15
chr17	8521000	8521091	2	2	1	1	0	29
chr17	9250646	9378551	2	2	1	6	0	44
chr17	9481005	9482886	2	4	1	1	0	40
chr17	10628680	10629596	2	2	1	3	0	43
chr17	10729901	10754228	1	1	1	1	0	29
chr17	12095695	12107789	1	1	1	1	0	34
chr17	12993046	12993686	2	2	1	1	0	38
chr17	13000275	13002273	2	2	1	1	0	30
chr17	13005980	13010612	2	2	1	1	0	6
chr17	13010672	13011662	2	2	1	1	0	14
chr17	14074457	14076734	1	1	1	1	0	23
chr17	14102243	14159876	1	1	1	2	0	10
chr17	15538154	15540432	0	0	1	0	2	42
chr17	15545917	15547058	2	2	1	0	2	29
chr17	15706502	15708154	1	1	1	4	0	41
chr17	15708248	15716058	1	1	1	1	0	44
chr17	15977701	15977799	2	2	1	1	0	36
chr17	15977914	15978043	2	2	1	1	0	12
chr17	16002832	16003830	1	1	1	4	0	6
chr17	16003888	16004200	1	1	1	5	0	29
chr17	16025172	16026539	1	1	1	3	0	31
chr17	16026703	16027373	1	1	1	2	0	34
chr17	16121270	16126081	2	2	1	1	0	17
chr17	16126207	16137310	2	2	1	12	0	35
chr17	16126210	16137310	2	2	1	7	0	24
chr17	16137413	16138157	2	2	1	16	0	45
chr17	16138213	16139007	2	2	1	9	0	41
chr17	16139187	16143605	2	2	1	1	0	45
chr17	16146549	16149450	2	2	1	6	0	42
chr17	16149518	16151589	2	2	1	2	0	27
chr17	16149518	16151945	2	2	1	3	0	42
chr17	16151617	16151945	2	2	1	2	0	8
chr17	16151999	16153338	2	2	1	3	0	42
chr17	16153396	16158759	2	2	1	3	0	33
chr17	16158874	16164978	2	2	1	1	0	32
chr17	16165162	16171802	2	2	1	2	0	33
chr17	16381185	16381901	1	1	1	2	0	20
chr17	16382131	16382358	1	1	1	4	1	45
chr17	16382327	16382553	1	1	1	1	0	39
chr17	16440254	16441073	1	1	1	2	0	41
chr17	17078077	17126701	1	1	1	1	0	6
chr17	17087754	17088236	1	3	1	2	0	31
chr17	17171866	17172697	1	1	1	1	0	25
chr17	17185168	17185219	2	4	1	2	0	18
chr17	17247152	17247479	2	2	1	2	0	41
chr17	17247561	17248925	2	2	1	2	0	36
chr17	17249040	17254858	2	2	1	3	0	22
chr17	17254946	17260300	2	2	1	1	0	22
chr17	17267978	17270757	2	2	1	2	0	39
chr17	17270808	17270895	2	2	1	2	0	3
chr17	17505849	17506226	2	2	1	1	0	41
chr17	17512655	17522279	2	2	1	1	0	46
chr17	18061976	18065179	1	1	1	1	0	7
chr17	18100436	18100568	1	1	1	1	0	37
chr17	18101591	18101920	1	1	1	1	0	22
chr17	18247053	18247168	2	2	1	3	0	3
chr17	18248884	18249126	2	2	1	1	0	39
chr17	18249409	18250837	2	2	1	2	0	36
chr17	18251018	18251264	2	2	1	1	0	36
chr17	18415530	18419173	2	2	1	1	0	22
chr17	18590556	18594720	2	2	1	0	1	3
chr17	18797669	18798811	1	1	1	0	2	29
chr17	18804267	18805540	1	1	1	0	2	42
chr17	18923985	18928810	1	1	1	1	0	39
chr17	19063400	19063759	1	3	1	0	1	21
chr17	19189501	19189869	1	3	1	0	1	21
chr17	19282078	19282949	1	1	1	6	0	39
chr17	19382947	19383077	1	1	1	2	0	20
chr17	19656575	19657744	1	1	1	1	0	25
chr17	19665048	19671720	1	1	1	1	0	25
chr17	19671957	19675557	1	1	1	4	0	38
chr17	21006988	21007869	2	2	1	1	0	40
chr17	21019186	21021112	2	2	1	1	0	24
chr17	21183811	21184370	1	1	1	2	0	12
chr17	21198064	21198483	1	3	1	1	0	31
chr17	27294436	27301787	1	1	1	2	0	4
chr17	28325648	28326533	1	1	1	3	0	21
chr17	28328734	28329172	2	2	1	3	0	32
chr17	28347469	28347802	2	2	1	1	0	35
chr17	28547850	28547998	2	2	1	1	0	38
chr17	28548706	28552337	2	2	1	1	0	11
chr17	28571189	28571462	2	2	1	2	0	10
chr17	28577771	28578009	2	2	1	8	0	46
chr17	28578091	28578217	2	2	1	1	0	13
chr17	28579486	28579750	2	2	1	2	0	26
chr17	28583987	28584149	2	2	1	1	0	13
chr17	28591873	28591981	2	2	1	1	0	41
chr17	28615247	28615663	2	2	1	1	0	22
chr17	28615799	28616095	2	2	1	1	0	30
chr17	28616510	28616617	2	2	1	1	0	12
chr17	28639461	28639574	2	2	1	3	0	23
chr17	28673511	28674282	1	1	1	1	0	41
chr17	28674442	28674536	1	1	1	1	0	11
chr17	28674614	28674969	1	1	1	2	0	39
chr17	28683817	28684585	1	1	1	1	0	43
chr17	28690230	28690920	1	1	1	1	0	22
chr17	28693837	28695351	1	1	1	1	0	45
chr17	28704617	28704707	2	2	1	1	0	21
chr17	28714901	28715031	2	2	1	1	0	7
chr17	28715508	28715640	2	2	1	1	0	36
chr17	28715902	28715992	2	2	1	1	0	31
chr17	28720891	28722722	1	1	1	0	6	29
chr17	28722900	28723570	1	1	1	337	1	46
chr17	28723641	28723866	1	1	1	338	8	46
chr17	28724894	28725303	2	2	1	1	0	33
chr17	28858208	28858373	1	1	1	1	0	14
chr17	29082439	29085603	2	2	1	1	0	30
chr17	29092457	29092854	2	2	1	1	0	13
chr17	29099763	29103598	2	2	1	1	0	23
chr17	29103665	29107079	2	2	1	1	0	3
chr17	29287717	29293782	2	2	1	3	0	31
chr17	29502724	29507895	1	1	1	1	0	22
chr17	29508133	29510863	1	1	1	1	0	21
chr17	29572058	29572141	1	1	1	1	0	17
chr17	30116864	30118079	1	1	1	1	0	34
chr17	30116864	30172541	1	1	1	1	0	5
chr17	30117333	30172541	1	1	1	2	0	29
chr17	30118174	30172541	1	1	1	6	0	26
chr17	30172599	30178070	1	1	1	16	0	44
chr17	30178200	30179089	1	1	1	11	0	43
chr17	30179298	30180907	1	1	1	2	0	29
chr17	30181017	30184614	1	1	1	1	0	44
chr17	30272629	30272740	2	2	1	1	0	44
chr17	30285481	30286813	2	2	1	1	0	39
chr17	30423024	30423505	1	1	1	1	0	46
chr17	30446297	30459350	1	1	1	0	1	40
chr17	30492754	30510879	1	1	1	1	0	20
chr17	30732124	30734896	1	1	1	0	1	42
chr17	30769966	30776296	1	1	1	0	1	43
chr17	30784893	30786423	1	1	1	1	0	37
chr17	30797399	30803900	2	2	1	1	0	14
chr17	30836049	30837205	1	1	1	1	0	4
chr17	30844917	30855142	1	1	1	1	0	16
chr17	30869391	30869495	1	1	1	1	0	45
chr17	30869647	30876373	1	1	1	1	0	37
chr17	30887373	30892606	1	1	1	1	0	32
chr17	30894723	30894834	1	1	1	1	0	8
chr17	31201486	31206239	1	1	1	3	0	19
chr17	31236022	31248983	1	1	1	4	0	15
chr17	31522050	31522359	1	1	1	1	0	25
chr17	31865439	31868045	2	2	1	2	0	37
chr17	31868113	31873377	2	2	1	1	0	4
chr17	31880755	31884423	2	2	1	1	0	16
chr17	31884506	31885979	2	2	1	2	0	41
chr17	31892324	31892746	2	2	1	1	0	11
chr17	31892795	31894644	2	2	1	1	0	33
chr17	31894738	31894969	2	2	1	1	0	15
chr17	31895012	31899645	2	2	1	1	0	35
chr17	31937521	31940285	1	1	1	2	1	42
chr17	31940333	31940421	1	1	1	2	0	21
chr17	31947686	31966146	1	1	1	2	0	37
chr17	31966197	31973145	1	1	1	2	0	5
chr17	31975714	31976520	1	1	1	2	0	43
chr17	31976615	31982998	1	1	1	0	1	43
chr17	31983105	31988319	1	1	1	4	0	45
chr17	31988498	31993241	1	1	1	4	0	36
chr17	31993334	31993864	1	1	1	1	0	32
chr17	32050108	32053265	1	1	1	1	0	12
chr17	32211239	32224615	1	1	1	1	0	18
chr17	32335443	32337896	2	2	1	1	0	45
chr17	32350327	32351785	1	1	1	1	0	14
chr17	32351913	32358502	1	1	1	8	0	44
chr17	32454620	32464048	1	1	1	1	0	19
chr17	32473946	32474763	1	1	1	1	0	16
chr17	32474825	32477520	1	1	1	1	0	11
chr17	32477584	32479250	1	1	1	1	0	26
chr17	32479377	32479850	1	1	1	1	0	36
chr17	32479887	32480145	1	1	1	1	0	8
chr17	32480198	32480488	1	1	1	1	0	10
chr17	32480632	32480752	1	1	1	22	0	39
chr17	34983553	34985987	1	1	1	1	0	20
chr17	34996196	34996573	1	1	1	1	0	8
chr17	34996654	34997737	1	1	1	1	0	4
chr17	35132450	35133170	2	2	1	1	0	35
chr17	35447415	35448721	2	2	1	1	0	22
chr17	35578122	35594007	1	1	1	0	1	3
chr17	35587429	35594007	1	1	1	8	0	39
chr17	35587598	35594007	1	1	1	2	1	45
chr17	35587664	35594007	1	1	1	2	0	45
chr17	35588734	35594007	1	1	1	0	1	3
chr17	35594068	35598229	1	1	1	4	1	29
chr17	35674322	35682694	1	1	1	1	0	39
chr17	35682825	35709223	1	1	1	2	0	34
chr17	35820249	35820331	1	1	1	2	0	33
chr17	35824199	35833906	1	1	1	2	0	30
chr17	35833942	35834565	1	1	1	5	0	33
chr17	35834599	35836131	1	1	1	4	0	33
chr17	35838554	35842366	1	1	1	1	0	3
chr17	35842460	35844076	1	1	1	1	0	15
chr17	35844159	35844279	1	1	1	1	0	8
chr17	35845039	35846905	1	1	1	1	0	5
chr17	35922676	35924603	2	2	1	1	0	8
chr17	35925638	35930075	2	2	1	1	0	5
chr17	36238538	36240831	2	2	1	0	1	32
chr17	36320061	36320486	1	1	1	0	1	41
chr17	36362430	36364712	2	2	1	0	1	32
chr17	36557337	36560772	1	1	1	2	0	5
chr17	36579420	36581343	1	1	1	2	0	37
chr17	36585451	36585839	1	1	1	1	0	16
chr17	36585966	36586049	1	1	1	10	0	43
chr17	36587246	36589207	1	1	1	2	0	38
chr17	36986732	36988518	1	1	1	1	0	26
chr17	36989412	36990773	1	1	1	1	0	24
chr17	37019073	37020933	1	1	1	1	0	40
chr17	37031686	37056600	1	1	1	1	0	32
chr17	37155781	37161780	2	2	1	1	0	21
chr17	37435054	37466963	2	2	1	1	0	21
chr17	37442653	37444695	1	1	1	4	0	41
chr17	37444769	37458523	1	1	1	1	0	38
chr17	37536128	37538323	2	2	1	1	0	11
chr17	37586550	37596222	2	2	1	1	0	45
chr17	37614354	37618291	2	2	1	1	0	24
chr17	37619840	37620872	2	2	1	4	0	42
chr17	37620949	37621126	2	2	1	8	0	45
chr17	37621278	37621397	2	2	1	2	0	15
chr17	37628673	37630029	2	2	1	1	0	3
chr17	37633419	37642109	2	2	1	4	0	46
chr17	37642309	37643333	2	2	1	1	0	18
chr17	38111523	38114778	1	1	1	0	1	33
chr17	38119408	38122799	1	1	1	0	1	5
chr17	38122965	38124038	1	1	1	0	2	36
chr17	38124144	38124569	1	1	1	0	1	41
chr17	38195941	38196366	2	2	1	0	1	41
chr17	38196472	38197545	2	2	1	0	2	36
chr17	38197711	38201104	2	2	1	0	1	5
chr17	38299469	38306532	1	1	1	1	0	39
chr17	38322300	38322508	1	1	1	1	0	21
chr17	38395999	38399512	1	1	1	1	0	34
chr17	38450724	38451625	2	2	1	1	0	25
chr17	38482679	38486061	1	1	1	1	0	18
chr17	38490176	38490461	1	1	1	0	1	28
chr17	38707030	38707485	1	1	1	1	0	6
chr17	38707541	38707762	1	1	1	1	0	31
chr17	38712015	38712690	1	1	1	1	0	11
chr17	38739119	38739197	2	2	1	1	0	5
chr17	38739254	38739585	2	2	1	1	0	28
chr17	38752830	38753149	1	1	1	1	0	21
chr17	38755991	38760430	1	1	1	1	0	11
chr17	38755991	38762410	1	1	1	1	0	4
chr17	38760609	38762410	1	1	1	27	0	45
chr17	38762506	38764118	1	1	1	77	0	44
chr17	38777801	38778333	2	2	1	1	0	25
chr17	38809766	38810467	2	2	1	1	0	24
chr17	38810596	38812794	2	2	1	8	0	16
chr17	38812865	38814860	2	2	1	9	0	41
chr17	38850215	38850361	2	2	1	652	0	46
chr17	38850476	38852603	2	2	1	75	0	44
chr17	38852733	38853021	2	2	1	15	0	46
chr17	38853106	38853697	2	2	1	3	0	14
chr17	38921162	38921657	2	4	1	2	0	14
chr17	39200350	39201212	1	1	1	3	0	39
chr17	39201320	39202316	1	1	1	0	1	12
chr17	39203110	39204076	1	1	1	6	0	40
chr17	39204168	39204537	1	3	1	3	0	29
chr17	39204188	39204524	1	1	1	151	1	45
chr17	39204652	39205019	2	4	1	21	1	16
chr17	39658821	39659050	1	1	1	2	0	9
chr17	39727548	39727688	1	1	1	1	0	22
chr17	39988820	39989738	1	1	1	3	0	23
chr17	39989794	39997793	1	3	1	0	5	5
chr17	40014360	40014553	2	2	1	0	1	3
chr17	40031246	40031537	2	2	1	1	0	21
chr17	40129628	40132033	1	1	1	1	0	29
chr17	40131585	40132033	1	1	1	1	0	20
chr17	40132099	40133041	1	1	1	1	0	7
chr17	40140780	40141206	1	1	1	1	0	10
chr17	40141235	40141569	1	1	1	2	0	28
chr17	40141608	40161752	1	1	1	5	0	38
chr17	40164167	40166796	1	1	1	2	0	32
chr17	40294504	40295355	1	1	1	2	0	16
chr17	40301031	40301467	1	1	1	1	0	24
chr17	40301609	40301911	1	1	1	6	0	27
chr17	40390165	40391505	2	2	1	1	0	15
chr17	40392112	40392217	2	4	1	2	0	15
chr17	40392738	40395448	2	2	1	7	1	45
chr17	40395540	40396282	2	2	1	38	0	46
chr17	40396466	40398557	2	2	1	39	0	43
chr17	40398642	40398772	2	2	1	6	0	42
chr17	40398938	40399039	2	2	1	6	0	44
chr17	40399132	40399871	2	2	1	1	0	26
chr17	40400068	40400208	2	2	1	3	0	44
chr17	40403055	40404151	2	2	1	2	0	31
chr17	40404492	40404790	2	2	1	1	0	39
chr17	40404884	40406383	2	2	1	2	0	6
chr17	40406494	40406583	2	2	1	1	0	16
chr17	40406690	40406831	2	2	1	9	0	42
chr17	40406943	40407548	2	2	1	1	0	22
chr17	40407675	40407966	2	2	1	1	0	7
chr17	40411456	40411644	2	2	1	1	0	7
chr17	40413626	40416004	2	2	1	3	0	20
chr17	40416069	40416421	2	2	1	6	0	30
chr17	40416513	40416739	2	2	1	2	0	36
chr17	40416896	40417770	2	2	1	5	0	43
chr17	40457111	40457595	2	2	1	1	0	25
chr17	40628994	40630207	2	2	1	2	0	34
chr17	40630287	40630713	2	2	1	1	0	31
chr17	40631694	40632194	2	2	1	1	0	37
chr17	40636103	40636394	2	2	1	1	0	42
chr17	40636527	40637491	2	2	1	4	2	44
chr17	40637573	40642454	2	2	1	13	0	46
chr17	40642560	40645575	2	2	1	1	0	24
chr17	41523742	41523875	2	4	1	1	0	20
chr17	41689070	41689777	1	1	1	1	0	9
chr17	41689942	41690087	1	1	1	6	0	21
chr17	41690190	41690781	1	1	1	16	0	36
chr17	41803432	41806795	2	2	1	2	0	19
chr17	41817204	41818088	1	1	1	1	0	23
chr17	41825658	41827425	2	2	1	0	1	3
chr17	41828953	41830800	2	2	1	1	0	16
chr17	41867905	41868708	2	2	1	1	0	5
chr17	41868786	41869042	2	2	1	3	0	44
chr17	41893175	41896619	2	2	1	1	0	30
chr17	41896650	41897748	2	2	1	1	0	5
chr17	41907573	41908988	2	2	1	1	0	8
chr17	41909069	41909509	2	2	1	2	0	4
chr17	41977324	41981854	2	2	1	3	0	39
chr17	41983637	41987594	2	2	1	1	0	7
chr17	41983637	41987818	2	2	1	10	0	35
chr17	41987911	41988731	2	2	1	14	0	44
chr17	41989558	41990263	2	2	1	2	0	21
chr17	41994945	41996310	2	2	1	1	0	38
chr17	42000571	42017339	2	2	1	1	0	42
chr17	42024623	42025521	1	1	1	1	0	39
chr17	42126849	42128260	2	2	1	4	0	35
chr17	42128384	42128648	2	2	1	1	0	33
chr17	42324847	42324962	2	2	1	2	0	13
chr17	42339410	42345558	2	2	1	1	0	19
chr17	42345658	42346568	2	2	1	2	0	29
chr17	42373482	42376080	1	1	1	0	1	33
chr17	42565312	42565470	1	1	1	1	0	29
chr17	42565806	42565905	1	1	1	1	0	37
chr17	42568944	42569203	1	1	1	1	0	6
chr17	42573624	42574098	2	2	1	1	0	5
chr17	42592163	42609085	2	2	1	0	1	3
chr17	42612507	42612946	1	1	1	3	0	34
chr17	42613074	42613646	1	1	1	2	0	10
chr17	42674410	42676401	2	2	1	1	0	40
chr17	42686142	42686902	1	1	1	1	0	33
chr17	42773529	42773732	1	1	1	1	0	37
chr17	42801355	42816510	1	3	1	2	0	39
chr17	42838206	42838730	1	1	1	1	0	28
chr17	42839167	42839293	1	1	1	1	0	45
chr17	42839381	42841497	1	1	1	1	0	23
chr17	42950729	42951799	2	2	1	5	0	44
chr17	42951895	42953723	2	2	1	1	0	29
chr17	42954968	42955157	2	2	1	1	0	27
chr17	42998472	42998748	1	1	1	1	1	23
chr17	42998832	42999932	1	1	1	12	1	45
chr17	42998832	43002672	1	1	1	1	1	9
chr17	43000103	43002672	1	1	1	127	1	46
chr17	43002784	43002871	1	1	1	373	0	46
chr17	43014704	43018041	1	3	1	1	0	38
chr17	43026048	43027182	1	1	1	1	0	16
chr17	43028196	43028431	1	1	1	1	0	28
chr17	43028677	43029089	1	1	1	1	0	41
chr17	43104262	43104867	2	2	1	1	0	16
chr17	43203787	43209900	1	1	1	1	0	31
chr17	43236931	43244326	2	2	1	0	2	16
chr17	43489535	43490390	1	1	1	3	0	24
chr17	43529677	43529883	2	2	1	2	0	31
chr17	43809079	43810806	2	2	1	1	0	6
chr17	44040257	44063800	2	2	1	0	1	37
chr17	44071184	44074159	1	1	1	1	0	17
chr17	44078416	44078499	2	2	1	12	0	46
chr17	44194675	44194767	2	2	1	1	0	8
chr17	44207598	44207698	2	2	1	2	0	18
chr17	44207771	44207863	2	2	1	2	0	38
chr17	44211748	44211872	2	2	1	2	0	39
chr17	44215810	44215905	2	2	1	1	0	26
chr17	44320034	44322502	2	2	1	1	0	26
chr17	44320437	44320621	2	2	1	1	0	44
chr17	44322529	44322807	2	2	1	1	0	12
chr17	44424493	44435064	2	2	1	1	0	37
chr17	44435152	44436477	2	2	1	1	0	37
chr17	44464545	44474828	2	2	1	1	0	25
chr17	44679044	44680584	2	2	1	5	0	30
chr17	44679044	44682002	0	0	1	4	0	23
chr17	44683960	44689549	2	2	1	1	0	21
chr17	44851370	44851709	2	2	1	1	0	21
chr17	44883159	44883648	2	2	1	1	0	29
chr17	45061461	45081643	1	1	1	7	0	42
chr17	45096286	45097127	1	1	1	1	0	12
chr17	45103122	45103708	1	1	1	2	0	41
chr17	45247517	45247700	2	2	1	1	0	29
chr17	45413191	45414003	1	3	1	1	0	17
chr17	46062469	46062972	2	2	1	2	0	21
chr17	46155246	46156860	2	2	1	2	0	20
chr17	46337569	46337674	1	1	1	0	3	31
chr17	46340298	46340624	2	2	1	0	4	23
chr17	46340686	46341018	1	3	1	0	1	45
chr17	46419965	46422476	1	1	1	0	1	5
chr17	46555425	46555530	1	1	1	0	3	31
chr17	46558142	46558468	2	2	1	0	4	23
chr17	46558530	46558955	1	3	1	0	1	45
chr17	46637543	46640053	1	1	1	0	1	5
chr17	47142437	47143882	2	2	1	4	0	43
chr17	47143983	47151805	2	2	1	3	0	39
chr17	47370509	47374471	1	1	1	1	0	37
chr17	47579512	47582741	1	1	1	0	1	33
chr17	47590882	47591955	1	1	1	0	2	36
chr17	47592061	47592484	1	1	1	0	1	41
chr17	47619785	47621767	1	1	1	1	0	34
chr17	47622088	47636511	2	2	1	0	1	3
chr17	47648248	47648402	1	3	1	1	0	43
chr17	47658661	47661118	1	1	1	1	0	20
chr17	47678190	47678307	1	1	1	1	0	20
chr17	47678414	47680019	1	1	1	5	0	29
chr17	47680135	47680507	1	1	1	5	0	32
chr17	47680670	47682403	1	1	1	2	0	13
chr17	47976014	47976711	1	1	1	1	0	7
chr17	48048463	48050606	1	1	1	5	0	31
chr17	48060461	48060555	2	4	1	2	0	13
chr17	48076179	48076864	2	2	1	6	0	41
chr17	48077042	48101267	2	2	1	2	0	9
chr17	48849378	48851088	1	1	1	1	0	45
chr17	48851178	48851558	1	1	1	2	0	17
chr17	48860450	48862275	1	1	1	1	0	15
chr17	48862305	48862837	1	1	1	1	0	29
chr17	48892841	48893408	1	1	1	1	0	18
chr17	48892911	48893408	1	1	1	1	0	27
chr17	48894450	48895155	1	1	1	1	0	28
chr17	48895335	48895654	1	1	1	6	0	36
chr17	48930613	48931642	2	2	1	5	0	43
chr17	49032861	49034651	1	3	1	1	0	23
chr17	49040092	49041377	1	1	1	1	0	31
chr17	49041501	49042241	1	1	1	3	0	39
chr17	49045066	49045889	1	1	1	1	0	43
chr17	49312846	49316825	2	2	1	1	0	29
chr17	49405038	49411724	1	1	1	1	0	20
chr17	49405205	49406758	2	2	1	2	0	45
chr17	49406855	49409041	2	2	1	1	0	28
chr17	49409159	49409330	2	2	1	1	0	21
chr17	49409474	49411677	2	2	1	1	0	7
chr17	49411840	49413176	2	2	1	2	0	21
chr17	49701511	49702857	2	2	1	8	0	45
chr17	49805446	49811475	1	1	1	1	0	27
chr17	50186021	50186316	2	2	1	1	0	20
chr17	50719832	50736959	1	1	1	1	0	34
chr17	50737027	50740305	1	1	1	1	0	9
chr17	50740346	50741101	1	1	1	2	0	40
chr17	50741247	50741656	1	1	1	2	0	31
chr17	50741732	50743705	1	1	1	7	0	39
chr17	50743811	50744651	1	1	1	16	0	46
chr17	50744814	50745719	1	1	1	16	0	46
chr17	50746004	50746541	1	1	1	13	0	43
chr17	50750695	50752199	1	1	1	1	0	37
chr17	51079705	51120353	2	2	1	4	0	29
chr17	51155781	51159979	1	1	1	1	0	37
chr17	51160082	51161159	1	1	1	1	0	22
chr17	51161273	51161727	1	1	1	3	0	44
chr17	51166957	51168241	1	1	1	1	0	11
chr17	51168446	51169266	2	2	1	2	0	41
chr17	51169212	51169381	1	1	1	1	0	36
chr17	51170050	51171486	1	1	1	8	0	46
chr17	51192281	51192781	2	2	1	1	0	30
chr17	51203229	51203790	2	2	1	1	0	19
chr17	51263387	51266181	1	1	1	2	0	45
chr17	51277305	51280004	1	1	1	1	0	21
chr17	51285369	51288028	1	1	1	1	0	41
chr17	51288204	51293902	1	1	1	1	0	32
chr17	51294046	51296964	1	1	1	16	0	39
chr17	51297004	51297781	1	1	1	30	0	39
chr17	51801559	51802442	2	2	1	1	0	25
chr17	54036891	54066576	2	2	1	2	0	24
chr17	54990958	54999344	1	1	1	1	0	40
chr17	54999452	54999625	1	1	1	1	0	6
chr17	56888029	56888771	0	0	1	3	0	42
chr17	56950997	56960774	2	2	1	1	0	41
chr17	57078704	57079286	2	2	1	1	0	25
chr17	57257548	57258269	1	1	1	2	0	29
chr17	57849411	57849838	2	2	1	1	0	17
chr17	57989270	57989648	2	2	1	1	0	4
chr17	58006528	58006943	2	2	1	1	0	16
chr17	58206171	58206282	2	2	1	1	0	31
chr17	58732545	58734117	1	1	1	2	0	34
chr17	59012447	59015609	2	2	1	2	0	39
chr17	59047820	59049177	2	2	1	4	0	43
chr17	59079878	59081096	2	2	1	1	0	21
chr17	59088408	59091299	2	2	1	5	0	28
chr17	59091341	59104292	2	2	1	2	0	31
chr17	59091341	59106440	2	2	1	2	0	23
chr17	59112346	59155130	2	2	1	1	0	31
chr17	59119496	59131280	2	2	1	1	0	29
chr17	59155806	59169747	1	1	1	1	0	39
chr17	59194856	59195330	1	1	1	1	0	32
chr17	59195444	59197543	1	1	1	1	0	5
chr17	59212487	59212728	1	1	1	2	0	32
chr17	59579880	59586152	1	1	1	0	1	34
chr17	59605185	59605445	1	1	1	1	0	35
chr17	59661644	59663841	1	1	1	1	0	37
chr17	59666978	59668776	1	1	1	1	0	13
chr17	59685809	59690635	1	1	1	2	0	30
chr17	59860425	59863663	2	2	1	1	0	32
chr17	59973735	59976023	2	2	1	0	1	3
chr17	59989345	59995631	2	2	1	0	1	34
chr17	60069849	60070705	2	2	1	1	0	23
chr17	60294802	60301598	2	2	1	1	0	35
chr17	60301705	60345480	2	2	1	3	0	36
chr17	61776563	61780260	2	2	1	1	0	18
chr17	61781006	61784269	2	2	1	1	0	30
chr17	61799300	61801252	2	2	1	1	0	37
chr17	61801475	61808466	2	2	1	1	0	40
chr17	61972889	61982197	2	2	1	2	0	9
chr17	61984368	61984650	2	2	1	1	0	21
chr17	62020022	62020656	1	1	1	1	0	18
chr17	62052706	62063066	2	2	1	1	0	22
chr17	62194009	62197046	1	1	1	0	1	45
chr17	62552398	62553662	1	1	1	0	1	13
chr17	62553756	62560015	1	1	1	1	0	13
chr17	62560127	62565000	1	1	1	0	2	32
chr17	62573368	62576708	1	1	1	1	0	37
chr17	62580193	62586134	1	1	1	0	1	32
chr17	63204283	63205342	1	3	1	2	0	23
chr17	63589238	63594202	1	1	1	2	0	26
chr17	63691863	63692241	1	1	1	1	0	44
chr17	63746962	63751939	2	2	1	3	0	34
chr17	63752108	63752319	2	2	1	3	0	46
chr17	63766195	63773411	2	2	1	1	0	8
chr17	63787271	63792411	1	1	1	1	0	8
chr17	63792563	63798037	1	3	1	2	0	27
chr17	63798100	63799588	1	1	1	3	0	15
chr17	63799626	63800467	1	1	1	3	0	37
chr17	63808949	63809559	1	1	1	2	0	11
chr17	63811174	63811931	1	1	1	1	0	12
chr17	63812209	63813227	1	1	1	1	0	16
chr17	63813455	63815562	1	1	1	1	0	41
chr17	63819995	63820078	2	2	1	10	0	33
chr17	63820174	63820254	2	2	1	2	0	36
chr17	63820439	63820838	2	2	1	2	0	27
chr17	63824240	63824330	2	2	1	2	0	38
chr17	63824412	63824636	2	2	1	1	0	5
chr17	63828210	63829493	1	1	1	1	0	31
chr17	63831426	63831505	1	1	1	2	0	42
chr17	63831617	63831723	1	1	1	22	0	43
chr17	63831811	63831915	1	1	1	74	0	45
chr17	64146001	64146229	1	1	1	1	0	3
chr17	64477989	64480288	2	2	1	3	0	17
chr17	64480390	64482918	2	2	1	1	0	38
chr17	64482975	64485727	2	2	1	1	0	39
chr17	64500774	64501056	2	2	1	2	0	23
chr17	64502550	64502925	2	2	1	9	0	42
chr17	64503099	64503187	2	2	1	2	0	37
chr17	64503349	64503429	2	2	1	1	0	33
chr17	64503572	64503802	2	2	1	2	0	29
chr17	64504843	64506075	2	2	1	1	0	13
chr17	64532023	64532838	1	1	1	1	0	34
chr17	64536749	64537040	1	1	1	2	0	24
chr17	64546339	64547599	2	2	1	1	0	26
chr17	64554994	64555819	2	2	1	6	0	31
chr17	64555999	64557607	2	2	1	1	0	28
chr17	64580992	64583460	2	2	1	3	0	20
chr17	64751957	64754004	2	2	1	0	1	40
chr17	64951610	64957972	2	2	1	1	0	40
chr17	64968382	64972533	2	2	1	2	0	8
chr17	66005770	66027500	2	2	1	2	0	34
chr17	66027561	66028312	2	2	1	1	0	19
chr17	66306128	66496200	1	1	1	1	0	30
chr17	67114404	67120404	2	2	1	1	0	25
chr17	67167797	67178658	2	2	1	1	0	16
chr17	67188617	67189588	2	2	1	1	0	10
chr17	67341053	67342185	2	2	1	2	0	37
chr17	67344781	67345744	2	2	1	2	0	24
chr17	67347486	67348549	2	2	1	3	0	35
chr17	67348655	67350228	2	2	1	4	0	27
chr17	67357432	67357518	2	2	1	1	0	35
chr17	67552346	67553609	1	1	1	3	0	8
chr17	67553618	67578185	1	1	1	3	0	8
chr17	67576757	67578915	1	1	1	1	0	35
chr17	67578258	67632142	1	1	1	1	0	33
chr17	67579132	67579843	1	3	1	1	0	30
chr17	67719963	67721377	1	1	1	1	0	30
chr17	67736024	67736665	1	1	1	6	0	44
chr17	67737146	67737507	1	1	1	1	0	28
chr17	67739609	67743478	1	1	1	3	0	39
chr17	67743587	67743742	1	1	1	1	0	12
chr17	67826338	67853939	1	1	1	1	0	25
chr17	67854763	67866463	1	1	1	3	0	12
chr17	67866688	67874816	1	1	1	9	0	45
chr17	67870390	67874816	1	1	1	1	0	20
chr17	67875021	67891843	1	1	1	1	0	17
chr17	67892035	67893369	1	1	1	2	0	24
chr17	67893726	67894033	1	1	1	28	0	43
chr17	67894166	67903788	1	1	1	7	0	39
chr17	67903919	67904701	1	1	1	9	0	40
chr17	67904841	67909581	1	1	1	5	0	41
chr17	67909762	67910876	1	1	1	3	0	38
chr17	67922991	67924546	1	1	1	1	0	4
chr17	67945897	67947725	1	1	1	5	0	44
chr17	67946326	67947725	1	1	1	2	0	9
chr17	67947809	67948080	1	1	1	3	0	38
chr17	67964405	67966571	1	1	1	2	0	27
chr17	67975959	67982251	1	1	1	1	0	19
chr17	68042354	68042904	1	1	1	1	0	5
chr17	68043000	68043099	1	1	1	3	0	43
chr17	68043364	68043837	1	1	1	1	0	31
chr17	68044504	68045771	1	1	1	4	1	40
chr17	68045922	68046503	1	1	1	23	0	46
chr17	68101960	68114421	1	1	1	2	0	44
chr17	68254568	68255699	1	1	1	1	0	30
chr17	68255877	68256813	1	1	1	1	0	36
chr17	68428937	68429995	2	2	1	1	0	10
chr17	68515577	68522755	1	1	1	1	0	7
chr17	69308369	69309261	2	2	1	1	0	30
chr17	71081682	71093815	1	1	1	2	0	35
chr17	73207257	73208313	1	1	1	1	0	19
chr17	73233326	73235475	1	1	1	1	0	23
chr17	74203746	74203917	1	1	1	8	0	27
chr17	74203959	74204129	1	1	1	24	0	41
chr17	74204191	74209186	1	1	1	126	0	45
chr17	74209310	74209803	1	1	1	361	0	46
chr17	74773940	74775621	2	2	1	0	1	3
chr17	75039064	75039208	2	2	1	17	0	42
chr17	75039272	75040091	2	2	1	5	0	44
chr17	75040164	75042180	2	2	1	5	0	40
chr17	75042278	75042528	2	2	1	5	0	45
chr17	75042660	75046924	2	2	1	1	0	13
chr17	75131106	75131180	2	2	1	1	0	31
chr17	75136251	75146665	2	2	1	5	0	20
chr17	75146685	75147555	2	2	1	4	0	19
chr17	75147654	75148528	2	2	1	2	0	15
chr17	75168402	75174751	2	2	1	2	0	31
chr17	75174824	75181056	2	2	1	0	2	31
chr17	75193837	75194081	1	3	1	1	0	39
chr17	75205795	75208526	1	1	1	1	0	30
chr17	75208426	75208526	1	1	1	1	0	43
chr17	75235202	75235577	1	1	1	8	0	45
chr17	75262868	75263339	1	1	1	2	0	36
chr17	75263508	75265701	1	1	1	2	0	34
chr17	75265965	75266192	1	1	1	1	0	5
chr17	75320554	75321658	2	2	1	4	0	42
chr17	75667479	75668515	1	1	1	1	0	9
chr17	75668626	75671815	1	1	1	1	0	19
chr17	75668626	75693439	1	1	1	2	0	21
chr17	75671864	75693439	1	1	1	1	0	25
chr17	75693483	75699782	1	1	1	3	0	45
chr17	75699872	75702479	1	1	1	1	0	21
chr17	75703860	75704755	1	1	1	1	0	31
chr17	75729378	75757625	1	3	1	0	1	3
chr17	75778724	75778809	2	2	1	6	0	39
chr17	75898718	75898780	2	4	1	1	0	29
chr17	75898987	75899157	2	2	1	2	0	42
chr17	76052018	76054745	2	2	1	1	0	44
chr17	76328863	76330042	2	2	1	1	0	35
chr17	76396822	76397798	2	2	1	1	0	24
chr17	76402128	76402601	2	2	1	2	0	20
chr17	76482632	76485269	1	1	1	0	1	30
chr17	76606055	76611151	2	2	1	1	3	34
chr17	77041524	77048752	1	1	1	1	0	30
chr17	77191313	77193420	1	1	1	1	0	20
chr17	77488322	77488726	1	1	1	2	0	27
chr17	77499408	77500406	1	1	1	2	5	35
chr17	78018172	78031028	1	3	1	2	0	31
chr17	78113625	78117268	2	2	1	2	0	42
chr17	78214428	78214679	1	1	1	3	0	31
chr17	78214790	78216663	1	1	1	9	0	40
chr17	78787659	78798399	2	2	1	1	0	4
chr17	78799024	78799666	2	2	1	1	0	21
chr17	78802536	78803384	2	2	1	6	0	41
chr17	78802539	78803384	2	2	1	1	0	45
chr17	78813874	78814411	2	2	1	2	0	40
chr17	79090886	79094450	2	2	1	1	0	9
chr17	79094530	79095512	2	2	1	4	0	44
chr17	79835713	79837836	2	2	1	1	0	8
chr17	79837903	79839010	2	2	1	1	0	18
chr17	80135507	80136003	2	2	1	7	0	43
chr17	80136336	80137385	2	2	1	2	0	9
chr17	80139163	80139669	2	2	1	1	0	4
chr17	80139751	80140007	2	2	1	1	0	7
chr17	80263779	80273240	1	1	1	5	1	42
chr17	80273405	80278763	1	1	1	2	0	16
chr17	80327990	80328327	1	1	1	1	0	24
chr17	80348287	80349769	1	1	1	1	0	23
chr17	80822302	80823078	1	1	1	2	0	18
chr17	80949548	80957623	1	1	1	2	0	22
chr17	81189844	81189914	2	2	1	1	0	36
chr17	81190803	81190906	2	2	1	1	0	12
chr17	81194128	81194869	2	2	1	1	0	34
chr17	81510834	81510926	2	2	1	5	0	43
chr17	81511109	81511187	2	2	1	1	0	30
chr17	81667863	81670224	1	1	1	2	0	38
chr17	81684104	81685604	1	1	1	1	0	19
chr17	81701132	81701507	1	1	1	1	0	28
chr17	81703576	81704243	1	1	1	2	0	26
chr17	81843259	81843622	2	2	1	2	0	32
chr17	81843334	81843598	1	3	1	1	0	3
chr17	81844093	81845143	2	2	1	1	0	38
chr17	81847348	81855141	2	2	1	2	0	31
chr17	81888146	81888240	2	2	1	3	0	38
chr17	81888584	81889181	2	2	1	1	0	28
chr17	81891842	81893551	1	1	1	1	0	6
chr17	81893615	81894466	1	1	1	1	0	28
chr17	81905448	81905669	2	2	1	1	0	8
chr17	81905736	81906099	2	2	1	1	0	18
chr17	81932516	81932871	2	2	1	1	0	15
chr17	82009568	82010801	1	1	1	1	0	24
chr17	82017114	82017308	1	1	1	7	0	46
chr17	82017114	82017312	1	1	1	1	0	25
chr17	82018827	82018961	1	3	1	1	0	23
chr17	82036064	82036190	2	2	1	12	0	44
chr17	82036309	82036383	2	2	1	1	0	30
chr17	82037014	82037449	2	2	1	1	0	7
chr17	82079281	82079356	2	2	1	2	0	13
chr17	82079609	82080139	2	2	1	1	0	44
chr17	82080451	82087057	2	2	1	0	2	12
chr17	82080923	82081163	2	2	1	1	0	12
chr17	82194140	82195262	2	2	1	1	0	27
chr17	82483743	82488201	1	1	1	0	1	3
chr17	82644024	82648273	2	2	1	3	0	38
chr17	82930644	82932657	1	1	1	1	0	3
chr17	82941484	82942448	1	1	1	2	0	40
chr18	117305	118296	1	1	1	0	1	16
chr18	180340	192841	1	1	1	1	0	40
chr18	196768	197615	1	1	1	1	0	41
chr18	197697	198046	1	1	1	6	0	38
chr18	198133	199201	1	1	1	1	0	16
chr18	204693	209970	1	1	1	2	0	41
chr18	210032	210385	1	1	1	1	0	44
chr18	210494	211132	1	1	1	1	0	14
chr18	218970	223439	2	4	1	1	0	35
chr18	225140	225336	2	2	1	1	0	43
chr18	225404	226800	2	2	1	1	0	32
chr18	226902	246323	2	2	1	1	0	45
chr18	233351	233393	2	4	1	2	0	37
chr18	246456	247848	2	2	1	1	0	11
chr18	247958	252538	2	2	1	2	0	21
chr18	252613	254272	2	2	1	2	0	23
chr18	254356	259179	2	2	1	1	0	23
chr18	265364	265456	2	2	1	1	0	28
chr18	649965	657841	2	2	1	1	0	16
chr18	662321	669071	1	1	1	1	0	36
chr18	693176	693881	2	2	1	1	0	27
chr18	693909	694247	2	2	1	2	0	27
chr18	743098	743259	2	2	1	4	0	46
chr18	2577870	2577968	1	1	1	1	0	15
chr18	2585203	2587829	1	1	1	3	0	40
chr18	2587924	2589203	1	1	1	3	0	43
chr18	2589311	2590017	1	1	1	1	0	15
chr18	2595622	2599018	1	1	1	1	0	28
chr18	2599172	2601395	1	1	1	2	0	16
chr18	2601486	2606414	1	1	1	4	0	40
chr18	2608831	2610758	1	1	1	1	0	11
chr18	2610862	2616436	1	1	1	7	0	33
chr18	2613614	2616436	1	1	1	2	0	19
chr18	2674146	2688393	1	1	1	3	0	40
chr18	2688748	2694526	1	1	1	2	0	17
chr18	2694694	2697031	1	1	1	1	0	6
chr18	2700660	2700734	1	1	1	2	0	23
chr18	2705808	2706363	1	1	1	2	0	34
chr18	2706471	2707562	1	1	1	1	0	15
chr18	2732493	2738396	1	1	1	1	0	14
chr18	2770109	2771532	1	1	1	6	0	42
chr18	2771619	2772249	1	1	1	2	0	40
chr18	2784622	2795948	1	1	1	2	0	10
chr18	2951357	2954503	2	2	1	2	0	44
chr18	3247910	3253232	1	1	1	1	0	11
chr18	3253429	3253888	1	1	1	3	0	41
chr18	3273083	3277252	1	1	1	1	0	5
chr18	3277415	3277764	1	1	1	2	0	41
chr18	3456581	3457364	1	1	1	1	0	3
chr18	3604216	3606553	1	1	1	2	0	13
chr18	3708502	3729134	2	2	1	1	0	23
chr18	6870733	6873408	1	1	1	5	0	21
chr18	6993753	6995356	2	2	1	1	0	4
chr18	6995447	6997741	2	2	1	1	0	22
chr18	6999998	7002263	2	2	1	1	0	23
chr18	9102798	9117837	1	1	1	3	0	38
chr18	9119591	9122512	1	1	1	1	0	11
chr18	9122682	9124873	1	1	1	2	0	13
chr18	9124984	9126830	1	1	1	14	0	44
chr18	9124997	9126830	1	1	1	1	0	22
chr18	9126908	9134185	1	1	1	69	0	45
chr18	9136966	9182381	1	1	1	1	0	21
chr18	9208804	9211583	1	1	1	1	0	41
chr18	9222000	9235637	1	1	1	1	0	42
chr18	9513290	9516844	1	1	1	8	0	45
chr18	9524756	9525719	1	1	1	2	0	44
chr18	9530942	9533334	1	1	1	1	0	14
chr18	9533457	9533702	1	1	1	1	0	16
chr18	9557383	9559418	2	2	1	1	0	16
chr18	9814092	9815115	1	1	1	1	0	34
chr18	9931963	9936109	1	1	1	0	1	45
chr18	9954213	9954480	1	1	1	1	0	23
chr18	10539872	10539987	1	1	1	6	0	43
chr18	10540055	10540328	1	1	1	2	0	18
chr18	10702670	10704393	2	2	1	1	0	32
chr18	10736711	10741030	2	2	1	1	0	45
chr18	10742616	10744141	2	2	1	1	0	4
chr18	10791325	10794771	2	2	1	1	0	33
chr18	11622471	11622500	1	1	1	0	1	22
chr18	12009988	12012169	1	1	1	1	0	8
chr18	12012216	12014264	1	1	1	1	0	35
chr18	12356832	12358669	2	2	1	1	0	3
chr18	12371692	12376968	2	2	1	5	0	43
chr18	12427324	12429349	1	1	1	1	0	14
chr18	12658774	12665064	1	1	1	1	0	12
chr18	12724620	12725438	1	1	1	1	0	13
chr18	12794486	12801969	2	2	1	1	0	42
chr18	12802152	12814202	2	2	1	1	0	35
chr18	12951906	12955462	1	1	1	2	0	32
chr18	12982676	12984039	1	1	1	1	0	14
chr18	13114252	13116373	1	1	1	1	0	23
chr18	13730756	13731475	1	1	1	1	0	29
chr18	13741692	13742487	1	1	1	2	0	18
chr18	13742653	13746219	1	1	1	1	0	6
chr18	20953786	20954782	2	2	1	0	1	16
chr18	20955045	20955166	2	2	1	1	0	27
chr18	20967941	20968771	2	2	1	11	0	44
chr18	20968861	20969114	2	2	1	13	0	37
chr18	20969209	20970347	2	2	1	2	0	40
chr18	20980005	20982762	2	2	1	8	0	45
chr18	20982833	20984350	2	2	1	9	0	46
chr18	20984536	20986949	2	2	1	2	0	24
chr18	20987111	20991175	2	2	1	1	0	34
chr18	20991327	20992830	2	2	1	3	0	34
chr18	20992938	21006350	2	2	1	3	0	20
chr18	21008195	21015430	2	2	1	2	0	31
chr18	21015480	21020150	2	2	1	4	0	26
chr18	21020240	21022444	2	2	1	1	0	33
chr18	21020240	21023619	2	2	1	7	0	42
chr18	21023681	21028775	2	2	1	3	0	43
chr18	21042236	21042564	2	2	1	1	0	28
chr18	21070614	21110817	2	2	1	1	0	12
chr18	21575431	21575671	2	2	1	1	0	11
chr18	21612444	21622724	1	1	1	2	0	35
chr18	21623940	21629061	1	1	1	63	0	43
chr18	22946487	22949617	1	1	1	1	0	24
chr18	22949714	22968805	1	1	1	1	0	15
chr18	22989319	22990936	1	1	1	1	0	31
chr18	22993848	22996373	1	1	1	2	0	21
chr18	22996463	22997619	1	1	1	3	0	35
chr18	22997735	23001585	1	1	1	1	0	9
chr18	23006433	23016827	1	1	1	1	0	21
chr18	23463080	23463966	1	1	1	1	0	22
chr18	23530613	23531624	1	1	1	1	0	46
chr18	23533518	23534445	2	2	1	1	0	12
chr18	23535701	23536672	2	2	1	1	0	7
chr18	23539471	23539810	2	2	1	1	0	37
chr18	23568999	23572073	2	2	1	1	0	25
chr18	24015039	24019859	1	1	1	1	0	13
chr18	24015039	24064139	1	1	1	3	0	33
chr18	24064189	24066011	1	1	1	1	0	25
chr18	24130418	24131881	1	1	1	1	0	25
chr18	24131921	24132484	1	1	1	5	0	30
chr18	24157000	24159471	1	1	1	1	0	36
chr18	24160070	24161515	1	1	1	1	0	10
chr18	24166703	24167328	2	2	1	2	0	46
chr18	24170454	24171408	2	2	1	2	0	43
chr18	24171499	24172375	2	2	1	2	0	23
chr18	24239383	24271621	2	2	1	2	0	5
chr18	24239383	24280841	2	2	1	1	0	17
chr18	24280949	24303636	2	2	1	1	0	41
chr18	24303719	24311983	2	2	1	1	0	39
chr18	24445467	24448092	1	1	1	1	0	32
chr18	24448184	24449818	1	1	1	3	0	38
chr18	26018381	26032398	2	2	1	2	0	28
chr18	26274825	26274930	1	1	1	2	0	19
chr18	26292382	26293425	1	1	1	1	0	42
chr18	26917351	27024115	2	2	1	2	0	24
chr18	26944367	27024115	2	2	1	2	0	8
chr18	27024158	27048464	2	2	1	4	0	39
chr18	27048504	27142688	2	2	1	2	0	3
chr18	28147785	28176962	2	2	1	2	0	19
chr18	31092301	31093558	2	2	1	3	0	25
chr18	31518275	31519802	1	1	1	1	0	20
chr18	31522250	31524447	1	1	1	1	0	20
chr18	31524586	31524702	1	1	1	1	0	40
chr18	31535413	31536201	1	1	1	2	0	26
chr18	31852664	31853848	2	2	1	1	0	7
chr18	31909761	31913368	2	2	1	1	0	36
chr18	32411786	32412881	2	2	1	0	1	4
chr18	35070323	35097445	1	1	1	2	0	6
chr18	35291233	35305975	1	1	1	2	0	10
chr18	35691193	35692180	1	1	1	1	0	20
chr18	35692321	35702896	1	1	1	1	0	44
chr18	35702996	35703508	1	1	1	1	0	7
chr18	35703644	35709623	1	1	1	15	0	41
chr18	35972841	35974895	1	1	1	1	0	29
chr18	35975096	35977409	1	1	1	2	0	29
chr18	36025679	36026899	2	2	1	1	0	4
chr18	36027076	36027183	2	2	1	2	0	44
chr18	36027311	36030807	2	2	1	2	0	25
chr18	36033838	36067253	2	2	1	1	0	37
chr18	36122271	36123494	2	2	1	1	0	7
chr18	36142348	36142825	1	1	1	2	0	24
chr18	36145035	36145947	1	1	1	1	0	3
chr18	36146049	36146249	1	1	1	1	0	22
chr18	36146382	36154849	1	1	1	1	0	27
chr18	36161005	36164474	1	1	1	2	0	17
chr18	36167223	36170062	1	1	1	2	0	29
chr18	36170197	36171046	1	1	1	3	0	21
chr18	36171161	36174484	1	1	1	23	0	38
chr18	36786983	36798448	2	2	1	1	0	25
chr18	36797051	36798448	2	2	1	1	0	14
chr18	36818974	36828682	2	2	1	2	0	21
chr18	41970457	41984944	1	1	1	1	0	15
chr18	45948577	45949483	2	2	1	1	0	35
chr18	46084364	46084503	2	2	1	40	0	44
chr18	46084655	46086112	2	2	1	1	0	21
chr18	46089733	46089822	2	2	1	1	0	15
chr18	46089997	46091681	2	2	1	3	0	31
chr18	46091852	46095052	2	2	1	1	0	38
chr18	46105369	46118180	1	1	1	4	0	14
chr18	46118317	46119925	1	1	1	9	0	31
chr18	46123365	46124821	1	1	1	2	0	26
chr18	46124894	46125743	1	1	1	2	0	40
chr18	46125792	46128074	1	1	1	2	0	14
chr18	46174331	46215810	1	1	1	1	0	8
chr18	47113041	47115131	2	2	1	1	0	24
chr18	47156233	47157435	2	2	1	1	0	19
chr18	47845485	47845662	2	2	1	1	0	14
chr18	47868458	47869242	2	2	1	1	0	35
chr18	47869437	47870474	2	2	1	1	0	27
chr18	49163788	49257009	2	2	1	2	0	35
chr18	49488567	49489358	2	2	1	872	5	46
chr18	49489377	49490802	2	2	1	0	1	13
chr18	49489551	49490453	2	2	1	68	0	43
chr18	49490553	49490792	2	2	1	15	0	44
chr18	49490928	49491404	2	2	1	7	0	40
chr18	49491446	49491531	2	2	1	5	0	32
chr18	49491585	49492457	2	2	1	1	0	22
chr18	49783932	49785196	2	2	1	1	0	36
chr18	49787362	49791469	2	2	1	1	0	38
chr18	49794428	49795764	2	2	1	2	0	42
chr18	49795882	49797465	2	2	1	1	0	5
chr18	50271541	50272676	2	2	1	1	0	13
chr18	50283565	50283704	2	2	1	2	0	34
chr18	50284563	50284731	2	2	1	1	0	22
chr18	50382227	50385215	1	1	1	1	0	9
chr18	50879309	50895808	1	1	1	1	0	21
chr18	50895929	50908062	1	1	1	4	0	43
chr18	50918214	50920455	1	1	1	1	0	13
chr18	50940387	50947016	1	1	1	2	0	35
chr18	51427815	51465406	1	1	1	1	0	14
chr18	54280904	54282836	1	1	1	1	0	34
chr18	54287412	54291832	1	1	1	2	0	36
chr18	54919377	54928799	2	2	1	1	0	30
chr18	55228031	55228220	2	4	1	16	0	44
chr18	55228362	55228846	2	2	1	3	0	39
chr18	55242685	55243208	2	2	1	1	0	33
chr18	56603057	56610992	2	2	1	20	0	36
chr18	56611098	56614423	2	2	1	1	0	33
chr18	56616315	56618003	2	2	1	0	1	4
chr18	56624462	56626360	2	2	1	2	0	44
chr18	57573366	57580072	2	2	1	1	0	3
chr18	57580200	57586553	2	2	1	1	0	10
chr18	57601784	57602354	2	2	1	4	0	38
chr18	57602487	57602811	2	2	1	2	0	45
chr18	57602944	57605856	2	2	1	1	0	36
chr18	57615731	57615816	2	2	1	4	0	7
chr18	57615976	57620568	2	2	1	17	1	43
chr18	57620649	57621707	2	2	1	2	0	27
chr18	57620652	57621707	2	2	1	8	0	29
chr18	58714110	58715934	1	1	1	2	0	21
chr18	58715968	58723047	1	1	1	2	0	33
chr18	58920634	58931645	1	1	1	1	0	40
chr18	58939622	58948066	1	1	1	1	0	40
chr18	58948230	58953517	1	1	1	1	2	32
chr18	58953800	58979054	1	1	1	1	0	34
chr18	58979168	58981469	1	1	1	1	0	25
chr18	59140036	59149512	1	1	1	1	0	25
chr18	59149623	59152535	1	1	1	2	0	17
chr18	59152686	59155687	1	1	1	2	0	16
chr18	59155808	59157607	1	1	1	7	0	33
chr18	59157666	59158631	1	1	1	9	0	39
chr18	59331130	59331417	2	2	1	1	0	22
chr18	59338628	59338759	2	2	1	1	0	44
chr18	59346052	59347512	2	2	1	9	0	46
chr18	59347572	59349112	2	2	1	13	0	45
chr18	59349237	59353201	2	2	1	7	0	45
chr18	59353302	59354518	2	2	1	2	0	32
chr18	62157809	62161132	2	2	1	1	0	5
chr18	62963473	62972513	1	1	1	1	0	28
chr18	63410447	63411466	2	2	1	1	0	42
chr18	63411579	63422232	2	2	1	3	0	43
chr18	68697304	68697931	2	2	1	2	0	39
chr18	70121701	70127501	2	2	1	1	0	42
chr18	70204264	70205127	2	2	1	1	0	40
chr18	70300228	70303698	1	1	1	1	0	30
chr18	74158088	74158170	1	1	1	1	0	36
chr18	74253666	74255740	2	2	1	3	0	21
chr18	74260945	74263348	2	2	1	1	0	31
chr18	76871826	76875491	1	1	1	1	0	22
chr18	76880317	76881283	1	1	1	1	0	33
chr18	79087679	79096475	1	1	1	1	0	3
chr18	79110506	79113240	1	1	1	1	0	9
chr18	79368441	79369436	1	1	1	2	0	38
chr18	79736522	79753651	1	1	1	3	0	44
chr19	580462	580645	1	1	1	1	0	3
chr19	581592	582305	1	1	1	6	0	25
chr19	582331	582513	1	1	1	7	0	25
chr19	582583	582749	1	1	1	10	0	44
chr19	617324	617418	2	2	1	14	1	45
chr19	617481	617569	2	2	1	5	0	33
chr19	617656	617776	2	2	1	3	0	33
chr19	630169	632833	2	2	1	1	0	13
chr19	694504	706955	1	1	1	0	1	33
chr19	871254	871925	2	2	1	1	0	30
chr19	900953	901421	2	2	1	1	0	5
chr19	1032459	1032558	1	1	1	2	0	27
chr19	1032586	1038117	1	3	1	2	0	15
chr19	1088721	1089471	2	2	1	1	0	43
chr19	1090146	1091791	2	2	1	1	0	8
chr19	1094079	1095258	2	2	1	1	0	25
chr19	1105810	1106241	1	1	1	2	0	17
chr19	1106267	1106399	1	1	1	1	0	25
chr19	1106460	1106539	1	1	1	1	0	18
chr19	1181185	1196799	1	1	1	1	0	31
chr19	1207204	1218416	1	1	1	1	0	37
chr19	1221341	1221948	1	1	1	1	0	8
chr19	1222007	1222984	1	1	1	1	0	37
chr19	1241992	1242455	1	1	1	1	0	26
chr19	1244186	1244314	1	1	1	7	0	46
chr19	1244441	1244736	1	1	1	22	0	44
chr19	1258256	1258602	2	2	1	2	0	31
chr19	1258291	1258972	2	2	1	2	0	38
chr19	1271037	1271139	1	1	1	2	0	9
chr19	1271362	1272968	1	3	1	0	1	3
chr19	1274441	1274648	1	1	1	3	0	42
chr19	1355021	1356323	1	1	1	3	0	36
chr19	1393331	1395390	1	1	1	1	0	8
chr19	1421259	1422347	1	1	1	1	0	24
chr19	1422397	1425877	1	1	1	1	0	19
chr19	1432691	1434736	1	1	1	2	0	37
chr19	1438893	1440018	1	1	1	3	0	29
chr19	1440254	1440348	1	1	1	298	0	46
chr19	1440390	1440431	2	2	1	0	1	43
chr19	1598216	1599411	2	2	1	56	0	45
chr19	1611370	1611703	2	2	1	6	0	43
chr19	1611850	1615284	2	2	1	1	0	36
chr19	1615521	1615685	2	2	1	2	0	42
chr19	1918284	1918603	1	1	1	1	0	24
chr19	1980018	1980148	1	1	1	1	0	17
chr19	2037830	2040133	2	2	1	2	0	15
chr19	2040178	2041039	2	2	1	1	0	39
chr19	2109959	2110135	2	2	1	1	0	28
chr19	2113414	2114124	2	2	1	1	0	41
chr19	2114303	2114747	2	2	1	27	0	42
chr19	2114822	2115218	2	2	1	7	0	44
chr19	2115614	2116206	2	2	1	2	0	41
chr19	2245556	2246752	1	1	1	1	0	36
chr19	2246803	2246881	1	1	1	1	0	45
chr19	2271531	2271781	1	1	1	1	0	8
chr19	2271955	2272734	1	1	1	1	0	7
chr19	2272821	2272971	1	1	1	6	0	27
chr19	2321823	2324124	2	2	1	6	0	44
chr19	2324197	2328386	2	2	1	3	0	40
chr19	2427047	2427255	2	2	1	6	0	35
chr19	2427325	2427413	2	2	1	3	0	46
chr19	2428340	2428660	1	1	1	1	0	27
chr19	2428604	2429086	1	3	1	1	0	39
chr19	2430953	2431547	2	2	1	5	0	40
chr19	2431659	2431782	2	2	1	1	0	42
chr19	2541819	2543348	1	3	1	1	0	37
chr19	2734621	2735115	2	4	1	1	0	33
chr19	2997956	3000646	2	2	1	2	0	39
chr19	3002504	3005436	2	2	1	1	0	18
chr19	3054041	3054119	2	2	1	1	0	30
chr19	3207470	3207628	1	1	1	1	0	26
chr19	3478479	3478817	2	2	1	1	0	38
chr19	3498636	3508425	2	2	1	5	0	15
chr19	3534523	3534794	1	1	1	1	0	27
chr19	3544940	3546073	2	2	1	1	0	19
chr19	3574587	3575539	1	1	1	2	0	46
chr19	3578114	3578508	1	1	1	1	0	14
chr19	3751554	3752507	2	2	1	1	0	13
chr19	3976217	3976436	2	2	1	22	0	46
chr19	3976748	3977214	2	2	1	2	0	31
chr19	3977348	3977427	2	2	1	1	0	30
chr19	3977611	3977818	2	2	1	1	0	10
chr19	3978173	3979328	2	2	1	4	0	9
chr19	3979437	3979807	2	2	1	1	0	41
chr19	3980710	3980840	2	2	1	4	0	28
chr19	3981453	3981946	2	2	1	5	0	38
chr19	3982053	3982245	2	2	1	1	0	45
chr19	4097344	4099200	2	2	1	2	0	18
chr19	4268892	4268970	2	4	1	1	0	25
chr19	4324198	4324454	2	2	1	3	0	30
chr19	4324198	4325215	2	2	1	1	0	35
chr19	4324530	4325215	2	2	1	3	0	18
chr19	4357402	4359951	2	4	1	1	0	33
chr19	4359256	4359915	1	1	1	2	0	18
chr19	4422796	4423334	1	1	1	5	0	13
chr19	4428891	4429437	1	1	1	1	0	41
chr19	4433540	4442244	1	1	1	1	0	24
chr19	4450682	4462635	2	2	1	0	1	45
chr19	4488877	4491565	1	1	1	2	0	15
chr19	4496406	4497957	1	1	1	1	0	39
chr19	4499705	4501190	1	1	1	2	0	19
chr19	4501318	4501910	1	1	1	1	0	28
chr19	4664938	4668594	2	2	1	1	0	46
chr19	4769758	4770084	1	1	1	1	0	6
chr19	4838449	4838990	2	2	1	1	0	25
chr19	4932957	4941527	1	1	1	3	0	33
chr19	4950774	4950858	1	1	1	1	0	44
chr19	5218533	5218786	2	2	1	1	0	12
chr19	5218799	5219309	2	2	1	1	0	12
chr19	5595498	5598792	2	2	1	2	0	6
chr19	5598885	5600129	2	2	1	5	0	25
chr19	5604696	5604786	2	2	1	5	0	45
chr19	5604937	5609994	2	2	1	0	2	4
chr19	5623395	5626404	1	1	1	1	0	45
chr19	5641947	5645336	1	1	1	1	0	18
chr19	5645400	5648015	1	1	1	1	0	28
chr19	5648044	5648988	1	1	1	2	0	25
chr19	5653265	5653337	1	1	1	2	0	44
chr19	5653421	5654060	1	1	1	2	0	27
chr19	5654201	5654367	1	1	1	1	0	30
chr19	5661809	5664021	1	1	1	4	0	24
chr19	5664160	5664396	1	1	1	1	0	43
chr19	5667165	5667346	1	1	1	1	0	13
chr19	5667887	5668161	1	1	1	4	0	36
chr19	5678649	5679344	2	2	1	4	0	16
chr19	5679397	5679585	2	2	1	2	0	24
chr19	5690328	5690505	1	1	1	3	0	8
chr19	5690601	5691318	1	1	1	5	0	42
chr19	5691454	5691531	1	1	1	240	0	46
chr19	5692209	5693297	2	2	1	2	0	37
chr19	5694902	5696053	2	2	1	1	0	7
chr19	5699206	5700788	2	2	1	1	0	30
chr19	5785276	5785382	2	2	1	17	0	45
chr19	5785512	5785602	2	2	1	2	0	13
chr19	5894855	5896452	2	2	1	19	0	45
chr19	5896576	5896904	2	2	1	2	0	15
chr19	5923304	5923811	2	2	1	1	0	4
chr19	6364624	6368719	2	4	1	1	0	25
chr19	6364640	6366257	1	1	1	2	0	35
chr19	6366364	6368537	1	1	1	1	0	31
chr19	6373025	6374202	1	1	1	1	0	19
chr19	6374590	6374810	1	1	1	4	0	27
chr19	6380486	6380572	2	2	1	1	0	43
chr19	6381479	6381553	2	2	1	2	0	29
chr19	6392904	6392983	2	2	1	1	0	29
chr19	6413550	6415379	2	2	1	0	1	4
chr19	6416408	6416489	2	2	1	1	0	3
chr19	6417088	6417738	2	2	1	1	0	42
chr19	6466610	6466950	1	1	1	1	0	34
chr19	6748872	6751360	2	2	1	0	2	4
chr19	6854099	6857053	1	1	1	1	0	40
chr19	7472004	7472300	2	2	1	1	0	31
chr19	7559152	7560647	1	1	1	1	0	33
chr19	7617662	7617751	1	1	1	1	0	32
chr19	7619648	7619746	2	2	1	12	0	45
chr19	7619857	7619945	2	2	1	2	0	38
chr19	7629861	7630572	1	1	1	3	0	30
chr19	7630660	7630822	1	1	1	24	0	24
chr19	7630847	7631472	1	1	1	50	0	26
chr19	7647512	7647724	1	1	1	5	0	39
chr19	7790227	7799584	1	1	1	1	0	45
chr19	7911331	7911435	1	1	1	1	0	10
chr19	7938198	7941101	2	2	1	10	0	44
chr19	7941198	7943606	2	2	1	2	0	30
chr19	8245405	8245828	2	2	1	1	0	44
chr19	8261845	8261929	1	1	1	1	0	45
chr19	8311596	8316495	2	2	1	4	0	45
chr19	8316646	8320856	2	2	1	1	0	27
chr19	8321570	8321655	1	1	1	4	0	40
chr19	8321704	8321952	1	1	1	7	1	38
chr19	8322092	8322271	1	1	1	116	35	45
chr19	8445112	8455404	1	1	1	3	0	34
chr19	8455575	8462528	1	1	1	2	0	44
chr19	8462582	8463496	1	1	1	4	0	8
chr19	8463505	8463592	1	1	1	3	0	8
chr19	8463687	8465323	1	1	1	3	0	40
chr19	8465363	8465479	1	1	1	1	0	3
chr19	8465516	8466234	1	1	1	4	0	45
chr19	8466389	8467534	1	1	1	2	0	8
chr19	8468835	8471325	1	1	1	5	0	44
chr19	8471428	8473663	1	1	1	6	1	42
chr19	8471428	8474166	1	1	1	0	1	4
chr19	8473709	8474166	1	1	1	3	0	31
chr19	8483212	8485602	1	1	1	1	0	38
chr19	8486406	8487023	1	1	1	1	0	14
chr19	8487076	8488690	1	1	1	1	0	26
chr19	9297480	9297879	2	4	1	2	0	45
chr19	9567110	9568094	2	2	1	2	0	32
chr19	9568176	9569001	2	2	1	1	0	40
chr19	9632418	9633459	1	1	1	1	0	6
chr19	9770608	9770743	2	2	1	1	0	23
chr19	9827985	9828326	1	1	1	1	0	32
chr19	9828394	9828591	1	1	1	3	0	36
chr19	9828676	9828836	1	1	1	41	0	38
chr19	9828875	9829964	1	1	1	79	0	39
chr19	9838649	9848029	1	1	1	1	0	14
chr19	9849312	9849532	1	1	1	2	0	11
chr19	10107607	10107803	1	1	1	1	0	20
chr19	10107855	10107963	1	1	1	1	0	21
chr19	10110615	10110696	1	1	1	1	0	4
chr19	10115130	10115478	2	2	1	58	0	44
chr19	10115586	10115683	2	2	1	10	0	40
chr19	10116075	10116799	2	2	1	1	0	14
chr19	10118957	10119087	2	2	1	1	0	44
chr19	10119172	10119653	2	2	1	2	0	31
chr19	10119701	10119839	2	2	1	2	0	32
chr19	10135853	10136120	2	2	1	1	0	12
chr19	10149969	10151397	2	2	1	1	0	21
chr19	10151546	10151749	2	2	1	2	0	37
chr19	10163361	10166597	2	2	1	1	0	26
chr19	10173175	10173870	2	2	1	11	0	35
chr19	10173906	10175539	2	2	1	18	0	35
chr19	10175619	10177291	2	2	1	13	0	45
chr19	10177368	10180186	2	2	1	3	0	19
chr19	10177368	10180349	2	2	1	2	0	22
chr19	10180886	10182040	2	2	1	1	0	6
chr19	10252464	10252550	1	1	1	1	0	13
chr19	10256826	10258221	1	1	1	2	0	7
chr19	10334060	10334159	2	2	1	1	0	13
chr19	10391707	10393085	2	2	1	2	0	22
chr19	10396204	10403377	2	2	1	1	0	28
chr19	10654488	10670515	1	1	1	1	0	40
chr19	10671204	10671357	1	1	1	1	0	27
chr19	10671536	10677162	1	1	1	2	0	5
chr19	10677311	10678612	1	1	1	1	0	37
chr19	10678705	10679096	1	1	1	1	0	25
chr19	10679193	10679815	1	1	1	2	0	29
chr19	10679928	10680345	1	1	1	1	0	17
chr19	10679928	10681018	1	1	1	1	1	37
chr19	10680391	10681100	2	2	1	1	0	35
chr19	10680444	10681018	1	1	1	8	1	44
chr19	10681131	10681218	1	1	1	14	0	41
chr19	10681131	10681223	1	1	1	1	0	40
chr19	10683971	10687345	1	1	1	1	0	27
chr19	10702255	10706709	1	1	1	1	0	4
chr19	10707381	10707499	1	1	1	1	0	37
chr19	10712300	10712552	1	1	1	1	0	30
chr19	10713041	10713117	1	1	1	3	0	36
chr19	10808207	10808496	2	2	1	3	0	29
chr19	10909208	10912183	1	1	1	1	0	10
chr19	10912295	10913876	1	1	1	1	0	35
chr19	10956527	10997341	1	1	1	0	1	45
chr19	10995002	10996212	1	1	1	49	0	46
chr19	10996381	10996493	1	1	1	1	0	5
chr19	10996545	11003028	1	1	1	1	0	27
chr19	11035133	11041306	1	1	1	1	0	8
chr19	11058364	11058787	1	1	1	1	0	8
chr19	11060188	11061783	1	1	1	1	0	8
chr19	11200470	11200715	2	2	1	2	0	38
chr19	11345416	11345519	2	2	1	1	0	3
chr19	11438125	11441239	1	1	1	1	0	23
chr19	11449429	11450645	1	1	1	1	0	34
chr19	11903700	11903904	1	1	1	1	0	8
chr19	12092471	12110304	1	1	1	2	0	16
chr19	12147456	12147675	2	2	1	1	0	24
chr19	12147803	12156555	2	2	1	2	0	22
chr19	12271978	12274972	2	2	1	1	0	21
chr19	12527917	12528303	2	2	1	1	0	43
chr19	12646733	12647232	2	2	1	2	0	43
chr19	12675887	12677113	1	1	1	1	0	27
chr19	12675934	12676016	2	2	1	1	0	3
chr19	12677212	12677290	2	2	1	1	0	44
chr19	12686831	12686874	1	3	1	1	0	38
chr19	12731069	12731343	2	2	1	1	0	8
chr19	12747593	12747972	1	1	1	1	0	40
chr19	12796873	12797010	1	1	1	1	2	16
chr19	12797167	12799858	2	2	1	3	0	36
chr19	12797801	12799340	1	1	1	1	0	32
chr19	12799990	12800176	2	2	1	1	0	33
chr19	12800300	12800915	2	2	1	2	0	7
chr19	12807330	12807418	1	1	1	1	0	32
chr19	12810417	12813505	1	1	1	1	0	21
chr19	12813207	12813327	1	1	1	4	0	39
chr19	12897864	12899467	1	1	1	1	0	40
chr19	12897864	12900233	1	1	1	1	0	16
chr19	12900319	12900639	1	1	1	1	0	35
chr19	12930528	12930611	2	2	1	1	0	39
chr19	12940148	12940242	1	1	1	1	0	35
chr19	12940655	12940743	1	1	1	1	0	8
chr19	12940888	12943536	1	1	1	4	1	37
chr19	12940976	12943536	1	1	1	0	1	3
chr19	12943630	12943712	1	1	1	9	0	37
chr19	12944224	12944323	2	2	1	8	3	7
chr19	12948814	12949080	1	1	1	1	0	13
chr19	12952854	12952935	1	1	1	5	0	40
chr19	12954527	12956862	2	2	1	1	0	41
chr19	13105082	13105266	2	2	1	13	0	39
chr19	13105397	13105486	2	2	1	1	0	35
chr19	13115467	13115625	2	2	1	1	0	5
chr19	13139948	13141020	2	2	1	0	5	7
chr19	13140742	13140991	2	2	1	1	0	36
chr19	13732286	13741840	1	1	1	1	0	23
chr19	13960581	13960939	1	1	1	2	0	20
chr19	13961117	13961359	2	4	1	1	0	39
chr19	14183698	14205984	2	2	1	1	0	8
chr19	14408953	14409036	2	2	1	27	0	46
chr19	14409185	14409302	2	2	1	1	0	39
chr19	14410335	14410988	2	2	1	2	0	38
chr19	14450464	14450895	1	1	1	1	0	36
chr19	14470646	14471747	2	4	1	1	0	39
chr19	14564288	14564785	1	1	1	1	0	10
chr19	14564836	14565875	0	0	1	0	3	35
chr19	14565291	14565617	1	1	1	3	0	43
chr19	14565664	14565743	1	1	1	2	0	12
chr19	14566266	14566764	2	2	1	15	0	42
chr19	14566934	14571888	2	2	1	2	0	24
chr19	15165516	15165786	2	2	1	1	0	20
chr19	15166092	15167248	2	2	1	3	0	21
chr19	15244601	15244709	2	2	1	1	0	7
chr19	15244763	15254151	2	2	1	1	0	32
chr19	15256264	15256963	2	2	1	28	0	41
chr19	15263549	15264403	2	2	1	1	0	12
chr19	15362252	15368234	2	2	1	1	0	26
chr19	15368323	15370145	2	2	1	1	0	14
chr19	15401044	15401149	2	2	1	1	0	35
chr19	15410595	15418910	2	2	1	1	0	26
chr19	16078617	16078655	2	4	1	1	0	22
chr19	16082047	16086422	1	1	1	1	0	30
chr19	16086541	16088026	1	1	1	3	0	41
chr19	16088098	16089044	1	1	1	5	0	33
chr19	16089121	16093535	1	1	1	2	0	31
chr19	16093599	16093683	1	1	1	4	0	37
chr19	16093754	16101263	1	1	1	0	1	18
chr19	16118287	16121749	1	1	1	2	0	23
chr19	16121811	16125469	1	1	1	2	0	8
chr19	16125548	16127436	1	1	1	1	0	29
chr19	16127527	16128025	1	1	1	7	0	42
chr19	16128092	16129553	1	1	1	1	0	21
chr19	16413846	16417551	2	2	1	3	0	8
chr19	16434491	16436936	2	2	1	1	0	16
chr19	16441982	16442177	2	2	1	2	0	16
chr19	16847114	16851411	1	1	1	2	0	22
chr19	16865649	16866372	1	1	1	1	0	36
chr19	17095883	17099162	2	4	1	0	1	16
chr19	17186002	17187934	1	1	1	1	0	23
chr19	17200427	17200638	1	1	1	1	0	15
chr19	17219388	17219630	1	1	1	1	0	14
chr19	17276910	17279196	1	1	1	2	0	32
chr19	17403327	17403679	2	2	1	1	0	44
chr19	17517390	17517709	1	1	1	1	0	24
chr19	17579610	17580698	1	1	1	1	0	5
chr19	17719621	17720935	1	1	1	1	0	19
chr19	17733429	17734272	1	1	1	2	0	41
chr19	17859975	17861292	1	1	1	0	4	21
chr19	17861473	17862093	1	1	1	4	0	35
chr19	17862224	17862917	1	1	1	22	0	45
chr19	17863028	17863170	1	1	1	388	1	46
chr19	18195087	18195998	1	1	1	1	0	5
chr19	18307556	18309677	2	2	1	1	0	44
chr19	18309862	18312603	2	2	1	2	0	30
chr19	18433044	18433134	1	1	1	3	0	5
chr19	18433214	18433584	1	1	1	3	0	4
chr19	18435118	18435265	2	2	1	1	0	27
chr19	18435484	18435562	2	2	1	1	0	13
chr19	18446481	18446747	2	2	1	1	0	41
chr19	18531919	18537600	2	2	1	1	0	22
chr19	18532256	18532663	2	2	1	1	0	39
chr19	18532796	18533269	2	2	1	0	1	28
chr19	18533348	18537600	2	2	1	1	0	30
chr19	18539460	18539550	2	2	1	2	0	19
chr19	18568781	18569220	1	1	1	4	0	45
chr19	18573404	18573661	1	1	1	1	0	11
chr19	18573749	18574869	1	1	1	5	0	24
chr19	18574973	18575056	1	1	1	43	0	46
chr19	18590934	18592107	1	1	1	1	0	32
chr19	18854961	18855599	1	1	1	1	0	22
chr19	18865779	18866043	1	1	1	1	0	7
chr19	18866167	18866520	1	3	1	2	0	37
chr19	18878099	18878929	2	2	1	2	0	13
chr19	18899727	18899872	2	2	1	13	0	39
chr19	18900450	18903267	2	2	1	1	0	33
chr19	18903424	18904770	2	2	1	3	0	9
chr19	18995281	19001612	2	2	1	1	0	42
chr19	19001675	19004167	2	2	1	1	0	23
chr19	19135707	19136553	1	3	1	2	0	16
chr19	19146649	19146741	2	2	1	1	0	12
chr19	19197252	19197520	1	1	1	1	0	27
chr19	19197622	19198106	1	1	1	1	0	6
chr19	19199235	19201648	1	1	1	5	0	33
chr19	19201564	19201930	2	2	1	1	0	8
chr19	19276675	19276946	2	2	1	6	0	40
chr19	19465615	19492305	1	1	1	2	0	26
chr19	19496220	19498442	1	1	1	1	0	6
chr19	19516333	19526181	1	1	1	3	0	28
chr19	19516333	19528006	1	1	1	1	0	18
chr19	19527353	19527700	1	1	1	9	0	46
chr19	19527771	19528006	1	1	1	64	0	45
chr19	19668208	19677863	1	1	1	1	0	25
chr19	19680555	19680855	1	1	1	3	0	3
chr19	19866000	19878480	1	1	1	1	0	28
chr19	19916656	19933181	1	1	1	2	0	42
chr19	20104366	20105220	1	1	1	1	0	29
chr19	20186083	20196963	1	1	1	1	0	33
chr19	20228484	20238287	2	2	1	3	0	24
chr19	20399039	20408949	2	2	1	1	0	36
chr19	20472518	20620981	1	1	1	3	0	23
chr19	20645780	20646278	2	2	1	1	0	5
chr19	20696629	20703997	2	2	1	0	2	43
chr19	21375365	21375868	1	1	1	2	0	18
chr19	21375965	21377388	1	1	1	3	0	21
chr19	21405256	21405757	1	1	1	3	0	45
chr19	21443124	21443506	2	2	1	1	0	38
chr19	21449027	21454382	2	2	1	1	0	16
chr19	21809808	21817887	2	2	1	2	0	30
chr19	23134207	23135947	1	1	1	1	0	13
chr19	23153938	23197773	1	3	1	2	0	41
chr19	23224019	23231265	2	2	1	1	0	20
chr19	23231362	23232166	2	2	1	1	0	23
chr19	23403494	23403719	2	2	1	2	0	28
chr19	23403748	23404950	2	2	1	3	0	26
chr19	23403748	23415893	2	2	1	1	0	26
chr19	24106644	24126253	1	1	1	1	0	42
chr19	27721816	27732795	2	2	1	1	0	44
chr19	28627347	28627512	2	4	1	1	0	46
chr19	29611940	29612116	1	1	1	1	0	36
chr19	29613973	29615243	1	1	1	1	0	39
chr19	29827391	29828505	2	2	1	0	1	25
chr19	29985302	29986281	1	1	1	2	0	31
chr19	29986418	30005360	1	1	1	1	0	38
chr19	30009354	30011093	1	1	1	1	0	8
chr19	30011237	30012284	1	1	1	3	0	27
chr19	30012532	30014886	1	1	1	1	0	11
chr19	30012532	30015535	1	1	1	11	0	44
chr19	31420496	31421110	1	1	1	1	0	42
chr19	32406303	32408216	1	1	1	2	0	19
chr19	32411373	32415752	1	1	1	1	0	37
chr19	32458510	32463365	1	1	1	1	0	33
chr19	32581328	32582194	1	1	1	2	0	38
chr19	32582233	32584949	1	1	1	3	0	16
chr19	32585012	32585815	1	1	1	2	0	45
chr19	32585908	32586857	1	1	1	10	0	41
chr19	32586930	32587252	1	1	1	60	0	46
chr19	32598379	32599703	2	2	1	1	0	10
chr19	32599777	32599971	2	2	1	1	0	6
chr19	32926274	32931428	2	2	1	1	0	25
chr19	32933670	32937630	2	2	1	4	0	25
chr19	32937674	32939856	2	2	1	5	0	29
chr19	32939886	32948265	2	2	1	4	0	29
chr19	32980257	32990513	2	2	1	1	2	41
chr19	33028271	33031373	2	2	1	1	0	23
chr19	33088269	33090779	1	1	1	1	0	13
chr19	33114951	33117824	1	1	1	1	0	40
chr19	33391480	33401720	2	2	1	1	0	6
chr19	33490058	33493289	2	2	1	1	0	18
chr19	33493338	33500937	2	2	1	1	0	26
chr19	33809746	33810554	2	2	1	1	0	43
chr19	33813926	33814009	1	3	1	2	0	3
chr19	34215662	34219390	1	1	1	3	0	39
chr19	34235401	34235445	2	2	1	1	0	26
chr19	34254615	34299678	1	1	1	1	0	32
chr19	34366436	34366782	1	1	1	1	0	28
chr19	34368703	34377502	1	1	1	1	0	36
chr19	34396658	34399206	1	1	1	1	0	24
chr19	34401454	34402041	2	2	1	1	0	19
chr19	34421668	34425989	1	1	1	6	0	36
chr19	34428571	34430575	1	1	1	2	0	21
chr19	34452148	34454259	1	1	1	1	0	24
chr19	34454354	34454443	1	1	1	2	0	13
chr19	34464132	34466877	1	1	1	1	0	18
chr19	34683239	34683991	1	1	1	2	0	44
chr19	35011555	35013255	1	1	1	1	0	46
chr19	35160802	35164155	1	1	1	1	0	34
chr19	35164246	35166141	1	1	1	1	0	18
chr19	35166172	35166250	1	1	1	1	0	30
chr19	35267735	35267823	1	1	1	61	0	44
chr19	35278793	35278945	1	1	1	1	0	17
chr19	35500030	35500532	2	2	1	1	0	19
chr19	35500581	35502135	2	2	1	1	0	25
chr19	35503448	35505717	2	2	1	12	0	45
chr19	35505766	35505938	2	2	1	3	0	27
chr19	35505987	35510183	2	2	1	1	0	17
chr19	35547030	35547118	1	1	1	2	0	13
chr19	35547241	35547323	1	1	1	8	0	26
chr19	35575933	35581851	1	1	1	2	0	10
chr19	35651350	35654570	1	1	1	4	0	41
chr19	35654672	35658593	1	1	1	37	0	45
chr19	35713272	35713785	2	2	1	1	0	33
chr19	35745213	35745347	2	2	1	1	0	11
chr19	35745992	35746418	1	1	1	1	0	36
chr19	35746524	35746707	1	1	1	1	0	11
chr19	35754320	35754392	1	1	1	1	0	24
chr19	35759992	35762018	1	1	1	1	0	13
chr19	35878109	35878426	1	1	1	1	0	18
chr19	36003521	36003612	2	2	1	6	0	38
chr19	36003672	36005332	2	2	1	2	0	5
chr19	36005438	36006422	2	2	1	1	0	22
chr19	36006672	36008216	2	2	1	1	0	12
chr19	36113818	36114014	2	2	1	49	0	46
chr19	36114067	36114176	2	2	1	31	0	43
chr19	36114252	36114338	2	2	1	7	0	33
chr19	36114413	36114658	2	2	1	5	0	15
chr19	36114714	36114797	2	2	1	4	0	24
chr19	36120807	36121526	1	1	1	1	0	19
chr19	36121719	36125450	1	1	1	1	0	39
chr19	36143129	36145805	1	1	1	2	0	7
chr19	36145875	36145975	1	1	1	4	0	29
chr19	36146055	36146195	1	1	1	2	0	33
chr19	36215156	36228747	1	1	1	1	0	20
chr19	36215190	36228747	1	1	1	1	0	13
chr19	36218196	36228747	1	1	1	1	0	36
chr19	36228820	36235658	1	1	1	1	0	7
chr19	36312445	36312521	1	3	1	1	0	3
chr19	36322031	36330252	2	2	1	1	0	12
chr19	36405673	36407886	2	2	1	1	0	8
chr19	36525374	36528218	2	2	1	1	0	37
chr19	36610743	36626129	1	1	1	1	0	20
chr19	36773310	36775385	1	1	1	1	0	5
chr19	36825693	36838336	2	2	1	2	0	21
chr19	38102407	38102519	1	3	1	1	0	19
chr19	38106641	38110226	1	1	1	2	0	26
chr19	38165858	38166364	1	1	1	1	0	27
chr19	38251355	38256263	2	2	1	1	0	41
chr19	38304491	38304623	1	1	1	2	0	27
chr19	38304687	38304844	1	1	1	5	0	45
chr19	38307522	38307596	2	2	1	1	0	24
chr19	38309058	38309223	2	2	1	0	1	35
chr19	38374962	38376159	1	1	1	1	0	41
chr19	38376233	38376351	1	1	1	1	0	21
chr19	38382229	38383252	1	1	1	7	0	43
chr19	38405636	38408750	1	1	1	1	0	29
chr19	38469141	38469304	1	1	1	1	0	10
chr19	38505399	38505805	1	1	1	3	0	39
chr19	38586577	38587324	1	1	1	1	0	19
chr19	38587818	38593281	2	2	1	3	0	38
chr19	38626103	38632429	1	1	1	1	0	12
chr19	38632497	38632600	1	1	1	5	0	44
chr19	38632679	38634992	1	1	1	16	0	45
chr19	38635119	38636888	1	1	1	71	0	46
chr19	38701122	38704933	1	1	1	1	0	19
chr19	38709477	38711275	1	1	1	1	0	23
chr19	38717317	38717926	1	1	1	1	0	17
chr19	38724340	38724430	1	1	1	1	0	11
chr19	38724503	38730392	2	4	1	1	0	24
chr19	38727104	38729969	1	1	1	1	1	16
chr19	38729548	38730379	1	1	1	1	0	15
chr19	38815718	38815856	2	2	1	2	0	28
chr19	38836781	38837383	2	2	1	10	0	41
chr19	38837480	38837593	2	2	1	1	0	7
chr19	38837652	38838396	2	2	1	2	0	27
chr19	38839016	38840095	2	2	1	1	0	15
chr19	38840377	38840487	2	2	1	1	0	24
chr19	38900212	38905014	1	1	1	1	0	11
chr19	38907660	38908730	1	1	1	4	0	44
chr19	38915352	38917773	0	0	1	3	0	46
chr19	38917834	38917920	2	4	1	1	0	6
chr19	39433419	39433521	2	2	1	89	0	45
chr19	39433419	39433664	2	2	1	1	0	17
chr19	39433570	39433664	2	2	1	11	0	46
chr19	39433762	39435606	2	2	1	7	0	43
chr19	39486292	39486396	1	1	1	3	0	4
chr19	39488646	39489718	1	1	1	9	1	45
chr19	39504289	39505228	1	1	1	1	0	21
chr19	39834558	39834769	1	1	1	1	0	41
chr19	39834563	39834667	2	2	1	163	1	45
chr19	39834814	39836555	2	2	1	16	0	44
chr19	39836669	39837710	2	2	1	1	0	3
chr19	39837844	39839034	2	2	1	2	0	28
chr19	39840328	39840413	2	2	1	2	0	38
chr19	39840516	39840616	2	2	1	2	0	3
chr19	39840516	39840619	2	2	1	1	0	27
chr19	39840788	39846290	2	2	1	4	0	12
chr19	39936409	39942657	1	1	1	0	2	3
chr19	39972245	39972368	1	1	1	1	0	3
chr19	39974634	39974734	1	1	1	1	0	21
chr19	39980147	39980285	1	1	1	1	0	34
chr19	39980455	39980661	1	1	1	6	0	43
chr19	39980718	39981191	1	1	1	3	0	37
chr19	40353940	40364885	1	3	1	1	0	25
chr19	40354621	40359145	1	1	1	0	1	4
chr19	40370029	40370109	1	1	1	1	0	15
chr19	40406888	40407127	2	4	1	1	0	38
chr19	40440949	40441093	1	1	1	1	0	35
chr19	40658986	40680530	2	2	1	0	1	38
chr19	40700175	40700309	2	2	1	1	0	5
chr19	40755045	40756568	2	4	1	1	0	27
chr19	40763676	40765007	1	1	1	1	0	40
chr19	40806675	40807137	1	1	1	1	0	33
chr19	40807275	40807483	1	1	1	1	0	24
chr19	40807552	40807808	1	1	1	1	0	24
chr19	41207223	41207360	2	2	1	1	0	19
chr19	41294461	41294557	1	1	1	1	0	34
chr19	41294687	41301535	1	1	1	1	0	21
chr19	41387604	41389764	2	2	1	1	0	28
chr19	41860290	41860774	1	1	1	7	0	35
chr19	41860846	41861111	1	1	1	11	0	44
chr19	41861213	41869030	1	1	1	11	1	44
chr19	41869215	41869698	1	1	1	654	0	45
chr19	41869754	41871350	1	1	1	696	4	46
chr19	41956935	41957017	2	2	1	5	0	16
chr19	41957120	41958285	2	2	1	5	0	41
chr19	41958384	41958735	2	2	1	1	0	14
chr19	42005949	42006644	2	2	1	1	0	17
chr19	42247688	42248032	1	3	1	1	0	29
chr19	42295146	42295644	2	2	1	1	0	33
chr19	43506903	43507943	2	2	1	2	0	40
chr19	43543506	43543611	2	2	1	4	0	43
chr19	43543688	43544143	2	2	1	2	0	36
chr19	43576217	43580364	2	2	1	1	0	33
chr19	43581704	43581867	1	1	1	2	0	44
chr19	43607613	43607874	2	4	1	1	0	36
chr19	44794282	44800380	1	1	1	3	0	43
chr19	44800451	44800550	1	1	1	2	0	41
chr19	44872150	44873915	1	1	1	1	0	12
chr19	44886597	44887519	2	4	1	1	0	38
chr19	44893882	44893960	1	1	1	4	0	38
chr19	44905842	44906601	1	1	1	1	0	15
chr19	44907953	44908532	1	1	1	2	0	27
chr19	44916326	44919172	1	1	1	22	0	44
chr19	44955468	44961962	1	1	1	1	0	12
chr19	44978264	44999260	1	1	1	1	0	30
chr19	45070105	45070536	1	1	1	12	0	25
chr19	45070562	45070802	1	1	1	15	0	25
chr19	45351722	45352208	2	2	1	3	0	42
chr19	45352353	45352505	2	2	1	1	0	37
chr19	45409726	45413676	2	2	1	6	0	44
chr19	45409726	45416820	2	2	1	1	0	32
chr19	45413746	45413962	2	2	1	1	0	35
chr19	45414035	45414860	2	2	1	1	0	25
chr19	45420428	45421177	2	2	1	1	0	32
chr19	45523878	45524096	1	1	1	1	0	7
chr19	45524143	45524569	1	1	1	1	0	39
chr19	45524661	45525945	1	1	1	1	0	18
chr19	45526004	45526139	1	1	1	1	0	16
chr19	45687728	45688386	2	2	1	14	0	41
chr19	45688567	45691886	2	2	1	2	0	6
chr19	46312974	46313939	1	3	1	1	0	12
chr19	46608982	46609124	1	1	1	5	0	37
chr19	46674736	46675032	2	2	1	1	0	13
chr19	46675119	46678395	2	2	1	2	0	18
chr19	46694134	46697156	2	2	1	1	0	29
chr19	46720339	46720535	2	2	1	2	0	5
chr19	46725380	46725472	2	2	1	1	0	38
chr19	46730874	46733038	2	2	1	1	0	9
chr19	46736902	46738163	2	2	1	2	0	26
chr19	46775045	46775295	1	1	1	1	0	23
chr19	46777406	46778674	2	2	1	1	0	29
chr19	46784145	46784516	2	2	1	1	0	32
chr19	46832138	46833718	1	3	1	1	0	19
chr19	46846143	46850763	2	2	1	1	0	14
chr19	46922357	46937263	1	1	1	1	0	13
chr19	46923228	46923811	2	2	1	1	0	40
chr19	47046253	47046592	2	2	1	2	0	43
chr19	47144999	47170673	1	1	1	1	0	21
chr19	47150376	47152897	1	1	1	1	0	37
chr19	47153041	47155113	1	1	1	2	0	25
chr19	47156169	47156376	1	3	1	1	0	26
chr19	47169924	47176214	1	1	1	1	0	14
chr19	47169924	47197232	1	1	1	2	0	9
chr19	47260840	47264602	1	1	1	1	0	7
chr19	47475545	47476114	2	2	1	1	0	18
chr19	47751591	47752511	1	1	1	1	0	29
chr19	47755524	47755755	1	1	1	2	0	28
chr19	47755823	47756527	1	1	1	20	0	45
chr19	47756605	47756687	1	1	1	69	0	46
chr19	47756745	47756998	1	1	1	81	0	45
chr19	47781183	47781289	1	1	1	1	0	28
chr19	47781389	47784289	1	1	1	1	0	8
chr19	48115733	48115872	2	2	1	1	0	37
chr19	48115966	48117637	2	2	1	2	0	17
chr19	48150211	48151231	2	2	1	2	0	38
chr19	48329493	48330300	1	1	1	2	0	41
chr19	48331944	48337482	1	1	1	1	0	35
chr19	48446193	48446384	1	1	1	1	0	33
chr19	48450527	48450665	1	1	1	1	0	25
chr19	48472444	48473297	1	1	1	1	0	20
chr19	48615448	48615876	2	2	1	236	0	46
chr19	48615929	48616725	2	2	1	1	0	20
chr19	48615947	48616078	2	2	1	71	0	44
chr19	48616203	48616725	2	2	1	6	0	43
chr19	48616825	48617315	2	2	1	1	0	26
chr19	48617424	48617790	2	2	1	3	0	31
chr19	48638145	48638887	2	2	1	13	0	45
chr19	48797023	48797190	2	2	1	1	0	33
chr19	48905886	48911148	1	1	1	1	0	15
chr19	48919287	48921153	1	1	1	1	0	35
chr19	48921933	48922317	1	1	1	1	0	17
chr19	48944508	48944823	1	1	1	1	0	28
chr19	48960915	48961531	1	1	1	2	0	44
chr19	48965610	48965769	1	1	1	4	0	42
chr19	48965917	48966280	1	1	1	5	0	29
chr19	48966407	48966582	1	1	1	27	0	45
chr19	49010067	49010487	1	1	1	2	0	43
chr19	49010612	49010998	1	1	1	1	0	10
chr19	49014604	49015020	1	1	1	2	0	34
chr19	49015151	49015571	1	1	1	5	0	39
chr19	49015687	49015816	1	1	1	78	0	44
chr19	49015687	49015819	1	1	1	4	0	32
chr19	49086562	49090290	1	1	1	1	0	45
chr19	49098492	49098641	1	1	1	1	0	10
chr19	49098705	49101389	1	1	1	1	0	16
chr19	49101472	49104633	1	1	1	2	0	15
chr19	49104736	49107624	1	1	1	1	0	14
chr19	49108598	49127590	2	2	1	1	0	27
chr19	49114968	49115259	1	1	1	1	0	32
chr19	49118019	49118351	1	1	1	2	0	43
chr19	49149326	49149546	1	1	1	1	0	21
chr19	49152804	49169513	2	2	1	1	0	13
chr19	49325265	49492159	1	1	1	3	0	18
chr19	49446424	49446550	2	2	1	25	0	46
chr19	49447468	49447826	2	2	1	1	0	9
chr19	49487645	49489849	1	1	1	0	2	22
chr19	49489923	49490231	1	1	1	2	0	8
chr19	49490298	49490474	1	1	1	8	0	34
chr19	49490577	49490778	1	1	1	5	0	30
chr19	49490865	49491039	1	1	1	18	0	27
chr19	49491100	49491424	1	1	1	67	1	46
chr19	49491548	49491728	1	1	1	696	3	46
chr19	49491548	49491730	1	1	1	1	0	42
chr19	49496472	49497193	1	1	1	2	0	30
chr19	49497326	49497519	1	1	1	1	0	10
chr19	49497596	49497916	1	1	1	7	0	41
chr19	49498047	49499511	1	1	1	104	0	45
chr19	49555823	49556316	2	2	1	30	0	45
chr19	49556426	49556548	2	2	1	2	0	34
chr19	49560040	49560621	2	2	1	1	0	27
chr19	49616079	49626235	2	2	1	1	0	46
chr19	49635404	49635829	1	3	1	1	0	27
chr19	49659834	49660712	2	2	1	2	0	17
chr19	49660829	49661947	2	2	1	1	0	12
chr19	49669116	49670215	1	1	1	1	0	18
chr19	49670489	49673697	1	1	1	5	0	32
chr19	49682066	49682195	1	1	1	2	0	36
chr19	49682260	49683926	1	1	1	1	0	19
chr19	49684842	49684921	1	1	1	2	0	45
chr19	49685038	49686092	1	1	1	1	0	35
chr19	49686244	49686604	1	1	1	2	0	12
chr19	49686727	49688161	1	1	1	5	0	45
chr19	49701635	49702476	1	1	1	1	0	22
chr19	49712850	49712971	1	1	1	1	0	32
chr19	49803006	49803106	1	1	1	1	0	39
chr19	49806254	49806680	1	1	1	1	0	30
chr19	49821312	49822226	0	0	1	3	0	34
chr19	49836407	49836846	1	1	1	3	0	41
chr19	49855078	49856974	1	1	1	1	0	14
chr19	49856702	49857843	1	1	1	1	0	43
chr19	49858115	49858548	1	1	1	1	0	19
chr19	49858654	49859985	1	1	1	2	0	25
chr19	49860184	49860267	1	1	1	13	0	45
chr19	49860337	49860613	1	1	1	30	0	45
chr19	49861366	49861448	2	2	1	2	0	29
chr19	49888318	49888423	1	1	1	2	0	40
chr19	49902508	49904198	2	2	1	1	0	41
chr19	49913915	49919286	1	3	1	1	0	29
chr19	49979243	49980954	2	2	1	1	0	41
chr19	50098971	50102036	1	1	1	0	1	32
chr19	50098971	50105099	1	1	1	0	1	32
chr19	50098971	50110443	1	1	1	0	1	32
chr19	50099021	50110492	2	2	1	0	41	45
chr19	50102036	50105099	1	1	1	0	1	32
chr19	50102036	50110443	1	1	1	0	1	32
chr19	50102036	50115796	1	1	1	0	1	32
chr19	50105099	50110443	1	1	1	0	1	32
chr19	50105099	50115796	1	1	1	0	1	32
chr19	50105099	50121148	1	1	1	0	1	32
chr19	50116644	50132657	1	1	1	0	5	42
chr19	50121996	50132657	1	1	1	0	5	42
chr19	50121996	50138030	1	1	1	0	5	42
chr19	50127323	50132657	1	1	1	0	5	42
chr19	50127323	50138030	1	1	1	0	5	42
chr19	50405498	50448670	1	3	1	1	0	30
chr19	50411574	50412401	2	4	1	1	0	39
chr19	50415591	50415723	1	1	1	1	0	22
chr19	50417270	50417841	1	1	1	8	0	43
chr19	50462037	50464345	1	1	1	2	0	35
chr19	50478002	50478956	1	1	1	1	0	8
chr19	50488056	50489240	1	3	1	1	0	24
chr19	50496609	50505767	1	1	1	1	0	18
chr19	50789716	50802216	2	2	1	1	0	25
chr19	50792802	50793487	2	4	1	1	0	33
chr19	50797822	50797985	2	2	1	1	0	43
chr19	50802258	50804571	2	2	1	1	0	23
chr19	50996215	50997750	2	2	1	1	0	43
chr19	50997885	51001097	2	2	1	1	0	28
chr19	51345247	51353152	1	1	1	0	2	3
chr19	51345382	51346899	2	2	1	9	0	45
chr19	51350392	51353131	2	2	1	1	0	41
chr19	51659169	51708749	2	2	1	3	0	40
chr19	51704481	51705089	1	1	1	1	0	20
chr19	51855968	51860903	2	2	1	1	0	34
chr19	51896568	51896851	2	2	1	4	0	35
chr19	52018104	52018367	2	2	1	1	0	17
chr19	52202035	52205962	1	1	1	1	0	23
chr19	52205986	52213068	1	1	1	1	0	23
chr19	52216075	52216528	1	1	1	1	0	31
chr19	52219865	52220188	1	1	1	1	0	30
chr19	52225809	52225964	1	1	1	1	0	9
chr19	52270826	52271863	1	3	1	1	0	36
chr19	52389304	52394790	2	2	1	1	0	24
chr19	52394848	52395597	2	2	1	1	0	11
chr19	52397268	52397461	2	2	1	1	0	3
chr19	52398620	52401684	1	1	1	1	0	22
chr19	52401754	52401946	1	1	1	1	0	44
chr19	52814427	52817943	2	2	1	2	0	40
chr19	53070263	53074139	2	2	1	1	0	35
chr19	53109909	53116312	2	2	1	1	0	11
chr19	53415012	53415144	2	4	1	1	0	33
chr19	53449639	53460914	1	1	1	1	0	42
chr19	53569386	53571603	1	1	1	1	0	44
chr19	53616035	53629988	2	2	1	0	2	41
chr19	53906238	53906383	2	2	1	1	0	44
chr19	54041081	54041778	2	2	1	1	0	12
chr19	54103189	54105933	1	1	1	4	0	44
chr19	54106012	54106810	1	1	1	35	0	45
chr19	54106447	54106810	1	1	1	1	0	24
chr19	54107170	54108025	2	2	1	6	0	43
chr19	54110122	54114441	2	2	1	1	0	31
chr19	54124657	54126527	1	1	1	1	0	37
chr19	54143750	54144005	1	1	1	1	0	6
chr19	54148744	54149559	1	1	1	1	0	7
chr19	54153449	54153906	2	4	1	1	0	20
chr19	54201282	54201486	1	1	1	1	0	11
chr19	54201525	54207518	1	1	1	1	0	38
chr19	54201610	54206275	1	1	1	9	0	44
chr19	54206463	54207397	1	1	1	30	0	46
chr19	54207411	54207514	1	1	1	1	0	13
chr19	54426769	54429306	1	1	1	1	0	43
chr19	54458233	54458313	1	1	1	3	0	32
chr19	55091559	55091649	2	2	1	2	0	7
chr19	55132914	55141868	2	2	1	0	1	31
chr19	55132961	55133886	2	2	1	15	0	42
chr19	55133928	55134065	2	2	1	11	0	41
chr19	55140961	55141185	2	2	1	1	0	21
chr19	55141303	55141856	2	2	1	1	1	7
chr19	55141921	55145543	2	2	1	0	1	9
chr19	55151918	55154029	2	2	1	1	0	14
chr19	55157134	55157295	2	2	1	1	0	13
chr19	55157309	55157578	2	2	1	1	0	13
chr19	55353775	55353865	2	2	1	1	0	10
chr19	55385966	55386349	1	1	1	3	0	24
chr19	55386362	55388259	2	4	1	1	0	14
chr19	55386439	55386569	1	1	1	8	0	32
chr19	55386694	55387929	1	1	1	48	0	45
chr19	55388049	55388242	1	1	1	387	0	46
chr19	55388049	55388246	1	1	1	1	0	29
chr19	55401763	55404287	2	2	1	0	1	37
chr19	55404479	55406814	2	2	1	2	0	3
chr19	55455107	55455259	2	2	1	2	0	40
chr19	55655154	55659209	1	1	1	1	0	31
chr19	55692797	55692950	1	1	1	1	0	18
chr19	55694171	55707132	1	1	1	1	0	13
chr19	57273569	57276934	2	2	1	2	0	34
chr19	57543244	57543650	2	2	1	1	0	30
chr19	57846434	57846962	1	1	1	1	0	28
chr19	57852941	57853051	2	2	1	2	0	21
chr19	57867487	57867850	2	4	1	1	0	33
chr19	58387340	58388136	1	1	1	9	0	43
chr19	58388246	58392975	1	1	1	91	2	45
chr19	58388246	58394496	1	1	1	4	9	44
chr19	58393186	58393358	1	1	1	11	0	46
chr19	58393488	58394496	1	1	1	111	9	46
chr19	58394596	58394681	1	1	1	698	0	46
chr19	58545897	58547375	1	1	1	1	0	8
chr19	58547512	58547596	1	1	1	1	0	12
chr19	58547714	58547791	1	1	1	1	0	38
chr19	58547907	58548033	1	1	1	1	0	8
chr19	58548409	58548485	1	1	1	1	0	43
chr19	58548777	58548861	1	1	1	1	0	13
chr19	58549651	58549736	1	1	1	4	0	30
chr19	58549861	58549948	1	1	1	6	0	26
chr19	58550036	58550146	1	1	1	4	0	35
chr19	58550285	58550376	1	1	1	5	0	41
chr19	58550494	58550575	2	4	1	3	0	38
chr19	58551777	58551905	2	2	1	4	0	36
chr19	58551968	58552054	2	2	1	1	0	41
chr19	58557158	58558272	2	2	1	0	1	8
chr20	490522	490806	1	3	1	1	0	17
chr20	492365	495718	2	2	1	0	3	16
chr20	753784	756655	2	2	1	0	2	43
chr20	958571	958769	0	0	1	4	0	33
chr20	1455133	1458199	2	2	1	1	0	35
chr20	2461794	2462635	2	2	1	31	0	45
chr20	2461940	2462635	2	2	1	3	0	41
chr20	2462762	2463088	2	2	1	5	0	36
chr20	2463228	2463746	2	2	1	8	0	36
chr20	2465820	2467606	2	2	1	1	0	27
chr20	2467759	2470687	2	2	1	4	0	39
chr20	2652932	2653278	1	1	1	1	0	22
chr20	2655513	2655594	1	1	1	1	0	10
chr20	2655747	2655933	1	1	1	2	0	10
chr20	2656215	2656400	1	1	1	1	0	8
chr20	2656550	2656773	1	1	1	7	0	39
chr20	2656896	2657080	1	1	1	32	0	46
chr20	2657219	2657928	1	1	1	6	0	40
chr20	2658523	2658637	2	2	1	2	0	45
chr20	2658523	2658758	0	0	1	2	0	44
chr20	2659586	2659698	2	2	1	1	0	30
chr20	2660177	2660262	2	2	1	3	0	10
chr20	2988475	3005055	1	1	1	1	0	9
chr20	3005147	3007343	1	1	1	1	0	17
chr20	3037290	3038058	1	1	1	3	0	31
chr20	3195354	3200000	2	2	1	1	0	21
chr20	3203417	3204536	2	2	1	2	0	27
chr20	3221918	3223373	1	1	1	1	0	12
chr20	3227857	3228258	2	2	1	1	0	34
chr20	3323400	3323716	1	3	1	2	0	29
chr20	3912635	3916926	1	1	1	1	0	17
chr20	4024173	4025951	2	2	1	1	0	4
chr20	5109446	5111499	2	2	1	1	0	15
chr20	5115363	5115448	2	2	1	2	0	21
chr20	5115573	5117469	2	2	1	1	0	8
chr20	5117665	5118609	2	2	1	3	0	34
chr20	5118678	5118768	2	2	1	1	0	37
chr20	5547851	5557944	2	2	1	2	0	41
chr20	5580132	5584280	2	2	1	2	0	20
chr20	5584323	5586193	2	2	1	2	0	31
chr20	5942037	5942427	2	2	1	1	0	17
chr20	5944254	5944804	2	2	1	5	0	29
chr20	5944915	5946405	2	2	1	1	0	40
chr20	5946534	5950277	2	2	1	1	0	13
chr20	5952164	5952423	1	1	1	3	0	32
chr20	5952529	5954607	1	1	1	1	0	27
chr20	5972038	5973055	1	1	1	1	0	31
chr20	5993696	5994298	1	1	1	1	0	26
chr20	6009913	6015360	1	1	1	1	0	14
chr20	6032081	6034463	1	1	1	1	0	20
chr20	6112624	6115810	2	2	1	1	0	19
chr20	7983858	7987287	2	2	1	1	0	39
chr20	8646182	8647899	1	1	1	1	0	12
chr20	8647954	8649373	1	1	1	1	0	26
chr20	8722422	8724655	1	1	1	1	0	20
chr20	8741574	8757045	1	1	1	1	0	45
chr20	8757179	8760406	1	1	1	1	0	8
chr20	8760461	8765138	1	1	1	1	0	43
chr20	9444244	9453346	1	1	1	3	0	39
chr20	10051890	10053111	1	1	1	1	0	11
chr20	10413932	10420527	2	2	1	6	0	44
chr20	13623515	13625184	2	2	1	1	0	35
chr20	13715168	13717367	2	2	1	7	0	42
chr20	13717515	13718907	2	2	1	7	0	36
chr20	13718985	13728377	2	2	1	5	0	32
chr20	13728466	13733720	2	2	1	4	0	31
chr20	13733843	13759691	2	2	1	4	0	43
chr20	13759854	13766776	2	2	1	9	0	42
chr20	13766925	13769906	2	2	1	1	0	19
chr20	13775271	13775872	2	2	1	3	0	17
chr20	13816547	13816874	1	1	1	1	0	5
chr20	13816958	13817117	1	1	1	7	0	46
chr20	14207099	14233583	1	1	1	1	0	26
chr20	16730165	16731667	1	1	1	1	0	38
chr20	16731767	16732163	1	1	1	10	0	38
chr20	16732337	16737260	1	1	1	20	0	38
chr20	17570212	17600737	1	1	1	3	1	27
chr20	17601046	17604554	1	1	1	1	0	25
chr20	17604632	17607036	1	1	1	3	0	22
chr20	17614221	17614736	2	2	1	11	0	46
chr20	17615530	17615925	2	2	1	7	0	34
chr20	17616010	17616731	2	2	1	1	0	13
chr20	17620371	17620714	2	2	1	1	0	23
chr20	17660529	17682027	2	2	1	1	0	14
chr20	17942408	17943109	2	2	1	5	0	28
chr20	17943196	17947485	2	2	1	2	0	28
chr20	17947646	17948889	2	2	1	2	0	16
chr20	17948977	17949063	2	2	1	1	0	27
chr20	17962325	17964017	2	4	1	2	0	34
chr20	17968458	17968699	2	2	1	1	0	31
chr20	17988299	17989938	1	1	1	1	0	30
chr20	18184793	18187285	1	1	1	1	0	5
chr20	18475188	18480037	1	1	1	2	0	5
chr20	18526532	18527495	1	1	1	1	0	39
chr20	18555174	18560650	1	1	1	1	0	17
chr20	18744272	18763359	1	1	1	1	0	41
chr20	20038451	20039608	2	2	1	1	0	34
chr20	20050623	20052291	2	2	1	1	0	4
chr20	20505535	20511253	2	2	1	1	0	14
chr20	20591315	20601681	2	2	1	2	0	9
chr20	20605413	20611314	2	2	1	2	0	40
chr20	21163160	21205490	1	1	1	3	0	46
chr20	21303474	21326278	1	1	1	1	0	6
chr20	21326407	21326489	1	1	1	5	0	6
chr20	21328671	21330480	1	1	1	1	0	14
chr20	21330706	21331560	1	1	1	1	0	29
chr20	21331819	21332282	1	1	1	1	0	32
chr20	21333838	21333936	1	1	1	13	0	34
chr20	21333995	21334077	1	1	1	18	0	42
chr20	21334186	21339043	1	1	1	2	0	19
chr20	21348691	21350455	1	3	1	2	0	31
chr20	21356178	21356585	1	1	1	1	0	33
chr20	21357793	21365420	1	1	1	0	2	3
chr20	21365490	21365572	1	1	1	0	2	20
chr20	21382058	21386867	1	1	1	1	0	20
chr20	21387007	21389272	1	1	1	1	0	25
chr20	23450590	23452583	2	2	1	1	0	34
chr20	23985975	23986075	2	2	1	0	1	44
chr20	25284252	25288424	1	1	1	2	0	14
chr20	25288484	25290480	1	1	1	2	0	19
chr20	25417203	25418104	1	1	1	1	0	18
chr20	25418196	25425210	1	1	1	1	0	28
chr20	25447686	25447922	1	3	1	1	0	37
chr20	25455787	25458382	2	2	1	2	0	30
chr20	25480268	25481967	2	2	1	2	0	39
chr20	25503294	25503408	2	2	1	0	1	26
chr20	25503294	25503465	2	2	1	0	1	26
chr20	25503323	25503551	1	1	1	0	1	37
chr20	25747979	25749559	2	2	1	1	0	39
chr20	25836080	25836705	2	2	1	0	1	44
chr20	26019203	26019828	1	1	1	0	1	44
chr20	26019907	26021670	0	0	1	3	0	30
chr20	28580745	28581918	2	2	1	3	0	36
chr20	28582030	28583018	2	2	1	1	0	40
chr20	28583947	28586298	2	2	1	2	0	34
chr20	28590615	28591393	2	2	1	1	0	44
chr20	29481469	29482453	2	2	1	0	4	32
chr20	30391309	30393550	1	1	1	2	8	45
chr20	30393656	30396861	1	1	1	2	1	33
chr20	30396954	30397934	1	1	1	0	1	23
chr20	31561655	31569417	2	2	1	1	2	24
chr20	31739622	31742540	1	1	1	1	0	5
chr20	31742648	31757406	1	1	1	1	0	37
chr20	31757583	31760056	1	1	1	4	0	42
chr20	31760180	31766555	1	1	1	1	0	27
chr20	31766683	31770342	1	1	1	2	0	30
chr20	31771683	31775866	1	1	1	2	0	34
chr20	31777639	31778812	1	1	1	3	0	30
chr20	31778985	31782248	1	1	1	1	0	27
chr20	31783922	31792734	1	1	1	3	0	24
chr20	31948883	31950311	2	2	1	1	0	10
chr20	31950388	31951874	2	2	1	1	0	6
chr20	32161366	32165294	1	1	1	1	0	24
chr20	32316650	32316755	1	1	1	1	0	5
chr20	32428249	32428324	1	1	1	1	0	34
chr20	32786628	32787229	1	1	1	3	0	35
chr20	32791709	32792625	1	1	1	1	0	20
chr20	32798644	32799243	1	1	1	3	0	40
chr20	32799329	32800152	1	1	1	9	0	46
chr20	32801427	32802384	1	1	1	4	0	27
chr20	32802471	32805337	1	1	1	2	0	34
chr20	32833863	32836633	1	1	1	1	0	34
chr20	32846771	32848671	1	1	1	2	0	3
chr20	33360492	33366858	2	2	1	1	0	23
chr20	34077246	34078504	1	1	1	2	0	3
chr20	34089906	34090516	2	2	1	1	0	10
chr20	34090603	34093674	2	2	1	2	0	43
chr20	34090603	34096656	2	2	1	1	0	32
chr20	34091914	34093674	2	2	1	2	0	39
chr20	34093732	34096656	2	2	1	5	2	43
chr20	34096806	34097415	2	2	1	8	0	39
chr20	34097517	34098497	2	2	1	4	0	35
chr20	34098634	34103438	2	2	1	1	0	14
chr20	34098634	34103461	2	2	1	0	39	41
chr20	34103566	34105367	2	2	1	44	23	44
chr20	34105546	34112095	2	2	1	0	17	45
chr20	34281166	34285439	2	2	1	1	0	22
chr20	34285635	34290331	2	2	1	3	0	26
chr20	34291532	34292357	2	2	1	1	0	21
chr20	34369471	34393769	1	1	1	1	0	45
chr20	34369471	34393790	1	1	1	1	0	18
chr20	34468026	34468681	2	2	1	1	0	40
chr20	34504404	34507694	1	1	1	2	0	30
chr20	34526344	34534627	1	1	1	1	0	22
chr20	34559454	34559735	1	1	1	2	0	13
chr20	34560980	34575103	2	2	1	1	0	18
chr20	34921140	34921329	1	1	1	3	0	4
chr20	35057572	35069295	2	2	1	1	0	25
chr20	35279051	35279651	1	1	1	1	0	15
chr20	35279207	35279565	2	2	1	2	0	28
chr20	35279748	35279941	2	2	1	2	0	25
chr20	35362932	35363353	2	4	1	1	0	32
chr20	35474053	35475501	1	1	1	1	0	19
chr20	35542942	35547411	1	1	1	2	0	33
chr20	35555076	35556032	1	1	1	1	0	19
chr20	35557110	35557193	1	1	1	2	0	39
chr20	35557250	35557424	1	1	1	5	0	30
chr20	35620774	35620875	1	1	1	1	0	14
chr20	35625791	35626011	2	2	1	2	0	29
chr20	35626382	35626566	2	2	1	1	0	40
chr20	35631355	35631491	2	2	1	1	0	34
chr20	35631579	35631687	2	2	1	2	0	24
chr20	35631778	35631944	2	2	1	1	0	33
chr20	35632386	35632516	2	2	1	1	0	39
chr20	35699764	35700797	1	1	1	16	4	42
chr20	35704582	35704667	2	2	1	5	0	38
chr20	35704747	35705224	2	2	1	1	0	29
chr20	35705331	35707119	2	2	1	1	0	41
chr20	35707202	35709223	2	2	1	1	0	13
chr20	35732136	35734185	2	2	1	2	0	4
chr20	35732136	35738967	2	2	1	8	0	35
chr20	35734258	35738967	2	2	1	1	0	16
chr20	35739018	35740524	2	2	1	3	0	40
chr20	35739018	35740823	2	2	1	16	0	39
chr20	35740598	35740823	2	2	1	7	0	42
chr20	35740888	35741940	2	2	1	13	0	45
chr20	35899649	35913248	1	1	1	7	0	32
chr20	36762549	36766768	2	2	1	1	0	33
chr20	36768043	36770872	2	2	1	1	0	20
chr20	37063655	37210673	1	1	1	0	3	17
chr20	37066885	37066992	2	2	1	1	0	10
chr20	37198493	37199049	1	1	1	1	0	5
chr20	37207450	37210046	1	1	1	2	0	7
chr20	37223970	37225687	1	1	1	1	0	42
chr20	37225803	37228549	1	1	1	1	0	6
chr20	37232392	37234019	1	1	1	1	0	14
chr20	37234096	37236579	1	1	1	3	0	42
chr20	37236710	37238401	1	1	1	2	0	13
chr20	37236710	37241302	1	1	1	22	0	45
chr20	37733068	37737377	1	1	1	2	0	40
chr20	37855240	37856134	1	1	1	1	0	35
chr20	37860345	37871924	1	1	1	8	0	43
chr20	38040565	38057531	1	1	1	0	1	4
chr20	38057645	38059393	1	1	1	1	0	25
chr20	38539959	38541040	1	1	1	1	0	24
chr20	38756040	38765401	1	1	1	2	0	9
chr20	41029101	41029430	1	1	1	8	0	24
chr20	41029456	41061393	1	1	1	9	0	26
chr20	41061491	41076170	1	1	1	10	0	45
chr20	41076295	41077581	1	1	1	12	0	36
chr20	41077638	41080084	1	1	1	22	0	43
chr20	41080181	41081164	1	1	1	21	0	46
chr20	41081241	41084461	1	1	1	3	0	29
chr20	41084569	41092471	1	1	1	1	0	4
chr20	41092588	41097219	1	1	1	5	0	34
chr20	41097342	41098214	1	1	1	11	0	40
chr20	41121791	41122005	1	1	1	2	0	27
chr20	41137859	41159605	1	1	1	1	0	41
chr20	41454737	41455799	2	2	1	1	0	36
chr20	41493945	41497383	2	2	1	3	0	35
chr20	41514953	41533049	2	2	1	1	0	17
chr20	43459896	43460032	1	1	1	2	0	37
chr20	43609885	43610227	1	1	1	2	0	43
chr20	43611017	43611580	1	1	1	1	0	17
chr20	43613977	43618939	1	1	1	1	0	44
chr20	44203075	44206880	2	2	1	2	0	14
chr20	44466567	44512119	2	4	1	1	0	30
chr20	44758185	44771274	2	2	1	2	0	32
chr20	44901834	44903992	1	1	1	2	0	6
chr20	44904117	44904967	1	1	1	5	0	40
chr20	44905132	44906000	1	1	1	32	0	44
chr20	44906097	44906381	1	1	1	94	0	45
chr20	44908109	44908923	2	2	1	1	0	3
chr20	44908112	44909170	2	2	1	0	3	3
chr20	44938749	44939125	1	1	1	6	0	42
chr20	45000521	45001166	1	1	1	2	0	44
chr20	45001354	45024972	1	1	1	6	0	43
chr20	45419591	45420135	1	1	1	1	0	24
chr20	45420430	45420527	1	1	1	1	0	24
chr20	45480095	45481370	1	1	1	2	0	38
chr20	45794018	45795344	1	1	1	3	0	33
chr20	45815746	45815853	1	1	1	1	0	6
chr20	45815914	45816708	1	1	1	1	0	13
chr20	45823380	45823990	2	2	1	2	0	29
chr20	45899539	45899621	2	2	1	1	0	44
chr20	45899686	45899835	2	2	1	1	0	44
chr20	45907756	45907840	2	2	1	1	0	33
chr20	45949878	45949965	2	2	1	1	0	34
chr20	46128225	46128329	1	1	1	1	0	25
chr20	46128359	46128881	1	1	1	1	0	29
chr20	46350525	46350760	2	2	1	1	0	22
chr20	46503098	46504213	2	2	1	1	0	24
chr20	47229807	47236325	2	2	1	1	0	44
chr20	47291889	47294665	2	2	1	4	0	33
chr20	47310205	47347855	2	2	1	5	0	44
chr20	47347927	47369041	2	2	1	1	0	14
chr20	47622331	47623910	1	1	1	1	0	38
chr20	48976200	48984728	1	1	1	1	0	24
chr20	48985614	48988303	1	1	1	1	0	32
chr20	49025482	49028529	1	1	1	1	0	31
chr20	49058549	49063201	1	1	1	1	0	20
chr20	49072454	49072567	1	1	1	1	0	44
chr20	49075521	49076979	1	1	1	1	0	8
chr20	49077065	49078560	1	1	1	2	0	13
chr20	49078623	49084025	1	1	1	1	0	36
chr20	49084163	49085282	1	1	1	2	0	32
chr20	49089398	49089537	1	1	1	1	0	27
chr20	49089747	49090741	1	1	1	1	0	36
chr20	49090840	49090936	1	1	1	1	0	41
chr20	49091023	49092045	1	1	1	4	0	38
chr20	49092128	49094139	1	1	1	3	0	40
chr20	49094287	49094731	1	1	1	1	0	8
chr20	49094964	49096348	1	1	1	9	0	39
chr20	49120129	49123091	2	2	1	1	0	27
chr20	49124588	49135832	2	2	1	6	0	41
chr20	49135932	49151581	2	2	1	1	0	32
chr20	49219542	49221451	1	1	1	4	0	37
chr20	49221599	49222956	1	1	1	5	0	43
chr20	49223017	49223267	1	1	1	6	0	42
chr20	49223434	49224944	1	1	1	1	0	19
chr20	49233710	49234934	1	1	1	3	0	4
chr20	49239056	49239235	1	1	1	3	0	39
chr20	49241988	49242082	1	1	1	1	0	36
chr20	49242207	49242593	1	1	1	2	0	41
chr20	49242682	49243628	1	1	1	3	0	21
chr20	49243704	49243815	1	1	1	6	0	22
chr20	49255948	49257416	2	2	1	1	0	13
chr20	49260578	49263333	2	2	1	1	0	30
chr20	49279209	49280484	1	1	1	1	0	35
chr20	49279209	49289044	1	1	1	1	0	29
chr20	49280571	49289044	1	1	1	2	0	25
chr20	49280965	49289044	1	1	1	3	0	17
chr20	49936553	49941560	1	1	1	1	0	30
chr20	49946251	49949247	1	1	1	3	0	8
chr20	49949356	49952075	1	1	1	14	0	40
chr20	50082915	50084128	2	2	1	2	0	38
chr20	50084255	50096671	2	2	1	2	1	46
chr20	50561454	50564968	1	1	1	1	0	40
chr20	50565070	50568379	1	1	1	3	0	31
chr20	50568479	50574516	1	1	1	1	0	14
chr20	50738080	50749658	1	1	1	1	0	34
chr20	50841901	50876485	1	1	1	2	0	30
chr20	50936263	50940864	2	2	1	1	0	3
chr20	50940934	50945736	2	2	1	1	0	17
chr20	50945924	50948628	2	2	1	1	0	34
chr20	50948663	50955185	2	2	1	1	0	6
chr20	51755371	51785236	1	1	1	1	0	43
chr20	51784246	51791328	2	2	1	1	0	41
chr20	51955434	51969950	2	2	1	1	0	19
chr20	54208125	54214350	1	1	1	3	0	38
chr20	54214459	54215299	1	1	1	8	0	39
chr20	54215441	54219018	1	1	1	17	0	45
chr20	56370341	56370484	2	2	1	1	0	15
chr20	56474772	56476984	1	1	1	1	0	23
chr20	56484190	56513314	1	1	1	2	0	44
chr20	56513429	56516934	1	1	1	1	0	37
chr20	57407592	57409132	1	1	1	1	0	15
chr20	57508789	57512591	2	2	1	1	0	26
chr20	57523279	57523662	2	2	1	1	0	7
chr20	58668128	58670511	1	1	1	1	0	5
chr20	58670604	58671153	1	1	1	2	0	37
chr20	58889354	58895611	1	1	1	1	0	12
chr20	58895685	58898940	1	1	1	2	0	37
chr20	58898986	58899948	1	1	1	1	0	10
chr20	58905481	58909161	1	1	1	1	0	33
chr20	58909217	58909349	1	1	1	1	0	4
chr20	58909424	58909520	1	1	1	2	0	8
chr20	58909580	58909683	1	1	1	2	0	25
chr20	58909805	58909950	1	1	1	3	0	44
chr20	58910082	58910333	1	1	1	3	0	28
chr20	58910402	58910682	1	1	1	2	0	29
chr20	58993095	58994995	2	2	1	1	2	35
chr20	58994825	58994925	1	1	1	1	0	20
chr20	59028842	59030302	2	2	1	66	0	45
chr20	59030430	59032219	2	2	1	3	0	41
chr20	59035127	59036470	2	2	1	2	0	15
chr20	59037281	59038465	2	2	1	3	0	39
chr20	59942310	59942426	1	1	1	2	0	30
chr20	61933125	61934055	1	1	1	2	0	16
chr20	62000722	62003159	2	2	1	1	0	42
chr20	62003275	62003730	2	2	1	1	0	31
chr20	62136950	62137363	2	2	1	38	0	45
chr20	62137427	62138170	2	2	1	51	0	46
chr20	62137466	62138170	2	2	1	1	0	20
chr20	62138291	62139074	2	2	1	11	0	40
chr20	62139198	62139780	2	2	1	1	0	15
chr20	62139906	62140817	2	2	1	3	0	35
chr20	62140945	62143207	2	2	1	2	0	20
chr20	62165468	62180171	2	2	1	2	0	38
chr20	62174645	62179181	1	3	1	1	0	18
chr20	62179357	62180168	1	1	1	1	0	41
chr20	62303782	62304460	1	1	1	1	0	3
chr20	62308179	62308367	1	1	1	1	0	10
chr20	62308471	62308654	1	1	1	11	0	45
chr20	62310312	62310418	2	2	1	1	0	18
chr20	62310573	62310664	2	2	1	1	0	33
chr20	62387137	62387320	1	1	1	3	0	11
chr20	62387389	62387610	1	1	1	18	0	46
chr20	62387675	62387842	1	1	1	99	0	45
chr20	62387675	62388308	1	1	1	2	0	43
chr20	62387915	62388308	1	1	1	270	1	46
chr20	62388365	62388456	1	1	1	243	1	45
chr20	62798669	62798974	1	1	1	1	0	29
chr20	62906101	62907146	2	2	1	1	0	14
chr20	62907360	62909698	2	2	1	1	0	13
chr20	63289497	63289677	1	1	1	8	0	44
chr20	63433904	63438624	2	2	1	8	0	45
chr20	63521590	63521667	1	1	1	2	0	22
chr20	63700531	63700601	2	2	1	1	0	24
chr20	63743234	63743409	0	0	1	3	0	40
chr20	63940056	63940149	2	2	1	5	0	30
chr20	63940717	63940793	2	2	1	1	0	22
chr20	63940857	63940949	2	2	1	1	0	7
chr20	63961408	63961941	2	2	1	1	0	12
chr20	63963266	63963341	2	2	1	1	0	24
chr20	63981317	63983046	1	1	1	1	0	14
chr20	63983216	63984906	1	1	1	12	0	45
chr20	63985026	63993406	1	1	1	2	0	8
chr20	64027737	64028477	1	1	1	1	0	30
chr20	64028570	64029376	1	1	1	1	0	36
chr20	64029492	64031917	1	1	1	1	0	10
chr20	64071942	64072171	1	1	1	3	0	43
chr20	64265430	64267886	1	1	1	1	0	19
chr20	64268011	64273220	1	1	1	1	0	20
chr21	5116482	5117135	2	2	1	2	0	25
chr21	5136044	5137326	2	2	1	1	0	25
chr21	5137475	5139697	2	2	1	0	1	33
chr21	6327660	6328657	2	2	1	0	3	44
chr21	6457200	6457293	2	2	1	0	1	30
chr21	6484795	6484996	2	2	1	0	1	13
chr21	6484917	6486137	2	2	1	0	7	45
chr21	6486231	6486321	2	2	1	0	1	16
chr21	6486456	6487106	2	2	1	0	3	32
chr21	6487206	6487362	2	2	1	0	1	13
chr21	6487413	6492130	2	2	1	0	2	29
chr21	6492198	6495992	2	2	1	0	6	38
chr21	6496081	6497179	2	2	1	0	1	29
chr21	6496081	6499128	2	2	1	0	1	5
chr21	6660469	6661466	1	1	1	0	3	44
chr21	6987539	6988536	1	1	1	0	3	44
chr21	8204583	8205030	2	2	1	0	1	41
chr21	8209934	8209970	2	2	1	0	1	45
chr21	8210286	8254494	1	1	1	0	8	41
chr21	8210304	8254341	2	2	1	0	1	14
chr21	8210310	8254518	1	1	1	0	1	31
chr21	8210451	8210553	1	1	1	0	1	43
chr21	8210462	8216488	1	3	1	0	2	17
chr21	8210473	8211385	2	4	1	0	3	17
chr21	8210486	8210506	2	2	0	0	1	34
chr21	8210674	8216218	1	1	1	0	1	20
chr21	8210674	8260447	1	1	1	0	1	20
chr21	8210720	8211333	0	0	1	0	5	45
chr21	8211121	8216675	1	1	1	0	6	19
chr21	8211121	8260904	1	1	1	0	3	19
chr21	8211140	8216130	1	1	1	0	1	35
chr21	8211140	8260359	1	1	1	0	1	35
chr21	8211310	8255518	1	1	1	0	3	26
chr21	8213162	8257134	1	1	1	0	1	16
chr21	8214119	8254511	1	1	1	0	3	40
chr21	8215276	8260510	1	1	1	0	5	23
chr21	8215423	8217465	2	4	1	1	0	41
chr21	8215552	8216551	1	1	1	0	1	15
chr21	8215552	8260780	1	1	1	0	1	15
chr21	8215568	8255765	2	2	1	0	1	36
chr21	8215635	8216224	1	1	1	0	1	45
chr21	8215726	8258409	1	1	1	0	3	22
chr21	8215867	8216185	1	1	1	0	1	35
chr21	8215932	8260020	1	3	1	0	3	24
chr21	8215978	8259603	1	1	1	0	5	35
chr21	8216087	8260313	2	2	1	0	7	45
chr21	8216087	8399118	2	2	1	0	7	45
chr21	8216087	8443353	2	2	1	0	7	45
chr21	8216179	8216565	2	4	1	0	6	26
chr21	8216319	8216404	1	1	1	0	1	20
chr21	8216540	8254532	1	1	1	0	1	40
chr21	8216566	8260407	2	4	1	0	12	32
chr21	8216676	8259672	1	1	1	0	2	15
chr21	8216807	8260374	2	2	1	0	2	44
chr21	8217830	8217876	1	1	1	0	4	38
chr21	8218591	8260076	1	3	1	0	1	40
chr21	8219852	8222960	1	1	1	0	1	26
chr21	8220648	8222960	1	1	1	0	1	26
chr21	8221380	8222960	1	1	1	0	1	26
chr21	8228809	8229005	2	4	1	0	1	33
chr21	8233272	8233929	2	4	1	0	1	43
chr21	8248774	8249221	2	2	1	0	1	41
chr21	8254144	8254180	2	2	1	0	1	45
chr21	8254659	8254761	1	1	1	0	1	43
chr21	8254670	8260717	1	3	1	0	2	17
chr21	8254687	8254712	0	0	1	14	0	41
chr21	8254882	8260447	1	1	1	0	1	20
chr21	8254928	8255541	0	0	1	0	3	45
chr21	8255330	8260904	1	1	1	0	1	19
chr21	8255349	8260359	1	1	1	0	1	35
chr21	8259505	8260510	1	1	1	0	5	23
chr21	8259688	8260438	1	1	0	0	1	15
chr21	8259781	8260780	1	1	1	0	1	15
chr21	8259864	8260453	1	1	1	0	1	45
chr21	8260096	8260414	1	1	1	0	1	35
chr21	8260316	8399118	2	2	1	0	7	45
chr21	8260316	8443353	2	2	1	0	7	45
chr21	8260408	8260794	2	4	1	0	8	26
chr21	8260548	8260633	1	1	1	0	1	20
chr21	8392969	8393005	2	2	1	0	1	45
chr21	8393321	8437531	1	1	1	0	8	41
chr21	8393339	8437376	2	2	1	0	1	14
chr21	8393345	8437555	1	1	1	0	1	31
chr21	8393486	8393588	1	1	1	0	1	43
chr21	8393497	8399522	1	3	1	0	2	17
chr21	8393508	8394420	2	4	1	0	3	17
chr21	8393521	8393541	2	2	0	0	1	34
chr21	8393709	8399252	1	1	1	0	1	20
chr21	8393709	8443487	1	1	1	0	1	20
chr21	8393755	8394368	0	0	1	0	5	45
chr21	8394156	8399709	1	1	1	0	6	19
chr21	8394175	8399164	1	1	1	0	1	35
chr21	8394175	8443399	1	1	1	0	1	35
chr21	8394345	8438555	1	1	1	0	3	26
chr21	8396197	8440176	1	1	1	0	1	16
chr21	8397157	8437548	1	1	1	0	3	40
chr21	8398310	8399315	1	1	1	0	5	23
chr21	8398310	8443550	1	1	1	0	5	23
chr21	8398513	8437352	1	3	1	0	2	39
chr21	8398586	8399585	1	1	1	0	1	15
chr21	8398586	8443820	1	1	1	0	1	15
chr21	8398602	8438807	2	2	1	0	1	36
chr21	8398669	8399258	1	1	1	0	1	45
chr21	8398760	8441446	1	1	1	0	3	22
chr21	8398901	8399219	1	1	1	0	1	35
chr21	8398912	8438647	2	4	1	0	1	40
chr21	8398966	8443054	1	3	1	0	3	24
chr21	8399012	8442637	1	1	1	0	5	35
chr21	8399121	8443353	2	2	1	0	7	45
chr21	8399213	8399599	2	4	1	0	8	26
chr21	8399353	8399438	1	1	1	0	1	20
chr21	8399574	8437569	1	1	1	0	1	40
chr21	8399600	8443447	2	4	1	0	12	32
chr21	8399841	8443414	2	2	1	0	2	44
chr21	8400630	8444862	1	1	1	0	1	15
chr21	8400868	8400914	1	1	1	0	4	38
chr21	8401629	8443110	1	3	1	0	1	40
chr21	8402915	8405959	1	1	1	0	1	26
chr21	8402915	8450146	1	1	1	0	1	26
chr21	8403647	8405959	1	1	1	0	1	26
chr21	8403647	8450146	1	1	1	0	1	26
chr21	8404379	8405959	1	1	1	0	1	26
chr21	8404379	8450146	1	1	1	0	1	26
chr21	8415863	8416520	2	4	1	0	1	43
chr21	8416780	8457116	2	4	1	2	0	39
chr21	8417646	8461600	2	4	1	1	0	38
chr21	8431798	8432245	2	2	1	0	1	41
chr21	8437179	8437215	2	2	1	0	1	45
chr21	8437696	8437798	1	1	1	0	1	43
chr21	8437707	8443757	1	3	1	0	2	17
chr21	8437718	8438630	2	4	1	0	3	17
chr21	8437731	8437751	2	2	0	0	1	34
chr21	8437919	8443487	1	1	1	0	1	20
chr21	8437965	8438578	0	0	1	0	5	45
chr21	8438385	8443399	1	1	1	0	1	35
chr21	8442539	8443550	1	1	1	0	5	23
chr21	8442815	8443820	1	1	1	0	1	15
chr21	8442898	8443493	1	1	1	0	1	45
chr21	8443130	8443454	1	1	1	0	1	35
chr21	8443448	8443834	2	4	1	0	8	26
chr21	8443588	8443673	1	1	1	0	1	20
chr21	8445100	8445146	1	1	1	0	4	38
chr21	8447122	8450146	1	1	1	0	1	26
chr21	8447854	8450146	1	1	1	0	1	26
chr21	8448586	8450146	1	1	1	0	1	26
chr21	8455949	8456145	2	4	1	0	1	33
chr21	8460425	8461082	2	4	1	0	1	43
chr21	8988475	8988511	2	2	1	0	1	45
chr21	8988481	8988511	2	2	1	2	0	27
chr21	10514251	10516317	1	1	1	0	1	44
chr21	14084145	14088608	1	1	1	1	0	10
chr21	15874527	15877795	1	1	1	1	0	23
chr21	17547194	17551748	1	1	1	0	1	24
chr21	17560825	17561337	1	1	1	1	0	22
chr21	17594333	17598616	2	2	1	1	0	33
chr21	17609153	17612698	2	2	1	5	0	45
chr21	25585755	25588834	2	2	1	18	0	45
chr21	25588883	25592811	2	2	1	24	0	44
chr21	25706087	25709433	1	1	1	1	0	16
chr21	25709450	25712339	1	1	1	1	0	16
chr21	25712383	25714639	1	1	1	1	0	15
chr21	25724678	25725225	2	2	1	104	0	45
chr21	25725351	25729630	2	2	1	12	0	46
chr21	25729802	25734852	2	2	1	2	0	38
chr21	25729802	25734988	2	2	1	1	0	45
chr21	25741676	25745209	1	1	1	0	1	30
chr21	25881772	25891721	2	2	1	1	0	24
chr21	25891869	25897572	2	2	1	2	0	19
chr21	26000183	26021839	2	2	1	1	0	11
chr21	26022043	26050999	2	2	1	1	0	4
chr21	26468635	26480271	2	2	1	1	0	21
chr21	26839763	26839874	2	2	1	1	0	7
chr21	28878334	28879869	2	2	1	1	0	22
chr21	28947607	28952159	2	2	1	4	0	13
chr21	28967180	28969465	2	2	1	1	0	24
chr21	28969602	28970551	2	2	1	1	0	15
chr21	29034941	29036270	1	1	1	3	0	40
chr21	29036375	29037275	1	1	1	5	0	42
chr21	29039157	29039480	1	1	1	3	0	43
chr21	29039569	29040608	1	1	1	1	0	38
chr21	29042529	29043422	1	1	1	1	0	33
chr21	29043600	29046666	1	1	1	1	0	29
chr21	29053959	29054065	1	1	1	1	0	11
chr21	29056553	29060540	2	2	1	26	0	46
chr21	29060661	29061252	2	2	1	1	0	13
chr21	29061418	29061495	2	2	1	3	0	36
chr21	29061568	29062127	2	2	1	1	0	12
chr21	29063531	29064967	2	2	1	1	0	9
chr21	29064192	29064344	1	3	1	1	0	25
chr21	29066778	29066890	2	2	1	4	0	40
chr21	29069503	29070246	2	2	1	1	0	10
chr21	29070338	29073530	2	2	1	1	0	10
chr21	29329694	29342398	1	1	1	1	0	16
chr21	31225951	31245487	2	2	1	4	0	35
chr21	31559596	31560016	1	1	1	1	0	13
chr21	31666519	31667257	1	1	1	12	0	43
chr21	31667376	31668470	1	1	1	20	0	40
chr21	31685241	31685397	2	2	1	1	0	37
chr21	31690954	31691816	2	2	1	1	0	5
chr21	31706358	31731662	2	2	1	1	0	18
chr21	31958971	31968249	1	1	1	1	0	45
chr21	32269118	32269706	2	2	1	15	0	41
chr21	32269804	32270406	2	2	1	2	0	5
chr21	32270530	32274829	2	2	1	1	0	23
chr21	32601974	32602271	2	2	1	1	0	16
chr21	32603293	32604124	2	2	1	1	0	33
chr21	32604284	32607648	2	2	1	1	0	25
chr21	32737409	32738172	2	2	1	1	0	18
chr21	32744914	32745573	2	2	1	1	0	39
chr21	32759270	32759776	2	2	1	2	0	5
chr21	32764525	32769813	2	2	1	1	0	35
chr21	32769943	32771325	2	2	1	2	0	4
chr21	33241978	33243672	1	1	1	1	0	29
chr21	33245075	33246717	1	1	1	1	0	8
chr21	33252831	33260596	1	1	1	2	0	15
chr21	33349291	33349388	1	1	1	1	0	32
chr21	33355781	33355913	1	3	1	1	0	37
chr21	33489425	33491601	2	2	1	1	0	15
chr21	33504316	33504411	2	2	1	2	0	41
chr21	33505703	33505973	2	2	1	1	0	38
chr21	33509921	33511251	2	2	1	2	0	38
chr21	33530885	33531488	2	2	1	1	0	31
chr21	33543170	33546212	1	1	1	10	0	40
chr21	33546380	33549475	1	1	1	245	0	46
chr21	33557317	33559229	1	1	1	1	0	46
chr21	33559377	33559586	1	1	1	2	0	45
chr21	33559776	33567156	1	1	1	1	0	12
chr21	33569088	33573307	1	1	1	3	0	44
chr21	33647732	33648746	1	1	1	1	0	24
chr21	33671610	33672051	2	4	1	2	0	45
chr21	33766013	33767712	1	1	1	3	0	43
chr21	33767829	33772060	1	1	1	1	0	21
chr21	33772324	33774728	1	1	1	2	0	30
chr21	33774879	33774967	1	1	1	1	0	45
chr21	33775109	33781460	1	1	1	1	0	6
chr21	33775109	33794340	1	1	1	1	0	20
chr21	33781549	33781993	1	1	1	4	0	22
chr21	33782134	33794340	1	1	1	13	0	40
chr21	33794469	33797378	1	1	1	2	0	31
chr21	33799930	33810974	1	1	1	1	0	24
chr21	33903640	33903934	2	2	1	39	0	43
chr21	33904022	33907340	2	2	1	8	0	29
chr21	33907454	33909081	2	2	1	1	0	30
chr21	33909212	33912288	2	2	1	1	0	7
chr21	33912400	33914449	2	2	1	1	0	20
chr21	36362608	36376572	2	2	1	1	0	22
chr21	37091414	37094004	1	1	1	0	1	43
chr21	37124743	37126079	1	1	1	1	0	6
chr21	37135515	37138633	1	1	1	1	0	15
chr21	37148648	37150077	1	1	1	3	0	41
chr21	37150171	37150819	1	1	1	2	0	41
chr21	37150885	37151892	1	1	1	0	2	30
chr21	37167621	37172594	1	1	1	2	0	25
chr21	37172745	37182773	1	1	1	1	0	40
chr21	37182914	37185705	1	1	1	2	0	30
chr21	37185775	37187048	1	3	1	1	0	12
chr21	37196037	37197569	1	1	1	1	0	4
chr21	37478301	37480637	1	1	1	1	0	28
chr21	39175665	39177434	2	2	1	7	0	41
chr21	39177572	39178448	2	2	1	1	0	30
chr21	39181879	39183251	2	2	1	1	0	27
chr21	39202546	39206107	2	2	1	1	0	45
chr21	39236785	39238478	2	2	1	3	0	18
chr21	39250890	39255644	2	2	1	1	0	20
chr21	39255829	39258486	2	2	1	1	0	17
chr21	39343160	39345145	2	2	1	4	0	35
chr21	39345275	39348291	2	2	1	1	1	37
chr21	39347484	39348291	2	2	1	1	0	45
chr21	39348340	39348421	2	2	1	10	0	30
chr21	39348452	39348544	2	2	1	17	0	30
chr21	39348578	39348902	2	2	1	14	0	33
chr21	39475216	39499822	1	1	1	2	0	30
chr21	41348725	41357107	1	1	1	1	0	6
chr21	41436030	41437014	1	1	1	1	0	29
chr21	41905838	41906991	2	2	1	1	0	8
chr21	42312270	42313484	2	2	1	1	0	8
chr21	42772521	42775279	1	1	1	2	0	46
chr21	42843282	42850040	2	2	1	1	0	32
chr21	42853753	42854561	2	2	1	1	0	18
chr21	42893382	42896926	1	1	1	3	0	20
chr21	42897048	42908863	1	1	1	3	0	31
chr21	42904277	42908863	1	1	1	2	0	8
chr21	42989333	42991625	1	1	1	1	0	33
chr21	43021432	43024870	1	1	1	2	0	16
chr21	43024948	43028701	1	1	1	2	0	34
chr21	43053648	43053861	2	2	1	2	0	26
chr21	43065522	43065615	2	2	1	0	1	30
chr21	43093128	43093329	2	2	1	0	1	13
chr21	43093250	43094470	2	2	1	0	7	45
chr21	43094564	43094654	2	2	1	0	1	16
chr21	43094789	43095437	2	2	1	0	3	32
chr21	43095537	43095693	2	2	1	0	1	13
chr21	43095744	43100452	2	2	1	0	2	29
chr21	43100520	43104314	2	2	1	0	6	38
chr21	43104403	43105501	2	2	1	0	1	29
chr21	43104403	43107450	2	2	1	0	1	5
chr21	43674698	43675033	1	1	1	1	0	37
chr21	43676915	43683278	1	1	1	1	0	6
chr21	43683374	43684552	1	1	1	10	0	40
chr21	43684651	43685769	1	1	1	20	0	20
chr21	43685790	43686803	1	1	1	18	0	20
chr21	43686936	43687515	1	1	1	6	0	45
chr21	43755765	43755950	1	1	1	2	0	11
chr21	43793405	43795188	1	1	1	1	0	34
chr21	44032173	44037791	1	1	1	1	0	15
chr21	44037928	44052279	1	1	1	1	0	32
chr21	44084264	44086801	1	1	1	1	0	8
chr21	44122358	44124579	1	1	1	0	1	33
chr21	44486231	44490393	1	1	1	1	0	27
chr21	44773688	44777298	2	2	1	1	0	42
chr21	44849688	44850233	2	2	1	2	0	36
chr21	44855257	44856192	2	2	1	1	0	8
chr21	44856365	44861162	2	2	1	3	0	40
chr21	44973266	44976679	1	1	1	2	0	26
chr21	45281011	45281242	2	2	1	1	0	23
chr21	45511227	45512187	1	1	1	2	0	32
chr21	45512600	45513593	1	3	1	1	0	20
chr21	45513420	45513624	2	4	1	1	0	26
chr21	46119851	46120514	1	1	1	1	0	17
chr21	46235427	46236828	2	2	1	1	0	8
chr21	46251683	46254391	2	2	1	1	0	36
chr21	46293044	46294671	2	2	1	0	1	46
chr21	46294154	46294301	2	2	1	0	2	29
chr21	46294154	46294523	2	2	1	2	2	35
chr21	46294154	46294671	2	2	1	0	3	46
chr21	46347513	46349011	1	1	1	1	0	12
chr21	46355627	46356973	1	1	1	1	0	43
chr21	46440203	46440854	1	1	1	1	0	17
chr21	46635764	46636438	1	1	1	1	0	39
chr22	17497587	17499409	1	1	1	1	0	42
chr22	17500736	17503081	1	1	1	2	0	21
chr22	17505017	17524117	1	1	1	1	0	43
chr22	17524272	17537102	1	1	1	1	0	43
chr22	17529470	17530442	1	1	1	1	0	12
chr22	17538732	17538992	1	1	1	1	0	23
chr22	17539120	17540411	1	1	1	1	0	16
chr22	17592281	17601125	2	2	1	1	0	19
chr22	17592737	17594528	2	2	1	2	0	27
chr22	17600096	17601091	2	2	1	3	0	23
chr22	17601182	17612811	2	2	1	1	0	17
chr22	17619527	17628602	2	2	1	1	0	46
chr22	17689143	17702242	1	1	1	1	0	30
chr22	17735592	17738016	2	2	1	8	0	29
chr22	17738230	17739348	2	2	1	1	0	4
chr22	19176245	19176420	2	2	1	1	0	16
chr22	19176694	19176845	2	2	1	1	0	43
chr22	19450745	19454748	2	2	1	27	0	45
chr22	19454831	19455679	2	2	1	18	0	45
chr22	19455769	19456586	2	2	1	1	0	37
chr22	19456635	19456852	2	2	1	2	0	34
chr22	19458140	19465201	2	2	1	1	0	33
chr22	19507518	19507765	1	1	1	1	0	29
chr22	19516646	19516816	1	1	1	1	0	8
chr22	19516894	19518843	1	1	1	6	0	44
chr22	19518910	19520480	1	1	1	7	0	18
chr22	19875808	19877039	2	2	1	1	0	42
chr22	19977587	19977957	2	2	1	1	0	15
chr22	20091971	20092808	1	1	1	3	0	28
chr22	20106699	20107270	1	1	1	1	0	25
chr22	20122422	20125307	1	1	1	17	0	43
chr22	20125437	20126302	1	1	1	3	1	41
chr22	20126369	20126951	1	1	1	5	0	39
chr22	20126369	20126954	1	1	1	9	0	37
chr22	20585016	20585100	1	1	1	1	0	30
chr22	20708099	20709295	2	2	1	1	0	44
chr22	20953037	20953128	1	3	1	1	0	17
chr22	20983090	20985840	1	1	1	1	0	8
chr22	20985898	20987320	1	1	1	1	0	27
chr22	22298212	22303223	1	1	1	2	0	16
chr22	22303298	22303942	1	1	1	2	0	25
chr22	22494181	22507809	2	2	1	1	0	11
chr22	23195529	23195823	1	1	1	1	0	35
chr22	23290573	23291033	2	2	1	1	0	42
chr22	23764714	23765720	1	1	1	1	0	27
chr22	23766027	23766127	2	2	1	21	0	36
chr22	23766276	23767373	2	2	1	3	0	17
chr22	23836963	23837063	2	2	1	2	0	3
chr22	23882647	23882758	1	1	1	1	0	11
chr22	23894540	23895136	0	0	1	5	0	41
chr22	23894583	23894771	1	1	1	3	0	32
chr22	23894945	23895039	1	1	1	102	0	45
chr22	23971624	23973767	2	2	1	3	0	37
chr22	24165627	24166638	1	1	1	1	0	40
chr22	24248133	24249293	1	1	1	1	0	19
chr22	24276804	24302194	1	1	1	2	0	36
chr22	24313467	24321287	1	1	1	1	0	36
chr22	24321324	24324219	1	1	1	1	0	19
chr22	24322919	24324219	1	1	1	3	0	34
chr22	24328920	24330255	1	1	1	2	0	23
chr22	24540974	24547907	2	2	1	0	1	5
chr22	24557801	24567983	1	1	1	1	0	44
chr22	24568177	24571915	1	1	1	25	0	37
chr22	24627980	24628080	1	1	1	0	1	44
chr22	25663705	25667738	1	1	1	1	0	30
chr22	25672348	25674436	1	1	1	1	0	29
chr22	26484100	26486022	1	1	1	1	0	4
chr22	26532746	26536287	2	2	1	1	0	27
chr22	26560921	26561119	1	1	1	0	1	32
chr22	26612191	26612512	2	2	1	1	0	20
chr22	27735397	27735491	1	1	1	1	0	44
chr22	27858510	27860130	2	2	1	2	0	19
chr22	27860242	27873737	2	2	1	3	0	26
chr22	27873816	27894554	2	2	1	1	0	19
chr22	28687987	28689134	2	2	1	2	0	37
chr22	28704464	28706217	2	2	1	2	0	26
chr22	28710060	28711908	2	2	1	1	0	31
chr22	28725125	28725242	2	2	1	1	0	33
chr22	28746009	28751240	1	1	1	1	0	25
chr22	28751289	28757077	1	1	1	2	0	28
chr22	29050949	29053578	1	1	1	5	0	34
chr22	29260238	29260325	2	2	1	3	0	19
chr22	29272432	29273740	1	1	1	2	0	45
chr22	29273865	29278029	1	1	1	1	0	33
chr22	29287135	29288605	1	1	1	2	0	26
chr22	29292170	29292487	1	1	1	1	0	12
chr22	29292607	29296238	1	1	1	2	0	7
chr22	29296369	29297826	1	1	1	1	0	30
chr22	29297950	29298732	1	1	1	1	0	12
chr22	29298896	29299233	1	1	1	1	0	32
chr22	29299852	29300121	1	1	1	19	0	42
chr22	29330710	29331448	2	2	1	2	0	31
chr22	29351826	29354649	2	2	1	1	0	37
chr22	29508521	29511105	2	2	1	1	0	41
chr22	29511297	29512020	2	2	1	2	0	27
chr22	29673419	29678217	2	2	1	1	0	25
chr22	29674942	29678195	1	1	1	1	0	13
chr22	29681602	29694751	1	1	1	1	0	9
chr22	29767549	29769677	1	1	1	5	0	39
chr22	29767608	29769677	1	1	1	1	0	8
chr22	29945136	29945595	2	2	1	1	0	25
chr22	30022140	30022608	1	1	1	1	0	10
chr22	30137387	30137606	0	0	1	0	1	19
chr22	30335539	30335651	2	2	1	1	0	38
chr22	30337898	30338788	2	2	1	1	0	12
chr22	30588175	30589190	2	2	1	1	0	5
chr22	30589271	30591809	2	2	1	1	0	7
chr22	30615474	30615600	1	1	1	1	0	20
chr22	30911432	30926724	2	2	1	2	0	12
chr22	30937038	30937582	2	2	1	2	0	20
chr22	30937712	30937814	2	2	1	1	0	38
chr22	31105287	31105657	2	2	1	1	0	15
chr22	31105693	31105929	2	2	1	1	0	35
chr22	31105966	31107376	2	2	1	1	0	6
chr22	31426783	31427059	1	1	1	1	0	19
chr22	31427183	31433871	1	1	1	2	0	36
chr22	31463134	31463680	2	2	1	1	0	42
chr22	31717292	31725537	2	2	1	1	0	24
chr22	32388100	32392239	2	2	1	2	0	37
chr22	32493282	32495492	1	1	1	1	0	9
chr22	32495531	32498143	1	1	1	1	0	18
chr22	32972899	32991073	2	2	1	1	0	20
chr22	35264097	35264647	1	1	1	1	0	22
chr22	35400977	35435992	0	0	1	3	0	30
chr22	35410911	35412509	1	1	1	2	0	16
chr22	35412682	35413874	1	1	1	2	0	40
chr22	35417857	35419883	1	1	1	1	0	19
chr22	35420013	35421317	1	1	1	1	0	15
chr22	35604176	35666426	2	2	1	2	0	33
chr22	35744250	35745922	2	2	1	4	0	46
chr22	35765484	35768256	2	2	1	1	0	31
chr22	35821371	35823918	1	1	1	1	0	16
chr22	36284512	36285120	2	2	1	2	0	11
chr22	36288940	36289084	2	2	1	1	0	34
chr22	36289298	36291985	2	2	1	2	0	28
chr22	36297015	36298918	2	2	1	1	0	19
chr22	36299043	36300126	2	2	1	1	0	7
chr22	36511001	36511502	2	2	1	10	0	43
chr22	36512603	36516477	2	2	1	2	0	4
chr22	36516608	36516704	2	2	1	2	0	40
chr22	36758410	36762903	2	2	1	1	0	25
chr22	37190678	37190864	2	2	1	1	0	32
chr22	37543599	37574370	1	1	1	1	0	39
chr22	37677066	37678482	1	1	1	1	0	40
chr22	37678655	37679602	1	1	1	3	0	41
chr22	37691425	37693331	1	1	1	1	0	17
chr22	37863346	37870175	1	1	1	2	0	46
chr22	37874525	37888515	1	1	1	1	3	18
chr22	37877853	37888446	1	1	1	1	0	29
chr22	37878172	37886764	1	1	1	2	0	32
chr22	37886846	37888425	1	1	1	26	0	44
chr22	37937195	37937745	1	1	1	1	0	29
chr22	37937793	37940708	1	1	1	1	0	16
chr22	37940809	37941816	1	1	1	1	0	27
chr22	37953808	37956772	1	1	1	1	0	45
chr22	37956843	37959345	1	1	1	2	0	12
chr22	37959477	37967098	1	1	1	2	0	32
chr22	37967171	37967624	1	1	1	39	0	42
chr22	38291939	38293254	2	2	1	7	0	20
chr22	38293320	38294108	2	2	1	21	0	43
chr22	38293320	38294201	2	2	1	3	0	35
chr22	38294249	38294341	2	2	1	12	0	40
chr22	38370046	38380369	2	2	1	1	0	41
chr22	38492116	38493709	2	2	1	11	0	40
chr22	38493772	38494020	2	2	1	1	0	10
chr22	38494132	38494629	2	2	1	3	0	31
chr22	38494803	38494885	2	2	1	12	0	45
chr22	38530857	38534788	1	1	1	0	1	28
chr22	38545884	38549924	2	2	1	1	0	29
chr22	38671189	38673158	1	1	1	1	0	45
chr22	38682442	38682878	1	1	1	1	0	27
chr22	38682997	38683766	1	1	1	1	0	10
chr22	39312985	39313190	2	2	1	905	5	46
chr22	39313290	39318427	2	2	1	1	0	38
chr22	39313296	39316705	2	2	1	2	4	41
chr22	39313311	39313633	2	2	1	134	2	45
chr22	39313730	39314106	2	2	1	15	0	44
chr22	39314209	39314685	2	2	1	5	0	43
chr22	39314847	39315368	2	2	1	6	0	38
chr22	39315556	39316705	2	2	1	3	0	33
chr22	39316842	39317460	2	2	1	6	0	43
chr22	39317630	39318399	2	2	1	9	0	46
chr22	39350110	39374315	1	1	1	1	0	43
chr22	39417850	39418731	1	1	1	1	0	9
chr22	39502438	39504202	1	1	1	1	0	36
chr22	40125863	40156114	1	1	1	2	0	14
chr22	40156183	40246014	1	1	1	3	0	31
chr22	40178141	40246014	1	1	1	7	0	25
chr22	40270281	40273424	1	1	1	2	0	6
chr22	40363072	40364275	1	1	1	2	3	34
chr22	40363093	40364275	1	1	1	0	3	3
chr22	40364366	40364879	1	1	1	1	0	22
chr22	40364366	40366435	1	1	1	7	0	45
chr22	40365057	40366435	1	1	1	67	1	46
chr22	40366499	40390229	1	1	1	0	1	3
chr22	40409512	40409787	2	4	1	1	0	27
chr22	40826667	40827095	2	2	1	18	0	42
chr22	40827230	40829625	2	2	1	1	0	17
chr22	40830957	40832568	2	2	1	0	2	23
chr22	40832672	40835559	2	2	1	8	6	46
chr22	40835671	40835802	2	2	1	5	0	26
chr22	40844910	40848293	2	2	1	0	1	18
chr22	40848370	40850822	2	2	1	0	1	38
chr22	40850881	40856430	2	2	1	2	0	14
chr22	40951477	40953554	1	1	1	1	0	28
chr22	40953634	40964046	1	1	1	2	0	34
chr22	40964118	40967798	1	1	1	2	0	31
chr22	40967885	40972475	1	1	1	36	0	44
chr22	41127749	41129889	1	1	1	1	0	17
chr22	41137791	41140139	1	1	1	2	0	26
chr22	41150199	41151832	1	1	1	3	0	31
chr22	41158501	41160611	1	1	1	1	1	40
chr22	41158501	41160641	1	1	1	1	0	34
chr22	41170572	41172498	1	1	1	4	0	45
chr22	41172664	41173622	1	1	1	3	0	35
chr22	41211344	41258797	1	1	1	1	0	27
chr22	41230775	41230842	2	4	1	1	0	21
chr22	41249818	41251006	2	2	1	2	0	22
chr22	41256106	41256190	2	2	1	3	0	34
chr22	41256291	41256710	2	2	1	3	0	31
chr22	41258107	41261445	2	2	1	2	0	15
chr22	41460488	41467447	2	2	1	1	0	6
chr22	41529337	41530686	2	2	1	1	0	6
chr22	41621346	41621989	1	1	1	1	0	20
chr22	41622087	41628117	1	1	1	2	0	35
chr22	41628231	41636112	1	1	1	4	0	34
chr22	41637792	41646895	1	1	1	2	1	35
chr22	41647083	41650722	1	1	1	2	0	3
chr22	41657033	41658251	1	1	1	8	0	41
chr22	41658353	41661330	1	1	1	9	0	42
chr22	41661445	41663621	1	1	1	5	0	36
chr22	41874020	41875336	1	1	1	1	0	5
chr22	41894938	41897051	1	1	1	2	0	22
chr22	41906812	41907167	2	4	1	2	0	25
chr22	42082066	42083118	1	1	1	2	0	46
chr22	42086315	42087059	2	2	1	32	0	43
chr22	42087176	42090605	2	2	1	1	0	28
chr22	42161359	42168608	2	2	1	1	0	37
chr22	42364726	42365064	2	2	1	1	0	8
chr22	42364726	42368714	2	2	1	1	0	24
chr22	42571884	42574679	2	2	1	1	0	36
chr22	42619946	42623788	2	2	1	1	0	7
chr22	42888799	42890946	2	2	1	1	0	14
chr22	42961352	42982774	2	2	1	1	0	39
chr22	43161191	43162802	1	1	1	1	0	5
chr22	43826114	43827513	2	2	1	2	0	45
chr22	43976184	43976749	1	1	1	1	0	37
chr22	43976822	43977871	1	1	1	3	0	18
chr22	43989258	43990264	1	1	1	1	0	45
chr22	43990407	43996337	1	1	1	17	0	42
chr22	44825594	44845268	1	1	1	3	0	29
chr22	45178901	45181285	1	1	1	2	0	45
chr22	45181368	45183401	1	1	1	1	0	44
chr22	45689904	45692995	1	1	1	1	0	29
chr22	45693079	45700281	1	1	1	1	0	22
chr22	45738840	45740368	1	1	1	2	0	29
chr22	45740539	45806958	1	1	1	1	0	7
chr22	45843179	45843668	1	1	1	1	0	18
chr22	46353868	46355443	1	1	1	1	0	16
chr22	46687207	46689991	2	2	1	1	0	23
chr22	50099603	50108135	1	1	1	2	0	14
chr22	50217828	50217917	2	2	1	6	0	24
chr22	50225944	50226049	2	2	1	1	0	8
chr22	50444118	50444198	1	1	1	3	0	31
chr22	50444454	50445617	2	2	1	0	2	3
chr22	50447454	50447521	2	2	1	1	0	9
chr22	50517662	50517740	1	1	1	1	0	7
chr22	50517810	50517972	1	1	1	1	0	16
chr22	50522570	50522670	1	1	1	1	0	45
chr22	50523167	50523234	1	1	1	3	0	26
chr22	50569422	50569575	2	2	1	1	0	30
chrX	311628	312765	2	2	1	0	1	38
chrX	321249	321682	1	1	1	0	4	30
chrX	322130	322271	1	1	1	0	5	43
chrX	334518	338603	2	2	1	0	2	18
chrX	338897	340764	2	2	1	0	1	23
chrX	393964	396290	1	1	1	0	1	31
chrX	1368091	1378040	2	2	1	0	1	20
chrX	1368091	1378321	2	2	1	0	1	12
chrX	1386760	1387278	2	2	1	0	1	23
chrX	1387420	1389240	2	2	1	0	2	12
chrX	1412889	1413761	1	1	1	0	1	14
chrX	1500091	1521278	2	2	1	0	1	41
chrX	1506909	1521278	2	2	1	0	1	41
chrX	2425305	2500310	2	2	1	0	1	42
chrX	3608946	3612176	2	2	1	0	1	14
chrX	3817779	3828505	2	2	1	1	0	23
chrX	3817779	3855588	2	2	1	3	0	16
chrX	7900818	7901988	2	2	1	4	0	29
chrX	7929549	7934570	1	1	1	1	0	38
chrX	9709761	9711610	1	1	1	2	0	31
chrX	10116512	10141506	1	1	1	1	0	37
chrX	10139541	10140996	1	1	1	1	0	21
chrX	10139541	10141434	1	1	1	9	0	37
chrX	10144186	10144259	2	2	1	2	0	44
chrX	10523188	10566887	2	2	1	1	0	24
chrX	10703597	10750560	1	1	1	1	0	39
chrX	11120994	11121611	1	1	1	2	0	7
chrX	12975169	12976245	1	1	1	3	0	38
chrX	12976362	12976776	1	1	1	18	0	44
chrX	13744520	13746318	1	1	1	3	0	43
chrX	13746456	13746779	1	1	1	2	0	21
chrX	13746954	13749426	1	1	1	1	0	5
chrX	13755243	13756577	1	1	1	1	0	33
chrX	13762445	13763744	1	1	1	1	0	20
chrX	13762445	13767126	1	1	1	1	0	39
chrX	13763856	13767126	1	1	1	1	0	7
chrX	13767285	13768053	1	1	1	1	0	25
chrX	13768786	13769065	1	1	1	5	0	44
chrX	13774625	13776237	2	2	1	1	0	10
chrX	15390252	15397448	2	2	1	1	0	24
chrX	15689324	15701405	1	1	1	2	0	36
chrX	15692016	15704746	1	1	1	1	0	12
chrX	15799954	15803687	1	1	1	2	0	25
chrX	15803797	15804110	1	1	1	1	0	21
chrX	15820317	15822844	1	1	1	1	0	32
chrX	15831569	15845378	2	2	1	1	0	41
chrX	16153280	16153681	2	2	1	1	0	22
chrX	16590863	16609540	2	2	1	2	0	29
chrX	16719900	16735226	1	1	1	5	0	43
chrX	16741790	16743700	1	1	1	1	0	33
chrX	16755094	16756662	1	1	1	1	0	8
chrX	16757310	16760231	1	1	1	3	0	41
chrX	16757598	16758923	2	4	1	1	0	46
chrX	16829771	16832622	1	1	1	3	0	13
chrX	16832743	16834282	1	1	1	17	0	42
chrX	16834358	16837592	1	1	1	12	0	45
chrX	16857710	16858675	2	2	1	1	0	15
chrX	16858850	16862954	2	2	1	1	0	4
chrX	16863101	16869075	2	2	1	3	0	40
chrX	18613276	18619866	1	1	1	1	0	38
chrX	18941676	18943709	2	2	1	1	0	33
chrX	19353174	19354490	1	1	1	1	0	17
chrX	19357720	19358915	1	1	1	1	0	45
chrX	19359025	19359488	1	1	1	1	0	15
chrX	19595001	19607937	2	2	1	3	0	35
chrX	20063578	20064727	2	2	1	1	0	29
chrX	20128312	20130515	2	2	1	0	17	46
chrX	20130608	20132181	2	2	1	0	2	23
chrX	20134008	20135737	2	2	1	0	1	35
chrX	20135842	20138538	2	2	1	0	3	41
chrX	20138623	20141624	2	2	1	2	0	28
chrX	20188535	20193486	2	2	1	1	0	36
chrX	21532068	21561470	1	1	1	1	0	7
chrX	21967317	21971896	1	1	1	1	0	16
chrX	21971991	21972506	1	1	1	1	0	41
chrX	21978115	21978876	1	5	1	1	0	37
chrX	21985224	21992596	1	1	1	2	0	18
chrX	21992713	21994311	1	1	1	1	0	3
chrX	21994312	21994671	1	1	1	1	0	20
chrX	23076340	23076668	0	0	1	0	3	41
chrX	23671647	23674989	1	1	1	3	0	31
chrX	23679288	23682395	1	1	1	4	0	23
chrX	23682527	23683670	1	1	1	49	0	35
chrX	23683706	23686284	1	1	1	62	0	37
chrX	23707945	23713134	2	2	1	4	0	30
chrX	23707945	23721880	2	2	1	1	0	25
chrX	23713209	23721880	2	2	1	1	0	7
chrX	23783418	23783657	1	1	1	1	0	15
chrX	23833511	23833606	2	2	1	2	0	6
chrX	23833511	23840312	2	2	1	3	0	17
chrX	23833613	23840312	2	2	1	2	0	6
chrX	23840378	23856301	2	2	1	4	0	34
chrX	23858734	23868592	2	2	1	1	0	13
chrX	24057755	24060087	1	1	1	1	0	27
chrX	24066093	24067963	1	1	1	1	0	15
chrX	24071728	24073090	1	1	1	2	0	6
chrX	24703348	24704388	1	1	1	2	0	41
chrX	24704470	24714553	1	1	1	1	0	34
chrX	24714670	24715140	1	1	1	2	0	40
chrX	24741505	24742001	1	1	1	1	0	35
chrX	24748461	24748869	1	1	1	3	0	21
chrX	24748993	24809897	1	1	1	1	0	5
chrX	24809931	24810707	1	1	1	1	0	33
chrX	24810801	24812657	1	1	1	1	0	38
chrX	24888123	24930452	1	1	1	2	0	28
chrX	30720996	30724100	1	1	1	1	0	7
chrX	32365200	32380509	2	2	1	1	0	8
chrX	37086525	37086628	2	4	1	0	1	26
chrX	37840652	37841027	2	2	1	3	0	32
chrX	37841106	37841781	2	2	1	1	0	12
chrX	38221800	38223421	1	1	1	2	0	26
chrX	38276773	38287093	2	2	1	1	0	30
chrX	40063072	40063607	2	2	1	4	0	43
chrX	40063851	40064335	2	2	1	1	0	13
chrX	40682750	40682835	2	2	1	1	0	38
chrX	41106723	41107210	1	1	1	1	0	39
chrX	41137023	41140655	1	1	1	1	0	44
chrX	41140772	41140965	1	1	1	2	0	43
chrX	41141432	41143290	1	1	1	1	0	19
chrX	41153082	41162789	1	1	1	1	0	26
chrX	41210683	41214567	1	1	1	0	1	3
chrX	41214710	41215898	1	1	1	1	0	24
chrX	41224963	41225048	1	1	1	1	0	8
chrX	41337466	41337690	1	1	1	1	0	28
chrX	41342837	41343215	1	1	1	1	0	14
chrX	41343823	41344029	1	1	1	1	0	7
chrX	41344129	41344238	1	1	1	2	0	40
chrX	41345549	41346228	1	1	1	1	0	36
chrX	41347452	41347639	1	1	1	1	0	31
chrX	41534787	41534892	2	2	1	1	0	17
chrX	41853228	41922929	2	2	1	1	0	9
chrX	44538543	44541944	2	2	1	2	0	28
chrX	44883089	44892910	1	1	1	1	0	23
chrX	45078506	45079145	1	1	1	2	0	12
chrX	47142441	47142583	2	2	1	2	0	11
chrX	47179496	47179879	1	1	1	1	0	38
chrX	47182043	47182161	1	1	1	2	0	36
chrX	47185791	47186064	1	1	1	1	0	20
chrX	47186388	47186473	1	1	1	1	0	45
chrX	47201611	47202155	1	1	1	1	0	27
chrX	47226910	47226993	1	1	1	1	0	37
chrX	47228645	47228730	1	1	1	3	0	31
chrX	47245483	47247071	1	1	1	3	0	39
chrX	47247420	47247610	1	1	1	1	0	46
chrX	47247700	47247792	1	1	1	2	0	25
chrX	47566912	47566985	1	1	1	2	0	30
chrX	47624441	47626057	2	2	1	1	0	42
chrX	47651896	47652080	2	2	1	11	0	40
chrX	47652145	47657182	2	2	1	8	0	38
chrX	47657291	47657571	2	2	1	1	0	38
chrX	47657640	47657781	2	2	1	3	0	28
chrX	47895941	47914923	1	1	1	2	0	30
chrX	48458601	48459780	2	2	1	1	0	25
chrX	48481529	48481631	1	1	1	2	0	7
chrX	48512720	48514239	1	1	1	1	0	27
chrX	48521908	48522192	1	1	1	1	0	26
chrX	48522253	48523698	1	1	1	1	0	6
chrX	48527286	48528233	1	1	1	1	0	41
chrX	48577110	48577464	1	1	1	1	0	13
chrX	48708873	48708914	2	2	1	1	0	22
chrX	48816053	48816140	1	1	1	1	0	7
chrX	48894011	48894096	2	2	1	2	0	34
chrX	48902043	48902731	1	1	1	1	0	7
chrX	48902796	48902927	1	1	1	4	0	36
chrX	48917832	48918535	2	2	1	1	0	7
chrX	48923296	48923632	2	2	1	1	0	36
chrX	48983093	48983227	2	2	1	2	0	31
chrX	48999300	48999437	2	2	1	1	0	26
chrX	49832651	49833845	1	1	1	1	0	35
chrX	50422527	50424247	2	2	1	1	0	39
chrX	51333460	51336238	1	1	1	2	0	21
chrX	51898194	51898284	1	1	1	2	0	33
chrX	51900297	51901552	1	1	1	1	0	11
chrX	51901939	51902145	1	1	1	12	0	45
chrX	52062039	52062221	2	2	1	0	2	10
chrX	52062039	52062233	2	2	1	0	4	32
chrX	52191862	52192056	1	1	1	0	4	32
chrX	52191874	52192056	1	1	1	0	2	10
chrX	53266514	53279587	1	3	1	1	0	24
chrX	53381088	53382231	2	2	1	1	0	39
chrX	53382661	53383096	2	2	1	1	0	39
chrX	53399731	53403565	2	2	1	14	0	40
chrX	53403673	53403776	2	2	1	2	0	28
chrX	53403894	53405011	2	2	1	2	0	39
chrX	53405392	53405492	2	2	1	1	0	44
chrX	53405673	53405770	2	2	1	2	0	16
chrX	53405957	53409061	2	2	1	1	0	6
chrX	53411902	53411994	2	2	1	1	0	3
chrX	53413139	53413231	2	2	1	1	0	33
chrX	53413436	53414757	2	2	1	2	0	24
chrX	53431595	53431797	2	2	1	1	0	17
chrX	53533412	53534006	2	2	1	2	0	41
chrX	53536253	53536379	2	2	1	2	0	28
chrX	53537697	53538336	2	2	1	1	0	33
chrX	53558810	53558970	2	2	1	4	0	40
chrX	53561925	53562110	2	2	1	1	0	16
chrX	53562245	53562830	2	2	1	4	0	24
chrX	53584346	53585011	2	2	1	8	0	44
chrX	53585189	53586489	2	2	1	1	0	35
chrX	53617148	53617339	2	2	1	1	0	3
chrX	53730381	53738911	2	2	1	3	0	34
chrX	54333793	54357721	2	2	1	1	0	38
chrX	54333793	54357798	2	2	1	1	0	41
chrX	54468877	54470015	2	2	1	2	0	42
chrX	54530420	54532519	1	1	1	1	0	22
chrX	54812252	54812944	1	1	1	2	0	45
chrX	54813025	54813117	1	1	1	2	0	13
chrX	54814776	54815247	1	1	1	1	0	38
chrX	54815679	54815880	1	1	1	1	0	41
chrX	54815691	54815880	1	1	1	22	0	42
chrX	54931032	54931203	1	1	1	2	0	17
chrX	57120632	57121237	2	4	1	0	1	13
chrX	57136600	57137204	2	4	1	0	1	13
chrX	63655738	63665885	2	2	1	1	0	10
chrX	64539215	64571983	1	1	1	1	0	16
chrX	64917897	64919041	2	2	1	1	0	29
chrX	65512902	65514822	2	2	1	2	0	26
chrX	65731985	65733183	1	1	1	3	0	38
chrX	65733281	65735266	1	1	1	2	0	18
chrX	65735431	65736794	1	1	1	2	0	29
chrX	66200753	66203363	1	1	1	1	0	39
chrX	70353808	70374150	1	1	1	1	0	42
chrX	70374255	70375203	1	1	1	1	0	12
chrX	70375349	70376099	1	1	1	2	0	28
chrX	70386702	70387183	1	1	1	1	0	32
chrX	70387298	70395670	1	1	1	1	0	35
chrX	70404035	70404714	1	1	1	1	0	24
chrX	70492284	70492520	1	1	1	1	0	33
chrX	70492597	70493375	1	1	1	1	0	18
chrX	70926179	70926526	2	2	1	1	0	25
chrX	70926694	70926874	2	2	1	2	0	41
chrX	71102366	71103446	2	4	1	1	0	20
chrX	71194941	71195595	2	2	1	1	0	45
chrX	71244894	71245338	2	2	1	1	0	41
chrX	71290792	71291778	1	1	1	3	0	8
chrX	71296661	71296850	1	1	1	1	0	46
chrX	71297048	71297376	1	1	1	1	0	23
chrX	71383165	71383961	1	1	1	1	0	41
chrX	71397467	71398571	1	1	1	1	0	13
chrX	71459709	71460625	1	1	1	1	0	34
chrX	72044817	72044884	2	4	1	5	1	45
chrX	72087612	72087744	2	4	1	2	0	41
chrX	72196905	72197367	1	1	1	9	0	42
chrX	72272737	72273231	2	2	1	12	0	38
chrX	72272773	72273231	2	2	1	247	0	46
chrX	72273390	72273800	2	2	1	10	0	27
chrX	72275725	72276156	2	2	1	3	0	41
chrX	72276235	72277192	2	2	1	1	0	30
chrX	73994962	73998767	1	1	1	1	0	4
chrX	74000497	74004269	1	1	1	3	0	31
chrX	75053586	75060222	2	2	1	3	0	30
chrX	75060331	75062327	2	2	1	1	0	34
chrX	75065242	75069006	2	2	1	2	0	29
chrX	75422927	75510697	1	1	1	2	0	41
chrX	75478986	75505820	2	2	1	1	0	27
chrX	75505848	75522888	2	2	1	1	0	26
chrX	76174950	76175472	1	1	1	1	0	27
chrX	76175614	76176880	1	1	1	1	0	41
chrX	76175614	76177615	1	1	1	2	0	3
chrX	76176993	76177615	1	1	1	1	0	16
chrX	76176993	76177695	1	1	1	1	0	24
chrX	77523402	77557450	2	2	1	1	0	3
chrX	77557646	77558668	2	2	1	1	0	27
chrX	77599821	77600433	2	2	1	9	0	45
chrX	77600565	77616612	2	2	1	1	0	10
chrX	77633385	77633565	2	2	1	1	0	12
chrX	77634704	77635914	2	2	1	2	0	22
chrX	77636057	77652113	2	2	1	2	0	39
chrX	77654201	77656559	2	2	1	1	0	3
chrX	77656654	77663381	2	2	1	1	0	20
chrX	77663559	77664644	2	2	1	3	0	19
chrX	77664779	77676225	2	2	1	4	0	40
chrX	77676299	77681519	2	2	1	3	0	42
chrX	77693938	77696576	2	2	1	1	0	32
chrX	77829236	77830804	2	2	1	1	0	26
chrX	77855591	77856732	2	2	1	1	0	11
chrX	77902768	77905183	1	1	1	7	0	44
chrX	78104406	78109866	1	1	1	2	0	34
chrX	78109918	78113743	1	1	1	2	0	7
chrX	78114161	78117311	1	1	1	1	0	37
chrX	78117416	78118050	1	1	1	1	0	30
chrX	78118171	78122834	1	1	1	2	0	11
chrX	78122950	78123194	1	1	1	1	0	12
chrX	78123375	78124873	1	1	1	1	0	33
chrX	78125052	78125326	1	1	1	1	0	29
chrX	78748035	78748962	1	1	1	2	0	13
chrX	78748035	78750173	1	1	1	1	0	12
chrX	78750224	78750729	1	1	1	1	0	30
chrX	79361178	79361328	2	2	1	4	0	15
chrX	80677364	80681340	2	2	1	2	0	37
chrX	80684163	80685461	2	2	1	1	0	31
chrX	80687004	80688068	2	2	1	1	0	32
chrX	80693052	80695907	2	2	1	2	0	18
chrX	80704847	80707426	2	2	1	1	0	17
chrX	81115231	81116203	2	2	1	1	0	13
chrX	81116342	81118431	2	2	1	1	0	3
chrX	81118486	81118729	2	2	1	1	0	12
chrX	81118760	81119787	2	2	1	3	0	30
chrX	81119818	81121534	2	2	1	6	0	30
chrX	81202246	81276983	1	1	1	1	0	22
chrX	84097849	84102036	2	2	1	1	0	23
chrX	84333843	84336800	2	2	1	1	0	32
chrX	91811296	91835460	1	1	1	1	0	43
chrX	92100252	92105292	2	2	1	1	0	36
chrX	92105646	92105676	1	1	1	0	15	46
chrX	96916575	96918508	1	1	1	1	0	7
chrX	97384045	97429649	1	1	1	4	0	25
chrX	97429746	97469693	1	1	1	10	0	41
chrX	97429746	97599252	1	1	1	1	0	18
chrX	100634030	100635177	2	2	1	1	0	11
chrX	100635253	100635557	2	2	1	1	0	24
chrX	100635747	100636607	2	2	1	1	0	7
chrX	100837450	100838238	1	1	1	2	0	32
chrX	100838365	100840713	1	1	1	4	0	45
chrX	101391565	101391754	1	1	1	11	1	42
chrX	101391823	101395334	1	1	1	5	81	46
chrX	101395458	101395727	1	1	1	193	2	45
chrX	101658526	101659075	2	2	1	1	0	34
chrX	102514125	102515063	2	2	1	1	0	9
chrX	102827145	102865041	1	1	1	0	1	9
chrX	102839973	102865041	1	1	1	0	1	9
chrX	102897765	102900749	1	1	1	1	0	11
chrX	103063280	103063641	2	2	1	1	0	19
chrX	103063732	103064095	2	2	1	5	0	30
chrX	103254018	103254604	2	2	1	2	0	11
chrX	103254018	103255077	2	2	1	2	0	11
chrX	103254678	103255077	2	2	1	3	0	14
chrX	103275343	103276672	2	2	1	1	0	26
chrX	103310434	103310582	2	2	1	1	0	22
chrX	103310434	103310859	2	2	1	2	0	34
chrX	103330305	103330976	1	1	1	1	0	23
chrX	103356607	103357082	1	1	1	4	0	43
chrX	103357162	103357614	1	1	1	1	0	28
chrX	103375756	103375890	1	3	1	1	0	44
chrX	103376614	103377027	1	1	1	2	0	17
chrX	103377107	103377462	1	1	1	3	0	10
chrX	103585625	103586218	1	1	1	1	0	44
chrX	103586292	103586648	1	1	1	4	0	31
chrX	103628794	103629493	1	1	1	1	0	29
chrX	103677052	103678498	2	2	1	1	0	29
chrX	103685261	103686630	2	2	1	1	0	7
chrX	106981478	106985095	2	2	1	1	0	35
chrX	107628751	107639294	1	1	1	2	0	26
chrX	107647766	107649939	1	1	1	6	0	46
chrX	108085128	108087685	2	2	1	2	0	37
chrX	108088100	108088751	2	2	1	1	0	12
chrX	108581028	108582883	1	1	1	1	0	30
chrX	108582938	108584483	1	1	1	1	0	4
chrX	108597069	108597376	1	1	1	2	0	4
chrX	108621893	108622675	1	1	1	1	0	16
chrX	108625795	108626209	1	1	1	2	0	29
chrX	109537022	109538044	1	1	1	1	0	12
chrX	109644187	109659353	2	2	1	1	0	16
chrX	109665495	109668100	2	2	1	2	0	43
chrX	111685104	111686136	1	1	1	1	0	20
chrX	111686175	111687886	1	1	1	1	0	34
chrX	112660726	112671008	2	2	1	1	0	30
chrX	115165953	115166254	2	2	1	1	0	38
chrX	115561261	115610242	1	1	1	1	0	43
chrX	115629968	115633999	1	1	1	1	0	17
chrX	115634082	115634880	1	1	1	1	0	9
chrX	115645100	115646071	1	1	1	1	0	44
chrX	115646536	115647549	1	1	1	1	0	19
chrX	118618940	118649600	2	2	1	0	1	38
chrX	118747093	118749657	1	1	1	1	0	12
chrX	119240465	119243150	1	1	1	1	0	12
chrX	119468627	119469660	1	1	1	2	0	30
chrX	119470148	119470372	1	1	1	3	0	19
chrX	119470514	119470900	1	1	1	2	0	19
chrX	119542595	119544352	2	2	1	2	0	5
chrX	119629509	119633359	2	2	1	3	0	31
chrX	119786733	119789907	2	2	1	0	95	46
chrX	119790012	119791573	2	2	1	0	7	42
chrX	119838052	119838366	2	2	1	9	0	41
chrX	119838528	119841075	2	2	1	2	0	14
chrX	119840685	119841075	2	2	1	1	0	26
chrX	119841259	119841734	2	2	1	3	0	31
chrX	119841779	119843190	2	2	1	2	0	22
chrX	119845297	119851494	2	2	1	4	0	25
chrX	119851602	119851766	2	2	1	1	0	20
chrX	119872014	119873303	1	1	1	5	0	39
chrX	119873394	119876513	1	1	1	33	1	43
chrX	119934558	119936296	2	2	1	3	0	32
chrX	119936432	119936611	2	2	1	1	0	38
chrX	119936683	119938729	2	2	1	1	0	46
chrX	120439294	120441729	2	2	1	1	0	3
chrX	120446428	120447840	2	2	1	1	0	41
chrX	120526857	120530101	2	2	1	1	0	25
chrX	120532595	120534480	2	2	1	1	0	25
chrX	120538771	120539267	2	2	1	1	0	19
chrX	120606177	120608224	1	1	1	1	0	4
chrX	120611079	120612182	1	1	1	5	0	44
chrX	123601339	123610917	2	2	1	2	0	26
chrX	123611517	123613398	2	2	1	2	0	13
chrX	123613557	123613638	2	2	1	4	0	30
chrX	123613709	123614051	2	2	1	3	0	27
chrX	123614190	123619400	2	2	1	4	0	41
chrX	123619437	123620187	2	2	1	1	0	24
chrX	123619437	123620906	2	2	1	3	0	36
chrX	123620966	123621156	2	4	1	2	0	38
chrX	123621588	123622757	2	2	1	4	0	33
chrX	123622861	123623104	2	2	1	5	0	40
chrX	123623972	123624059	2	2	1	1	0	33
chrX	123624670	123625911	2	2	1	1	0	23
chrX	123639028	123640537	2	2	1	1	0	34
chrX	123640623	123644574	2	2	1	1	0	14
chrX	123668315	123671668	2	2	1	22	0	44
chrX	123671762	123686547	2	2	1	3	0	32
chrX	124021432	124022530	1	1	1	1	0	44
chrX	124022672	124025839	1	1	1	2	0	30
chrX	124045369	124047353	1	1	1	5	0	44
chrX	124061342	124061770	1	1	1	3	0	45
chrX	124086771	124090574	1	1	1	1	0	26
chrX	124331822	124338580	2	2	1	0	4	43
chrX	129448444	129465519	2	2	1	4	0	35
chrX	129465733	129465843	2	2	1	2	0	26
chrX	129471327	129480700	2	2	1	1	0	34
chrX	129504803	129506079	2	2	1	1	0	7
chrX	129515995	129516330	2	2	1	1	0	17
chrX	129518448	129523196	2	2	1	3	0	37
chrX	129919295	129919394	1	1	1	3	0	39
chrX	129919490	129920456	1	1	1	1	0	16
chrX	130147624	130147751	2	2	1	1	0	31
chrX	130149569	130156460	2	2	1	1	0	19
chrX	130409387	130411347	1	1	1	4	0	34
chrX	130635092	130637228	2	2	1	2	0	23
chrX	130665750	130667529	2	2	1	1	0	16
chrX	130783691	130901683	2	2	1	1	0	44
chrX	131274878	131274998	2	2	1	1	0	17
chrX	131749459	131755597	2	2	1	3	0	34
chrX	131768697	131783886	2	2	1	2	0	16
chrX	131792235	131793993	2	2	1	1	0	19
chrX	131794467	131825221	2	2	1	3	0	13
chrX	131795521	131796036	1	1	1	2	0	15
chrX	133596600	133661729	2	2	1	1	0	14
chrX	134378107	134393500	1	1	1	1	0	37
chrX	134393635	134393908	1	1	1	3	0	34
chrX	134393953	134413487	1	1	1	1	0	14
chrX	134413967	134415015	1	1	1	10	0	41
chrX	136226014	136227283	2	2	1	2	0	37
chrX	136227432	136228622	2	2	1	2	0	33
chrX	136228759	136230384	2	2	1	1	0	17
chrX	136230591	136230838	2	2	1	1	0	44
chrX	136230594	136230838	2	2	1	1	0	44
chrX	136244796	136246064	2	2	1	5	0	38
chrX	136246149	136246242	2	2	1	6	0	25
chrX	136246342	136251288	2	2	1	1	0	22
chrX	136497871	136499597	1	1	1	1	0	20
chrX	136500819	136502777	1	1	1	2	0	45
chrX	136675097	136676623	2	2	1	1	0	36
chrX	136874453	136875085	2	2	1	1	0	9
chrX	136875384	136875470	2	2	1	1	0	10
chrX	139728963	139731650	2	2	1	1	0	14
chrX	139782729	139783163	2	2	1	2	0	43
chrX	139783268	139785225	2	2	1	3	0	22
chrX	139787245	139788191	2	2	1	1	0	27
chrX	147930042	147930127	1	1	1	1	0	4
chrX	147930245	147932424	1	1	1	1	0	33
chrX	147932596	147932684	1	1	1	1	0	21
chrX	147945617	147948412	1	1	1	5	0	30
chrX	147945617	147948682	1	1	1	1	0	19
chrX	147945617	147948733	1	1	1	1	0	10
chrX	150016501	150016610	1	1	1	1	0	36
chrX	150983377	150985594	1	1	1	2	0	13
chrX	150986191	150987127	1	1	1	8	0	43
chrX	150987303	150987776	1	1	1	29	0	46
chrX	151550903	151551021	2	2	1	0	1	45
chrX	152650581	152651525	1	1	1	1	0	16
chrX	152831118	152846281	1	1	1	1	0	15
chrX	152865962	152867570	1	1	1	1	0	4
chrX	153446112	153447747	2	4	1	0	1	4
chrX	153447910	153454393	2	2	1	1	0	6
chrX	153700976	153702006	2	2	1	1	0	22
chrX	153703059	153703958	2	2	1	1	0	25
chrX	153704095	153715541	2	2	1	2	0	42
chrX	153715690	153720871	2	2	1	2	0	45
chrX	153720973	153723152	2	2	1	1	0	42
chrX	153785974	153786211	2	2	1	3	0	13
chrX	153786273	153786354	2	2	1	1	0	18
chrX	153786948	153787050	2	2	1	1	0	7
chrX	153787956	153788074	2	2	1	3	0	25
chrX	153797815	153798070	1	1	1	11	0	42
chrX	153798137	153798328	1	1	1	30	0	46
chrX	153802239	153802891	2	2	1	1	0	31
chrX	153963434	153964123	2	2	1	1	0	28
chrX	154349037	154349361	2	2	1	1	0	9
chrX	154349868	154350030	2	2	1	1	0	24
chrX	154351042	154351580	2	2	1	1	0	30
chrX	154352448	154352552	2	2	1	0	2	21
chrX	154352676	154352771	2	2	1	1	0	31
chrX	154353205	154353295	2	2	1	2	0	43
chrX	154364720	154364820	2	2	1	1	0	11
chrX	154398543	154399337	1	1	1	1	1	44
chrX	154399397	154399486	1	1	1	2	0	30
chrX	154399595	154399802	1	1	1	9	0	41
chrX	154399851	154400786	1	1	1	0	1	18
chrX	154399942	154400463	1	1	1	5	0	35
chrX	154399942	154400701	1	1	1	1	0	14
chrX	154400627	154400701	1	1	1	123	1	46
chrX	154450320	154450423	1	1	1	3	0	23
chrX	154478059	154478282	2	2	1	2	0	14
chrX	154478412	154478727	2	2	1	1	0	27
chrX	154508598	154511847	2	2	1	1	0	24
chrX	154511872	154512822	2	2	1	1	0	13
chrX	154531489	154532607	0	0	1	3	0	43
chrX	154773250	154774601	1	1	1	1	0	9
chrX	154774706	154775194	1	1	1	10	0	37
chrX	154775274	154776186	1	1	1	11	0	43
chrX	154776325	154776798	1	1	1	4	0	32
chrX	155073432	155077169	1	1	1	1	0	16
chrX	155116189	155116710	1	1	1	1	0	41
chrX	155116755	155119998	1	1	1	1	0	7
chrX	155120169	155121222	1	1	1	1	0	10
chrX	155220308	155227234	1	1	1	1	0	3
chrX	155236368	155238771	1	1	1	1	0	7
chrX	155348891	155349581	1	1	1	0	1	19
chrX	155491667	155492356	2	2	1	0	1	19
chrX	156024273	156025031	1	1	1	0	2	40
chrY	311628	312765	2	2	1	0	1	38
chrY	321249	321682	1	1	1	0	4	30
chrY	322130	322271	1	1	1	0	5	43
chrY	334518	338603	2	2	1	0	2	18
chrY	338897	340764	2	2	1	0	1	23
chrY	393964	396290	1	1	1	0	1	31
chrY	1368091	1378040	2	2	1	0	1	20
chrY	1368091	1378321	2	2	1	0	1	12
chrY	1386760	1387278	2	2	1	0	1	23
chrY	1387420	1389240	2	2	1	0	2	12
chrY	1412889	1413761	1	1	1	0	1	14
chrY	1500091	1521278	2	2	1	0	1	41
chrY	1506909	1521278	2	2	1	0	1	41
chrY	2425305	2500310	2	2	1	0	1	42
chrY	2842243	2844076	1	1	1	2	0	5
chrY	2844258	2845645	1	1	1	1	0	10
chrY	2854772	2865087	1	1	1	2	0	29
chrY	2865246	2866792	1	1	1	74	0	46
chrY	7329449	7330590	1	1	1	1	0	36
chrY	7356231	7367355	1	1	1	1	0	16
chrY	7371890	7375711	1	1	1	0	1	14
chrY	7621892	7622051	2	2	1	0	1	45
chrY	12662707	12664639	1	1	1	1	0	39
chrY	12664687	12686512	1	1	1	2	0	44
chrY	12686607	12702009	1	1	1	1	0	27
chrY	12702056	12708948	1	1	1	1	0	19
chrY	12916443	12916516	1	1	1	1	0	35
chrY	12917543	12918042	1	1	1	2	0	22
chrY	13324707	13326220	2	2	1	1	0	14
chrY	14138789	14180665	2	2	1	1	0	45
chrY	14723270	14733451	1	1	1	3	0	28
chrY	19593594	19595986	1	1	1	1	0	13
chrY	19596135	19597590	1	1	1	1	0	20
chrY	20589576	20592340	1	1	1	1	0	24
chrY	22709058	22709217	1	1	1	0	1	45
chrY	23486973	23487132	2	2	1	0	1	45
chrY	26183476	26183635	1	1	1	0	1	45
chrY	57210793	57211551	1	1	1	0	2	40
chrM	4886	5368	2	2	1	2	0	38
chrM	6395	6517	0	0	1	4	0	37
chrM	6665	7425	2	2	1	1	0	36
chrM	7116	7412	2	2	1	0	4	46
chrM	7194	7412	2	2	1	1	2	30
chrM	7350	7409	2	2	1	4	0	37
chrM	7367	7425	2	2	1	2	0	21
chrM	7377	7409	2	2	1	0	1	33
chrM	7422	7462	0	0	1	0	4	39
chrM	8060	8090	1	1	1	2	0	40
chrM	8068	8125	2	2	1	5	0	31
chrM	8264	10619	2	2	1	1	0	43
chrM	8971	9030	2	2	1	6	0	39
chrM	9282	9562	2	2	1	1	0	45
chrM	14413	14716	2	2	1	1	0	20
GL000195.1	147207	148203	2	2	1	2	0	42
GL000219.1	78953	79936	2	2	1	0	2	23
GL000219.1	80029	83212	2	2	1	0	1	14
GL000220.1	4711	5540	2	2	1	2	0	42
GL000220.1	103996	104447	2	2	1	0	1	41
GL000220.1	109381	109417	2	2	1	0	1	45
GL000220.1	109733	153705	1	1	1	0	8	41
GL000220.1	109751	153550	2	2	1	0	1	14
GL000220.1	109757	153729	1	1	1	0	1	31
GL000220.1	109898	110000	1	1	1	0	1	43
GL000220.1	109909	115959	1	3	1	0	2	17
GL000220.1	109920	110832	2	4	1	0	3	17
GL000220.1	109933	109953	2	2	0	0	1	34
GL000220.1	110121	115689	1	1	1	0	1	20
GL000220.1	110121	159661	1	1	1	0	1	20
GL000220.1	110167	110780	0	0	1	0	5	45
GL000220.1	110274	154009	0	0	1	0	3	42
GL000220.1	110568	116146	1	1	1	0	6	19
GL000220.1	110587	115601	1	1	1	0	1	35
GL000220.1	110587	159573	1	1	1	0	1	35
GL000220.1	110757	154729	1	1	1	0	3	26
GL000220.1	112618	156350	1	1	1	0	1	16
GL000220.1	113579	153722	1	1	1	0	3	40
GL000220.1	114741	115752	1	1	1	0	5	23
GL000220.1	114741	159724	1	1	1	0	5	23
GL000220.1	114944	153526	1	3	1	0	2	39
GL000220.1	115017	116022	1	1	1	0	1	15
GL000220.1	115017	159994	1	1	1	0	1	15
GL000220.1	115033	154981	2	2	1	0	1	36
GL000220.1	115100	115695	1	1	1	0	1	45
GL000220.1	115191	157620	1	1	1	0	3	22
GL000220.1	115332	115656	1	1	1	0	1	35
GL000220.1	115343	154821	2	4	1	0	1	40
GL000220.1	115397	159228	1	3	1	0	3	24
GL000220.1	115443	158811	1	1	1	0	5	35
GL000220.1	115650	116036	2	4	1	0	6	26
GL000220.1	115790	115875	1	1	1	0	1	20
GL000220.1	115930	159555	0	0	1	3	2	37
GL000220.1	116011	153743	1	1	1	0	1	40
GL000220.1	116037	159621	2	4	1	0	12	32
GL000220.1	116278	159588	2	2	1	0	2	44
GL000220.1	117067	161039	1	1	1	0	1	15
GL000220.1	117305	117351	1	1	1	0	4	38
GL000220.1	118066	159284	1	3	1	0	1	40
GL000220.1	118362	153486	0	0	1	0	4	44
GL000220.1	119330	121604	1	1	1	0	1	26
GL000220.1	120046	121604	1	1	1	0	1	26
GL000220.1	127407	127603	2	4	1	0	1	33
GL000220.1	131883	132540	2	4	1	0	1	43
GL000220.1	147972	148419	2	2	1	0	1	41
GL000220.1	153353	153389	2	2	1	0	1	45
GL000220.1	153870	153972	1	1	1	0	1	43
GL000220.1	153881	159931	1	3	1	0	2	17
GL000220.1	153892	154804	2	4	1	0	3	17
GL000220.1	153905	153925	2	2	0	0	1	34
GL000220.1	154093	159661	1	1	1	0	1	20
GL000220.1	154139	154752	0	0	1	0	5	45
GL000220.1	154559	159573	1	1	1	0	1	35
GL000220.1	158713	159724	1	1	1	0	5	23
GL000220.1	158989	159994	1	1	1	0	1	15
GL000220.1	159072	159667	1	1	1	0	1	45
GL000220.1	159304	159628	1	1	1	0	1	35
GL000220.1	159622	160008	2	4	1	0	8	26
GL000220.1	159762	159847	1	1	1	0	1	20
GL000220.1	161277	161323	1	1	1	0	4	38
KI270711.1	7990	8603	2	2	1	2	0	34
KI270720.1	22815	26115	2	2	1	0	1	14
KI270721.1	8051	11450	1	1	1	0	1	35
KI270733.1	120845	121296	2	2	1	0	1	41
KI270733.1	126234	126270	2	2	1	0	1	45
KI270733.1	126586	171667	1	1	1	0	8	41
KI270733.1	126604	171512	2	2	1	0	1	14
KI270733.1	126610	171691	1	1	1	0	1	31
KI270733.1	126751	126853	1	1	1	0	1	43
KI270733.1	126762	132814	1	3	1	0	2	17
KI270733.1	126773	127685	2	4	1	0	3	17
KI270733.1	126786	126806	2	2	0	0	1	34
KI270733.1	126974	132544	1	1	1	0	1	20
KI270733.1	127020	127633	0	0	1	0	5	45
KI270733.1	127127	171971	0	0	1	0	3	42
KI270733.1	127161	132536	2	4	1	1	11	20
KI270733.1	127421	133001	1	1	1	0	6	19
KI270733.1	127440	132456	1	1	1	0	1	35
KI270733.1	127610	172691	1	1	1	0	3	26
KI270733.1	127853	160102	2	2	1	4	0	17
KI270733.1	129125	133542	2	2	1	1	0	20
KI270733.1	129470	174309	1	1	1	0	1	16
KI270733.1	130435	171684	1	1	1	0	3	40
KI270733.1	131597	132607	1	1	1	0	5	23
KI270733.1	131597	177686	1	1	1	0	5	23
KI270733.1	131800	171488	1	3	1	0	2	39
KI270733.1	131873	132877	1	1	1	0	1	15
KI270733.1	131873	177956	1	1	1	0	1	15
KI270733.1	131956	132550	1	1	1	0	1	45
KI270733.1	132047	175583	1	1	1	0	3	22
KI270733.1	132188	132511	1	1	1	0	1	35
KI270733.1	132199	172783	2	4	1	0	1	40
KI270733.1	132253	177191	1	3	1	0	3	24
KI270733.1	132299	176774	1	1	1	0	5	35
KI270733.1	132505	132891	2	4	1	0	6	26
KI270733.1	132645	132730	1	1	1	0	1	20
KI270733.1	132866	171705	1	1	1	0	1	40
KI270733.1	132892	177583	2	4	1	0	12	32
KI270733.1	133133	177550	2	2	1	0	2	44
KI270733.1	133930	179009	1	1	1	0	1	15
KI270733.1	134168	134214	1	1	1	0	4	38
KI270733.1	134929	177247	1	3	1	0	1	40
KI270733.1	135155	176952	1	1	1	1	0	38
KI270733.1	135225	171448	0	0	1	0	4	44
KI270733.1	136195	139917	1	1	1	0	1	26
KI270733.1	136411	177513	2	2	1	1	0	20
KI270733.1	136972	139917	1	1	1	0	1	26
KI270733.1	137657	139917	1	1	1	0	1	26
KI270733.1	138347	139917	1	1	1	0	1	26
KI270733.1	145703	145903	2	4	1	0	1	29
KI270733.1	150006	150624	2	4	1	0	1	43
KI270733.1	171315	171351	2	2	1	0	1	45
KI270733.1	171832	171934	1	1	1	0	1	43
KI270733.1	171843	177893	1	3	1	0	2	17
KI270733.1	171854	172766	2	4	1	0	3	17
KI270733.1	171867	171887	2	2	0	0	1	34
KI270733.1	172055	177623	1	1	1	0	1	20
KI270733.1	172101	172714	0	0	1	0	5	45
KI270733.1	172521	177535	1	1	1	0	1	35
KI270733.1	176676	177686	1	1	1	0	5	23
KI270733.1	176952	177956	1	1	1	0	1	15
KI270733.1	177035	177629	1	1	1	0	1	45
KI270733.1	177267	177590	1	1	1	0	1	35
KI270733.1	177584	177970	2	4	1	0	8	26
KI270733.1	177724	177809	1	1	1	0	1	20
KI270733.1	179247	179293	1	1	1	0	4	38
