chr1	632530	632589	0	0	1	6	0	41
chr1	632593	632633	0	0	1	0	8	41
chr1	914445	914802	1	1	1	1	0	30
chr1	953289	953781	2	2	1	1	0	28
chr1	1055632	1055996	1	3	1	2	0	22
chr1	1217007	1228547	1	1	1	2	0	17
chr1	1242647	1242834	2	2	1	0	1	42
chr1	1308973	1309085	1	1	1	1	0	3
chr1	1310689	1310908	1	1	1	1	0	15
chr1	1311072	1311329	1	1	1	1	0	43
chr1	1312369	1312439	2	2	1	3	0	30
chr1	1320530	1320995	2	2	1	1	0	27
chr1	1336516	1337976	2	2	1	1	0	21
chr1	1338184	1338268	2	2	1	1	0	18
chr1	1353160	1353269	1	1	1	1	0	15
chr1	1373864	1374145	2	4	1	3	0	36
chr1	1373903	1373999	2	2	1	39	0	46
chr1	1374791	1374996	2	2	1	1	0	10
chr1	1390564	1390765	2	2	1	1	0	42
chr1	1402257	1405808	2	2	1	1	0	46
chr1	1405887	1406908	2	2	1	1	0	3
chr1	1487915	1489203	1	1	1	1	0	27
chr1	1523568	1523838	1	1	1	1	0	10
chr1	1534375	1534605	1	3	1	1	0	31
chr1	1542168	1543868	2	2	1	2	0	39
chr1	1543988	1544862	2	2	1	1	0	20
chr1	1629567	1629638	1	1	1	1	0	24
chr1	1635762	1636427	2	2	1	1	0	26
chr1	1636482	1636681	2	2	1	1	0	12
chr1	1637005	1637080	2	2	1	1	0	46
chr1	1641821	1641905	2	2	1	0	3	36
chr1	1642509	1645125	2	2	1	0	1	11
chr1	1652567	1655368	2	2	1	3	0	44
chr1	1668473	1675462	2	2	1	1	0	13
chr1	1704345	1704549	2	2	1	1	0	19
chr1	1704656	1704903	2	2	1	1	0	15
chr1	1705733	1707408	2	2	1	1	0	28
chr1	1708953	1709037	2	2	1	0	3	36
chr1	1709641	1712263	2	2	1	1	1	44
chr1	1719456	1721595	2	2	1	2	0	27
chr1	1809378	1811298	1	3	1	1	1	39
chr1	1825500	1839189	2	2	1	2	0	34
chr1	1873153	1873715	1	3	1	1	0	38
chr1	2189782	2193638	2	2	1	2	0	19
chr1	2194134	2194687	2	2	1	1	0	22
chr1	2399515	2400856	1	1	1	2	0	26
chr1	2402343	2403034	1	1	1	14	0	43
chr1	2589041	2589409	1	1	1	1	0	36
chr1	3775484	3775794	1	1	1	1	0	29
chr1	3781337	3781511	2	2	1	2	0	8
chr1	3781602	3782660	2	2	1	1	0	45
chr1	3829374	3829790	2	2	1	1	0	32
chr1	3835093	3836494	2	2	1	1	0	6
chr1	3839777	3844906	2	2	1	1	0	29
chr1	6186817	6192929	2	2	1	0	47	46
chr1	6193055	6197651	2	2	1	7	4	35
chr1	6237346	6237813	1	1	1	1	0	26
chr1	6327414	6333476	2	2	1	1	0	21
chr1	6475523	6475930	2	2	1	1	0	35
chr1	6532761	6533279	2	2	1	1	0	37
chr1	6637505	6638294	2	2	1	2	0	23
chr1	6652952	6653910	2	2	1	1	0	23
chr1	6678468	6680907	2	2	1	2	0	38
chr1	6785576	6825091	1	1	1	0	1	3
chr1	6807089	6825091	1	1	1	0	1	3
chr1	6820251	6825091	1	1	1	1	1	45
chr1	6825211	6871756	1	1	1	2	0	13
chr1	6825211	7091303	1	1	1	2	0	31
chr1	6847827	6849925	2	2	1	1	0	13
chr1	6853190	6871756	1	1	1	1	0	24
chr1	7961736	7962762	1	1	1	1	0	4
chr1	7962876	7965323	1	1	1	1	0	26
chr1	7965426	7969344	1	1	1	1	0	3
chr1	7969405	7970893	1	1	1	3	0	29
chr1	7970964	7977651	1	1	1	1	0	13
chr1	7977739	7984893	1	1	1	1	0	4
chr1	8000729	8001914	1	1	1	1	0	3
chr1	8355121	8355418	2	2	1	3	0	43
chr1	8738568	8739317	2	2	1	1	0	45
chr1	8861108	8861307	1	1	1	1	0	35
chr1	8861120	8863940	1	3	1	2	0	40
chr1	8861430	8862886	2	2	1	6	1	34
chr1	8862946	8863234	2	2	1	4	0	41
chr1	8863344	8863890	2	2	1	4	0	39
chr1	8864093	8865284	2	2	1	3	0	22
chr1	8865483	8866278	2	2	1	1	0	19
chr1	8866502	8867116	2	2	1	4	0	45
chr1	8867251	8867987	2	2	1	3	0	36
chr1	8868058	8870451	2	2	1	2	0	17
chr1	8870511	8871890	2	2	1	4	0	43
chr1	8871987	8874823	2	2	1	4	0	20
chr1	8874918	8878579	2	2	1	1	0	18
chr1	9573413	9579953	1	1	1	1	0	19
chr1	9730706	9731205	2	2	1	1	0	8
chr1	9731391	9731760	2	2	1	1	0	8
chr1	9871278	9871968	2	2	1	1	0	22
chr1	9891847	9892640	1	3	1	1	0	34
chr1	9930458	9931890	2	2	1	3	0	38
chr1	9982871	9983003	1	3	1	1	0	8
chr1	10135187	10137066	1	1	1	1	0	29
chr1	10171330	10178643	1	1	1	1	0	10
chr1	10268264	10271501	1	1	1	1	0	9
chr1	10271580	10272240	1	1	1	1	0	5
chr1	10291162	10292046	1	1	1	1	0	35
chr1	10296666	10296896	1	1	1	3	0	43
chr1	10297078	10297173	1	1	1	2	0	4
chr1	10413252	10416986	1	1	1	2	0	38
chr1	10417510	10418825	1	1	1	2	0	42
chr1	10418926	10419416	1	1	1	1	0	14
chr1	10419540	10419629	1	1	1	1	0	25
chr1	10434691	10440346	1	1	1	1	0	26
chr1	10495322	10519802	1	1	1	2	0	45
chr1	11054886	11054961	2	2	1	1	0	28
chr1	11055927	11056010	2	2	1	1	0	4
chr1	11056095	11056603	2	2	1	1	0	4
chr1	11059346	11059776	2	2	1	1	0	10
chr1	11066749	11068007	2	2	1	16	0	43
chr1	11068085	11068644	2	2	1	4	0	44
chr1	11068707	11069558	2	2	1	1	0	29
chr1	11070974	11072086	2	2	1	2	0	6
chr1	11199404	11199540	2	2	1	1	0	31
chr1	11253974	11255991	2	2	1	1	0	7
chr1	11674817	11675081	2	2	1	3	0	23
chr1	11676949	11677542	2	2	1	2	0	27
chr1	11677615	11680352	2	2	1	1	0	34
chr1	11680472	11680561	2	2	1	1	0	18
chr1	11680614	11681038	2	2	1	1	0	8
chr1	11863223	11910387	2	2	1	1	0	36
chr1	12308642	12311453	1	1	1	2	0	9
chr1	13235054	13251563	1	1	1	1	0	22
chr1	13773189	13778417	1	1	1	1	0	13
chr1	15329542	15341735	1	1	1	2	0	9
chr1	15386983	15397078	2	4	1	1	0	43
chr1	15410280	15425870	1	1	1	1	0	45
chr1	15716817	15717892	1	1	1	1	0	42
chr1	15779364	15787879	1	1	1	1	0	25
chr1	15916280	15918925	1	1	1	2	0	24
chr1	15919518	15920869	1	1	1	1	0	29
chr1	15920984	15922248	1	1	1	1	0	16
chr1	15948498	15973038	2	2	1	1	0	7
chr1	16198745	16199149	2	2	1	1	0	7
chr1	16469008	16475824	2	2	1	2	0	20
chr1	16564919	16565632	2	2	1	0	1	4
chr1	16579403	16580744	2	2	1	0	1	39
chr1	16585699	16587049	2	2	1	0	1	39
chr1	16593754	16594591	2	2	1	1	0	41
chr1	16635169	16642766	2	2	1	1	0	18
chr1	16635169	16643027	2	2	1	2	0	45
chr1	16642851	16643027	2	2	1	1	0	15
chr1	16958681	16972809	1	3	1	1	0	30
chr1	16975343	16975642	2	2	1	3	0	31
chr1	16976546	16976707	2	2	1	1	0	22
chr1	16976795	16976896	2	2	1	2	0	27
chr1	16976924	16977108	2	2	1	2	0	23
chr1	16977199	16978236	2	2	1	1	0	20
chr1	16993836	16996253	2	2	1	1	0	21
chr1	17018959	17022607	2	2	1	8	0	34
chr1	17406852	17407336	1	3	1	2	0	44
chr1	17406905	17406992	2	2	1	5	0	41
chr1	17407005	17407316	1	1	1	3	0	4
chr1	17409195	17409973	2	2	1	3	0	26
chr1	17410052	17412121	2	2	1	2	0	27
chr1	17412195	17413072	2	2	1	1	0	25
chr1	18376993	18377392	1	1	1	1	0	39
chr1	18377432	18378255	1	1	1	1	0	7
chr1	18877613	18879299	2	2	1	1	0	24
chr1	18882676	18883123	2	2	1	1	0	44
chr1	18883199	18883278	2	2	1	1	0	36
chr1	19074897	19076739	2	2	1	1	0	32
chr1	19084699	19086144	2	2	1	1	0	15
chr1	19097281	19099596	2	2	1	2	0	36
chr1	19099678	19100375	2	2	1	5	0	38
chr1	19114950	19115397	2	2	1	2	0	29
chr1	19118958	19119556	2	2	1	1	0	36
chr1	19121435	19121933	2	2	1	6	0	36
chr1	19122013	19122832	2	2	1	1	0	18
chr1	19237239	19238016	2	2	1	2	0	17
chr1	19256052	19257063	1	1	1	1	0	28
chr1	19344435	19345186	2	2	1	1	0	28
chr1	19345253	19356634	2	2	1	5	0	46
chr1	19356752	19357421	2	2	1	3	0	27
chr1	19378654	19385504	2	2	1	1	0	31
chr1	19597110	19622099	1	1	1	3	0	35
chr1	19623584	19626386	1	1	1	7	0	35
chr1	19625633	19626386	1	1	1	1	0	32
chr1	20652728	20652850	2	2	1	1	0	27
chr1	20654372	20654613	2	2	1	1	0	6
chr1	20655780	20656100	2	2	1	2	0	12
chr1	20656188	20660880	2	2	1	1	0	40
chr1	20765532	20767583	2	2	1	1	0	17
chr1	20771074	20773450	2	4	1	1	0	32
chr1	20776751	20779811	2	2	1	7	0	35
chr1	20779912	20786648	2	2	1	1	0	33
chr1	20807501	20810737	2	2	1	1	0	7
chr1	20813240	20817391	2	2	1	2	0	14
chr1	20849531	20851257	2	2	1	1	0	34
chr1	20860518	20862227	2	2	1	1	0	27
chr1	20862333	20864475	2	2	1	3	0	16
chr1	20879521	20886200	2	2	1	1	0	6
chr1	20899944	20904882	2	2	1	1	0	8
chr1	20904972	20941490	2	2	1	2	0	13
chr1	21023924	21023963	1	1	1	1	0	43
chr1	21245104	21247220	2	2	1	1	0	26
chr1	21445220	21466086	1	1	1	1	0	24
chr1	21482536	21483142	1	1	1	1	0	11
chr1	21679440	21680807	2	2	1	2	0	14
chr1	21680835	21687190	2	2	1	1	0	27
chr1	21687240	21689973	2	2	1	2	0	16
chr1	21704393	21705726	2	2	1	1	0	7
chr1	21706869	21715388	2	2	1	4	0	46
chr1	21715458	21721035	2	2	1	1	0	3
chr1	21721167	21721649	2	2	1	2	0	35
chr1	21721765	21723897	2	2	1	1	0	43
chr1	21724096	21728569	2	2	1	1	0	24
chr1	21728720	21729703	2	2	1	1	0	39
chr1	21751616	21752526	2	2	1	2	0	31
chr1	21753120	21756545	2	2	1	2	0	12
chr1	21756703	21757662	2	2	1	1	0	44
chr1	21757784	21782823	2	2	1	1	0	43
chr1	21850193	21850362	2	2	1	1	0	26
chr1	21877657	21879811	2	4	1	2	0	30
chr1	22081795	22086438	1	1	1	0	2	14
chr1	22086867	22091427	1	1	1	1	0	17
chr1	23019948	23030468	1	1	1	1	0	46
chr1	23050521	23053760	1	1	1	2	0	38
chr1	23056039	23057483	1	1	1	2	0	7
chr1	23057566	23059072	1	1	1	2	0	3
chr1	23059168	23068538	1	1	1	3	0	32
chr1	23068682	23069060	1	1	1	3	0	46
chr1	23069152	23071224	1	1	1	5	0	43
chr1	23071360	23072123	1	1	1	1	0	4
chr1	23079668	23081445	1	1	1	1	0	16
chr1	23082367	23083178	1	1	1	1	0	37
chr1	23085119	23085355	2	6	1	1	0	41
chr1	23311067	23311200	2	2	1	3	0	31
chr1	23311323	23313552	2	2	1	1	0	21
chr1	23313703	23318482	2	2	1	6	0	39
chr1	23321664	23323555	2	2	1	6	0	46
chr1	23337862	23338489	2	2	1	1	0	16
chr1	23338609	23344210	2	2	1	1	0	10
chr1	23559020	23559126	2	2	1	1	0	9
chr1	23691830	23692608	1	1	1	3	0	24
chr1	23691830	23692611	1	1	1	2	0	23
chr1	23692760	23693806	1	1	1	36	0	45
chr1	23693914	23694659	1	1	1	23	0	36
chr1	23694792	23695797	1	1	1	468	0	45
chr1	23695909	23696343	1	1	1	970	0	46
chr1	23752519	23754099	1	1	1	1	0	4
chr1	23754256	23754362	1	1	1	1	0	33
chr1	23756386	23756952	1	1	1	1	0	11
chr1	23786424	23787274	1	1	1	2	0	15
chr1	23803178	23803344	1	1	1	0	2	40
chr1	23819545	23833505	2	2	1	1	0	43
chr1	23961135	23961439	1	1	1	3	0	13
chr1	23971624	23971849	2	2	1	1	0	43
chr1	23978274	23978652	2	2	1	7	0	35
chr1	24373811	24379652	2	2	1	2	0	18
chr1	24442227	24445184	1	1	1	1	0	13
chr1	24445245	24449480	1	1	1	1	0	19
chr1	24646074	24646666	1	1	1	12	0	44
chr1	24646790	24648858	1	1	1	36	0	46
chr1	24647209	24648858	1	1	1	1	0	31
chr1	24649030	24649970	1	1	1	29	0	45
chr1	24650087	24651408	1	1	1	1	0	30
chr1	24650628	24651408	1	1	1	1	0	34
chr1	24651613	24652433	1	3	1	6	0	40
chr1	24669588	24670119	1	1	1	2	0	36
chr1	24670316	24671385	1	1	1	9	0	40
chr1	25223432	25225001	2	2	1	1	0	33
chr1	25228236	25228997	2	2	1	3	0	32
chr1	25229124	25232103	2	2	1	1	0	26
chr1	25338457	25340473	1	1	1	1	0	3
chr1	25484275	25485612	1	1	1	3	0	25
chr1	25901683	25903640	2	2	1	2	0	16
chr1	26185187	26187167	1	1	1	1	0	17
chr1	26322057	26322163	2	2	1	4	0	38
chr1	26425488	26426241	1	1	1	4	0	33
chr1	26472628	26473482	1	1	1	1	0	28
chr1	26473528	26473702	1	1	1	4	0	30
chr1	26473733	26474084	1	1	1	7	0	30
chr1	26474136	26474571	1	1	1	6	0	39
chr1	26474668	26475112	1	1	1	23	0	45
chr1	26780846	26780997	2	2	1	2	0	34
chr1	26924167	26941456	1	1	1	3	0	36
chr1	26941661	26941752	1	1	1	1	0	5
chr1	26941819	26942659	1	1	1	1	0	21
chr1	26943066	26945389	1	1	1	2	0	39
chr1	26945687	26946129	1	1	1	5	0	37
chr1	27077572	27078353	2	2	1	1	0	35
chr1	27416103	27418268	2	2	1	14	0	38
chr1	27755331	27759525	1	1	1	2	0	41
chr1	27894107	27894289	2	2	1	1	0	5
chr1	27907042	27907180	2	2	1	1	0	25
chr1	27914170	27914433	2	2	1	1	0	30
chr1	28205350	28208341	2	2	1	11	0	44
chr1	28208414	28209971	2	2	1	16	0	43
chr1	28210067	28210570	2	2	1	21	0	41
chr1	28210638	28214939	2	2	1	19	0	43
chr1	28214997	28228921	2	2	1	5	0	44
chr1	28229024	28232920	2	2	1	3	0	39
chr1	28236271	28236360	1	1	1	6	0	39
chr1	28236453	28237836	1	1	1	11	0	42
chr1	28352666	28358438	2	2	1	1	0	14
chr1	28407464	28459084	1	1	1	1	0	41
chr1	28460293	28465684	1	1	1	1	0	28
chr1	28476292	28480450	1	1	1	2	0	6
chr1	28491013	28491649	1	1	1	2	0	20
chr1	28532351	28535049	1	1	1	1	0	20
chr1	28535381	28535870	1	1	1	1	0	35
chr1	28536382	28536746	1	1	1	1	0	32
chr1	28571901	28577499	1	1	1	1	0	36
chr1	28578681	28579532	2	2	1	8	0	32
chr1	28579588	28579911	2	2	1	1	0	15
chr1	28579982	28580559	2	2	1	1	0	4
chr1	28738339	28768928	1	1	1	2	0	18
chr1	28743987	28768928	1	1	1	30	0	45
chr1	28987906	28993329	1	1	1	3	0	16
chr1	29065159	29097806	1	1	1	1	0	6
chr1	29149227	29150102	2	2	1	2	0	37
chr1	29150193	29154695	2	2	1	1	0	45
chr1	29159487	29160374	2	2	1	1	0	37
chr1	30750460	30751796	2	2	1	1	0	34
chr1	30941273	30941997	2	2	1	1	0	5
chr1	31006032	31006993	2	2	1	2	0	33
chr1	31155153	31155724	1	1	1	1	0	39
chr1	31339049	31346639	1	1	1	4	0	27
chr1	31346741	31348828	1	1	1	4	0	39
chr1	31346741	31364031	1	1	1	0	2	3
chr1	31348975	31364031	1	1	1	13	2	44
chr1	31363941	31364031	1	1	1	1	0	32
chr1	31908961	31910037	2	2	1	2	0	45
chr1	31910113	31911695	2	2	1	1	0	17
chr1	32033335	32036909	1	1	1	1	0	43
chr1	32108135	32154587	1	1	1	2	0	43
chr1	32163314	32166104	1	1	1	1	0	9
chr1	32170061	32170706	1	1	1	1	0	38
chr1	32192732	32193207	1	1	1	1	0	32
chr1	32204046	32204597	1	1	1	1	0	23
chr1	32204380	32204597	1	1	1	5	0	23
chr1	32204621	32205193	1	1	1	11	0	23
chr1	32228610	32228726	1	1	1	1	0	15
chr1	32228817	32229134	1	1	1	1	0	26
chr1	32231020	32231114	1	1	1	1	0	8
chr1	32285654	32286113	2	4	1	1	0	18
chr1	32331583	32331675	1	1	1	1	0	32
chr1	32331807	32332089	1	1	1	5	0	40
chr1	32335098	32335946	2	2	1	2	0	32
chr1	32553541	32592930	1	1	1	2	0	34
chr1	32595224	32600267	1	1	1	1	0	18
chr1	32621949	32627507	2	2	1	8	0	32
chr1	32621949	32650432	2	2	1	2	0	22
chr1	32627545	32631826	2	2	1	3	0	37
chr1	32627545	32633644	2	2	1	1	0	33
chr1	32627545	32634767	2	2	1	1	0	17
chr1	32631880	32633644	2	2	1	1	0	21
chr1	32634793	32650432	2	2	1	1	0	25
chr1	32657573	32668224	1	1	1	1	0	28
chr1	32669358	32669485	1	1	1	1	0	32
chr1	32672902	32680525	1	1	1	3	0	30
chr1	32679818	32680525	1	1	1	1	0	3
chr1	32767048	32767786	1	1	1	1	0	15
chr1	32786448	32786939	2	2	1	2	0	30
chr1	32791255	32797762	2	2	1	2	0	46
chr1	32797844	32806481	2	2	1	6	0	40
chr1	32806612	32810590	2	2	1	2	0	44
chr1	32826931	32827992	1	1	1	2	0	11
chr1	33010834	33013206	2	2	1	1	0	8
chr1	33013199	33013388	1	1	1	1	0	14
chr1	33014595	33021366	2	2	1	1	0	32
chr1	33021462	33021592	2	2	1	1	0	23
chr1	33300094	33300639	1	1	1	1	0	46
chr1	34885064	34885477	2	2	1	1	0	33
chr1	35097567	35104294	1	1	1	1	0	15
chr1	35111913	35112086	1	1	1	4	0	33
chr1	35112131	35112976	1	1	1	2	0	15
chr1	35176472	35177318	2	2	1	6	0	41
chr1	35176475	35177318	2	2	1	10	0	41
chr1	35177400	35177988	2	2	1	10	0	38
chr1	35184594	35187000	2	2	1	1	0	19
chr1	35187123	35187202	2	2	1	1	0	4
chr1	35187252	35187972	2	2	1	2	0	37
chr1	35188091	35189002	2	2	1	5	0	44
chr1	35189088	35189185	2	2	1	22	0	46
chr1	35189383	35190497	2	2	1	21	0	44
chr1	35190594	35190693	2	2	1	7	0	42
chr1	35418573	35419469	1	1	1	1	0	44
chr1	35451777	35453556	2	2	1	1	0	32
chr1	35530089	35530569	1	3	1	1	0	31
chr1	35603375	35605232	2	2	1	5	0	37
chr1	35605283	35609245	2	2	1	2	0	42
chr1	35737076	35737338	2	2	1	1	0	25
chr1	35743242	35743454	2	2	1	3	0	31
chr1	35749812	35751249	2	2	1	4	0	35
chr1	35751507	35753744	2	2	1	4	0	30
chr1	35763322	35764265	2	2	1	3	0	24
chr1	35764715	35765217	2	2	1	4	0	34
chr1	35888611	35892556	1	1	1	2	0	29
chr1	35972233	35973374	1	1	1	1	0	26
chr1	36140167	36149336	2	2	1	1	0	18
chr1	36180068	36180247	1	1	1	1	0	30
chr1	36259485	36282532	1	1	1	1	0	24
chr1	36287271	36289059	1	3	1	23	0	43
chr1	36291547	36292597	1	1	1	1	0	9
chr1	36292710	36293850	1	1	1	4	0	38
chr1	36293936	36294049	1	1	1	1	0	24
chr1	36293936	36296582	1	1	1	10	0	44
chr1	36296771	36300885	1	1	1	1	0	42
chr1	36301085	36301552	1	1	1	2	0	22
chr1	36301085	36301555	1	1	1	2	0	17
chr1	36455926	36456186	2	2	1	32	0	45
chr1	36456379	36457922	2	2	1	1	0	37
chr1	36457982	36460691	2	2	1	1	0	5
chr1	36460777	36461263	2	2	1	1	0	7
chr1	36462164	36463805	2	2	1	1	0	44
chr1	36463851	36464145	2	2	1	4	0	18
chr1	37482541	37482736	1	1	1	1	0	21
chr1	37513539	37514656	2	2	1	1	0	12
chr1	37562246	37565025	1	1	1	3	0	41
chr1	37567008	37567672	2	2	1	27	0	44
chr1	37567765	37568274	2	2	1	6	0	43
chr1	37568358	37568850	2	2	1	3	0	31
chr1	37569303	37574342	2	2	1	1	0	3
chr1	37582337	37582777	2	2	1	1	0	22
chr1	37583934	37587310	2	2	1	2	0	38
chr1	37693034	37695909	1	1	1	2	0	39
chr1	37695951	37698904	1	1	1	2	0	15
chr1	37698978	37700435	1	1	1	3	0	40
chr1	37700522	37701753	1	1	1	1	0	31
chr1	37958264	37960119	2	2	1	2	0	43
chr1	37960176	37968043	2	2	1	2	0	21
chr1	37974551	38024086	2	2	1	1	0	27
chr1	37976954	37978719	2	2	1	5	0	42
chr1	37978828	37978987	2	2	1	2	0	22
chr1	37979056	37979464	2	2	1	1	0	11
chr1	37979534	37980585	2	2	1	2	0	34
chr1	37981812	37984168	2	2	1	1	0	42
chr1	37984780	37987572	2	2	1	1	0	33
chr1	38012866	38016358	1	1	1	3	0	43
chr1	38016421	38017667	1	1	1	2	0	9
chr1	38017771	38018463	1	1	1	3	0	38
chr1	38018578	38019058	1	1	1	3	0	40
chr1	38019384	38022698	1	1	1	1	0	24
chr1	38103662	38105417	1	1	1	1	0	17
chr1	38300438	38311252	2	2	1	1	0	29
chr1	38864715	38866879	2	2	1	1	0	3
chr1	38867010	38867561	2	2	1	1	0	41
chr1	39026399	39028722	1	1	1	1	0	17
chr1	39026403	39028722	1	1	1	1	0	30
chr1	39028941	39034391	1	1	1	24	0	44
chr1	39283516	39284065	1	1	1	1	0	44
chr1	39297746	39300209	1	1	1	2	0	31
chr1	39309697	39310244	1	1	1	1	0	9
chr1	39322716	39322909	1	1	1	1	0	39
chr1	39324346	39324645	1	1	1	4	0	36
chr1	39324735	39327217	1	1	1	1	0	6
chr1	39379445	39380243	1	1	1	2	0	12
chr1	39424195	39427454	1	1	1	1	0	23
chr1	39434633	39435557	1	1	1	2	0	31
chr1	39441326	39441951	1	1	1	1	0	3
chr1	39443575	39444661	1	1	1	3	0	44
chr1	39452351	39452683	1	1	1	7	0	44
chr1	39455098	39458369	1	1	1	3	0	43
chr1	39460795	39461882	1	1	1	1	0	5
chr1	39561123	39561684	2	2	1	2	0	21
chr1	39562204	39562322	2	2	1	1	0	13
chr1	39564543	39564685	2	2	1	1	0	25
chr1	39564774	39565105	2	2	1	1	0	43
chr1	39565379	39567750	2	2	1	3	0	29
chr1	39568940	39569594	2	2	1	3	0	20
chr1	39569690	39569862	2	2	1	4	0	31
chr1	39571350	39572392	2	2	1	1	0	21
chr1	39841914	39844100	2	2	1	1	0	16
chr1	39965550	39965856	1	1	1	1	0	8
chr1	40059459	40060066	1	1	1	1	0	24
chr1	40060171	40061734	1	1	1	2	0	43
chr1	40061813	40064226	1	1	1	1	0	13
chr1	40069875	40070158	1	1	1	1	0	44
chr1	40091400	40092044	2	2	1	2	0	43
chr1	40092173	40092397	2	2	1	1	0	36
chr1	40270128	40271893	1	1	1	1	0	40
chr1	40306188	40307445	2	2	1	1	0	30
chr1	40307500	40307702	2	2	1	1	0	6
chr1	40374224	40406735	1	1	1	1	0	27
chr1	40983457	40984820	1	1	1	1	0	34
chr1	41003177	41006050	1	1	1	2	0	40
chr1	41009590	41010160	1	1	1	3	0	34
chr1	41010255	41011657	1	1	1	6	0	43
chr1	42666588	42667350	1	1	1	1	0	26
chr1	42667441	42676583	1	1	1	9	1	46
chr1	42675328	42676583	1	1	1	0	1	5
chr1	42682732	42683402	1	1	1	2	0	44
chr1	42683467	42693489	1	1	1	1	0	34
chr1	42693524	42696198	1	1	1	6	0	35
chr1	42696289	42696641	1	1	1	5	0	28
chr1	42696945	42697179	1	1	1	47	1	44
chr1	42697263	42700780	1	1	1	20	2	41
chr1	42701047	42701980	1	1	1	11	3	45
chr1	42746573	42746735	1	1	1	1	0	41
chr1	42747799	42748199	2	2	1	1	0	19
chr1	42748318	42750185	2	2	1	1	0	5
chr1	43164494	43164642	2	2	1	54	0	45
chr1	43164806	43166825	2	2	1	8	0	22
chr1	43166920	43167159	2	2	1	1	0	39
chr1	43167236	43168938	2	2	1	1	0	42
chr1	43171970	43172052	2	2	1	1	0	36
chr1	43359576	43359854	1	1	1	2	0	27
chr1	43360098	43360192	1	1	1	3	0	26
chr1	43360390	43360498	1	1	1	1	0	42
chr1	43361246	43362194	1	1	1	1	0	4
chr1	43362313	43362950	1	1	1	5	0	26
chr1	43384553	43385045	2	2	1	1	0	22
chr1	43385107	43385977	2	2	1	1	0	9
chr1	43451312	43451409	2	2	1	1	0	6
chr1	43451312	43451427	2	2	1	2	0	15
chr1	43704113	43704229	1	1	1	1	0	11
chr1	43976380	43976589	1	1	1	3	0	23
chr1	43977217	43977980	1	1	1	1	0	22
chr1	44030558	44039906	1	1	1	1	0	29
chr1	44220310	44220558	1	1	1	13	0	44
chr1	44649770	44649882	1	1	1	1	0	23
chr1	44761984	44762345	1	1	1	1	0	32
chr1	44762659	44766825	1	1	1	2	0	35
chr1	44766950	44767096	1	1	1	1	0	36
chr1	44776141	44776674	1	1	1	5	0	27
chr1	44776775	44777613	1	1	1	34	0	45
chr1	44777673	44778614	1	1	1	1	0	26
chr1	44777790	44777999	1	1	1	55	7	44
chr1	44778130	44778575	1	1	1	417	0	46
chr1	44851004	44857703	2	2	1	3	0	31
chr1	44981178	44986492	2	2	1	1	0	3
chr1	45015007	45015336	1	1	1	2	0	8
chr1	45329438	45330515	2	2	1	5	0	39
chr1	45330558	45331181	2	4	1	2	0	21
chr1	45504061	45514506	2	2	1	1	0	20
chr1	45511415	45514506	2	2	1	20	0	44
chr1	45513839	45514198	1	1	1	1	0	20
chr1	45514638	45514872	2	2	1	6	0	17
chr1	45514996	45515653	2	2	1	2	0	38
chr1	45561879	45566568	1	1	1	1	0	37
chr1	45569000	45569142	1	1	1	6	0	29
chr1	45569230	45569890	1	1	1	28	0	45
chr1	45602366	45604935	1	1	1	8	0	37
chr1	45605017	45606481	1	1	1	17	0	46
chr1	45606592	45607320	1	1	1	10	0	44
chr1	45608338	45613168	1	1	1	3	0	34
chr1	45613249	45614095	1	1	1	4	1	25
chr1	45614182	45614292	1	1	1	1	0	21
chr1	45614367	45615012	1	1	1	2	0	31
chr1	45615202	45615304	1	1	1	12	0	40
chr1	45615472	45616336	1	1	1	3	0	33
chr1	45616394	45616625	1	1	1	5	0	27
chr1	45616704	45617462	1	1	1	6	0	46
chr1	45617592	45618060	1	1	1	71	0	46
chr1	45829582	45882363	1	1	1	1	0	17
chr1	45882396	45959385	1	1	1	1	0	32
chr1	46055972	46061928	2	2	1	2	0	37
chr1	46303821	46309100	1	1	1	1	1	27
chr1	46309128	46310154	1	1	1	1	2	27
chr1	46310317	46316551	1	1	1	25	0	43
chr1	46635971	46643193	2	2	1	1	0	35
chr1	46652629	46653816	2	2	1	1	0	21
chr1	46653868	46658126	2	2	1	1	0	15
chr1	46686871	46688352	2	2	1	3	0	20
chr1	46688545	46689586	2	2	1	1	0	33
chr1	47260540	47262902	2	2	1	1	0	10
chr1	50441524	50475463	2	2	1	2	0	31
chr1	51402526	51403418	2	2	1	1	0	7
chr1	51406109	51408134	2	2	1	2	0	30
chr1	51669513	51714002	1	1	1	1	0	10
chr1	51714080	51745535	1	1	1	2	0	7
chr1	51730125	51745535	1	1	1	2	0	30
chr1	51772724	51776832	1	1	1	1	0	28
chr1	51784328	51784441	1	3	1	1	0	3
chr1	51787489	51787714	1	1	1	1	0	5
chr1	51789316	51790623	2	2	1	1	0	26
chr1	51789434	51789567	2	2	1	7	0	46
chr1	51790650	51790899	2	2	1	2	0	26
chr1	51790991	51791577	2	2	1	1	0	14
chr1	51794611	51794822	2	2	1	1	0	10
chr1	51794855	51798248	2	2	1	1	0	32
chr1	51806914	51809314	2	2	1	1	0	40
chr1	51809402	51810280	2	2	1	1	0	11
chr1	51814814	51816311	2	4	1	1	0	24
chr1	51818136	51819799	2	2	1	1	0	35
chr1	51836213	51840225	2	2	1	1	0	23
chr1	51837621	51840225	2	2	1	1	0	26
chr1	51840515	51878274	2	2	1	6	0	44
chr1	51912247	51912372	2	2	1	1	0	27
chr1	52039086	52041536	2	2	1	2	0	26
chr1	52041598	52054999	2	2	1	1	0	14
chr1	52086172	52086711	1	1	1	1	0	4
chr1	52374898	52375429	2	2	1	1	0	41
chr1	52405840	52408568	1	1	1	1	0	24
chr1	52413992	52414620	1	1	1	1	0	27
chr1	52414648	52414761	1	1	1	1	0	7
chr1	52438336	52445786	2	2	1	2	0	23
chr1	52445870	52445956	2	2	1	1	0	14
chr1	52465174	52468180	2	2	1	1	0	16
chr1	52509713	52515890	2	2	1	2	0	40
chr1	52509713	52552930	2	2	1	1	0	29
chr1	52516055	52525562	2	2	1	2	0	26
chr1	52526374	52552930	2	2	1	2	0	36
chr1	52852029	52882008	2	2	1	1	0	36
chr1	53028072	53038916	1	1	1	1	0	11
chr1	53197096	53200718	1	1	1	1	0	3
chr1	53214737	53215990	2	2	1	2	0	19
chr1	53227145	53228871	2	2	1	6	0	44
chr1	53228955	53233541	2	2	1	1	0	16
chr1	53235636	53238360	2	2	1	2	0	44
chr1	53250863	53255116	2	2	1	4	0	41
chr1	53255186	53257239	2	2	1	3	0	22
chr1	53413269	53415400	2	2	1	1	0	31
chr1	53921768	53923903	2	2	1	1	0	28
chr1	53930146	53939984	2	2	1	2	0	27
chr1	53940098	53945554	2	2	1	1	0	19
chr1	54032306	54036609	2	2	1	1	0	29
chr1	54054525	54068755	1	1	1	1	0	32
chr1	54210132	54212500	1	1	1	2	0	25
chr1	54212659	54216140	1	1	1	2	0	27
chr1	54216345	54218171	1	1	1	10	0	43
chr1	54239200	54240904	2	2	1	1	0	31
chr1	54240960	54241473	2	2	1	1	0	6
chr1	54281528	54401860	2	2	1	1	0	10
chr1	54716020	54716599	1	1	1	1	0	39
chr1	54849748	54850623	2	4	1	12	0	15
chr1	55023012	55028222	2	2	1	0	11	46
chr1	55071459	55071558	2	2	1	1	0	19
chr1	56496677	56511975	2	2	1	1	0	29
chr1	57072415	57136542	2	2	1	1	0	10
chr1	58661228	58661405	2	2	1	2	0	36
chr1	58673651	58675476	2	2	1	2	0	35
chr1	58675581	58676925	2	2	1	1	0	42
chr1	58690250	58690339	2	2	1	1	0	9
chr1	58690418	58692860	2	2	1	2	0	15
chr1	58692932	58695128	2	2	1	2	0	10
chr1	58695208	58699984	2	2	1	3	0	43
chr1	59843599	59847044	1	1	1	1	0	44
chr1	59847186	59848314	1	1	1	2	0	30
chr1	59848517	59849072	1	1	1	1	0	18
chr1	59858516	59858984	1	1	1	3	0	15
chr1	59859046	59860187	1	1	1	1	0	25
chr1	59862878	59864631	1	1	1	2	0	12
chr1	59865246	59865871	1	1	1	1	0	10
chr1	59868352	59871041	1	1	1	1	0	18
chr1	59871111	59872794	1	1	1	1	0	24
chr1	61763180	61766278	1	1	1	1	0	33
chr1	61827584	61833653	1	1	1	1	0	35
chr1	61908483	61914586	1	1	1	4	0	37
chr1	61914665	61927729	1	1	1	2	0	45
chr1	62194922	62196434	1	1	1	2	0	17
chr1	62196529	62206518	1	1	1	10	0	44
chr1	62207637	62209782	1	1	1	3	0	43
chr1	62229903	62234867	1	1	1	1	0	41
chr1	62442300	62443158	1	1	1	2	0	43
chr1	62443320	62444737	1	1	1	2	0	41
chr1	62513607	62513715	2	2	1	1	0	9
chr1	62633579	62634772	2	2	1	1	0	11
chr1	62654160	62663024	2	2	1	1	0	43
chr1	62834853	62841427	1	1	1	1	0	21
chr1	62841548	62863991	1	1	1	2	0	43
chr1	63159271	63160160	2	2	1	1	0	14
chr1	63321191	63321366	2	4	1	2	0	22
chr1	63321464	63321624	2	2	1	1	0	23
chr1	63454474	63454889	2	2	1	1	0	6
chr1	63454969	63478763	2	2	1	2	0	46
chr1	63490219	63508527	2	2	1	1	0	43
chr1	64009377	64049690	1	1	1	1	0	36
chr1	64839796	64841244	2	2	1	1	0	25
chr1	64841602	64844063	2	2	1	1	0	13
chr1	64873524	64879024	2	2	1	1	0	36
chr1	64883476	64886258	2	2	1	1	0	7
chr1	65168507	65168961	1	1	1	1	0	40
chr1	65200234	65200914	2	4	1	1	0	42
chr1	65425379	65427781	1	1	1	2	0	15
chr1	66355621	66361614	1	1	1	1	0	12
chr1	66930401	66940027	1	1	1	1	0	15
chr1	66958221	66958850	1	1	1	1	0	39
chr1	66958984	66959678	1	1	1	6	0	46
chr1	66972992	66976594	1	1	1	1	0	11
chr1	66976723	66981778	1	1	1	2	0	45
chr1	67406936	67407229	2	4	1	1	0	36
chr1	67413264	67415165	2	2	1	92	0	45
chr1	67415340	67420008	2	2	1	5	0	40
chr1	67420187	67424199	2	2	1	0	2	46
chr1	67424278	67424887	2	2	1	8	0	40
chr1	67424323	67424887	2	2	1	5	0	39
chr1	67424960	67425082	2	2	1	15	0	43
chr1	67424978	67425082	2	2	1	8	1	38
chr1	67425224	67426134	2	2	1	3	0	20
chr1	67426286	67429987	2	2	1	1	1	43
chr1	68477973	68479143	2	2	1	4	0	34
chr1	68489609	68494429	2	2	1	4	0	37
chr1	70189274	70205389	2	2	1	1	0	18
chr1	70234789	70235500	1	1	1	4	0	36
chr1	70235551	70237424	1	1	1	6	0	38
chr1	70237553	70239438	1	1	1	5	0	42
chr1	70239521	70244683	1	1	1	19	0	41
chr1	70244816	70246817	1	1	1	15	0	44
chr1	70246908	70249951	1	1	1	11	0	43
chr1	70250048	70250364	1	1	1	15	0	44
chr1	70250504	70250607	1	1	1	11	0	43
chr1	70250504	70250610	1	1	1	1	0	39
chr1	70270957	70274719	2	2	1	1	0	20
chr1	70273887	70274285	2	4	1	3	0	22
chr1	70285313	70287320	2	4	1	1	0	20
chr1	71065138	71065677	2	2	1	2	1	33
chr1	71065138	71066775	2	2	1	2	0	34
chr1	71065749	71066775	2	2	1	2	0	28
chr1	71065753	71066775	2	2	1	1	1	20
chr1	71066935	71069275	2	2	1	3	0	35
chr1	71069363	71070826	2	2	1	2	1	23
chr1	71070997	71072120	2	2	1	2	0	29
chr1	71072256	71072471	2	2	1	4	0	9
chr1	71072549	71076794	2	2	1	18	0	40
chr1	71076878	71078456	2	2	1	14	0	44
chr1	71078566	71078655	2	2	1	1	0	31
chr1	71078709	71080939	2	2	1	1	0	8
chr1	72985250	72993360	1	1	1	0	1	21
chr1	74706458	74706898	2	2	1	1	0	24
chr1	74714631	74719208	2	2	1	1	0	12
chr1	74748823	74752291	1	1	1	4	0	43
chr1	74752426	74763893	1	1	1	1	0	40
chr1	75733629	75734790	1	1	1	1	0	34
chr1	75740111	75745805	1	1	1	2	0	30
chr1	75749560	75750450	1	1	1	1	0	42
chr1	75761371	75762691	1	1	1	2	0	32
chr1	76700092	76700897	1	1	1	0	1	35
chr1	76700460	76700823	1	3	1	1	0	20
chr1	77287128	77293864	1	1	1	1	0	39
chr1	77578870	77579526	2	2	1	1	0	11
chr1	77697475	77697862	2	2	1	1	0	4
chr1	77697932	77701368	2	2	1	1	0	19
chr1	77711856	77713199	2	2	1	7	0	42
chr1	77714784	77715741	2	2	1	1	0	37
chr1	77722197	77723330	2	2	1	1	0	13
chr1	77723444	77725621	2	2	1	1	0	13
chr1	77725763	77728294	2	2	1	1	0	21
chr1	77729939	77730617	2	2	1	1	0	30
chr1	77739418	77740876	2	2	1	1	0	18
chr1	77740940	77741375	2	2	1	1	0	11
chr1	77741749	77745420	2	2	1	3	0	33
chr1	77783352	77801330	1	1	1	1	0	27
chr1	77916134	77917565	1	1	1	1	0	24
chr1	77918039	77918124	1	1	1	1	0	29
chr1	77918274	77925187	1	1	1	2	0	26
chr1	77925230	77926413	1	1	1	1	0	34
chr1	77926893	77929315	1	1	1	2	0	40
chr1	77929505	77933281	1	1	1	1	0	26
chr1	77944270	77945505	2	2	1	1	0	13
chr1	77944270	77946529	2	2	1	0	1	3
chr1	77948775	77949154	2	2	1	1	0	9
chr1	77955330	77956571	2	2	1	1	0	29
chr1	77960264	77960343	2	2	1	1	0	9
chr1	77963716	77964061	2	2	1	2	0	37
chr1	77964163	77964253	2	2	1	3	0	39
chr1	77964357	77964645	2	2	1	7	0	27
chr1	77964748	77964869	2	2	1	17	0	37
chr1	77964969	77965068	2	2	1	3	0	42
chr1	83911364	83917603	2	2	1	1	0	43
chr1	83912504	83917603	2	2	1	1	0	34
chr1	84482996	84489632	1	1	1	1	0	3
chr1	84496371	84497428	1	1	1	1	0	7
chr1	84498549	84501825	2	2	1	11	0	37
chr1	84501971	84506010	2	2	1	1	0	22
chr1	84662376	84662454	2	2	1	1	0	28
chr1	84664553	84666121	2	2	1	3	0	36
chr1	84666233	84669680	2	2	1	3	0	42
chr1	85258723	85259357	2	2	1	1	0	21
chr1	85582625	85582739	1	1	1	1	0	35
chr1	85654099	85657846	2	2	1	1	0	14
chr1	85706508	85707628	2	2	1	1	0	30
chr1	86348879	86352858	2	2	1	1	0	7
chr1	86352985	86354529	2	2	1	1	0	18
chr1	86358892	86360425	2	2	1	1	0	22
chr1	86360537	86371017	2	2	1	2	0	32
chr1	86372541	86376232	2	2	1	2	0	17
chr1	86382359	86382930	2	2	1	1	0	27
chr1	86384802	86385457	2	2	1	1	0	24
chr1	86719636	86722539	1	1	1	1	0	12
chr1	86863606	86880661	2	2	1	1	0	16
chr1	86880726	86903280	2	2	1	2	0	38
chr1	87339633	87340046	1	1	1	1	0	12
chr1	87340203	87344787	1	1	1	2	0	32
chr1	88684629	88740987	1	1	1	1	0	6
chr1	88760377	88770351	1	1	1	1	0	41
chr1	88786214	88804390	1	1	1	1	0	30
chr1	88953153	88955148	2	2	1	2	0	43
chr1	88955226	88961166	2	2	1	1	0	12
chr1	88984067	88992584	2	2	1	1	0	28
chr1	90007751	90010087	1	1	1	1	0	9
chr1	90010287	90013125	1	1	1	2	0	46
chr1	90020923	90022249	1	1	1	2	0	12
chr1	90022346	90027353	1	1	1	2	0	45
chr1	90938091	90938271	2	2	1	3	0	32
chr1	91323200	91324674	2	2	1	1	0	29
chr1	91513308	91513947	1	1	1	1	0	38
chr1	91514998	91515793	1	1	1	1	0	11
chr1	92246647	92247061	2	2	1	11	0	36
chr1	92247145	92247877	2	2	1	3	0	23
chr1	92693900	92694298	2	2	1	1	0	22
chr1	92833661	92834778	1	1	1	1	0	42
chr1	92834914	92836189	1	1	1	4	0	37
chr1	92836393	92837455	1	1	1	15	0	38
chr1	92837634	92840550	1	1	1	26	53	46
chr1	92840640	92841765	1	1	1	463	0	46
chr1	93118441	93119332	1	1	1	1	0	33
chr1	93119402	93120548	1	1	1	1	0	27
chr1	93120673	93127231	1	1	1	1	0	22
chr1	93127300	93129277	1	1	1	3	0	46
chr1	93129449	93133702	1	1	1	3	0	31
chr1	93133809	93133927	1	1	1	2	0	43
chr1	93133981	93134090	1	1	1	1	0	45
chr1	93193745	93201891	1	1	1	3	0	32
chr1	93201989	93205509	1	1	1	3	0	42
chr1	93205632	93207106	1	1	1	1	0	13
chr1	93221744	93221858	1	1	1	3	0	7
chr1	93221937	93226332	1	3	1	2	0	11
chr1	93232594	93236247	1	1	1	2	0	25
chr1	93236391	93239309	1	1	1	3	0	43
chr1	93246205	93246837	1	1	1	3	0	37
chr1	93246955	93254470	1	1	1	8	0	37
chr1	93258886	93264700	1	1	1	1	0	4
chr1	93264773	93324634	2	2	1	1	0	46
chr1	93346866	93353907	1	1	1	1	0	29
chr1	93354072	93360492	1	1	1	1	0	24
chr1	93448306	93499467	1	1	1	1	0	26
chr1	93499584	93522081	1	1	1	2	0	26
chr1	93522136	93523343	1	1	1	3	0	40
chr1	93523492	93524260	1	1	1	2	0	43
chr1	93524324	93529651	1	1	1	2	0	35
chr1	93534909	93544106	1	1	1	3	0	40
chr1	93544217	93546841	1	1	1	3	0	29
chr1	93869945	93870682	2	2	1	22	0	46
chr1	93870793	93872071	2	2	1	2	0	37
chr1	93872237	93873118	2	2	1	1	0	45
chr1	93873215	93875644	2	2	1	3	0	43
chr1	93875784	93876267	2	2	1	7	0	30
chr1	94202999	94203099	2	2	1	1	0	35
chr1	94898084	94899370	2	2	1	1	0	29
chr1	94901786	94902120	2	2	1	2	0	29
chr1	94902259	94903121	2	2	1	6	0	31
chr1	95237461	95239776	1	1	1	1	0	3
chr1	99862424	99864385	1	1	1	1	0	45
chr1	100106994	100107373	2	2	1	1	0	5
chr1	100119138	100120393	2	2	1	3	0	21
chr1	100120460	100121377	2	2	1	5	0	36
chr1	100196423	100206229	2	2	1	2	0	19
chr1	100209817	100210117	2	4	1	1	0	28
chr1	100270681	100273393	1	1	1	1	0	30
chr1	100275724	100277257	1	1	1	1	0	36
chr1	100468095	100484291	1	1	1	1	0	29
chr1	100877904	100888752	2	2	1	1	0	4
chr1	100990632	100992636	2	2	1	1	0	41
chr1	101001588	101013709	2	2	1	1	0	8
chr1	101786389	101786578	2	4	1	0	11	19
chr1	102987741	102989517	2	2	1	1	0	38
chr1	103527743	103533738	1	1	1	3	0	23
chr1	103537485	103541349	1	1	1	1	0	23
chr1	103551074	103551720	1	1	1	1	0	11
chr1	103551793	103555033	1	1	1	1	0	26
chr1	107602485	107603046	2	2	1	1	0	31
chr1	108155136	108157461	2	2	1	1	0	21
chr1	108185955	108199955	2	2	1	1	0	45
chr1	108696195	108696276	1	1	1	1	0	7
chr1	108696338	108698603	1	1	1	1	0	24
chr1	108752307	108753062	1	1	1	1	0	20
chr1	108807550	108808782	1	1	1	1	0	10
chr1	108918790	108922416	1	1	1	1	0	28
chr1	108932502	108934619	2	2	1	1	0	14
chr1	108950449	108963360	2	2	1	1	0	31
chr1	109004716	109010915	2	2	1	1	0	14
chr1	109214129	109223977	1	1	1	2	0	27
chr1	109235432	109235976	1	1	1	1	0	3
chr1	109236107	109236390	1	1	1	1	0	28
chr1	109314058	109314260	2	2	1	1	0	20
chr1	109402091	109409927	2	2	1	7	0	41
chr1	109410015	109411010	2	2	1	1	0	36
chr1	109411936	109412076	2	2	1	3	0	45
chr1	109491718	109492585	1	1	1	2	0	17
chr1	109548839	109573736	1	1	1	2	0	40
chr1	109573780	109573895	1	1	1	1	0	9
chr1	109582566	109586215	1	1	1	1	0	14
chr1	109586346	109586728	1	1	1	1	0	14
chr1	110012463	110012896	1	1	1	1	0	23
chr1	110015532	110016343	1	1	1	1	0	46
chr1	110016731	110017494	1	1	1	1	0	33
chr1	110404037	110406317	2	2	1	2	0	43
chr1	110406380	110407585	2	2	1	1	0	25
chr1	111440771	111441210	2	4	1	1	0	28
chr1	111441390	111442024	2	2	1	2	0	37
chr1	111442762	111443322	2	2	1	1	0	5
chr1	111444125	111447094	2	2	1	1	0	41
chr1	111449874	111454210	1	1	1	1	0	29
chr1	111456756	111459456	1	1	1	0	1	42
chr1	111663037	111664264	2	2	1	1	0	33
chr1	111703477	111704342	1	1	1	2	0	13
chr1	111763008	111765736	1	1	1	3	0	33
chr1	112449173	112454448	1	1	1	1	0	17
chr1	112547645	112548324	2	2	1	1	0	42
chr1	112582473	112583971	2	2	1	1	0	28
chr1	112850428	112877729	1	1	1	1	0	25
chr1	112914166	112917177	2	2	1	15	0	43
chr1	112960576	112963971	1	1	1	1	0	33
chr1	112960576	112996840	1	1	1	1	0	40
chr1	113091384	113093205	1	1	1	1	0	41
chr1	113148691	113152467	2	2	1	0	1	44
chr1	113619831	113622805	1	1	1	4	0	3
chr1	113713439	113724758	2	2	1	1	0	12
chr1	113724894	113726417	2	2	1	1	0	43
chr1	113726575	113738109	2	2	1	1	0	26
chr1	113798037	113811709	2	2	1	1	0	12
chr1	114397861	114397939	2	2	1	1	0	21
chr1	114397861	114399456	2	2	1	1	0	28
chr1	114397991	114399456	2	2	1	1	0	20
chr1	114399610	114401388	2	2	1	1	0	23
chr1	114430913	114433616	2	2	1	3	0	24
chr1	114433734	114463103	2	2	1	2	0	31
chr1	114575752	114576687	2	2	1	3	0	20
chr1	114576759	114581298	2	2	1	1	0	4
chr1	114718217	114718612	2	2	1	22	0	44
chr1	114719743	114720538	2	2	1	3	0	20
chr1	114720718	114723882	2	2	1	1	0	4
chr1	114724003	114725220	2	2	1	2	0	28
chr1	114725334	114726210	2	2	1	2	0	32
chr1	114726387	114726982	2	4	1	1	0	25
chr1	114730423	114730507	2	2	1	1	0	25
chr1	114730649	114732603	2	2	1	1	0	22
chr1	114732817	114733731	2	2	1	1	0	39
chr1	114733858	114733988	2	2	1	2	0	41
chr1	114734118	114734441	2	2	1	1	0	31
chr1	114736856	114737470	2	2	1	2	0	15
chr1	114737564	114737962	2	2	1	1	0	38
chr1	114750208	114757924	2	2	1	2	0	23
chr1	115664269	115682363	1	1	1	1	0	23
chr1	116035328	116037302	1	1	1	1	0	16
chr1	116387492	116388130	1	1	1	1	0	36
chr1	116396735	116397887	1	1	1	1	0	34
chr1	116399544	116400860	1	1	1	1	0	36
chr1	116401007	116401129	1	1	1	1	0	24
chr1	116401261	116401553	1	1	1	4	0	10
chr1	116401656	116403883	1	1	1	2	0	40
chr1	116521984	116535964	2	2	1	6	0	33
chr1	117073728	117074869	1	1	1	1	0	20
chr1	117078044	117079567	1	1	1	2	0	23
chr1	117097434	117098832	1	1	1	2	0	45
chr1	117405646	117414712	1	1	1	1	0	6
chr1	117939573	117940826	1	1	1	1	0	9
chr1	117940941	117941123	1	1	1	1	0	3
chr1	117941226	117941749	1	1	1	3	0	34
chr1	117952077	117952296	1	1	1	1	0	11
chr1	117952663	117952945	1	1	1	2	0	43
chr1	119158450	119158690	2	4	1	1	0	22
chr1	119721322	119723375	1	1	1	2	0	36
chr1	119740519	119741766	1	1	1	3	0	37
chr1	119741898	119742806	1	1	1	3	0	29
chr1	119742970	119744063	2	4	1	1	1	27
chr1	119743045	119743885	1	1	1	1	0	33
chr1	119926612	119928975	2	2	1	1	0	14
chr1	120160531	120163209	2	2	1	1	0	10
chr1	120272160	120341716	2	2	1	0	1	25
chr1	120462967	120463675	1	1	1	0	1	7
chr1	120463728	120464375	1	1	1	0	1	33
chr1	120544381	120545280	2	2	1	0	1	33
chr1	120829816	120833602	1	1	1	0	1	10
chr1	120830589	120831297	1	1	1	0	1	7
chr1	120831350	120831987	1	1	1	0	1	33
chr1	120832161	120832874	1	1	1	0	1	31
chr1	120832984	120833602	1	1	1	0	3	41
chr1	120837342	120838050	1	1	1	0	1	7
chr1	120838103	120838744	1	1	1	0	1	33
chr1	120838918	120839631	1	1	1	0	1	31
chr1	120952786	120953219	1	1	1	0	1	5
chr1	121177333	121181270	2	2	1	0	1	27
chr1	121538421	121539657	1	1	1	1	0	31
chr1	121557020	121562227	1	1	1	0	1	9
chr1	144424863	144425516	2	2	1	0	1	33
chr1	144425569	144426277	2	2	1	0	1	7
chr1	144824662	144825510	1	1	1	2	0	22
chr1	145099066	145103006	1	1	1	0	1	27
chr1	145296511	145297138	2	2	1	0	3	41
chr1	145301273	145301900	2	2	1	0	2	41
chr1	145302010	145302723	2	2	1	0	1	31
chr1	145305179	145305892	2	2	1	0	1	31
chr1	145308362	145309075	2	2	1	0	1	31
chr1	145312381	145313008	2	2	1	0	1	10
chr1	145313118	145313831	2	2	1	0	1	31
chr1	145317151	145317780	2	2	1	0	3	41
chr1	145317890	145318603	2	2	1	0	1	31
chr1	145321913	145322542	2	2	1	0	3	41
chr1	145322652	145323365	2	2	1	0	1	31
chr1	145326663	145327290	2	2	1	0	2	41
chr1	145327400	145328113	2	2	1	0	1	31
chr1	145331430	145332057	2	2	1	0	2	41
chr1	145336186	145336813	2	2	1	0	2	41
chr1	145336923	145337636	2	2	1	0	1	31
chr1	145340940	145341563	2	2	1	0	2	41
chr1	145345694	145346321	2	2	1	0	3	41
chr1	145350464	145351093	2	2	1	0	3	41
chr1	145355228	145355855	2	2	1	0	3	41
chr1	145359975	145360602	2	2	1	0	2	41
chr1	145369489	145370116	2	2	1	0	2	41
chr1	145374237	145374864	2	2	1	0	2	41
chr1	145374974	145375687	2	2	1	0	1	31
chr1	145378987	145379616	2	2	1	0	3	41
chr1	145383743	145384370	2	2	1	0	2	41
chr1	145384480	145385193	2	2	1	0	1	31
chr1	145388491	145389120	2	2	1	0	3	41
chr1	145389230	145389943	2	2	1	0	1	31
chr1	145623715	145630686	1	1	1	0	1	10
chr1	145827006	145828748	1	1	1	1	0	46
chr1	145841072	145842338	1	1	1	7	0	43
chr1	145921964	145923227	2	4	1	1	0	46
chr1	145925928	145926040	2	2	1	34	0	42
chr1	145926178	145926481	2	2	1	5	0	44
chr1	145926619	145926808	2	2	1	1	0	29
chr1	145926887	145927017	2	2	1	1	0	21
chr1	145927078	145927359	2	2	1	2	0	32
chr1	145992597	145993335	2	2	1	1	0	15
chr1	145995032	145995143	2	2	1	1	0	14
chr1	146069716	146070323	2	2	1	0	3	41
chr1	146070433	146071146	2	2	1	0	1	31
chr1	146071320	146071967	2	2	1	0	1	33
chr1	146072020	146072728	2	2	1	0	1	7
chr1	146074444	146075045	2	2	1	0	3	41
chr1	146075155	146075868	2	2	1	0	1	31
chr1	146079180	146079781	2	2	1	0	3	41
chr1	146079891	146080604	2	2	1	0	1	31
chr1	146080778	146081435	2	2	1	0	1	33
chr1	146081488	146082196	2	2	1	0	1	7
chr1	146083910	146084517	2	2	1	0	3	41
chr1	146084627	146085340	2	2	1	0	1	31
chr1	146085514	146086163	2	2	1	0	1	33
chr1	146086216	146086923	2	2	1	0	1	7
chr1	146088637	146089238	2	2	1	0	3	41
chr1	146089348	146090061	2	2	1	0	1	31
chr1	146093355	146093956	2	2	1	0	3	41
chr1	146094066	146094779	2	2	1	0	1	31
chr1	146094953	146095602	2	2	1	0	1	33
chr1	146095655	146096363	2	2	1	0	1	7
chr1	146098077	146098678	2	2	1	0	3	41
chr1	146098788	146099501	2	2	1	0	1	31
chr1	146099675	146100324	2	2	1	0	1	33
chr1	146100377	146101085	2	2	1	0	1	7
chr1	146102799	146103400	2	2	1	0	3	41
chr1	146103510	146104223	2	2	1	0	1	31
chr1	146104397	146105042	2	2	1	0	1	33
chr1	146105095	146105803	2	2	1	0	1	7
chr1	146107517	146108118	2	2	1	0	3	41
chr1	146108228	146108941	2	2	1	0	1	31
chr1	146112938	146113651	2	2	1	0	1	31
chr1	146121671	146122282	2	2	1	0	3	41
chr1	146122392	146123105	2	2	1	0	1	31
chr1	146123279	146123926	2	2	1	0	1	33
chr1	146123979	146124687	2	2	1	0	1	7
chr1	146156224	146156479	2	2	1	0	1	29
chr1	146967372	146973658	1	1	1	0	2	40
chr1	146986525	146987233	1	1	1	0	1	7
chr1	146987286	146987953	1	1	1	0	1	33
chr1	146988127	146988840	1	1	1	0	1	18
chr1	146988127	146993598	1	1	1	0	1	18
chr1	146991286	146991994	1	1	1	0	1	7
chr1	146992047	146992711	1	1	1	0	1	33
chr1	146992885	146993598	1	1	1	0	1	18
chr1	147161781	147162439	2	2	1	1	0	39
chr1	147252736	147254869	1	1	1	2	0	27
chr1	147275469	147276103	1	1	1	1	0	20
chr1	147287734	147291481	1	1	1	1	0	26
chr1	147291553	147293607	1	1	1	3	0	38
chr1	147293723	147294408	1	1	1	3	0	23
chr1	147606867	147611577	1	1	1	1	0	17
chr1	147614617	147615802	1	1	1	1	0	25
chr1	147944099	147953344	1	1	1	0	1	10
chr1	148146521	148149605	2	4	1	1	0	41
chr1	148536397	148537010	2	2	1	0	3	41
chr1	148537120	148537833	2	2	1	0	1	31
chr1	148541123	148541730	2	2	1	0	3	41
chr1	148542727	148543362	2	2	1	0	1	33
chr1	148543415	148544123	2	2	1	0	1	7
chr1	148545837	148546444	2	2	1	0	3	41
chr1	148546554	148547267	2	2	1	0	1	31
chr1	148547441	148548070	2	2	1	0	1	33
chr1	148548123	148548831	2	2	1	0	1	7
chr1	148550545	148551152	2	2	1	0	3	41
chr1	148551262	148551975	2	2	1	0	1	31
chr1	148552149	148552778	2	2	1	0	1	33
chr1	148552831	148553539	2	2	1	0	1	7
chr1	148552831	148562996	2	2	1	0	1	7
chr1	148552831	148575638	2	2	1	0	1	7
chr1	148555253	148555866	2	2	1	0	3	41
chr1	148560693	148561406	2	2	1	0	1	31
chr1	148564712	148565319	2	2	1	0	3	41
chr1	148564712	148568481	2	2	1	0	1	10
chr1	148565429	148566142	2	2	1	0	1	31
chr1	148569428	148570041	2	2	1	0	3	41
chr1	148569428	148573229	2	2	1	0	3	41
chr1	148570151	148570864	2	2	1	0	1	31
chr1	148573339	148574052	2	2	1	0	1	31
chr1	148607154	148607409	2	2	1	0	1	29
chr1	148920184	148920716	1	1	1	0	1	32
chr1	148965643	148966542	1	1	1	0	1	33
chr1	149056621	149057334	2	2	1	0	1	31
chr1	149056621	149060522	2	2	1	0	1	31
chr1	149057508	149058163	2	2	1	0	1	33
chr1	149058216	149058924	2	2	1	0	1	7
chr1	149176251	149246248	1	1	1	0	1	25
chr1	149176251	149250564	1	1	1	1	0	8
chr1	149209568	149210100	2	2	1	0	1	32
chr1	149463827	149464082	1	1	1	0	1	29
chr1	149491312	149492025	1	1	1	0	1	31
chr1	149492135	149492767	1	1	1	0	3	41
chr1	149496075	149496788	1	1	1	0	1	31
chr1	149496898	149497524	1	1	1	0	3	41
chr1	149500830	149501543	1	1	1	0	1	31
chr1	149501653	149502285	1	1	1	0	3	41
chr1	149505591	149506304	1	1	1	0	1	31
chr1	149506414	149507046	1	1	1	0	3	41
chr1	149510352	149511065	1	1	1	0	1	31
chr1	149511175	149511807	1	1	1	0	3	41
chr1	149515109	149515821	1	1	1	0	1	31
chr1	149515931	149516563	1	1	1	0	3	41
chr1	149518283	149518991	1	1	1	0	1	7
chr1	149519044	149519687	1	1	1	0	1	33
chr1	149519861	149520574	1	1	1	0	1	31
chr1	149520684	149521318	1	1	1	0	3	41
chr1	149522263	149526069	1	1	1	0	1	10
chr1	149523038	149523746	1	1	1	0	1	7
chr1	149523038	149528495	1	1	1	0	1	7
chr1	149523799	149524444	1	1	1	0	1	33
chr1	149524618	149525331	1	1	1	0	1	31
chr1	149525441	149526069	1	1	1	0	3	41
chr1	149527787	149528495	1	1	1	0	1	7
chr1	149528548	149529173	1	1	1	0	1	33
chr1	149529347	149530060	1	1	1	0	1	31
chr1	149530170	149530798	1	1	1	0	3	41
chr1	149531743	149535553	1	1	1	0	1	10
chr1	149532518	149533226	1	1	1	0	1	7
chr1	149533279	149533924	1	1	1	0	1	33
chr1	149534098	149534811	1	1	1	0	1	31
chr1	149534921	149535553	1	1	1	0	3	41
chr1	149537273	149537981	1	1	1	0	1	7
chr1	149537273	149552208	1	1	1	0	1	7
chr1	149538034	149538675	1	1	1	0	1	33
chr1	149538849	149539562	1	1	1	0	1	31
chr1	149539672	149540300	1	1	1	0	3	41
chr1	149542026	149542734	1	1	1	0	1	7
chr1	149542787	149543412	1	1	1	0	1	33
chr1	149543586	149544299	1	1	1	0	1	31
chr1	149544409	149545037	1	1	1	0	3	41
chr1	149546763	149547471	1	1	1	0	1	7
chr1	149547524	149548149	1	1	1	0	1	33
chr1	149548323	149549036	1	1	1	0	1	31
chr1	149549146	149549774	1	1	1	0	3	41
chr1	149551500	149552208	1	1	1	0	1	7
chr1	149552261	149552886	1	1	1	0	1	33
chr1	149553060	149553773	1	1	1	0	1	31
chr1	149646946	149647380	1	1	1	0	1	5
chr1	149926919	149927165	2	2	1	2	0	20
chr1	150089410	150117457	1	1	1	1	0	28
chr1	150220759	150223185	2	2	1	1	0	4
chr1	150223241	150226607	2	2	1	1	0	33
chr1	150226796	150229071	2	2	1	4	0	42
chr1	150229238	150230570	2	2	1	1	0	23
chr1	150230694	150231776	2	2	1	1	0	28
chr1	150231927	150235732	2	2	1	2	0	19
chr1	150261639	150262157	1	1	1	1	0	26
chr1	150266657	150267074	2	2	1	1	0	8
chr1	150276633	150279639	1	1	1	2	0	43
chr1	150276633	150279642	1	1	1	1	0	17
chr1	150276633	150280834	1	1	1	2	0	11
chr1	150279742	150280834	1	1	1	2	0	34
chr1	150294450	150308047	1	1	1	3	0	33
chr1	150340478	150343308	1	1	1	1	0	17
chr1	150343453	150344161	1	1	1	1	0	15
chr1	150504436	150504631	1	1	1	3	0	19
chr1	150614934	150615655	2	4	1	4	0	29
chr1	150622860	150625641	2	2	1	1	0	11
chr1	150627593	150629413	2	2	1	2	0	22
chr1	150792212	150795157	1	1	1	1	0	40
chr1	151048853	151050437	1	1	1	2	0	29
chr1	151167023	151167120	1	1	1	1	0	14
chr1	151168339	151168985	1	1	1	11	0	43
chr1	151177032	151178000	2	2	1	1	0	16
chr1	151240040	151242437	1	1	1	1	0	8
chr1	151265235	151265393	1	1	1	1	0	44
chr1	151265610	151266003	1	1	1	1	0	4
chr1	151266588	151267172	1	1	1	4	0	45
chr1	151399728	151399980	1	1	1	5	0	43
chr1	151400846	151401238	1	1	1	3	0	31
chr1	151401356	151401541	1	1	1	20	0	40
chr1	151401631	151401816	1	1	1	124	0	46
chr1	151464557	151470084	2	2	1	0	1	44
chr1	151520267	151520413	1	1	1	1	0	16
chr1	151666012	151668518	1	1	1	1	0	20
chr1	151693040	151693423	1	1	1	5	0	45
chr1	151693484	151694369	1	1	1	5	0	31
chr1	151695563	151695702	1	1	1	2	0	18
chr1	151762501	151762989	2	2	1	1	0	8
chr1	151844243	151847400	1	1	1	2	0	28
chr1	152032824	152033647	2	2	1	1	0	8
chr1	153534831	153535201	2	2	1	3	0	46
chr1	153619039	153626319	2	2	1	3	0	27
chr1	153662557	153662704	2	2	1	4	0	31
chr1	153662796	153663018	2	2	1	2	0	26
chr1	153663134	153663214	2	2	1	1	0	35
chr1	153663277	153664042	2	2	1	1	0	30
chr1	153664131	153664395	2	2	1	1	0	31
chr1	153665337	153665662	2	2	1	2	0	45
chr1	153668558	153669835	2	2	1	1	0	10
chr1	153748756	153751094	1	1	1	1	0	26
chr1	153761677	153762727	1	1	1	1	0	37
chr1	153778554	153778686	1	1	1	1	0	10
chr1	153779212	153779342	1	1	1	2	0	6
chr1	153862315	153863817	1	1	1	1	0	31
chr1	153982177	153982390	2	2	1	6	0	39
chr1	153982445	153982534	2	2	1	3	0	37
chr1	153983582	153984720	2	2	1	1	0	30
chr1	153990803	153991114	1	1	1	8	0	41
chr1	153991224	153991565	1	1	1	229	1	46
chr1	153991677	153992064	1	1	1	600	1	46
chr1	154157722	154170399	2	2	1	1	0	35
chr1	154170712	154172028	2	2	1	2	0	22
chr1	154172105	154172907	2	2	1	24	0	45
chr1	154172979	154173083	2	2	1	22	0	45
chr1	154173202	154176114	2	2	1	7	0	39
chr1	154176249	154182987	2	2	1	9	0	39
chr1	154212379	154212457	2	2	1	1	0	43
chr1	154225214	154227281	1	1	1	1	0	16
chr1	154227360	154228614	1	1	1	1	0	9
chr1	154236612	154237023	1	1	1	1	0	38
chr1	154241566	154243216	1	1	1	1	0	4
chr1	154243303	154246203	1	3	1	1	0	38
chr1	154268955	154270199	1	1	1	1	0	30
chr1	154268955	154270880	1	1	1	3	0	41
chr1	154551493	154551770	2	2	1	2	0	18
chr1	154553173	154554734	2	2	1	1	0	18
chr1	154554786	154555427	2	2	1	2	0	23
chr1	154931944	154934874	2	4	1	1	0	14
chr1	154962379	154962416	1	3	1	1	0	43
chr1	154963932	154965542	2	2	1	1	0	6
chr1	154966518	154967670	2	2	1	1	0	13
chr1	154992787	154992901	1	1	1	5	0	43
chr1	155061470	155062731	2	4	1	1	0	43
chr1	155169561	155169790	2	2	1	19	0	45
chr1	155169858	155172564	2	2	1	6	1	43
chr1	155172629	155172737	2	2	1	3	0	44
chr1	155212220	155212384	1	1	1	2	0	34
chr1	155263401	155263949	2	2	1	1	0	3
chr1	155264041	155264220	2	2	1	2	0	44
chr1	155264551	155264644	2	2	1	1	0	10
chr1	155312396	155317940	1	1	1	1	0	17
chr1	155318292	155318664	1	1	1	1	0	16
chr1	155318754	155318855	1	1	1	2	0	44
chr1	155319929	155320408	1	1	1	13	0	44
chr1	155338391	155339327	2	2	1	1	0	5
chr1	155461865	155463838	2	2	1	1	0	19
chr1	155521619	155562778	2	2	1	1	0	29
chr1	155679513	155680415	2	2	1	1	0	15
chr1	155822477	155826836	2	2	1	3	0	15
chr1	155827029	155853275	2	2	1	6	1	45
chr1	155853807	155857146	2	2	1	1	0	25
chr1	155916710	155917498	2	2	1	1	0	9
chr1	156009651	156011809	2	2	1	2	0	40
chr1	156011888	156014960	2	2	1	1	0	10
chr1	156054958	156055262	1	1	1	1	0	19
chr1	156055426	156057977	1	1	1	1	0	22
chr1	156058068	156058314	1	1	1	11	0	45
chr1	156137233	156137653	1	1	1	2	0	26
chr1	156294566	156294758	2	2	1	1	0	45
chr1	156309304	156310557	2	2	1	3	0	41
chr1	156310690	156310949	2	2	1	5	0	33
chr1	156317548	156318867	2	2	1	1	0	4
chr1	156319018	156320838	2	2	1	1	0	40
chr1	156321026	156324971	2	2	1	8	0	41
chr1	156325090	156333546	2	2	1	2	0	44
chr1	156564692	156566026	2	2	1	1	0	7
chr1	156566105	156566389	2	2	1	2	0	34
chr1	156593556	156593881	1	1	1	2	0	38
chr1	156595850	156596080	2	2	1	7	0	46
chr1	156596132	156596386	2	2	1	6	0	31
chr1	156596479	156598034	2	2	1	2	0	14
chr1	156668923	156669608	2	4	1	2	0	14
chr1	156737535	156737645	2	2	1	2	0	22
chr1	156743879	156744162	2	2	1	1	0	23
chr1	156744349	156745007	2	2	1	2	0	6
chr1	156797342	156800373	1	1	1	1	0	36
chr1	156960461	156961676	2	2	1	1	0	21
chr1	159032692	159045296	1	1	1	0	1	10
chr1	159032692	159049431	1	1	1	0	1	10
chr1	159943629	159945137	2	2	1	1	0	19
chr1	159980637	159982936	1	1	1	1	0	40
chr1	160091609	160091807	2	2	1	1	0	11
chr1	160142083	160142702	1	3	1	2	0	45
chr1	160199926	160201244	1	1	1	1	0	23
chr1	160231408	160237134	2	2	1	1	0	10
chr1	161037827	161037912	2	2	1	6	0	45
chr1	161038076	161038550	2	2	1	1	0	32
chr1	161038076	161038879	2	2	1	1	0	29
chr1	161100860	161102047	2	2	1	0	2	5
chr1	161100860	161117951	2	2	1	0	2	5
chr1	161101310	161102196	2	2	1	1	0	41
chr1	161165144	161165356	1	1	1	1	0	22
chr1	161170770	161170906	1	1	1	2	0	20
chr1	161170950	161171033	1	1	1	4	0	38
chr1	161203544	161206406	1	1	1	1	0	19
chr1	161209932	161210110	1	1	1	2	0	36
chr1	161213476	161213648	1	1	1	1	0	9
chr1	161213733	161214155	1	1	1	3	0	41
chr1	161213922	161214155	1	1	1	4	0	34
chr1	161752465	161753074	1	1	1	1	0	3
chr1	161791538	161792123	1	1	1	1	0	14
chr1	162805493	162812297	1	1	1	0	1	35
chr1	163319292	163321621	2	2	1	1	0	31
chr1	163328305	163328845	1	1	1	1	0	30
chr1	163336849	163338019	1	1	1	1	0	32
chr1	163339478	163340363	1	1	1	1	0	43
chr1	163340427	163343732	1	1	1	1	0	32
chr1	163347939	163348944	1	1	1	1	0	34
chr1	164560014	164563237	1	1	1	3	0	23
chr1	165649965	165651013	1	1	1	1	0	35
chr1	165654352	165655367	1	1	1	2	0	21
chr1	165669451	165679441	2	2	1	1	0	6
chr1	165768270	165768681	2	2	1	3	0	44
chr1	167542302	167546100	2	2	1	1	0	35
chr1	167765750	167772274	1	1	1	1	0	24
chr1	167773369	167776063	1	1	1	1	0	21
chr1	167776167	167787819	1	1	1	1	0	25
chr1	168045228	168063620	1	1	1	1	0	8
chr1	168066466	168068357	1	1	1	2	0	45
chr1	168184879	168191368	1	1	1	1	0	25
chr1	168196643	168198918	1	1	1	1	0	22
chr1	168198982	168199902	1	3	1	1	0	7
chr1	169130091	169131291	1	1	1	1	0	31
chr1	169235200	169237622	2	2	1	1	0	33
chr1	169397392	169419012	2	2	1	1	0	12
chr1	169424951	169427287	2	4	1	2	0	16
chr1	169832507	169836926	1	3	1	1	0	26
chr1	169843770	169847689	1	1	1	1	0	33
chr1	171512201	171512994	1	1	1	6	0	32
chr1	171513173	171514535	1	1	1	13	0	43
chr1	171514631	171515733	1	1	1	3	0	29
chr1	171514646	171515733	1	1	1	3	0	43
chr1	171523355	171523434	1	1	1	10	0	45
chr1	171527845	171532342	1	1	1	1	0	44
chr1	171542230	171545478	1	1	1	9	0	44
chr1	171545688	171550085	1	1	1	6	0	46
chr1	171561104	171566232	1	1	1	3	0	25
chr1	171566422	171566591	1	1	1	3	0	21
chr1	171587222	171587647	1	1	1	1	0	44
chr1	172370312	172376553	2	2	1	1	0	24
chr1	172557795	172569018	1	1	1	2	0	41
chr1	173481483	173485360	1	1	1	2	0	42
chr1	173485508	173486254	1	1	1	1	0	10
chr1	173486402	173487734	1	1	1	5	0	23
chr1	173826787	173828332	1	1	1	2	0	3
chr1	173828400	173830659	1	1	1	2	0	22
chr1	173864058	173864256	2	2	1	4	0	3
chr1	173864076	173864256	2	2	1	36	0	46
chr1	173864305	173864483	2	2	1	7	0	24
chr1	173864305	173865228	2	2	1	1	0	32
chr1	173864507	173864674	2	2	1	1	0	16
chr1	173865283	173865509	2	2	1	1	0	4
chr1	173865548	173865856	2	2	1	2	0	38
chr1	173865895	173866176	2	2	1	1	0	30
chr1	173866207	173866527	2	2	1	1	0	26
chr1	173972628	173978487	2	2	1	1	0	23
chr1	174900619	174905758	1	3	1	2	0	37
chr1	174919139	174919743	2	4	1	1	0	30
chr1	175000196	175004613	1	1	1	1	0	30
chr1	175004834	175006744	1	1	1	0	1	13
chr1	175006842	175007097	1	1	1	4	0	43
chr1	175007198	175008608	1	1	1	0	4	43
chr1	175008707	175009922	1	1	1	2	0	14
chr1	176163892	176175909	2	2	1	1	0	15
chr1	178776822	178784417	1	1	1	3	0	34
chr1	178784523	178785556	1	1	1	3	0	28
chr1	178808129	178811314	1	1	1	1	0	42
chr1	179369588	179400840	1	1	1	1	0	41
chr1	179847637	179850844	2	2	1	1	0	18
chr1	179882978	179884691	1	1	1	1	0	18
chr1	179986255	179987242	1	1	1	1	0	15
chr1	179987287	179990506	1	1	1	1	0	33
chr1	179990622	179992061	1	1	1	1	0	16
chr1	180006568	180011928	1	1	1	1	0	26
chr1	180022849	180024418	1	1	1	4	0	41
chr1	180080662	180084017	1	1	1	2	0	41
chr1	180094617	180095522	1	1	1	1	0	45
chr1	180413472	180430179	2	2	1	1	0	30
chr1	180492366	180495460	2	2	1	5	0	46
chr1	180495526	180502044	2	2	1	1	0	23
chr1	180984772	180988238	2	2	1	2	0	27
chr1	181002701	181005293	2	6	1	3	0	40
chr1	182384724	182385356	2	2	1	1	0	7
chr1	182387293	182388571	2	2	1	1	0	30
chr1	182581358	182582052	2	2	1	1	0	28
chr1	182852345	182853305	1	1	1	1	0	34
chr1	182853419	182854029	1	1	1	2	0	34
chr1	182856579	182858103	1	1	1	1	0	25
chr1	182867044	182872336	1	1	1	1	0	42
chr1	182872494	182874853	1	1	1	1	0	11
chr1	182874955	182876049	1	1	1	2	0	28
chr1	182876264	182876446	1	1	1	2	0	6
chr1	182876542	182876829	1	1	1	4	0	43
chr1	182876904	182878020	1	1	1	2	0	21
chr1	182879411	182880496	1	1	1	1	0	46
chr1	182880609	182881263	1	1	1	1	0	13
chr1	182884814	182887082	1	1	1	2	0	13
chr1	183137828	183140403	1	1	1	1	0	44
chr1	183239564	183240039	1	1	1	1	0	34
chr1	183472650	183512836	1	1	1	1	0	27
chr1	183512869	183515873	1	1	1	1	0	32
chr1	183541104	183542075	1	1	1	1	0	21
chr1	183633155	183635516	2	6	1	2	0	21
chr1	184054864	184095689	1	1	1	2	0	31
chr1	184387369	184477385	1	1	1	1	0	32
chr1	185144030	185145438	2	2	1	1	0	9
chr1	185301197	185301433	2	2	1	2	0	23
chr1	185309173	185309382	2	2	1	1	0	40
chr1	185309512	185311094	2	2	1	1	0	8
chr1	185370790	185373617	1	1	1	2	0	27
chr1	186314027	186314628	2	2	1	11	0	44
chr1	186314725	186317481	2	2	1	3	0	29
chr1	186317601	186318446	2	2	1	1	0	33
chr1	186318604	186318732	2	2	1	1	0	32
chr1	186327661	186331497	2	2	1	2	0	19
chr1	186331582	186332194	2	2	1	1	0	4
chr1	186336695	186337012	2	2	1	18	0	43
chr1	186337157	186338032	2	2	1	1	0	21
chr1	186338244	186339641	2	2	1	1	0	20
chr1	186339773	186341027	2	2	1	2	0	41
chr1	186341160	186341251	2	2	1	1	0	28
chr1	186341390	186343325	2	2	1	1	0	14
chr1	186344091	186344374	2	2	1	2	0	23
chr1	186346288	186347291	2	2	1	1	0	9
chr1	186347459	186350222	2	2	1	1	0	20
chr1	186350389	186351329	2	2	1	5	0	37
chr1	186351471	186351975	2	2	1	4	0	34
chr1	186353851	186355409	2	2	1	5	0	37
chr1	186355559	186355634	2	2	1	3	0	22
chr1	186355769	186356285	2	2	1	12	0	41
chr1	186359997	186360272	2	2	1	2	0	31
chr1	186360365	186360764	2	2	1	2	0	37
chr1	186361710	186361788	2	2	1	8	0	38
chr1	186363002	186363341	2	4	1	5	0	46
chr1	186363446	186367885	2	2	1	5	0	10
chr1	186367983	186370969	2	2	1	7	0	42
chr1	186371044	186373358	2	2	1	3	0	26
chr1	186373464	186374877	2	2	1	15	0	46
chr1	186388549	186389587	1	1	1	1	0	8
chr1	186389625	186390710	1	1	1	1	0	37
chr1	186391792	186393946	1	1	1	1	0	14
chr1	186417655	186419008	1	1	1	1	0	35
chr1	192810268	192810369	1	1	1	3	0	4
chr1	193021196	193022925	2	2	1	2	0	30
chr1	193023040	193023843	2	2	1	2	0	26
chr1	193023947	193027874	2	2	1	2	0	10
chr1	193029658	193049745	2	2	1	1	0	9
chr1	193076041	193076500	1	1	1	2	0	43
chr1	193077051	193081363	1	1	1	2	0	31
chr1	193082709	193084578	1	1	1	2	0	25
chr1	193096760	193097583	2	2	1	1	0	34
chr1	193135590	193138084	1	1	1	1	0	6
chr1	193138174	193141849	1	1	1	1	0	6
chr1	193142067	193147866	1	1	1	3	0	37
chr1	193152445	193203794	1	1	1	1	0	37
chr1	193203853	193212064	1	1	1	3	0	36
chr1	193212101	193212389	1	1	1	6	0	29
chr1	193212478	193232992	1	1	1	1	0	30
chr1	194391437	194432201	1	1	1	1	0	19
chr1	196334061	196340340	2	2	1	1	0	7
chr1	196465388	196467702	2	2	1	2	0	17
chr1	197084427	197086802	2	2	1	2	0	25
chr1	197094181	197095997	2	2	1	1	0	5
chr1	197117984	197121914	2	2	1	3	0	44
chr1	197124332	197124869	2	2	1	1	0	28
chr1	197144101	197146140	2	2	1	2	0	31
chr1	197541016	197545921	2	2	1	1	0	42
chr1	200356370	200357568	1	1	1	1	0	36
chr1	200411963	200415364	1	1	1	2	0	5
chr1	200553087	200560810	1	3	1	1	0	35
chr1	200600504	200601895	2	2	1	6	0	32
chr1	200649227	200650424	2	2	1	1	0	28
chr1	200852678	200853274	1	1	1	1	0	4
chr1	200857425	200857753	1	1	1	1	0	17
chr1	200908941	200909223	1	1	1	1	0	42
chr1	201135816	201143819	2	2	1	1	0	25
chr1	201385806	201386334	2	2	1	1	0	45
chr1	201466179	201467485	2	2	1	1	0	24
chr1	201810106	201810522	1	1	1	2	0	20
chr1	201853098	201854594	1	1	1	1	0	33
chr1	201963745	201965432	1	1	1	1	0	6
chr1	202000016	202001375	1	1	1	1	0	37
chr1	202135527	202135706	2	2	1	1	0	11
chr1	202335059	202335645	2	2	1	1	0	38
chr1	202564548	202567777	1	1	1	1	0	22
chr1	202602546	202602998	2	2	1	1	0	21
chr1	202729174	202729706	2	2	1	2	0	45
chr1	202730028	202730908	2	2	1	2	0	24
chr1	202735588	202736212	2	2	1	6	0	28
chr1	202740813	202741366	2	2	1	2	0	36
chr1	202745983	202746141	2	2	1	1	0	10
chr1	202749140	202750658	2	2	1	1	0	40
chr1	202755453	202756357	2	2	1	1	0	44
chr1	202762809	202764048	2	2	1	3	0	41
chr1	202764146	202766925	2	2	1	7	0	41
chr1	202773289	202774612	2	2	1	1	0	43
chr1	202792325	202792362	2	2	1	1	0	45
chr1	202941702	202942024	2	2	1	2	0	32
chr1	203007575	203008642	1	1	1	1	0	39
chr1	203007864	203008642	1	1	1	13	0	45
chr1	203018562	203020792	1	1	1	0	1	10
chr1	203044786	203045367	1	1	1	1	0	15
chr1	203700332	203700797	1	1	1	1	0	26
chr1	203796602	203801574	1	1	1	1	0	30
chr1	203817125	203818569	1	1	1	1	0	29
chr1	203829655	203829779	1	1	1	3	0	44
chr1	203829897	203830122	1	1	1	2	0	40
chr1	203847688	203848330	1	1	1	1	0	38
chr1	203861714	203862195	1	1	1	3	0	27
chr1	203862223	203863662	1	1	1	3	0	27
chr1	203863726	203865040	1	1	1	1	2	46
chr1	203865120	203869876	1	1	1	17	14	45
chr1	204245727	204247364	2	2	1	1	0	24
chr1	204530818	204532190	1	1	1	1	0	23
chr1	204542945	204544534	1	1	1	3	0	30
chr1	204974824	204975270	1	1	1	1	0	43
chr1	205713311	205713340	0	0	1	5	0	44
chr1	205718480	205719526	2	2	1	19	0	44
chr1	205719674	205720500	2	2	1	15	0	40
chr1	205719677	205720500	2	2	1	75	0	46
chr1	205720654	205723925	2	2	1	33	2	44
chr1	205723982	205727699	2	2	1	14	0	44
chr1	205727806	205729571	2	2	1	18	0	45
chr1	205729622	205749956	2	2	1	3	0	33
chr1	206195877	206199806	2	2	1	0	1	27
chr1	206591846	206593618	2	2	1	5	0	37
chr1	206593794	206595717	2	2	1	2	0	5
chr1	206728850	206729034	1	1	1	2	0	16
chr1	206731726	206731838	1	1	1	1	0	7
chr1	206731920	206732574	1	1	1	1	0	4
chr1	207757203	207757539	1	1	1	2	0	16
chr1	207793609	207795004	1	1	1	1	0	18
chr1	209842696	209843450	1	1	1	1	0	4
chr1	211662840	211667105	2	2	1	1	0	36
chr1	211663653	211667105	2	2	1	3	0	33
chr1	211670408	211671201	2	2	1	1	0	27
chr1	211674514	211675383	2	2	1	1	0	14
chr1	212047213	212047296	1	1	1	2	0	26
chr1	212433121	212444338	1	1	1	2	0	43
chr1	212784494	212787558	2	2	1	2	0	13
chr1	212791988	212795094	1	1	1	1	0	26
chr1	212795128	212796516	1	1	1	1	0	33
chr1	212796591	212797111	1	1	1	1	0	3
chr1	212797197	212804319	1	1	1	1	0	4
chr1	212807849	212812247	1	1	1	1	0	41
chr1	212888595	212889145	1	1	1	1	0	36
chr1	212895054	212895215	1	1	1	3	0	45
chr1	212961255	212965721	1	1	1	1	0	26
chr1	213008467	213013092	2	2	1	2	0	34
chr1	214378103	214383310	2	2	1	1	0	44
chr1	214603322	214613713	1	1	1	2	0	38
chr1	214613917	214614831	1	1	1	4	0	16
chr1	214615029	214618572	1	1	1	17	0	44
chr1	214618695	214619128	1	1	1	1	0	21
chr1	214620947	214622078	1	1	1	10	0	36
chr1	214622282	214629045	1	1	1	10	0	35
chr1	214632603	214637865	1	1	1	4	0	43
chr1	214638002	214639920	1	1	1	10	0	42
chr1	214651887	214652827	1	1	1	2	0	8
chr1	214652990	214653484	1	1	1	1	0	17
chr1	214652990	214655240	1	1	1	2	0	46
chr1	214655404	214656932	1	1	1	1	0	9
chr1	218285456	218302293	1	1	1	2	0	36
chr1	219179247	219193081	1	1	1	1	0	32
chr1	219210648	219211491	1	1	1	1	0	13
chr1	219980241	219980755	2	2	1	5	0	37
chr1	219980858	219981377	2	2	1	2	0	16
chr1	219984258	219987141	2	2	1	2	0	41
chr1	219987405	219988589	2	2	1	20	0	42
chr1	219997343	220001137	2	2	1	1	0	21
chr1	220005361	220006105	2	2	1	1	0	28
chr1	220022519	220024263	2	2	1	2	0	17
chr1	220025259	220030385	2	2	1	3	0	26
chr1	220030481	220032386	2	2	1	2	0	33
chr1	220033659	220034913	2	2	1	1	0	44
chr1	220167676	220170891	2	2	1	1	0	14
chr1	220193380	220195077	2	4	1	3	0	43
chr1	220213980	220232798	2	2	1	1	0	30
chr1	220226945	220253825	1	1	1	1	0	22
chr1	222538775	222538886	2	2	1	1	0	45
chr1	222569669	222570534	2	2	1	1	0	23
chr1	222650712	222650792	1	1	1	2	0	43
chr1	222650904	222651976	1	1	1	1	0	45
chr1	222652049	222652227	1	1	1	1	0	41
chr1	222652333	222653007	1	1	1	2	0	26
chr1	222654794	222658721	1	1	1	3	0	15
chr1	222669990	222670132	2	2	1	1	0	21
chr1	222687037	222687594	2	2	1	3	0	37
chr1	222703218	222712207	2	2	1	0	4	34
chr1	222722515	222724091	1	1	1	1	0	39
chr1	222727258	222728742	1	1	1	2	0	38
chr1	223802896	223803270	2	2	1	2	0	43
chr1	223804349	223806845	2	2	1	1	0	34
chr1	224183419	224189576	1	1	1	1	0	33
chr1	224232183	224233200	2	2	1	0	1	3
chr1	224233290	224236505	2	2	1	1	0	34
chr1	224238116	224271980	2	2	1	0	1	18
chr1	224250319	224268033	2	2	1	1	0	32
chr1	224269832	224271980	2	2	1	0	1	18
chr1	224356994	224364108	1	1	1	4	0	31
chr1	224365992	224371282	1	1	1	2	0	19
chr1	224365992	224375794	1	1	1	3	0	42
chr1	224371424	224375794	1	1	1	32	0	45
chr1	224399035	224400949	2	2	1	2	0	9
chr1	224404571	224411426	2	2	1	1	0	10
chr1	224515877	224520999	1	1	1	1	0	45
chr1	224895104	224897039	1	1	1	1	0	40
chr1	224955099	224960152	1	1	1	1	0	22
chr1	225419453	225419714	2	2	1	2	0	21
chr1	225419799	225422076	2	2	1	6	0	35
chr1	225424090	225427953	2	2	1	1	0	28
chr1	225497813	225498346	2	2	1	3	0	37
chr1	225498405	225500991	2	2	1	1	0	4
chr1	225501071	225504990	2	2	1	19	0	43
chr1	225501071	225507950	2	2	1	4	0	44
chr1	225505054	225507950	2	2	1	23	0	45
chr1	225508018	225511810	2	2	1	5	0	29
chr1	225511860	225512656	2	2	1	5	0	34
chr1	225512715	225512870	2	2	1	5	0	34
chr1	225513017	225514595	2	2	1	1	0	33
chr1	225519566	225530553	2	2	1	1	0	11
chr1	225530639	225554905	2	2	1	9	0	34
chr1	225555084	225567248	2	2	1	2	0	36
chr1	225778013	225783299	1	1	1	2	1	36
chr1	225783369	225786861	1	1	1	3	0	34
chr1	225783369	225789239	1	1	1	0	1	14
chr1	225837638	225865036	2	4	1	1	0	17
chr1	226064480	226065655	1	1	1	0	2	46
chr1	226065810	226071350	1	1	1	0	85	45
chr1	226164930	226165858	2	2	1	1	0	32
chr1	226265635	226266212	2	2	1	1	0	20
chr1	226362084	226363098	2	2	1	2	0	44
chr1	226364071	226365001	2	2	1	1	0	37
chr1	226366053	226367479	2	2	1	1	0	24
chr1	226368322	226370433	2	2	1	1	0	40
chr1	226379642	226379921	2	2	1	1	0	30
chr1	226380165	226381067	2	2	1	1	0	13
chr1	226381209	226383035	2	2	1	1	0	33
chr1	226386443	226388655	2	2	1	3	0	15
chr1	226388756	226390409	2	2	1	8	0	37
chr1	226390625	226392198	2	2	1	3	0	14
chr1	226402380	226407809	2	2	1	1	0	21
chr1	226983855	226984093	1	1	1	1	0	16
chr1	227074013	227074258	2	2	1	1	0	34
chr1	227101240	227112311	2	2	1	2	0	21
chr1	227112914	227119803	2	2	1	1	0	44
chr1	227119938	227129108	2	2	1	3	0	28
chr1	227129232	227139575	2	2	1	3	0	20
chr1	227254156	227317004	2	2	1	1	0	13
chr1	228102166	228102309	2	2	1	7	0	43
chr1	228102383	228102477	2	2	1	6	0	39
chr1	228106919	228107667	2	2	1	1	0	14
chr1	228107870	228109260	2	2	1	1	0	24
chr1	228148457	228148664	1	1	1	1	0	25
chr1	229286567	229288728	1	1	1	1	0	13
chr1	229302990	229303805	1	1	1	1	0	11
chr1	229445003	229449125	2	2	1	2	0	3
chr1	229449191	229450524	2	2	1	2	0	24
chr1	229450606	229452524	2	2	1	1	0	37
chr1	229466757	229470579	2	2	1	1	0	19
chr1	229477761	229484053	2	2	1	1	0	32
chr1	230262666	230262921	1	1	1	1	0	31
chr1	230659626	230660757	1	1	1	3	0	40
chr1	231227069	231229149	2	2	1	1	0	18
chr1	231239189	231241023	2	2	1	1	0	24
chr1	231267904	231270757	1	1	1	1	0	39
chr1	231274063	231275220	1	1	1	1	0	11
chr1	232216684	232216859	1	3	1	1	0	37
chr1	232970119	232978162	1	1	1	4	0	45
chr1	232984265	233017129	1	1	1	2	0	14
chr1	232984319	232984376	0	0	1	3	0	37
chr1	233057291	233090060	2	2	1	1	0	38
chr1	233095864	233135012	2	4	1	1	0	28
chr1	233128478	233128612	1	3	1	1	0	30
chr1	233177899	233179065	2	2	1	1	0	10
chr1	233250833	233252353	2	2	1	1	0	39
chr1	233372161	233375915	1	1	1	2	0	34
chr1	233376067	233376429	1	1	1	1	0	12
chr1	233376528	233378930	1	1	1	3	0	42
chr1	233666991	233671270	1	1	1	1	0	19
chr1	234374390	234383722	1	1	1	2	0	41
chr1	234463935	234465655	2	2	1	1	0	16
chr1	234465709	234467501	2	2	1	1	0	23
chr1	234607853	234608494	2	4	1	1	0	5
chr1	235112109	235113767	2	2	1	7	0	45
chr1	235113911	235119817	2	2	1	0	1	38
chr1	235131998	235135651	2	2	1	2	0	32
chr1	235135771	235136033	2	2	1	1	0	40
chr1	235136074	235137876	2	2	1	1	0	7
chr1	235138175	235148403	2	2	1	1	0	35
chr1	235148448	235152705	2	2	1	1	0	34
chr1	235155113	235160510	2	2	1	4	0	36
chr1	235196116	235213768	2	2	1	3	0	45
chr1	235214027	235219792	2	2	1	1	0	26
chr1	235219969	235220301	2	2	1	5	0	37
chr1	235220546	235221564	2	2	1	3	0	10
chr1	235229386	235231112	2	2	1	2	0	41
chr1	235231190	235234412	2	2	1	1	0	11
chr1	235246512	235252729	2	2	1	2	0	25
chr1	235255751	235257159	2	2	1	2	0	28
chr1	235257226	235260641	2	2	1	1	0	20
chr1	235448441	235448669	1	1	1	2	0	32
chr1	235639756	235640300	2	2	1	1	0	13
chr1	236553740	236554597	2	2	1	2	0	37
chr1	236572829	236574201	2	2	1	2	0	45
chr1	236576378	236576779	2	2	1	2	0	19
chr1	236585217	236585819	2	2	1	5	0	40
chr1	236585942	236586240	2	2	1	1	0	34
chr1	236595674	236595832	2	2	1	1	0	17
chr1	236795738	236803430	1	1	1	1	0	13
chr1	236861278	236862235	1	1	1	3	0	32
chr1	236874847	236880754	1	1	1	1	0	32
chr1	236981541	236981639	2	2	1	0	1	18
chr1	237454575	237469091	1	1	1	2	0	19
chr1	237506815	237511687	1	1	1	1	0	24
chr1	237732150	237733704	1	1	1	1	0	3
chr1	237784973	237785968	1	1	1	1	0	11
chr1	241497971	241500436	2	2	1	5	0	41
chr1	241594692	241597745	2	2	1	1	0	27
chr1	241636074	241639881	2	2	1	2	0	12
chr1	241858719	241860516	1	1	1	1	0	25
chr1	243186073	243186258	2	2	1	1	0	22
chr1	243200681	243200776	2	2	1	0	1	15
chr1	243308178	243316754	1	1	1	1	0	8
chr1	243316894	243330539	1	3	1	1	0	15
chr1	243695717	243843124	2	2	1	3	0	42
chr1	244409639	244411286	2	2	1	1	0	40
chr1	244411437	244415980	2	2	1	1	0	24
chr1	244417753	244418759	2	2	1	1	0	35
chr1	244418915	244420169	2	2	1	1	0	17
chr1	244436894	244437665	2	2	1	2	0	33
chr1	244437769	244451634	2	2	1	2	0	42
chr1	244686670	244691883	1	1	1	1	0	42
chr1	244835757	244841943	1	1	1	0	1	16
chr1	244842059	244842194	1	1	1	1	0	28
chr1	244842259	244843040	1	1	1	2	0	28
chr1	244854504	244854972	2	2	1	15	0	45
chr1	244855045	244855423	2	2	1	16	0	44
chr1	244855609	244855903	2	4	1	2	0	24
chr1	244856159	244856456	2	4	1	36	0	44
chr1	244856626	244856727	2	2	1	14	0	35
chr1	244856857	244857597	2	2	1	3	0	44
chr1	244858275	244858728	2	2	1	1	0	45
chr1	244858842	244859274	2	2	1	3	0	40
chr1	244859375	244860334	2	2	1	2	0	44
chr1	244862535	244862618	2	2	1	5	0	39
chr1	244862731	244863673	2	2	1	1	0	13
chr1	244863647	244864066	2	4	1	1	0	31
chr1	245083689	245087244	1	1	1	1	0	25
chr1	246081611	246082095	2	2	1	1	0	39
chr1	246516360	246526269	1	1	1	1	0	21
chr1	246551303	246556572	2	2	1	2	0	33
chr1	246840999	246842693	2	2	1	3	0	27
chr1	246862154	246863923	2	2	1	1	0	18
chr1	246892431	246897229	2	2	1	1	0	22
chr1	246892464	246892774	1	3	1	1	0	28
chr1	246907759	246913231	2	2	1	2	0	13
chr1	246999441	246999911	2	2	1	2	0	37
chr1	248724717	248725180	2	2	1	0	2	31
chr1	248845663	248847051	1	1	1	1	0	9
chr1	248856423	248856513	2	2	1	1	0	4
chr1	248856563	248857233	2	2	1	1	0	16
chr2	234273	247537	2	2	1	2	0	11
chr2	247603	249730	2	2	1	1	0	16
chr2	259554	260084	2	2	1	2	0	31
chr2	265008	271865	1	1	1	2	0	31
chr2	272151	275139	1	1	1	1	0	35
chr2	277086	277226	1	1	1	6	0	42
chr2	1639423	1643367	2	2	1	1	0	12
chr2	1673813	1676926	2	2	1	1	0	4
chr2	3443892	3457620	1	1	1	1	0	21
chr2	3499083	3500813	2	2	1	1	0	9
chr2	3513977	3519367	2	2	1	1	0	29
chr2	3550473	3552143	2	2	1	1	0	34
chr2	3558999	3561316	1	1	1	1	0	20
chr2	3559730	3561316	1	1	1	1	0	40
chr2	3561414	3561536	1	3	1	1	0	22
chr2	3575351	3575591	1	1	1	2	0	21
chr2	3575685	3575816	1	1	1	6	0	46
chr2	3575889	3576486	1	1	1	23	0	45
chr2	3575889	3577727	1	1	1	2	0	19
chr2	3576631	3577709	1	1	1	2	20	43
chr2	3577775	3580109	1	1	1	72	15	45
chr2	3580261	3580804	1	1	1	1465	3	46
chr2	8818794	8826985	2	2	1	1	0	8
chr2	8862723	8864169	2	2	1	1	0	21
chr2	8864235	8868445	2	2	1	1	0	6
chr2	9297446	9318523	1	1	1	1	0	29
chr2	9318599	9320287	1	1	1	1	0	17
chr2	9406906	9407448	2	2	1	2	0	40
chr2	9414257	9423372	2	2	1	1	0	23
chr2	9440667	9441817	1	1	1	1	0	31
chr2	9457028	9459530	1	1	1	1	0	6
chr2	9467777	9471342	1	1	1	2	0	27
chr2	9471440	9472915	1	1	1	16	0	45
chr2	9505366	9509978	2	2	1	1	0	29
chr2	9527955	9535833	2	2	1	1	0	9
chr2	9585346	9587413	2	2	1	1	0	11
chr2	9588329	9591391	2	2	1	1	0	6
chr2	9591516	9630158	2	2	1	4	0	45
chr2	9630535	9630940	2	2	1	1	0	31
chr2	9843560	9845219	1	1	1	3	0	29
chr2	9910914	9911510	1	1	1	1	0	39
chr2	9911558	9913158	1	1	1	1	0	6
chr2	10123531	10123735	1	1	1	1	0	26
chr2	10123853	10124716	1	1	1	2	0	7
chr2	10129155	10129233	1	1	1	2	0	34
chr2	10444648	10444930	2	2	1	2	0	6
chr2	10589752	10600852	2	2	1	1	0	18
chr2	10602875	10603077	2	2	1	2	0	34
chr2	10603158	10607184	2	2	1	1	0	44
chr2	10784327	10784933	2	2	1	1	0	23
chr2	10785031	10787280	2	2	1	1	0	17
chr2	10788770	10788896	2	2	1	4	0	42
chr2	10788982	10789748	2	2	1	14	0	45
chr2	10789890	10790718	2	2	1	1	0	30
chr2	10793203	10797080	2	2	1	1	0	16
chr2	10797208	10797699	2	2	1	6	0	30
chr2	10797758	10802498	2	2	1	2	0	20
chr2	10802641	10812677	2	2	1	1	0	27
chr2	11197706	11198490	2	2	1	1	0	38
chr2	11198586	11198680	2	2	1	3	0	39
chr2	11198775	11200956	2	2	1	2	0	24
chr2	11208448	11211680	2	2	1	1	0	23
chr2	11214464	11214839	2	2	1	2	0	42
chr2	11219027	11221197	2	2	1	3	0	27
chr2	11221358	11222082	2	2	1	1	0	33
chr2	11286640	11287654	2	2	1	1	0	5
chr2	11337869	11338150	2	4	1	1	0	27
chr2	15468534	15473221	2	2	1	1	0	29
chr2	15489023	15504144	2	2	1	1	0	33
chr2	15591950	15595144	1	1	1	8	0	35
chr2	15595197	15595489	1	1	1	32	0	46
chr2	15595554	15596733	1	1	1	29	0	31
chr2	15596764	15597374	1	1	1	11	0	30
chr2	15602632	15603191	1	1	1	1	0	24
chr2	15603276	15603813	1	1	1	1	0	18
chr2	15620397	15621064	1	1	1	1	0	25
chr2	15621117	15623435	1	1	1	1	0	15
chr2	15623583	15627053	1	1	1	2	0	16
chr2	15627146	15628444	1	1	1	1	0	35
chr2	15628518	15628637	1	1	1	5	0	30
chr2	15628711	15628796	1	1	1	5	0	13
chr2	15628840	15629601	1	1	1	3	0	37
chr2	15629698	15629989	1	1	1	1	0	22
chr2	16559587	16560989	2	2	1	1	0	12
chr2	17696427	17700207	2	2	1	6	0	44
chr2	17700379	17701828	2	2	1	4	0	20
chr2	17701910	17703156	2	2	1	8	0	40
chr2	17703293	17707218	2	2	1	3	0	37
chr2	17716906	17717087	2	2	1	2	0	34
chr2	17717177	17718076	2	2	1	4	0	25
chr2	17718224	17720939	2	2	1	1	0	33
chr2	17725359	17726388	2	2	1	5	0	29
chr2	17726470	17731077	2	2	1	4	0	37
chr2	17731140	17731740	2	2	1	2	0	6
chr2	17772785	17773095	1	1	1	3	0	19
chr2	17773133	17773218	1	1	1	1	0	37
chr2	17774402	17778001	1	1	1	1	0	5
chr2	17778064	17779977	1	1	1	1	0	25
chr2	19932448	19933400	2	2	1	1	0	7
chr2	19966910	19969479	2	2	1	1	0	37
chr2	20034416	20034966	2	2	1	1	0	24
chr2	20037439	20037537	2	2	1	1	0	11
chr2	20037615	20040890	2	2	1	2	0	37
chr2	20622320	20623895	2	2	1	2	0	44
chr2	23754308	23754646	2	2	1	1	0	6
chr2	23758102	23762208	2	2	1	1	0	19
chr2	23875905	23880638	2	2	1	1	0	21
chr2	23939677	23958300	1	1	1	1	0	41
chr2	23940241	23958300	1	1	1	1	0	23
chr2	23971415	23976968	1	1	1	1	0	25
chr2	23977076	23982895	1	1	1	3	0	33
chr2	24067852	24068320	2	2	1	6	0	44
chr2	24068460	24074075	2	2	1	1	0	44
chr2	24074195	24076199	2	2	1	1	0	45
chr2	24081032	24082884	2	2	1	1	0	4
chr2	24271942	24275712	2	2	1	2	0	43
chr2	24275850	24286211	2	2	1	2	0	29
chr2	24564431	24584475	1	1	1	1	0	34
chr2	24793502	24799674	1	1	1	1	0	5
chr2	24799845	24814375	1	1	1	1	0	35
chr2	24834937	24836916	2	2	1	2	0	15
chr2	25234421	25235706	2	2	1	8	0	39
chr2	25239216	25240301	2	2	1	3	0	42
chr2	25428577	25428710	1	3	1	1	0	32
chr2	25756115	25759481	2	2	1	1	0	35
chr2	26074450	26076900	2	2	1	0	1	12
chr2	26074450	26085955	2	2	1	0	1	12
chr2	26109907	26127143	1	1	1	1	0	5
chr2	26192425	26193576	2	2	1	1	0	20
chr2	26204197	26209779	2	2	1	1	0	4
chr2	26212627	26214442	2	2	1	1	0	21
chr2	26215176	26230191	2	2	1	2	0	42
chr2	26234356	26236854	2	2	1	1	0	25
chr2	26285572	26289917	1	1	1	2	0	31
chr2	26386537	26389004	1	1	1	1	0	23
chr2	26780049	26780158	2	4	1	2	0	32
chr2	27041508	27041620	2	2	1	1	0	32
chr2	27070722	27071325	2	2	1	12	0	44
chr2	27132924	27133116	2	2	1	1	0	33
chr2	27212468	27213176	1	1	1	1	0	38
chr2	27215754	27216522	1	1	1	1	0	29
chr2	27216621	27216843	1	1	1	4	0	33
chr2	27306543	27306886	1	1	1	1	0	35
chr2	27309982	27311898	2	2	1	1	0	8
chr2	27333785	27333973	2	2	1	1	0	26
chr2	27334000	27335597	2	2	1	1	0	17
chr2	27364600	27364717	2	2	1	2	0	33
chr2	27369550	27369875	2	2	1	2	0	27
chr2	27369920	27370283	2	2	1	1	0	26
chr2	27371344	27372622	1	1	1	2	0	37
chr2	27376521	27376605	1	1	1	3	0	12
chr2	27381806	27382125	2	2	1	4	0	16
chr2	27382606	27383365	2	2	1	2	0	40
chr2	27384093	27384672	2	2	1	2	0	25
chr2	27385880	27386193	2	2	1	9	0	35
chr2	27386280	27387088	2	2	1	3	0	28
chr2	27387159	27409302	2	2	1	1	0	4
chr2	27433484	27433672	1	1	1	1	0	16
chr2	27443533	27443948	1	1	1	2	0	30
chr2	27444062	27444185	1	1	1	7	0	26
chr2	27444062	27444188	1	1	1	5	0	45
chr2	27444522	27445013	2	2	1	5	0	44
chr2	27445450	27445744	2	2	1	1	0	37
chr2	27617572	27621152	1	1	1	1	0	36
chr2	27667391	27668842	1	1	1	1	0	26
chr2	27668904	27669247	1	1	1	1	0	5
chr2	27669388	27675531	1	1	1	1	0	8
chr2	27682360	27685036	1	1	1	1	0	33
chr2	27771800	27772673	1	1	1	2	0	19
chr2	27772693	27774423	1	1	1	2	0	19
chr2	27772693	27779432	1	1	1	2	0	3
chr2	28129381	28139147	1	1	1	1	0	38
chr2	28776983	28778808	1	1	1	1	0	18
chr2	28781843	28783906	1	1	1	1	0	33
chr2	28788810	28793862	1	1	1	1	0	14
chr2	28894924	28901986	1	1	1	1	0	38
chr2	28912711	28914068	1	1	1	1	0	40
chr2	28926555	28927568	1	1	1	2	1	15
chr2	28937995	28941460	1	1	1	2	0	21
chr2	28941575	28942311	1	1	1	1	0	35
chr2	28942382	28946449	1	1	1	6	0	41
chr2	28946500	28946599	1	1	1	10	0	43
chr2	31868493	31869847	2	2	1	0	1	13
chr2	32024257	32029593	2	2	1	2	0	41
chr2	32039327	32039420	2	2	1	3	0	44
chr2	32039493	32039732	2	2	1	2	0	31
chr2	32114826	32115701	1	1	1	1	0	37
chr2	32193984	32197343	1	1	1	1	0	36
chr2	32197393	32197706	1	1	1	1	0	7
chr2	32470302	32471013	1	1	1	2	0	11
chr2	32471152	32473111	1	1	1	6	0	43
chr2	32473240	32476212	1	1	1	2	0	22
chr2	32518947	32524887	1	3	1	1	0	5
chr2	32575367	32593914	1	1	1	2	0	36
chr2	32597969	32599738	1	1	1	1	0	44
chr2	32702921	32733827	1	1	1	1	0	44
chr2	32736817	32758291	1	1	1	2	0	17
chr2	32777981	32782625	1	1	1	3	0	34
chr2	32782679	32786983	1	1	1	2	0	5
chr2	32817558	32820815	1	1	1	3	0	43
chr2	32916346	32916402	1	1	1	12	183	45
chr2	32916346	32916442	1	1	1	10	109	45
chr2	32916346	32916487	1	1	1	94	182	44
chr2	32916346	32916599	1	1	1	0	32	26
chr2	33315270	33342837	1	1	1	1	0	42
chr2	33342964	33347366	1	1	1	1	0	38
chr2	33397283	33398363	1	1	1	1	0	31
chr2	33413701	33426166	1	1	1	0	1	42
chr2	33462488	33462622	2	2	1	1	0	35
chr2	33588520	33592079	2	2	1	4	0	14
chr2	36354982	36355087	2	2	1	2	0	43
chr2	36513766	36517326	1	1	1	2	0	17
chr2	36558514	36560784	2	2	1	1	0	30
chr2	36578866	36581289	2	2	1	9	0	46
chr2	37089867	37090680	1	1	1	1	0	27
chr2	37090723	37091915	1	1	1	1	0	23
chr2	37092037	37092164	1	1	1	1	0	37
chr2	37109296	37114730	2	2	1	2	0	18
chr2	37120140	37122505	2	2	1	1	0	5
chr2	37135547	37136982	2	2	1	1	0	30
chr2	37137018	37138269	2	2	1	1	0	27
chr2	37138364	37138508	2	2	1	1	0	22
chr2	37139758	37141552	2	2	1	1	0	8
chr2	37146974	37147687	2	2	1	1	0	42
chr2	37201904	37202783	2	2	1	36	0	39
chr2	37202866	37202949	2	2	1	6	0	45
chr2	37203009	37210998	2	2	1	2	0	45
chr2	37211083	37211842	2	2	1	1	0	21
chr2	37212040	37212334	2	2	1	1	0	15
chr2	37212393	37213863	2	2	1	3	0	19
chr2	37213962	37214885	2	2	1	1	0	32
chr2	37214953	37216139	2	2	1	1	0	36
chr2	37216209	37216315	2	2	1	2	0	24
chr2	37216419	37216983	2	2	1	5	0	45
chr2	37217038	37220384	2	2	1	2	0	23
chr2	37222564	37223169	2	2	1	4	0	25
chr2	37229037	37231411	2	2	1	14	0	44
chr2	37248427	37258315	1	1	1	1	0	33
chr2	37279930	37282541	2	2	1	1	0	19
chr2	37317180	37324680	2	2	1	2	0	40
chr2	38298576	38299255	2	2	1	2	0	25
chr2	38482402	38482650	2	4	1	0	1	18
chr2	38564238	38568198	2	2	1	10	0	46
chr2	38568298	38568385	2	2	1	2	0	38
chr2	38568444	38569132	2	2	1	2	0	31
chr2	38569335	38569803	2	2	1	2	0	32
chr2	38573428	38577460	2	2	1	2	0	43
chr2	38745188	38746143	2	2	1	4	0	36
chr2	38746180	38746693	2	2	1	1	0	12
chr2	38748158	38748578	2	2	1	4	0	46
chr2	38748654	38749528	2	2	1	1	0	7
chr2	38750195	38751228	2	2	1	1	0	27
chr2	38798443	38802714	2	2	1	1	0	16
chr2	38826690	38828339	2	2	1	1	0	20
chr2	38855253	38856339	2	2	1	1	0	38
chr2	38997039	38997252	2	2	1	2	0	40
chr2	39013564	39013866	2	2	1	4	0	35
chr2	39258588	39260605	2	2	1	1	0	19
chr2	39286965	39288120	2	2	1	4	0	19
chr2	39325962	39326145	2	2	1	1	0	42
chr2	39770120	39771504	2	2	1	2	0	15
chr2	39770120	39771514	2	2	1	1	0	26
chr2	42245688	42256500	1	1	1	3	0	18
chr2	42256631	42261120	1	1	1	2	0	9
chr2	42256631	42263177	1	1	1	2	0	31
chr2	42261295	42263177	1	1	1	1	0	10
chr2	42263307	42264705	1	1	1	1	0	16
chr2	42264732	42280849	1	1	1	1	0	26
chr2	42282973	42284633	1	1	1	1	0	24
chr2	42568774	42570436	1	1	1	1	0	4
chr2	42570505	42579106	1	1	1	1	0	20
chr2	42659863	42682400	1	1	1	1	0	38
chr2	43549369	43551788	2	2	1	1	0	42
chr2	43644797	43678862	1	1	1	2	0	15
chr2	43678926	43692513	1	1	1	2	0	14
chr2	43888657	43889733	2	2	1	11	0	43
chr2	43901525	43905691	2	2	1	3	0	29
chr2	43918134	43918255	2	2	1	1	0	30
chr2	43942804	43943686	2	2	1	1	0	42
chr2	43943895	43945331	2	2	1	1	0	28
chr2	43947776	43948121	2	2	1	2	0	45
chr2	43957452	43960540	2	2	1	2	0	27
chr2	43973715	43973794	2	2	1	1	0	27
chr2	44202046	44209209	1	1	1	1	0	37
chr2	44323412	44326711	2	2	1	1	0	46
chr2	44346391	44359496	2	2	1	1	0	43
chr2	44372889	44390240	1	1	1	1	0	25
chr2	45389600	45392944	2	2	1	1	0	45
chr2	46543813	46580927	1	1	1	2	0	32
chr2	46576252	46576560	1	1	1	1	0	35
chr2	46576657	46580927	1	1	1	0	1	6
chr2	46623868	46624162	1	1	1	1	0	25
chr2	47160805	47161722	2	2	1	3	0	28
chr2	47161859	47162285	2	2	1	2	0	40
chr2	47162393	47162518	2	2	1	10	2	38
chr2	47162663	47167475	2	2	1	0	1	3
chr2	47162663	47170733	2	2	1	7	1	31
chr2	47170765	47176440	2	2	1	3	0	31
chr2	47374049	47375233	1	1	1	4	0	33
chr2	47375300	47377013	1	1	1	4	0	40
chr2	47377078	47378952	1	1	1	1	0	15
chr2	47379055	47379768	1	1	1	1	0	23
chr2	47379970	47385165	1	1	1	3	0	18
chr2	47385211	47386571	1	1	1	1	0	42
chr2	47408556	47410093	1	1	1	1	0	16
chr2	47412561	47416295	1	1	1	0	1	3
chr2	47414419	47416295	1	1	1	0	1	3
chr2	47416430	47429741	1	1	1	1	0	19
chr2	47445658	47463030	1	1	1	1	0	4
chr2	47463155	47466657	1	1	1	6	0	33
chr2	47466809	47470964	1	1	1	4	0	31
chr2	47471063	47475024	1	1	1	1	0	10
chr2	47476572	47478271	1	1	1	1	0	45
chr2	47478520	47480695	1	1	1	5	0	29
chr2	47480872	47482778	1	1	1	6	1	44
chr2	47791124	47795893	1	1	1	2	0	19
chr2	47796064	47798610	1	1	1	4	0	35
chr2	47803686	47804909	1	1	1	1	0	9
chr2	47806359	47806451	1	1	1	1	0	13
chr2	47806652	47806778	1	1	1	45	0	45
chr2	47808248	47808328	2	2	1	2	0	10
chr2	47813378	47813790	2	2	1	2	0	17
chr2	47820457	47822217	2	2	1	1	0	40
chr2	48461233	48464936	1	1	1	1	0	31
chr2	48464990	48465492	1	1	1	1	0	8
chr2	48582564	48591652	1	1	1	1	0	19
chr2	51029195	51031980	2	2	1	1	0	22
chr2	53787373	53794344	1	1	1	2	0	27
chr2	53794450	53795932	1	1	1	1	0	30
chr2	53796014	53797514	1	1	1	4	0	43
chr2	53797593	53797731	1	1	1	1	0	30
chr2	53866881	53869375	2	2	1	1	0	26
chr2	53869539	53874338	2	2	1	1	0	7
chr2	53885776	53887258	2	2	1	1	0	12
chr2	53895737	53896803	2	2	1	4	0	36
chr2	53896886	53897869	2	2	1	1	0	9
chr2	53900018	53901349	2	2	1	3	0	44
chr2	53908566	53908783	2	2	1	1	0	41
chr2	53927484	53928116	2	2	1	1	0	36
chr2	53974097	53975023	1	1	1	1	0	42
chr2	54612335	54616206	1	1	1	2	0	15
chr2	54618194	54621399	1	1	1	6	0	38
chr2	54621513	54622299	1	1	1	1	0	14
chr2	54622488	54623478	1	1	1	2	0	37
chr2	54624963	54625931	1	1	1	0	1	36
chr2	54632769	54637712	1	1	1	1	0	24
chr2	54645454	54645927	1	1	1	1	0	27
chr2	54653854	54655069	1	1	1	11	0	39
chr2	54655209	54655913	1	1	1	1	0	28
chr2	54658047	54659153	1	1	1	1	0	22
chr2	54660000	54664452	1	1	1	1	0	36
chr2	54667647	54668350	1	1	1	1	0	22
chr2	54973199	54973562	2	2	1	2	0	40
chr2	54973622	54973820	2	2	1	2	0	36
chr2	54974765	54982514	2	2	1	4	0	42
chr2	55027486	55028163	2	4	1	2	0	40
chr2	55232709	55232807	1	1	1	2	0	28
chr2	55232873	55233362	1	1	1	3	0	36
chr2	55233418	55234118	1	3	1	5	0	45
chr2	55234205	55234830	1	1	1	11	0	45
chr2	55234963	55235427	1	1	1	154	0	45
chr2	55236821	55237287	2	2	1	3	0	35
chr2	55243669	55244028	2	2	1	1	0	5
chr2	55252654	55254040	2	2	1	1	0	29
chr2	55267636	55268577	2	2	1	1	0	22
chr2	55309255	55312433	2	2	1	1	0	42
chr2	55312580	55315927	2	2	1	1	0	34
chr2	55316115	55317205	2	2	1	1	0	42
chr2	55317350	55317563	2	2	1	1	0	14
chr2	55328436	55332565	2	2	1	5	0	33
chr2	55332694	55334093	2	2	1	1	0	28
chr2	55335165	55336680	2	2	1	5	0	42
chr2	55336819	55339463	2	2	1	1	0	27
chr2	55339649	55343647	2	2	1	5	0	16
chr2	55344515	55346174	2	2	1	6	0	45
chr2	55346334	55349517	2	2	1	3	0	31
chr2	55374884	55388777	2	2	1	2	0	20
chr2	55544075	55544219	1	1	1	2	0	22
chr2	55544370	55544906	1	1	1	2	0	28
chr2	55565042	55568193	2	2	1	1	0	40
chr2	55671377	55671994	2	2	1	1	0	15
chr2	55672047	55672892	2	2	1	1	0	25
chr2	55680760	55680854	2	2	1	1	0	27
chr2	58048968	58084088	1	1	1	4	0	11
chr2	58159801	58160107	2	2	1	4	0	44
chr2	58160180	58161521	2	2	1	3	0	24
chr2	58163075	58163433	2	2	1	1	0	39
chr2	58163075	58165723	2	2	1	1	0	37
chr2	58213707	58221941	2	2	1	1	0	5
chr2	60484625	60484754	1	1	1	1	0	17
chr2	60881851	60891682	1	1	1	1	0	4
chr2	60955075	60960391	2	2	1	1	0	45
chr2	61070501	61071605	1	1	1	1	0	15
chr2	61189070	61190270	2	2	1	2	0	24
chr2	61228720	61228826	2	2	1	1	0	15
chr2	61248684	61256383	2	2	1	2	0	45
chr2	61259777	61265396	2	2	1	1	0	24
chr2	61295033	61295167	2	2	1	1	0	37
chr2	61311911	61314584	2	2	1	1	0	13
chr2	61317768	61319172	2	2	1	1	0	40
chr2	61339479	61339565	2	2	1	1	0	23
chr2	61344030	61347869	2	2	1	1	0	18
chr2	61350390	61350567	2	2	1	1	0	7
chr2	61350694	61370320	2	2	1	3	0	29
chr2	61370580	61378362	2	2	1	1	0	17
chr2	61406129	61420745	2	2	1	3	0	45
chr2	61478967	61481184	2	2	1	1	0	20
chr2	61483092	61483936	2	2	1	1	0	27
chr2	61484106	61485767	2	2	1	1	0	19
chr2	61485963	61488164	2	2	1	1	0	26
chr2	61488272	61488587	2	2	1	3	0	38
chr2	61492482	61492566	2	2	1	1	0	16
chr2	61492749	61492914	2	2	1	3	0	24
chr2	61494092	61495454	2	2	1	1	0	12
chr2	61498914	61499712	2	4	1	1	0	11
chr2	61502041	61502248	2	2	1	1	0	20
chr2	61502311	61522610	2	2	1	2	0	14
chr2	61522684	61526419	2	2	1	10	0	22
chr2	61526522	61533771	2	2	1	3	0	39
chr2	61827259	61836009	2	2	1	4	0	41
chr2	61838706	61839420	2	2	1	1	0	15
chr2	61840582	61842121	2	2	1	2	0	43
chr2	61868707	61869439	2	2	1	21	0	44
chr2	61869554	61872081	2	2	1	1	0	34
chr2	61872317	61872457	2	2	1	1	0	37
chr2	61872589	61873001	2	2	1	1	0	41
chr2	61873113	61873196	2	2	1	2	0	15
chr2	61876235	61876919	2	2	1	8	0	45
chr2	61877053	61877392	2	2	1	2	0	28
chr2	61877515	61878868	2	2	1	1	0	18
chr2	61883549	61885019	2	2	1	1	0	20
chr2	61885073	61888380	2	2	1	1	0	4
chr2	62000983	62135830	1	1	1	0	1	4
chr2	62196356	62222211	1	1	1	1	0	42
chr2	62859292	62864730	1	1	1	3	0	34
chr2	62874533	62942717	1	1	1	1	0	32
chr2	62949163	62955516	1	1	1	1	0	8
chr2	62955661	62979187	1	1	1	1	0	19
chr2	62990841	62993529	1	1	1	2	0	44
chr2	63037635	63038742	1	1	1	3	0	46
chr2	63589047	63594487	1	1	1	2	0	37
chr2	63595520	63597398	1	1	1	1	0	26
chr2	63605394	63605938	1	1	1	1	0	21
chr2	63606029	63606861	1	1	1	1	0	26
chr2	63841233	63856305	1	1	1	2	0	30
chr2	63842205	63856305	1	1	1	1	0	17
chr2	63842205	63856329	1	1	1	0	1	3
chr2	63857937	63882465	1	1	1	1	0	10
chr2	63882652	63883959	1	1	1	1	0	22
chr2	63885887	63886340	1	1	1	1	0	14
chr2	63887645	63890080	1	1	1	2	0	14
chr2	63890186	63891119	1	1	1	4	0	45
chr2	64096314	64096412	2	2	1	1	0	11
chr2	65098067	65104733	2	2	1	1	0	43
chr2	65239963	65246523	1	1	1	1	0	44
chr2	67332063	67333952	1	1	1	1	0	28
chr2	67334151	67337008	1	1	1	1	0	45
chr2	67334151	67339333	1	1	1	1	0	16
chr2	67337698	67339333	1	1	1	1	0	16
chr2	67397672	67399168	1	1	1	1	0	8
chr2	67399298	67399549	1	1	1	1	0	7
chr2	67399627	67402861	1	1	1	1	0	39
chr2	68144716	68147466	2	2	1	1	0	29
chr2	68173418	68174734	1	1	1	1	0	42
chr2	68464371	68464839	2	2	1	1	0	29
chr2	68465179	68466143	2	2	1	2	0	33
chr2	69326234	69326913	2	2	1	1	0	10
chr2	69328439	69329296	2	2	1	1	0	9
chr2	69371206	69371342	1	3	1	2	0	38
chr2	69374114	69387064	2	2	1	1	0	11
chr2	69396291	69400363	2	2	1	6	0	34
chr2	69400539	69406021	2	2	1	4	0	7
chr2	69643275	69643574	2	2	1	3	0	38
chr2	69839554	69840941	1	1	1	1	0	20
chr2	69869865	69871744	1	1	1	3	0	31
chr2	69871833	69878908	1	1	1	2	0	37
chr2	69894019	69895093	1	1	1	3	0	44
chr2	69895215	69896435	1	1	1	3	0	30
chr2	69896549	69897376	1	1	1	1	0	26
chr2	69897457	69903180	1	1	1	2	0	42
chr2	69903246	69904253	1	1	1	1	0	26
chr2	69904426	69904511	1	1	1	2	0	32
chr2	70216293	70216403	2	2	1	1	0	40
chr2	70216995	70224553	2	2	1	1	0	43
chr2	70229319	70230755	2	2	1	1	0	33
chr2	70281685	70287264	2	2	1	0	1	3
chr2	70281685	70288067	2	2	1	68	28	43
chr2	70288193	70289349	2	2	1	1	0	23
chr2	70288193	70293617	2	2	1	1	0	8
chr2	70289373	70293617	2	2	1	2	0	21
chr2	70297478	70300839	2	2	1	1	0	36
chr2	70620831	70626344	1	1	1	0	1	22
chr2	70674826	70676795	2	2	1	1	0	5
chr2	71072752	71073481	1	1	1	1	0	24
chr2	71077637	71078317	1	1	1	1	0	17
chr2	71086567	71090755	1	1	1	0	5	40
chr2	71134106	71134625	1	1	1	3	0	23
chr2	71139863	71141231	1	1	1	2	0	43
chr2	71149454	71149865	1	1	1	12	0	39
chr2	71331876	71355718	1	1	1	1	0	26
chr2	71365707	71368381	1	1	1	1	0	21
chr2	71368529	71369882	1	1	1	7	0	32
chr2	71380566	71396140	1	1	1	1	0	10
chr2	71396192	71398700	1	1	1	1	0	31
chr2	71400181	71400477	1	1	1	1	0	21
chr2	71405643	71406127	1	1	1	1	0	11
chr2	71406263	71408121	1	1	1	2	0	23
chr2	71424716	71426459	1	1	1	2	0	27
chr2	71427415	71428546	1	1	1	3	0	34
chr2	71431429	71433164	1	1	1	3	0	37
chr2	71433284	71434741	1	1	1	2	0	43
chr2	72718308	72731006	2	2	1	1	0	35
chr2	72731053	72731154	2	2	1	2	0	17
chr2	73247927	73248990	1	1	1	1	0	7
chr2	73250439	73251225	1	1	1	4	0	29
chr2	73251433	73252639	1	1	1	2	0	9
chr2	73457327	73457940	1	1	1	1	0	27
chr2	73602369	73603240	1	1	1	2	0	37
chr2	73608575	73609567	1	1	1	4	0	27
chr2	73730030	73730559	2	2	1	22	0	45
chr2	73831060	73844812	1	1	1	9	0	45
chr2	73844889	73845166	1	1	1	8	0	44
chr2	73849488	73850375	1	1	1	1	0	10
chr2	73958246	73958709	1	1	1	9	0	35
chr2	74117830	74144251	2	2	1	1	0	23
chr2	74135659	74142271	2	2	1	3	0	39
chr2	74135659	74145188	2	2	1	1	0	19
chr2	74142361	74145188	2	2	1	2	0	22
chr2	74145304	74147820	2	2	1	3	0	29
chr2	74207827	74208568	1	1	1	2	0	29
chr2	74210050	74211198	1	1	1	1	0	13
chr2	74211292	74211740	1	1	1	1	0	6
chr2	74371177	74371536	2	2	1	1	0	27
chr2	74425492	74425569	1	1	1	4	0	44
chr2	74425492	74425639	1	1	1	2	0	27
chr2	74428943	74429827	2	2	1	1	0	35
chr2	74472253	74472357	2	2	1	1	0	17
chr2	74472471	74472568	2	2	1	2	0	32
chr2	74505191	74505338	2	2	1	2	0	37
chr2	74526748	74529139	2	2	1	2	0	34
chr2	74526837	74526940	2	2	1	15	0	45
chr2	74527060	74527247	2	2	1	1	0	18
chr2	74527364	74527470	2	2	1	1	0	17
chr2	74527839	74527939	2	2	1	1	0	44
chr2	74528936	74529131	2	2	1	1	0	16
chr2	74531703	74531855	1	1	1	1	0	20
chr2	74959426	74960104	1	1	1	1	0	10
chr2	74960147	74969408	1	1	1	1	0	34
chr2	75213878	75219233	1	1	1	0	3	43
chr2	75646911	75647101	1	1	1	1	0	38
chr2	75647220	75652141	1	1	1	1	0	18
chr2	75654918	75655063	1	1	1	1	0	16
chr2	76573772	76579400	1	1	1	3	1	34
chr2	76844012	76845542	2	2	1	2	0	34
chr2	84425604	84431507	2	2	1	1	0	9
chr2	84906118	84906388	1	1	1	9	0	29
chr2	85049649	85053147	1	1	1	1	0	15
chr2	85160337	85162109	2	4	1	1	0	36
chr2	85306366	85306451	1	1	1	4	0	46
chr2	85306560	85307641	1	1	1	1	0	3
chr2	85394959	85395537	2	2	1	2	0	20
chr2	85395627	85398019	2	2	1	1	0	4
chr2	85596932	85597103	1	1	1	7	0	31
chr2	85597179	85597444	1	1	1	38	0	43
chr2	85623783	85625538	1	1	1	1	0	12
chr2	85625692	85630720	1	1	1	2	0	36
chr2	85630947	85636052	1	1	1	1	0	38
chr2	85636131	85637368	1	1	1	1	0	13
chr2	85637437	85639202	1	1	1	1	0	11
chr2	85639392	85640975	1	1	1	1	0	31
chr2	85648017	85648760	1	1	1	1	0	35
chr2	86043196	86044138	2	2	1	2	0	23
chr2	86054290	86065273	2	2	1	1	0	6
chr2	86111159	86116529	1	1	1	2	0	36
chr2	86125083	86125454	1	1	1	2	0	8
chr2	86125881	86127160	1	1	1	1	0	29
chr2	86134988	86136520	1	1	1	1	0	16
chr2	86137141	86137468	1	1	1	4	0	31
chr2	86151521	86153559	2	2	1	1	0	15
chr2	86153575	86158591	2	2	1	1	0	15
chr2	86159672	86161975	2	2	1	1	0	34
chr2	86162080	86166507	2	2	1	2	0	39
chr2	86206296	86207182	1	1	1	1	0	29
chr2	86210614	86213627	1	1	1	1	0	39
chr2	86441445	86442017	1	1	1	1	0	4
chr2	86484159	86484941	1	1	1	1	0	7
chr2	86507594	86510357	2	2	1	1	0	44
chr2	86544982	86545020	2	2	1	0	1	38
chr2	86544982	86545059	2	2	1	0	1	38
chr2	86544982	86545098	2	2	1	0	1	38
chr2	86544982	86545137	2	2	1	0	1	38
chr2	86544982	86545176	2	2	1	0	1	38
chr2	86544982	86545215	2	2	1	0	1	38
chr2	86544982	86545254	2	2	1	0	1	38
chr2	86544982	86545293	2	2	1	0	1	38
chr2	86766025	86770022	1	1	1	1	0	14
chr2	86975887	86976152	1	1	1	0	1	38
chr2	86984849	86985575	1	1	1	0	2	45
chr2	87030908	87031815	2	2	1	0	2	18
chr2	87047307	87049588	2	2	1	0	1	15
chr2	87118927	87120887	2	2	1	0	1	23
chr2	87159655	87161616	1	1	1	0	1	23
chr2	87189059	87193442	1	1	1	0	1	21
chr2	87193578	87196513	1	1	1	0	2	15
chr2	87455646	87521206	1	1	1	1	0	44
chr2	87720022	87722300	1	1	1	0	1	15
chr2	87735766	87737717	1	1	1	0	1	23
chr2	87738106	87739016	1	1	1	0	2	18
chr2	87784348	87785074	2	2	1	0	2	45
chr2	87793769	87794034	2	2	1	0	1	38
chr2	88729338	88734551	1	1	1	1	0	44
chr2	94202569	94203213	2	2	1	0	1	21
chr2	95110042	95115065	2	2	1	1	0	35
chr2	95115204	95117864	2	2	1	1	0	23
chr2	95412765	95412894	1	1	1	0	3	28
chr2	95856181	95857308	2	2	1	0	2	40
chr2	95860075	95867439	2	2	1	1	0	20
chr2	95882375	95882468	2	2	1	2	0	31
chr2	95884246	95884339	2	2	1	1	0	25
chr2	95884369	95886047	2	2	1	1	0	20
chr2	95889995	95891664	2	2	1	1	0	30
chr2	95891738	95891831	2	2	1	0	1	8
chr2	95891861	95893532	2	2	1	0	1	29
chr2	95891861	95899144	2	2	1	0	1	29
chr2	95893606	95893695	2	2	1	0	1	4
chr2	95893725	95895398	2	2	1	0	1	5
chr2	95895472	95895561	2	2	1	0	1	14
chr2	95899218	95899307	2	2	1	0	1	4
chr2	95899337	95901014	2	2	1	0	1	5
chr2	95901088	95901177	2	2	1	0	1	14
chr2	95904834	95904923	2	2	1	0	1	4
chr2	95904953	95906630	2	2	1	0	1	5
chr2	95906704	95906793	2	2	1	0	1	14
chr2	95910446	95910539	2	2	1	0	1	4
chr2	95912317	95912406	2	2	1	0	2	27
chr2	95914181	95914274	2	2	1	2	0	29
chr2	95914304	95915979	2	2	1	2	0	21
chr2	95916053	95916142	2	2	1	0	2	27
chr2	95982363	95986750	2	2	1	1	0	12
chr2	96021466	96021597	1	1	1	0	3	28
chr2	96275156	96275256	2	2	1	1	0	29
chr2	96276986	96277080	2	2	1	2	0	20
chr2	96277242	96277538	2	2	1	1	0	24
chr2	96285341	96286310	2	2	1	1	0	7
chr2	96287558	96287862	2	2	1	2	0	9
chr2	96301717	96303158	2	2	1	3	0	24
chr2	96303331	96304704	2	2	1	2	0	11
chr2	96354389	96359044	1	1	1	1	0	10
chr2	96360711	96364480	1	1	1	2	0	33
chr2	96369064	96369424	1	1	1	2	0	15
chr2	96369501	96373291	1	1	1	1	0	4
chr2	96734527	96737948	2	2	1	1	0	38
chr2	96859878	96860061	1	3	1	1	0	16
chr2	97083818	97083947	2	2	1	0	3	28
chr2	97085862	97086138	2	2	1	1	0	11
chr2	97193054	97194725	1	1	1	1	0	29
chr2	97194755	97194844	1	1	1	1	0	7
chr2	97196789	97198462	1	1	1	2	0	24
chr2	97198492	97198585	1	1	1	2	0	29
chr2	97200526	97202201	1	1	1	1	0	26
chr2	97202394	97204067	1	1	1	1	0	11
chr2	97204097	97204190	1	1	1	1	0	29
chr2	97208007	97209680	1	1	1	1	0	29
chr2	97241480	97243845	1	1	1	0	1	14
chr2	97244030	97245156	1	1	1	0	2	40
chr2	97246072	97247475	1	1	1	0	1	24
chr2	97249646	97250143	1	1	1	0	1	4
chr2	97507066	97507563	2	2	1	0	1	4
chr2	97509734	97511137	2	2	1	0	1	24
chr2	97512053	97513179	2	2	1	0	2	40
chr2	97513364	97515731	2	2	1	0	1	14
chr2	97551481	97553167	2	2	1	1	0	23
chr2	97553241	97553342	2	2	1	2	0	15
chr2	97553372	97555059	2	2	1	2	0	29
chr2	97647141	97647343	1	1	1	3	0	46
chr2	97647444	97647995	1	1	1	37	0	45
chr2	97772425	97775590	2	2	1	1	0	34
chr2	97772425	97775842	2	2	1	1	0	9
chr2	97805206	97805375	2	2	1	1	0	15
chr2	98600794	98604107	2	2	1	1	0	3
chr2	99105437	99105526	2	2	1	3	0	41
chr2	99117760	99118550	2	2	1	1	0	6
chr2	99117760	99127047	2	2	1	1	0	32
chr2	99169471	99169549	2	2	1	3	0	43
chr2	99174017	99180830	2	2	1	5	0	46
chr2	99181250	99186176	1	1	1	3	0	37
chr2	99188258	99194750	1	1	1	3	0	45
chr2	99194898	99195115	1	1	1	1	0	43
chr2	99195190	99195572	1	1	1	2	0	30
chr2	99252411	99337478	2	2	1	3	0	12
chr2	99337590	99360235	1	1	1	34	0	46
chr2	99360362	99360464	1	1	1	8	0	44
chr2	99360550	99361147	1	1	1	2	0	32
chr2	99361821	99363644	1	1	1	12	0	39
chr2	99363863	99364270	1	1	1	12	0	38
chr2	99364422	99368492	1	1	1	4	0	34
chr2	99364429	99368501	1	1	1	1	0	28
chr2	99368592	99369391	1	1	1	14	0	45
chr2	99369482	99371655	1	3	1	6	0	45
chr2	99371731	99376346	1	1	1	3	0	45
chr2	99394399	99394508	1	1	1	1	0	39
chr2	99394586	99394718	1	1	1	9	0	43
chr2	99394884	99396759	1	1	1	4	0	8
chr2	99396899	99398747	1	1	1	1	0	45
chr2	99398910	99399306	1	1	1	1	0	27
chr2	99403107	99403694	2	2	1	3	0	28
chr2	99403816	99404443	2	2	1	2	0	36
chr2	100563074	100566502	1	1	1	1	0	10
chr2	101002316	101002701	1	1	1	1	0	38
chr2	101002809	101004157	1	1	1	9	0	40
chr2	101004284	101005958	1	1	1	239	4	46
chr2	101006072	101006349	1	1	1	540	1	46
chr2	101011027	101011450	2	4	1	2	0	8
chr2	101835979	101839818	1	1	1	2	0	31
chr2	101842682	101844100	1	1	1	2	0	33
chr2	101844312	101855976	1	1	1	5	0	42
chr2	101856139	101858995	1	1	1	2	0	31
chr2	101859083	101859735	1	1	1	1	0	10
chr2	101865037	101866427	1	1	1	1	0	25
chr2	101866580	101867211	1	1	1	4	0	46
chr2	101874253	101877002	1	1	1	2	0	35
chr2	101877147	101882550	1	1	1	1	0	34
chr2	105038228	105049170	1	1	1	4	0	18
chr2	105071376	105071458	1	1	1	1	0	29
chr2	105089070	105089919	1	1	1	2	0	36
chr2	105089996	105092400	1	1	1	3	0	38
chr2	105097325	105099669	1	1	1	2	0	12
chr2	105337687	105339582	1	1	1	1	0	25
chr2	105339750	105342847	1	1	1	1	0	6
chr2	105343224	105345314	1	1	1	3	0	32
chr2	106163711	106164735	2	2	1	1	0	21
chr2	106164785	106166055	2	2	1	1	0	22
chr2	106166084	106194147	2	2	1	2	0	7
chr2	106425267	106425993	2	2	1	0	1	45
chr2	106857010	106858812	1	1	1	1	0	21
chr2	107869978	107870704	1	1	1	0	1	45
chr2	108451113	108452398	1	1	1	6	0	46
chr2	108452467	108468979	1	1	1	2	0	31
chr2	108469085	108469650	1	1	1	3	0	19
chr2	108472117	108472826	1	1	1	4	0	44
chr2	108472900	108475534	1	1	1	1	0	25
chr2	108475851	108481696	1	1	1	1	0	37
chr2	108482452	108483061	1	1	1	4	0	45
chr2	108483167	108484148	1	1	1	5	0	45
chr2	108486649	108487698	1	1	1	2	0	37
chr2	108499755	108507559	1	1	1	1	0	10
chr2	108513056	108531674	1	1	1	1	0	40
chr2	108719679	108729131	1	1	1	1	0	43
chr2	108729200	108730773	1	1	1	0	4	35
chr2	108751995	108752997	1	1	1	2	0	14
chr2	108753160	108753425	1	1	1	0	1	38
chr2	108777232	108781268	1	1	1	3	0	21
chr2	108782402	108782527	1	1	1	1	0	22
chr2	108798587	108804888	1	1	1	2	0	30
chr2	109544325	109546049	2	2	1	3	0	44
chr2	109546238	109553086	2	4	1	2	0	24
chr2	109553220	109564365	2	2	1	4	0	31
chr2	109801851	109803431	1	1	1	0	4	35
chr2	109835092	109835818	1	1	1	0	1	45
chr2	109848012	109855861	1	1	1	0	2	10
chr2	110178936	110179623	2	2	1	1	0	10
chr2	110211623	110212214	2	2	1	10	0	41
chr2	110515646	110523495	2	2	1	0	2	10
chr2	110535689	110536415	2	2	1	0	1	45
chr2	110568076	110569656	2	2	1	0	4	35
chr2	110638160	110639741	2	2	1	2	0	15
chr2	110639849	110641033	2	2	1	3	0	31
chr2	110641206	110641306	2	4	1	2	0	38
chr2	110658521	110658613	2	2	1	1	0	45
chr2	110667706	110667796	2	4	1	2	0	45
chr2	110674366	110677969	2	2	1	1	0	35
chr2	111092967	111117615	1	1	1	1	0	9
chr2	111769407	111772340	2	2	1	0	2	15
chr2	111772476	111776858	2	2	1	0	1	21
chr2	111803840	111805801	2	2	1	0	1	23
chr2	111818959	111821238	2	2	1	0	1	15
chr2	111845850	111926601	2	2	1	4	0	44
chr2	111873665	111878809	2	2	1	1	0	28
chr2	112233372	112234119	2	2	1	1	0	8
chr2	112234237	112236561	2	2	1	1	0	41
chr2	112276027	112299848	1	1	1	2	0	16
chr2	112370213	112378052	2	2	1	0	2	10
chr2	112390248	112390974	2	2	1	0	1	45
chr2	112399770	112400035	2	2	1	0	1	38
chr2	112422660	112424239	2	2	1	0	4	35
chr2	112586366	112588865	1	1	1	9	0	35
chr2	112593352	112609299	2	2	1	0	1	44
chr2	112647739	112652701	1	1	1	1	0	9
chr2	112752475	112755976	2	2	1	4	0	43
chr2	112757215	112760712	2	2	1	1	0	12
chr2	112760765	112762502	2	2	1	1	0	25
chr2	113443864	113444963	1	1	1	0	1	21
chr2	113445056	113453138	1	1	1	1	0	23
chr2	113482229	113493756	1	1	1	0	1	31
chr2	113493995	113495119	1	1	1	0	1	30
chr2	113495250	113495636	1	1	1	0	14	42
chr2	113717851	113719153	2	2	1	1	0	28
chr2	113725538	113729400	2	2	1	1	0	16
chr2	113917009	113927344	1	1	1	1	0	41
chr2	113940103	113942185	1	1	1	1	0	7
chr2	115777300	115777786	1	1	1	1	0	25
chr2	117278995	117284300	2	2	1	0	2	27
chr2	117407948	117407974	2	2	1	1	0	28
chr2	117814863	117817443	1	1	1	10	0	42
chr2	117817729	117819648	1	1	1	3	0	21
chr2	117819793	117821160	1	1	1	1	0	36
chr2	117822062	117822146	1	1	1	2	0	8
chr2	117829467	117830581	1	1	1	1	0	11
chr2	117931151	117935494	2	2	1	1	0	5
chr2	117995503	117996263	2	2	1	1	0	11
chr2	119367061	119368187	1	1	1	4	0	35
chr2	119368306	119370739	1	1	1	14	0	46
chr2	119370803	119372244	1	1	1	8	0	46
chr2	119920242	119926597	1	1	1	1	0	24
chr2	119965646	119967836	1	1	1	2	0	37
chr2	119967973	119976983	1	1	1	3	0	20
chr2	120289758	120293140	1	1	1	1	0	32
chr2	120758404	120758454	2	4	1	1	0	26
chr2	121451850	121457686	2	2	1	1	0	38
chr2	121727913	121728287	2	2	1	3	0	39
chr2	121728357	121728476	2	2	1	2	0	39
chr2	121728537	121730892	2	2	1	1	0	9
chr2	121731105	121732095	2	2	1	2	0	31
chr2	121758807	121761408	1	1	1	1	0	35
chr2	127050913	127051153	2	2	1	1	0	30
chr2	127481176	127486552	2	2	1	1	0	37
chr2	127486665	127489178	2	2	1	1	0	27
chr2	127489236	127489831	2	2	1	1	0	38
chr2	127489944	127491970	2	2	1	1	0	32
chr2	127493411	127494871	2	2	1	1	0	11
chr2	127494955	127495997	2	2	1	4	0	17
chr2	127498238	127502814	2	2	1	5	0	26
chr2	127502873	127503386	2	2	1	7	0	30
chr2	127503577	127504683	2	2	1	4	0	34
chr2	127721989	127722590	2	2	1	5	0	40
chr2	127722731	127722957	2	2	1	9	0	41
chr2	127723045	127723252	2	2	1	1	0	27
chr2	127723348	127724332	2	2	1	1	0	31
chr2	127942165	127942423	2	2	1	1	0	39
chr2	128120457	128121198	1	1	1	1	0	14
chr2	128123247	128127360	1	1	1	1	0	35
chr2	128134962	128138716	1	1	1	2	0	19
chr2	128138853	128143093	1	1	1	1	0	23
chr2	128173940	128174772	1	1	1	1	0	34
chr2	128177921	128178467	1	1	1	1	0	17
chr2	128183790	128186682	1	1	1	1	0	42
chr2	128186800	128187448	1	1	1	2	0	15
chr2	128187615	128189716	1	1	1	1	0	26
chr2	128646149	128647023	1	1	1	1	0	43
chr2	130140097	130140178	2	2	1	1	0	15
chr2	130182776	130190468	1	1	1	1	0	13
chr2	134318740	134336216	1	1	1	1	0	30
chr2	134336289	134338258	1	1	1	1	0	25
chr2	134867740	134868943	2	2	1	1	0	38
chr2	134919892	134936840	1	1	1	1	0	32
chr2	135153877	135162554	1	1	1	1	0	11
chr2	135162652	135162747	1	1	1	1	0	19
chr2	135176415	135176549	2	4	1	1	0	36
chr2	135345462	135345549	2	2	1	2	0	6
chr2	135605017	135616667	1	1	1	2	0	46
chr2	135632002	135635889	1	1	1	1	0	20
chr2	135710232	135721923	1	1	1	1	0	28
chr2	135742012	135748266	1	1	1	1	0	14
chr2	135754278	135755516	1	1	1	3	0	34
chr2	135755692	135761817	1	1	1	14	0	39
chr2	135761912	135769768	1	1	1	17	0	39
chr2	135769824	135770570	1	1	1	13	0	40
chr2	135770736	135772419	1	1	1	1	0	29
chr2	135776352	135778947	1	1	1	2	0	39
chr2	135844685	135846236	2	2	1	13	0	44
chr2	135846393	135848052	2	2	1	2	0	8
chr2	135848189	135851401	2	2	1	1	0	27
chr2	135907408	135911138	2	2	1	18	0	46
chr2	135911211	135911381	2	2	1	7	0	40
chr2	135916373	135920452	2	2	1	1	0	13
chr2	135933991	135943377	2	2	1	1	0	39
chr2	135961499	135979273	2	2	1	1	0	27
chr2	140291378	140303725	1	1	1	0	1	45
chr2	147923112	147926030	1	1	1	2	0	32
chr2	147938214	147938297	2	2	1	1	0	26
chr2	147952525	147955346	2	2	1	1	0	25
chr2	147958384	147958790	2	2	1	1	0	22
chr2	148645171	148690213	1	1	1	1	0	7
chr2	148743768	148753926	1	1	1	1	0	46
chr2	148941991	148942672	1	1	1	1	0	41
chr2	148942761	148946898	1	1	1	1	0	21
chr2	148950463	148961970	1	1	1	8	0	34
chr2	149570169	149571084	2	2	1	1	0	6
chr2	149571172	149575710	2	2	1	5	0	34
chr2	150470239	150471626	2	2	1	1	0	19
chr2	150471762	150474874	2	4	1	1	0	10
chr2	151251665	151252754	2	2	1	2	0	41
chr2	151282955	151289592	2	2	1	1	0	43
chr2	151433229	151435462	1	1	1	1	0	25
chr2	151457964	151458810	1	1	1	6	0	45
chr2	151458911	151459999	1	1	1	9	0	39
chr2	151586510	151587373	2	2	1	0	1	43
chr2	151597063	151597926	2	2	1	0	1	43
chr2	151607609	151608472	2	2	1	0	1	43
chr2	151692363	151694322	2	2	1	1	0	35
chr2	151806973	151812356	2	2	1	1	0	8
chr2	151810562	151812356	2	2	1	1	0	31
chr2	152144958	152147161	2	2	1	1	0	13
chr2	152611606	152614850	1	1	1	1	0	8
chr2	152615001	152617090	1	1	1	1	0	41
chr2	152640915	152647795	1	1	1	1	0	16
chr2	152656399	152657888	2	2	1	9	0	43
chr2	152659010	152659092	2	2	1	7	0	41
chr2	152659190	152659269	2	2	1	11	0	32
chr2	152659357	152662602	2	2	1	4	0	21
chr2	152662699	152663034	2	2	1	2	0	25
chr2	152663173	152663654	2	2	1	3	0	41
chr2	152663772	152663875	2	2	1	6	0	23
chr2	152663968	152664137	2	2	1	3	0	31
chr2	152669271	152670230	2	2	1	8	0	45
chr2	152670382	152671272	2	2	1	2	0	20
chr2	152671382	152672458	2	2	1	2	0	46
chr2	152672624	152672977	2	2	1	17	0	45
chr2	152673043	152673597	2	2	1	49	0	45
chr2	152673707	152676404	2	2	1	5	0	36
chr2	155913145	155913959	2	2	1	1	0	7
chr2	156177243	156180832	2	4	1	1	0	26
chr2	158640760	158642485	1	1	1	1	0	15
chr2	158658315	158661332	1	1	1	2	0	28
chr2	158661451	158662896	1	1	1	2	0	24
chr2	158674001	158678580	1	1	1	1	0	24
chr2	158676868	158678580	1	1	1	1	0	26
chr2	159325919	159332539	2	2	1	3	0	24
chr2	159348834	159349006	2	2	1	1	0	7
chr2	159373190	159374690	2	2	1	4	0	44
chr2	159374754	159382558	2	2	1	1	0	7
chr2	159382803	159383605	2	2	1	1	0	18
chr2	159398895	159400598	2	2	1	4	0	36
chr2	159400665	159404848	2	2	1	3	0	6
chr2	159404911	159405021	2	2	1	2	0	22
chr2	159405115	159412334	2	2	1	2	0	35
chr2	159438696	159439008	2	2	1	2	0	13
chr2	159446976	159448241	2	2	1	1	0	26
chr2	159743254	159745769	1	1	1	1	0	12
chr2	160274765	160275629	2	2	1	1	0	32
chr2	161223992	161224630	1	1	1	1	0	29
chr2	161308605	161316436	1	1	1	1	0	32
chr2	161371323	161385463	1	1	1	3	0	22
chr2	161385572	161391103	1	1	1	2	0	35
chr2	161391179	161395077	1	1	1	2	0	39
chr2	161395204	161408836	1	1	1	4	0	40
chr2	161408900	161411301	1	1	1	11	0	44
chr2	162359553	162360216	1	1	1	1	0	33
chr2	164494525	164497007	2	2	1	2	0	44
chr2	164699500	164700521	2	2	1	3	0	21
chr2	164728198	164729913	2	2	1	1	0	25
chr2	165517962	165566776	1	1	1	1	0	17
chr2	165770809	165794014	2	2	1	1	0	41
chr2	165876233	165880678	2	2	1	1	0	30
chr2	165880800	165883793	2	2	1	1	0	36
chr2	165898768	165899769	2	2	1	1	0	13
chr2	165912625	165913573	2	2	1	2	0	9
chr2	165913647	165915200	2	2	1	2	0	10
chr2	165945691	165949393	2	2	1	1	0	24
chr2	165949725	165953684	2	2	1	1	0	23
chr2	166286624	166288436	2	2	1	1	0	6
chr2	168140391	168140648	2	2	1	1	0	15
chr2	168774952	168775195	2	2	1	0	3	3
chr2	168774952	168783954	2	2	1	0	3	3
chr2	168774952	168784097	2	2	1	0	3	3
chr2	168774952	168786356	2	2	1	0	3	3
chr2	168837430	168840452	2	2	1	1	0	29
chr2	168871556	168873584	2	2	1	8	0	33
chr2	168873684	168876071	2	2	1	2	0	20
chr2	168889292	168889386	2	2	1	2	0	40
chr2	169529927	169530586	2	2	1	6	0	44
chr2	169584900	169603641	1	1	1	1	0	36
chr2	169604103	169604186	1	1	1	2	0	40
chr2	169606147	169607103	1	1	1	1	0	20
chr2	169607149	169608670	1	1	1	3	0	27
chr2	169608759	169614463	1	1	1	5	0	30
chr2	169614494	169614584	1	1	1	4	0	30
chr2	169614725	169630773	1	1	1	17	0	35
chr2	169630988	169631765	1	1	1	3	0	28
chr2	169631934	169633159	1	1	1	2	0	13
chr2	169633248	169636091	1	1	1	5	0	44
chr2	169636229	169636412	1	1	1	13	0	42
chr2	169734088	169735012	1	1	1	2	0	32
chr2	169798977	169800951	1	1	1	1	0	8
chr2	169801027	169805473	1	1	1	1	0	9
chr2	169805541	169806175	1	3	1	1	0	24
chr2	169805840	169806784	1	1	1	12	0	37
chr2	169806893	169806970	1	1	1	49	0	43
chr2	169807072	169808481	1	1	1	14	0	39
chr2	169808554	169808859	1	1	1	4	0	37
chr2	169808903	169810282	1	1	1	3	0	37
chr2	169810424	169810857	1	1	1	7	0	40
chr2	169811045	169811182	1	1	1	3	0	26
chr2	169811324	169811667	1	1	1	2	0	10
chr2	169811859	169812456	2	2	1	26	0	44
chr2	169811859	169815476	2	2	1	1	0	26
chr2	169812507	169815476	2	2	1	28	0	46
chr2	169815529	169819560	2	2	1	12	0	41
chr2	169819644	169821091	2	2	1	2	0	37
chr2	169821274	169821942	2	2	1	5	0	30
chr2	169822058	169824488	2	2	1	1	0	11
chr2	170743597	170743730	2	2	1	1	0	27
chr2	170798113	170798769	1	1	1	1	0	31
chr2	170949743	170950203	1	1	1	1	0	22
chr2	170950291	170951327	1	1	1	2	0	35
chr2	170997824	171006146	2	2	1	1	0	41
chr2	171007064	171011372	2	2	1	1	0	7
chr2	171014949	171028338	2	2	1	1	0	4
chr2	171028406	171046173	2	2	1	2	0	21
chr2	171046363	171049813	2	2	1	1	0	22
chr2	171050175	171053760	2	2	1	5	0	35
chr2	171053854	171055082	2	2	1	21	0	42
chr2	171055173	171056470	2	2	1	5	0	35
chr2	171061157	171082780	2	2	1	1	0	7
chr2	171082853	171117738	2	2	1	1	0	4
chr2	171117858	171160289	2	2	1	1	0	5
chr2	171324363	171325840	2	2	1	1	0	19
chr2	171325907	171326041	2	2	1	1	0	20
chr2	171326149	171327003	2	2	1	1	0	43
chr2	171337503	171339183	2	2	1	1	0	30
chr2	171357088	171358248	1	3	1	1	0	41
chr2	171435187	171443522	1	1	1	2	0	18
chr2	171458076	171458371	1	1	1	1	0	13
chr2	171473976	171476859	1	1	1	1	0	18
chr2	171687628	171690146	1	1	1	7	1	45
chr2	171687874	171690146	1	1	1	10	1	46
chr2	171688649	171690146	1	1	1	0	1	3
chr2	171690264	171692776	1	1	1	1	0	12
chr2	171707378	171712766	1	1	1	1	0	42
chr2	171707378	171715327	1	1	1	0	3	44
chr2	171715444	171725617	1	1	1	2	0	29
chr2	171726917	171727820	1	1	1	1	0	46
chr2	171744190	171745801	1	1	1	0	1	21
chr2	171976309	171979246	1	1	1	1	0	39
chr2	172077895	172079214	1	1	1	1	0	38
chr2	172080207	172080327	1	1	1	1	0	5
chr2	172474266	172474928	1	1	1	1	0	31
chr2	172476514	172479640	1	1	1	1	0	15
chr2	172479740	172479989	1	1	1	10	0	43
chr2	172480052	172484781	1	1	1	2	0	22
chr2	172487631	172487727	1	1	1	1	0	36
chr2	172491524	172497974	1	1	1	1	0	32
chr2	172498101	172504090	1	1	1	3	0	41
chr2	172596024	172597612	1	1	1	1	0	8
chr2	173363463	173363817	1	1	1	1	0	5
chr2	173913267	173918592	2	2	1	1	0	16
chr2	174075528	174078967	2	2	1	2	0	41
chr2	174079091	174081151	2	2	1	2	2	28
chr2	174123278	174123594	2	2	1	1	0	36
chr2	174123676	174141824	2	2	1	1	0	16
chr2	174142001	174223032	2	2	1	2	0	39
chr2	174349173	174350659	2	2	1	6	0	23
chr2	174350746	174351618	2	2	1	2	0	12
chr2	174801813	174808904	2	2	1	1	0	37
chr2	174875866	174877839	2	2	1	1	0	23
chr2	174915172	174918533	2	2	1	1	0	25
chr2	174918566	174944887	2	2	1	1	0	32
chr2	175178403	175179056	2	2	1	11	0	46
chr2	175179251	175180097	2	2	1	2	0	11
chr2	175180179	175181354	2	2	1	2	0	7
chr2	175181467	175181655	2	2	1	1	0	24
chr2	176328913	176329300	1	1	1	1	0	25
chr2	177215662	177215749	1	1	1	1	0	9
chr2	177215897	177215977	1	1	1	9	0	46
chr2	177216189	177216502	1	1	1	4	0	37
chr2	177216593	177216675	1	1	1	1	0	13
chr2	177217846	177219036	1	1	1	0	3	45
chr2	177219160	177219246	1	1	1	8	0	43
chr2	177219315	177219407	1	1	1	4	0	26
chr2	177234272	177264531	2	2	1	1	0	20
chr2	177420359	177434326	1	1	1	1	0	12
chr2	177437055	177440964	1	1	1	1	0	45
chr2	177445627	177461892	1	1	1	1	0	29
chr2	177521369	177523747	1	1	1	1	0	45
chr2	178324270	178328255	1	1	1	1	0	18
chr2	178447587	178450241	2	2	1	1	0	44
chr2	178485758	178490658	1	1	1	2	0	41
chr2	178576832	178576922	2	2	1	1	0	6
chr2	178598655	178598747	2	2	1	2	0	40
chr2	178634850	178635164	2	2	1	1	0	24
chr2	178641316	178642236	2	2	1	1	0	36
chr2	178644617	178645919	2	2	1	1	0	43
chr2	178653508	178653620	2	2	1	0	1	9
chr2	178653702	178654011	2	2	1	0	1	33
chr2	178653702	178658271	2	2	1	0	1	33
chr2	178653702	178662532	2	2	1	0	1	33
chr2	178654096	178654207	2	2	1	0	1	9
chr2	178657768	178657880	2	2	1	0	1	9
chr2	178657962	178658271	2	2	1	0	1	33
chr2	178657962	178662532	2	2	1	0	1	33
chr2	178658356	178658467	2	2	1	0	1	9
chr2	178662029	178662141	2	2	1	0	1	9
chr2	178662223	178662532	2	2	1	0	1	33
chr2	178662617	178662728	2	2	1	0	1	9
chr2	178667320	178667441	2	2	1	1	0	25
chr2	178681451	178681660	2	2	1	1	0	12
chr2	178684083	178684329	2	2	1	1	0	26
chr2	178701204	178701527	2	2	1	1	0	18
chr2	178701588	178702039	2	2	1	1	0	14
chr2	178828086	178830664	2	2	1	3	0	14
chr2	178830779	178837566	1	1	1	1	0	32
chr2	178853625	178855346	2	2	1	1	0	13
chr2	178856398	178865766	2	2	1	2	0	20
chr2	178878144	178884900	2	2	1	2	0	20
chr2	179176539	179183079	2	2	1	2	0	40
chr2	179727919	179728236	2	2	1	1	0	14
chr2	179728287	179769502	2	2	1	1	0	28
chr2	179945716	179950511	2	2	1	10	0	43
chr2	179970564	179970649	2	2	1	2	0	10
chr2	179981998	179986694	2	2	1	1	0	6
chr2	179986806	179988576	2	2	1	1	0	42
chr2	179988645	179993314	2	2	1	3	0	38
chr2	180982161	180982186	2	2	1	0	1	24
chr2	181498778	181509657	1	1	1	1	0	25
chr2	182718291	182720006	1	1	1	3	0	30
chr2	182732543	182736248	1	1	1	1	0	28
chr2	182752189	182755002	1	1	1	1	0	14
chr2	182755105	182756313	1	1	1	1	0	30
chr2	182757826	182758836	1	1	1	1	0	5
chr2	182758891	182759159	1	1	1	1	0	32
chr2	182762802	182775315	1	1	1	2	0	27
chr2	182775421	182777120	1	1	1	1	0	20
chr2	182925819	182926815	2	2	1	1	0	36
chr2	182926906	182928116	2	2	1	3	0	30
chr2	182930789	182934751	2	2	1	1	0	6
chr2	182935376	182942069	2	2	1	1	0	7
chr2	183023917	183037991	2	2	1	2	0	30
chr2	186486458	186495232	1	1	1	3	0	27
chr2	186495335	186500181	1	1	1	2	0	20
chr2	186500294	186501272	1	1	1	3	0	30
chr2	186501426	186502495	1	1	1	7	0	32
chr2	186502553	186504031	1	1	1	1	0	3
chr2	186502588	186504031	1	1	1	28	0	46
chr2	186505842	186506712	1	1	1	1	0	7
chr2	186506837	186508542	1	1	1	1	0	18
chr2	186641589	186646685	1	1	1	1	0	30
chr2	186751305	186753932	1	1	1	2	0	7
chr2	188040317	188040480	2	2	1	1	0	39
chr2	188522828	188529096	1	1	1	1	0	40
chr2	188529196	188541180	1	1	1	1	0	9
chr2	188541319	188569238	1	1	1	2	0	41
chr2	189469440	189470075	1	1	1	1	0	41
chr2	189474333	189474716	1	1	1	3	0	39
chr2	189474809	189475212	1	1	1	2	0	29
chr2	189661611	189663900	1	1	1	6	0	35
chr2	189663955	189665375	1	1	1	3	0	32
chr2	189667946	189670440	1	1	1	1	0	8
chr2	189771903	189775564	2	2	1	2	0	45
chr2	189805755	189817041	1	1	1	1	0	33
chr2	189805755	189818016	1	1	1	3	0	43
chr2	189817111	189818016	1	1	1	1	0	30
chr2	189873657	189877271	1	1	1	1	0	38
chr2	190246213	190249639	2	2	1	1	0	29
chr2	190685639	190687200	1	1	1	1	0	16
chr2	190921204	190923916	1	1	1	1	0	36
chr2	190999705	191001073	2	2	1	1	0	15
chr2	191209546	191243619	2	2	1	1	0	4
chr2	191245627	191276886	1	1	1	1	0	30
chr2	191277031	191296110	1	1	1	2	0	40
chr2	191296227	191329934	1	1	1	1	0	31
chr2	191362372	191363727	1	1	1	5	0	35
chr2	191381567	191383279	1	1	1	1	0	35
chr2	195606234	195680031	1	1	1	1	0	41
chr2	195657282	195680031	1	1	1	1	0	29
chr2	195706786	195708655	1	1	1	5	0	40
chr2	195708845	195713432	1	1	1	2	0	4
chr2	195718333	195724381	1	1	1	1	0	13
chr2	196726100	196729192	1	1	1	1	0	37
chr2	196764686	196766564	2	2	1	1	0	31
chr2	196793153	196797796	2	2	1	1	0	15
chr2	197398117	197398460	2	2	1	2	0	15
chr2	197400937	197401399	2	2	1	2	0	19
chr2	197401526	197401741	2	2	1	1	0	18
chr2	197401889	197401984	2	2	1	3	0	21
chr2	197405178	197405274	2	2	1	10	0	37
chr2	197405473	197407997	2	2	1	1	0	16
chr2	197410008	197416740	2	2	1	2	0	36
chr2	197416912	197418508	2	2	1	1	0	21
chr2	197418589	197420427	2	2	1	1	0	20
chr2	197420543	197421028	2	2	1	1	0	6
chr2	197421134	197423807	2	2	1	1	0	6
chr2	197487199	197487857	2	2	1	5	0	36
chr2	197488037	197488316	2	2	1	15	0	43
chr2	197488492	197489001	2	2	1	8	0	41
chr2	197489248	197490196	2	2	1	69	0	46
chr2	197490297	197490937	2	2	1	1	0	26
chr2	197490297	197493323	2	2	1	17	0	40
chr2	197493493	197494156	2	2	1	6	0	40
chr2	197494251	197494656	2	4	1	12	0	41
chr2	197494753	197495293	2	2	1	15	0	44
chr2	197495377	197497139	2	2	1	4	4	45
chr2	197497393	197498674	2	2	1	4	0	30
chr2	197498851	197500159	2	2	1	1	0	27
chr2	197500440	197501073	1	1	1	2	0	31
chr2	197501239	197503038	1	1	1	20	1	44
chr2	197503129	197503208	1	1	1	159	0	45
chr2	197535631	197540110	1	1	1	2	0	14
chr2	199933324	199935930	2	2	1	1	0	8
chr2	200306923	200329430	1	1	1	3	0	34
chr2	200329481	200389222	1	1	1	4	0	15
chr2	200384018	200389222	1	1	1	1	0	16
chr2	200389284	200412310	1	1	1	20	0	45
chr2	200412420	200416378	1	1	1	5	0	39
chr2	200440785	200459768	1	1	1	3	0	15
chr2	200526253	200532973	1	1	1	2	0	25
chr2	200532356	200532973	1	1	1	1	0	33
chr2	200815518	200815666	1	1	1	2	0	29
chr2	200817242	200817973	1	1	1	1	0	40
chr2	200818084	200818222	1	1	1	6	0	43
chr2	200818394	200818754	1	1	1	1	0	44
chr2	200821306	200822146	1	1	1	2	0	32
chr2	200899469	200903493	1	1	1	1	0	9
chr2	200911388	200913294	2	2	1	1	0	13
chr2	201079023	201085458	1	1	1	1	0	7
chr2	201140440	201141373	1	1	1	1	0	27
chr2	201441822	201442288	1	3	1	2	0	44
chr2	201458865	201469952	1	1	1	1	0	11
chr2	201478602	201479488	1	1	1	1	0	31
chr2	201633432	201636747	2	2	1	1	0	9
chr2	201639046	201640260	2	2	1	1	0	5
chr2	201640266	201640892	2	2	1	1	0	5
chr2	201640925	201642608	2	2	1	1	0	32
chr2	202206804	202207252	2	6	1	2	0	32
chr2	202265987	202275112	1	1	1	2	0	41
chr2	202275190	202277949	1	1	1	7	0	30
chr2	202278003	202278211	1	1	1	2	0	15
chr2	202278003	202282350	1	1	1	1	0	9
chr2	202278330	202282350	1	1	1	1	0	16
chr2	202287725	202290322	1	1	1	1	0	5
chr2	202290458	202291124	1	1	1	1	0	17
chr2	202295838	202297378	1	1	1	6	0	40
chr2	202297514	202297844	1	1	1	14	0	42
chr2	202297907	202300233	1	1	1	10	0	45
chr2	202300368	202302920	1	1	1	30	0	44
chr2	202303058	202303385	1	1	1	4	0	24
chr2	202492204	202492626	1	1	1	1	0	18
chr2	202880938	202882710	2	2	1	2	0	45
chr2	202894627	202896064	2	2	1	1	0	30
chr2	202897416	202899530	2	2	1	1	0	20
chr2	203049976	203056426	1	1	1	2	0	38
chr2	203172024	203172728	1	1	1	1	0	26
chr2	203239135	203251966	1	1	1	1	0	34
chr2	203278689	203280058	1	1	1	1	0	34
chr2	203285733	203289764	1	1	1	1	0	23
chr2	203296564	203296757	1	1	1	4	0	36
chr2	203367045	203380207	1	1	1	1	0	28
chr2	203427270	203427495	1	1	1	1	0	30
chr2	205763937	205765473	1	1	1	1	0	5
chr2	206009795	206017679	2	2	1	1	0	20
chr2	206063245	206085750	2	2	1	1	0	18
chr2	206149926	206152418	2	2	1	2	0	40
chr2	206159685	206159958	1	1	1	1	0	14
chr2	206160060	206160587	1	1	1	3	0	45
chr2	206160711	206161345	1	1	1	2	0	39
chr2	206161473	206162037	1	1	1	6	0	41
chr2	206162105	206162488	1	1	1	5	0	35
chr2	206162615	206162728	1	1	1	87	0	46
chr2	206280594	206281800	1	1	1	1	0	37
chr2	206444081	206445306	1	1	1	2	0	22
chr2	206589515	206592616	1	1	1	3	0	44
chr2	206765748	206766643	1	1	1	1	0	13
chr2	206790687	206791682	1	1	1	10	0	40
chr2	207724875	207726841	1	1	1	1	0	34
chr2	207762377	207769264	2	2	1	2	0	39
chr2	208236347	208236508	1	1	1	0	1	32
chr2	208239234	208239862	2	2	1	2	0	33
chr2	208243605	208245318	2	2	1	1	0	37
chr2	208253960	208254938	2	2	1	1	0	32
chr2	208301095	208302241	1	1	1	1	0	19
chr2	208333494	208335305	1	1	1	2	0	36
chr2	208351456	208352653	1	1	1	1	0	31
chr2	209305260	209310872	1	1	1	1	0	28
chr2	213284752	213285552	1	1	1	1	0	28
chr2	213296111	213297261	1	1	1	1	0	10
chr2	213310178	213317218	1	1	1	3	0	26
chr2	214781510	214792296	2	2	1	1	5	13
chr2	214792446	214797060	2	2	1	1	0	37
chr2	215333458	215334918	1	1	1	1	0	8
chr2	215335005	215336034	1	1	1	2	0	42
chr2	215344872	215346758	1	1	1	2	0	35
chr2	215346942	215349093	1	1	1	2	0	25
chr2	215349250	215349535	1	1	1	6	0	45
chr2	215373412	215375213	2	2	1	1	0	30
chr2	215431965	215433323	2	2	1	1	0	19
chr2	216113130	216116658	1	1	1	2	0	46
chr2	216116843	216117745	1	1	1	2	0	31
chr2	216117795	216119042	1	1	1	3	0	35
chr2	216119166	216122061	1	1	1	11	0	43
chr2	216122254	216125916	1	1	1	24	0	45
chr2	216126032	216127535	1	1	1	21	0	43
chr2	216127675	216130874	1	1	1	1	0	19
chr2	216132388	216137087	1	1	1	4	0	20
chr2	216137226	216138088	1	1	1	4	0	46
chr2	216148277	216160067	1	1	1	3	0	7
chr2	216190335	216192638	1	1	1	1	0	17
chr2	216192736	216194918	1	1	1	2	0	42
chr2	216194987	216204321	1	1	1	9	0	43
chr2	216204397	216205187	1	1	1	21	0	43
chr2	216478300	216482737	1	1	1	3	0	46
chr2	216497834	216498606	2	2	1	2	0	6
chr2	216499399	216499948	1	1	1	147	0	45
chr2	216500032	216501340	1	1	1	478	0	46
chr2	216500032	216529269	1	1	1	1	0	8
chr2	216633966	216660556	1	1	1	2	0	36
chr2	216660787	216661857	1	1	1	1	0	36
chr2	216661999	216663939	1	1	1	4	0	33
chr2	218225955	218228737	1	1	1	1	0	4
chr2	218238851	218239390	1	1	1	1	0	12
chr2	218239485	218245419	1	1	1	1	0	32
chr2	218245547	218249363	1	1	1	11	0	42
chr2	218249465	218249820	1	1	1	13	0	44
chr2	218249922	218253890	1	1	1	12	0	40
chr2	218265947	218266063	2	2	1	2	0	18
chr2	218269535	218269965	2	2	1	1	0	19
chr2	218367028	218367590	2	2	1	1	0	23
chr2	218498158	218509978	2	2	1	1	0	4
chr2	218558678	218560819	2	2	1	2	0	30
chr2	218583087	218584611	1	1	1	2	0	29
chr2	218650527	218651700	2	2	1	1	0	10
chr2	218663001	218663133	1	1	1	1	0	32
chr2	218665248	218665915	2	2	1	1	0	24
chr2	218747195	218747289	1	1	1	1	0	45
chr2	219374343	219374854	2	2	1	7	0	33
chr2	219451808	219452109	1	1	1	1	0	28
chr2	219562009	219562401	2	2	1	1	0	16
chr2	222572023	222599927	2	2	1	1	0	16
chr2	222619738	222623649	2	2	1	1	0	17
chr2	222631675	222633198	2	2	1	2	0	40
chr2	222643006	222648739	2	2	1	1	0	24
chr2	222648796	222656015	2	2	1	1	0	12
chr2	222918156	222919063	1	1	1	1	0	22
chr2	222919203	222921279	1	1	1	1	0	13
chr2	222923150	222924455	1	1	1	1	0	5
chr2	222930813	222933165	1	1	1	2	0	45
chr2	222933281	222934529	1	1	1	1	0	31
chr2	223750701	223822578	1	1	1	2	0	43
chr2	223884750	223894233	2	2	1	1	0	26
chr2	223940731	223943157	2	4	1	1	0	41
chr2	224478346	224481891	2	2	1	1	0	9
chr2	224503823	224505955	2	2	1	1	0	4
chr2	224507004	224511353	2	2	1	2	0	34
chr2	224513639	224514611	2	2	1	4	0	30
chr2	226736251	226794988	2	2	1	1	0	11
chr2	227328790	227330625	1	1	1	1	0	8
chr2	227355762	227356985	1	1	1	2	0	40
chr2	227533759	227534844	1	1	1	1	0	40
chr2	229767751	229768615	2	2	1	1	0	45
chr2	229777480	229778432	2	2	1	1	0	12
chr2	229799050	229799282	2	2	1	1	0	6
chr2	229859575	229879981	2	2	1	1	0	4
chr2	229880129	229921879	2	2	1	1	0	17
chr2	230211554	230212346	2	2	1	1	0	32
chr2	230876968	230877399	1	1	1	1	0	43
chr2	230878158	230879140	2	2	1	2	0	36
chr2	231062322	231062505	1	1	1	5	0	42
chr2	231062676	231066905	1	1	1	3	0	46
chr2	231070169	231072188	1	1	1	1	0	20
chr2	231083764	231085018	1	1	1	1	0	24
chr2	231138851	231146239	1	1	1	2	0	22
chr2	231153667	231161339	1	1	1	3	0	39
chr2	231161510	231163634	1	1	1	37	0	43
chr2	231163728	231165199	1	1	1	26	0	45
chr2	231165287	231165870	1	1	1	4	0	11
chr2	231170722	231172534	1	1	1	7	0	45
chr2	231205755	231206197	1	1	1	1	0	3
chr2	231331898	231344974	1	1	1	1	0	31
chr2	231400188	231400502	2	2	1	1	0	34
chr2	231455268	231455400	2	2	1	3	0	45
chr2	231455476	231457666	2	2	1	1	0	26
chr2	231455625	231456009	2	2	1	4	0	34
chr2	231456137	231456630	2	2	1	4	0	41
chr2	231456765	231457000	2	2	1	5	0	25
chr2	231457125	231457642	2	2	1	2	0	35
chr2	231457801	231458265	2	2	1	1	0	31
chr2	231458390	231459000	2	2	1	8	0	45
chr2	231459126	231460151	2	2	1	37	0	45
chr2	231460294	231460477	2	2	1	10	0	43
chr2	231460565	231460668	2	2	1	14	0	22
chr2	231460867	231461539	2	2	1	42	0	46
chr2	231463317	231464335	2	2	1	1	0	36
chr2	231501808	231513206	2	2	1	2	0	24
chr2	231708752	231711347	1	1	1	24	0	44
chr2	231711420	231711886	1	1	1	5	0	41
chr2	231711420	231711889	1	1	1	72	2	46
chr2	231711420	231712442	1	1	1	1	0	20
chr2	231711984	231712442	1	1	1	537	1	46
chr2	231712517	231712803	1	1	1	241	6	46
chr2	232556531	232557883	1	1	1	1	0	31
chr2	232567215	232568944	1	1	1	2	0	27
chr2	232567215	232580903	1	1	1	1	0	5
chr2	232790916	232791007	1	1	1	1	0	34
chr2	232791171	232791257	1	1	1	1	0	28
chr2	232815738	232816870	1	1	1	3	0	19
chr2	232817033	232819826	1	1	1	1	0	32
chr2	232819986	232832856	1	1	1	1	0	20
chr2	232844256	232844368	1	1	1	3	0	39
chr2	232847572	232850261	1	1	1	1	0	13
chr2	233374112	233375237	1	1	1	1	0	22
chr2	233452061	233454762	1	1	1	1	0	19
chr2	233462736	233464163	1	1	1	2	0	12
chr2	233485627	233485766	2	2	1	1	0	20
chr2	233485978	233488238	2	2	1	2	0	29
chr2	233845821	233847396	2	2	1	2	0	26
chr2	233852621	233853843	2	2	1	2	0	21
chr2	233853911	233854383	2	2	1	4	0	38
chr2	235799523	235807238	1	1	1	1	0	20
chr2	236324784	236331358	2	2	1	1	0	11
chr2	236441125	236465504	2	2	1	1	0	19
chr2	237089995	237094089	1	1	1	1	0	7
chr2	237094198	237095821	1	1	1	1	0	40
chr2	237096870	237097662	1	1	1	3	0	31
chr2	237350210	237351129	2	2	1	1	0	15
chr2	237574470	237574848	0	0	1	3	0	39
chr2	237748400	237749198	1	1	1	2	0	21
chr2	237749325	237753308	1	1	1	2	0	38
chr2	237751272	237753308	1	1	1	2	0	30
chr2	237753480	237756094	1	1	1	1	0	41
chr2	237756188	237760063	1	1	1	1	0	25
chr2	237760206	237769942	1	1	1	1	0	3
chr2	237769993	237772080	1	1	1	3	0	6
chr2	237772199	237772865	1	1	1	2	0	43
chr2	237772946	237774357	1	1	1	1	0	5
chr2	238182187	238183652	2	2	1	1	0	24
chr2	238189973	238194274	2	2	1	1	0	6
chr2	238194332	238194804	2	2	1	1	0	29
chr2	238260054	238260827	2	2	1	1	0	35
chr2	238325971	238328685	1	1	1	2	0	32
chr2	238328830	238328925	1	1	1	1	0	26
chr2	240022341	240025226	2	2	1	1	0	8
chr2	240131089	240133932	2	2	1	2	0	14
chr2	240722657	240723412	2	2	1	2	0	11
chr2	240724037	240725270	2	2	1	1	0	20
chr2	240771105	240773113	2	2	1	1	0	7
chr2	240775927	240782589	2	2	1	1	0	18
chr2	240782608	240783043	2	2	1	3	0	18
chr2	240783110	240783738	2	2	1	9	0	21
chr2	240783817	240784988	2	2	1	5	0	43
chr2	240787317	240788050	2	4	1	3	0	12
chr2	241160495	241163284	1	1	1	1	0	24
chr2	241166442	241167044	1	1	1	5	0	36
chr2	241229688	241229832	2	2	1	1	0	20
chr2	241230945	241233819	2	2	1	1	0	28
chr2	241236770	241238648	2	2	1	1	0	46
chr2	241247143	241248002	2	2	1	3	0	35
chr2	241253498	241255050	2	2	1	1	0	11
chr2	241256400	241256599	2	2	1	3	0	38
chr2	241324242	241325992	1	1	1	1	0	20
chr2	241326114	241335125	1	1	1	5	0	39
chr2	241335213	241335974	1	1	1	1	0	26
chr2	241343094	241343751	1	1	1	1	0	4
chr2	241343898	241346165	1	1	1	1	0	28
chr2	241346250	241348133	1	1	1	1	0	39
chr2	241500282	241500739	2	2	1	1	0	14
chr2	241500797	241501477	2	2	1	1	0	21
chr2	241572913	241573034	2	2	1	0	1	29
chr2	241702096	241711388	2	2	1	1	0	33
chr3	3140649	3144583	1	1	1	2	0	39
chr3	3155970	3156218	2	2	1	1	0	32
chr3	4673388	4674201	1	1	1	1	0	31
chr3	5174415	5178663	1	1	1	1	0	19
chr3	8902521	8912311	2	2	1	2	0	34
chr3	9365321	9366907	1	1	1	1	0	24
chr3	9366986	9371059	1	1	1	2	0	42
chr3	9377889	9380502	1	1	1	1	0	23
chr3	9379671	9390279	2	2	1	1	0	16
chr3	9383310	9384211	1	1	1	1	0	5
chr3	9384336	9384523	1	1	1	1	0	5
chr3	9385924	9388086	2	2	1	1	0	39
chr3	9434883	9435727	1	1	1	3	0	46
chr3	9445301	9445656	1	1	1	2	0	16
chr3	9445741	9447049	1	1	1	5	0	33
chr3	9678059	9683177	1	1	1	1	0	13
chr3	9683245	9684584	1	1	1	1	0	12
chr3	9714956	9715288	1	1	1	1	0	39
chr3	9797778	9800184	1	1	1	1	0	34
chr3	9806651	9807059	0	0	1	4	0	34
chr3	9964198	9969718	2	2	1	1	0	41
chr3	10004767	10006806	1	1	1	1	0	44
chr3	10026474	10028624	1	1	1	1	0	7
chr3	10063912	10064355	1	1	1	0	1	42
chr3	10065980	10067208	1	1	1	4	0	20
chr3	10067318	10072870	1	1	1	16	0	42
chr3	10085923	10087133	1	1	1	2	0	40
chr3	10096473	10098719	1	1	1	3	0	40
chr3	10098816	10101187	1	1	1	1	0	37
chr3	10150985	10153152	2	4	1	1	0	36
chr3	10301148	10304025	2	2	1	1	0	12
chr3	10301375	10304025	2	2	1	1	0	6
chr3	11517006	11517263	2	2	1	1	0	18
chr3	11565020	11601832	2	2	1	1	0	3
chr3	11790582	11807832	2	2	1	5	0	40
chr3	11807896	11809516	2	2	1	1	0	18
chr3	11883135	11883578	1	1	1	0	1	42
chr3	12581953	12582115	1	1	1	1	0	18
chr3	12836224	12839348	2	2	1	194	18	46
chr3	12839531	12840141	2	2	1	7	0	44
chr3	12840243	12841493	2	2	1	2	0	44
chr3	13328947	13330459	2	2	1	2	0	37
chr3	13378981	13379562	0	0	1	2	0	46
chr3	14131675	14132545	1	1	1	1	0	21
chr3	14146160	14147289	2	2	1	2	0	39
chr3	14168381	14170437	2	2	1	3	0	46
chr3	14178882	14181559	1	1	1	2	1	39
chr3	14181671	14183936	1	1	1	4	0	38
chr3	14184033	14198035	1	1	1	3	0	36
chr3	14651879	14654425	1	1	1	1	0	18
chr3	14655630	14658870	1	1	1	1	0	10
chr3	14666948	14667423	1	1	1	8	0	34
chr3	14667519	14668048	1	1	1	1	0	15
chr3	14946155	14947113	2	2	1	1	0	37
chr3	15053468	15059368	2	2	1	1	0	17
chr3	15077165	15078074	2	2	1	3	0	44
chr3	15411438	15414020	2	2	1	2	0	40
chr3	15415584	15415771	2	2	1	1	0	14
chr3	15425090	15426286	2	2	1	1	0	3
chr3	15560898	15563357	2	2	1	13	0	45
chr3	15563545	15564550	2	2	1	2	0	41
chr3	15571770	15573158	2	2	1	1	0	39
chr3	15573243	15574976	2	2	1	2	0	10
chr3	15677057	15677479	2	2	1	1	0	21
chr3	16302749	16303407	1	1	1	2	0	31
chr3	16323458	16326772	2	2	1	2	0	10
chr3	16884537	16884821	1	1	1	1	0	26
chr3	17185209	17214206	2	2	1	1	0	6
chr3	18420992	18423626	2	2	1	2	0	10
chr3	19978404	19983707	1	1	1	1	0	39
chr3	20184035	20185947	2	2	1	1	0	15
chr3	21562096	21563261	2	2	1	1	0	3
chr3	21563313	21564573	2	2	1	1	0	38
chr3	23806089	23807236	1	1	1	1	0	43
chr3	23917174	23917849	1	1	1	3	0	28
chr3	23918032	23918439	1	1	1	8	0	45
chr3	23918577	23919195	1	1	1	5	0	29
chr3	25599530	25601099	2	2	1	1	0	41
chr3	25601226	25604759	2	2	1	2	0	11
chr3	25609713	25612514	2	2	1	3	0	14
chr3	25612710	25615204	2	2	1	3	0	31
chr3	25615587	25618417	2	2	1	1	0	13
chr3	25618510	25618653	2	2	1	1	0	43
chr3	25618850	25619861	2	2	1	1	0	31
chr3	25628953	25629034	2	2	1	3	0	40
chr3	25629146	25630028	2	2	1	2	0	27
chr3	25630470	25630800	2	2	1	1	0	24
chr3	25638311	25642321	2	2	1	2	0	34
chr3	25778689	25783259	2	2	1	1	0	39
chr3	25791998	25794091	1	1	1	1	0	22
chr3	27376846	27379248	2	2	1	1	0	20
chr3	27379357	27383152	2	2	1	2	0	23
chr3	27386024	27389930	2	2	1	11	0	38
chr3	27390105	27391739	2	4	1	1	0	6
chr3	27391809	27394517	2	2	1	1	0	3
chr3	27424153	27433915	2	2	1	2	0	31
chr3	27436549	27437387	2	2	1	1	0	37
chr3	27448798	27452416	2	2	1	4	0	41
chr3	27452499	27484078	2	2	1	1	0	45
chr3	28241813	28316332	1	1	1	1	0	43
chr3	31617076	31617939	1	1	1	1	0	39
chr3	31619831	31622096	1	1	1	2	0	43
chr3	31623862	31624913	1	1	1	1	0	18
chr3	31629412	31632934	1	1	1	1	0	17
chr3	31633148	31635983	1	1	1	1	0	33
chr3	31662117	31664078	2	2	1	2	0	46
chr3	31668825	31670796	2	2	1	2	0	25
chr3	31733412	31747909	2	2	1	1	0	28
chr3	31830232	31876432	2	2	1	1	0	25
chr3	32128254	32138586	1	1	1	1	0	34
chr3	32452474	32454240	1	1	1	3	0	41
chr3	32458783	32459184	1	1	1	1	0	45
chr3	32526909	32528445	2	2	1	11	0	43
chr3	32533098	32534510	2	2	1	1	0	7
chr3	32534647	32537010	2	2	1	2	0	6
chr3	32537105	32541036	2	2	1	4	0	27
chr3	32541207	32544875	2	2	1	3	0	10
chr3	32545107	32545848	2	2	1	3	0	32
chr3	32570420	32570624	2	2	1	4	0	32
chr3	32708821	32713226	1	1	1	1	0	3
chr3	32769963	32773456	1	1	1	1	0	24
chr3	32823689	32824010	1	1	1	1	0	20
chr3	33052005	33053490	2	2	1	1	0	36
chr3	33132701	33134181	1	1	1	1	0	11
chr3	33392615	33393311	2	2	1	1	0	13
chr3	33409602	33411580	2	2	1	1	0	44
chr3	33411688	33412721	2	2	1	1	0	16
chr3	33560972	33570726	2	2	1	1	0	10
chr3	33584921	33592394	2	2	1	1	0	35
chr3	33632372	33644756	2	2	1	1	0	19
chr3	33696934	33717807	2	2	1	1	0	19
chr3	33838328	33841896	1	1	1	1	0	31
chr3	33865431	33866350	1	1	1	1	0	22
chr3	37049018	37050485	1	1	1	1	0	23
chr3	37053962	37054410	2	2	1	1	0	40
chr3	37129150	37148893	2	2	1	1	0	14
chr3	37299021	37299287	1	1	1	3	0	31
chr3	37299372	37302184	1	1	1	1	0	34
chr3	37302333	37315419	1	1	1	2	0	44
chr3	37315599	37319062	1	1	1	1	0	22
chr3	37319195	37321730	1	1	1	2	0	11
chr3	37321887	37323587	1	1	1	2	0	40
chr3	37327826	37328415	1	1	1	1	0	41
chr3	37328538	37328962	1	1	1	1	0	28
chr3	37361306	37366079	1	1	1	1	0	15
chr3	38223914	38224570	1	1	1	4	0	7
chr3	38224705	38229686	1	1	1	1	0	13
chr3	38482561	38483137	1	1	1	1	0	33
chr3	38604909	38605950	2	2	1	1	0	12
chr3	39091702	39093873	1	1	1	5	0	33
chr3	39407787	39408605	1	1	1	2	0	41
chr3	39408692	39412329	1	1	1	2	0	29
chr3	39408725	39410753	1	1	1	1	1	32
chr3	39411000	39411648	1	1	1	2	1	16
chr3	39411778	39411895	1	1	1	14	2	42
chr3	39411914	39412315	1	3	1	0	11	19
chr3	39412062	39412273	1	1	1	452	0	46
chr3	39412062	39412276	1	1	1	1	0	35
chr3	40311572	40311969	1	1	1	1	0	9
chr3	40457974	40462115	1	1	1	1	0	38
chr3	40457992	40458641	1	1	1	3	0	34
chr3	40458737	40461406	1	1	1	12	0	43
chr3	40461507	40461607	1	1	1	12	0	39
chr3	40461662	40461938	1	1	1	6	0	45
chr3	40462138	40462188	1	3	1	1	0	17
chr3	40506377	40511469	1	1	1	1	0	18
chr3	41225208	41225333	1	1	1	1	0	39
chr3	41233868	41234138	1	1	1	1	0	36
chr3	41236710	41238015	1	1	1	1	0	6
chr3	41238077	41239133	1	1	1	2	0	40
chr3	42087401	42125419	1	1	1	1	0	9
chr3	42621517	42630545	1	1	1	1	0	10
chr3	42630576	42631170	1	1	1	3	0	30
chr3	42631317	42632600	1	1	1	2	0	3
chr3	42633736	42634612	1	1	1	1	0	6
chr3	42634701	42635220	1	1	1	2	0	28
chr3	42635367	42636867	1	1	1	21	0	42
chr3	42785321	42786027	2	2	1	7	0	45
chr3	42786163	42794156	2	2	1	1	0	4
chr3	42794276	42804435	2	2	1	0	1	16
chr3	43340500	43343343	1	1	1	1	0	4
chr3	43397018	43418249	2	4	1	1	0	19
chr3	43605864	43621908	2	2	1	2	0	26
chr3	44455697	44458243	2	2	1	1	0	14
chr3	44500635	44502541	2	2	1	1	0	41
chr3	44578431	44578526	1	3	1	0	1	32
chr3	44652702	44658700	1	1	1	1	0	36
chr3	44753553	44754223	2	2	1	3	0	25
chr3	44800438	44801449	1	1	1	1	0	18
chr3	44815077	44826038	1	1	1	4	0	42
chr3	44838422	44840354	1	1	1	1	0	38
chr3	44841239	44843124	1	1	1	3	0	37
chr3	44843235	44847984	1	1	1	5	0	45
chr3	44848058	44848520	1	1	1	2	0	4
chr3	44851953	44852207	1	1	1	2	0	26
chr3	45001609	45005290	1	1	1	1	0	4
chr3	45005415	45007419	1	1	1	1	0	36
chr3	45007576	45011234	1	1	1	3	0	45
chr3	45089142	45091172	2	2	1	2	0	23
chr3	45518073	45520218	1	1	1	1	0	34
chr3	45703536	45705134	1	1	1	2	0	26
chr3	46580061	46581131	1	1	1	0	2	35
chr3	47037778	47042560	2	2	1	1	0	7
chr3	47050861	47052715	1	3	1	2	0	38
chr3	47062347	47067069	2	2	1	5	0	41
chr3	47067119	47083719	2	2	1	5	0	28
chr3	47100371	47100932	2	2	1	2	0	25
chr3	47331247	47332246	2	4	1	2	0	18
chr3	47498433	47501649	2	2	1	1	0	29
chr3	47511227	47513536	2	2	1	0	1	37
chr3	47622342	47635189	2	2	1	1	0	27
chr3	47636137	47638724	2	2	1	32	0	44
chr3	47638778	47661293	2	2	1	1	0	44
chr3	47638781	47661293	2	2	1	44	0	45
chr3	47661456	47662333	2	2	1	6	0	37
chr3	47675589	47676628	2	2	1	2	0	27
chr3	47686171	47689386	2	2	1	2	0	17
chr3	47689425	47693240	2	2	1	2	0	37
chr3	47701403	47706408	2	2	1	10	0	44
chr3	47706531	47710682	2	2	1	1	0	26
chr3	47710809	47714414	2	2	1	1	0	12
chr3	47729095	47736033	2	2	1	1	0	30
chr3	47810712	47815962	1	1	1	2	0	26
chr3	47818118	47827346	1	1	1	1	0	38
chr3	47825248	47827346	1	1	1	1	0	19
chr3	47849350	47849450	1	1	1	1	0	32
chr3	47871106	47871226	2	2	1	1	0	3
chr3	47871287	47871916	2	2	1	1	0	29
chr3	47875901	47877416	2	2	1	1	0	8
chr3	48263634	48264407	2	4	1	1	0	37
chr3	48404115	48404934	2	2	1	1	0	23
chr3	48404591	48405723	2	2	1	1	0	14
chr3	48405799	48406567	2	2	1	1	0	41
chr3	48405799	48406822	2	2	1	1	0	26
chr3	48407092	48409328	2	2	1	1	0	32
chr3	48440313	48440402	1	1	1	5	0	37
chr3	48440459	48440540	1	1	1	23	0	46
chr3	48440629	48443847	1	1	1	188	26	46
chr3	48464663	48464830	1	1	1	1	0	44
chr3	48599119	48599666	1	3	1	1	0	34
chr3	48599193	48599634	2	2	1	25	0	44
chr3	48599711	48600062	2	2	1	4	0	46
chr3	48600152	48600481	2	2	1	1	0	41
chr3	48601468	48603563	2	2	1	2	0	40
chr3	48604432	48604650	2	2	1	2	0	35
chr3	48604781	48605769	2	2	1	1	0	17
chr3	48626001	48626217	2	2	1	1	0	10
chr3	48751719	48752175	2	2	1	1	0	41
chr3	48765350	48772954	2	2	1	2	0	9
chr3	48773109	48782985	2	2	1	1	0	37
chr3	48794050	48807648	2	2	1	1	0	13
chr3	48807685	48847334	2	2	1	1	0	36
chr3	48874183	48888097	2	2	1	0	1	36
chr3	48918999	48922747	1	1	1	1	0	4
chr3	48922812	48924717	1	1	1	1	0	9
chr3	48922812	48927461	1	1	1	2	0	35
chr3	48927814	48961611	1	1	1	1	0	4
chr3	48961680	48964918	1	1	1	1	0	20
chr3	49015708	49015803	2	2	1	3	0	25
chr3	49022977	49023055	1	1	1	1	0	8
chr3	49024405	49024494	2	2	1	86	0	46
chr3	49024579	49024658	2	2	1	64	0	46
chr3	49026610	49026686	2	2	1	1	0	34
chr3	49026887	49026959	2	2	1	1	0	3
chr3	49096080	49097991	2	2	1	46	0	45
chr3	49096080	49098191	2	2	1	3	0	45
chr3	49098481	49098599	2	2	1	1	0	6
chr3	49098990	49099109	2	2	1	1	0	27
chr3	49111366	49111499	2	2	1	1	0	43
chr3	49112403	49112488	2	2	1	1	0	18
chr3	49117831	49117946	2	2	1	1	0	36
chr3	49121253	49121841	2	2	1	1	0	19
chr3	49121861	49121943	2	2	1	1	0	18
chr3	49300692	49302383	2	2	1	1	0	38
chr3	49360383	49362495	2	4	1	3	0	44
chr3	49362627	49368427	2	2	1	1	0	27
chr3	49418229	49418970	2	2	1	1	0	25
chr3	49477043	49478209	1	3	1	2	0	27
chr3	49683147	49683236	1	1	1	1	0	37
chr3	49684190	49684313	2	2	1	1	0	15
chr3	49712657	49713512	1	1	1	1	0	27
chr3	49713588	49713737	1	1	1	1	0	6
chr3	49720895	49721019	1	1	1	1	0	13
chr3	49934543	50003023	1	1	1	3	0	27
chr3	50058563	50059648	1	1	1	2	0	17
chr3	50061220	50061461	1	1	1	1	0	13
chr3	50061222	50061461	1	1	1	10	0	38
chr3	50061548	50061961	1	1	1	1	0	10
chr3	50061749	50061961	1	1	1	1	0	15
chr3	50062109	50065030	1	1	1	1	0	32
chr3	50065127	50066241	1	1	1	2	0	19
chr3	50070535	50077162	2	2	1	3	0	22
chr3	50075331	50077007	1	1	1	3	0	26
chr3	50114100	50114179	1	1	1	3	0	15
chr3	50114252	50115427	1	1	1	3	0	13
chr3	50236454	50252099	1	1	1	2	0	31
chr3	50253185	50256191	1	1	1	1	0	26
chr3	50257715	50258367	1	1	1	1	0	20
chr3	50272089	50272979	2	2	1	1	0	8
chr3	50326187	50326356	2	2	1	5	0	46
chr3	50347674	50347758	2	2	1	2	0	34
chr3	50365863	50366010	2	2	1	1	0	29
chr3	50648714	50649068	1	1	1	1	0	22
chr3	51386336	51387736	1	1	1	1	0	46
chr3	51387879	51388904	1	1	1	1	0	9
chr3	51413067	51413281	2	2	1	1	0	24
chr3	51413387	51413949	2	2	1	1	0	32
chr3	51556628	51557765	1	1	1	2	0	21
chr3	51590560	51627552	1	1	1	1	0	35
chr3	51663096	51663439	2	2	1	1	0	14
chr3	51663302	51663484	1	1	1	1	0	28
chr3	51933600	51933707	2	2	1	7	0	33
chr3	51933782	51934471	2	2	1	3	0	42
chr3	51934552	51934630	2	2	1	1	0	22
chr3	51985466	51985851	1	1	1	2	0	37
chr3	51987398	51989034	2	4	1	1	0	45
chr3	51993773	51994054	2	4	1	2	3	27
chr3	51993791	51993878	2	4	1	13	1	46
chr3	51994127	51995041	2	2	1	8	1	42
chr3	51995107	51995424	2	2	1	6	0	42
chr3	51995470	51995856	2	2	1	2	0	26
chr3	52212421	52214019	1	1	1	1	0	32
chr3	52247229	52247681	1	1	1	4	0	34
chr3	52402675	52402778	2	2	1	2	0	7
chr3	52452253	52452482	2	2	1	1	0	31
chr3	52524612	52524816	2	2	1	1	0	21
chr3	52524882	52524962	2	2	1	2	0	34
chr3	52528074	52528182	2	2	1	1	0	18
chr3	52536774	52540423	1	1	1	2	0	40
chr3	52536907	52540423	1	1	1	4	0	21
chr3	52586689	52587352	2	2	1	1	0	30
chr3	52589256	52603520	2	2	1	1	0	43
chr3	52603733	52609312	2	2	1	9	0	45
chr3	52615457	52617261	2	2	1	1	0	24
chr3	52634816	52641953	2	2	1	3	0	25
chr3	52651811	52658198	2	2	1	1	0	42
chr3	52686106	52686768	1	1	1	1	0	42
chr3	52686828	52687245	1	1	1	4	0	37
chr3	52687384	52687501	1	1	1	3	0	35
chr3	52687616	52688108	1	1	1	1	0	28
chr3	52689207	52690591	1	1	1	1	0	31
chr3	52691630	52692871	1	1	1	1	0	30
chr3	52693330	52693407	1	1	1	3	0	17
chr3	52693545	52693631	1	1	1	8	0	38
chr3	52693808	52694036	1	1	1	7	0	30
chr3	52694104	52694192	1	1	1	6	0	41
chr3	52704953	52705446	2	2	1	1	0	25
chr3	52711870	52737585	2	2	1	2	0	32
chr3	52746211	52746733	2	2	1	1	0	19
chr3	52907734	52911002	2	2	1	1	0	9
chr3	52911179	52912537	2	2	1	2	0	44
chr3	53225762	53226791	2	4	1	2	0	39
chr3	53225932	53226755	2	2	1	11	0	46
chr3	53226879	53228055	2	2	1	1	0	12
chr3	53228150	53228275	2	2	1	8	0	40
chr3	53228360	53229006	2	2	1	4	0	28
chr3	53229138	53229279	2	2	1	1	0	33
chr3	53230622	53231356	2	2	1	1	0	7
chr3	53231551	53233155	2	2	1	7	0	44
chr3	53233275	53234982	2	2	1	3	0	27
chr3	53308724	53309268	1	3	1	1	0	44
chr3	53868863	53869981	2	2	1	4	0	41
chr3	53872525	53873031	2	2	1	1	0	21
chr3	53885562	53885825	2	2	1	2	0	21
chr3	53886935	53888392	2	2	1	3	0	37
chr3	53888484	53891769	2	2	1	4	0	43
chr3	54632503	54633558	2	2	1	5	0	37
chr3	54632808	54633558	2	2	1	1	0	41
chr3	54633741	54634460	2	2	1	3	0	45
chr3	54634566	54637690	2	2	1	4	0	25
chr3	54930866	54931949	1	1	1	1	0	35
chr3	56566760	56566949	1	1	1	4	0	31
chr3	56567054	56571180	1	1	1	2	0	34
chr3	56571303	56592969	1	1	1	2	0	34
chr3	56594029	56613588	1	1	1	1	0	44
chr3	56594029	56613606	1	1	1	1	0	15
chr3	56619902	56621531	1	1	1	1	0	7
chr3	57230768	57235565	1	1	1	1	0	10
chr3	57247478	57248192	1	1	1	1	0	28
chr3	57260020	57260116	1	1	1	1	0	30
chr3	57260154	57260627	1	1	1	1	0	25
chr3	57260775	57267741	1	1	1	5	0	32
chr3	57267793	57268397	1	1	1	2	0	9
chr3	57572299	57575547	2	2	1	1	0	41
chr3	57600170	57600742	1	1	1	2	0	16
chr3	57858160	57860698	1	1	1	1	0	4
chr3	57860840	57861948	1	1	1	3	0	45
chr3	57862087	57864547	1	1	1	1	0	32
chr3	57864717	57890040	1	1	1	1	0	14
chr3	57871699	57890040	1	1	1	3	0	33
chr3	57890101	57896510	1	1	1	1	0	18
chr3	57912702	57913157	1	1	1	1	0	9
chr3	58106874	58108457	1	1	1	1	0	32
chr3	58146050	58146819	1	1	1	1	0	36
chr3	58169794	58170574	1	1	1	3	0	30
chr3	58306418	58316514	1	1	1	2	0	30
chr3	58409002	58409531	1	1	1	1	0	28
chr3	58428180	58428472	2	2	1	10	0	44
chr3	58428615	58429707	2	2	1	2	0	43
chr3	58811799	58815601	2	2	1	0	1	26
chr3	58869491	58870172	2	2	1	1	0	21
chr3	61878621	61880506	1	1	1	1	0	37
chr3	61947461	61948254	1	1	1	1	0	31
chr3	62262895	62267409	1	1	1	2	0	46
chr3	62267493	62267684	1	1	1	1	0	45
chr3	62267820	62269034	1	1	1	1	0	43
chr3	62273082	62273697	1	1	1	1	0	19
chr3	62322054	62323893	1	1	1	1	0	11
chr3	62530813	62532870	2	2	1	1	0	24
chr3	63834200	63835153	2	2	1	1	0	25
chr3	63835224	63835323	2	2	1	1	0	13
chr3	63835391	63836300	2	2	1	4	0	43
chr3	63838063	63838371	2	2	1	2	0	23
chr3	63838500	63839655	2	2	1	3	0	30
chr3	64010765	64010877	2	2	1	11	0	42
chr3	64010956	64013438	2	2	1	1	0	34
chr3	64013608	64018598	2	2	1	1	0	45
chr3	65437248	65439878	2	2	1	1	0	4
chr3	65622089	66037995	2	2	1	1	0	34
chr3	67520635	67528131	2	2	1	1	0	4
chr3	69028296	69029814	2	2	1	1	0	27
chr3	69039694	69042806	2	2	1	1	0	17
chr3	69043877	69044491	2	2	1	1	0	43
chr3	69044596	69047348	2	2	1	2	0	22
chr3	69055526	69055850	2	2	1	1	0	36
chr3	69056694	69056778	2	2	1	1	0	35
chr3	70007592	70016533	1	1	1	0	1	43
chr3	70959392	70965889	2	2	1	1	0	28
chr3	72379428	72446495	2	2	1	1	0	39
chr3	72998159	73047185	1	1	1	1	0	41
chr3	73061061	73063672	1	1	1	0	1	22
chr3	73063748	73064002	1	1	1	1	0	7
chr3	73065142	73065396	1	1	1	7	0	32
chr3	78600310	78606732	2	2	1	1	0	15
chr3	78634043	78635772	2	2	1	1	0	11
chr3	78651930	78657097	2	2	1	2	0	33
chr3	78746901	78938600	2	2	1	2	0	44
chr3	81535326	81536910	2	2	1	1	0	10
chr3	87227557	87240698	1	1	1	1	0	12
chr3	87245909	87249874	1	1	1	1	0	41
chr3	87253511	87253711	1	1	1	6	0	41
chr3	88150186	88153229	1	1	1	1	0	18
chr3	94036755	94039879	1	1	1	1	0	45
chr3	98788223	98788325	1	1	1	1	0	3
chr3	98808175	98811193	2	2	1	1	0	24
chr3	98811320	98811467	2	2	1	1	0	35
chr3	98819418	98820247	2	2	1	2	0	39
chr3	99818044	100146972	1	1	1	7	0	34
chr3	100147062	100160429	1	1	1	4	0	33
chr3	100167841	100171838	1	1	1	2	0	15
chr3	100171900	100172315	1	1	1	2	0	16
chr3	100176416	100178304	1	1	1	1	0	46
chr3	100302238	100304845	1	1	1	1	0	32
chr3	100304889	100306436	1	1	1	1	0	17
chr3	100319205	100320776	1	1	1	2	0	36
chr3	100320972	100323586	1	1	1	1	0	44
chr3	100341162	100345584	1	1	1	1	0	4
chr3	100345679	100346180	1	1	1	1	0	21
chr3	100352503	100354771	1	1	1	1	0	25
chr3	100354828	100355176	1	1	1	6	0	39
chr3	100375153	100377704	2	2	1	1	0	29
chr3	100377913	100381614	2	2	1	2	0	26
chr3	100384589	100386217	2	2	1	1	0	34
chr3	100386345	100386804	2	2	1	1	0	40
chr3	100728859	100732507	1	1	1	1	0	25
chr3	101574280	101579789	1	1	1	1	0	36
chr3	101580005	101585436	1	1	1	0	3	23
chr3	101585512	101590214	1	1	1	1	0	21
chr3	101590271	101592626	1	1	1	1	0	15
chr3	101662828	101663871	2	2	1	1	0	39
chr3	101664715	101664963	2	2	1	3	0	16
chr3	101681216	101682428	2	2	1	424	2	45
chr3	101681216	101682770	2	2	1	3	0	28
chr3	101682493	101682770	2	2	1	204	2	46
chr3	101682908	101685817	2	2	1	8	0	44
chr3	101685929	101686481	2	2	1	6	0	39
chr3	104282399	104282420	0	0	1	3	0	44
chr3	105550260	105552143	1	1	1	1	0	3
chr3	105552183	105552467	1	1	1	2	0	39
chr3	106843068	106843178	2	2	1	1	0	41
chr3	107733024	107744629	1	1	1	2	0	9
chr3	107744711	107747964	1	1	1	2	0	3
chr3	107748040	107755597	1	1	1	4	0	19
chr3	107755679	107772627	1	3	1	1	0	20
chr3	108166986	108167792	2	2	1	1	0	15
chr3	108552374	108553647	2	2	1	2	0	44
chr3	108553731	108554375	2	2	1	10	0	46
chr3	108554490	108557217	2	2	1	10	0	45
chr3	108560029	108560648	2	2	1	1	0	3
chr3	108646650	108647942	1	1	1	1	0	21
chr3	108648113	108648917	1	1	1	2	0	30
chr3	108651163	108654144	1	1	1	1	0	22
chr3	108654311	108661876	1	1	1	1	0	24
chr3	108661973	108662129	1	1	1	2	0	39
chr3	109328025	109328889	2	2	1	1	0	31
chr3	109329089	109330523	2	2	1	2	0	40
chr3	109330813	109331733	2	2	1	7	0	38
chr3	109331785	109331870	2	2	1	17	0	43
chr3	109332032	109333869	2	2	1	1	0	9
chr3	109333994	109337463	2	2	1	8	0	45
chr3	111122239	111126183	1	1	1	1	0	9
chr3	111913703	111919071	1	1	1	4	0	39
chr3	111920420	111939474	1	1	1	1	0	23
chr3	111939631	111940534	1	1	1	1	0	15
chr3	111981968	111986263	1	1	1	1	0	3
chr3	112333225	112344961	1	1	1	1	0	39
chr3	112400496	112418478	2	2	1	0	4	24
chr3	112418678	112423180	1	1	1	0	5	34
chr3	112532781	112534268	2	2	1	2	0	29
chr3	112538181	112541802	2	2	1	1	0	33
chr3	112541885	112544056	2	2	1	2	0	34
chr3	112544107	112548532	2	2	1	2	0	8
chr3	112548641	112550191	2	2	1	1	0	41
chr3	112550263	112553279	2	2	1	1	0	39
chr3	112996992	112999445	1	1	1	1	0	3
chr3	112999565	113000849	1	1	1	2	0	37
chr3	113664410	113670120	2	2	1	1	0	17
chr3	113724093	113745941	2	2	1	1	0	4
chr3	113724096	113745941	2	2	1	1	0	17
chr3	113794995	113795089	1	1	1	3	0	41
chr3	113798447	113803582	1	1	1	1	0	41
chr3	114068064	114070625	1	1	1	1	0	23
chr3	114076943	114079905	1	3	1	2	0	39
chr3	114079429	114108153	2	2	1	1	0	34
chr3	114080058	114082676	1	1	1	1	0	17
chr3	115810415	115841844	2	2	1	1	0	25
chr3	119477449	119480050	1	1	1	1	0	29
chr3	119500861	119503531	1	1	1	1	0	13
chr3	119517316	119523605	1	1	1	2	0	26
chr3	119660064	119675144	2	2	1	0	1	3
chr3	119666983	119675144	2	2	1	0	1	3
chr3	119669666	119675144	2	2	1	30	9	46
chr3	119675234	119677203	2	2	1	5	0	32
chr3	119826856	119843254	2	2	1	3	1	22
chr3	119863606	119876412	2	2	1	2	0	15
chr3	120001062	120001344	2	2	1	1	0	42
chr3	120396997	120399882	2	2	1	1	0	19
chr3	120399960	120402807	2	2	1	1	0	11
chr3	120404972	120409531	2	2	1	1	0	10
chr3	120596540	120601110	1	1	1	3	0	26
chr3	120601258	120602207	1	1	1	66	12	46
chr3	120861859	120874843	1	1	1	0	1	20
chr3	121436276	121439991	2	2	1	1	0	22
chr3	121459512	121467930	1	3	1	4	0	38
chr3	121722379	121726912	2	2	1	1	0	13
chr3	121730018	121730875	2	2	1	1	0	16
chr3	121788433	121790072	2	2	1	1	0	44
chr3	122368323	122371674	2	2	1	2	0	5
chr3	122371801	122383173	2	2	1	1	0	8
chr3	122384300	122402759	1	1	1	2	0	26
chr3	122402883	122404257	1	1	1	1	0	13
chr3	122404364	122407280	1	1	1	1	0	29
chr3	122496571	122514756	2	2	1	1	0	26
chr3	122713574	122713871	1	1	1	2	0	17
chr3	123146260	123150233	1	1	1	1	0	8
chr3	123161456	123161879	1	1	1	2	0	32
chr3	123545245	123546053	1	3	1	1	0	45
chr3	123931527	123933668	2	2	1	1	0	38
chr3	123931527	123933672	2	2	1	7	0	42
chr3	123933756	123944848	2	2	1	1	0	26
chr3	123956116	123956354	2	2	1	2	0	24
chr3	124496414	124514598	1	1	1	1	0	43
chr3	124730628	124735092	1	1	1	2	0	5
chr3	124731605	124735092	1	1	1	1	0	20
chr3	124742267	124743914	1	1	1	2	0	17
chr3	125288229	125313307	2	2	1	2	0	28
chr3	125447827	125451304	2	2	1	1	0	23
chr3	125451420	125453809	2	2	1	1	0	43
chr3	125563844	125567393	2	2	1	1	0	11
chr3	126611133	126621741	2	2	1	1	0	5
chr3	126638058	126639684	2	2	1	1	0	35
chr3	126914751	126957415	1	1	1	1	0	13
chr3	126957552	126960195	1	1	1	2	0	25
chr3	127608517	127608831	1	1	1	1	0	40
chr3	127621229	127621662	1	1	1	1	0	29
chr3	127639524	127660377	1	1	1	1	0	20
chr3	127672475	127672592	2	4	1	1	0	12
chr3	128082575	128087705	2	2	1	1	0	32
chr3	128087809	128097299	2	2	1	3	0	44
chr3	128598416	128600040	1	3	1	1	1	29
chr3	128620594	128622163	2	2	1	2	0	44
chr3	128625654	128625873	2	2	1	3	0	12
chr3	128700376	128707354	2	2	1	1	0	29
chr3	128910150	128910740	1	1	1	1	0	21
chr3	128910814	128912506	1	1	1	1	0	22
chr3	128978186	128987615	2	2	1	1	0	35
chr3	129087806	129088023	1	3	1	0	1	16
chr3	129134196	129134831	2	2	1	1	0	29
chr3	129140486	129145760	2	2	1	1	0	40
chr3	129171278	129171445	2	2	1	1	0	33
chr3	129171281	129171445	0	0	1	1	0	25
chr3	129271910	129272243	1	1	1	1	0	21
chr3	129302143	129304588	1	1	1	2	0	17
chr3	129318311	129318542	1	1	1	1	0	37
chr3	129323998	129324180	1	1	1	1	0	42
chr3	129397141	129399007	2	2	1	2	0	39
chr3	129431579	129432502	2	2	1	1	0	12
chr3	129519733	129520175	1	1	1	1	0	42
chr3	130264485	130266269	1	1	1	1	0	20
chr3	130996112	130996679	1	1	1	3	0	45
chr3	130996797	130997605	1	1	1	1	0	10
chr3	130998390	130999517	1	1	1	1	0	23
chr3	131001345	131016151	1	1	1	1	0	26
chr3	131152538	131152630	1	1	1	1	0	8
chr3	131381943	131382045	1	1	1	1	0	25
chr3	131462876	131468090	2	2	1	2	0	40
chr3	131468169	131469695	2	2	1	1	0	5
chr3	131469774	131471170	2	2	1	1	0	26
chr3	131471280	131487679	2	2	1	1	0	45
chr3	131498278	131500429	2	2	1	1	0	14
chr3	131500522	131501530	2	2	1	5	0	34
chr3	132447471	132447897	1	1	1	1	0	24
chr3	132450848	132452882	1	1	1	1	0	14
chr3	132457369	132460249	1	1	1	1	0	19
chr3	132466395	132467169	1	1	1	2	0	42
chr3	132495167	132496527	1	1	1	2	0	42
chr3	132670285	132670964	1	1	1	1	0	44
chr3	132675924	132676442	1	1	1	8	0	43
chr3	132682819	132683398	2	2	1	1	0	38
chr3	133046021	133047911	1	1	1	1	0	18
chr3	133586723	133587158	1	1	1	3	0	32
chr3	133601394	133608534	2	2	1	1	0	5
chr3	133608697	133608872	2	2	1	2	0	40
chr3	133657942	133659015	2	2	1	5	0	43
chr3	133659151	133661043	2	2	1	1	0	14
chr3	134178074	134183001	2	2	1	1	0	38
chr3	134191984	134195081	0	0	1	1	0	19
chr3	134202875	134207471	2	2	1	1	0	36
chr3	134531941	134532777	1	1	1	1	0	16
chr3	134545820	134546148	1	1	1	2	0	42
chr3	134546289	134549061	1	1	1	1	0	44
chr3	136326911	136327154	1	1	1	1	0	4
chr3	136327733	136328757	1	1	1	1	0	41
chr3	136433660	136443286	2	2	1	1	0	7
chr3	136623249	136630869	2	2	1	1	0	23
chr3	136630982	136752194	2	2	1	1	0	15
chr3	136862320	136927983	1	1	1	1	0	8
chr3	138092545	138094861	2	2	1	1	0	17
chr3	138264213	138267154	1	1	1	1	0	45
chr3	138398569	138400533	1	1	1	1	0	40
chr3	138495077	138498030	2	2	1	2	0	24
chr3	138498111	138500109	2	2	1	4	0	33
chr3	138570499	138571033	2	2	1	1	0	26
chr3	138714720	138733360	2	2	1	1	0	40
chr3	139351061	139352646	1	1	1	1	0	19
chr3	139352793	139355681	1	1	1	7	0	43
chr3	139355791	139356918	1	1	1	13	0	41
chr3	139357959	139358199	2	2	1	1	0	3
chr3	139358272	139358743	2	2	1	5	0	37
chr3	139358813	139358997	2	2	1	1	0	41
chr3	139368289	139369260	2	2	1	2	0	43
chr3	139369545	139371722	2	2	1	6	0	41
chr3	139371834	139373212	2	2	1	11	0	39
chr3	139373413	139373665	2	2	1	1	0	31
chr3	139374589	139375467	2	2	1	1	0	33
chr3	139383436	139385003	2	2	1	1	0	22
chr3	139517681	139518420	2	2	1	1	0	38
chr3	140956692	140959462	1	1	1	10	0	37
chr3	140956692	140963126	1	1	1	1	0	10
chr3	140959541	140963126	1	1	1	5	0	40
chr3	140974006	140976259	1	1	1	4	0	25
chr3	141235555	141236271	1	1	1	1	0	13
chr3	141609524	141609876	1	1	1	1	0	29
chr3	141942588	141944321	2	2	1	1	0	41
chr3	141952697	141952910	2	2	1	5	0	36
chr3	141970142	141974047	2	2	1	1	0	19
chr3	141974192	141978519	2	2	1	4	0	32
chr3	141974195	141978519	2	2	1	1	0	18
chr3	141978683	141993537	2	2	1	1	0	32
chr3	141993586	141995019	2	2	1	2	0	6
chr3	141995142	142005440	2	2	1	4	0	28
chr3	142181566	142182922	2	2	1	1	0	13
chr3	142185794	142185928	2	2	1	1	0	27
chr3	142335510	142347233	2	2	1	1	0	41
chr3	142421154	142421475	2	2	1	3	0	46
chr3	142449603	142453127	2	2	1	1	0	12
chr3	142453234	142457603	2	2	1	2	0	32
chr3	142512471	142513500	2	2	1	1	0	34
chr3	143001674	143010814	1	1	1	3	0	41
chr3	143010860	143012221	1	1	1	2	0	38
chr3	143012354	143014310	1	1	1	7	0	33
chr3	143014410	143016256	1	1	1	3	0	38
chr3	143016372	143016841	1	1	1	40	0	43
chr3	143016976	143019968	1	1	1	4	0	18
chr3	143021556	143022496	1	1	1	2	0	43
chr3	143024019	143027148	1	1	1	1	0	26
chr3	143028407	143028482	1	3	1	2	0	30
chr3	143034976	143035981	1	1	1	2	0	3
chr3	143034976	143036069	1	1	1	1	0	17
chr3	143036105	143037178	1	1	1	2	0	35
chr3	143037336	143038107	1	1	1	12	0	31
chr3	143038204	143038893	1	1	1	8	0	33
chr3	143038961	143043116	1	1	1	2	0	27
chr3	143043277	143050938	1	1	1	10	0	33
chr3	143051050	143053675	1	1	1	4	0	27
chr3	146070873	146071041	2	2	1	1	0	41
chr3	146521706	146521832	2	2	1	1	0	20
chr3	146536566	146544466	2	2	1	1	0	6
chr3	149034999	149039048	2	2	1	2	0	38
chr3	149039230	149039580	2	2	1	3	0	28
chr3	149039694	149040030	2	2	1	3	0	32
chr3	149046260	149048027	2	2	1	2	0	32
chr3	149048164	149048862	2	2	1	3	0	24
chr3	149055401	149059717	2	2	1	1	0	23
chr3	149060688	149060778	2	2	1	1	0	24
chr3	149060859	149063430	2	2	1	1	0	26
chr3	149064867	149068239	2	2	1	1	0	20
chr3	149073323	149074214	2	2	1	2	0	40
chr3	149084890	149086316	2	2	1	1	0	25
chr3	149129941	149140003	1	1	1	1	0	43
chr3	149150681	149153493	1	1	1	1	0	35
chr3	149953030	149968357	2	2	1	1	0	16
chr3	150544499	150545702	2	2	1	6	0	41
chr3	150545779	150546051	2	2	1	2	0	26
chr3	150568293	150575648	1	1	1	1	0	42
chr3	150572530	150575648	1	1	1	1	0	19
chr3	150575763	150581617	1	1	1	6	0	45
chr3	151430381	151432751	1	1	1	1	0	24
chr3	152269093	152299404	1	1	1	1	0	9
chr3	154123076	154124409	1	1	1	1	0	8
chr3	154124450	154129573	1	1	1	1	0	40
chr3	154276357	154276746	2	2	1	1	0	42
chr3	154280863	154283187	2	2	1	4	0	38
chr3	154284670	154284813	2	2	1	1	0	10
chr3	154284988	154288865	2	2	1	1	0	11
chr3	154293813	154295283	2	2	1	1	0	39
chr3	154295340	154299837	2	2	1	1	0	36
chr3	154301128	154303328	2	2	1	10	0	45
chr3	154303411	154304805	2	2	1	23	0	45
chr3	154309824	154311635	2	2	1	1	0	31
chr3	154311675	154315045	2	2	1	1	0	22
chr3	154315281	154316038	2	2	1	11	0	43
chr3	154316164	154324173	2	2	1	10	0	42
chr3	155755768	155762396	2	2	1	0	1	29
chr3	155898042	155903862	1	1	1	1	0	16
chr3	155910886	155911113	1	1	1	2	0	14
chr3	155911280	155914418	1	1	1	4	0	45
chr3	155931881	155934915	1	1	1	1	0	7
chr3	155935047	155936337	1	1	1	0	1	16
chr3	155936511	155937590	1	1	1	21	19	46
chr3	156543270	156544307	2	2	1	2	0	38
chr3	157148590	157149286	2	2	1	1	0	17
chr3	157149978	157150064	2	2	1	3	0	17
chr3	157150170	157150281	2	2	1	7	0	27
chr3	158354909	158460934	1	1	1	1	0	34
chr3	158461004	158537091	1	1	1	1	0	43
chr3	158602940	158605096	1	1	1	2	0	35
chr3	158822141	158823427	1	1	1	1	0	8
chr3	158827338	158828978	1	1	1	1	0	20
chr3	160268537	160277305	2	2	1	1	0	31
chr3	160277479	160277580	2	2	1	1	0	27
chr3	160280815	160282477	2	2	1	1	0	36
chr3	160404505	160411919	1	1	1	2	0	32
chr3	160412085	160412325	1	1	1	5	0	38
chr3	160412454	160413472	1	1	1	5	0	36
chr3	160412850	160413472	1	1	1	1	0	34
chr3	160413614	160414366	1	1	1	9	0	38
chr3	160414518	160416250	1	1	1	30	0	45
chr3	160416416	160417722	1	1	1	3	0	18
chr3	160419544	160420739	1	1	1	1	0	29
chr3	160423841	160424866	1	1	1	2	0	24
chr3	160428943	160430598	1	1	1	2	0	17
chr3	160430744	160431031	1	1	1	1	0	25
chr3	160431206	160431642	1	1	1	1	0	16
chr3	160448796	160449716	2	2	1	1	0	29
chr3	160509872	160514076	2	2	1	1	0	7
chr3	160514182	160515451	2	2	1	1	0	45
chr3	160515581	160521778	2	2	1	3	0	41
chr3	160531558	160535512	2	2	1	1	0	11
chr3	160535566	160535660	2	2	1	1	0	28
chr3	160756708	160961735	1	1	1	2	0	22
chr3	161242654	161246335	1	1	1	1	0	7
chr3	161249561	161250255	1	1	1	1	0	17
chr3	161250327	161250779	1	1	1	1	0	4
chr3	167372951	167379637	2	2	1	1	0	42
chr3	167500300	167505306	2	2	1	1	0	19
chr3	167684390	167687233	2	2	1	1	0	32
chr3	167704896	167720061	2	2	1	2	0	36
chr3	168010824	168024525	2	2	1	2	0	24
chr3	168024595	168024927	2	2	1	5	0	34
chr3	168025096	168027727	2	2	1	1	0	29
chr3	168040870	168041391	2	2	1	1	0	38
chr3	169806932	169807425	2	2	1	1	0	18
chr3	169807491	169807587	2	2	1	1	0	9
chr3	169808746	169812569	2	2	1	1	0	22
chr3	169975717	169976945	1	1	1	6	0	37
chr3	169977052	169982706	1	1	1	50	0	45
chr3	169982912	169983160	1	1	1	1	0	20
chr3	169988360	169992593	1	1	1	1	0	22
chr3	170038216	170038914	1	1	1	1	0	45
chr3	170270562	170273285	1	1	1	1	0	12
chr3	170273341	170275228	1	1	1	1	1	25
chr3	170275288	170280226	1	1	1	1	0	12
chr3	170299111	170303039	1	1	1	1	0	31
chr3	170384766	170390222	1	1	1	4	0	43
chr3	170390465	170391035	1	1	1	6	0	40
chr3	170866525	170868012	2	2	1	6	2	37
chr3	171066736	171068847	2	2	1	2	0	14
chr3	171084326	171085117	2	2	1	2	0	34
chr3	171108163	171110713	2	2	1	1	0	44
chr3	171167271	171175251	2	2	1	6	0	45
chr3	171369686	171460006	2	2	1	2	0	40
chr3	172112591	172133470	1	1	1	2	0	33
chr3	172750858	172754508	1	1	1	1	0	39
chr3	172754661	172755294	1	1	1	6	0	32
chr3	172755375	172755482	1	1	1	1	0	25
chr3	172757166	172758979	1	1	1	3	0	28
chr3	172784804	172786492	1	1	1	1	0	24
chr3	172802981	172805730	1	1	1	1	0	45
chr3	172805870	172807769	1	1	1	2	0	15
chr3	172807925	172815603	1	1	1	1	0	28
chr3	172818815	172820147	1	1	1	1	0	23
chr3	176321828	176327121	1	1	1	1	4	26
chr3	177033137	177034197	2	2	1	1	0	39
chr3	177051727	177053772	2	2	1	1	0	11
chr3	179323292	179327560	1	1	1	3	0	13
chr3	179325323	179327560	1	1	1	1	0	28
chr3	179377169	179377343	1	1	1	1	0	11
chr3	179576312	179576619	1	1	1	2	0	40
chr3	179588996	179592643	2	2	1	14	0	46
chr3	179593896	179598674	2	2	1	1	0	24
chr3	179618522	179623919	1	1	1	1	0	21
chr3	179618522	179639863	1	1	1	1	0	7
chr3	179765849	179781738	1	1	1	2	0	27
chr3	179781824	179784047	1	1	1	13	0	45
chr3	180605008	180605765	1	1	1	1	0	6
chr3	180605838	180606252	1	1	1	1	0	14
chr3	180631593	180641992	2	2	1	2	0	36
chr3	180912737	180933333	1	1	1	2	0	7
chr3	180933387	180935137	1	1	1	2	0	32
chr3	180935232	180947864	1	1	1	3	0	36
chr3	180947937	180948346	1	1	1	1	0	22
chr3	180951469	180953761	1	1	1	2	0	36
chr3	180957929	180961467	1	1	1	1	0	41
chr3	180962941	180963027	1	1	1	1	0	6
chr3	180970359	180975312	1	1	1	1	0	43
chr3	180970359	180976121	1	1	1	8	0	34
chr3	180975405	180976121	1	1	1	6	0	39
chr3	180984711	180985925	2	2	1	17	3	46
chr3	180985997	180986942	2	2	1	3	0	41
chr3	180987023	180988022	2	2	1	0	2	37
chr3	180988097	180988177	2	2	1	1	0	39
chr3	182866444	182867375	1	1	1	1	0	4
chr3	183017338	183020129	2	2	1	1	0	34
chr3	183800569	183801454	1	1	1	1	0	5
chr3	183801529	183803255	1	1	1	1	0	13
chr3	183829710	183833491	2	2	1	1	0	6
chr3	183844327	183862752	2	2	1	2	0	13
chr3	183866766	183867864	2	2	1	1	0	23
chr3	183959836	183961510	2	2	1	1	0	16
chr3	184142071	184142236	1	1	1	2	0	34
chr3	184180252	184180644	1	1	1	1	0	6
chr3	184180651	184180848	1	1	1	1	0	6
chr3	184180985	184181084	1	1	1	1	0	39
chr3	184182048	184182150	1	1	1	1	0	7
chr3	184182249	184182756	1	1	1	3	0	42
chr3	184182869	184183481	1	1	1	2	0	35
chr3	184193453	184193539	1	1	1	3	0	45
chr3	184242677	184242812	2	2	1	1	0	45
chr3	184245616	184245712	2	2	1	1	0	25
chr3	184299908	184300279	1	1	1	2	0	33
chr3	184303063	184303319	1	1	1	1	0	13
chr3	184305931	184306053	1	1	1	3	0	23
chr3	184306156	184306349	1	1	1	9	0	44
chr3	184306835	184307356	1	1	1	1	0	28
chr3	184307526	184307613	1	1	1	1	0	11
chr3	184308017	184308448	1	1	1	1	0	43
chr3	184322451	184322543	1	1	1	1	0	5
chr3	184322955	184323082	1	1	1	1	0	11
chr3	184323242	184323404	1	1	1	1	0	42
chr3	184323594	184323779	1	1	1	2	0	22
chr3	184323978	184324200	1	1	1	4	0	45
chr3	184325115	184325268	1	1	1	6	0	31
chr3	184331810	184331945	1	1	1	1	0	36
chr3	184332011	184335011	2	4	1	1	0	38
chr3	184363566	184364965	1	1	1	2	0	23
chr3	184826232	184832688	1	1	1	1	0	12
chr3	184886157	184894702	1	1	1	1	0	35
chr3	185285644	185291612	1	1	1	1	0	30
chr3	185417653	185418251	1	3	1	5	0	44
chr3	185609351	185611650	1	1	1	2	0	16
chr3	185612659	185613344	1	1	1	1	0	23
chr3	185613409	185614563	1	1	1	2	0	37
chr3	185619503	185621825	1	1	1	1	0	11
chr3	185628602	185632619	1	1	1	0	1	40
chr3	185644588	185645341	2	2	1	1	0	40
chr3	185645624	185647024	2	2	1	1	1	18
chr3	185675914	185687056	2	2	1	1	0	41
chr3	185687192	185689354	2	2	1	2	0	32
chr3	185692763	185696611	2	2	1	5	0	32
chr3	185696664	185698298	2	2	1	8	0	40
chr3	185698348	185823152	2	2	1	3	0	41
chr3	185826593	185827056	1	1	1	1	0	25
chr3	185827116	185827219	1	1	1	1	0	8
chr3	185917726	185918364	2	2	1	3	0	20
chr3	185918439	185919436	2	2	1	1	0	15
chr3	185919497	185921103	2	2	1	1	0	17
chr3	185925627	185926600	2	2	1	1	0	37
chr3	185931853	185937824	2	2	1	2	0	42
chr3	186095314	186105304	2	2	1	1	0	18
chr3	186572252	186575839	1	1	1	1	0	38
chr3	186583977	186584429	1	1	1	2	0	43
chr3	186584590	186585343	1	1	1	9	0	46
chr3	186783640	186784431	1	1	1	1	0	23
chr3	186786274	186786501	1	1	1	2	0	34
chr3	186787265	186787494	1	1	1	1	0	15
chr3	186787585	186787802	1	1	1	1	0	4
chr3	186787883	186788309	1	1	1	2	0	19
chr3	186790061	186790141	2	2	1	1	0	42
chr3	186790065	186790141	2	2	1	8	0	45
chr3	186790256	186790325	2	2	1	2	0	25
chr3	186790407	186791724	2	2	1	1	0	13
chr3	186791851	186792489	2	2	1	1	0	5
chr3	191358125	191361068	1	1	1	3	0	40
chr3	191382826	191389495	1	1	1	1	0	39
chr3	191603813	191619689	2	2	1	0	1	45
chr3	193638066	193642764	1	1	1	2	0	36
chr3	193644106	193645552	1	1	1	1	0	20
chr3	193645626	193645727	1	1	1	1	0	7
chr3	193645801	193647064	1	1	1	2	0	40
chr3	193655028	193657079	1	1	1	2	0	41
chr3	193667281	193692062	1	1	1	3	0	42
chr3	193692133	193694605	1	1	1	4	0	41
chr3	194644747	194646163	2	2	1	2	0	25
chr3	194646244	194648680	2	2	1	2	0	32
chr3	195279429	195285795	2	2	1	1	0	29
chr3	195301645	195301965	2	2	1	1	0	22
chr3	195333124	195336931	2	2	1	1	0	41
chr3	195336977	195342470	2	2	1	1	0	6
chr3	195381063	195381902	2	2	1	2	0	45
chr3	195523787	195524818	2	2	1	2	0	24
chr3	195524897	195529793	2	2	1	2	0	45
chr3	195708269	195708746	1	1	1	1	0	22
chr3	195867017	195867168	2	2	1	1	0	8
chr3	195985790	195986518	2	2	1	1	0	6
chr3	196053559	196055079	2	2	1	1	0	22
chr3	196067658	196068031	2	2	1	1	0	34
chr3	196071499	196072002	2	2	1	1	0	37
chr3	196077123	196082042	2	2	1	2	0	40
chr3	196291375	196296005	2	2	1	1	0	12
chr3	196296070	196306942	2	2	1	1	0	30
chr3	196316843	196317422	2	2	1	0	1	34
chr3	196316847	196317109	2	2	1	1	0	24
chr3	196316974	196317321	2	2	1	1	0	26
chr3	196317219	196317422	2	2	1	0	1	34
chr3	196483892	196487398	2	2	1	1	0	4
chr3	196487579	196488606	2	2	1	2	0	12
chr3	196488684	196502872	2	2	1	3	0	41
chr3	196631646	196632387	2	2	1	1	0	37
chr3	196806687	196807781	1	1	1	3	0	36
chr3	196923552	196927795	1	1	1	1	0	19
chr3	196927880	196929632	1	1	1	1	0	7
chr3	196937083	196937509	2	2	1	2	0	30
chr3	197059999	197065275	2	2	1	1	0	40
chr3	197138392	197140139	2	2	1	2	0	18
chr3	197511685	197511891	2	2	1	1	0	16
chr3	197514417	197522639	2	2	1	2	0	28
chr3	197750075	197756425	1	1	1	1	0	22
chr3	197768588	197770131	1	1	1	2	0	25
chr3	197829674	197830769	1	1	1	1	0	22
chr3	197835823	197839320	1	1	1	1	0	29
chr3	197932303	197938547	2	2	1	2	0	45
chr3	197950222	197950935	1	1	1	1	0	27
chr3	197950979	197951158	1	1	1	3	0	22
chr3	197951312	197954002	1	1	1	113	0	46
chr3	197954148	197955749	1	1	1	489	0	45
chr3	197974475	197975041	1	1	1	1	0	37
chr4	67987	83507	2	4	1	1	0	40
chr4	131506	160911	1	1	1	1	0	26
chr4	247203	247226	1	1	1	3	0	38
chr4	295534	296028	2	2	1	2	0	16
chr4	344431	372663	1	1	1	1	0	38
chr4	672520	673302	2	2	1	210	0	46
chr4	673402	673911	2	2	1	73	0	45
chr4	673402	674211	2	2	1	1	0	8
chr4	673967	674211	2	2	1	27	0	44
chr4	765065	766031	1	1	1	1	0	39
chr4	849775	849891	2	2	1	1	0	4
chr4	868686	870710	2	2	1	1	0	39
chr4	891089	894878	1	3	1	1	0	28
chr4	894010	896459	2	2	1	2	0	10
chr4	1212424	1212912	2	2	1	1	0	32
chr4	1694841	1696201	2	2	1	1	0	39
chr4	1696352	1699563	2	2	1	1	0	6
chr4	1711991	1712129	2	2	1	1	0	28
chr4	1716100	1718189	2	4	1	1	0	37
chr4	1721644	1723420	1	1	1	1	0	22
chr4	1737329	1737597	1	1	1	2	0	36
chr4	1739779	1739958	1	1	1	4	0	31
chr4	1740003	1740825	1	1	1	1	0	35
chr4	1744625	1744711	1	1	1	2	0	18
chr4	1744833	1744947	1	1	1	6	0	29
chr4	1918624	1930625	1	1	1	5	0	34
chr4	1946315	1949715	1	1	1	1	0	27
chr4	1955850	1955982	1	1	1	1	0	33
chr4	2042485	2042735	1	1	1	1	0	11
chr4	2042825	2043860	1	1	1	7	0	34
chr4	2174752	2176265	2	4	1	1	0	39
chr4	2232161	2236227	2	2	1	2	0	37
chr4	2646833	2655057	1	1	1	1	0	20
chr4	2693875	2694945	1	1	1	1	0	38
chr4	2742521	2744386	2	2	1	1	0	24
chr4	2747946	2756013	2	2	1	1	0	3
chr4	2948409	2949933	2	2	1	1	0	41
chr4	2953646	2954423	2	2	1	1	0	24
chr4	3007829	3009647	1	1	1	1	0	29
chr4	3173132	3174720	1	1	1	1	0	28
chr4	4039671	4039804	1	3	1	1	0	32
chr4	4268024	4268529	2	2	1	2	0	29
chr4	4268616	4273582	2	2	1	1	0	38
chr4	4273670	4274366	2	2	1	1	0	20
chr4	4274770	4279446	2	2	1	3	0	29
chr4	4661518	4661605	2	2	1	1	0	21
chr4	5831111	5831243	1	1	1	1	0	41
chr4	5843162	5849391	2	2	1	1	0	9
chr4	6642075	6642577	2	2	1	2	0	44
chr4	6708644	6709230	2	2	1	2	0	36
chr4	6857231	6858424	1	1	1	1	0	24
chr4	7061209	7062384	2	2	1	1	0	33
chr4	7062467	7064060	2	2	1	1	0	37
chr4	9612823	9627016	2	2	1	0	2	3
chr4	10074655	10074812	2	2	1	2	0	36
chr4	10077449	10077752	2	2	1	1	0	25
chr4	10081445	10083021	2	2	1	1	0	30
chr4	11066944	11102159	1	1	1	1	0	27
chr4	13455307	13455421	1	1	1	1	0	26
chr4	13577632	13579927	2	2	1	1	0	22
chr4	13579974	13581019	2	2	1	2	0	24
chr4	13581055	13581131	2	2	1	2	0	35
chr4	13581208	13582236	2	2	1	1	0	4
chr4	13582737	13586395	2	2	1	4	0	45
chr4	13586476	13587698	2	2	1	1	0	3
chr4	13597169	13598945	2	2	1	1	0	44
chr4	13605085	13607116	2	2	1	10	0	44
chr4	13607190	13608529	2	2	1	4	0	32
chr4	13608669	13609294	2	2	1	4	0	28
chr4	13609407	13610933	2	2	1	4	0	37
chr4	13611101	13613511	2	2	1	1	0	35
chr4	13613662	13614195	2	2	1	2	0	34
chr4	15516005	15516624	1	1	1	1	0	29
chr4	15686463	15687000	1	1	1	1	0	38
chr4	16810567	16810726	1	1	1	1	0	30
chr4	17504476	17509270	2	2	1	1	0	35
chr4	17588978	17595409	1	1	1	1	0	40
chr4	17823124	17823646	1	1	1	1	0	11
chr4	17825562	17828277	1	1	1	1	0	12
chr4	17828389	17830996	1	1	1	1	0	8
chr4	17831117	17834298	1	1	1	1	0	9
chr4	17839838	17840070	1	1	1	3	0	30
chr4	17840694	17842309	1	1	1	2	0	28
chr4	17842380	17843301	1	1	1	4	0	39
chr4	19594322	19602733	2	2	1	0	1	21
chr4	22436642	22438255	2	2	1	1	0	28
chr4	22726479	22726540	1	1	1	8	0	35
chr4	24529771	24532863	2	2	1	3	0	13
chr4	24542023	24542939	2	2	1	1	0	37
chr4	24570848	24576242	2	2	1	1	0	6
chr4	24576679	24584322	2	2	1	2	0	15
chr4	25026940	25028506	2	2	1	1	0	9
chr4	25028579	25030496	2	2	1	1	0	11
chr4	25144866	25145003	2	2	1	1	0	31
chr4	25377557	25380373	1	1	1	1	0	11
chr4	25403027	25405572	1	1	1	1	0	35
chr4	25405620	25406828	1	1	1	1	0	10
chr4	25413743	25414323	1	1	1	2	0	20
chr4	25416599	25417615	1	1	1	1	0	38
chr4	25756125	25757533	2	2	1	1	0	36
chr4	25757791	25758940	2	2	1	0	1	3
chr4	25802463	25804540	2	2	1	1	0	25
chr4	26321049	26386352	1	1	1	1	0	9
chr4	26362629	26386352	1	1	1	4	0	37
chr4	26386392	26406174	1	1	1	13	0	39
chr4	26406271	26415474	1	1	1	7	0	42
chr4	26424480	26424630	1	1	1	1	0	36
chr4	26861370	26919503	1	1	1	1	0	6
chr4	27003105	27007532	1	1	1	2	0	37
chr4	30874102	30874560	1	1	1	0	2	31
chr4	38931613	38932234	1	1	1	1	0	16
chr4	39194660	39199477	1	1	1	1	0	6
chr4	39216014	39216095	1	1	1	1	0	14
chr4	39288845	39289847	2	2	1	2	0	32
chr4	39290040	39291638	2	2	1	4	0	22
chr4	39309033	39311444	2	2	1	3	0	32
chr4	39311550	39312751	2	2	1	8	0	35
chr4	39320670	39321286	2	2	1	2	0	45
chr4	39321375	39323339	2	2	1	2	0	16
chr4	39323418	39326562	2	2	1	1	0	25
chr4	39327757	39342344	2	2	1	5	0	30
chr4	39351477	39366238	2	2	1	5	0	41
chr4	39454226	39454532	2	2	1	384	0	45
chr4	39454650	39454863	2	2	1	146	3	44
chr4	39454930	39456405	2	2	1	0	1	3
chr4	39454945	39456405	2	2	1	2	9	19
chr4	39456539	39457585	2	2	1	0	8	30
chr4	39457682	39458193	2	2	1	7	0	33
chr4	39458310	39458393	2	2	1	1	0	9
chr4	39458441	39458890	2	2	1	1	0	17
chr4	39698391	39737419	1	1	1	3	0	38
chr4	39755740	39774833	1	1	1	1	0	18
chr4	39760067	39760652	2	2	1	1	0	29
chr4	39774934	39777681	1	1	1	2	0	40
chr4	39777811	39778359	1	1	1	4	0	43
chr4	39838209	39841947	2	2	1	3	0	15
chr4	39842057	39844655	2	4	1	2	0	41
chr4	39913727	39917047	2	2	1	1	0	37
chr4	40073552	40097226	1	1	1	1	0	10
chr4	40103219	40106899	1	1	1	1	0	5
chr4	40118025	40119931	1	1	1	7	0	37
chr4	40123213	40124159	1	1	1	1	0	26
chr4	40124206	40126133	1	1	1	1	0	20
chr4	40126331	40131800	1	1	1	1	0	29
chr4	40152904	40154191	1	1	1	2	0	44
chr4	40595628	40634405	2	2	1	1	0	26
chr4	40825971	40827131	2	2	1	1	0	33
chr4	40830578	40890363	2	2	1	1	0	20
chr4	41257738	41260646	1	1	1	2	0	27
chr4	41260798	41261714	1	1	1	1	0	6
chr4	41261801	41261875	1	1	1	1	0	30
chr4	41263292	41264102	1	1	1	2	0	37
chr4	41264162	41267986	1	1	1	1	0	18
chr4	41268184	41268256	2	2	1	2	0	46
chr4	41944927	41949301	1	1	1	1	0	12
chr4	42018171	42020415	1	1	1	1	0	28
chr4	42020516	42022837	1	1	1	2	0	35
chr4	42022931	42023301	1	1	1	1	0	19
chr4	42070692	42075656	1	1	1	1	0	6
chr4	42120295	42125582	2	2	1	2	0	45
chr4	47875294	47878524	2	2	1	2	0	22
chr4	47878666	47879095	2	2	1	1	0	22
chr4	47879118	47884345	2	2	1	1	0	22
chr4	47910995	47913968	2	2	1	1	0	4
chr4	48567421	48570826	2	2	1	2	0	14
chr4	48850083	48851805	1	1	1	2	0	39
chr4	48851976	48857212	1	1	1	4	0	14
chr4	48857366	48860724	1	1	1	1	0	11
chr4	48885566	48892771	2	2	1	30	0	45
chr4	48885566	48894005	2	2	1	1	0	39
chr4	48894054	48897803	2	2	1	3	0	42
chr4	48897858	48899828	2	2	1	1	0	30
chr4	48899926	48904483	2	2	1	3	0	12
chr4	48904612	48906657	2	2	1	2	0	44
chr4	51863508	51863669	1	1	1	1	0	13
chr4	51863710	51874270	1	1	1	2	0	39
chr4	52029864	52033430	2	2	1	1	0	20
chr4	52031962	52033430	2	2	1	1	0	20
chr4	52751424	52752033	1	1	1	1	0	10
chr4	52874062	52885746	2	2	1	2	0	35
chr4	53201945	53214571	1	1	1	1	0	41
chr4	53379118	53379224	1	1	1	1	0	34
chr4	53379265	53382277	1	1	1	1	0	18
chr4	53391140	53391429	1	1	1	2	0	23
chr4	53453134	53458652	1	1	1	4	0	42
chr4	53458791	53459301	1	1	1	7	0	41
chr4	54013897	54014062	2	2	1	1	0	22
chr4	55115043	55115280	2	2	1	1	0	20
chr4	55411840	55417071	1	1	1	1	0	6
chr4	55413211	55413546	2	2	1	2	0	46
chr4	55424644	55425375	1	1	1	1	0	37
chr4	55444786	55448778	2	2	1	2	0	20
chr4	55595412	55599141	2	2	1	8	0	36
chr4	55599182	55600521	2	2	1	5	0	42
chr4	55600576	55605274	2	2	1	2	0	28
chr4	55609180	55616337	2	2	1	1	0	35
chr4	55896901	55899684	1	1	1	2	0	19
chr4	55902539	55904342	1	1	1	1	0	40
chr4	55953276	55954215	1	1	1	1	0	18
chr4	55959767	55964273	1	1	1	1	0	33
chr4	55964403	55965643	1	1	1	1	0	24
chr4	55980296	55981226	1	1	1	1	0	30
chr4	55981380	55985280	1	1	1	2	0	23
chr4	55999418	55999490	1	1	1	2	0	46
chr4	55999646	56008326	1	1	1	2	0	17
chr4	56008383	56009734	1	1	1	1	0	31
chr4	56009904	56011411	1	1	1	2	0	21
chr4	56049300	56179283	1	1	1	1	0	26
chr4	56179431	56272320	1	1	1	1	0	33
chr4	56378465	56382476	2	2	1	1	0	33
chr4	56395549	56396618	2	2	1	1	1	38
chr4	56396740	56399178	2	2	1	1	0	8
chr4	56399401	56400783	2	2	1	1	0	36
chr4	56403186	56403288	2	2	1	5	0	40
chr4	56403402	56406494	2	2	1	1	0	13
chr4	56446874	56448417	1	1	1	2	0	10
chr4	56448598	56448709	1	1	1	1	0	44
chr4	56448824	56450618	1	1	1	3	0	36
chr4	56450703	56451871	1	1	1	1	0	24
chr4	56452053	56453602	1	1	1	1	0	38
chr4	56453762	56459371	1	1	1	3	0	45
chr4	56476703	56478378	1	1	1	3	0	33
chr4	56478504	56478591	1	1	1	3	0	22
chr4	56478650	56483138	1	1	1	1	0	13
chr4	56490437	56490567	1	1	1	3	0	30
chr4	56490646	56491430	1	1	1	20	0	45
chr4	56491569	56495356	1	1	1	2	0	22
chr4	56500696	56501683	1	1	1	9	0	44
chr4	57011101	57015501	1	1	1	1	0	27
chr4	57022247	57023329	1	1	1	1	0	18
chr4	57024113	57024885	1	1	1	1	0	12
chr4	57025000	57025376	1	1	1	1	0	12
chr4	57030400	57030898	1	1	1	1	0	3
chr4	61420033	61420638	2	2	1	1	0	45
chr4	61752176	61769394	2	2	1	1	0	42
chr4	66322765	66335771	2	2	1	2	0	20
chr4	67492998	67493883	2	2	1	2	0	20
chr4	67518369	67519216	2	2	1	1	0	28
chr4	67519503	67530814	2	2	1	1	0	45
chr4	67530915	67539839	2	2	1	3	0	45
chr4	67619133	67622830	2	2	1	2	0	45
chr4	67635559	67638942	2	2	1	1	0	44
chr4	68314324	68316313	2	2	1	2	0	4
chr4	68320206	68322748	2	2	1	1	0	19
chr4	68337901	68338282	2	2	1	2	0	25
chr4	68338385	68349725	2	2	1	5	0	40
chr4	70768662	70773510	1	1	1	1	0	18
chr4	70773573	70775167	1	1	1	1	0	12
chr4	70775234	70778368	1	1	1	2	0	41
chr4	70778439	70783090	1	1	1	1	0	5
chr4	70789593	70793784	1	1	1	4	0	44
chr4	70793905	70794794	1	1	1	2	0	17
chr4	70820862	70824293	2	2	1	12	0	38
chr4	70824369	70825295	2	2	1	1	0	9
chr4	70825432	70826123	2	2	1	3	0	28
chr4	70828037	70831538	2	2	1	4	0	41
chr4	71026756	71029351	1	1	1	1	0	19
chr4	73056836	73065249	2	2	1	1	0	36
chr4	73098521	73102375	2	2	1	5	0	29
chr4	73102548	73113791	2	2	1	12	0	43
chr4	73113909	73115820	2	2	1	19	0	46
chr4	73115917	73118687	2	2	1	3	0	30
chr4	73118851	73120161	2	2	1	1	0	16
chr4	73140284	73141740	2	2	1	4	0	45
chr4	73455291	73455630	1	1	1	1	0	40
chr4	75556150	75563209	1	1	1	0	1	3
chr4	75600370	75603816	2	2	1	1	0	6
chr4	75646457	75647028	2	2	1	2	0	19
chr4	75647158	75648638	2	2	1	2	0	34
chr4	75657015	75657556	2	2	1	3	0	36
chr4	75657731	75658842	2	2	1	1	0	27
chr4	75724886	75752372	1	1	1	1	0	18
chr4	75752460	75752539	1	1	1	2	0	15
chr4	75752605	75757496	1	1	1	2	0	12
chr4	75770925	75771081	1	1	1	1	0	22
chr4	75771138	75774675	1	1	1	2	0	19
chr4	75790239	75790642	1	1	1	1	0	6
chr4	75800470	75800617	1	1	1	3	0	38
chr4	75800800	75801078	1	1	1	4	0	29
chr4	75805304	75806485	1	1	1	1	0	17
chr4	75810540	75812159	1	1	1	2	0	39
chr4	75812376	75813205	1	1	1	3	0	41
chr4	75916550	75918760	2	2	1	1	0	29
chr4	75918790	75919908	2	2	1	1	0	21
chr4	75950798	75955974	2	2	1	2	0	24
chr4	75956137	75957324	2	2	1	2	0	36
chr4	75957410	75957517	2	2	1	3	0	43
chr4	75960193	75961027	2	2	1	2	0	19
chr4	75961105	75961210	2	2	1	3	0	43
chr4	75971459	75973316	2	2	1	17	0	45
chr4	75973392	75974075	2	2	1	11	0	42
chr4	75974134	75975743	2	2	1	3	0	40
chr4	75975845	75975923	2	2	1	2	0	33
chr4	75977757	75981371	2	2	1	1	0	43
chr4	75982038	75990751	2	2	1	1	0	19
chr4	76115495	76117663	2	2	1	1	0	19
chr4	76124757	76130655	2	2	1	2	0	17
chr4	76130750	76131229	2	2	1	1	0	3
chr4	76263844	76268659	1	1	1	2	0	42
chr4	76949931	76996424	1	1	1	1	0	33
chr4	77020671	77028628	1	1	1	6	0	42
chr4	77028762	77030782	1	1	1	10	0	35
chr4	77048663	77055961	2	2	1	1	0	44
chr4	77548118	77548279	1	1	1	0	1	32
chr4	77744876	77748315	2	2	1	1	0	21
chr4	77862880	77871743	1	1	1	1	0	41
chr4	77871856	77883241	1	1	1	7	0	33
chr4	77887292	77894138	1	1	1	3	0	20
chr4	77894251	77909265	1	1	1	1	0	36
chr4	77909373	77949796	1	1	1	1	0	30
chr4	78337818	78354765	1	1	1	1	0	40
chr4	78432605	78438569	1	1	1	1	0	3
chr4	78513553	78515798	1	1	1	1	0	28
chr4	78597415	78601509	1	1	1	1	0	31
chr4	78866771	78867058	2	4	1	3	0	34
chr4	79530327	79553911	2	2	1	1	0	10
chr4	82354155	82354894	2	2	1	1	0	40
chr4	82354155	82355303	2	2	1	19	0	44
chr4	82355402	82356536	2	2	1	2	0	44
chr4	82355402	82356795	2	2	1	6	0	44
chr4	82356896	82357312	2	2	1	8	0	37
chr4	82357445	82358658	2	2	1	20	0	45
chr4	82358821	82359470	2	2	1	9	0	46
chr4	82359640	82371527	2	2	1	4	0	24
chr4	82359640	82373445	2	2	1	2	0	29
chr4	82371585	82373445	2	2	1	1	0	23
chr4	82373493	82373515	2	4	1	1	0	39
chr4	82424758	82426567	2	2	1	1	0	44
chr4	82424884	82426036	2	2	1	16	0	45
chr4	82426130	82426462	2	2	1	6	0	29
chr4	82427305	82427432	2	2	1	2	0	37
chr4	82427565	82428017	2	2	1	3	0	44
chr4	82428180	82428277	2	2	1	12	0	45
chr4	82428447	82429247	2	2	1	1	0	31
chr4	82457039	82459980	1	1	1	1	0	45
chr4	82857131	82857688	2	2	1	1	0	29
chr4	82862573	82863317	2	2	1	1	0	19
chr4	82863393	82864361	2	2	1	3	0	14
chr4	82864599	82866807	2	2	1	2	0	25
chr4	83045706	83049165	1	1	1	2	0	37
chr4	83068523	83075296	1	1	1	2	0	19
chr4	83264364	83267585	2	2	1	1	0	21
chr4	83301107	83302149	2	2	1	1	0	28
chr4	83456959	83458345	1	1	1	5	0	42
chr4	83458430	83459739	1	1	1	1	0	4
chr4	83458430	83460972	1	1	1	0	2	3
chr4	83459798	83460972	1	1	1	18	2	41
chr4	83461033	83461120	1	1	1	52	2	46
chr4	83461234	83462079	1	1	1	1	0	14
chr4	83463609	83467453	2	2	1	2	0	19
chr4	83467539	83469031	2	2	1	2	0	12
chr4	84645326	84648556	1	1	1	1	0	24
chr4	84715384	84716895	2	2	1	1	0	11
chr4	84736328	84737183	2	2	1	1	0	11
chr4	84897011	84898451	2	2	1	1	0	41
chr4	86732767	86734302	1	1	1	1	0	7
chr4	86765489	86766431	1	1	1	1	0	13
chr4	86766518	86767816	1	1	1	1	0	19
chr4	86770200	86771170	1	1	1	2	0	18
chr4	86785369	86785847	1	1	1	2	0	12
chr4	86805370	86807559	1	1	1	1	0	32
chr4	86933543	86935987	2	2	1	1	0	15
chr4	86935241	86948497	1	1	1	1	0	30
chr4	87195691	87220417	2	2	1	1	0	21
chr4	87441916	87449141	1	1	1	1	0	15
chr4	87449254	87451588	1	1	1	1	0	37
chr4	87451736	87454370	1	1	1	1	0	21
chr4	88058104	88061905	1	1	1	1	0	6
chr4	88504416	88504494	1	1	1	1	0	27
chr4	88522030	88523497	2	2	1	1	0	40
chr4	88906463	88938087	2	2	1	2	0	17
chr4	92263351	92269242	2	2	1	3	0	20
chr4	92263356	92269242	2	2	1	2	0	38
chr4	92263356	92277049	2	2	1	1	0	41
chr4	94237019	94240905	1	1	1	1	0	35
chr4	94250834	94252615	1	1	1	1	0	19
chr4	94277160	94278421	1	1	1	2	0	24
chr4	94278518	94278615	1	1	1	2	0	38
chr4	94278734	94278922	1	1	1	1	0	4
chr4	94283304	94284959	1	1	1	1	0	37
chr4	94285070	94289472	1	1	1	1	0	34
chr4	94657548	94662421	1	1	1	1	0	9
chr4	98887953	98891236	2	2	1	1	0	8
chr4	99057819	99061153	1	1	1	3	0	38
chr4	99072442	99072572	2	2	1	4	0	27
chr4	99072712	99074913	2	2	1	9	0	41
chr4	99075050	99076291	2	2	1	1	0	10
chr4	99204432	99274124	1	1	1	1	0	15
chr4	99885676	99887295	2	2	1	1	0	46
chr4	99903899	99905596	2	2	1	2	0	33
chr4	99905707	99906516	2	2	1	3	0	33
chr4	99923186	99930449	2	2	1	1	0	3
chr4	99948524	99948810	2	2	1	3	1	30
chr4	99948941	99949272	2	2	1	1	0	17
chr4	99949387	99949662	2	2	1	1	0	14
chr4	101061162	101063231	2	2	1	1	0	29
chr4	101099723	101108953	2	2	1	1	0	21
chr4	101105298	101106211	2	2	1	1	0	40
chr4	102797461	102799406	2	2	1	18	2	46
chr4	102799501	102801453	2	2	1	2	0	41
chr4	102801560	102802560	2	4	1	2	0	39
chr4	102802639	102809671	2	2	1	1	0	18
chr4	102826637	102827591	2	4	1	1	0	31
chr4	102885431	102887340	1	1	1	3	0	28
chr4	103065769	103066326	2	2	1	2	0	36
chr4	103079756	103082080	2	2	1	2	0	28
chr4	103085463	103086479	2	2	1	2	0	15
chr4	103111012	103114454	2	2	1	2	0	43
chr4	103116690	103120147	2	2	1	3	0	36
chr4	103123090	103132692	2	2	1	7	0	36
chr4	103133893	103136140	2	2	1	2	0	17
chr4	103140415	103140813	2	2	1	3	0	42
chr4	103141105	103141749	2	2	1	3	0	32
chr4	103141909	103143247	2	2	1	2	0	46
chr4	103143407	103144330	2	2	1	1	0	34
chr4	103145335	103145522	2	2	1	1	0	32
chr4	103149409	103151218	2	2	1	8	0	44
chr4	103151378	103153046	2	2	1	4	0	45
chr4	103159325	103160624	2	2	1	2	0	45
chr4	103160780	103161085	2	2	1	1	0	26
chr4	103161252	103161334	2	2	1	1	0	11
chr4	103163257	103174735	2	2	1	1	0	19
chr4	103174904	103175959	2	2	1	3	0	34
chr4	103176049	103176898	2	2	1	10	0	39
chr4	103180470	103181336	2	2	1	1	0	43
chr4	104472367	104490743	2	2	1	3	0	34
chr4	104475256	104490743	2	2	1	2	0	20
chr4	105369754	105370836	2	2	1	18	0	37
chr4	105370874	105386566	2	2	1	6	0	37
chr4	105392548	105404957	2	2	1	0	1	26
chr4	105424323	105437949	2	2	1	1	0	34
chr4	105703024	105703647	2	2	1	1	0	33
chr4	106262213	106295093	2	2	1	2	0	27
chr4	106325119	106327450	1	1	1	3	0	42
chr4	106327565	106328075	1	1	1	4	0	42
chr4	108620601	108621950	1	1	1	5	0	24
chr4	108620713	108621950	1	1	1	2	0	16
chr4	108620946	108621950	1	1	1	1	0	45
chr4	108622025	108622104	1	1	1	39	0	46
chr4	108622205	108622514	1	1	1	271	1	46
chr4	108622619	108625127	1	1	1	1307	0	45
chr4	108655658	108657449	1	1	1	1	0	31
chr4	108657648	108667246	1	1	1	1	0	12
chr4	109684647	109685250	1	1	1	1	0	43
chr4	109685368	109687514	1	1	1	2	0	33
chr4	109818091	109819000	1	1	1	1	0	33
chr4	109822489	109823964	1	1	1	2	0	34
chr4	110191031	110192005	2	2	1	1	0	40
chr4	112232175	112253207	1	1	1	2	0	17
chr4	112253257	112254746	1	1	1	2	0	27
chr4	112254774	112257771	1	1	1	1	0	21
chr4	112539690	112539862	2	2	1	1	0	8
chr4	112540125	112540820	2	2	1	1	0	13
chr4	112606092	112609378	2	2	1	1	0	27
chr4	112646672	112646790	1	1	1	1	0	44
chr4	112646956	112647033	1	1	1	4	0	28
chr4	112646969	112647414	2	2	1	12	0	44
chr4	112646969	112648653	2	2	1	2	0	29
chr4	112647128	112647198	1	1	1	1	0	42
chr4	112647468	112648653	2	2	1	4	0	38
chr4	112647550	112647689	1	1	1	5	0	41
chr4	112647835	112649534	1	1	1	8	0	42
chr4	112653237	112654067	1	1	1	2	0	40
chr4	112654160	112657246	1	1	1	1	0	24
chr4	113336058	113336576	1	1	1	1	0	31
chr4	113552097	113609151	2	2	1	1	0	31
chr4	113609207	113661712	2	2	1	1	0	6
chr4	118279138	118279388	1	1	1	2	0	27
chr4	118279432	118279623	1	1	1	8	0	42
chr4	118478726	118478821	1	1	1	0	1	15
chr4	118685601	118687922	1	1	1	1	0	27
chr4	118688012	118689369	1	1	1	2	0	38
chr4	118732913	118738260	2	2	1	1	0	35
chr4	118744159	118744943	2	2	1	1	0	12
chr4	118745061	118751995	2	2	1	1	0	27
chr4	119217674	119239217	1	1	1	1	0	36
chr4	119511135	119519044	2	2	1	2	0	28
chr4	120060291	120060873	2	2	1	1	0	20
chr4	120781304	120784997	2	2	1	1	0	44
chr4	121683478	121684676	2	2	1	3	0	29
chr4	121686373	121696580	2	2	1	3	0	35
chr4	121696625	121696862	2	2	1	1	0	13
chr4	121804760	121811582	1	1	1	1	0	41
chr4	121807623	121809966	1	1	1	2	0	39
chr4	121810100	121811582	1	1	1	3	0	31
chr4	121811672	121813233	1	1	1	1	0	40
chr4	121814048	121816368	1	1	1	8	0	44
chr4	121816195	121816368	1	1	1	1	0	40
chr4	121816448	121816771	1	1	1	21	0	42
chr4	121817687	121818043	2	2	1	2	0	38
chr4	121818178	121818799	2	2	1	2	0	41
chr4	121818914	121819371	2	2	1	2	0	30
chr4	121820766	121820978	2	2	1	1	0	17
chr4	121861680	121863216	2	2	1	1	0	21
chr4	122152585	122154024	1	1	1	1	0	6
chr4	122187513	122187894	1	1	1	1	0	18
chr4	122192380	122196634	1	1	1	1	0	11
chr4	122211096	122219339	1	1	1	2	0	34
chr4	122230212	122234772	1	1	1	1	0	7
chr4	122304984	122305876	1	1	1	1	0	34
chr4	122350075	122352903	1	1	1	1	0	33
chr4	122876425	122892210	1	1	1	1	0	32
chr4	122912624	122917500	2	2	1	2	0	39
chr4	122929198	122933438	1	1	1	1	0	29
chr4	122933498	122934096	1	1	1	1	0	4
chr4	122934739	122935713	1	1	1	1	0	43
chr4	123396933	123397610	1	1	1	1	0	13
chr4	124667515	124668983	2	2	1	1	0	32
chr4	127633181	127643520	1	1	1	2	0	32
chr4	127808130	127811436	1	1	1	2	0	37
chr4	127896908	127898438	1	1	1	4	0	42
chr4	128061226	128074459	1	1	1	1	0	45
chr4	128061402	128074459	1	1	1	4	0	43
chr4	128062220	128074459	1	1	1	1	0	14
chr4	128074519	128074933	1	1	1	3	0	34
chr4	128091513	128098185	1	1	1	1	0	41
chr4	128292490	128292933	1	1	1	1	0	29
chr4	128486834	128486967	2	2	1	1	0	14
chr4	128936852	128942995	2	2	1	1	0	13
chr4	128948571	128952768	2	2	1	1	0	20
chr4	128959778	128965226	2	2	1	1	0	17
chr4	128997940	128999671	2	2	1	1	0	39
chr4	139062058	139067683	2	2	1	1	0	16
chr4	139290093	139292529	2	2	1	56	0	45
chr4	139292610	139295042	2	2	1	11	0	44
chr4	139295147	139295731	2	2	1	2	0	5
chr4	139351287	139351504	1	1	1	2	0	33
chr4	139360629	139361723	1	1	1	2	0	20
chr4	139361938	139370210	1	1	1	35	0	41
chr4	140060139	140060273	1	1	1	1	0	37
chr4	140373718	140379120	1	1	1	1	0	25
chr4	140379193	140379568	1	1	1	1	0	18
chr4	140379653	140380961	1	1	1	1	0	39
chr4	140392712	140393825	2	2	1	1	0	45
chr4	140525571	140527465	1	1	1	2	0	29
chr4	140527495	140535732	1	1	1	1	0	29
chr4	140543587	140543716	1	1	1	1	0	39
chr4	140543587	140550229	1	1	1	1	0	14
chr4	140686463	140701503	2	2	1	1	0	41
chr4	141232643	141233714	1	1	1	1	0	37
chr4	143514102	143517354	1	1	1	2	0	33
chr4	143517430	143521428	1	1	1	2	0	44
chr4	143526461	143527867	1	1	1	3	0	30
chr4	143538939	143540362	1	1	1	2	0	15
chr4	143540496	143543508	1	1	1	1	0	5
chr4	143543658	143543852	1	1	1	16	0	46
chr4	143543973	143544736	1	1	1	7	0	45
chr4	143544848	143545469	1	1	1	10	0	45
chr4	143545584	143545924	1	1	1	5	0	40
chr4	143546048	143546775	1	1	1	7	0	36
chr4	143546909	143547384	1	1	1	5	0	45
chr4	143547504	143547927	1	1	1	12	0	44
chr4	143548141	143549996	1	1	1	7	0	46
chr4	143550105	143553118	1	1	1	7	0	44
chr4	143560149	143572412	1	1	1	1	0	31
chr4	144995604	145081659	2	2	1	1	0	39
chr4	145098420	145104385	1	1	1	1	0	34
chr4	145104516	145105604	1	1	1	1	0	10
chr4	145112329	145117292	1	1	1	0	2	18
chr4	145117415	145119931	1	1	1	8	0	43
chr4	145125102	145127525	1	1	1	1	0	12
chr4	145174745	145179814	2	2	1	1	0	23
chr4	145779512	145823421	2	2	1	2	0	36
chr4	145812438	145823421	2	2	1	1	0	13
chr4	146175812	146182911	1	1	1	1	0	16
chr4	146183016	146187273	1	1	1	2	0	39
chr4	146187388	146189621	1	1	1	2	0	20
chr4	146463966	146469911	1	1	1	1	0	42
chr4	147822823	147822895	1	1	1	1	0	41
chr4	150806405	150808319	2	2	1	3	0	29
chr4	151099715	151100484	1	1	1	7	0	38
chr4	151100589	151100974	1	1	1	5	0	40
chr4	151101163	151102870	1	1	1	0	5	14
chr4	151103080	151104176	1	1	1	7	33	43
chr4	151104287	151104471	1	1	1	409	3	44
chr4	151132384	151133033	2	2	1	1	0	6
chr4	151133237	151135073	2	2	1	1	0	11
chr4	152314292	152314786	2	2	1	1	0	46
chr4	152872565	152880962	1	1	1	1	0	44
chr4	152963131	152964904	1	1	1	1	0	19
chr4	153257608	153275892	1	1	1	1	0	37
chr4	153358623	153394261	1	1	1	1	0	10
chr4	153394337	153397218	1	1	1	1	0	4
chr4	153397334	153408970	1	1	1	1	0	8
chr4	153409016	153414750	1	1	1	1	0	39
chr4	153612401	153620755	1	1	1	3	0	30
chr4	153785945	153788333	2	2	1	3	0	5
chr4	153952146	154027424	1	1	1	2	0	31
chr4	154536745	154537285	2	2	1	3	0	40
chr4	154548936	154550299	2	2	1	1	0	32
chr4	155352729	155352911	2	2	1	9	0	33
chr4	155353058	155353178	2	2	1	6	0	39
chr4	155353341	155355070	2	2	1	2	0	22
chr4	155355161	155355715	2	2	1	4	0	34
chr4	155355885	155357448	2	2	1	1	0	9
chr4	155796511	155799876	1	1	1	1	0	45
chr4	158710849	158713118	2	2	1	2	0	33
chr4	158713261	158715296	2	2	1	1	0	42
chr4	158719287	158721342	2	2	1	2	0	36
chr4	159322484	159323458	1	1	1	1	0	8
chr4	159323618	159329857	1	1	1	2	0	13
chr4	159331539	159331629	1	1	1	1	0	8
chr4	159332035	159332450	1	1	1	1	0	33
chr4	163137251	163140222	2	2	1	1	0	39
chr4	163494805	163507032	1	1	1	4	0	45
chr4	163507146	163512821	1	1	1	3	0	40
chr4	163514159	163515312	1	1	1	1	0	14
chr4	163515462	163517433	1	1	1	2	0	31
chr4	163517477	163519333	1	1	1	2	0	14
chr4	165314167	165317825	1	1	1	2	0	36
chr4	166716724	166725235	1	1	1	1	0	38
chr4	169002206	169006754	2	2	1	1	0	22
chr4	169007757	169008951	2	2	1	1	0	9
chr4	169507793	169508247	2	2	1	2	0	34
chr4	169537912	169555719	2	2	1	1	0	9
chr4	169561892	169562136	2	2	1	2	0	42
chr4	169562197	169576927	2	2	1	1	0	6
chr4	169577080	169580841	2	2	1	2	0	40
chr4	169636089	169680049	1	1	1	1	0	39
chr4	169680208	169687657	1	1	1	1	0	9
chr4	169729710	169731703	2	2	1	2	0	36
chr4	169742108	169748743	2	2	1	5	0	44
chr4	169748843	169750535	2	2	1	6	0	45
chr4	173168962	173247979	1	1	1	1	0	34
chr4	173248441	173292107	1	1	1	1	0	44
chr4	173318560	173321579	1	1	1	3	0	29
chr4	173332239	173332820	2	2	1	3	0	35
chr4	173332996	173333068	2	2	1	9	0	34
chr4	173333215	173333499	2	2	1	5	0	41
chr4	173369611	173370291	2	2	1	1	0	3
chr4	174310859	174316165	1	1	1	1	0	45
chr4	176324258	176327161	1	1	1	4	0	26
chr4	176327278	176328197	1	1	1	11	0	41
chr4	177436352	177437404	2	2	1	1	0	12
chr4	182581478	182581611	2	4	1	2	0	17
chr4	182752033	182753449	1	1	1	1	0	38
chr4	182891478	182893030	2	2	1	1	0	6
chr4	182915576	182917287	2	2	1	1	0	9
chr4	183208157	183208948	1	1	1	1	1	8
chr4	183209026	183240182	1	1	1	2	1	40
chr4	183240263	183245415	1	1	1	2	0	42
chr4	183248861	183249919	1	1	1	6	0	40
chr4	183249994	183253756	1	1	1	6	0	44
chr4	183269164	183271079	1	1	1	2	0	24
chr4	183271242	183280775	1	1	1	4	0	38
chr4	183312469	183315662	1	1	1	3	0	43
chr4	183649569	183650983	2	2	1	0	2	21
chr4	183685404	183686617	1	1	1	1	0	40
chr4	183693148	183693588	1	1	1	1	0	35
chr4	183694039	183694603	1	1	1	2	0	40
chr4	183708575	183712599	1	1	1	1	0	30
chr4	184418709	184419468	2	2	1	1	0	26
chr4	184629502	184631036	2	2	1	1	0	15
chr4	184631158	184631764	2	2	1	1	0	35
chr4	184697804	184700819	2	2	1	1	0	18
chr4	184702137	184702362	2	2	1	2	0	11
chr4	184702442	184710071	2	2	1	1	0	5
chr4	184710181	184712943	2	2	1	1	0	3
chr4	184716634	184717135	2	2	1	2	0	25
chr4	184717197	184724956	2	2	1	4	0	40
chr4	184725063	184728917	2	2	1	3	0	35
chr4	184729036	184730919	2	2	1	3	0	41
chr4	184730969	184734015	2	2	1	1	0	16
chr4	185145900	185146813	1	1	1	1	0	18
chr4	185191213	185203897	2	2	1	1	0	41
chr4	185400479	185403493	2	2	1	6	0	42
chr4	185415868	185418440	2	2	1	1	0	31
chr4	185471761	185472114	1	1	1	1	0	13
chr4	186598126	186599897	2	2	1	1	0	37
chr4	187999276	187999608	1	1	1	1	0	33
chr4	189940961	189940982	2	4	1	1	0	46
chr4	189941072	189943201	1	1	1	2	0	22
chr4	189955152	189957397	1	1	1	0	1	41
chr4	189959923	189960747	1	1	1	0	2	41
chr4	189960840	189961821	1	1	1	1	2	39
chr4	189961933	189963092	1	1	1	9	0	45
chr5	114553	117760	1	1	1	1	0	36
chr5	816476	816845	2	2	1	2	0	38
chr5	887472	889020	2	2	1	1	0	25
chr5	891855	892605	2	2	1	5	0	43
chr5	1461492	1461839	2	2	1	1	0	14
chr5	1477487	1479620	2	2	1	2	0	8
chr5	1597950	1598831	2	4	1	1	0	24
chr5	1723050	1723647	2	2	1	1	0	29
chr5	1801550	1802320	1	1	1	1	0	11
chr5	1802375	1814338	1	1	1	4	0	22
chr5	1814462	1815850	1	1	1	41	1	45
chr5	3694618	3696036	2	2	1	2	0	15
chr5	3696099	3698746	2	2	1	2	0	15
chr5	5423000	5436417	1	1	1	1	0	4
chr5	5441224	5443167	1	1	1	3	0	30
chr5	5443245	5444288	1	1	1	1	0	8
chr5	5444327	5447426	1	1	1	1	0	34
chr5	5468989	5473557	1	1	1	1	0	33
chr5	6600233	6602460	2	2	1	1	0	16
chr5	6633870	6651841	1	1	1	1	0	30
chr5	7414771	7422892	1	1	1	1	0	27
chr5	7707839	7709210	1	1	1	2	0	36
chr5	7709388	7712855	1	1	1	2	0	22
chr5	7712900	7717156	1	1	1	2	0	26
chr5	7865984	7866645	2	2	1	1	0	28
chr5	8457767	8459932	1	1	1	2	0	15
chr5	9318418	9337712	2	2	1	1	0	30
chr5	10213312	10213402	2	2	1	1	0	31
chr5	10256154	10258110	1	1	1	1	0	25
chr5	10258304	10258385	1	1	1	9	1	30
chr5	10258536	10260791	1	1	1	2	0	23
chr5	10260912	10261559	1	1	1	2	0	41
chr5	10262619	10263133	1	1	1	1	0	11
chr5	10263315	10264655	1	1	1	9	0	38
chr5	10397345	10400783	1	1	1	1	0	17
chr5	14378128	14381129	1	1	1	1	0	37
chr5	14389399	14390230	1	1	1	1	0	11
chr5	14471467	14472591	1	1	1	1	0	24
chr5	14480012	14481233	1	1	1	1	0	5
chr5	14488261	14492566	1	1	1	1	0	15
chr5	15748830	15749131	1	1	1	1	0	28
chr5	16451785	16453012	2	2	1	1	0	27
chr5	16702589	16702924	2	2	1	1	0	31
chr5	16703159	16704578	2	2	1	6	0	39
chr5	16704686	16710907	2	2	1	2	0	12
chr5	17217811	17275207	1	1	1	1	0	31
chr5	21461867	21466618	1	1	1	1	0	36
chr5	25284833	25298527	2	2	1	1	0	27
chr5	31401563	31405676	2	2	1	1	0	21
chr5	31405724	31406852	2	2	1	1	0	24
chr5	31515220	31521122	2	2	1	1	0	35
chr5	31530925	31531449	2	2	1	1	0	14
chr5	32274123	32276681	2	2	1	1	0	34
chr5	32276743	32312757	2	2	1	1	0	9
chr5	32397339	32400006	2	2	1	5	0	35
chr5	32400204	32403105	2	4	1	2	0	23
chr5	32404098	32406773	2	2	1	2	0	11
chr5	32407022	32414968	2	2	1	1	0	13
chr5	32585626	32588511	1	1	1	1	0	25
chr5	32588585	32591562	1	1	1	1	0	28
chr5	32599070	32601004	1	1	1	12	0	44
chr5	33445405	33448540	1	1	1	1	0	25
chr5	33455067	33455586	1	1	1	1	0	25
chr5	33457404	33458565	1	1	1	1	0	39
chr5	33461065	33461157	1	1	1	3	0	26
chr5	33461296	33461666	1	1	1	1	0	23
chr5	33462204	33463752	1	1	1	1	0	30
chr5	33463826	33466870	1	1	1	6	0	34
chr5	33466986	33467559	1	1	1	10	0	38
chr5	33485976	33487900	1	1	1	1	0	32
chr5	33751549	33881118	2	2	1	1	0	36
chr5	34803031	34803504	2	4	1	1	0	36
chr5	34826480	34829731	1	1	1	2	0	35
chr5	34911813	34913469	2	2	1	1	0	22
chr5	34914027	34914694	2	2	1	1	0	43
chr5	34918476	34919839	1	1	1	4	0	25
chr5	34919884	34922216	1	1	1	3	0	36
chr5	34922769	34923000	1	1	1	1	0	24
chr5	34924976	34925225	1	1	1	1	0	26
chr5	34936267	34937325	1	1	1	1	0	4
chr5	34941184	34944866	1	1	1	4	0	37
chr5	34945804	34950169	1	1	1	3	0	39
chr5	34954002	34954552	1	1	1	1	0	27
chr5	36051985	36064248	2	2	1	1	0	34
chr5	36177293	36183839	1	1	1	2	0	14
chr5	36961584	36962122	1	1	1	1	0	37
chr5	36971037	36971944	1	1	1	3	0	16
chr5	36986302	36995621	1	1	1	1	0	39
chr5	36995805	37000372	1	1	1	3	0	45
chr5	37008724	37010086	1	1	1	2	0	45
chr5	37019401	37020458	1	1	1	1	0	23
chr5	37044488	37044635	1	1	1	2	0	38
chr5	37057333	37058890	1	1	1	2	0	15
chr5	37245846	37247617	2	2	1	1	0	22
chr5	37292039	37292878	2	2	1	2	0	40
chr5	37292986	37294328	2	2	1	1	0	7
chr5	37294466	37298867	2	2	1	1	0	7
chr5	37298979	37299447	2	2	1	1	0	3
chr5	37302909	37303259	2	2	1	1	0	4
chr5	37309268	37310551	2	2	1	1	0	6
chr5	37310744	37314197	2	2	1	1	0	33
chr5	37379393	37379488	1	1	1	1	0	14
chr5	37379555	37381601	1	1	1	2	0	27
chr5	37479988	37516513	1	1	1	1	0	22
chr5	37701143	37702948	1	1	1	1	0	20
chr5	37727046	37752485	1	1	1	5	0	27
chr5	40832537	40834248	2	4	1	2	11	17
chr5	40832574	40833960	2	2	1	0	3	3
chr5	40832574	40834180	2	2	1	430	3	46
chr5	40834266	40834470	2	2	1	142	0	45
chr5	40834607	40835182	2	2	1	9	0	40
chr5	41564673	41565136	2	2	1	0	2	31
chr5	41807439	41840450	2	2	1	5	0	33
chr5	41842782	41850029	2	2	1	2	0	26
chr5	41907843	41909745	1	1	1	1	0	37
chr5	42759209	42762442	1	1	1	2	0	44
chr5	42762549	42769596	1	1	1	2	0	35
chr5	42769666	42779457	1	1	1	2	0	16
chr5	42779523	42783473	1	1	1	7	0	34
chr5	42783577	42796828	1	1	1	19	0	45
chr5	42799459	42799658	1	1	1	2	0	44
chr5	42807109	42808150	2	2	1	3	0	41
chr5	43122178	43123208	1	1	1	1	0	31
chr5	43123311	43139164	1	1	1	4	0	42
chr5	43173449	43174446	1	1	1	1	0	34
chr5	43289666	43290467	1	1	1	1	0	6
chr5	43294163	43294690	2	2	1	1	0	33
chr5	43295918	43297001	2	2	1	1	0	26
chr5	43508667	43509144	2	2	1	1	0	16
chr5	43527470	43529785	2	2	1	0	1	24
chr5	43529880	43533737	2	2	1	0	1	40
chr5	43534902	43535542	1	1	1	0	1	32
chr5	43534971	43535533	2	2	1	1	0	28
chr5	43536945	43538923	2	2	1	2	1	36
chr5	43547914	43555829	2	2	1	1	0	3
chr5	43613138	43615847	1	1	1	1	0	28
chr5	43702737	43704254	1	1	1	2	0	38
chr5	44812021	44813105	1	1	1	1	0	43
chr5	50405853	50410876	2	2	1	0	1	9
chr5	53100535	53101358	2	2	1	1	0	41
chr5	53101510	53102096	2	2	1	1	0	25
chr5	53485228	53485950	1	1	1	1	0	3
chr5	53560761	53603451	1	1	1	1	0	26
chr5	53646406	53658550	1	1	1	1	0	26
chr5	53658625	53683117	1	1	1	4	0	42
chr5	55273378	55274613	2	2	1	1	0	30
chr5	55283812	55285292	2	2	1	1	0	35
chr5	55285417	55285695	2	2	1	1	0	35
chr5	55290345	55294016	2	2	1	1	0	26
chr5	55294146	55295378	2	2	1	9	0	46
chr5	55295525	55296219	2	2	1	11	0	44
chr5	55297399	55298590	2	2	1	3	0	14
chr5	55298665	55307386	2	2	1	4	0	34
chr5	55308148	55322326	1	1	1	2	0	18
chr5	55345197	55347012	1	1	1	1	0	36
chr5	55366876	55378313	1	1	1	2	0	24
chr5	55414239	55415969	1	1	1	1	0	38
chr5	55416133	55422877	1	1	1	1	0	37
chr5	55422983	55424719	1	1	1	1	0	6
chr5	55635658	55645788	2	2	1	1	0	25
chr5	55941820	55942669	2	2	1	2	0	3
chr5	55942752	55947492	2	2	1	2	0	7
chr5	56928859	56930663	2	2	1	1	0	38
chr5	56935752	56937577	2	2	1	1	0	18
chr5	57128862	57169561	2	2	1	1	0	46
chr5	57214194	57221375	1	1	1	3	0	21
chr5	57214194	57230845	1	1	1	2	0	36
chr5	57221397	57230845	1	1	1	3	0	21
chr5	57231322	57235965	1	1	1	1	0	5
chr5	57236033	57237112	1	1	1	1	1	20
chr5	57236033	57246299	1	1	1	2	0	43
chr5	57237173	57246299	1	1	1	1	1	20
chr5	57246485	57247074	1	1	1	2	0	13
chr5	57251142	57261179	1	3	1	1	0	4
chr5	57261283	57262593	1	1	1	4	0	36
chr5	60597915	60599074	2	2	1	1	0	44
chr5	60597915	60603390	2	2	1	1	0	11
chr5	60599261	60603390	2	2	1	1	0	45
chr5	60945383	61073124	1	1	1	5	1	20
chr5	60945429	61073124	1	1	1	0	1	3
chr5	61045605	61073124	1	1	1	1	0	31
chr5	61045979	61073124	1	1	1	0	1	3
chr5	61073215	61098991	1	1	1	5	0	41
chr5	61099033	61152703	1	1	1	3	0	41
chr5	62347225	62348047	1	1	1	1	0	44
chr5	62348168	62350065	1	1	1	2	0	16
chr5	62350121	62352587	1	1	1	4	0	29
chr5	62352654	62353274	1	1	1	1	0	3
chr5	62352711	62353274	1	1	1	1	0	12
chr5	62353376	62355158	1	1	1	1	0	32
chr5	62355255	62357690	1	1	1	1	0	23
chr5	62357746	62358136	1	1	1	1	0	11
chr5	62373838	62377660	1	1	1	1	0	25
chr5	62390983	62392170	2	2	1	1	0	13
chr5	62561258	62591576	1	1	1	1	0	34
chr5	62601849	62627153	1	1	1	1	0	18
chr5	64695665	64717888	1	1	1	1	0	42
chr5	64724574	64728106	2	2	1	14	0	38
chr5	64728180	64741056	2	2	1	5	0	32
chr5	64741201	64754314	2	2	1	7	0	38
chr5	64754363	64768504	2	2	1	2	0	28
chr5	64769189	64774690	1	1	1	1	0	9
chr5	64785580	64786523	1	1	1	1	0	38
chr5	64789021	64800247	1	1	1	3	0	42
chr5	64800328	64801301	1	1	1	4	0	24
chr5	64801333	64804228	1	1	1	1	0	31
chr5	64804387	64885442	1	1	1	5	0	42
chr5	64971813	64977134	1	1	1	2	0	43
chr5	65521529	65528451	2	2	1	2	0	42
chr5	65528579	65528918	2	2	1	1	0	29
chr5	65529018	65529116	2	2	1	3	0	44
chr5	65529200	65542801	2	2	1	2	0	45
chr5	65542849	65551563	2	2	1	3	0	31
chr5	65563507	65567512	1	1	1	1	0	11
chr5	65567616	65569631	1	1	1	2	0	32
chr5	65569733	65569877	1	1	1	1	0	25
chr5	65577070	65579423	1	1	1	1	0	8
chr5	65583220	65585013	1	1	1	1	0	26
chr5	65585096	65585998	1	1	1	1	0	33
chr5	65671999	65672243	2	2	1	1	0	38
chr5	65672282	65680493	2	2	1	1	0	5
chr5	65763109	65777426	1	1	1	4	0	46
chr5	65777535	65780178	1	1	1	1	0	35
chr5	65781422	65785774	1	1	1	2	0	33
chr5	65926807	65988634	1	1	1	1	0	32
chr5	66025978	66026301	1	1	1	1	0	31
chr5	66043199	66044136	1	1	1	1	0	21
chr5	66044311	66046352	1	1	1	1	0	37
chr5	66158231	66158808	1	1	1	1	0	43
chr5	66162593	66163791	1	1	1	1	0	34
chr5	66164898	66170050	1	1	1	1	0	41
chr5	66170171	66170584	1	1	1	1	0	30
chr5	66170948	66174945	1	1	1	9	0	40
chr5	69168079	69168172	1	1	1	1	0	45
chr5	69171453	69174250	1	1	1	1	0	6
chr5	69175538	69177238	1	1	1	1	0	18
chr5	69177350	69177523	1	1	1	54	0	45
chr5	69189769	69191794	1	1	1	1	0	15
chr5	69194696	69195716	1	1	1	1	0	3
chr5	69195792	69197052	1	1	1	1	0	14
chr5	69208360	69209706	1	1	1	4	0	23
chr5	69228388	69229207	1	1	1	9	0	34
chr5	69273042	69276542	1	1	1	1	0	30
chr5	69276691	69277106	1	1	1	6	0	45
chr5	69303930	69306816	2	2	1	1	0	42
chr5	69308029	69311117	2	2	1	1	0	16
chr5	69347882	69396959	1	1	1	1	0	35
chr5	69369934	69371034	1	1	1	2	0	44
chr5	69372218	69373829	1	1	1	1	0	40
chr5	69384934	69386042	1	1	1	1	0	32
chr5	69386466	69389033	1	1	1	5	0	44
chr5	69432676	69432921	1	1	1	1	0	3
chr5	69433094	69440449	1	1	1	2	0	22
chr5	69440501	69441531	1	1	1	2	0	16
chr5	69545120	69547929	1	1	1	1	0	11
chr5	69560404	69565099	1	1	1	0	2	19
chr5	69562771	69565099	1	1	1	0	1	23
chr5	69567778	69568152	1	1	1	0	1	5
chr5	69568208	69572444	1	1	1	0	1	32
chr5	69586357	69590327	1	1	1	0	1	40
chr5	69590368	69592078	1	1	1	0	1	3
chr5	69624942	69625589	2	2	1	1	0	11
chr5	69636472	69654503	1	1	1	1	0	19
chr5	69640456	69649719	1	1	1	0	1	3
chr5	69646070	69679144	2	2	1	0	1	4
chr5	69646743	69648361	2	2	1	0	1	27
chr5	69875320	69910374	1	1	1	0	1	4
chr5	69906730	69915991	2	2	1	0	1	3
chr5	69908088	69909705	1	1	1	0	1	27
chr5	69921398	69922398	1	1	1	0	1	36
chr5	69975853	69978463	1	1	1	0	4	44
chr5	69978119	69978463	1	1	1	0	3	44
chr5	70025459	70026406	1	1	1	0	1	42
chr5	70026516	70032314	1	1	1	0	1	4
chr5	70049767	70063414	1	1	1	0	6	44
chr5	70063487	70065964	1	1	1	0	6	40
chr5	70066085	70066933	1	1	1	0	1	26
chr5	70067447	70069234	1	1	1	0	1	24
chr5	70069331	70070640	1	1	1	0	1	43
chr5	70076575	70077018	1	1	1	0	1	42
chr5	70139721	70140065	2	2	1	0	3	44
chr5	70139721	70142330	2	2	1	0	4	44
chr5	70195724	70196724	2	2	1	0	1	36
chr5	70202132	70211410	1	1	1	0	1	3
chr5	70207746	70258881	2	2	1	0	1	4
chr5	70208432	70210051	2	2	1	0	1	27
chr5	70208432	70228101	2	2	1	0	1	27
chr5	70225796	70258881	2	2	1	0	1	4
chr5	70226482	70228101	2	2	1	0	1	27
chr5	70415551	70417821	1	1	1	0	1	23
chr5	70415551	70420248	1	1	1	0	2	19
chr5	70417920	70420248	1	1	1	0	1	23
chr5	70422924	70423298	1	1	1	0	1	5
chr5	70423354	70427584	1	1	1	0	1	32
chr5	70441519	70445482	1	1	1	0	1	40
chr5	70445523	70447233	1	1	1	0	1	3
chr5	70500904	70555217	2	2	1	0	1	4
chr5	70501578	70503198	2	2	1	0	1	27
chr5	70501578	70524477	2	2	1	0	1	27
chr5	70522189	70555217	2	2	1	0	1	4
chr5	70522859	70524477	2	2	1	0	1	27
chr5	70751233	70785437	1	1	1	0	1	4
chr5	70783155	70784771	1	1	1	0	1	27
chr5	70796447	70797447	1	1	1	0	1	36
chr5	70850925	70853535	1	1	1	0	4	44
chr5	70853191	70853535	1	1	1	0	3	44
chr5	70900877	70901824	1	1	1	0	1	42
chr5	70901934	70907733	1	1	1	0	1	4
chr5	70925185	70938838	1	1	1	0	6	44
chr5	70938911	70941388	1	1	1	0	6	40
chr5	70941509	70942357	1	1	1	0	1	26
chr5	70942871	70944657	1	1	1	0	1	24
chr5	70944754	70946065	1	1	1	0	1	43
chr5	70951995	70952438	1	1	1	0	1	42
chr5	71035797	71037506	2	2	1	0	1	3
chr5	71037547	71041521	2	2	1	0	1	40
chr5	71055458	71059689	2	2	1	0	1	32
chr5	71059745	71060119	2	2	1	0	1	5
chr5	71062797	71065124	2	2	1	0	1	23
chr5	71062797	71067493	2	2	1	0	2	19
chr5	71065223	71067493	2	2	1	0	1	23
chr5	71140035	71140379	2	2	1	0	3	44
chr5	71140035	71142644	2	2	1	0	4	44
chr5	71196114	71197115	2	2	1	0	1	36
chr5	71208131	71259189	2	2	1	0	1	4
chr5	71208801	71210418	2	2	1	0	1	27
chr5	71208801	71228443	2	2	1	0	1	27
chr5	71226155	71259189	2	2	1	0	1	4
chr5	71226825	71228443	2	2	1	0	1	27
chr5	71456090	71458578	1	1	1	1	0	8
chr5	71458856	71461816	1	1	1	5	0	34
chr5	71467488	71470394	1	1	1	1	0	16
chr5	71470490	71483841	1	1	1	1	0	40
chr5	71483897	71486483	1	1	1	3	0	32
chr5	71486628	71489403	1	1	1	2	0	34
chr5	71489683	71495249	1	1	1	1	0	28
chr5	71491132	71495249	1	1	1	2	0	29
chr5	71495409	71497269	1	1	1	1	0	4
chr5	71501654	71502598	1	1	1	3	0	21
chr5	71512429	71513184	1	1	1	4	0	21
chr5	71524324	71532307	1	1	1	6	0	39
chr5	71541683	71542104	1	1	1	1	0	9
chr5	71548746	71549419	1	1	1	1	0	27
chr5	71650184	71652668	1	1	1	1	0	15
chr5	72338736	72342961	1	1	1	1	0	41
chr5	72865730	72872638	1	1	1	1	0	6
chr5	72872721	72875614	1	1	1	1	0	4
chr5	72893247	72893376	1	1	1	1	0	4
chr5	72901074	72903708	1	1	1	1	0	14
chr5	72905446	72908708	1	1	1	2	0	41
chr5	72990620	72990711	1	1	1	3	0	35
chr5	73015725	73017211	1	1	1	1	0	30
chr5	73503118	73504346	1	1	1	1	0	40
chr5	73572625	73576951	1	1	1	1	0	39
chr5	73578006	73578750	1	1	1	1	0	5
chr5	73579376	73579876	1	1	1	1	0	37
chr5	74629993	74634683	2	2	1	1	0	45
chr5	74718972	74720427	1	1	1	1	0	24
chr5	74720748	74721117	1	1	1	11	0	33
chr5	74721784	74722378	2	2	1	1	0	15
chr5	74763767	74766937	2	2	1	1	0	9
chr5	74767364	74768930	1	1	1	4	0	37
chr5	74769119	74769213	1	1	1	1	0	40
chr5	74769365	74770630	1	1	1	1	0	45
chr5	74774061	74776603	1	1	1	16	0	45
chr5	75342771	75343852	1	1	1	1	0	26
chr5	75345659	75347203	1	1	1	1	0	34
chr5	75350149	75350257	1	1	1	1	0	39
chr5	75351603	75354502	1	1	1	4	0	27
chr5	75359311	75359397	1	1	1	2	0	22
chr5	75368659	75379336	2	2	1	2	0	14
chr5	75374192	75379336	2	2	1	3	0	16
chr5	75379474	75381071	2	2	1	7	0	43
chr5	75382078	75384641	2	2	1	1	0	24
chr5	75400298	75402971	2	2	1	3	0	40
chr5	75417034	75419340	2	2	1	4	0	36
chr5	75419425	75425360	2	2	1	1	0	39
chr5	75425500	75426370	2	2	1	1	0	4
chr5	76588974	76589614	1	1	1	2	0	40
chr5	76589729	76590407	1	1	1	6	0	32
chr5	76611184	76627409	1	1	1	1	0	37
chr5	76641104	76652749	1	1	1	1	0	3
chr5	76695667	76697986	1	1	1	8	0	46
chr5	77035744	77036555	1	1	1	1	0	28
chr5	77036721	77039530	1	1	1	2	0	39
chr5	77054131	77055513	1	1	1	6	0	44
chr5	77433288	77436260	2	2	1	5	0	16
chr5	77691499	77693265	2	2	1	6	0	44
chr5	77693353	77708241	2	2	1	5	0	37
chr5	77705635	77708241	2	2	1	2	0	22
chr5	77708348	77776204	2	2	1	1	0	7
chr5	78039275	78089392	2	2	1	1	0	34
chr5	78101026	78110206	2	2	1	2	0	36
chr5	78102946	78110206	2	2	1	1	0	21
chr5	78110355	78113751	2	2	1	4	0	45
chr5	78181663	78216054	2	2	1	3	0	42
chr5	79300319	79300675	1	1	1	1	0	20
chr5	79300864	79306374	1	1	1	1	0	42
chr5	79400477	79400864	2	4	1	1	0	33
chr5	79402056	79439009	2	2	1	1	0	12
chr5	79619786	79619993	1	1	1	1	0	13
chr5	79983795	79985570	2	2	1	2	0	19
chr5	79987108	79988238	2	2	1	1	0	25
chr5	80082546	80083079	1	1	1	1	0	23
chr5	80459495	80472760	1	1	1	2	0	35
chr5	80629166	80633876	2	2	1	0	4	27
chr5	80672361	80672740	1	1	1	1	0	5
chr5	80775759	80778719	1	1	1	1	0	26
chr5	80778837	80787564	1	1	1	2	0	25
chr5	80873288	80875750	1	1	1	2	0	40
chr5	80947991	80948328	2	2	1	1	0	40
chr5	80947995	80948328	2	2	1	1	0	42
chr5	81301699	81304740	1	1	1	1	0	8
chr5	81420534	81428584	2	2	1	1	0	28
chr5	81650340	81750980	2	2	1	1	0	22
chr5	81987679	82058494	1	1	1	3	0	13
chr5	82276135	82276450	2	4	1	6	0	10
chr5	82276256	82276397	2	2	1	896	0	46
chr5	82276519	82277692	2	2	1	78	43	45
chr5	82277853	82278319	2	2	1	10	0	35
chr5	83057155	83061876	2	2	1	1	0	15
chr5	83061912	83065007	2	2	1	0	1	6
chr5	83077663	83104909	1	1	1	1	0	14
chr5	83111204	83195769	1	1	1	1	0	4
chr5	83195937	83203551	1	1	1	1	0	18
chr5	83472024	83483512	1	1	1	1	0	29
chr5	83483589	83490097	1	1	1	1	0	11
chr5	83512397	83537006	1	1	1	11	0	44
chr5	83522310	83537006	1	1	1	5	0	36
chr5	83545651	83547970	1	1	1	1	0	7
chr5	83580163	83580306	1	1	1	1	0	28
chr5	86618131	86619352	1	1	1	7	5	39
chr5	86619497	86620667	1	1	1	117	0	45
chr5	86619500	86620667	1	1	1	2	0	34
chr5	87349365	87353156	1	1	1	1	0	12
chr5	87353236	87362550	1	1	1	3	0	33
chr5	87386904	87387228	1	1	1	1	0	22
chr5	87394485	87395043	2	2	1	6	0	42
chr5	87395105	87399393	2	2	1	2	0	5
chr5	87405008	87407975	2	2	1	1	0	22
chr5	88228529	88240812	2	2	1	1	0	23
chr5	88905271	88905701	1	1	1	0	1	37
chr5	90405800	90407698	2	2	1	1	0	10
chr5	90475021	90485524	1	1	1	1	0	24
chr5	90475021	90485534	1	1	1	1	0	3
chr5	90485685	90487999	1	1	1	2	0	16
chr5	90488130	90490592	1	1	1	4	0	37
chr5	90488130	90495676	1	1	1	6	2	44
chr5	90495734	90497655	1	1	1	17	0	43
chr5	90497707	90501905	1	1	1	13	0	43
chr5	90497707	90501908	1	1	1	4	0	43
chr5	90501989	90506527	1	1	1	5	0	25
chr5	90506675	90512052	1	1	1	1	0	9
chr5	90622702	90625129	1	1	1	1	0	11
chr5	90653953	90657904	1	1	1	1	0	34
chr5	90745266	90745590	1	1	1	1	0	34
chr5	90753830	90754982	1	1	1	3	0	26
chr5	90823597	90828943	1	1	1	1	0	22
chr5	90855902	90863756	1	1	1	1	0	39
chr5	90965532	90985343	1	1	1	1	0	6
chr5	93881689	93958776	2	2	1	2	0	33
chr5	94053228	94074645	2	2	1	1	0	22
chr5	94630744	94643272	1	1	1	1	0	22
chr5	94643436	94649453	1	1	1	4	0	35
chr5	94649598	94651701	1	1	1	7	1	43
chr5	94651846	94653271	1	1	1	4	0	32
chr5	94653422	94654629	1	1	1	1	0	30
chr5	95497489	95498369	2	2	1	1	0	14
chr5	95517323	95520715	2	2	1	2	0	12
chr5	95541907	95543183	2	2	1	1	0	43
chr5	95547152	95548559	2	2	1	2	0	15
chr5	95548716	95550580	2	2	1	3	0	33
chr5	95732085	95736888	1	1	1	1	0	4
chr5	96421957	96423312	2	2	1	1	0	29
chr5	96729210	96729611	1	1	1	2	0	16
chr5	96729726	96730779	1	1	1	6	0	26
chr5	96730861	96736171	1	1	1	1	0	28
chr5	96737948	96740037	1	1	1	1	0	35
chr5	96747393	96748517	1	1	1	1	0	21
chr5	96757655	96762273	1	1	1	2	0	34
chr5	96770603	96771643	1	1	1	1	0	24
chr5	96771703	96772639	1	1	1	1	0	40
chr5	97003547	97006072	1	1	1	1	0	14
chr5	97165148	97167466	2	2	1	2	0	36
chr5	97167992	97168759	2	2	1	2	0	30
chr5	98863587	98868494	2	2	1	1	0	37
chr5	98868636	98869013	2	2	1	1	0	21
chr5	98868636	98869753	2	2	1	3	0	28
chr5	98869278	98869753	2	2	1	1	0	26
chr5	98872556	98873592	2	2	1	1	0	26
chr5	98879729	98881075	2	2	1	9	0	45
chr5	98881172	98881278	2	2	1	3	0	45
chr5	98899706	98900810	2	2	1	1	0	3
chr5	98901083	98901185	2	2	1	2	0	33
chr5	98901083	98902899	2	2	1	4	0	40
chr5	98901336	98902899	2	2	1	4	0	40
chr5	98902965	98903791	2	2	1	1	0	9
chr5	102237019	102239250	2	2	1	2	0	4
chr5	102950821	102959874	1	1	1	1	0	21
chr5	103146682	103147930	1	1	1	1	0	21
chr5	103147983	103148015	1	3	1	1	0	19
chr5	103151375	103152647	1	1	1	3	0	27
chr5	103152750	103153847	1	1	1	1	0	4
chr5	103177981	103180020	1	1	1	1	0	6
chr5	103190983	103194899	1	1	1	1	0	46
chr5	103195026	103201521	1	1	1	5	0	33
chr5	103550972	103552216	2	2	1	1	0	32
chr5	106978894	106983939	2	2	1	0	1	43
chr5	106979187	106983625	1	1	1	1	0	22
chr5	108798390	108867766	1	1	1	0	2	3
chr5	108832944	108835707	1	1	1	2	0	23
chr5	108835808	108867766	1	1	1	0	2	3
chr5	108883519	108897658	1	1	1	1	0	29
chr5	109337357	109344189	2	2	1	1	0	41
chr5	109379255	109381502	2	2	1	3	0	19
chr5	109716265	109729341	1	1	1	1	0	31
chr5	109770542	109774787	1	1	1	2	0	9
chr5	109774966	109781395	1	1	1	1	0	26
chr5	109798777	109799995	1	1	1	2	0	31
chr5	109817439	109819668	1	1	1	1	0	4
chr5	109846007	109847656	1	1	1	1	0	22
chr5	111102400	111103785	1	1	1	1	0	25
chr5	111103919	111104176	1	1	1	1	0	42
chr5	111731047	111735429	2	2	1	1	0	19
chr5	112161296	112161702	1	1	1	2	0	20
chr5	112161776	112162150	1	1	1	4	0	27
chr5	112766411	112767188	1	1	1	1	0	7
chr5	112767391	112775628	1	1	1	2	0	9
chr5	112864529	112864620	1	1	1	1	0	25
chr5	112864733	112867403	1	1	1	1	0	11
chr5	112878836	112887014	2	2	1	5	0	46
chr5	112987576	112988382	2	2	1	1	0	38
chr5	112992249	112992671	1	1	1	1	0	13
chr5	112992771	113001083	1	1	1	3	0	19
chr5	113001675	113003941	1	1	1	1	0	38
chr5	113534408	113535641	1	1	1	3	0	31
chr5	113535799	113539073	1	1	1	3	0	36
chr5	113584480	113591040	1	1	1	1	0	42
chr5	115216974	115221823	2	2	1	2	0	18
chr5	115222009	115230975	2	2	1	1	0	34
chr5	115231022	115236389	2	2	1	1	0	12
chr5	115269001	115269702	2	2	1	1	0	45
chr5	115269799	115271212	2	2	1	1	0	23
chr5	115271627	115275215	2	2	1	2	0	38
chr5	115284909	115296426	2	2	1	1	0	23
chr5	115831864	115832601	2	2	1	1	0	11
chr5	116092701	116134067	1	1	1	1	0	32
chr5	116432599	116446163	1	1	1	0	3	3
chr5	116480278	116482443	2	2	1	1	0	16
chr5	116497388	116502209	2	2	1	2	0	32
chr5	116502328	116504844	2	2	1	1	0	4
chr5	119237415	119238988	1	1	1	1	0	8
chr5	119527220	119529893	1	1	1	2	0	37
chr5	120702827	120712457	1	1	1	3	0	28
chr5	121079232	121109272	1	1	1	1	0	21
chr5	121994671	122019259	1	1	1	1	0	27
chr5	122815972	122816914	1	1	1	1	0	32
chr5	122819024	122826049	1	1	1	1	0	11
chr5	122826194	122827378	1	1	1	3	0	34
chr5	122827647	122829597	1	1	1	1	0	45
chr5	123350090	123364495	2	2	1	1	0	5
chr5	123378429	123382110	2	2	1	2	0	27
chr5	123552196	123600554	1	1	1	1	0	23
chr5	123573542	123575728	1	1	1	2	0	29
chr5	126545020	126546323	2	2	1	10	0	40
chr5	126550294	126552020	2	2	1	1	0	35
chr5	126552138	126554286	2	2	1	1	0	5
chr5	126556016	126559239	2	2	1	2	0	22
chr5	126570860	126575419	2	2	1	1	0	37
chr5	126584013	126592663	2	2	1	1	0	45
chr5	126593405	126595006	2	2	1	2	0	3
chr5	126608485	126617249	1	1	1	7	0	41
chr5	126617334	126624574	1	1	1	1	0	24
chr5	126736752	126784437	2	2	1	2	0	41
chr5	126810351	126811772	1	1	1	3	0	30
chr5	126811899	126818921	1	1	1	1	0	8
chr5	126821136	126822780	1	1	1	1	0	7
chr5	126826108	126832693	1	1	1	1	0	38
chr5	126832802	126836222	1	1	1	1	0	44
chr5	127517777	127517947	1	1	1	2	0	44
chr5	128174667	128177104	1	1	1	3	0	42
chr5	128177153	128178566	1	3	1	2	0	22
chr5	128178690	128180882	1	1	1	3	0	33
chr5	128180995	128182854	1	1	1	1	0	3
chr5	128182942	128184365	1	1	1	1	0	5
chr5	128309400	128309982	2	2	1	1	0	15
chr5	129461758	129509076	1	1	1	2	0	45
chr5	129622349	129641858	1	1	1	1	0	5
chr5	131159612	131162571	2	2	1	5	0	31
chr5	131162677	131165094	2	2	1	2	0	21
chr5	131495661	131498442	2	2	1	1	0	13
chr5	132011546	132015403	1	1	1	1	0	28
chr5	132579503	132579861	1	1	1	1	0	34
chr5	132580067	132587561	1	1	1	1	0	40
chr5	132587691	132587923	1	1	1	1	0	24
chr5	132588881	132589630	1	3	1	1	0	3
chr5	132591407	132591876	1	1	1	4	0	26
chr5	132595811	132603299	1	1	1	1	0	18
chr5	132604047	132604805	1	1	1	1	0	6
chr5	132605000	132608614	1	1	1	3	0	27
chr5	132608726	132609116	1	1	1	10	0	46
chr5	132609210	132609282	1	1	1	8	0	46
chr5	132609397	132616002	1	1	1	1	0	25
chr5	132616131	132618069	1	1	1	1	0	29
chr5	132640806	132642177	1	1	1	1	0	14
chr5	132696683	132699170	2	2	1	1	0	35
chr5	132703620	132710958	2	2	1	1	0	11
chr5	132715932	132716244	2	2	1	3	0	43
chr5	132866692	132866868	1	1	1	1	0	31
chr5	132867036	132867487	1	1	1	32	0	45
chr5	132927208	132932177	2	2	1	1	0	25
chr5	133006921	133022840	2	2	1	1	0	6
chr5	133006921	133026496	2	2	1	1	0	36
chr5	133074127	133076653	1	1	1	1	0	9
chr5	133076899	133086781	1	1	1	3	0	45
chr5	133089696	133091192	1	1	1	4	0	44
chr5	133091375	133092699	1	1	1	1	0	43
chr5	133092790	133096097	1	1	1	1	0	35
chr5	133096251	133097160	1	1	1	4	0	29
chr5	133099653	133101758	1	1	1	8	0	44
chr5	133101879	133103864	1	1	1	3	0	31
chr5	133104027	133104232	1	1	1	18	0	45
chr5	133972863	133973790	2	2	1	0	1	3
chr5	133979525	133989757	1	1	1	1	0	45
chr5	133990908	133991001	2	2	1	1	0	28
chr5	133991155	133992305	2	2	1	1	2	45
chr5	133992356	133992945	2	2	1	1	0	3
chr5	134157769	134158454	2	2	1	2	0	38
chr5	134158596	134160986	2	2	1	6	1	43
chr5	134197845	134199085	2	2	1	3	0	45
chr5	134199205	134200334	2	2	1	2	0	44
chr5	134321904	134370997	2	2	1	0	1	3
chr5	134388414	134390224	1	1	1	1	0	18
chr5	134402927	134409902	2	2	1	2	0	21
chr5	134675218	134676022	1	1	1	2	0	41
chr5	134741524	134743986	1	1	1	1	0	4
chr5	134744053	134750758	1	1	1	1	0	39
chr5	134764093	134766916	1	1	1	5	0	25
chr5	134767061	134770902	1	1	1	25	0	43
chr5	134771000	134773695	1	1	1	18	0	44
chr5	134773862	134777573	1	1	1	2	0	31
chr5	134788592	134790469	1	1	1	1	0	34
chr5	134790553	134794849	1	1	1	2	0	43
chr5	134807942	134811220	1	1	1	1	0	14
chr5	134811359	134811695	1	1	1	1	0	4
chr5	134817715	134818859	1	3	1	2	1	27
chr5	134818625	134853087	2	2	1	1	0	38
chr5	134819005	134826946	1	1	1	3	0	29
chr5	134827021	134828658	1	1	1	1	0	11
chr5	135335142	135343259	2	2	1	1	0	44
chr5	135359943	135360496	2	2	1	11	0	43
chr5	135369604	135370035	2	2	1	2	0	7
chr5	137658281	137661914	2	2	1	1	0	25
chr5	137677655	137692284	2	2	1	1	0	40
chr5	137943039	137943132	2	2	1	1	0	20
chr5	137985390	137987460	2	2	1	1	0	36
chr5	138161069	138161795	2	2	1	1	0	22
chr5	138170913	138171037	2	2	1	2	0	40
chr5	138184947	138185094	1	1	1	1	0	39
chr5	138185198	138185511	1	1	1	2	0	34
chr5	138186432	138187095	1	1	1	1	0	44
chr5	138202156	138206546	2	2	1	1	0	5
chr5	138292117	138319218	2	2	1	1	0	28
chr5	138319375	138325814	2	2	1	1	0	23
chr5	138376018	138376670	2	2	1	1	0	37
chr5	138379709	138381515	1	1	1	6	0	38
chr5	138381591	138386021	1	1	1	2	0	35
chr5	138445599	138445682	1	1	1	1	0	22
chr5	138508817	138510564	2	2	1	2	0	39
chr5	138510630	138511044	2	2	1	2	0	37
chr5	138555542	138566625	2	2	1	0	5	4
chr5	138556115	138556451	2	2	1	7	0	40
chr5	138556574	138557401	2	2	1	2	0	5
chr5	138556593	138556773	2	2	1	2	0	20
chr5	138556867	138557401	2	2	1	3	0	19
chr5	138557497	138557868	2	2	1	7	0	29
chr5	138557987	138558552	2	2	1	2	0	44
chr5	138561790	138566625	2	2	1	1	0	44
chr5	138569050	138570959	2	2	1	1	0	11
chr5	138824800	138827514	1	1	1	1	0	22
chr5	138827719	138886211	1	1	1	2	0	15
chr5	138886293	138887489	1	1	1	3	0	40
chr5	138904442	138917741	1	1	1	3	0	15
chr5	138929357	138930472	1	1	1	1	0	7
chr5	139315739	139316075	1	1	1	1	0	33
chr5	139317106	139317595	1	1	1	1	0	42
chr5	139317722	139318907	1	1	1	13	3	39
chr5	139319034	139319333	1	1	1	1	0	39
chr5	139319502	139321897	1	1	1	1	6	42
chr5	139322030	139322462	1	1	1	6	0	40
chr5	139322507	139322597	1	1	1	1	0	33
chr5	139322968	139325295	1	1	1	2	0	19
chr5	139322968	139325439	1	1	1	3	0	42
chr5	139325663	139326162	1	1	1	3	0	43
chr5	139326285	139329344	1	1	1	4	0	38
chr5	139341981	139363758	1	1	1	8	0	37
chr5	139363923	139364563	1	1	1	2	0	42
chr5	139364744	139368732	1	1	1	1	0	30
chr5	139397144	139401754	2	2	1	1	0	41
chr5	139419173	139420052	2	2	1	2	0	24
chr5	139554011	139584763	2	2	1	0	1	27
chr5	139614967	139623367	1	1	1	6	0	43
chr5	139623462	139626755	1	1	1	28	0	43
chr5	140281534	140300415	2	2	1	1	1	38
chr5	140342813	140345910	2	2	1	1	0	41
chr5	140438618	140440118	1	1	1	1	0	41
chr5	140464777	140472238	1	1	1	4	0	30
chr5	140507999	140509636	1	1	1	1	0	7
chr5	140512924	140513362	1	1	1	4	0	41
chr5	140524241	140525995	1	1	1	1	0	34
chr5	140527075	140527872	1	1	1	2	0	30
chr5	140539084	140539358	1	1	1	2	0	37
chr5	140645679	140647255	2	2	1	5	0	44
chr5	140645726	140647255	2	2	1	1	0	15
chr5	140647363	140647482	2	2	1	1	0	10
chr5	140653145	140653937	1	1	1	4	0	39
chr5	140658777	140658938	1	1	1	1	0	6
chr5	140659835	140660114	0	0	1	3	0	18
chr5	140661709	140661898	1	1	1	1	0	11
chr5	140662008	140662178	1	1	1	8	0	36
chr5	140662214	140662301	1	1	1	9	0	35
chr5	140673967	140677102	2	2	1	1	0	14
chr5	140677117	140677326	2	2	1	1	0	14
chr5	140702130	140703917	1	1	1	3	0	42
chr5	140703992	140704425	1	1	1	1	0	18
chr5	140982564	141009626	1	1	1	1	0	25
chr5	141511482	141512834	2	2	1	1	0	25
chr5	141526174	141526296	2	2	1	1	0	10
chr5	141534434	141571427	2	2	1	2	0	9
chr5	141571437	141571925	2	2	1	3	0	14
chr5	141572041	141573491	2	2	1	4	0	38
chr5	141575147	141576229	2	2	1	1	0	7
chr5	141582376	141583205	2	2	1	1	0	42
chr5	141634954	141636547	2	2	1	1	0	14
chr5	141863405	141864285	1	3	1	1	0	37
chr5	141983553	141984802	1	1	1	1	0	44
chr5	142002130	142003087	2	2	1	1	0	23
chr5	142132343	142151730	1	1	1	1	0	45
chr5	142144677	142151730	1	1	1	2	0	11
chr5	142873496	142875109	1	1	1	1	0	45
chr5	143310214	143313998	2	2	1	1	0	19
chr5	146120504	146122491	2	2	1	1	0	6
chr5	146122588	146123981	2	2	1	1	0	11
chr5	146124087	146126434	2	2	1	1	0	11
chr5	146126546	146128671	2	2	1	4	0	32
chr5	146129119	146130017	2	2	1	1	0	7
chr5	146130159	146131018	2	2	1	3	0	25
chr5	146143085	146143411	2	2	1	1	0	32
chr5	146144710	146149621	2	2	1	2	0	11
chr5	146149700	146151861	2	2	1	2	0	36
chr5	146152003	146153173	2	2	1	1	0	22
chr5	146153228	146153733	2	2	1	1	0	7
chr5	146153811	146153892	2	2	1	1	0	8
chr5	146153981	146157402	2	2	1	1	0	24
chr5	146159471	146160373	2	2	1	1	0	18
chr5	146160487	146164309	2	2	1	7	1	30
chr5	146164472	146168127	2	2	1	4	0	27
chr5	146168266	146171909	2	2	1	15	0	40
chr5	146171991	146172686	2	2	1	15	0	44
chr5	146172775	146177546	2	2	1	4	0	33
chr5	146203825	146218984	1	1	1	6	0	36
chr5	146219104	146223402	1	1	1	9	0	44
chr5	146223528	146228945	1	1	1	4	0	41
chr5	146255093	146258448	1	1	1	1	0	29
chr5	146260899	146261509	1	1	1	1	0	7
chr5	146263632	146267648	1	1	1	4	0	46
chr5	146267769	146269206	1	1	1	11	0	42
chr5	146269282	146269419	1	1	1	2	0	16
chr5	146271675	146284621	1	1	1	1	0	16
chr5	146284733	146285946	1	1	1	1	0	5
chr5	146463794	146469543	1	1	1	1	0	7
chr5	146468404	146469543	1	1	1	2	0	40
chr5	146470749	146471487	1	1	1	3	0	27
chr5	146478654	146479854	1	1	1	1	0	15
chr5	146479912	146480027	1	1	1	1	0	31
chr5	146482728	146483539	1	1	1	4	0	32
chr5	146483630	146492919	1	1	1	6	0	38
chr5	146493039	146498535	1	1	1	1	0	33
chr5	146498687	146503374	1	1	1	15	0	34
chr5	146499972	146503374	1	1	1	2	0	34
chr5	146503540	146503823	1	1	1	1	0	38
chr5	146504007	146507027	1	1	1	5	0	35
chr5	146507208	146507872	1	1	1	2	0	19
chr5	146507957	146509144	1	1	1	4	0	44
chr5	146509246	146510440	1	1	1	3	0	41
chr5	146593063	146600290	2	2	1	1	0	45
chr5	146698145	146701044	2	2	1	1	0	28
chr5	147405731	147408727	2	2	1	2	0	35
chr5	147412689	147413595	2	2	1	2	0	32
chr5	147413658	147415708	2	2	1	1	0	17
chr5	147418632	147424874	2	2	1	3	0	31
chr5	147424964	147453548	2	2	1	1	0	11
chr5	147591687	147612305	2	2	1	1	0	31
chr5	147612372	147617910	2	2	1	1	0	34
chr5	147618115	147620665	2	2	1	1	0	25
chr5	147628817	147629692	2	2	1	2	0	39
chr5	147629747	147631412	2	2	1	2	0	32
chr5	147641765	147644057	2	2	1	1	0	40
chr5	147644997	147648375	2	2	1	6	0	45
chr5	147648475	147650337	2	2	1	2	0	5
chr5	147881649	147882026	1	1	1	1	0	28
chr5	148064100	148065346	1	1	1	1	0	26
chr5	148065373	148070379	1	1	1	1	0	15
chr5	148384040	148394713	1	1	1	1	0	31
chr5	148433525	148433634	1	1	1	2	0	28
chr5	148433738	148438331	1	1	1	1	0	32
chr5	149505596	149507026	2	2	1	5	0	35
chr5	149511873	149513069	2	2	1	16	0	46
chr5	149513210	149520289	2	2	1	4	0	35
chr5	149520389	149525044	2	2	1	1	0	39
chr5	150367918	150396742	1	1	1	1	3	8
chr5	150375555	150375720	1	1	1	1	0	19
chr5	150379617	150379722	2	2	1	1	0	12
chr5	150393553	150396281	1	1	1	2	0	21
chr5	150396843	150398353	1	1	1	13	0	35
chr5	150398452	150399021	1	1	1	2	0	32
chr5	150400076	150400158	2	2	1	1	0	42
chr5	150444352	150445608	2	2	1	6	0	44
chr5	150444354	150445608	2	2	1	1025	0	46
chr5	150445686	150446801	2	2	1	555	0	46
chr5	150446964	150447584	2	2	1	17	0	42
chr5	150447736	150449485	2	2	1	5	0	36
chr5	150447736	150449702	2	2	1	5	0	35
chr5	150666032	150668116	2	2	1	1	0	17
chr5	150675468	150676451	1	1	1	1	0	28
chr5	150691882	150692894	2	2	1	1	0	30
chr5	151109847	151110626	2	2	1	2	0	18
chr5	151110645	151117126	2	2	1	2	0	17
chr5	151671695	151673128	2	2	1	1	0	42
chr5	151742960	151746278	2	2	1	13	0	45
chr5	151799314	151799888	1	1	1	1	0	4
chr5	153993111	153994918	2	2	1	1	0	15
chr5	153997876	154002250	2	2	1	1	0	36
chr5	154002970	154011240	2	2	1	1	0	43
chr5	154026523	154027175	2	2	1	2	0	26
chr5	154453501	154455899	1	1	1	1	0	3
chr5	154756194	154790324	1	1	1	0	1	4
chr5	154773457	154814706	2	2	1	1	0	15
chr5	154790387	154790644	1	1	1	0	1	26
chr5	154793724	154793799	1	1	1	1	0	13
chr5	154795320	154799590	1	1	1	1	0	40
chr5	154941139	154941216	1	1	1	3	0	20
chr5	154941266	154950802	1	1	1	1	0	23
chr5	154941266	154950820	1	1	1	2	0	35
chr5	154950939	154956370	1	1	1	1	0	21
chr5	154956437	154957134	1	1	1	1	0	34
chr5	154957213	154959979	1	1	1	1	0	23
chr5	154960050	154966685	1	1	1	3	0	27
chr5	157348311	157348857	1	1	1	1	0	28
chr5	157813228	157814184	2	2	1	2	0	34
chr5	157814294	157816733	2	2	1	2	0	42
chr5	157816831	157817442	2	2	1	1	0	43
chr5	159174159	159176631	2	2	1	1	0	16
chr5	159176868	159181959	2	2	1	1	1	30
chr5	159270644	159272022	1	1	1	1	0	6
chr5	159275247	159278237	1	1	1	2	0	27
chr5	160010859	160035139	1	1	1	1	0	26
chr5	160035201	160036690	1	1	1	1	0	5
chr5	160036804	160043132	1	1	1	1	0	28
chr5	160049663	160051128	1	1	1	2	0	31
chr5	160051184	160064931	1	1	1	2	0	20
chr5	160195948	160198226	2	2	1	2	0	15
chr5	160232274	160234819	1	1	1	2	0	30
chr5	160234910	160238605	1	1	1	1	0	5
chr5	160404557	160404808	2	2	1	3	0	31
chr5	160404881	160405030	2	2	1	8	0	42
chr5	160405136	160406467	2	2	1	5	0	27
chr5	160414473	160415124	2	2	1	1	0	3
chr5	160422894	160424236	1	1	1	2	0	40
chr5	160424331	160427714	1	1	1	1	0	33
chr5	160427874	160428601	1	1	1	47	0	44
chr5	163439521	163441077	1	1	1	2	0	37
chr5	163443926	163444336	1	1	1	1	0	21
chr5	163454051	163456928	2	2	1	1	0	46
chr5	163463955	163464722	1	1	1	1	0	19
chr5	163469830	163471184	1	1	1	1	0	15
chr5	163471272	163471362	1	1	1	1	0	13
chr5	163471464	163473178	1	1	1	5	0	29
chr5	163473254	163473378	1	1	1	2	0	18
chr5	163478801	163482641	1	1	1	7	0	38
chr5	163482789	163483019	1	1	1	3	0	38
chr5	163483173	163483267	1	1	1	3	0	43
chr5	163483368	163484068	1	1	1	1	0	35
chr5	163490553	163491111	1	1	1	1	0	14
chr5	164790101	164880908	1	1	1	2	0	23
chr5	168252141	168252744	1	3	1	2	0	19
chr5	168486544	168488601	1	1	1	2	0	34
chr5	168502106	168506020	1	1	1	1	0	35
chr5	168506200	168506721	1	1	1	5	0	24
chr5	168506832	168510580	1	1	1	3	0	46
chr5	168518063	168519080	1	1	1	10	0	45
chr5	169583890	169591047	1	1	1	1	0	21
chr5	169596702	169598475	1	1	1	1	0	13
chr5	171388007	171390050	1	1	1	5	4	36
chr5	171390131	171391304	1	1	1	7	0	44
chr5	171391425	171391705	1	1	1	16	0	46
chr5	171391800	171392709	1	1	1	17	2	42
chr5	171392817	171392913	1	1	1	20	0	45
chr5	171392979	171400152	1	1	1	9	10	35
chr5	171400211	171400838	1	1	1	22	0	38
chr5	171400926	171405301	1	1	1	19	8	38
chr5	171405404	171406396	1	1	1	1	0	18
chr5	171405404	171407699	1	1	1	1	15	40
chr5	171407775	171410526	1	1	1	12	9	44
chr5	172234359	172283595	2	2	1	1	0	9
chr5	172960042	172968458	1	1	1	3	0	18
chr5	172968558	172969515	1	3	1	0	3	31
chr5	172968600	172969412	1	1	1	1	0	21
chr5	173608293	173609237	2	2	1	1	0	26
chr5	173949598	173949959	1	1	1	1	0	39
chr5	175478640	175491493	1	1	1	1	0	7
chr5	175522423	175526637	1	1	1	3	0	35
chr5	175965156	175967110	2	2	1	0	1	28
chr5	176385328	176386839	2	2	1	1	0	36
chr5	176494276	176496485	1	1	1	1	0	26
chr5	176527406	176527517	2	2	1	1	0	44
chr5	176907178	176908522	2	2	1	2	0	33
chr5	177160822	177162201	1	3	1	1	0	25
chr5	177160851	177162220	2	2	1	1	0	17
chr5	177239866	177244194	1	1	1	3	0	25
chr5	177257152	177259988	1	1	1	1	0	22
chr5	177269808	177273671	1	1	1	1	0	40
chr5	177301988	177302127	2	2	1	1	0	8
chr5	177304851	177305870	1	1	1	1	1	35
chr5	177305985	177306097	1	1	1	3	0	40
chr5	177306177	177306421	1	1	1	16	0	46
chr5	177332067	177337161	1	3	1	2	2	41
chr5	177332110	177332190	2	2	1	1	0	31
chr5	177332247	177334283	2	2	1	2	0	30
chr5	177334404	177337135	2	2	1	3	0	16
chr5	177338606	177351172	2	2	1	1	0	20
chr5	177435122	177436072	1	1	1	1	0	35
chr5	177457108	177458432	2	2	1	2	0	19
chr5	177457504	177457654	2	2	1	1	0	11
chr5	177458708	177459097	2	2	1	2	0	11
chr5	177467333	177467480	2	2	1	1	0	9
chr5	177512646	177512779	2	2	1	1	0	4
chr5	177592399	177592574	1	1	1	1	0	29
chr5	177593776	177594138	1	1	1	1	0	22
chr5	177604542	177605044	1	1	1	1	0	41
chr5	177876689	177878643	1	1	1	0	1	28
chr5	178121353	178121473	1	1	1	1	0	16
chr5	178149839	178150887	2	2	1	7	0	39
chr5	178153561	178153657	2	2	1	2	0	23
chr5	178205047	178205841	1	1	1	2	0	34
chr5	178206011	178206731	1	1	1	6	0	39
chr5	178206891	178207093	1	1	1	1	0	33
chr5	178207226	178209329	1	1	1	1	0	43
chr5	178209448	178210552	1	1	1	2	0	37
chr5	178210273	178210552	1	1	1	1	0	8
chr5	178613640	178613726	2	2	1	2	0	19
chr5	178725472	178726998	2	2	1	1	0	5
chr5	179562665	179567465	1	1	1	1	0	44
chr5	179593646	179594865	1	1	1	1	0	32
chr5	179594964	179596561	1	1	1	1	0	30
chr5	179615596	179616125	2	2	1	1	0	10
chr5	179616219	179616868	2	2	1	1	0	40
chr5	179616219	179617020	2	2	1	2	0	41
chr5	179618324	179619268	2	2	1	1	0	38
chr5	179619408	179620891	2	2	1	1	0	20
chr5	179641879	179642325	2	2	1	0	1	3
chr5	179663104	179664322	1	1	1	1	0	7
chr5	179705853	179706257	1	1	1	4	0	27
chr5	179706332	179707131	1	1	1	2	0	14
chr5	179708381	179708977	1	1	1	1	0	36
chr5	179709060	179709872	1	1	1	1	0	40
chr5	179723020	179723659	1	1	1	4	0	45
chr5	179723780	179724656	1	1	1	4	0	46
chr5	179724784	179726679	1	1	1	3	0	36
chr5	179726760	179728590	1	1	1	5	0	35
chr5	179740324	179747713	1	3	1	1	0	40
chr5	179821142	179822957	1	1	1	2	0	45
chr5	179833247	179833586	1	3	1	1	0	26
chr5	179955670	179963470	2	2	1	5	0	37
chr5	179955670	179966805	2	2	1	2	0	21
chr5	179963565	179966805	2	2	1	1	0	29
chr5	180013312	180040452	2	2	1	1	0	14
chr5	180238404	180239923	2	2	1	2	0	5
chr5	180302585	180304771	2	2	1	1	0	31
chr5	180302962	180310728	1	3	1	1	0	31
chr5	180315244	180323275	2	2	1	1	0	42
chr5	180494764	180529274	1	1	1	1	0	27
chr5	181192017	181193341	1	1	1	1	0	15
chr5	181237043	181237608	2	2	1	390	0	46
chr5	181237628	181239077	1	3	1	1	0	19
chr5	181237720	181238098	2	2	1	60	0	45
chr5	181238240	181239066	2	2	1	6	0	43
chr5	181239178	181239486	2	2	1	2	0	26
chr5	181239583	181241491	2	2	1	1	0	6
chr5	181241640	181242173	2	4	1	5	0	31
chr5	181242346	181243691	2	2	1	1	0	3
chr6	562846	564032	2	2	1	1	0	4
chr6	619544	629834	2	2	1	2	0	35
chr6	701324	702189	1	3	1	1	0	18
chr6	1899797	1899895	2	2	1	1	0	23
chr6	3015644	3016883	1	1	1	1	0	17
chr6	3085409	3089580	1	1	1	1	0	14
chr6	3154488	3177207	1	1	1	0	1	5
chr6	3154539	3177257	1	1	1	0	1	31
chr6	3259197	3263683	1	1	1	1	0	38
chr6	3263760	3267590	1	1	1	8	0	43
chr6	3264326	3267590	1	1	1	1	0	42
chr6	4021467	4031558	1	1	1	14	0	43
chr6	4032756	4037396	1	1	1	1	0	37
chr6	4037571	4040771	1	1	1	2	0	28
chr6	4063120	4064800	1	1	1	1	0	24
chr6	4130561	4130766	2	2	1	1	0	39
chr6	4773179	4891712	1	1	1	1	0	24
chr6	4935772	4937564	1	1	1	2	0	28
chr6	4995277	4995950	2	2	1	1	0	7
chr6	5317310	5317654	2	4	1	1	0	26
chr6	7176774	7181123	1	1	1	4	0	11
chr6	7189323	7210803	1	1	1	1	0	3
chr6	7310030	7313041	2	2	1	1	0	27
chr6	7390074	7393098	1	1	1	1	0	36
chr6	7395144	7396702	1	1	1	1	0	6
chr6	7396773	7398697	1	1	1	2	0	16
chr6	7398741	7400957	1	1	1	1	0	43
chr6	7411452	7412888	1	1	1	3	0	31
chr6	7412943	7414237	1	1	1	5	0	31
chr6	7412943	7414253	1	1	1	1	0	45
chr6	7414391	7417330	1	1	1	1	0	34
chr6	7508555	7521194	1	1	1	1	0	23
chr6	7578563	7579274	1	1	1	1	0	23
chr6	7602745	7605397	1	1	1	2	0	34
chr6	7605487	7606030	1	1	1	9	0	46
chr6	8080031	8090185	2	2	1	1	0	11
chr6	8097468	8102434	2	2	1	2	0	34
chr6	10686258	10688053	1	1	1	1	0	15
chr6	10695070	10697323	1	1	1	2	0	23
chr6	10702490	10702564	1	1	1	1	0	36
chr6	10704653	10704746	1	1	1	1	0	3
chr6	10707515	10708952	1	1	1	1	0	20
chr6	10709077	10709237	1	1	1	5	0	39
chr6	10728728	10730614	1	1	1	1	0	19
chr6	13283563	13286145	1	1	1	1	0	41
chr6	13305188	13306397	2	2	1	1	0	28
chr6	13595565	13596962	1	1	1	1	0	39
chr6	13599156	13600833	1	1	1	1	0	33
chr6	13600950	13604475	1	1	1	2	0	42
chr6	13615625	13615711	1	1	1	2	0	35
chr6	13615773	13616462	1	1	1	12	0	40
chr6	13616522	13617769	1	1	1	4	0	18
chr6	13617802	13618057	1	1	1	1	0	32
chr6	13620330	13620407	1	1	1	12	0	43
chr6	13620486	13620753	1	1	1	40	0	46
chr6	13790865	13791877	2	2	1	12	0	43
chr6	13791993	13793893	2	2	1	7	0	40
chr6	13793948	13798832	2	2	1	2	0	24
chr6	13798905	13800340	2	2	1	3	0	19
chr6	13800383	13801287	2	2	1	2	0	31
chr6	13801390	13802242	2	2	1	1	0	42
chr6	13802347	13806924	2	2	1	1	0	33
chr6	14930995	14941840	2	4	1	1	0	29
chr6	15039483	15053923	1	1	1	1	0	17
chr6	15497171	15500906	1	1	1	1	0	5
chr6	15512391	15512914	1	1	1	2	0	46
chr6	15615400	15627342	2	2	1	1	0	20
chr6	15746635	15746763	1	1	1	2	0	37
chr6	15931176	15931648	0	0	1	3	0	42
chr6	16145318	16146661	1	1	1	3	0	42
chr6	17551605	17556358	1	1	1	1	0	24
chr6	17655584	17656102	1	3	1	1	0	41
chr6	17661780	17662017	2	2	1	1	0	30
chr6	17665386	17669292	2	2	1	1	0	29
chr6	17675034	17675228	2	2	1	1	0	4
chr6	17775063	17777276	2	2	1	1	0	33
chr6	17779685	17780729	2	2	1	2	0	17
chr6	17780907	17781176	2	2	1	1	0	24
chr6	18226243	18236451	2	2	1	1	0	31
chr6	18236601	18237380	2	2	1	4	0	24
chr6	18237517	18249650	2	2	1	29	0	43
chr6	18249840	18255730	2	2	1	27	0	43
chr6	18255852	18256360	2	2	1	8	0	35
chr6	18256456	18257952	2	2	1	7	0	30
chr6	18258063	18258303	2	2	1	4	0	40
chr6	18258406	18263842	2	2	1	1	0	4
chr6	18399700	18401956	1	1	1	1	0	33
chr6	20479958	20481205	1	1	1	1	0	5
chr6	20482921	20486688	1	5	1	1	0	7
chr6	20546524	20548592	1	1	1	2	0	8
chr6	20955586	21000226	1	1	1	1	0	24
chr6	22123726	22124681	2	2	1	2	0	37
chr6	24654531	24657811	2	2	1	1	0	10
chr6	24698068	24701458	1	1	1	1	0	37
chr6	24716325	24718539	2	2	1	1	0	11
chr6	24775825	24777176	1	1	1	2	0	41
chr6	24780741	24781476	1	1	1	2	0	31
chr6	24781622	24784086	1	1	1	2	0	35
chr6	24784170	24784443	1	1	1	2	0	15
chr6	24784555	24785637	1	1	1	1	0	4
chr6	26638729	26643658	2	2	1	0	2	32
chr6	26889198	26925119	2	2	1	0	1	4
chr6	27841662	27852108	1	1	1	1	0	8
chr6	28245976	28246968	2	2	1	1	0	25
chr6	28909089	28911695	2	2	1	2	0	23
chr6	28911719	28920011	2	2	1	2	0	24
chr6	29944398	29944499	1	1	1	1	0	22
chr6	29945282	29945450	1	1	1	2	0	44
chr6	30057718	30058114	2	2	1	1	0	31
chr6	30062018	30062223	1	1	1	1	0	28
chr6	30062334	30064672	1	1	1	1	0	4
chr6	30261480	30261586	1	1	1	1	0	44
chr6	30292600	30294470	2	2	1	1	0	17
chr6	30345399	30345490	1	1	1	2	0	32
chr6	30345574	30346431	1	1	1	2	0	27
chr6	30346558	30346712	1	1	1	12	0	43
chr6	30571561	30577408	1	1	1	4	0	33
chr6	30577456	30577817	1	1	1	5	0	39
chr6	30577914	30578072	1	1	1	1	0	4
chr6	30578203	30578347	1	1	1	3	0	19
chr6	30578386	30578469	1	1	1	2	0	38
chr6	30578578	30579930	1	1	1	13	0	46
chr6	30580006	30580405	1	1	1	9	0	39
chr6	30580520	30582393	1	1	1	16	0	46
chr6	30585344	30585557	1	1	1	1	0	15
chr6	30585992	30586133	1	1	1	1	0	40
chr6	30586549	30586640	1	1	1	1	0	36
chr6	30589975	30590148	1	1	1	1	0	32
chr6	30605095	30605922	2	2	1	1	0	37
chr6	30606857	30607839	2	2	1	2	0	39
chr6	30607892	30608778	2	2	1	2	0	40
chr6	30622899	30624882	1	1	1	1	0	36
chr6	30652718	30652801	1	1	1	1	0	13
chr6	30653371	30654705	2	2	1	1	0	39
chr6	30677289	30679178	2	2	1	1	0	10
chr6	30702878	30703103	2	2	1	1	0	6
chr6	30702937	30703103	2	2	1	1	0	30
chr6	30723029	30723339	1	1	1	1	0	3
chr6	30725044	30725305	2	2	1	2	0	33
chr6	30725117	30725241	0	0	1	12	0	43
chr6	30730187	30730427	2	2	1	1	0	33
chr6	30730728	30730918	2	2	1	1	0	44
chr6	30731101	30740157	2	2	1	1	0	6
chr6	30740799	30741189	2	2	1	1	0	21
chr6	30839505	30843717	1	3	1	1	0	28
chr6	30900040	30900101	1	1	1	1	0	43
chr6	30911270	30911430	1	1	1	1	0	15
chr6	30922775	30922897	1	1	1	1	0	7
chr6	30922977	30923103	1	1	1	1	0	6
chr6	31154800	31156730	2	2	1	1	0	27
chr6	31156279	31156730	2	2	1	1	0	39
chr6	31164868	31165127	2	2	1	9	0	43
chr6	31165287	31165570	2	2	1	7	0	42
chr6	31165702	31165926	2	2	1	3	0	30
chr6	31166048	31170215	2	4	1	1	3	34
chr6	31221631	31228190	1	1	1	0	2	41
chr6	31268947	31269044	2	2	1	1	0	29
chr6	31271349	31271598	2	2	1	1	0	21
chr6	31530451	31530778	2	2	1	28	0	45
chr6	31530927	31531052	2	2	1	2	0	41
chr6	31531198	31531295	2	2	1	1	0	32
chr6	31532912	31535366	2	2	1	2	0	32
chr6	31535486	31536499	2	2	1	1	0	8
chr6	31538856	31539146	2	2	1	2	0	40
chr6	31616507	31616815	1	1	1	1	0	25
chr6	31629846	31630590	1	1	1	1	0	10
chr6	31635273	31635393	1	1	1	1	0	5
chr6	31636609	31636732	1	1	1	2	0	19
chr6	31637137	31637233	1	1	1	1	0	17
chr6	31639227	31639499	2	2	1	6	0	42
chr6	31639227	31640198	2	2	1	8	0	31
chr6	31639647	31640198	2	2	1	1	0	19
chr6	31668655	31669096	1	1	1	1	0	30
chr6	31669509	31669835	1	1	1	4	0	35
chr6	31687901	31688040	2	2	1	1	0	39
chr6	31731004	31732216	2	2	1	1	0	46
chr6	31733673	31733835	2	2	1	1	0	18
chr6	31733962	31734153	2	2	1	1	0	17
chr6	31734264	31736261	2	2	1	1	0	23
chr6	31777663	31777935	2	2	1	1	0	18
chr6	31777663	31778966	2	2	1	21	0	43
chr6	31782178	31782284	2	2	1	1	0	38
chr6	31797883	31797989	2	2	1	2	0	19
chr6	31837436	31839542	1	1	1	10	0	34
chr6	31885017	31886580	2	2	1	2	0	12
chr6	31889603	31892406	2	2	1	2	0	10
chr6	31892735	31892825	2	2	1	2	0	41
chr6	31952359	31956692	2	2	1	1	0	29
chr6	31952399	31953728	2	2	1	18	0	44
chr6	31953832	31954079	2	2	1	4	0	29
chr6	31954135	31954297	2	2	1	1	0	30
chr6	31954443	31954554	2	2	1	1	0	28
chr6	31954878	31955058	2	2	1	1	0	38
chr6	31955097	31955218	2	2	1	1	0	10
chr6	31958455	31958891	2	2	1	1	0	21
chr6	31969421	31969514	1	1	1	3	0	37
chr6	32121349	32126116	2	2	1	1	0	33
chr6	32184836	32185323	2	4	1	3	0	4
chr6	32187783	32187965	2	2	1	1	0	10
chr6	32270146	32270934	1	1	1	1	0	39
chr6	32894928	32900919	1	1	1	1	0	16
chr6	32978006	32978125	1	1	1	20	0	42
chr6	32978389	32979827	1	1	1	1	0	25
chr6	32980133	32980341	1	1	1	2	0	40
chr6	32980664	32981169	2	2	1	2	0	16
chr6	33134296	33139626	2	2	1	0	1	3
chr6	33202428	33202559	1	1	1	1	0	16
chr6	33272123	33272627	1	1	1	6	0	34
chr6	33272727	33275796	1	1	1	19	0	46
chr6	33275884	33275964	1	1	1	42	0	43
chr6	33276067	33276175	1	1	1	441	5	46
chr6	33276067	33276390	1	1	1	8	0	41
chr6	33276215	33276420	2	2	1	41	0	36
chr6	33276262	33276384	2	2	1	2	5	21
chr6	33276268	33276390	1	1	1	1636	2	46
chr6	33279375	33279496	2	2	1	4	0	38
chr6	33279611	33279763	2	2	1	1	0	45
chr6	33289921	33290173	1	1	1	1	0	17
chr6	33290245	33290325	1	1	1	1	0	4
chr6	33290451	33290715	1	1	1	2	0	31
chr6	33294763	33294976	2	2	1	1	0	22
chr6	33318665	33319207	2	4	1	1	0	12
chr6	33318803	33318996	2	2	1	3	0	25
chr6	33319220	33319379	2	2	1	4	0	12
chr6	33319855	33320010	2	2	1	1	0	7
chr6	33398167	33398287	1	1	1	1	0	41
chr6	33406876	33409645	1	1	1	1	0	32
chr6	33416777	33416919	2	2	1	9	0	44
chr6	33416970	33417096	2	2	1	3	0	19
chr6	33677630	33678420	1	1	1	1	0	6
chr6	33684466	33684597	1	1	1	1	0	13
chr6	33697751	33700443	2	2	1	49	0	44
chr6	33700514	33701345	2	2	1	13	0	44
chr6	33701421	33711548	2	2	1	6	0	30
chr6	34237318	34240736	1	1	1	1	0	27
chr6	34240883	34242711	1	1	1	2	0	37
chr6	34240916	34242711	1	1	1	2	0	39
chr6	34242796	34243467	1	1	1	3	0	33
chr6	34245563	34246083	1	1	1	5	0	36
chr6	34245941	34246049	2	4	1	2	0	30
chr6	34288932	34293450	2	2	1	1	0	43
chr6	34417548	34417797	2	2	1	2	0	38
chr6	34417548	34418368	2	2	1	394	19	46
chr6	34418425	34421729	2	2	1	158	160	46
chr6	34421808	34424668	2	2	1	44	38	45
chr6	34424841	34425071	2	2	1	5	0	45
chr6	34425222	34426031	2	2	1	1	0	21
chr6	34590601	34606554	2	2	1	1	0	3
chr6	34654780	34696445	2	2	1	1	0	27
chr6	34757552	34757911	1	1	1	1	0	31
chr6	34762704	34767907	1	1	1	1	0	4
chr6	34789830	34802451	2	2	1	1	0	22
chr6	34878721	34879966	2	2	1	1	0	42
chr6	34883081	34887786	2	2	1	11	0	42
chr6	34981987	34982751	1	1	1	1	0	11
chr6	34982828	34983112	1	1	1	1	0	5
chr6	34989317	34994301	1	1	1	1	0	25
chr6	35468440	35468798	1	1	1	2	0	24
chr6	35468874	35468946	1	1	1	2	2	20
chr6	35469028	35469380	1	1	1	7	0	35
chr6	35469530	35470178	1	1	1	9	1	40
chr6	35469624	35470704	2	4	1	1	5	32
chr6	35470352	35470579	1	1	1	177	1	46
chr6	35591221	35597247	2	2	1	1	0	20
chr6	35777582	35779354	1	1	1	1	0	6
chr6	35833818	35834056	2	4	1	1	0	22
chr6	35869111	35869481	2	2	1	1	0	11
chr6	35870495	35870933	2	2	1	3	0	18
chr6	35870960	35872562	2	2	1	5	0	27
chr6	35872729	35874232	2	2	1	1	0	12
chr6	35874340	35886723	2	2	1	1	0	34
chr6	35886812	35888023	2	2	1	1	0	4
chr6	35888924	35890894	2	2	1	2	0	36
chr6	35891014	35920467	2	2	1	1	0	30
chr6	36481760	36484713	1	1	1	1	0	24
chr6	36568054	36580716	2	2	1	0	1	39
chr6	36596969	36598848	1	1	1	4	0	37
chr6	36598984	36601151	1	1	1	3	0	39
chr6	36601191	36601707	1	1	1	5	0	40
chr6	36601795	36601961	1	1	1	2	0	41
chr6	36602794	36602863	2	4	1	2	0	38
chr6	36970474	36970646	2	2	1	1	0	20
chr6	36981673	36985852	2	2	1	1	0	7
chr6	37089505	37091139	2	2	1	1	0	26
chr6	37104724	37107244	2	2	1	1	0	39
chr6	37381355	37390741	1	1	1	1	0	18
chr6	37433378	37435623	1	1	1	1	0	22
chr6	38677384	38682011	2	2	1	1	0	35
chr6	38684515	38686891	2	2	1	3	0	41
chr6	38686975	38702970	2	2	1	4	0	16
chr6	41789337	41789530	1	1	1	1	0	5
chr6	41789337	41789567	1	1	1	1	0	35
chr6	41789612	41789746	2	4	1	4	0	38
chr6	41871638	41891793	2	2	1	1	0	45
chr6	41909523	41916784	2	2	1	1	0	23
chr6	42068608	42077099	1	1	1	1	0	30
chr6	42208948	42210487	2	2	1	4	0	42
chr6	42211918	42214119	2	2	1	1	0	21
chr6	42645591	42648117	1	1	1	1	0	14
chr6	42879952	42880860	1	1	1	2	0	16
chr6	42884751	42885973	1	1	1	1	0	44
chr6	42886471	42887159	1	1	1	1	0	24
chr6	42929722	42934474	1	1	1	1	0	26
chr6	42939000	42939191	2	2	1	2	0	41
chr6	43009228	43009321	1	1	1	1	0	13
chr6	43010737	43010880	1	1	1	1	0	46
chr6	43012311	43012552	1	1	1	1	0	41
chr6	43012622	43012925	2	2	1	2	0	37
chr6	43018720	43018862	1	1	1	1	0	22
chr6	43027478	43029091	1	1	1	2	0	24
chr6	43054487	43055544	2	2	1	2	0	39
chr6	43070866	43071274	1	1	1	1	0	30
chr6	43225882	43226032	2	2	1	1	0	12
chr6	43340503	43340789	2	2	1	2	0	36
chr6	43477629	43478086	1	1	1	2	0	36
chr6	43512316	43512760	2	2	1	1	0	20
chr6	43513634	43515192	2	2	1	0	1	6
chr6	43524006	43524470	2	2	1	11	0	37
chr6	43526748	43527633	2	2	1	1	0	30
chr6	43560304	43560923	2	2	1	1	0	40
chr6	43561008	43562246	2	2	1	1	0	40
chr6	43582457	43583006	1	1	1	1	0	46
chr6	43675272	43675493	2	2	1	1	0	3
chr6	44114210	44116540	2	2	1	2	0	33
chr6	44230666	44230810	1	1	1	3	0	34
chr6	44232107	44232342	1	1	1	1	0	36
chr6	44233007	44233416	1	1	1	2	0	29
chr6	44248777	44249376	1	1	1	2	0	46
chr6	44249584	44249674	1	1	1	9	0	46
chr6	44249835	44250020	1	1	1	51	0	45
chr6	44250155	44250290	1	1	1	182	0	46
chr6	44250600	44251047	1	1	1	47	0	46
chr6	44251214	44251417	1	1	1	4	0	31
chr6	44251609	44251736	1	1	1	3	0	43
chr6	44251885	44251998	1	1	1	13	0	43
chr6	44252040	44253665	0	0	1	4	0	39
chr6	44252268	44253044	1	1	1	4	0	34
chr6	44253379	44253488	1	1	1	17	0	45
chr6	44392829	44393445	1	1	1	4	0	27
chr6	44393574	44396340	1	1	1	1	0	7
chr6	44396441	44403808	1	1	1	1	0	39
chr6	44404028	44406322	1	1	1	2	0	36
chr6	44422810	44424418	1	1	1	1	0	3
chr6	44424584	44426102	1	1	1	3	0	36
chr6	44426184	44426481	1	1	1	5	0	39
chr6	44829858	44932652	2	2	1	10	0	43
chr6	45373633	45375188	2	2	1	1	0	32
chr6	47478249	47503279	1	1	1	1	0	37
chr6	47503441	47533601	1	1	1	1	0	12
chr6	47544707	47554645	1	1	1	2	0	18
chr6	47554767	47574063	1	1	1	1	0	39
chr6	47576603	47577008	1	1	1	1	0	17
chr6	47577104	47579384	1	1	1	1	0	6
chr6	47599444	47606164	1	1	1	4	0	38
chr6	47606278	47607926	1	1	1	2	0	16
chr6	49471029	49472062	1	1	1	1	0	11
chr6	49481081	49488351	1	1	1	1	0	25
chr6	52264787	52266074	2	2	1	2	0	35
chr6	52266145	52266610	2	2	1	1	0	32
chr6	52267969	52269085	2	2	1	2	0	44
chr6	52269227	52272300	2	2	1	4	0	45
chr6	52273357	52273741	2	2	1	7	0	40
chr6	52276477	52277066	2	2	1	1	0	12
chr6	52671246	52677086	1	1	1	1	0	20
chr6	53092548	53092733	1	1	1	1	0	8
chr6	53092825	53093465	1	1	1	2	0	37
chr6	53093562	53093884	1	1	1	3	0	29
chr6	53294492	53295641	2	2	1	1	0	23
chr6	53330665	53331236	1	1	1	1	0	29
chr6	53498968	53500044	2	2	1	1	0	27
chr6	53500514	53505391	2	2	1	1	0	35
chr6	53514498	53516108	2	2	1	1	0	33
chr6	56471269	56472058	2	2	1	1	0	21
chr6	56474003	56476148	2	2	1	1	0	37
chr6	56492434	56492933	2	2	1	1	0	27
chr6	56494181	56497378	2	2	1	3	0	44
chr6	56498054	56501079	2	2	1	1	0	8
chr6	56506545	56506666	2	2	1	3	0	35
chr6	56517621	56526360	2	2	1	3	0	32
chr6	56568596	56569855	2	2	1	0	1	3
chr6	56570013	56572099	2	2	1	1	0	3
chr6	56572267	56572746	2	2	1	7	0	35
chr6	56573065	56573678	2	2	1	2	0	8
chr6	56573888	56578813	2	2	1	1	0	26
chr6	56578938	56592181	2	2	1	1	0	23
chr6	56594194	56597739	2	2	1	1	0	38
chr6	56600222	56601442	2	2	1	1	0	15
chr6	56611597	56614355	2	2	1	1	0	9
chr6	56614485	56624529	2	2	1	1	0	5
chr6	56624629	56625156	2	2	1	3	0	45
chr6	56632041	56632853	2	2	1	1	0	22
chr6	56634954	56635588	2	2	1	1	0	33
chr6	56636653	56639258	2	2	1	1	0	17
chr6	56639364	56639449	2	2	1	3	0	18
chr6	56639612	56639695	2	2	1	1	0	11
chr6	56639774	56639928	2	2	1	1	0	3
chr6	56640606	56641946	2	2	1	1	0	27
chr6	56648690	56650925	2	2	1	2	0	44
chr6	57046777	57047312	1	1	1	1	0	42
chr6	57090895	57099060	1	1	1	4	0	43
chr6	57099142	57124733	1	1	1	4	0	37
chr6	57148694	57150718	1	1	1	1	0	6
chr6	57172811	57182031	1	1	1	1	0	17
chr6	57324281	57325924	1	1	1	1	0	36
chr6	63679021	63679999	1	1	1	1	0	11
chr6	63692044	63694580	1	1	1	8	0	40
chr6	63698368	63698448	1	1	1	1	0	17
chr6	63702640	63703535	1	1	1	2	0	27
chr6	63706225	63706728	1	1	1	3	0	38
chr6	63711363	63711585	1	1	1	4	0	27
chr6	70533855	70536259	1	1	1	1	0	18
chr6	70536412	70538290	1	1	1	2	0	45
chr6	70567005	70567415	1	1	1	3	0	36
chr6	70567005	70579413	1	1	1	1	0	14
chr6	70732512	70754979	1	1	1	9	0	40
chr6	70755066	70773349	1	1	1	15	0	44
chr6	73242238	73242405	2	2	1	1	0	15
chr6	73445748	73451524	2	2	1	1	0	21
chr6	73517591	73549021	2	2	1	1	0	41
chr6	73517763	73517866	2	4	1	19	0	4
chr6	73517819	73517866	2	4	1	4	0	4
chr6	73517935	73518029	2	2	1	35	0	44
chr6	73518265	73518353	2	2	1	18	0	42
chr6	73518611	73518697	2	2	1	7	0	38
chr6	73518849	73518931	2	2	1	2	0	27
chr6	73519229	73519336	2	2	1	10	0	41
chr6	73519517	73519882	2	2	1	3	0	37
chr6	73520057	73520999	2	2	1	0	1	13
chr6	75237989	75240300	2	2	1	51	0	45
chr6	75237989	75241175	2	2	1	1	0	13
chr6	75240386	75241175	2	2	1	6	0	34
chr6	75241266	75243716	2	2	1	1	0	29
chr6	75259491	75260823	2	2	1	2	0	23
chr6	75602577	75621531	1	1	1	1	0	8
chr6	75621626	75622750	1	1	1	1	0	29
chr6	75621626	75623899	1	1	1	3	0	45
chr6	75622859	75623899	1	1	1	1	0	14
chr6	75633727	75634706	1	1	1	3	0	34
chr6	75670721	75675434	1	1	1	1	0	6
chr6	75675469	75675859	1	1	1	1	0	34
chr6	75676055	75677167	1	1	1	1	0	43
chr6	75678693	75678810	1	1	1	1	0	5
chr6	75711417	75713512	1	1	1	1	0	22
chr6	75713826	75715384	1	1	1	1	0	35
chr6	75844978	75848350	1	1	1	1	0	35
chr6	75881819	75886003	1	1	1	1	0	26
chr6	75886995	75890056	1	1	1	5	0	44
chr6	75890266	75891227	1	1	1	2	0	18
chr6	75891307	75892529	1	1	1	1	0	21
chr6	75914282	75914812	1	1	1	1	0	40
chr6	78897960	78898063	1	1	1	2	0	39
chr6	78946875	78947622	2	2	1	9	0	45
chr6	78965765	78965944	2	2	1	1	0	16
chr6	78970889	78978591	2	2	1	1	0	36
chr6	78978712	78982885	2	2	1	1	0	31
chr6	78983118	78985351	2	2	1	19	1	45
chr6	78985429	78988208	2	2	1	4	0	45
chr6	78990986	78997413	2	2	1	2	0	22
chr6	79017584	79019088	2	2	1	3	0	36
chr6	79019160	79025518	2	2	1	1	0	43
chr6	79201727	79202275	2	2	1	2	0	41
chr6	79201727	79202316	2	2	1	5	0	25
chr6	79202390	79203579	2	2	1	4	0	43
chr6	79208577	79214971	2	2	1	2	0	25
chr6	79215023	79234545	2	2	1	3	0	21
chr6	79916884	79919419	2	2	1	1	0	7
chr6	80011981	80013278	1	1	1	1	0	15
chr6	80031560	80034984	1	1	1	1	0	4
chr6	80035143	80035265	1	1	1	3	0	10
chr6	80169031	80171281	1	1	1	1	0	11
chr6	80171391	80200933	1	1	1	1	0	35
chr6	80203213	80273134	1	1	1	1	0	41
chr6	82191217	82191786	2	2	1	1	0	34
chr6	82200709	82201421	2	2	1	1	0	30
chr6	82201483	82202527	2	2	1	1	0	26
chr6	83169324	83170304	2	2	1	0	1	4
chr6	83176061	83178672	2	2	1	2	0	33
chr6	84174955	84175213	2	2	1	2	0	19
chr6	84213025	84215281	2	2	1	1	0	46
chr6	84215466	84215775	2	2	1	1	0	7
chr6	85611480	85611672	1	1	1	1	0	36
chr6	85618940	85619267	2	2	1	31	0	39
chr6	85619418	85622481	2	2	1	9	0	32
chr6	85622688	85623976	2	2	1	3	0	37
chr6	85624113	85636966	2	2	1	7	0	45
chr6	85637144	85637242	2	2	1	1	0	41
chr6	85637357	85640220	2	2	1	2	0	33
chr6	85640329	85640445	2	2	1	1	0	5
chr6	85640565	85641291	2	2	1	2	0	22
chr6	85641452	85642796	2	2	1	1	0	30
chr6	85677192	85677423	2	2	1	25	0	46
chr6	85677493	85677794	2	2	1	6	0	46
chr6	85677493	85677953	2	2	1	1	0	15
chr6	85678033	85678135	2	2	1	1	0	33
chr6	87160088	87163348	1	3	1	1	0	38
chr6	87185506	87187625	1	1	1	2	0	41
chr6	87216378	87218595	1	1	1	1	0	23
chr6	87514500	87514956	2	2	1	9	0	46
chr6	87515021	87516805	2	2	1	2	0	45
chr6	87516881	87518168	2	2	1	1	0	26
chr6	87520257	87521463	2	2	1	1	0	10
chr6	87521525	87524556	2	2	1	1	0	38
chr6	87524653	87529541	2	2	1	1	0	7
chr6	87547728	87548215	2	4	1	1	0	37
chr6	87606022	87607672	1	1	1	2	0	23
chr6	87658019	87663002	1	1	1	1	0	46
chr6	87664860	87665753	1	1	1	2	0	37
chr6	87675932	87677817	2	2	1	1	0	7
chr6	87681764	87701449	2	2	1	1	0	7
chr6	88844522	88849754	2	2	1	1	0	15
chr6	88849827	88853628	2	2	1	1	0	5
chr6	88929074	88929163	2	2	1	1	0	36
chr6	88941181	88963345	2	2	1	2	0	27
chr6	89637354	89637741	2	2	1	1	0	36
chr6	89653156	89654163	2	2	1	4	0	35
chr6	89655969	89656699	2	2	1	1	0	28
chr6	89661579	89662086	2	2	1	4	0	42
chr6	89662240	89662791	2	2	1	10	0	45
chr6	89662968	89664486	2	2	1	2	0	44
chr6	89664629	89668013	2	2	1	1	0	18
chr6	89672703	89673235	2	2	1	2	0	23
chr6	89684986	89685826	2	2	1	2	0	10
chr6	89688174	89688572	2	2	1	1	0	22
chr6	89723144	89723511	2	2	1	2	0	37
chr6	89758352	89758815	2	2	1	1	0	21
chr6	89758961	89761644	2	2	1	2	0	23
chr6	89780294	89781398	2	2	1	1	0	42
chr6	89781593	89785011	2	2	1	3	0	34
chr6	89830068	89846561	1	1	1	1	0	42
chr6	90062964	90088960	2	2	1	1	0	23
chr6	90519320	90523677	2	2	1	1	0	36
chr6	90536402	90547257	2	2	1	1	0	44
chr6	96537550	96538630	1	1	1	3	0	33
chr6	96538811	96540534	1	1	1	5	0	42
chr6	96540656	96542893	1	1	1	3	0	34
chr6	99401631	99402539	2	2	1	20	0	46
chr6	99402711	99403828	2	2	1	1	0	26
chr6	99403883	99404602	2	2	1	1	0	12
chr6	99404703	99406030	2	2	1	4	0	36
chr6	99408272	99409172	2	2	1	23	0	40
chr6	99409345	99410740	2	2	1	2	0	22
chr6	99476231	99482752	2	2	1	1	0	41
chr6	99531791	99553703	1	1	1	1	0	27
chr6	99543610	99545111	2	2	1	2	0	37
chr6	99549576	99550217	2	2	1	5	0	31
chr6	100509534	100509931	2	2	1	1	0	8
chr6	100631214	100638600	2	2	1	1	0	42
chr6	100650715	100651559	2	2	1	1	0	31
chr6	100767346	100798712	2	2	1	1	0	45
chr6	100799573	100800299	2	2	1	1	0	38
chr6	100800505	100805759	2	2	1	5	0	45
chr6	100805881	100848147	2	2	1	1	0	20
chr6	100864215	100867907	2	2	1	3	0	38
chr6	100868039	100881060	2	2	1	1	0	20
chr6	104958287	105026297	1	1	1	2	0	43
chr6	105281903	105282450	2	2	1	1	0	44
chr6	105329027	105333313	2	2	1	1	0	37
chr6	106279824	106293027	2	2	1	2	0	41
chr6	106572104	106583327	2	2	1	10	0	44
chr6	107040231	107044259	1	1	1	1	0	11
chr6	107871848	107872807	2	2	1	1	0	37
chr6	107881251	107882987	2	2	1	1	0	33
chr6	107883147	107893481	2	2	1	2	0	29
chr6	107893656	107893837	2	2	1	7	0	36
chr6	107893898	107897648	2	2	1	18	0	43
chr6	107897732	107901369	2	2	1	6	0	43
chr6	107906581	107906682	2	2	1	1	0	21
chr6	107909036	107911345	2	2	1	1	0	41
chr6	107924933	107929414	2	2	1	2	0	23
chr6	107929515	107957885	2	2	1	1	0	5
chr6	108214623	108222949	2	2	1	3	0	35
chr6	108519811	108522296	1	1	1	1	0	7
chr6	109145382	109146757	1	1	1	1	0	15
chr6	109153950	109155229	1	1	1	1	0	9
chr6	109159463	109160571	1	1	1	2	0	30
chr6	109392938	109400034	2	2	1	1	0	35
chr6	109444340	109444724	2	2	1	1	0	13
chr6	109444996	109445196	2	2	1	1	0	15
chr6	109656885	109659227	2	2	1	1	0	11
chr6	109825326	109825385	2	2	1	1	0	31
chr6	110107195	110108527	2	2	1	1	0	22
chr6	110193269	110201557	1	1	1	1	0	29
chr6	110201688	110207505	1	1	1	4	0	41
chr6	110207590	110209083	1	1	1	1	0	34
chr6	110219870	110226166	1	1	1	1	0	33
chr6	110226244	110228831	1	1	1	1	0	20
chr6	110614667	110621103	2	2	1	1	0	14
chr6	110892828	110892909	1	1	1	2	0	32
chr6	110893066	110893475	1	1	1	7	0	43
chr6	110958827	110959171	1	1	1	1	0	41
chr6	110959253	110960413	1	1	1	2	0	26
chr6	110960617	110962391	1	1	1	2	0	37
chr6	110962506	110967509	1	1	1	3	0	8
chr6	110982130	110985005	1	1	1	3	0	10
chr6	110985139	110989027	1	1	1	1	0	31
chr6	110999788	111008037	1	1	1	1	0	10
chr6	111008138	111015753	1	1	1	3	0	10
chr6	111024328	111025402	1	1	1	15	0	46
chr6	111559552	111562964	2	2	1	1	0	14
chr6	111563040	111566443	2	2	1	1	0	3
chr6	112136255	112139119	2	2	1	1	0	30
chr6	113941089	113941707	2	2	1	8	0	45
chr6	113941766	113943350	2	2	1	10	0	40
chr6	113943507	113944279	2	2	1	22	0	46
chr6	113945471	113946007	2	2	1	2	0	42
chr6	113946149	113948978	2	2	1	1	0	21
chr6	113949088	113949167	2	2	1	1	0	13
chr6	113953419	113956012	2	2	1	1	0	18
chr6	113956694	113958648	2	2	1	1	0	36
chr6	113960019	113970856	2	2	1	1	0	9
chr6	114371693	114395213	1	1	1	1	0	11
chr6	114395282	114406642	1	1	1	1	0	13
chr6	114422586	114427993	1	1	1	0	6	38
chr6	116221229	116223033	1	1	1	1	0	7
chr6	116223132	116236965	1	1	1	1	0	11
chr6	116239124	116243908	1	1	1	1	1	19
chr6	116571656	116580294	1	1	1	2	0	28
chr6	116580361	116584726	1	1	1	6	0	33
chr6	116584858	116588841	1	1	1	9	0	45
chr6	116588986	116590271	1	1	1	4	0	39
chr6	116590951	116592979	1	1	1	1	0	27
chr6	116659225	116708880	1	1	1	1	0	39
chr6	116681339	116681492	1	1	1	1	0	43
chr6	117999149	117999424	1	3	1	0	3	27
chr6	118481934	118483705	2	2	1	3	0	27
chr6	118483859	118491685	2	2	1	1	0	12
chr6	118905829	118907401	1	1	1	1	0	29
chr6	118980351	119002898	2	2	1	1	0	10
chr6	119188578	119189663	2	2	1	1	0	40
chr6	122412482	122412636	1	1	1	1	0	13
chr6	122431515	122431924	1	1	1	1	0	26
chr6	122586008	122633282	1	1	1	1	0	16
chr6	123516207	123530505	2	2	1	1	0	10
chr6	125276244	125277101	2	2	1	3	0	42
chr6	125277241	125292840	2	2	1	1	0	4
chr6	125292910	125300537	2	2	1	1	0	19
chr6	125718185	125720028	1	1	1	1	0	19
chr6	125815405	125855019	1	1	1	2	0	16
chr6	125998685	125999456	1	1	1	3	0	30
chr6	126013102	126021159	1	1	1	1	0	40
chr6	126021281	126038704	1	1	1	1	0	18
chr6	126346319	126348465	1	1	1	29	0	44
chr6	127454102	127459174	2	2	1	1	0	5
chr6	127513050	127514822	2	2	1	2	0	37
chr6	127996989	127998719	2	2	1	2	0	23
chr6	128062425	128064757	2	2	1	1	0	2
chr6	128064795	128067518	2	2	1	1	0	11
chr6	129605960	129607892	2	2	1	1	0	9
chr6	130051409	130052858	1	1	1	1	0	11
chr6	130066489	130068329	1	1	1	1	0	32
chr6	130840599	130858130	2	2	1	1	0	16
chr6	130870127	130885095	2	2	1	3	0	43
chr6	130885269	130890293	2	2	1	1	0	16
chr6	131145417	131153933	1	1	1	2	0	28
chr6	131861705	131864505	1	1	1	1	0	17
chr6	131949561	131949948	2	2	1	1	0	18
chr6	132460851	132463992	2	2	1	1	0	30
chr6	132796871	132796981	2	2	1	1	0	29
chr6	132814614	132814731	1	1	1	2	0	19
chr6	132814783	132814971	1	1	1	3	0	28
chr6	132815089	132816460	1	1	1	8	4	40
chr6	132815225	132816460	1	1	1	2	0	24
chr6	132816564	132816959	1	1	1	220	0	44
chr6	132817062	132817479	1	1	1	455	0	46
chr6	134969339	134978678	2	2	1	1	0	30
chr6	134979269	134982457	2	2	1	1	0	30
chr6	135042127	135050581	2	2	1	1	0	28
chr6	135438499	135442581	2	2	1	1	0	41
chr6	135463307	135465813	2	2	1	3	0	43
chr6	135490748	135492227	2	2	1	1	0	20
chr6	136261116	136261264	2	2	1	2	0	6
chr6	136261478	136267028	2	2	1	6	0	41
chr6	136261478	136268161	2	2	1	0	1	43
chr6	136267176	136268161	2	2	1	2	0	17
chr6	136268340	136269436	2	2	1	1	0	24
chr6	136269304	136269436	2	2	1	2	0	25
chr6	136269613	136271994	2	2	1	4	0	28
chr6	136272080	136273081	2	2	1	9	4	37
chr6	136273188	136275531	2	2	1	1	1	17
chr6	136344239	136345855	2	2	1	2	0	33
chr6	136346080	136356691	2	2	1	1	0	34
chr6	136360799	136361004	2	2	1	1	0	13
chr6	138265845	138266116	1	1	1	1	0	42
chr6	138286917	138287073	1	1	1	2	0	37
chr6	138404598	138405144	1	1	1	3	0	40
chr6	138905133	138907494	2	2	1	2	0	19
chr6	138907601	138908667	2	2	1	1	0	22
chr6	138911372	138912764	2	2	1	1	0	3
chr6	138926482	138929976	2	2	1	1	0	39
chr6	139028876	139034154	1	1	1	2	0	40
chr6	142169678	142170345	1	1	1	1	0	14
chr6	142198616	142203984	1	1	1	2	0	25
chr6	142204066	142218497	1	1	1	1	0	32
chr6	143284226	143333281	1	1	1	1	0	22
chr6	143333446	143334077	1	1	1	1	0	18
chr6	143334096	143335050	1	3	1	1	0	15
chr6	143428507	143428611	2	2	1	2	0	17
chr6	143502566	143503912	2	2	1	1	0	34
chr6	143712184	143748984	1	1	1	1	0	8
chr6	143749066	143753753	1	1	1	1	0	3
chr6	143765799	143772257	1	1	1	1	0	15
chr6	143772458	143774058	1	1	1	3	0	34
chr6	143774216	143777327	1	1	1	1	0	3
chr6	143777384	143783218	1	1	1	2	0	16
chr6	143783281	143788772	1	1	1	9	0	46
chr6	143788911	143807056	1	3	1	1	0	5
chr6	143846225	143850130	1	1	1	1	0	37
chr6	143862897	143863085	1	1	1	2	0	21
chr6	144423627	144423985	1	1	1	1	0	40
chr6	144428894	144429580	1	1	1	7	0	45
chr6	144440472	144444280	1	1	1	1	0	15
chr6	144447782	144448599	1	1	1	1	0	39
chr6	144448770	144451369	1	1	1	2	0	39
chr6	144451494	144453781	1	1	1	1	0	17
chr6	144474760	144479811	1	1	1	2	0	4
chr6	144514821	144516228	1	1	1	7	0	38
chr6	144516388	144516810	1	1	1	2	0	43
chr6	144531203	144533084	1	1	1	2	0	17
chr6	144548855	144550964	1	1	1	3	0	11
chr6	144700244	144730356	1	1	1	2	0	9
chr6	144754799	144757928	1	1	1	1	0	25
chr6	144846828	144850988	1	1	1	1	0	12
chr6	145913550	145918130	2	2	1	1	0	44
chr6	145943803	145945380	2	2	1	1	0	19
chr6	145946342	145947492	2	2	1	1	0	12
chr6	145947644	145948271	2	2	1	1	0	26
chr6	147359324	147363334	1	1	1	1	0	45
chr6	149379519	149397603	1	1	1	1	0	3
chr6	149512303	149517353	2	2	1	4	0	43
chr6	149517451	149521059	2	2	1	1	0	12
chr6	149521172	149525142	2	2	1	1	0	9
chr6	149525210	149526651	2	2	1	1	0	8
chr6	149533575	149534677	2	2	1	2	0	35
chr6	149534775	149535595	2	2	1	3	0	40
chr6	149535739	149540941	2	2	1	2	0	18
chr6	149566535	149572284	1	1	1	1	0	44
chr6	149572345	149572506	1	1	1	1	0	13
chr6	149579991	149580592	1	1	1	1	0	19
chr6	149582604	149590726	1	1	1	2	0	41
chr6	149623284	149632758	2	2	1	1	0	8
chr6	149742571	149743637	2	2	1	1	0	14
chr6	149771267	149773137	1	1	1	2	0	26
chr6	149773170	149789953	1	1	1	4	0	32
chr6	149796501	149802199	1	1	1	1	0	19
chr6	150728456	150728754	1	1	1	1	0	27
chr6	150876175	150877633	1	1	1	1	0	44
chr6	150877685	150877772	1	1	1	1	0	4
chr6	150877827	150882761	1	1	1	2	0	34
chr6	150887982	150898859	1	1	1	9	0	36
chr6	150936941	150938698	1	1	1	1	0	12
chr6	151452587	151454547	1	1	1	1	0	19
chr6	152971415	152972271	2	2	1	2	0	38
chr6	152991322	152992856	2	2	1	0	1	33
chr6	154803624	154805368	1	1	1	1	0	14
chr6	154808799	154810014	1	1	1	6	0	43
chr6	154922264	154922404	1	1	1	1	0	45
chr6	155249970	155250912	1	1	1	1	0	11
chr6	155258083	155260272	2	2	1	2	0	23
chr6	155285278	155296952	2	2	1	1	0	39
chr6	155297105	155298476	2	2	1	2	0	24
chr6	157310960	157312374	2	2	1	2	0	43
chr6	157909791	157909907	1	1	1	1	0	24
chr6	157938748	157940882	1	1	1	1	0	20
chr6	157940975	157942790	1	1	1	1	0	8
chr6	158581609	158597643	2	2	1	1	0	24
chr6	158769419	158769783	2	2	1	1	0	26
chr6	158770895	158771243	2	2	1	5	0	40
chr6	158771408	158776407	2	2	1	19	0	42
chr6	158776505	158783519	2	2	1	2	0	29
chr6	158783667	158784643	2	2	1	10	0	31
chr6	158784728	158785308	2	2	1	5	0	32
chr6	158785584	158787107	2	4	1	1	0	5
chr6	159685034	159688125	2	2	1	1	0	25
chr6	159762143	159762918	1	1	1	1	0	29
chr6	159767187	159768510	1	1	1	4	0	44
chr6	159775314	159776149	1	1	1	1	0	45
chr6	159776273	159777301	1	1	1	2	0	22
chr6	159777457	159778169	1	1	1	1	0	34
chr6	159778281	159778658	1	1	1	14	0	37
chr6	159779262	159779626	2	2	1	3	0	17
chr6	159780088	159780442	2	2	1	2	0	44
chr6	159780567	159780934	2	2	1	1	0	9
chr6	159784848	159785385	2	2	1	1	0	8
chr6	159787872	159788057	2	2	1	1	0	25
chr6	160043289	160044513	1	1	1	1	0	42
chr6	160044658	160045744	1	1	1	1	0	44
chr6	160045883	160046497	1	1	1	1	0	28
chr6	160050653	160056423	1	1	1	1	0	5
chr6	160992084	161034258	1	1	1	1	0	13
chr6	161034450	161048615	1	1	1	2	0	44
chr6	161070851	161073465	1	1	1	1	0	36
chr6	161073613	161080880	1	1	1	1	0	33
chr6	161108860	161109754	1	1	1	1	0	20
chr6	161112775	161115122	1	1	1	1	0	21
chr6	163455422	163478779	1	1	1	1	0	16
chr6	165299503	165300363	2	2	1	1	0	21
chr6	166320257	166322856	2	2	1	1	0	30
chr6	166322887	166324536	2	2	1	1	0	21
chr6	166858260	166862107	2	2	1	2	0	24
chr6	167026616	167032602	1	1	1	4	0	40
chr6	167032643	167033874	1	1	1	2	0	15
chr6	167864747	167870382	1	1	1	4	0	13
chr6	167864747	167870385	1	1	1	3	0	26
chr6	167870499	167872213	1	1	1	9	0	41
chr6	167870499	167872216	1	1	1	7	0	37
chr6	167872378	167875334	1	1	1	1	0	3
chr6	167875496	167880359	1	1	1	1	0	32
chr6	167946902	167947852	1	1	1	3	0	41
chr6	168002660	168003613	1	1	1	1	0	29
chr6	169689013	169689126	2	2	1	1	0	45
chr6	169704089	169705132	2	2	1	6	0	45
chr6	169714843	169715707	2	2	1	2	0	33
chr6	169717901	169718787	2	2	1	1	0	26
chr6	169779296	169781329	1	1	1	1	0	5
chr6	170388494	170391012	1	1	1	3	0	32
chr6	170398362	170398944	1	1	1	1	0	19
chr6	170399606	170400147	1	1	1	0	1	16
chr6	170399760	170400147	1	1	1	0	1	16
chr6	170399799	170400108	1	1	1	0	1	37
chr6	170399799	170400147	1	1	1	0	1	16
chr6	170399992	170400147	1	1	1	0	1	16
chr6	170535406	170537233	2	2	1	8	1	45
chr6	170537341	170543600	2	2	1	2	0	36
chr6	170546185	170549005	2	2	1	3	0	22
chr6	170549114	170553129	2	2	1	1	0	43
chr6	170554464	170556881	1	1	1	1	0	7
chr6	170577718	170578856	2	2	1	1	0	9
chr6	170578657	170578856	2	2	1	3	0	26
chr6	170578971	170580001	2	2	1	1	0	24
chr7	498575	501115	2	2	1	1	0	3
chr7	579378	584507	2	2	1	1	0	4
chr7	846615	846888	2	4	1	1	0	41
chr7	887520	890927	1	1	1	1	0	30
chr7	973293	975427	2	2	1	3	0	24
chr7	2255170	2256873	2	2	1	12	0	34
chr7	2362765	2363069	1	1	1	2	0	22
chr7	2363128	2363631	1	1	1	1	0	22
chr7	2366592	2366998	1	1	1	1	0	11
chr7	2367046	2369471	1	1	1	3	0	34
chr7	2374607	2375388	1	1	1	1	0	34
chr7	2379243	2379393	1	1	1	2	0	27
chr7	2642921	2644099	1	3	1	1	0	29
chr7	2906329	2937036	2	2	1	1	0	26
chr7	2910166	2912171	2	2	1	1	0	38
chr7	2969346	2970321	2	2	1	0	1	36
chr7	2969966	2970301	2	2	1	0	1	16
chr7	3080107	3132305	1	1	1	2	0	23
chr7	4976437	4983670	1	1	1	1	0	4
chr7	4985076	4986566	1	1	1	2	0	37
chr7	4985076	4989062	1	1	1	3	0	30
chr7	5527868	5527968	2	2	1	1	0	3
chr7	5527892	5528003	2	2	1	12	0	38
chr7	5528186	5528280	2	2	1	6	0	28
chr7	5528720	5529160	2	2	1	5	0	44
chr7	5593769	5603256	1	1	1	2	0	21
chr7	5604031	5605271	1	3	1	1	0	5
chr7	5606357	5606513	2	4	1	2	0	20
chr7	5725439	5729431	2	2	1	1	0	36
chr7	5898920	5900283	1	1	1	0	2	24
chr7	5900567	5900854	1	1	1	0	1	17
chr7	5923546	5923834	1	1	1	0	1	21
chr7	5923963	5925631	1	1	1	0	6	30
chr7	5987621	5989799	2	2	1	1	0	46
chr7	6004059	6005891	2	2	1	1	0	16
chr7	6018046	6023302	1	1	1	1	0	6
chr7	6041220	6042932	2	2	1	2	0	33
chr7	6042994	6044561	2	2	1	5	0	19
chr7	6046152	6046991	2	2	1	0	1	14
chr7	6047092	6048806	2	2	1	1	0	29
chr7	6374771	6387211	1	1	1	2	0	15
chr7	6387284	6391923	1	1	1	1	3	32
chr7	6392042	6400125	1	1	1	0	1	19
chr7	6402028	6402315	1	1	1	31	0	46
chr7	6463176	6466070	2	2	1	1	0	26
chr7	6583432	6585015	1	1	1	2	0	36
chr7	6594601	6599828	1	1	1	1	0	25
chr7	6624082	6624181	2	4	1	1	0	43
chr7	6799280	6800947	2	2	1	0	6	30
chr7	6801076	6801364	2	2	1	0	1	21
chr7	6801524	6804937	2	2	1	1	0	31
chr7	6824167	6824454	2	2	1	0	1	17
chr7	6824738	6826077	2	2	1	0	2	24
chr7	6948348	6962059	1	1	1	0	1	43
chr7	7238923	7243523	1	1	1	1	0	9
chr7	7360529	7370724	2	2	1	1	0	19
chr7	7606072	7606995	1	1	1	1	0	28
chr7	7637083	7637863	2	2	1	18	0	43
chr7	7637973	7639069	2	2	1	1	0	37
chr7	8022570	8055435	1	1	1	1	0	31
chr7	8143973	8157115	2	2	1	3	0	22
chr7	8157215	8158526	2	2	1	3	0	38
chr7	8228674	8232589	2	2	1	1	0	17
chr7	10933693	10934090	2	2	1	1	0	22
chr7	10933693	10938089	2	2	1	18	0	44
chr7	10938148	10938807	2	2	1	3	1	34
chr7	10938897	10940015	2	2	1	3	0	32
chr7	10974325	10974834	1	1	1	2	0	10
chr7	10974946	10982371	1	1	1	5	0	28
chr7	11028819	11035639	1	1	1	1	0	31
chr7	11036689	11036984	1	1	1	7	0	43
chr7	11037092	11038759	1	1	1	1	0	29
chr7	11038856	11040671	1	1	1	2	0	19
chr7	11061842	11061963	1	1	1	1	0	28
chr7	11062086	11111349	1	1	1	1	0	32
chr7	11111468	11169415	1	1	1	4	0	14
chr7	12215028	12218457	1	1	1	1	0	13
chr7	12218522	12224225	1	1	1	1	0	15
chr7	12389359	12393593	2	2	1	1	0	42
chr7	13977481	13986637	2	2	1	1	0	7
chr7	13986686	13988085	2	2	1	1	0	37
chr7	14002895	14002921	2	4	1	1	0	46
chr7	16689907	16694833	1	1	1	1	0	41
chr7	16695005	16696914	1	1	1	2	0	43
chr7	16698187	16704546	1	1	1	1	0	25
chr7	16704670	16706059	1	1	1	5	0	38
chr7	17799155	17801587	2	2	1	1	0	26
chr7	19698728	19700071	2	2	1	3	0	30
chr7	20398995	20401720	1	1	1	1	0	9
chr7	21908508	21911616	2	2	1	5	0	42
chr7	22813186	22817999	2	2	1	19	0	33
chr7	22813186	22822676	2	2	1	1	0	39
chr7	22818049	22822676	2	2	1	2	0	29
chr7	22991140	23013924	2	2	1	1	0	18
chr7	23106147	23117833	1	1	1	1	0	4
chr7	23106147	23123776	1	1	1	3	0	17
chr7	23125173	23140768	1	1	1	1	0	15
chr7	23307950	23309355	1	1	1	5	0	37
chr7	23312461	23312734	2	4	1	1	0	16
chr7	23317714	23319137	2	2	1	1	0	40
chr7	23346063	23347599	2	2	1	1	0	30
chr7	23347735	23351304	2	2	1	1	0	15
chr7	23513083	23516362	2	2	1	2	0	6
chr7	23680284	23689268	1	1	1	2	0	7
chr7	24650713	24663589	1	1	1	2	0	24
chr7	24663722	24665587	1	1	1	44	0	45
chr7	24665688	24666020	1	1	1	3	0	10
chr7	24668661	24679130	1	1	1	1	0	4
chr7	24680521	24687437	1	1	1	1	0	22
chr7	24707426	24708126	2	2	1	1	0	17
chr7	25123850	25123950	2	2	1	8	0	46
chr7	26190461	26190992	2	2	1	2	0	44
chr7	26190461	26192494	2	2	1	1	0	37
chr7	26191129	26192494	2	2	1	1	0	39
chr7	26192339	26192494	2	2	1	7	0	33
chr7	26192578	26193250	2	2	1	13	0	46
chr7	26193695	26195846	2	2	1	4	0	35
chr7	26195910	26196400	2	2	1	4	0	44
chr7	26196659	26196806	2	2	1	9	0	36
chr7	26197018	26197314	2	2	1	9	0	42
chr7	26197462	26197621	2	2	1	3	0	38
chr7	26197733	26197830	2	2	1	1	0	36
chr7	26197867	26200571	2	2	1	2	0	14
chr7	26201562	26202970	1	1	1	1	0	33
chr7	26201827	26202540	1	1	1	1	0	36
chr7	26201827	26202970	1	1	1	5	0	46
chr7	26202457	26202970	1	1	1	1	0	22
chr7	26202610	26202970	1	1	1	1	0	21
chr7	26203023	26206367	1	1	1	4	0	45
chr7	26206511	26208392	1	1	1	2	6	42
chr7	26211757	26212081	1	1	1	1	0	24
chr7	26314873	26316058	2	4	1	1	0	39
chr7	27758134	27765833	1	1	1	5	0	32
chr7	27766022	27769675	1	1	1	4	0	35
chr7	27769835	27785162	1	1	1	6	0	41
chr7	27785312	27785398	1	1	1	2	0	34
chr7	27792231	27793065	1	1	1	3	0	3
chr7	27793213	27794322	1	1	1	1	0	4
chr7	27794447	27796115	1	1	1	2	0	17
chr7	27796220	27799964	1	1	1	1	0	15
chr7	27827821	27828627	1	1	1	2	0	44
chr7	28995883	29030576	2	2	1	1	0	43
chr7	29030760	29064060	2	2	1	2	0	18
chr7	29112823	29120892	2	2	1	1	0	20
chr7	29924116	29926451	2	2	1	1	0	18
chr7	29940877	29943976	2	2	1	1	0	45
chr7	30047957	30049223	1	1	1	0	1	22
chr7	30050475	30052708	1	1	1	1	0	4
chr7	30074133	30078589	1	1	1	0	1	35
chr7	30497236	30498802	2	2	1	1	0	39
chr7	30498939	30500535	2	2	1	1	0	43
chr7	30498939	30504568	2	2	1	1	0	28
chr7	30595144	30598795	1	1	1	2	0	39
chr7	30601201	30603033	1	1	1	2	0	35
chr7	30612733	30633805	1	1	1	1	1	20
chr7	30616059	30617113	1	1	1	1	0	41
chr7	30632438	30633734	1	1	1	15	0	42
chr7	30778552	30781976	1	1	1	1	0	29
chr7	31697118	31707203	1	1	1	1	0	13
chr7	32487294	32487684	2	2	1	2	0	23
chr7	32488653	32489248	2	2	1	1	0	27
chr7	33015871	33017438	2	2	1	1	0	28
chr7	33095433	33096492	2	2	1	6	0	33
chr7	33096555	33097270	2	2	1	4	0	37
chr7	33097363	33099306	2	2	1	1	0	19
chr7	35832901	35863551	1	1	1	1	0	29
chr7	35838658	35863551	1	1	1	1	0	21
chr7	35872767	35873640	1	1	1	5	0	43
chr7	35873776	35879822	1	1	1	17	0	37
chr7	35879941	35882483	1	1	1	7	0	46
chr7	35885880	35890667	1	1	1	3	0	38
chr7	35890794	35898247	1	1	1	4	0	15
chr7	35905162	35905193	2	4	1	0	1	21
chr7	36396420	36399078	1	1	1	1	0	3
chr7	36410705	36411058	1	1	1	1	0	28
chr7	36423944	36424544	1	1	1	1	0	11
chr7	36424594	36424685	1	1	1	2	0	12
chr7	36424743	36425701	1	1	1	2	0	23
chr7	36443863	36449664	1	1	1	1	0	15
chr7	38217079	38217187	1	1	1	1	0	15
chr7	38772638	38774114	2	2	1	1	0	44
chr7	38862623	38869145	2	2	1	1	0	4
chr7	39690591	39696684	1	1	1	3	2	36
chr7	39696860	39706122	1	1	1	23	0	41
chr7	39734045	39744291	1	1	1	0	1	3
chr7	40133260	40134228	2	2	1	4	0	39
chr7	42917691	42917777	2	2	1	15	0	41
chr7	42917836	42921857	2	2	1	5	0	34
chr7	42921932	42923324	2	2	1	3	0	33
chr7	42923407	42924674	2	2	1	4	0	38
chr7	42924798	42926535	2	2	1	1	0	30
chr7	42926669	42927382	2	2	1	1	0	36
chr7	42932517	42934954	1	1	1	1	0	30
chr7	43665723	43729428	2	2	1	1	0	34
chr7	44004165	44005575	1	3	1	1	0	38
chr7	44013680	44016433	2	2	1	0	1	30
chr7	44114805	44116894	2	4	1	1	0	13
chr7	44114946	44115294	2	2	1	3	0	36
chr7	44485285	44490408	2	2	1	1	0	16
chr7	44566080	44566447	2	2	1	1	0	34
chr7	44798815	44799246	1	1	1	1	0	31
chr7	44799278	44799391	1	1	1	1	1	15
chr7	44799481	44799701	1	1	1	2	0	26
chr7	44799875	44801286	1	1	1	5	3	45
chr7	44834563	44835528	2	2	1	2	0	37
chr7	44835659	44840898	2	2	1	3	0	36
chr7	45038427	45063917	1	1	1	1	0	40
chr7	45069962	45072725	1	1	1	1	0	31
chr7	45080524	45080639	2	2	1	4	0	18
chr7	45080698	45081204	2	2	1	1	0	16
chr7	45100191	45102474	2	2	1	1	0	17
chr7	45100427	45101257	2	2	1	4	0	19
chr7	45101373	45101502	2	2	1	1	0	41
chr7	45101615	45101824	2	2	1	1	0	35
chr7	45102492	45103332	2	2	1	1	0	17
chr7	45592909	45610378	1	1	1	1	0	26
chr7	45748715	45751528	2	2	1	1	0	39
chr7	45751647	45756908	2	2	1	5	0	36
chr7	47976838	47978416	2	2	1	1	0	18
chr7	48107508	48108217	1	1	1	6	0	44
chr7	50444314	50445266	2	2	1	1	0	25
chr7	54752421	54755778	2	2	1	50	0	42
chr7	54755882	54757494	2	2	1	3	0	45
chr7	54757595	54759157	2	2	1	1	0	9
chr7	55964702	55978125	1	1	1	1	0	15
chr7	55978266	55978349	1	1	1	2	0	14
chr7	55978396	55981472	1	1	1	2	0	32
chr7	55981568	55982209	1	1	1	2	0	11
chr7	56011870	56015022	2	2	1	1	0	9
chr7	56015172	56017233	2	2	1	2	0	43
chr7	56052486	56054368	1	1	1	2	0	4
chr7	56054504	56055623	1	1	1	1	0	9
chr7	56055798	56056310	1	1	1	4	0	44
chr7	56056415	56057992	1	1	1	15	0	44
chr7	56058104	56058361	1	1	1	18	0	42
chr7	56059641	56060268	1	1	1	1	0	36
chr7	56060417	56060806	1	1	1	3	0	16
chr7	56060941	56061746	1	1	1	5	0	26
chr7	56061850	56062682	1	1	1	3	0	42
chr7	56062756	56063012	1	1	1	4	0	41
chr7	56063720	56063909	1	1	1	1	0	31
chr7	56101862	56102866	2	2	1	1	0	34
chr7	64336386	64336886	1	1	1	1	0	28
chr7	64691961	64706323	1	1	1	1	0	37
chr7	64794572	64831450	1	1	1	2	0	36
chr7	65305688	65327027	1	1	1	1	0	38
chr7	65726945	65727054	2	2	1	1	0	17
chr7	65756575	65757982	1	1	1	1	0	27
chr7	65900207	65900621	1	1	1	1	1	41
chr7	66038177	66044289	2	2	1	1	0	39
chr7	66092087	66092556	1	1	1	1	0	6
chr7	66241271	66286510	1	1	1	2	0	20
chr7	66606807	66606905	1	1	1	0	1	18
chr7	66654627	66681423	1	1	1	1	0	45
chr7	66742708	66743210	1	1	1	2	0	31
chr7	67018144	67024899	1	1	1	3	0	43
chr7	67309716	67320102	1	1	1	1	0	26
chr7	67334327	67334757	2	2	1	0	1	37
chr7	70715568	70716507	2	4	1	1	0	36
chr7	71141800	71145386	2	2	1	1	0	29
chr7	71944517	71957987	2	2	1	0	3	46
chr7	72674891	72681878	2	2	1	1	0	41
chr7	72802523	72807065	2	2	1	2	0	34
chr7	72913153	72913764	1	1	1	1	0	40
chr7	72926478	72926801	1	1	1	1	0	40
chr7	72952296	72953325	2	2	1	0	1	15
chr7	73003138	73003644	2	2	1	0	1	12
chr7	73006175	73009443	1	1	1	0	1	32
chr7	73175526	73176856	1	1	1	0	4	40
chr7	73182149	73183114	1	1	1	0	1	42
chr7	73200633	73202111	1	1	1	0	2	29
chr7	73202141	73203422	1	1	1	0	2	22
chr7	73205459	73206151	1	1	1	0	2	33
chr7	73267556	73398832	0	0	1	0	4	46
chr7	73303530	73303599	2	2	1	2	0	9
chr7	73459719	73462921	2	2	1	1	0	31
chr7	73492922	73498496	2	2	1	3	0	38
chr7	73515665	73516155	1	1	1	1	0	22
chr7	73541022	73555281	2	2	1	2	0	33
chr7	73691013	73692595	1	1	1	1	0	31
chr7	73692647	73693328	1	1	1	1	0	10
chr7	74174443	74187610	1	1	1	1	0	14
chr7	74187799	74189672	1	1	1	0	1	35
chr7	74475505	74475603	1	1	1	1	0	18
chr7	74538464	74539129	2	4	1	1	0	25
chr7	74601181	74602364	1	1	1	2	0	13
chr7	74689228	74690972	1	1	1	13	0	46
chr7	74691112	74698960	1	1	1	3	0	9
chr7	74700431	74700605	1	1	1	2	0	29
chr7	74700635	74705163	1	1	1	2	0	29
chr7	74705219	74706389	1	1	1	2	0	14
chr7	74706434	74711031	1	1	1	2	0	31
chr7	74728897	74730228	1	1	1	0	4	40
chr7	74735533	74736499	1	1	1	0	1	42
chr7	74754030	74755508	1	1	1	0	2	29
chr7	74755538	74756819	1	1	1	0	2	22
chr7	74756862	74757958	1	1	1	0	1	25
chr7	74758001	74758779	1	1	1	0	1	25
chr7	74758856	74759547	1	1	1	0	2	33
chr7	74820997	74880879	0	0	1	0	4	45
chr7	74887800	74888311	2	2	1	0	1	12
chr7	75052797	75055900	2	2	1	1	0	29
chr7	75061292	75063291	2	2	1	1	0	23
chr7	75063344	75064581	2	2	1	1	0	15
chr7	75186528	75187219	2	2	1	0	2	33
chr7	75187296	75188074	2	2	1	0	1	25
chr7	75188117	75189214	2	2	1	0	1	25
chr7	75189257	75190538	2	2	1	0	2	22
chr7	75190568	75192046	2	2	1	0	2	29
chr7	75209560	75210527	2	2	1	0	1	42
chr7	75215822	75217153	2	2	1	0	4	40
chr7	75355689	75358943	2	2	1	0	1	32
chr7	75361460	75361971	1	1	1	0	1	12
chr7	75411760	75412788	1	1	1	0	1	15
chr7	75441116	75441431	2	2	1	3	0	36
chr7	75455425	75456136	1	3	1	0	4	33
chr7	75515829	75516093	2	2	1	0	1	16
chr7	75920161	75923795	1	1	1	1	0	31
chr7	75983637	75983737	1	1	1	1	0	33
chr7	75986935	75988445	1	1	1	1	0	44
chr7	75996600	76000889	2	2	1	1	0	8
chr7	76060499	76063514	1	1	1	2	0	27
chr7	76064439	76064801	1	1	1	1	0	31
chr7	76064954	76066278	1	1	1	3	0	25
chr7	76260035	76260116	1	1	1	1	0	37
chr7	76640036	76640747	1	3	1	0	4	33
chr7	77537646	77571077	1	1	1	3	0	36
chr7	77571187	77581426	1	1	1	1	0	16
chr7	77581504	77583554	1	1	1	1	0	43
chr7	77610843	77610947	1	1	1	1	0	25
chr7	77618566	77626704	1	1	1	1	0	14
chr7	77627676	77632347	1	1	1	1	0	25
chr7	77684252	77685201	2	2	1	1	0	46
chr7	77696496	77696574	2	2	1	1	0	27
chr7	77696635	77697024	1	1	1	1	0	31
chr7	77697056	77736409	1	1	1	6	0	46
chr7	77736527	77749423	1	1	1	7	0	16
chr7	77765633	77768660	1	1	1	1	0	23
chr7	77937839	77940029	1	1	1	0	1	3
chr7	78627240	78770850	2	2	1	1	0	15
chr7	78855385	78881469	2	2	1	0	1	20
chr7	82032902	82038076	2	2	1	1	0	19
chr7	82966488	83134249	2	2	1	1	0	17
chr7	86850545	86864281	1	1	1	1	0	21
chr7	86910002	86912071	2	2	1	1	0	21
chr7	87181342	87182016	1	1	1	2	0	14
chr7	87181342	87182055	1	1	1	1	0	9
chr7	87325445	87341522	2	2	1	3	0	39
chr7	87325445	87345042	2	2	1	1	0	20
chr7	87346431	87349047	1	1	1	1	0	16
chr7	87349184	87359205	1	1	1	1	0	12
chr7	87876779	87878052	1	1	1	1	0	4
chr7	87878134	87884978	1	1	1	1	0	18
chr7	87885159	87886843	1	1	1	3	3	45
chr7	87886895	87887328	1	1	1	4	0	33
chr7	87887399	87887982	1	1	1	1	0	23
chr7	87900879	87904291	1	1	1	3	0	22
chr7	88206505	88208506	2	2	1	7	0	31
chr7	88208566	88209338	2	2	1	1	0	35
chr7	88210926	88217121	2	2	1	1	0	11
chr7	88217192	88218858	2	2	1	1	0	11
chr7	90307855	90310067	1	1	1	1	0	15
chr7	90374355	90377506	1	1	1	1	0	46
chr7	90726813	90747680	1	1	1	1	0	20
chr7	91112682	91118064	1	1	1	1	0	42
chr7	91941148	91973710	1	1	1	2	0	43
chr7	91992212	91992884	1	1	1	1	0	34
chr7	91994777	91995602	1	1	1	6	0	36
chr7	91995801	92000847	1	1	1	4	0	46
chr7	92003236	92012428	1	1	1	3	0	16
chr7	92061423	92062273	1	1	1	2	0	16
chr7	92062487	92065230	1	1	1	1	0	31
chr7	92066547	92070029	1	1	1	3	0	36
chr7	92070207	92070904	1	1	1	1	0	4
chr7	92071010	92076854	1	1	1	1	0	23
chr7	92077008	92077695	1	1	1	1	0	28
chr7	92123316	92123733	2	2	1	2	0	32
chr7	92127632	92128879	2	2	1	1	0	20
chr7	92241153	92242033	2	2	1	1	0	19
chr7	92242138	92245426	2	4	1	1	0	43
chr7	92246520	92294888	1	1	1	1	0	5
chr7	92386644	92387797	1	1	1	2	0	28
chr7	92388042	92389970	1	1	1	2	0	43
chr7	92401262	92401291	2	2	1	3	0	38
chr7	92518256	92518994	2	2	1	1	0	19
chr7	92566062	92569822	2	2	1	7	1	41
chr7	92569916	92575770	2	2	1	2	12	45
chr7	92575822	92577102	2	2	1	6	1	39
chr7	92577196	92577654	2	2	1	5	0	36
chr7	92577718	92578149	2	2	1	2	0	32
chr7	92578183	92578318	2	2	1	4	0	27
chr7	92578394	92579316	2	2	1	9	0	40
chr7	92579396	92581505	2	2	1	0	17	45
chr7	92581604	92590267	2	2	1	1	1	10
chr7	93258393	93259549	1	1	1	1	0	28
chr7	93370398	93380932	2	2	1	0	1	39
chr7	93922234	93926090	1	1	1	1	0	22
chr7	94426531	94427007	1	1	1	2	0	25
chr7	94427062	94427187	1	1	1	2	0	13
chr7	94427886	94428292	1	1	1	2	0	14
chr7	94428478	94429187	1	1	1	2	0	11
chr7	94517657	94518202	1	1	1	1	0	12
chr7	94656592	94663333	1	1	1	1	0	10
chr7	95247527	95250025	1	1	1	1	0	41
chr7	95269508	95273898	1	1	1	1	0	33
chr7	95273987	95274084	1	1	1	1	0	25
chr7	95288719	95290090	1	1	1	1	0	28
chr7	96146697	96170044	2	2	1	1	0	41
chr7	96208978	96234801	2	2	1	1	0	36
chr7	96234918	96277195	2	2	1	1	0	40
chr7	96688967	96694797	2	2	1	42	0	43
chr7	96694892	96709687	2	2	1	4	0	33
chr7	97852469	97853059	2	2	1	1	0	22
chr7	97853387	97854579	2	2	1	1	0	43
chr7	97854681	97855352	2	2	1	1	0	16
chr7	97856817	97858277	2	2	1	2	0	27
chr7	97869814	97872350	2	2	1	1	0	28
chr7	97966978	97969004	2	2	1	2	0	28
chr7	98107281	98137314	1	1	1	1	0	19
chr7	98282454	98291110	1	1	1	1	0	7
chr7	98294112	98304195	2	2	1	1	0	29
chr7	98307897	98310444	2	2	1	1	0	32
chr7	98317357	98320057	2	2	1	1	0	6
chr7	98320130	98320236	2	2	1	2	0	30
chr7	98320299	98355041	2	2	1	2	0	44
chr7	98878638	98881089	1	1	1	1	0	15
chr7	98908963	98910055	1	1	1	1	0	44
chr7	98937278	98937649	1	1	1	1	0	33
chr7	99030765	99030884	1	1	1	2	0	13
chr7	99358416	99359544	1	1	1	1	0	20
chr7	99363634	99365890	1	1	1	1	0	36
chr7	99398014	99400302	2	2	1	1	0	11
chr7	99400425	99403397	2	2	1	2	0	42
chr7	99403506	99404861	2	2	1	1	0	13
chr7	99404954	99408535	2	2	1	2	0	41
chr7	99417596	99419390	1	1	1	6	0	29
chr7	99458356	99459146	2	2	1	85	0	45
chr7	99458356	99460085	2	2	1	2	0	24
chr7	99459264	99460085	2	2	1	8	0	40
chr7	99460194	99466128	2	2	1	3	0	31
chr7	99526471	99531107	1	1	1	1	0	39
chr7	99557902	99558249	2	2	1	1	0	27
chr7	100030376	100033304	1	1	1	3	0	25
chr7	100089067	100089289	1	1	1	2	0	26
chr7	100089416	100089614	1	1	1	2	0	4
chr7	100089747	100090398	1	1	1	3	0	6
chr7	100090655	100090901	1	1	1	1	0	30
chr7	100091331	100091419	1	1	1	3	0	33
chr7	100091521	100091648	1	1	1	3	0	16
chr7	100093402	100094172	2	2	1	1	0	15
chr7	100094342	100095386	2	2	1	2	0	28
chr7	100097949	100098140	2	2	1	3	0	39
chr7	100111830	100111921	2	2	1	1	0	28
chr7	100153518	100153866	1	1	1	1	0	29
chr7	100204776	100205004	1	1	1	1	0	4
chr7	100325780	100328835	2	2	1	1	0	33
chr7	100431690	100432918	1	1	1	1	0	40
chr7	100435534	100435630	2	2	1	2	0	28
chr7	100435791	100438380	1	1	1	1	0	12
chr7	100467169	100467551	2	2	1	1	0	39
chr7	100607808	100607936	1	1	1	1	0	7
chr7	100643327	100646248	2	2	1	1	0	15
chr7	100677661	100677751	1	1	1	1	0	24
chr7	100677819	100678097	1	1	1	1	0	14
chr7	100678300	100678397	1	1	1	1	0	10
chr7	100681994	100682071	2	2	1	1	0	17
chr7	100691683	100692048	1	3	1	2	0	35
chr7	100872745	100873171	1	1	1	1	0	14
chr7	100884240	100884367	1	1	1	2	0	34
chr7	100884553	100884739	1	1	1	1	0	32
chr7	100886436	100886794	1	1	1	1	0	30
chr7	100888384	100888473	1	1	1	8	0	36
chr7	101014440	101015197	2	2	1	1	0	6
chr7	101015268	101017414	2	2	1	1	0	35
chr7	101016946	101017574	1	1	1	2	0	27
chr7	101218218	101222603	1	1	1	1	0	7
chr7	101222775	101223476	1	1	1	1	0	44
chr7	101223843	101223936	1	1	1	1	0	11
chr7	101299867	101304009	1	1	1	0	1	16
chr7	101303029	101304009	1	1	1	4	1	29
chr7	101308549	101310483	1	1	1	2	0	4
chr7	101357925	101358517	2	2	1	3	0	24
chr7	101367084	101367446	2	2	1	1	0	32
chr7	101489507	101496802	2	2	1	1	0	44
chr7	101837548	101837728	1	3	1	1	0	37
chr7	102028146	102070338	1	1	1	1	0	44
chr7	102130468	102130935	1	1	1	2	0	27
chr7	102170551	102178468	1	1	1	1	0	44
chr7	102314428	102314511	1	1	1	1	0	26
chr7	102343775	102344332	1	3	1	0	1	35
chr7	102375950	102376211	1	1	1	0	1	16
chr7	102397699	102399547	1	1	1	2	0	23
chr7	102473685	102474360	2	2	1	3	0	40
chr7	102474536	102476180	2	2	1	0	4	39
chr7	102564946	102565492	2	4	1	0	1	35
chr7	102567084	102569834	2	2	1	0	1	30
chr7	102568185	102569834	2	2	1	0	4	39
chr7	102664029	102664576	2	4	1	0	1	35
chr7	102667265	102668914	2	2	1	0	3	39
chr7	103083831	103086629	1	1	1	0	3	44
chr7	103309096	103310314	1	1	1	1	0	4
chr7	103310476	103311642	1	1	1	1	0	8
chr7	103311897	103312055	1	1	1	2	0	15
chr7	103312132	103312206	1	1	1	8	0	45
chr7	103312644	103312946	2	2	1	21	0	45
chr7	103313102	103315763	2	2	1	2	0	14
chr7	103316089	103316829	2	2	1	3	0	24
chr7	103317015	103319608	2	2	1	1	0	23
chr7	103319679	103319755	2	2	1	1	0	26
chr7	103319845	103321931	2	2	1	2	0	46
chr7	103322082	103322510	2	2	1	1	0	12
chr7	103322633	103322702	2	2	1	7	0	42
chr7	103322795	103323597	2	2	1	10	0	43
chr7	103323664	103324481	2	2	1	15	0	40
chr7	103324563	103326542	2	2	1	2	0	42
chr7	103326685	103327655	2	2	1	2	0	31
chr7	103354950	103355693	1	1	1	1	0	20
chr7	103363440	103364142	1	1	1	1	0	4
chr7	103367616	103367712	1	1	1	1	0	27
chr7	103367810	103367896	1	1	1	2	0	43
chr7	104166885	104168472	2	2	1	1	0	32
chr7	104168526	104183942	2	2	1	1	0	7
chr7	105066808	105073618	1	1	1	1	0	38
chr7	105077194	105077302	1	1	1	1	0	29
chr7	105078964	105081687	1	1	1	3	0	34
chr7	105081798	105090008	1	1	1	5	0	43
chr7	105090274	105091215	1	1	1	8	0	41
chr7	105091315	105101424	1	1	1	3	0	46
chr7	105143331	105145282	2	2	1	4	0	26
chr7	105145309	105146492	2	2	1	3	0	24
chr7	105146659	105160506	2	2	1	4	0	34
chr7	105448082	105459167	2	2	1	1	0	19
chr7	105470849	105472131	2	2	1	2	0	3
chr7	105472194	105481051	2	2	1	4	0	43
chr7	105502565	105505954	2	2	1	1	0	29
chr7	105536750	105542407	1	1	1	1	0	25
chr7	105567491	105569202	2	2	1	2	0	10
chr7	105875235	105875811	2	2	1	5	0	44
chr7	105875881	105876377	2	2	1	2	0	31
chr7	106251194	106253016	2	2	1	2	0	11
chr7	106261708	106263391	2	2	1	0	1	38
chr7	106268601	106269153	2	2	1	1	0	44
chr7	106277180	106284827	2	2	1	2	0	12
chr7	107140954	107146307	1	1	1	1	0	8
chr7	107594106	107595866	1	1	1	2	0	30
chr7	107753512	107753894	1	1	1	1	0	43
chr7	107893279	107901737	1	1	1	1	0	32
chr7	107905059	107905360	1	1	1	1	0	36
chr7	107915697	107916793	1	1	1	6	0	44
chr7	107916965	107917272	1	1	1	3	0	30
chr7	107918062	107919009	1	1	1	1	0	17
chr7	107924088	107924229	2	2	1	2	0	40
chr7	107924390	107926182	2	2	1	7	0	45
chr7	107929206	107929411	2	2	1	1	0	14
chr7	107931501	107932173	2	2	1	2	0	16
chr7	108472676	108479183	2	2	1	1	0	4
chr7	111788748	111790456	2	2	1	1	0	41
chr7	111872353	111872466	2	2	1	1	0	38
chr7	111935629	111940109	2	2	1	2	0	33
chr7	112004132	112206101	2	2	1	1	0	31
chr7	114942398	114979505	1	1	1	1	0	33
chr7	116251976	116252317	1	1	1	1	0	8
chr7	116898836	116904176	1	1	1	1	0	31
chr7	116906343	116910232	1	1	1	1	0	13
chr7	117755575	117756554	2	2	1	1	0	39
chr7	118188406	118191911	1	1	1	2	0	42
chr7	120955625	120956159	1	1	1	1	0	31
chr7	120973244	120974727	1	1	1	2	0	38
chr7	121351270	121360042	2	2	1	0	1	16
chr7	121360128	121362896	2	2	1	0	1	42
chr7	121371424	121372109	2	2	1	3	0	3
chr7	121873558	121928155	1	1	1	2	0	43
chr7	121983823	121983966	1	1	1	1	0	27
chr7	122004661	122010333	1	1	1	1	0	33
chr7	122034379	122036599	1	1	1	1	0	36
chr7	122038890	122039453	1	1	1	3	0	45
chr7	122042744	122044421	1	1	1	1	0	24
chr7	122054039	122054940	1	1	1	1	0	41
chr7	122055088	122058799	1	1	1	1	0	36
chr7	122058943	122059752	1	1	1	1	0	31
chr7	122059889	122061079	1	1	1	1	0	15
chr7	122076608	122077837	2	2	1	6	0	37
chr7	122078951	122079596	2	2	1	1	0	27
chr7	122086180	122091702	2	2	1	1	0	34
chr7	122098577	122098744	2	2	1	1	0	43
chr7	122129538	122133516	2	2	1	1	0	14
chr7	122471563	122474380	2	2	1	1	0	39
chr7	122621718	122629247	2	2	1	1	0	23
chr7	122737069	122885998	2	2	1	1	0	8
chr7	123542221	123545610	2	2	1	6	0	46
chr7	123545677	123546657	2	2	1	1	0	31
chr7	123545677	123550469	2	2	1	1	0	9
chr7	123694869	123695822	2	2	1	1	0	16
chr7	123696748	123704633	2	2	1	1	0	11
chr7	123704658	123706276	2	2	1	1	0	24
chr7	123706827	123709088	2	2	1	4	0	36
chr7	124824075	124825251	2	2	1	1	0	12
chr7	128089693	128091836	1	1	1	1	0	15
chr7	128091882	128091992	1	1	1	1	0	32
chr7	128318107	128321265	2	2	1	1	0	33
chr7	128330929	128333289	2	2	1	2	0	29
chr7	128335680	128335846	2	2	1	2	0	32
chr7	128337203	128338249	2	2	1	1	0	30
chr7	128338343	128338725	2	2	1	1	0	19
chr7	128339792	128343675	2	2	1	4	0	20
chr7	128393029	128394277	2	2	1	1	0	17
chr7	128466686	128468844	1	1	1	1	0	38
chr7	128608214	128609486	1	1	1	1	0	38
chr7	128622695	128623574	1	1	1	1	0	38
chr7	128748805	128754261	1	1	1	1	0	38
chr7	128754456	128758870	1	1	1	1	0	41
chr7	128759038	128759791	1	1	1	1	0	9
chr7	128792428	128794347	1	1	1	1	0	3
chr7	128812930	128814637	1	1	1	1	0	39
chr7	128815932	128821798	1	1	1	1	0	24
chr7	128955386	128957223	2	2	1	2	0	18
chr7	128958215	128959982	2	2	1	1	0	27
chr7	129205413	129205609	1	1	1	1	0	4
chr7	129210181	129213416	2	2	1	0	1	4
chr7	129426564	129427038	1	1	1	1	0	24
chr7	129755995	129756705	1	1	1	1	0	37
chr7	129839336	129857510	2	2	1	2	0	37
chr7	130018733	130022318	2	2	1	1	0	25
chr7	130507824	130508561	2	2	1	1	0	17
chr7	131052556	131107719	2	2	1	1	0	43
chr7	131388973	131397266	1	1	1	2	0	11
chr7	132561345	132562795	2	2	1	0	1	27
chr7	132838470	132885661	2	2	1	1	0	33
chr7	134445321	134447297	2	2	1	3	0	42
chr7	134448062	134448386	2	2	1	1	0	44
chr7	134662109	134678852	1	1	1	4	0	32
chr7	134788734	134788912	1	3	1	1	0	20
chr7	134928901	134932987	1	1	1	5	0	36
chr7	134933391	134935687	1	1	1	3	0	44
chr7	134933391	134941091	1	1	1	2	0	25
chr7	134933439	134935687	1	1	1	1	0	38
chr7	134941238	134947507	1	1	1	1	0	31
chr7	134996350	134998082	2	2	1	1	0	23
chr7	135422354	135438157	2	2	1	1	0	33
chr7	135576415	135576968	1	1	1	1	0	32
chr7	135602995	135604339	1	1	1	1	0	14
chr7	135630471	135635580	1	1	1	1	0	25
chr7	135635658	135637930	1	1	1	1	0	11
chr7	135645597	135646157	1	1	1	2	0	35
chr7	135646232	135648403	1	1	1	2	0	40
chr7	137228076	137251229	2	2	1	9	0	39
chr7	137251392	137253463	2	2	1	3	0	32
chr7	137254975	137343438	2	2	1	1	0	38
chr7	137905849	137908251	2	2	1	1	0	23
chr7	138481297	138481594	1	3	1	1	0	44
chr7	138519322	138525240	1	1	1	2	0	30
chr7	138524754	138792205	1	3	1	5	0	29
chr7	138525358	138529115	1	1	1	1	0	36
chr7	138567655	138570829	1	1	1	1	0	41
chr7	138571004	138573506	1	1	1	1	0	17
chr7	138579533	138580561	1	1	1	3	0	25
chr7	138580695	138581696	1	1	1	3	0	30
chr7	139134793	139137846	1	1	1	1	0	31
chr7	139258626	139259266	1	1	1	4	0	45
chr7	139259371	139261251	1	1	1	1	0	5
chr7	139269524	139272321	1	1	1	1	0	42
chr7	139402248	139405643	1	1	1	1	0	20
chr7	139405788	139407173	1	1	1	3	0	36
chr7	139407351	139409562	1	1	1	4	0	26
chr7	139412761	139413713	1	1	1	1	0	40
chr7	139453708	139454110	2	2	1	2	0	26
chr7	140100024	140101950	2	4	1	2	0	46
chr7	140291241	140328354	1	1	1	0	1	40
chr7	140345971	140348625	2	2	1	1	0	11
chr7	140518739	140519631	2	2	1	1	0	21
chr7	140696843	140702865	1	1	1	4	0	41
chr7	140696843	140704859	1	1	1	1	0	41
chr7	140703011	140704859	1	1	1	49	0	46
chr7	140704964	140706562	1	1	1	122	0	45
chr7	141006536	141010418	2	2	1	4	0	39
chr7	141649334	141650472	1	1	1	1	0	29
chr7	141739191	141742168	1	1	1	4	0	41
chr7	141742230	141743560	1	1	1	1	0	38
chr7	141743702	141743901	1	1	1	5	0	37
chr7	141743990	141745495	1	1	1	23	0	30
chr7	141745585	141750310	1	1	1	103	0	46
chr7	143388340	143388488	1	1	1	1	0	23
chr7	143395015	143395120	2	2	1	2	0	24
chr7	143395183	143395318	2	2	1	2	0	6
chr7	143395505	143396384	2	2	1	1	0	33
chr7	143414446	143415067	1	1	1	1	0	4
chr7	144195702	144207692	1	1	1	0	1	28
chr7	144203653	144204747	2	2	1	1	0	28
chr7	144239389	144243746	1	1	1	0	4	27
chr7	144274122	144274745	2	2	1	0	1	17
chr7	144276442	144276878	2	2	1	0	1	7
chr7	144276954	144277207	2	2	1	0	1	10
chr7	144307233	144311590	2	2	1	0	4	27
chr7	144343299	144355337	2	2	1	0	1	28
chr7	144372429	144372682	1	1	1	0	1	10
chr7	144372758	144373194	1	1	1	0	1	7
chr7	144374890	144375513	1	1	1	0	1	17
chr7	144648880	144682908	2	2	1	1	0	34
chr7	148754151	148756982	1	1	1	1	0	39
chr7	148757151	148759303	1	1	1	2	0	20
chr7	148759355	148759547	1	1	1	2	0	21
chr7	148827267	148828739	2	2	1	1	0	10
chr7	148828881	148829727	2	2	1	2	0	41
chr7	149008311	149011845	2	2	1	1	0	10
chr7	149021148	149028320	2	2	1	1	0	16
chr7	149156152	149156758	1	1	1	1	0	36
chr7	150338440	150338614	2	2	1	46	0	46
chr7	150338742	150338985	2	2	1	8	0	33
chr7	150338758	150338985	2	2	1	1	0	33
chr7	151054096	151054211	2	2	1	1	0	35
chr7	151075776	151076012	1	1	1	1	0	33
chr7	151076187	151076286	1	1	1	1	0	15
chr7	151076833	151076912	2	2	1	1	0	28
chr7	151216030	151218080	2	2	1	1	0	34
chr7	151226501	151227162	2	2	1	1	0	27
chr7	151341966	151345347	1	1	1	1	0	44
chr7	151345467	151349072	1	1	1	1	0	32
chr7	151349241	151351423	1	1	1	1	0	24
chr7	151352883	151355767	1	1	1	2	0	31
chr7	151355951	151356127	1	1	1	1	0	17
chr7	151360915	151361058	1	1	1	6	0	43
chr7	151367969	151368734	1	1	1	1	0	33
chr7	151467212	151470570	2	2	1	5	0	33
chr7	151471606	151477332	2	2	1	0	2	42
chr7	151477416	151484736	2	2	1	2	0	37
chr7	151484805	151490942	2	2	1	1	0	21
chr7	151516345	151516595	2	4	1	1	0	25
chr7	152079409	152094189	1	1	1	1	0	11
chr7	152159073	152162116	2	2	1	1	0	23
chr7	152203065	152205105	2	2	1	2	0	41
chr7	154955632	154957223	2	2	1	1	0	26
chr7	154961078	154961526	2	2	1	1	0	15
chr7	154963767	154967815	2	2	1	1	0	23
chr7	154967911	154968402	2	2	1	3	0	39
chr7	154976332	154983218	2	2	1	3	0	35
chr7	154983333	154986016	2	2	1	2	0	38
chr7	155680909	155700772	1	1	1	1	0	30
chr7	156839193	156839441	1	3	1	2	0	45
chr7	156950725	156952473	1	1	1	4	0	18
chr7	157337145	157358546	1	1	1	0	6	36
chr7	157358638	157363160	1	1	1	0	1	28
chr7	157382378	157384866	1	1	1	1	0	11
chr7	157385009	157385540	1	1	1	3	0	22
chr7	158637078	158638041	1	3	1	2	0	35
chr7	158646564	158650831	2	2	1	1	0	28
chr7	158656434	158656551	2	2	1	1	0	43
chr7	158693498	158701821	2	2	1	1	0	18
chr7	158876692	158879683	1	1	1	3	0	40
chr7	158879990	158884563	1	1	1	1	0	33
chr7	158887076	158891264	1	1	1	2	0	35
chr7	158906092	158911549	1	1	1	2	0	19
chr7	158934550	158941924	1	1	1	1	0	39
chr8	674048	692477	2	2	1	2	0	33
chr8	692613	715860	2	2	1	2	0	5
chr8	1824114	1843352	1	1	1	3	0	32
chr8	1832524	1832619	1	1	1	2	0	44
chr8	1923080	1923467	1	1	1	1	0	7
chr8	1923875	1925282	1	1	1	1	0	34
chr8	6414884	6431498	1	1	1	1	0	33
chr8	6439097	6442066	1	1	1	1	0	12
chr8	6741752	6747669	1	1	1	1	0	38
chr8	6747829	6755050	1	1	1	3	0	43
chr8	6755175	6757162	1	1	1	2	0	30
chr8	7670333	7670383	2	2	1	0	1	28
chr8	7670350	7670434	2	2	1	0	1	45
chr8	8168928	8183713	2	2	1	0	1	43
chr8	8786056	8797364	2	2	1	1	0	20
chr8	9008149	9011541	1	1	1	1	0	45
chr8	9708493	9709954	1	1	1	1	0	5
chr8	9900199	9900544	2	2	1	1	0	33
chr8	9900199	9900554	2	2	1	1	0	20
chr8	9900287	9900554	2	2	1	2	0	42
chr8	9900613	9900688	2	2	1	1	0	14
chr8	11111893	11113871	2	2	1	5	0	32
chr8	11111893	11114020	2	2	1	1	0	23
chr8	11315065	11316672	1	1	1	1	0	35
chr8	11319839	11322624	1	1	1	3	0	41
chr8	11808892	11809666	1	1	1	1	0	29
chr8	11809851	11821749	1	1	1	4	0	43
chr8	11821857	11838560	2	2	1	1	1	27
chr8	11821879	11826023	1	1	1	1	0	23
chr8	11830421	11831517	1	1	1	1	0	23
chr8	11831671	11838387	1	1	1	3	0	38
chr8	11847823	11848066	2	2	1	3	0	17
chr8	11852696	11853328	2	2	1	1	0	23
chr8	12135028	12139765	1	1	1	1	0	30
chr8	12570815	12571319	1	1	1	1	0	3
chr8	12591262	12591295	2	2	1	0	1	45
chr8	15673837	15730665	1	1	1	1	0	13
chr8	15748466	15764202	1	1	1	1	0	3
chr8	15821565	15821635	2	2	1	1	0	25
chr8	17069720	17077782	1	1	1	2	0	26
chr8	17077862	17081710	1	1	1	1	0	30
chr8	17081741	17085235	1	1	1	1	0	24
chr8	17215350	17217171	1	1	1	2	0	13
chr8	17217247	17220255	1	1	1	2	0	5
chr8	17230849	17232426	2	2	1	2	0	24
chr8	17265982	17268257	1	1	1	1	0	27
chr8	17274959	17276396	1	1	1	1	0	23
chr8	17280444	17284472	1	1	1	1	0	15
chr8	17653499	17654560	2	4	1	1	0	25
chr8	17923189	17924712	1	1	1	1	0	18
chr8	17924781	17935588	1	1	1	4	0	33
chr8	17935707	17937133	1	1	1	1	0	6
chr8	17939862	17947185	1	1	1	1	0	34
chr8	17950725	17952969	1	1	1	1	0	45
chr8	17953187	17955469	1	1	1	2	0	18
chr8	17955654	17956603	1	1	1	1	0	18
chr8	17957776	17960013	1	1	1	6	0	36
chr8	17960166	17960314	1	1	1	2	0	39
chr8	17963292	17964567	1	1	1	3	0	22
chr8	17969749	17972328	1	1	1	1	0	42
chr8	17972688	17980590	1	1	1	1	0	26
chr8	17985620	17985958	1	1	1	1	0	10
chr8	17986088	17989858	1	1	1	2	0	5
chr8	17991677	17993482	1	1	1	1	0	16
chr8	18006398	18009546	1	1	1	1	0	23
chr8	18010669	18011236	1	1	1	1	0	42
chr8	18011828	18012579	1	1	1	1	0	36
chr8	18025454	18025543	1	1	1	2	0	19
chr8	18025659	18027636	1	1	1	20	0	44
chr8	18062424	18063184	2	2	1	1	0	34
chr8	18067299	18069791	2	2	1	1	0	9
chr8	18086937	18087002	1	1	1	1	0	9
chr8	18086937	18087024	1	1	1	1	0	14
chr8	18632807	18655641	2	2	1	1	0	9
chr8	18655686	18765448	2	2	1	1	0	39
chr8	18765539	18799294	2	2	1	1	0	42
chr8	19333115	19334685	1	1	1	2	0	24
chr8	19823442	19823872	1	1	1	1	0	7
chr8	19824973	19826425	1	1	1	2	0	14
chr8	20210647	20211176	1	1	1	2	0	21
chr8	21999675	22002111	1	1	1	2	0	9
chr8	22206226	22206360	1	3	1	1	0	24
chr8	22404981	22408309	1	1	1	1	0	36
chr8	22412207	22414779	1	1	1	1	0	31
chr8	22565873	22566344	1	1	1	1	0	31
chr8	23259127	23260143	1	1	1	1	0	10
chr8	24954306	24955471	2	2	1	1	0	17
chr8	25323952	25325363	1	1	1	1	0	22
chr8	25440674	25444291	2	2	1	1	0	3
chr8	25444336	25446128	2	2	1	1	0	44
chr8	25460555	25462053	1	1	1	1	0	46
chr8	25484211	25485758	1	1	1	1	0	7
chr8	25485838	25487245	1	1	1	3	0	36
chr8	25487335	25488551	1	1	1	8	0	45
chr8	25488690	25503372	1	1	1	2	0	4
chr8	25503545	25506509	1	1	1	2	0	28
chr8	26291827	26293665	1	1	1	1	0	12
chr8	26293741	26338889	1	1	1	1	0	5
chr8	26338988	26354467	1	1	1	7	0	42
chr8	26360282	26360973	1	1	1	1	0	23
chr8	26366407	26370133	1	1	1	2	0	32
chr8	26583984	26624142	1	1	1	1	0	13
chr8	26634901	26643438	1	1	1	1	0	5
chr8	27609087	27610474	2	2	1	5	0	42
chr8	27610601	27614654	2	2	1	3	0	38
chr8	27736246	27740471	2	2	1	1	0	31
chr8	27748280	27748494	2	2	1	18	0	42
chr8	27748280	27752511	2	2	1	3	0	38
chr8	27748599	27752511	2	2	1	2	0	13
chr8	27777170	27780173	1	1	1	1	0	3
chr8	27780268	27783999	1	1	1	1	0	13
chr8	27784058	27787884	1	1	1	1	0	21
chr8	27799717	27803305	1	1	1	1	0	27
chr8	28137892	28155941	1	1	1	1	0	44
chr8	28494344	28502669	1	1	1	1	0	35
chr8	29150384	29155725	2	2	1	3	0	18
chr8	29155857	29160732	2	2	1	1	0	4
chr8	30080880	30082077	2	4	1	1	0	38
chr8	30385159	30474778	1	1	1	1	0	19
chr8	30459349	30460848	1	1	1	1	0	27
chr8	30474857	30477798	1	1	1	1	0	6
chr8	30544625	30547291	1	1	1	4	0	17
chr8	30544625	30558886	1	1	1	1	0	42
chr8	30558957	30566256	1	1	1	3	0	43
chr8	30558957	30570636	1	1	1	1	0	29
chr8	30566361	30570636	1	1	1	8	0	44
chr8	30580397	30607056	2	2	1	1	0	7
chr8	30607151	30612298	2	2	1	1	0	35
chr8	30682062	30684087	2	2	1	1	0	19
chr8	30786308	30791196	2	2	1	2	0	21
chr8	30898818	30912142	2	2	1	2	0	17
chr8	31033974	31058371	1	1	1	6	0	42
chr8	31076288	31080866	1	1	1	2	0	14
chr8	31081297	31083698	1	1	1	0	1	38
chr8	31081297	31085165	1	1	1	0	1	38
chr8	31083780	31085165	1	1	1	4	0	35
chr8	31147477	31150340	1	1	1	1	0	5
chr8	32548827	32595827	1	1	1	2	0	12
chr8	33453511	33461371	2	2	1	2	0	19
chr8	33488630	33488733	1	1	1	1	0	35
chr8	33488799	33488987	1	1	1	4	0	31
chr8	33496742	33497231	1	1	1	2	0	34
chr8	33499278	33500327	2	2	1	7	0	38
chr8	35235888	35253209	1	1	1	1	0	25
chr8	35253240	35254392	1	1	1	1	0	30
chr8	38057261	38059903	1	1	1	1	0	21
chr8	38114288	38114904	1	1	1	2	0	30
chr8	38121150	38128290	1	1	1	1	0	15
chr8	38128952	38133453	1	1	1	1	0	32
chr8	38136968	38137120	2	4	1	1	0	40
chr8	38180086	38181640	1	1	1	1	0	43
chr8	38209268	38210007	1	1	1	1	0	16
chr8	38329894	38331430	2	2	1	4	0	37
chr8	38417992	38418227	2	2	1	1	0	32
chr8	38428094	38428345	2	2	1	1	0	23
chr8	38428436	38429246	2	2	1	2	0	25
chr8	38428436	38429681	2	2	1	3	0	34
chr8	38827289	38831124	1	1	1	1	0	36
chr8	39101931	39103606	1	1	1	1	0	45
chr8	39916089	39932231	2	2	1	1	0	43
chr8	41265490	41303460	2	2	1	7	0	32
chr8	41273677	41303460	2	2	1	1	0	33
chr8	41303539	41308615	2	2	1	17	0	41
chr8	41506013	41507058	1	1	1	1	0	9
chr8	41530299	41531126	1	1	1	3	0	18
chr8	42369336	42369848	1	1	1	2	0	22
chr8	42394279	42395083	1	1	1	1	0	35
chr8	42546607	42548655	1	1	1	1	0	23
chr8	42897189	42906172	1	1	1	1	0	10
chr8	42959315	42964310	1	1	1	1	0	42
chr8	42968215	42973288	1	1	1	2	0	28
chr8	43002142	43007846	1	1	1	2	0	14
chr8	43007930	43010304	1	1	1	2	0	39
chr8	43013401	43018357	1	1	1	1	0	33
chr8	46691475	46700164	1	1	1	0	1	33
chr8	47284095	47291032	1	1	1	2	0	24
chr8	47291138	47293866	1	1	1	1	0	28
chr8	47774378	47776843	2	2	1	1	0	7
chr8	47776984	47777685	2	2	1	1	0	16
chr8	47777875	47778458	2	2	1	1	0	14
chr8	47783810	47785112	2	2	1	2	0	42
chr8	47785318	47788905	2	2	1	1	0	8
chr8	47789050	47789150	2	2	1	12	0	42
chr8	47789239	47794289	2	2	1	24	0	44
chr8	47799391	47800792	2	2	1	1	0	11
chr8	47831927	47834195	2	2	1	1	0	44
chr8	47849304	47849378	2	2	1	3	0	42
chr8	47855374	47857155	2	2	1	1	0	33
chr8	47858636	47858848	2	2	1	3	0	24
chr8	47860972	47862061	2	2	1	3	0	10
chr8	47862128	47862372	2	2	1	11	0	46
chr8	47862542	47863398	2	2	1	2	0	12
chr8	47877852	47879490	2	2	1	2	0	4
chr8	47898570	47900372	2	2	1	1	0	12
chr8	47915419	47918276	2	2	1	1	0	8
chr8	47930013	47930671	2	2	1	3	0	23
chr8	47943367	47943852	2	2	1	1	0	11
chr8	47953920	47954337	2	2	1	1	0	9
chr8	47954447	47955873	2	2	1	13	0	40
chr8	47955949	47957170	2	2	1	15	0	41
chr8	47957264	47957354	2	2	1	4	0	17
chr8	47962217	47962304	1	1	1	1	0	16
chr8	47970877	47971340	1	1	1	1	0	35
chr8	47971469	47972856	1	1	1	1	0	12
chr8	47974963	47975714	1	1	1	1	0	25
chr8	48008471	48043032	1	1	1	1	0	39
chr8	48043182	48049852	1	1	1	2	0	40
chr8	48049979	48060681	1	1	1	1	0	8
chr8	52628169	52630469	2	2	1	1	0	37
chr8	52636070	52642350	2	2	1	2	0	37
chr8	52642813	52645701	2	2	1	1	0	42
chr8	52645847	52656007	2	2	1	1	0	45
chr8	52645868	52656007	2	2	1	5	0	46
chr8	52674275	52676368	2	2	1	1	0	18
chr8	53772168	53795646	2	2	1	1	0	46
chr8	53970464	53979024	2	2	1	2	0	38
chr8	53979172	53984362	2	2	1	2	0	32
chr8	53984518	53986968	2	6	1	1	2	43
chr8	53987026	53988113	2	2	1	5	0	32
chr8	53988260	53993667	2	2	1	0	1	12
chr8	53993756	53999944	2	2	1	0	3	30
chr8	54000051	54010429	2	2	1	4	5	40
chr8	54010493	54022062	2	2	1	4	12	40
chr8	54048119	54051011	2	2	1	2	0	20
chr8	54065814	54080252	2	2	1	1	0	43
chr8	54100940	54101754	2	2	1	2	0	6
chr8	54142787	54147381	1	1	1	3	0	33
chr8	55763029	55763935	2	2	1	1	0	6
chr8	55782813	55785718	1	1	1	2	0	44
chr8	55785892	55786237	1	1	1	1	0	41
chr8	55792785	55795977	1	1	1	1	0	28
chr8	55799221	55802456	1	1	1	1	0	6
chr8	55824967	55825132	1	3	1	1	0	33
chr8	55923319	55923686	2	4	1	1	0	29
chr8	56073273	56073694	2	2	1	96	0	46
chr8	56073769	56074059	2	2	1	6	0	36
chr8	56074160	56074253	2	2	1	0	3	3
chr8	56074160	56074380	2	2	1	5	3	45
chr8	56214668	56216432	1	1	1	2	0	43
chr8	56216532	56217330	1	1	1	5	0	44
chr8	58031704	58075534	1	1	1	1	0	40
chr8	58446069	58447388	1	1	1	1	0	37
chr8	58570966	58572204	1	1	1	1	0	13
chr8	60517254	60558851	1	1	1	2	0	29
chr8	60558924	60572045	1	1	1	3	0	11
chr8	60572114	60584207	1	1	1	5	0	46
chr8	60584291	60584722	1	1	1	5	0	32
chr8	60584816	60591857	1	1	1	3	0	42
chr8	60591970	60618579	1	1	1	1	0	45
chr8	60743098	60780999	1	1	1	19	1	43
chr8	60781431	60794985	1	1	1	1	0	15
chr8	60800526	60801527	1	1	1	2	0	32
chr8	60809517	60809556	1	1	1	1	0	45
chr8	60824017	60828662	1	1	1	2	0	33
chr8	60828807	60830321	1	1	1	2	0	7
chr8	60837013	60837667	1	1	1	2	0	32
chr8	60849155	60850492	1	1	1	1	0	44
chr8	60851105	60851261	1	1	1	1	0	31
chr8	60851320	60852018	1	1	1	1	0	3
chr8	60856889	60860903	1	1	1	1	0	34
chr8	61638004	61638321	2	2	1	2	0	38
chr8	61638364	61642887	2	2	1	1	0	33
chr8	61642921	61643385	2	2	1	1	0	24
chr8	61651125	61653567	2	2	1	1	0	23
chr8	61653661	61680967	2	4	1	2	0	46
chr8	61681037	61684038	2	2	1	1	0	11
chr8	63023998	63024079	2	2	1	1	0	18
chr8	63187746	63209682	1	1	1	1	0	17
chr8	65627434	65633997	2	2	1	1	0	7
chr8	65724352	65724776	2	2	1	1	0	9
chr8	65730308	65732125	1	1	1	1	0	43
chr8	66677955	66678218	1	1	1	1	0	33
chr8	66922115	66922323	2	2	1	23	0	45
chr8	66922393	66922613	2	2	1	6	0	41
chr8	67043318	67045811	2	2	1	5	0	29
chr8	67093642	67095292	1	1	1	1	0	18
chr8	67105976	67111971	1	1	1	1	0	39
chr8	67132081	67137455	1	1	1	1	0	31
chr8	67161916	67163731	1	1	1	2	0	27
chr8	67163799	67164390	1	1	1	1	0	3
chr8	67225034	67226022	2	2	1	2	0	40
chr8	67228133	67228223	2	2	1	5	0	34
chr8	67228265	67232854	2	2	1	5	0	41
chr8	67253623	67257731	2	2	1	5	0	38
chr8	67257817	67258084	2	2	1	2	0	24
chr8	67259927	67266005	2	2	1	1	0	7
chr8	67266208	67266875	2	2	1	4	0	18
chr8	67271937	67275975	2	2	1	1	0	30
chr8	67296611	67299208	2	2	1	2	1	25
chr8	67299356	67301223	2	2	1	2	0	26
chr8	68044591	68053096	1	1	1	2	0	42
chr8	68080586	68080745	1	1	1	1	0	24
chr8	69576058	69624172	2	2	1	1	0	27
chr8	69690037	69690065	1	3	1	1	0	12
chr8	70052305	70055299	2	2	1	1	0	27
chr8	70055402	70058639	2	2	1	1	0	33
chr8	70575006	70583163	2	2	1	1	0	18
chr8	70596322	70597894	2	2	1	5	0	46
chr8	70638630	70640901	2	2	1	3	0	41
chr8	71675536	71702214	1	1	1	1	0	4
chr8	73009206	73013894	1	1	1	2	0	41
chr8	73013991	73020683	1	1	1	2	4	45
chr8	73020806	73022215	1	1	1	1	2	36
chr8	73022303	73024821	1	1	1	3	0	43
chr8	73024922	73026939	1	1	1	1	0	40
chr8	73024972	73026939	1	1	1	18	1	39
chr8	73025390	73025957	1	3	1	3	0	37
chr8	73027053	73030335	1	1	1	24	0	45
chr8	73027053	73032041	1	1	1	20	23	45
chr8	73030396	73032041	1	1	1	46	0	45
chr8	73032134	73038705	1	1	1	3	0	43
chr8	73032134	73039115	1	1	1	4	0	43
chr8	73039220	73045960	1	1	1	3	0	13
chr8	73290706	73291042	2	2	1	608	18	46
chr8	73291142	73388550	1	1	1	2	0	24
chr8	73291253	73291551	2	2	1	41	0	45
chr8	73291662	73291772	2	2	1	13	0	46
chr8	73291911	73292238	2	2	1	8	0	45
chr8	73292406	73292688	2	2	1	10	0	38
chr8	73292798	73293598	2	2	1	1	0	34
chr8	73673243	73688653	2	2	1	1	0	33
chr8	73739869	73746782	2	2	1	2	0	34
chr8	73946821	73955646	2	2	1	0	1	3
chr8	73946821	73955910	2	2	1	17	1	41
chr8	74360311	74361883	1	1	1	1	0	38
chr8	74363054	74488677	1	1	1	1	0	46
chr8	75014913	75016564	1	1	1	2	0	31
chr8	78715329	78717327	1	1	1	2	0	26
chr8	79819154	79820468	2	2	1	1	0	27
chr8	79919149	80002998	2	2	1	3	0	39
chr8	80001249	80002998	2	2	1	1	0	26
chr8	80038236	80042619	2	4	1	1	0	40
chr8	80042669	80051526	2	2	1	1	0	3
chr8	80051629	80053281	2	2	1	1	0	44
chr8	80053431	80064477	2	2	1	0	1	13
chr8	81283539	81283872	1	1	1	6	0	41
chr8	81283975	81284513	1	1	1	8	0	42
chr8	81703125	81713917	2	2	1	1	0	21
chr8	85129380	85129918	1	1	1	1	0	4
chr8	85130059	85131759	1	1	1	1	0	29
chr8	85135964	85137463	1	1	1	4	0	37
chr8	85137628	85138034	1	1	1	2	0	46
chr8	85138244	85138337	1	1	1	1	0	38
chr8	85138476	85141381	1	1	1	1	0	3
chr8	85214632	85214920	2	2	1	29	0	46
chr8	85214632	85217385	2	2	1	2	0	41
chr8	85215038	85217385	2	2	1	4	0	18
chr8	85217503	85219235	2	2	1	1	0	41
chr8	86369032	86374029	1	1	1	4	0	45
chr8	86380865	86381504	1	1	1	1	0	15
chr8	86472480	86477293	2	2	1	2	0	10
chr8	86474359	86474819	2	2	1	18	0	42
chr8	86486644	86488551	2	2	1	1	0	16
chr8	86488640	86506994	2	2	1	1	0	19
chr8	86537647	86538776	1	1	1	1	0	41
chr8	86537647	86540244	1	1	1	2	0	34
chr8	86540335	86544739	1	1	1	7	0	39
chr8	86544839	86546594	1	1	1	1	0	32
chr8	86548435	86551045	1	1	1	2	0	38
chr8	88056279	88074604	2	2	1	1	0	41
chr8	89935613	89937025	2	2	1	2	0	44
chr8	89953692	89955282	2	2	1	3	0	31
chr8	90036941	90042727	1	1	1	1	0	23
chr8	90044996	90051676	1	1	1	2	0	13
chr8	90051740	90051837	1	1	1	4	0	32
chr8	93703689	93704908	1	1	1	1	0	23
chr8	93720176	93720774	1	1	1	1	0	33
chr8	93726514	93728204	1	1	1	2	0	42
chr8	94378381	94378567	2	2	1	1	0	19
chr8	94411316	94458267	2	2	1	1	0	4
chr8	94488861	94489938	2	2	1	1	0	35
chr8	94662371	94662500	1	1	1	1	0	4
chr8	94873478	94874551	1	1	1	1	0	43
chr8	94874603	94876073	1	1	1	3	0	46
chr8	94876148	94876220	1	1	1	3	0	35
chr8	94876286	94876445	1	1	1	6	0	23
chr8	94876490	94880117	1	1	1	8	0	42
chr8	95051715	95052173	1	1	1	1	0	42
chr8	95052231	95057808	1	1	1	1	0	4
chr8	96231133	96231773	2	2	1	36	0	44
chr8	96231941	96233155	2	2	1	5	0	31
chr8	96244081	96245859	2	2	1	2	0	18
chr8	97644888	97661071	1	1	1	9	0	34
chr8	97686753	97687428	1	1	1	2	0	44
chr8	97699853	97706625	1	1	1	15	0	46
chr8	97706751	97713661	1	1	1	10	0	32
chr8	97719190	97722878	1	1	1	6	0	39
chr8	97723036	97724599	1	1	1	4	0	33
chr8	97816181	97819139	1	1	1	1	0	28
chr8	98041851	98042644	2	2	1	352	0	45
chr8	98042719	98044942	2	2	1	2	0	38
chr8	98042776	98044942	2	2	1	9	0	42
chr8	98045089	98045346	2	2	1	3	0	38
chr8	98045400	98045507	2	2	1	1	0	17
chr8	98127763	98128364	1	1	1	2	0	32
chr8	98134660	98136481	1	1	1	1	0	17
chr8	98767372	98774738	2	2	1	1	0	23
chr8	99111280	99115699	1	1	1	2	0	32
chr8	99501859	99502835	1	1	1	1	0	8
chr8	99502951	99507136	1	1	1	1	0	33
chr8	99878266	99887489	2	2	1	45	0	45
chr8	99887619	99891907	2	2	1	4	0	30
chr8	100151917	100153293	1	1	1	1	0	16
chr8	100703360	100704279	2	2	1	1	0	24
chr8	100703360	100704296	2	2	1	191	0	44
chr8	100704391	100704925	2	2	1	88	0	45
chr8	100705057	100705588	2	2	1	7	0	43
chr8	100705674	100706650	2	2	1	0	6	38
chr8	100706806	100706886	2	2	1	3	0	25
chr8	100706998	100709132	2	2	1	4	0	30
chr8	100709224	100709458	2	2	1	2	0	45
chr8	100709732	100712361	2	2	1	6	0	38
chr8	100712790	100713086	2	2	1	2	0	35
chr8	100713182	100715461	2	2	1	5	0	40
chr8	100715602	100717772	2	2	1	1	0	44
chr8	100717889	100718086	2	2	1	6	0	39
chr8	100924299	100924915	2	2	1	4	0	21
chr8	100925040	100948595	2	2	1	3	0	24
chr8	101199240	101199989	2	2	1	2	0	44
chr8	101599152	101619538	1	1	1	3	0	36
chr8	102225019	102225917	2	2	1	2	0	18
chr8	102254515	102257631	2	2	1	2	0	34
chr8	102278940	102279035	2	2	1	1	0	36
chr8	102287565	102288154	2	2	1	1	0	25
chr8	102294116	102294981	2	2	1	2	0	30
chr8	102295112	102295203	2	2	1	2	0	15
chr8	102298490	102298847	2	2	1	2	0	41
chr8	102305296	102311298	2	2	1	2	0	15
chr8	102311497	102311734	2	2	1	1	0	17
chr8	102327897	102329089	2	2	1	2	0	40
chr8	102833219	102834188	2	2	1	2	0	21
chr8	103415517	103420263	1	1	1	2	0	11
chr8	103420464	103420974	1	3	1	1	0	34
chr8	103432742	103435625	1	1	1	1	0	20
chr8	103440272	103441454	1	1	1	1	0	19
chr8	103441619	103442794	1	1	1	27	0	44
chr8	103931394	103936550	1	1	1	1	0	29
chr8	104013622	104014505	1	1	1	1	0	19
chr8	104014616	104018208	1	1	1	2	0	30
chr8	106684360	106692727	1	1	1	2	0	25
chr8	108201924	108202982	2	2	1	75	1	45
chr8	108203118	108203400	2	2	1	10	0	40
chr8	108203504	108214606	2	2	1	1	3	34
chr8	108214717	108216411	2	2	1	3	0	40
chr8	108216514	108217333	2	2	1	2	0	29
chr8	108217461	108228266	2	2	1	3	0	35
chr8	108229196	108234997	2	2	1	1	0	35
chr8	108240076	108241798	2	2	1	1	0	11
chr8	108241914	108248612	2	2	1	2	0	41
chr8	108453148	108455872	1	1	1	1	0	26
chr8	108475964	108476781	1	1	1	2	0	22
chr8	108476893	108479005	1	1	1	1	0	21
chr8	108479111	108486511	1	1	1	1	0	9
chr8	109271131	109275351	2	2	1	1	0	9
chr8	109275497	109280967	2	2	1	2	0	43
chr8	109293525	109296383	2	2	1	1	0	20
chr8	109334403	109336127	1	1	1	2	0	9
chr8	109334475	109336127	1	1	1	1	0	20
chr8	109336205	109339319	1	1	1	1	0	9
chr8	109339391	109340443	1	1	1	1	0	29
chr8	109339391	109340488	1	1	1	1	0	12
chr8	109340564	109343404	1	1	1	1	0	19
chr8	109554888	109556934	1	1	1	1	0	13
chr8	109557043	109560837	1	1	1	5	0	37
chr8	116645104	116646470	2	2	1	3	0	30
chr8	116646604	116648805	2	2	1	2	0	37
chr8	116657315	116658812	2	2	1	3	0	31
chr8	116850768	116851947	2	2	1	18	0	45
chr8	116852709	116854244	2	2	1	1	0	20
chr8	116856289	116856645	2	2	1	1	0	43
chr8	116863260	116866585	2	2	1	3	0	24
chr8	118439962	118580714	2	2	1	1	0	21
chr8	119732187	119742533	2	2	1	2	0	22
chr8	119742657	119744287	2	2	1	3	0	38
chr8	119788448	119788789	2	2	1	2	0	16
chr8	119838408	119841793	2	2	1	1	0	24
chr8	120158247	120162425	1	1	1	2	0	46
chr8	120396126	120413990	2	2	1	2	0	31
chr8	120425367	120432029	2	2	1	1	0	39
chr8	120497555	120502491	1	1	1	1	0	29
chr8	120518818	120522653	1	1	1	1	0	17
chr8	120522720	120523297	1	1	1	1	0	9
chr8	123321176	123322937	2	2	1	1	0	7
chr8	123337822	123339310	2	2	1	3	0	21
chr8	123370025	123370902	2	2	1	2	0	37
chr8	123370991	123371235	2	2	1	2	0	42
chr8	123371339	123371669	2	2	1	2	0	41
chr8	123372687	123380528	2	2	1	1	0	11
chr8	123380678	123396186	2	2	1	1	0	18
chr8	124488697	124493832	2	2	1	12	1	43
chr8	124493960	124495471	2	2	1	2	0	15
chr8	124495543	124504270	2	2	1	2	0	19
chr8	124504348	124508473	2	2	1	1	0	30
chr8	124508515	124508602	2	2	1	1	0	21
chr8	124508689	124515745	2	2	1	3	0	43
chr8	124515789	124515886	2	2	1	4	0	43
chr8	124543280	124546999	1	1	1	1	0	28
chr8	124547114	124549760	1	1	1	20	0	42
chr8	125018202	125018630	1	1	1	1	0	23
chr8	125056818	125057555	2	2	1	1	0	6
chr8	125063652	125067591	2	2	1	1	0	35
chr8	125151278	125182102	1	1	1	1	0	15
chr8	125343736	125344617	2	2	1	2	0	46
chr8	125357320	125357711	1	1	1	1	0	38
chr8	126557932	126589191	1	1	1	1	0	18
chr8	128096655	128100979	1	1	1	2	0	39
chr8	129854344	129855610	2	2	1	2	0	42
chr8	129904586	129939607	2	2	1	1	0	21
chr8	130187286	130188108	2	2	1	2	0	38
chr8	130188184	130214555	2	2	1	2	0	31
chr8	130783806	130785382	2	2	1	1	0	17
chr8	131979020	131979345	1	1	1	3	0	41
chr8	131987703	131996405	1	1	1	2	0	20
chr8	131996498	132001758	1	1	1	1	0	11
chr8	132001808	132002602	1	1	1	2	0	34
chr8	132625455	132632739	2	2	1	1	0	40
chr8	132656908	132661459	2	2	1	1	0	28
chr8	132817546	132824003	1	1	1	2	0	24
chr8	132824061	132825263	1	1	1	2	0	38
chr8	132825158	132825263	1	1	1	2	0	37
chr8	132839583	132842514	1	1	1	1	0	30
chr8	133567321	133570109	2	2	1	1	0	40
chr8	135645118	135646992	1	1	1	1	0	5
chr8	140701023	140702569	2	2	1	2	0	38
chr8	140702708	140706118	2	2	1	3	0	41
chr8	140706206	140717597	2	2	1	1	0	3
chr8	140789527	140793353	2	2	1	1	0	31
chr8	140793385	140800458	2	2	1	1	0	14
chr8	140803651	140818276	2	2	1	2	0	33
chr8	140818355	140818879	2	2	1	3	0	45
chr8	143309544	143310067	2	2	1	9	0	42
chr8	143321387	143323998	2	2	1	1	0	7
chr8	143325534	143326221	2	2	1	1	0	45
chr8	143326345	143329349	2	2	1	1	0	40
chr8	143417920	143418974	1	1	1	1	0	37
chr8	143551390	143552358	1	3	1	1	0	25
chr8	143574901	143574985	2	2	1	5	0	40
chr8	143575094	143575190	2	2	1	2	0	22
chr8	143575346	143575422	2	2	1	2	0	39
chr8	143579831	143580011	2	2	1	121	0	46
chr8	143580207	143580505	2	2	1	5	0	42
chr8	143580728	143581053	2	2	1	1	0	9
chr8	143581155	143581228	2	2	1	1	0	27
chr8	143586850	143597347	2	2	1	3	0	27
chr8	143586853	143597347	2	2	1	1	0	33
chr8	143614454	143614623	2	2	1	1	1	46
chr8	143816418	143816464	2	2	1	1	0	25
chr8	144051827	144051915	2	2	1	1	0	19
chr8	144084610	144084721	1	1	1	2	0	3
chr8	144097135	144097231	1	1	1	2	0	27
chr8	144098789	144098865	2	2	1	4	0	45
chr8	144106675	144106834	1	1	1	1	0	14
chr8	144194626	144195626	1	1	1	1	0	17
chr8	144262151	144265002	1	3	1	1	0	22
chr8	144262318	144262395	2	2	1	9	0	45
chr8	144313912	144313984	1	1	1	1	0	15
chr8	144355679	144355967	2	2	1	1	0	17
chr8	144360338	144360445	1	1	1	1	0	41
chr8	144360494	144360589	1	1	1	1	0	3
chr8	144393366	144393451	2	2	1	14	0	39
chr8	144393591	144393666	2	2	1	1	0	8
chr8	144393797	144393882	2	2	1	1	0	5
chr8	144394039	144394112	2	2	1	1	0	37
chr8	144394556	144394643	2	2	1	1	0	11
chr8	144444025	144444179	2	2	1	1	0	26
chr8	144473903	144474067	2	4	1	1	0	38
chr8	144510016	144510359	1	1	1	1	0	43
chr8	144510505	144511154	2	2	1	1	0	28
chr8	144510723	144510793	1	1	1	2	0	40
chr8	144510904	144510990	1	1	1	1	0	38
chr8	144515891	144515987	2	2	1	2	0	17
chr8	144767563	144768077	2	2	1	0	1	28
chr8	144768039	144768077	2	2	1	0	1	28
chr8	144770328	144770844	2	2	1	1	0	26
chr8	144789916	144790439	0	0	1	4	0	31
chr8	144789963	144790354	2	2	1	131	0	46
chr8	144790471	144791276	2	2	1	9	0	42
chr8	144791308	144791370	2	2	1	1	0	16
chr8	144791496	144791772	2	2	1	5	1	33
chr8	144890060	144890307	2	2	1	1	0	28
chr9	121574	121960	2	2	1	2	14	42
chr9	122091	123216	2	2	1	0	1	30
chr9	123455	134978	2	2	1	0	1	31
chr9	156528	162431	2	2	1	1	0	37
chr9	162470	163977	2	2	1	1	0	17
chr9	164038	172080	2	2	1	1	1	19
chr9	172173	173269	2	2	1	1	0	33
chr9	2810432	2811360	2	2	1	2	0	40
chr9	2824816	2827072	2	2	1	1	0	5
chr9	2828779	2829773	2	2	1	2	0	16
chr9	2829949	2830961	2	2	1	1	0	27
chr9	2831345	2833356	2	2	1	2	0	15
chr9	2833433	2834030	2	2	1	3	0	26
chr9	2834167	2837179	2	2	1	16	0	45
chr9	2837402	2838425	2	2	1	5	0	43
chr9	2838518	2844044	2	2	1	2	0	39
chr9	4566090	4567668	1	1	1	1	0	37
chr9	5072627	5073697	1	1	1	1	0	21
chr9	5361188	5361757	2	2	1	1	0	16
chr9	5954096	5968018	2	2	1	1	0	17
chr9	5988546	6007194	2	2	1	2	0	14
chr9	6475501	6477621	1	1	1	1	0	29
chr9	6620320	6644613	2	2	1	0	1	18
chr9	6669729	6670424	1	1	1	1	0	36
chr9	7798638	7799460	2	2	1	1	0	14
chr9	8317943	8319830	2	2	1	2	0	22
chr9	13119650	13121738	2	2	1	1	0	5
chr9	13133905	13136091	2	2	1	1	0	13
chr9	13140150	13147547	2	2	1	1	0	38
chr9	13140150	13150510	2	2	1	1	0	33
chr9	13206100	13216773	2	2	1	3	0	27
chr9	13223711	13224373	2	2	1	1	0	15
chr9	14680163	14690336	2	2	1	3	0	36
chr9	14690386	14693228	2	2	1	4	0	13
chr9	15210165	15211265	2	2	1	1	0	29
chr9	15423987	15433551	1	1	1	1	0	13
chr9	15465581	15466747	2	2	1	1	0	13
chr9	15466860	15468629	2	2	1	2	0	42
chr9	15468844	15468956	2	2	1	14	0	36
chr9	15469059	15469265	2	2	1	7	0	32
chr9	15469337	15469937	2	2	1	2	0	36
chr9	15471232	15472631	2	2	1	1	0	16
chr9	15471312	15472631	2	2	1	1	0	35
chr9	15472751	15474008	2	2	1	17	0	42
chr9	15474238	15478476	2	2	1	13	28	43
chr9	15478553	15479590	2	2	1	19	0	45
chr9	15479688	15486005	2	2	1	3	0	14
chr9	15486069	15486826	2	2	1	2	0	39
chr9	15486932	15489985	2	2	1	4	0	26
chr9	15490125	15506560	2	2	1	11	0	46
chr9	15506638	15510116	2	2	1	12	0	45
chr9	15510327	15510816	2	2	1	1	0	3
chr9	15579024	15591365	1	1	1	2	0	26
chr9	17135426	17143287	1	1	1	1	0	30
chr9	17226288	17235657	1	1	1	2	0	36
chr9	17235793	17236408	1	1	1	7	0	45
chr9	17260256	17266317	1	1	1	0	1	34
chr9	17298353	17309057	1	1	1	1	0	17
chr9	17342445	17366616	1	1	1	2	0	15
chr9	17366718	17388161	1	1	1	2	0	36
chr9	17388254	17394533	1	1	1	1	0	11
chr9	17395070	17409292	1	1	1	2	0	16
chr9	17484481	17486988	1	1	1	3	0	34
chr9	19060224	19063007	2	2	1	1	1	35
chr9	19063194	19063513	2	2	1	1	0	19
chr9	19063581	19070218	2	2	1	5	0	46
chr9	19070301	19076601	2	2	1	3	0	18
chr9	19087157	19089411	2	2	1	2	0	30
chr9	19089560	19093170	2	2	1	1	0	31
chr9	19096770	19102523	2	2	1	1	0	29
chr9	19335106	19336269	1	1	1	1	0	26
chr9	19336833	19340991	1	1	1	2	0	42
chr9	19376351	19376532	2	4	1	16	0	45
chr9	19376389	19376493	2	2	1	645	0	46
chr9	19376652	19378367	2	2	1	37	0	46
chr9	19378515	19378707	2	2	1	7	0	31
chr9	19378919	19379486	2	2	1	6	0	41
chr9	19379619	19380189	2	2	1	1	0	28
chr9	19787020	19788884	2	2	1	1	0	19
chr9	20662646	20663192	1	1	1	1	0	16
chr9	20988430	20990122	1	1	1	1	0	34
chr9	20993329	20995555	1	1	1	1	0	31
chr9	21859426	21861975	1	1	1	1	0	21
chr9	26887514	26892412	2	2	1	1	0	28
chr9	26984560	26988668	1	1	1	1	0	23
chr9	26988729	26990133	1	1	1	1	0	9
chr9	27017051	27018646	1	1	1	3	0	41
chr9	27018688	27029024	1	1	1	1	0	6
chr9	27029105	27044741	1	1	1	3	0	36
chr9	27047372	27048147	1	1	1	1	0	21
chr9	32429504	32430417	1	1	1	1	0	14
chr9	32433833	32434558	1	1	1	1	0	10
chr9	32488204	32488733	2	2	1	1	0	41
chr9	32553945	32558909	2	2	1	24	0	41
chr9	32558955	32570959	2	2	1	2	0	40
chr9	32571053	32572880	2	2	1	2	0	27
chr9	32986031	32987543	2	2	1	1	0	32
chr9	33025384	33026474	1	1	1	2	0	28
chr9	33026617	33026812	1	1	1	4	0	28
chr9	33026991	33029884	1	1	1	1	0	14
chr9	33029990	33030439	1	1	1	2	0	12
chr9	33034331	33036573	1	1	1	1	0	33
chr9	33037116	33038684	1	1	1	1	0	13
chr9	33047392	33048105	2	2	1	1	0	16
chr9	33048259	33053122	2	2	1	1	0	21
chr9	33053291	33056112	2	2	1	1	0	29
chr9	33071893	33073595	2	2	1	3	0	34
chr9	33255309	33255864	2	2	1	1	0	41
chr9	33261170	33262701	2	2	1	1	0	21
chr9	33270717	33271151	1	1	1	1	0	9
chr9	33271224	33276455	1	1	1	2	0	31
chr9	33529174	33533438	1	1	1	0	2	39
chr9	33534508	33536877	1	1	1	1	0	21
chr9	33539503	33540077	1	1	1	0	6	41
chr9	33540213	33541146	1	1	1	2	0	18
chr9	33543256	33547937	1	1	1	3	0	46
chr9	33989127	33996222	2	2	1	1	0	41
chr9	33996334	33998786	2	2	1	2	0	45
chr9	33998865	34017049	2	2	1	1	0	25
chr9	34338848	34339023	1	1	1	1	0	5
chr9	34665191	34665313	2	2	1	1	0	27
chr9	34665374	34665612	2	2	1	2	0	23
chr9	35034406	35035393	2	2	1	1	0	44
chr9	35057018	35063032	1	3	1	1	0	35
chr9	35059220	35059492	2	4	1	1	0	37
chr9	35059802	35060312	2	2	1	1	0	19
chr9	35062351	35062977	2	2	1	1	0	7
chr9	35065382	35066674	2	2	1	1	0	35
chr9	35089222	35089379	2	2	1	2	0	31
chr9	35101012	35101134	2	2	1	1	0	17
chr9	35101561	35101709	2	2	1	1	0	36
chr9	35101812	35101903	2	2	1	2	0	8
chr9	35561098	35561180	1	1	1	2	0	27
chr9	35660859	35660939	1	1	1	1	0	6
chr9	35682164	35682523	2	2	1	1	0	27
chr9	35682164	35684245	2	2	1	36	0	46
chr9	35684316	35684487	2	2	1	10	0	43
chr9	35684551	35684731	2	2	1	7	0	46
chr9	35685340	35685433	2	2	1	2	0	39
chr9	35685781	35689145	2	2	1	1	0	34
chr9	35697917	35698043	2	2	1	1	0	28
chr9	35720914	35721647	2	2	1	1	0	16
chr9	35722224	35722860	2	2	1	1	0	10
chr9	35722922	35723951	2	2	1	1	0	32
chr9	35724960	35725223	2	2	1	1	0	32
chr9	35736133	35736226	1	1	1	1	0	41
chr9	35739801	35739997	2	2	1	2	0	15
chr9	35813146	35813265	2	2	1	3	0	38
chr9	35813550	35813643	2	2	1	1	0	18
chr9	35841795	35842391	1	1	1	1	0	24
chr9	36191274	36197550	1	1	1	2	0	14
chr9	36197589	36198978	1	1	1	2	0	36
chr9	36199097	36204067	1	1	1	1	0	44
chr9	36376128	36424612	2	2	1	1	0	45
chr9	36597291	36599393	1	1	1	2	0	42
chr9	36599487	36607574	1	1	1	2	0	5
chr9	36657364	36665349	1	1	1	3	0	42
chr9	36665582	36669309	1	1	1	1	0	31
chr9	36669407	36670997	1	1	1	2	0	34
chr9	36671167	36674833	1	1	1	2	0	20
chr9	36674938	36677159	1	1	1	1	0	38
chr9	37305715	37327798	1	1	1	3	0	19
chr9	37327835	37349356	1	1	1	3	0	24
chr9	37354825	37356834	1	1	1	6	0	33
chr9	37430647	37432007	1	1	1	2	0	41
chr9	37522978	37525101	2	2	1	1	0	17
chr9	37588933	37592411	2	2	1	7	0	33
chr9	37780881	37783913	2	2	1	1	0	27
chr9	37846580	37847143	2	2	1	1	0	43
chr9	38588664	38593759	2	2	1	4	0	32
chr9	38604288	38604862	2	2	1	0	6	41
chr9	38611322	38615593	2	2	1	0	2	39
chr9	39447453	39456508	2	2	1	1	0	33
chr9	39809616	39809730	2	2	1	1	0	28
chr9	40992776	40993252	1	1	1	1	0	34
chr9	40993435	40994632	1	1	1	1	0	38
chr9	40994700	41007439	1	1	1	3	0	30
chr9	41131841	41132227	2	2	1	0	9	45
chr9	41132358	41133504	2	2	1	0	2	30
chr9	41133571	41133673	2	2	1	0	1	12
chr9	41166831	41170283	2	2	1	0	2	30
chr9	41174353	41182374	0	0	1	0	1	14
chr9	41182467	41183563	2	2	1	0	1	21
chr9	41183661	41185992	2	2	1	0	1	40
chr9	41794449	41843789	2	2	1	1	0	40
chr9	63379295	63379939	2	2	1	0	1	21
chr9	63397084	63398758	1	1	1	0	12	41
chr9	63833449	63834435	2	2	1	0	2	39
chr9	63858567	63859128	2	2	1	0	1	43
chr9	65288016	65288402	2	2	1	1	5	19
chr9	65288533	65289657	2	2	1	0	1	30
chr9	65289896	65301424	2	2	1	0	1	31
chr9	65679253	65681573	1	1	1	0	1	40
chr9	65681671	65682765	1	1	1	0	1	21
chr9	65695045	65698514	1	1	1	0	2	30
chr9	65720093	65731629	1	1	1	0	1	31
chr9	65731868	65732992	1	1	1	0	1	30
chr9	65733123	65733509	1	1	1	0	9	45
chr9	68245300	68247612	1	1	1	0	1	40
chr9	68247710	68248805	1	1	1	0	1	21
chr9	68248898	68256920	1	1	1	0	1	14
chr9	68260997	68264467	1	1	1	0	2	30
chr9	68286041	68297579	1	1	1	0	1	31
chr9	68297649	68297751	1	1	1	0	1	12
chr9	68297818	68298963	1	1	1	0	2	30
chr9	68299094	68299480	1	1	1	0	9	45
chr9	69221497	69225303	1	1	1	1	0	9
chr9	69225408	69226021	1	1	1	2	0	38
chr9	69227874	69227980	1	1	1	1	0	34
chr9	69242984	69244071	2	4	1	1	0	27
chr9	69886896	69905953	1	1	1	1	0	4
chr9	70264446	70267922	1	1	1	1	0	7
chr9	70267976	70277309	1	1	1	1	0	32
chr9	70277473	70278490	1	1	1	2	0	32
chr9	70280900	70282421	1	1	1	5	0	44
chr9	70300201	70305246	1	1	1	1	0	6
chr9	70318688	70318793	1	1	1	2	0	28
chr9	70318964	70323482	1	1	1	1	0	40
chr9	70324144	70344143	1	1	1	2	0	45
chr9	70344270	70346604	1	1	1	1	0	16
chr9	70344270	70347065	1	1	1	1	0	43
chr9	70346650	70347065	1	1	1	2	0	33
chr9	70347718	70347918	1	1	1	2	0	27
chr9	70350294	70350375	1	1	1	1	0	38
chr9	70350472	70352190	1	1	1	2	0	26
chr9	71875084	71910633	2	2	1	1	0	42
chr9	72357057	72359417	2	2	1	1	0	17
chr9	72359522	72360109	2	2	1	1	0	7
chr9	73881693	73883109	0	0	1	3	0	44
chr9	75140933	75146682	1	1	1	2	0	46
chr9	76189747	76193236	1	1	1	3	0	37
chr9	76392570	76394089	2	2	1	1	0	41
chr9	77042762	77068164	1	3	1	2	0	42
chr9	77177805	77199944	1	1	1	1	0	5
chr9	77199989	77201364	1	1	1	3	0	43
chr9	77201408	77205312	1	1	1	1	0	16
chr9	77220384	77221184	1	1	1	1	0	37
chr9	77281927	77282120	1	1	1	1	0	40
chr9	77314120	77314494	1	1	1	1	0	40
chr9	77317699	77318234	1	1	1	1	0	44
chr9	77407608	77415955	1	1	1	7	0	38
chr9	78264317	78265371	1	1	1	1	0	36
chr9	78298923	78299014	2	4	1	1	0	43
chr9	78300663	78301953	1	1	1	1	0	41
chr9	78317805	78328050	1	1	1	1	0	12
chr9	78327051	78327403	1	1	1	1	0	39
chr9	78328189	78328980	1	1	1	1	0	21
chr9	78332054	78360363	1	1	1	1	0	14
chr9	78422193	78423023	1	1	1	1	0	39
chr9	79652795	79654058	1	1	1	1	0	17
chr9	79654076	79704782	1	1	1	1	0	17
chr9	81584306	81584447	2	2	1	2	0	25
chr9	81587829	81590804	2	2	1	1	0	7
chr9	83661940	83663874	2	2	1	2	0	12
chr9	83806561	83816995	2	2	1	1	0	6
chr9	83867861	83870518	2	2	1	1	0	15
chr9	83880495	83883812	2	2	1	5	0	40
chr9	83884019	83887040	2	2	1	1	0	28
chr9	83887197	83888488	2	2	1	1	0	3
chr9	83908653	83915293	2	2	1	1	0	43
chr9	83919814	83920105	2	2	1	1	0	6
chr9	83970332	83970736	2	2	1	5	0	37
chr9	83970820	83970896	2	2	1	2	0	18
chr9	83970913	83971272	2	2	1	1	0	16
chr9	83974590	83975461	2	2	1	6	0	26
chr9	83975506	83976994	2	2	1	8	0	40
chr9	83977052	83977688	2	2	1	7	0	39
chr9	83977787	83978194	2	2	1	2	0	36
chr9	83978280	83978372	2	2	1	2	1	19
chr9	83978453	83979272	2	2	1	0	1	3
chr9	83978453	83979770	2	2	1	0	1	3
chr9	83978453	83980152	2	2	1	3	0	46
chr9	83978453	83980502	2	2	1	6	0	44
chr9	83999798	84000950	1	1	1	1	0	38
chr9	85586961	85588297	2	2	1	1	0	11
chr9	85621286	85632661	2	2	1	2	0	46
chr9	85941274	85942154	1	1	1	1	0	14
chr9	85959868	85962012	1	1	1	1	0	43
chr9	85962181	85974966	1	1	1	5	0	37
chr9	85996578	86003584	1	1	1	1	0	3
chr9	86003645	86007357	1	1	1	2	0	24
chr9	86013898	86016538	1	1	1	5	0	28
chr9	86033396	86035367	2	2	1	1	0	23
chr9	86272113	86274188	2	2	1	0	1	37
chr9	86303202	86304855	2	2	1	1	0	41
chr9	86304948	86305191	2	2	1	3	0	15
chr9	86346481	86352679	2	2	1	1	0	25
chr9	87639816	87640297	1	1	1	1	0	26
chr9	89315298	89316372	1	1	1	2	0	42
chr9	89319798	89325547	1	1	1	1	0	27
chr9	89332987	89334635	1	1	1	1	0	40
chr9	89332987	89334638	1	1	1	1	0	31
chr9	89334731	89338457	1	1	1	6	0	45
chr9	89338581	89339863	1	1	1	1	0	34
chr9	92059309	92067965	2	2	1	1	0	4
chr9	92242331	92243215	2	2	1	3	0	44
chr9	92245072	92247376	2	2	1	1	0	31
chr9	92247552	92249857	2	2	1	1	0	23
chr9	92250835	92251807	2	2	1	1	0	21
chr9	92263056	92264928	2	2	1	1	0	38
chr9	92278287	92280745	2	2	1	2	0	32
chr9	92280894	92285721	2	2	1	1	0	35
chr9	92289427	92293610	2	2	1	1	0	37
chr9	92298337	92298883	2	2	1	4	0	36
chr9	92298955	92299889	2	2	1	1	0	18
chr9	92301823	92305752	2	2	1	1	0	10
chr9	92305831	92306885	2	2	1	4	0	38
chr9	92307025	92310170	2	2	1	3	0	41
chr9	92310262	92310552	2	2	1	4	0	11
chr9	92321747	92323440	2	2	1	1	0	13
chr9	92642811	92648058	2	2	1	1	0	41
chr9	93317632	93320366	1	1	1	2	0	12
chr9	93347892	93353197	2	2	1	0	10	45
chr9	94307988	94308691	1	1	1	0	1	26
chr9	94617861	94620328	2	2	1	1	0	9
chr9	94967802	94979366	1	1	1	1	0	21
chr9	95479148	95479968	2	2	1	1	0	29
chr9	95870442	95874979	2	2	1	1	0	15
chr9	95978216	96004519	1	1	1	1	0	45
chr9	96947421	96948124	2	2	1	0	1	26
chr9	97038054	97039070	2	2	1	3	0	30
chr9	97161967	97170606	2	2	1	2	0	32
chr9	97170737	97172947	2	2	1	2	0	17
chr9	97173061	97178263	2	2	1	11	0	33
chr9	97178414	97179447	2	2	1	1	0	26
chr9	97180917	97185441	2	2	1	5	0	43
chr9	97185513	97186174	2	2	1	1	0	6
chr9	97186273	97187453	2	2	1	1	0	16
chr9	97187508	97188464	2	2	1	2	0	44
chr9	97188600	97190335	2	2	1	1	0	17
chr9	97188600	97191730	2	2	1	2	0	29
chr9	97191799	97194702	2	2	1	6	0	41
chr9	97194841	97195478	2	2	1	1	0	42
chr9	97194841	97211372	2	2	1	1	0	22
chr9	97220354	97220392	2	6	1	3	0	20
chr9	97627613	97633242	2	2	1	2	0	20
chr9	97645225	97645610	1	1	1	1	0	14
chr9	97662145	97662953	1	1	1	1	0	11
chr9	97669707	97671085	1	1	1	1	0	23
chr9	97685041	97687095	2	2	1	2	0	44
chr9	97998679	98004963	1	1	1	1	0	22
chr9	98005154	98011270	1	1	1	5	0	35
chr9	98011390	98012420	1	1	1	6	0	38
chr9	98012473	98015363	1	1	1	2	0	36
chr9	98081083	98082845	1	1	1	3	0	24
chr9	98137689	98157459	2	2	1	1	0	28
chr9	98608996	98609027	2	4	1	0	1	21
chr9	99142704	99144731	1	1	1	1	0	31
chr9	99222367	99222545	1	1	1	1	0	22
chr9	99222644	99227898	1	1	1	2	0	19
chr9	99228001	99230336	1	1	1	1	0	3
chr9	99982714	99984966	2	2	1	5	0	45
chr9	99985070	100006505	2	2	1	1	0	30
chr9	100007690	100016321	2	2	1	1	0	28
chr9	100302305	100303631	2	2	1	5	0	35
chr9	100340370	100346071	2	2	1	1	0	27
chr9	100354096	100390448	1	1	1	1	0	37
chr9	101540371	101540489	1	1	1	2	0	5
chr9	101547215	101547398	1	1	1	1	0	23
chr9	101547519	101550605	1	1	1	1	0	14
chr9	101551820	101552140	1	1	1	1	0	12
chr9	101552263	101552382	1	1	1	1	0	17
chr9	101552754	101553987	1	1	1	2	0	12
chr9	104099683	104100092	1	1	1	1	0	22
chr9	104100204	104100388	1	1	1	4	0	9
chr9	104100434	104101959	1	1	1	2	0	38
chr9	104111815	104113315	1	1	1	12	0	46
chr9	104120163	104123107	1	1	1	4	0	37
chr9	104123233	104124911	1	1	1	5	0	45
chr9	106974274	106984185	1	1	1	1	0	9
chr9	106984410	107003293	1	1	1	1	0	24
chr9	107003427	107009544	1	1	1	1	0	11
chr9	107283696	107300140	1	1	1	1	0	9
chr9	107318880	107321982	1	1	1	1	0	33
chr9	107324018	107324833	1	1	1	1	0	30
chr9	108874971	108877994	2	2	1	1	0	7
chr9	108898750	108899821	2	2	1	1	0	37
chr9	108942835	108942960	2	2	1	1	0	36
chr9	108944019	108948185	2	2	1	1	0	16
chr9	108948235	108952208	2	2	1	1	0	27
chr9	108965529	108970401	2	2	1	1	0	22
chr9	108977049	108979280	2	2	1	3	0	6
chr9	108990846	108992631	2	2	1	14	0	45
chr9	108992820	108999066	2	2	1	1	0	39
chr9	108999257	109013301	2	2	1	3	0	25
chr9	109243683	109247755	2	2	1	1	0	33
chr9	109247790	109251480	2	2	1	1	0	25
chr9	109253551	109255510	2	2	1	2	0	25
chr9	109256225	109256392	2	2	1	1	0	40
chr9	110244220	110244777	2	2	1	37	0	45
chr9	110244844	110250819	2	2	1	2	0	32
chr9	110250880	110251357	2	2	1	2	0	11
chr9	110251463	110256411	2	2	1	2	0	36
chr9	111362054	111370434	2	2	1	0	2	4
chr9	111362133	111363587	2	2	1	1	0	25
chr9	111363660	111366238	2	2	1	1	0	3
chr9	111366328	111366521	2	2	1	4	0	45
chr9	111366628	111369034	2	2	1	1	0	45
chr9	111425829	111428041	2	2	1	1	0	12
chr9	111430629	111433232	2	2	1	1	0	5
chr9	111563232	111564156	2	2	1	1	0	29
chr9	111583590	111585997	2	2	1	1	0	33
chr9	111586166	111592925	2	2	1	2	0	30
chr9	111643095	111647106	1	1	1	1	0	45
chr9	112223984	112224132	2	2	1	1	0	16
chr9	112251104	112252677	2	2	1	1	0	24
chr9	112418959	112438430	1	1	1	1	0	38
chr9	112459578	112470431	1	1	1	3	0	16
chr9	112689618	112694130	2	2	1	1	0	25
chr9	113257186	113258693	1	1	1	1	0	19
chr9	113276726	113278944	1	1	1	1	0	21
chr9	113388362	113388976	2	2	1	1	0	29
chr9	113408984	113409609	2	2	1	4	0	39
chr9	113409729	113410054	2	2	1	5	0	42
chr9	113410141	113410227	2	2	1	2	0	17
chr9	114007440	114008343	1	1	1	1	0	17
chr9	114016785	114028732	1	1	1	1	0	4
chr9	114060271	114060924	2	2	1	1	0	7
chr9	114592653	114597569	1	1	1	1	0	34
chr9	120389293	120389740	2	2	1	4	0	38
chr9	120389788	120394511	2	2	1	3	0	37
chr9	120400886	120402805	2	2	1	1	0	35
chr9	120415160	120419787	2	2	1	2	0	42
chr9	120448127	120453455	2	2	1	1	0	9
chr9	120527926	120528743	2	2	1	6	0	39
chr9	120528798	120529303	2	2	1	2	0	16
chr9	120528798	120529977	2	2	1	6	0	38
chr9	120550903	120568320	2	2	1	2	0	14
chr9	120568389	120571973	2	2	1	3	0	40
chr9	120572042	120579919	2	2	1	1	0	45
chr9	121150484	121152484	1	1	1	1	0	8
chr9	121154914	121157469	1	1	1	2	0	4
chr9	121159020	121160142	1	1	1	3	0	31
chr9	121192225	121193360	2	2	1	1	0	26
chr9	121193420	121201638	2	2	1	4	0	28
chr9	121329016	121329237	1	1	1	1	0	13
chr9	122148278	122152244	2	2	1	1	0	9
chr9	122854087	122854184	2	2	1	1	0	42
chr9	122854267	122854530	2	2	1	1	0	38
chr9	123125674	123128213	2	2	1	2	0	44
chr9	123136182	123136380	2	2	1	1	0	44
chr9	123136516	123139528	2	2	1	3	0	44
chr9	123139688	123146854	2	2	1	4	0	46
chr9	123147871	123158011	2	2	1	1	0	18
chr9	123173843	123179006	2	2	1	1	0	19
chr9	123179228	123184131	2	2	1	1	0	46
chr9	123184299	123212584	2	2	1	0	1	3
chr9	123184299	123236829	2	2	1	1	0	5
chr9	123184299	123268435	2	2	1	1	0	36
chr9	123452348	123454738	2	2	1	2	0	38
chr9	123454780	123457347	2	2	1	2	0	29
chr9	123457436	123457792	2	2	1	1	0	24
chr9	124353710	124356763	2	2	1	4	0	44
chr9	124356916	124384597	2	2	1	1	0	33
chr9	124384657	124405316	2	2	1	1	0	22
chr9	124543858	124554327	2	2	1	1	0	32
chr9	124628073	124628388	1	3	1	1	0	26
chr9	124658742	124658894	1	1	1	1	0	18
chr9	124703907	124704858	2	2	1	1	0	24
chr9	124858068	124858457	2	2	1	6	0	6
chr9	124858068	124860182	2	2	1	319	35	46
chr9	124860265	124861418	2	2	1	45	3	45
chr9	124861556	124861874	2	2	1	1	0	33
chr9	124861556	124861909	2	2	1	7	0	37
chr9	124873765	124874974	1	1	1	4	0	29
chr9	124873765	124877409	1	1	1	1	0	35
chr9	124875152	124876877	1	1	1	3	0	44
chr9	125237155	125238140	2	2	1	4	0	37
chr9	125238828	125238940	2	2	1	1	0	14
chr9	125239332	125239420	2	2	1	2	0	32
chr9	125240310	125240675	2	2	1	1	0	4
chr9	125337592	125341176	1	1	1	5	0	44
chr9	125439013	125444500	2	2	1	1	0	6
chr9	125672644	125706970	2	2	1	1	0	21
chr9	126485562	126485591	1	1	1	1	0	31
chr9	127313560	127318062	1	1	1	1	0	29
chr9	127447727	127447876	2	2	1	340	0	45
chr9	127447990	127448336	2	2	1	248	0	46
chr9	127448424	127449280	2	2	1	23	2	46
chr9	127449363	127449609	2	2	1	15	3	44
chr9	127449709	127450730	2	2	1	16	1	45
chr9	127450805	127451280	2	2	1	5	0	39
chr9	127479506	127479838	1	1	1	1	0	27
chr9	127505495	127506302	2	4	1	7	0	17
chr9	127732774	127733384	2	2	1	1	0	17
chr9	127756759	127757043	2	4	1	1	0	34
chr9	127788114	127788213	1	1	1	1	0	22
chr9	127791395	127792099	1	1	1	1	0	37
chr9	127804553	127804635	1	1	1	1	0	46
chr9	128152285	128153099	1	1	1	1	0	27
chr9	128153127	128153310	1	1	1	1	0	27
chr9	128166881	128167094	2	2	1	1	0	4
chr9	128167165	128169051	2	2	1	1	0	18
chr9	128169520	128170019	2	2	1	1	0	11
chr9	128178905	128178988	2	2	1	0	1	6
chr9	128178905	128179072	2	2	1	0	1	6
chr9	128231313	128233505	2	4	1	3	0	35
chr9	128267275	128267457	2	2	1	2	0	41
chr9	128284632	128285938	1	1	1	1	0	21
chr9	128318219	128363864	2	2	1	0	2	40
chr9	128471469	128472912	1	1	1	1	0	27
chr9	128575346	128576822	1	1	1	1	0	42
chr9	128585966	128587605	1	1	1	1	0	39
chr9	128588944	128591476	1	3	1	1	0	18
chr9	128598505	128598962	1	1	1	2	0	24
chr9	128598987	128600079	1	1	1	2	0	9
chr9	128600116	128603542	1	1	1	1	0	7
chr9	128603591	128604325	1	1	1	1	0	37
chr9	128625979	128626390	1	1	1	1	0	38
chr9	128632485	128632571	1	1	1	1	0	45
chr9	128632719	128632807	1	1	1	1	0	7
chr9	128634922	128635091	2	2	1	1	0	41
chr9	128689656	128691169	1	1	1	1	0	13
chr9	128691228	128691857	1	1	1	1	0	16
chr9	128692766	128692867	1	1	1	1	0	27
chr9	128692982	128693637	1	1	1	12	0	46
chr9	128693809	128693895	1	1	1	13	0	43
chr9	128694043	128694640	1	1	1	3	0	31
chr9	128695860	128695902	2	2	1	2	0	29
chr9	128721818	128722008	2	2	1	1	0	37
chr9	128828861	128829109	2	2	1	3	0	31
chr9	128945619	128946144	1	1	1	1	0	19
chr9	128957033	128958009	1	1	1	1	0	11
chr9	128958055	128958801	1	1	1	1	0	36
chr9	129008792	129009105	2	2	1	1	0	38
chr9	129008792	129009770	2	2	1	3	0	40
chr9	129148020	129148777	1	3	1	2	0	13
chr9	129814223	129818519	2	2	1	1	0	43
chr9	129829542	129830870	2	2	1	3	0	34
chr9	129831974	129833446	2	2	1	1	0	12
chr9	129833518	129833657	2	2	1	1	0	9
chr9	129895997	129899964	2	2	1	2	0	43
chr9	129909000	129915965	2	2	1	1	0	15
chr9	129909000	129923843	2	2	1	1	0	20
chr9	129915981	129923843	2	2	1	1	0	15
chr9	129925158	129927194	2	2	1	1	0	31
chr9	130489465	130494866	1	1	1	2	0	40
chr9	130616518	130617796	1	1	1	1	0	36
chr9	130617896	130620353	1	1	1	2	0	35
chr9	130623712	130626363	1	1	1	1	0	26
chr9	130880665	130883968	1	1	1	1	0	31
chr9	131117919	131120234	1	1	1	3	0	42
chr9	131130837	131132595	1	1	1	1	0	41
chr9	131150766	131151735	1	1	1	1	0	14
chr9	131151895	131159382	1	1	1	1	0	35
chr9	131178411	131187288	1	1	1	1	0	28
chr9	131233502	131233562	1	3	1	1	0	3
chr9	131470984	131473507	1	1	1	1	0	31
chr9	131473725	131474453	1	1	1	1	0	28
chr9	131483446	131484685	1	1	1	1	0	38
chr9	131499797	131500104	2	2	1	1	0	14
chr9	131512137	131513238	1	1	1	1	0	10
chr9	131529271	131529487	2	2	1	1	0	5
chr9	131579648	131580262	2	2	1	1	0	6
chr9	132218607	132256025	2	2	1	1	0	32
chr9	132290317	132291464	2	4	1	1	0	31
chr9	132897346	132897422	2	2	1	1	0	31
chr9	132906836	132907300	2	2	1	1	0	43
chr9	133332349	133332547	2	2	1	3	0	28
chr9	133349043	133349550	1	1	1	2	0	26
chr9	133349701	133349911	1	1	1	8	0	43
chr9	133350053	133350239	1	1	1	5	0	23
chr9	133350320	133350596	1	1	1	5	0	34
chr9	133350728	133351001	1	1	1	120	5	45
chr9	133351072	133351261	1	1	1	492	0	46
chr9	133351983	133352060	2	2	1	8	0	46
chr9	133352143	133352445	2	2	1	1	0	37
chr9	133357069	133357710	1	1	1	2	0	5
chr9	133357815	133359949	1	1	1	2	0	20
chr9	133357815	133361055	1	1	1	1	0	37
chr9	133360435	133361055	1	1	1	14	0	40
chr9	133407882	133408767	2	2	1	1	0	40
chr9	133415012	133417619	2	2	1	2	0	41
chr9	133772047	133774934	2	2	1	1	0	41
chr9	133834341	133861373	2	2	1	1	0	23
chr9	133861433	133939102	2	2	1	1	0	10
chr9	134030995	134031420	2	2	1	1	0	44
chr9	134040270	134041759	2	2	1	4	0	28
chr9	134052444	134053264	2	2	1	1	0	44
chr9	135875369	135875504	2	4	1	1	0	18
chr9	135945251	135945888	2	2	1	1	0	18
chr9	135953754	135955294	2	2	1	3	0	29
chr9	135955416	135961024	2	2	1	5	0	34
chr9	136375801	136376348	2	2	1	1	0	30
chr9	136407562	136407825	2	2	1	1	0	19
chr9	136416392	136416950	1	1	1	2	0	25
chr9	136417215	136418016	1	1	1	1	0	9
chr9	136419107	136421831	1	1	1	1	0	45
chr9	136421977	136423094	1	1	1	3	0	28
chr9	136447681	136447852	2	2	1	1	0	10
chr9	136669722	136669913	1	1	1	1	0	34
chr9	136727087	136727880	2	2	1	1	0	41
chr9	136808327	136823524	1	1	1	1	0	8
chr9	136839487	136839693	1	1	1	2	0	38
chr9	136839866	136840153	1	1	1	7	0	27
chr9	136849591	136850012	1	1	1	3	0	9
chr9	136850138	136850754	1	1	1	1	0	13
chr9	136862338	136863328	2	2	1	1	1	31
chr9	136862346	136862905	2	2	1	10	0	43
chr9	136862497	136862905	2	2	1	1	0	18
chr9	136863449	136863819	2	2	1	2	0	38
chr9	136863872	136866180	2	2	1	1	0	30
chr9	136993665	136993765	1	1	1	4	0	16
chr9	137039865	137039970	2	2	1	1	0	19
chr9	137175155	137175236	2	2	1	1	0	12
chr9	137242756	137243547	1	1	1	1	0	26
chr9	137272223	137272506	1	1	1	1	0	21
chr9	137272616	137272781	1	1	1	1	0	31
chr9	137583164	137586966	2	2	1	1	0	16
chr9	137595680	137596569	2	4	1	3	0	39
chr9	137717183	137728348	1	1	1	2	0	24
chr9	137728530	137743370	1	1	1	2	0	30
chr9	137744091	137752330	1	1	1	1	0	5
chr9	137752409	137754170	1	1	1	1	0	9
chr10	1007129	1008957	1	1	1	2	0	19
chr10	1009036	1009528	1	1	1	10	0	32
chr10	1009581	1010419	1	1	1	21	0	45
chr10	1010521	1012464	1	1	1	5	0	38
chr10	1015897	1017074	1	1	1	1	0	12
chr10	1054246	1056308	2	2	1	1	0	36
chr10	3079467	3093875	2	2	1	0	1	27
chr10	3118870	3134569	1	1	1	1	0	13
chr10	3134583	3135735	1	1	1	1	0	13
chr10	3147251	3147571	2	2	1	2	0	30
chr10	3157065	3157434	2	2	1	3	0	17
chr10	3782215	3784912	2	2	1	1	0	30
chr10	5689622	5709529	1	1	1	1	0	14
chr10	5756739	5757519	1	1	1	2	0	21
chr10	5757674	5758886	1	1	1	3	0	45
chr10	5766153	5766240	2	2	1	2	0	33
chr10	5766296	5766493	2	2	1	2	0	41
chr10	5766639	5768212	2	2	1	3	0	20
chr10	5768385	5773841	2	2	1	2	0	18
chr10	5773942	5785141	2	2	1	2	0	14
chr10	5785274	5785851	2	2	1	2	0	22
chr10	5800706	5813213	2	2	1	1	0	12
chr10	5921358	5921447	1	1	1	1	0	31
chr10	5927542	5936455	1	1	1	1	0	32
chr10	6101388	6104930	1	1	1	10	0	40
chr10	6108743	6109985	1	1	1	1	0	10
chr10	6110128	6112209	1	1	1	1	0	31
chr10	6112362	6113507	1	1	1	3	0	38
chr10	6113069	6113507	1	1	1	1	0	22
chr10	6114148	6115238	1	1	1	1	0	5
chr10	6115312	6115452	1	1	1	8	0	43
chr10	7756143	7759889	2	2	1	2	0	40
chr10	7766104	7769215	2	2	1	1	0	23
chr10	7774892	7775750	2	2	1	1	0	16
chr10	7775800	7778837	2	2	1	3	0	27
chr10	7779020	7780055	2	2	1	1	0	32
chr10	7780179	7780263	2	2	1	1	0	29
chr10	7797179	7798989	1	1	1	1	0	20
chr10	7799916	7800026	1	3	1	2	0	7
chr10	7800092	7802269	1	1	1	1	0	13
chr10	7802426	7802757	1	1	1	2	0	30
chr10	7802855	7806973	1	1	1	28	0	37
chr10	7802855	7807658	1	1	1	1	0	37
chr10	7807011	7807658	1	1	1	49	0	37
chr10	7807747	7818251	2	2	1	0	3	3
chr10	10784670	10786644	2	2	1	1	0	10
chr10	11867038	11867172	1	1	1	1	0	38
chr10	11970599	11971850	1	1	1	1	0	33
chr10	12029525	12035058	2	2	1	1	0	26
chr10	12035442	12042754	2	2	1	4	0	28
chr10	12116137	12124213	1	3	1	1	0	25
chr10	12196320	12198704	1	1	1	1	0	18
chr10	12215836	12217360	1	1	1	1	0	10
chr10	12217468	12230947	1	1	1	4	0	38
chr10	12230997	12235047	1	1	1	5	0	42
chr10	12246278	12249580	1	1	1	1	0	45
chr10	12249719	12250310	1	1	1	3	0	25
chr10	12727969	12738614	2	2	1	1	0	30
chr10	13116341	13118887	1	1	1	1	0	34
chr10	13164210	13170921	1	1	1	1	0	42
chr10	13195270	13197622	1	1	1	1	0	38
chr10	13197768	13198688	1	1	1	4	0	44
chr10	13198808	13201420	1	1	1	1	0	22
chr10	13319357	13322834	2	2	1	6	0	37
chr10	13322401	13327074	2	2	1	1	0	43
chr10	13323048	13328350	2	2	1	2	0	43
chr10	13328451	13329697	2	2	1	1	0	32
chr10	13329789	13333816	2	2	1	3	0	41
chr10	13614087	13616397	1	1	1	1	0	17
chr10	13666326	13670405	2	2	1	2	0	45
chr10	14522020	14530331	2	2	1	3	0	36
chr10	14838460	14839904	1	1	1	2	0	26
chr10	14840158	14848608	1	1	1	1	0	8
chr10	14849812	14851218	1	1	1	1	0	32
chr10	14867296	14867735	1	1	1	1	0	12
chr10	14870668	14871527	1	1	1	1	0	10
chr10	14897518	14899538	1	1	1	1	0	30
chr10	15102337	15103304	1	1	1	1	0	13
chr10	15141558	15168502	2	2	1	1	0	33
chr10	15816916	15821655	2	2	1	1	0	39
chr10	16695156	16752538	2	2	1	1	0	4
chr10	17161549	17162165	2	2	1	2	0	22
chr10	17233683	17233769	1	1	1	1	0	6
chr10	17235890	17236293	1	1	1	3	0	28
chr10	17236380	17237229	1	1	1	5	0	41
chr10	17590447	17594204	2	2	1	1	0	25
chr10	17599412	17603559	2	2	1	1	0	31
chr10	17660549	17684674	1	1	1	2	0	44
chr10	18224335	18256816	2	2	1	0	1	3
chr10	18224335	18261165	2	2	1	0	1	3
chr10	20030860	20031191	1	3	1	1	0	13
chr10	20245506	20279702	1	1	1	1	0	33
chr10	21534805	21538832	1	1	1	1	0	16
chr10	21595441	21612347	1	1	1	2	0	44
chr10	21612452	21614830	1	1	1	2	0	33
chr10	21614925	21617111	1	1	1	2	0	25
chr10	21756756	21759169	2	2	1	3	0	19
chr10	21904613	21918778	2	2	1	1	0	34
chr10	21918873	21919831	2	2	1	1	0	41
chr10	21920964	21928505	2	2	1	1	0	43
chr10	22327793	22327949	1	1	1	1	0	13
chr10	22550773	22591628	2	2	1	1	0	32
chr10	22573458	22607926	2	2	1	1	0	12
chr10	23095727	23104143	1	1	1	1	0	21
chr10	24586107	24589270	2	2	1	1	0	30
chr10	24589303	24591224	2	2	1	1	0	30
chr10	24591331	24591641	2	2	1	1	0	13
chr10	24595040	24595116	2	2	1	1	0	29
chr10	24595796	24595887	2	2	1	1	0	25
chr10	24670398	24721836	2	2	1	1	0	13
chr10	24849892	24851387	2	2	1	1	0	30
chr10	26777242	26823137	2	2	1	1	0	27
chr10	27024560	27028851	2	2	1	1	0	8
chr10	27029357	27033224	2	2	1	1	0	20
chr10	27035753	27037185	2	2	1	6	0	41
chr10	27038055	27039964	2	2	1	1	0	3
chr10	27043568	27044156	2	2	1	1	0	20
chr10	27064082	27066486	2	2	1	1	0	30
chr10	27066549	27067156	2	2	1	1	0	19
chr10	27117728	27119293	2	2	1	1	0	28
chr10	27119450	27120434	2	2	1	1	0	31
chr10	27205249	27208245	2	2	1	1	0	4
chr10	27219858	27223337	2	2	1	1	0	19
chr10	27526890	27532506	1	1	1	1	0	43
chr10	27983980	27984183	2	2	1	1	0	5
chr10	28059744	28069771	2	2	1	1	0	7
chr10	28583506	28589735	1	1	1	4	0	37
chr10	28616363	28617656	1	1	1	1	0	35
chr10	29491020	29493213	2	2	1	0	2	29
chr10	29555109	29563200	2	2	1	1	0	12
chr10	29563293	29569254	2	2	1	2	0	28
chr10	29569313	29657968	2	2	1	1	0	40
chr10	30341641	30349118	2	2	1	2	0	44
chr10	30691252	30693495	1	1	1	0	2	28
chr10	31812824	31814258	2	2	1	1	0	43
chr10	31817887	31820386	2	2	1	1	0	15
chr10	32011517	32015508	2	2	1	2	0	30
chr10	32018388	32018501	2	2	1	1	0	20
chr10	32021132	32021225	2	4	1	1	0	26
chr10	32021288	32022139	2	2	1	1	0	4
chr10	32022258	32022847	2	2	1	2	0	26
chr10	32023037	32028427	2	2	1	4	0	26
chr10	32028572	32031072	2	2	1	3	0	34
chr10	32034039	32034689	2	2	1	2	0	18
chr10	32034839	32035521	2	2	1	14	0	45
chr10	32035668	32035889	2	2	1	9	0	45
chr10	32035995	32037253	2	2	1	1	0	26
chr10	32292645	32292987	2	2	1	1	0	15
chr10	32908535	32910222	2	2	1	0	6	30
chr10	32930045	32932514	2	2	1	6	0	43
chr10	32932601	32933350	2	2	1	1	0	23
chr10	32932601	32935491	2	2	1	8	0	45
chr10	33197611	33198162	1	1	1	3	0	3
chr10	33202996	33207571	2	2	1	2	0	23
chr10	34312383	34317106	2	2	1	8	0	44
chr10	34317339	34331116	2	2	1	10	0	44
chr10	35011965	35013698	2	2	1	1	0	7
chr10	35025199	35028809	2	2	1	2	0	27
chr10	35044869	35049682	2	2	1	1	0	35
chr10	35188389	35206894	1	1	1	1	0	24
chr10	38371174	38377984	1	1	1	0	1	35
chr10	42785673	42787167	1	1	1	1	0	11
chr10	42787248	42790322	1	1	1	1	0	17
chr10	42796918	42798540	0	0	1	4	0	35
chr10	42798626	42802136	1	1	1	6	0	24
chr10	42802219	42816598	1	1	1	4	0	37
chr10	42816673	42817317	1	1	1	2	0	31
chr10	42823266	42823608	1	1	1	1	0	13
chr10	43196269	43196475	2	2	1	2	0	6
chr10	44378724	44380762	2	2	1	3	0	6
chr10	45177935	45215704	2	2	1	1	0	31
chr10	45743484	45744820	1	1	1	0	2	25
chr10	45755116	45757011	1	1	1	1	0	6
chr10	45757140	45759314	1	1	1	0	1	9
chr10	45777426	45778952	1	1	1	0	1	7
chr10	45849751	45854556	2	2	1	1	0	38
chr10	45858698	45860662	1	3	1	1	0	45
chr10	45964872	45965788	2	2	1	3	0	16
chr10	45964872	45972216	2	2	1	1	0	15
chr10	45982617	45982845	1	1	1	1	0	30
chr10	45985442	45988736	1	1	1	3	0	32
chr10	45988848	46003202	1	1	1	1	0	26
chr10	46631088	46631254	2	2	1	0	1	12
chr10	47710415	47710581	1	1	1	0	1	12
chr10	48083895	48086713	2	2	1	1	0	21
chr10	48426071	48426379	1	1	1	1	0	17
chr10	49934164	49935075	2	2	1	1	0	4
chr10	49935143	49941508	2	2	1	2	0	26
chr10	50084166	50085496	1	1	1	0	2	25
chr10	50093918	50095147	1	1	1	1	0	40
chr10	50095779	50097674	1	1	1	1	0	38
chr10	50097803	50099977	1	1	1	0	1	9
chr10	50118059	50119586	1	1	1	0	1	7
chr10	50130040	50130900	1	1	1	5	0	36
chr10	50519922	50590152	2	2	1	2	0	7
chr10	50590248	50623706	2	2	1	2	0	32
chr10	51907571	51910998	1	1	1	1	0	33
chr10	52033982	52039336	2	4	1	3	0	45
chr10	52054562	52062536	1	1	1	1	0	27
chr10	56358186	56358376	2	2	1	3	0	40
chr10	56358948	56359475	2	2	1	1	0	7
chr10	56359533	56359686	2	2	1	1	0	28
chr10	58277323	58287560	1	1	1	2	0	8
chr10	58335226	58361337	1	1	1	1	0	3
chr10	58361402	58361494	1	1	1	1	0	25
chr10	58363687	58364770	1	1	1	1	0	6
chr10	58385649	58386219	1	1	1	4	0	23
chr10	58386339	58388189	1	1	1	10	0	42
chr10	58388261	58388669	1	1	1	12	0	40
chr10	58388820	58390764	1	1	1	2	0	17
chr10	58861142	58867027	1	1	1	0	10	45
chr10	59832654	59852552	2	2	1	1	0	26
chr10	59852703	59906121	2	2	1	2	0	29
chr10	60029827	60042671	2	2	1	5	0	42
chr10	60042760	60055657	2	2	1	3	0	43
chr10	60056037	60059339	2	2	1	1	0	18
chr10	60583713	60584515	1	3	1	1	0	18
chr10	60784862	60785663	1	1	1	2	0	26
chr10	60792290	60793876	1	1	1	2	0	44
chr10	60871652	60872184	2	2	1	2	0	38
chr10	62069798	62085701	1	1	1	1	0	46
chr10	62198444	62199753	2	2	1	3	0	17
chr10	62199862	62204856	2	2	1	2	0	36
chr10	62239766	62241141	2	2	1	4	0	41
chr10	62241196	62245998	2	2	1	2	0	43
chr10	62246058	62262624	2	2	1	1	0	7
chr10	62262822	62268550	2	2	1	1	0	37
chr10	63168567	63176296	2	2	1	2	0	39
chr10	63177857	63183446	2	2	1	1	0	28
chr10	63183570	63184607	2	2	1	2	0	30
chr10	63186384	63189167	2	2	1	1	0	3
chr10	63191109	63192937	2	2	1	7	0	32
chr10	63193152	63193344	2	2	1	8	0	44
chr10	63197564	63198512	2	2	1	2	0	33
chr10	63198728	63200475	2	2	1	1	0	20
chr10	63208802	63209062	2	2	1	1	0	21
chr10	63209236	63213472	2	2	1	4	0	45
chr10	63215152	63215262	2	2	1	9	0	43
chr10	63215456	63215552	2	2	1	5	0	45
chr10	63599284	63610186	1	1	1	1	0	19
chr10	63619801	63620812	1	1	1	3	0	35
chr10	67915004	67916106	1	1	1	1	0	37
chr10	67932781	67936152	2	2	1	1	0	31
chr10	67939655	67940938	2	2	1	1	0	7
chr10	68337334	68337857	1	1	1	1	0	36
chr10	68337997	68338502	1	1	1	1	0	19
chr10	68338643	68339139	1	1	1	4	0	42
chr10	68341310	68341584	1	1	1	3	0	44
chr10	68341852	68341977	1	1	1	2	0	11
chr10	68394452	68396779	2	2	1	1	0	11
chr10	68560743	68572216	1	1	1	2	0	40
chr10	68574253	68600980	1	1	1	3	0	37
chr10	68601035	68644697	1	1	1	1	0	22
chr10	68647006	68651845	1	1	1	1	0	40
chr10	68667257	68672894	1	1	1	1	0	26
chr10	68754828	68755369	1	1	1	1	0	24
chr10	68756484	68757293	1	3	1	7	0	46
chr10	68757378	68761006	1	1	1	6	0	39
chr10	68761193	68765887	1	1	1	3	0	25
chr10	68766080	68771205	1	1	1	17	0	44
chr10	68771446	68772987	1	1	1	7	0	36
chr10	68773100	68786135	1	1	1	9	0	44
chr10	68786693	68787926	1	1	1	4	0	36
chr10	68788048	68788142	1	1	1	6	0	41
chr10	68789916	68791206	1	1	1	2	0	24
chr10	68901472	68906710	1	1	1	2	0	25
chr10	68910383	68911067	1	1	1	2	0	45
chr10	68934361	68934798	1	1	1	1	0	38
chr10	68937096	68941059	1	1	1	2	0	24
chr10	68941195	68943212	1	1	1	1	0	6
chr10	68943258	68946351	1	1	1	1	0	40
chr10	68956313	68959805	1	1	1	19	0	45
chr10	68969122	68970200	1	1	1	2	0	33
chr10	68978977	68981536	1	1	1	2	0	22
chr10	68981582	68982542	1	1	1	1	0	10
chr10	69005126	69005731	1	1	1	1	0	32
chr10	69158212	69162405	1	1	1	2	0	44
chr10	69166111	69171155	1	1	1	1	0	46
chr10	69168632	69171155	1	1	1	3	0	41
chr10	70091955	70093734	1	1	1	1	0	34
chr10	70095754	70100207	1	1	1	1	0	37
chr10	70109208	70111517	1	1	1	2	0	33
chr10	70152593	70153837	2	2	1	14	0	44
chr10	70206334	70209204	2	2	1	1	0	16
chr10	70209291	70209557	2	2	1	2	0	27
chr10	70209686	70213462	2	2	1	2	0	42
chr10	70218818	70230340	2	2	1	2	0	22
chr10	70229457	70230340	2	2	1	1	0	25
chr10	70230400	70233263	2	2	1	2	0	17
chr10	71816421	71816656	1	1	1	1	0	32
chr10	71816460	71818672	2	2	1	1	0	42
chr10	71820336	71821875	2	2	1	6	0	33
chr10	71828158	71828876	2	2	1	1	0	32
chr10	72224057	72230365	1	1	1	1	0	34
chr10	72334618	72335779	2	2	1	1	0	43
chr10	72334618	72335833	2	2	1	1	0	40
chr10	72551342	72562894	2	2	1	1	0	13
chr10	72563064	72566632	2	2	1	1	0	41
chr10	73014290	73016845	2	2	1	1	0	16
chr10	73016896	73030266	2	2	1	1	0	26
chr10	73134814	73136703	2	2	1	1	0	4
chr10	73243520	73243842	2	2	1	2	0	33
chr10	73467679	73470686	2	2	1	2	0	34
chr10	73771547	73772064	2	2	1	3	0	35
chr10	73814506	73815002	2	2	1	5	0	39
chr10	74072853	74074742	1	1	1	1	0	9
chr10	74089350	74090022	1	1	1	1	0	40
chr10	74114388	74114794	1	1	1	1	0	22
chr10	74114900	74118022	1	1	1	4	0	33
chr10	74118950	74119940	0	0	1	4	0	40
chr10	74314746	74394140	1	1	1	1	0	40
chr10	74650183	74652523	1	3	1	2	0	44
chr10	74670270	74708320	1	1	1	3	0	39
chr10	75211190	75212229	1	1	1	0	1	38
chr10	75212299	75214020	1	1	1	0	1	41
chr10	75214071	75219062	1	1	1	1	0	27
chr10	75220971	75222251	1	1	1	0	2	9
chr10	75222403	75229643	1	1	1	2	2	19
chr10	75229702	75230897	1	1	1	2	0	30
chr10	77012044	77019012	2	2	1	1	0	45
chr10	77928152	77929588	1	1	1	1	0	26
chr10	77974228	77976243	2	2	1	1	0	15
chr10	78021683	78021859	2	2	1	1	0	38
chr10	78025143	78025621	2	2	1	1	0	10
chr10	78033905	78035351	1	1	1	2	0	42
chr10	78035418	78035510	1	1	1	7	0	38
chr10	78035721	78037193	1	1	1	62	18	46
chr10	78037305	78037438	1	1	1	14	0	3
chr10	78037305	78037964	1	1	1	3	0	18
chr10	78037305	78040200	0	0	1	1	0	3
chr10	78037305	78040203	1	1	1	187	1	22
chr10	78037305	78040614	1	1	1	229	0	45
chr10	78037310	78040207	1	1	1	2	0	18
chr10	78037442	78040203	1	1	1	13	1	3
chr10	78037983	78040203	1	1	1	3	0	18
chr10	78040226	78040614	1	1	1	190	1	24
chr10	80157764	80157966	2	2	1	0	1	7
chr10	80166198	80166889	2	4	1	1	0	34
chr10	80342362	80351900	2	2	1	1	0	25
chr10	80426007	80427331	1	1	1	1	0	9
chr10	84150244	84150708	1	1	1	1	0	19
chr10	84150881	84152263	1	1	1	2	0	8
chr10	84438708	84463932	1	1	1	10	0	42
chr10	84464017	84470371	1	1	1	2	0	23
chr10	86452132	86453219	2	2	1	1	0	43
chr10	86460497	86461175	2	2	1	1	0	27
chr10	86461288	86467278	2	2	1	1	0	22
chr10	86467507	86470991	2	2	1	7	0	42
chr10	86471104	86472207	2	2	1	1	0	20
chr10	86472765	86473877	2	2	1	1	0	35
chr10	86473974	86497200	2	2	1	2	0	8
chr10	87059274	87060160	2	2	1	1	0	23
chr10	87061053	87062655	2	2	1	1	0	6
chr10	87170673	87170839	1	1	1	0	1	12
chr10	87170975	87175888	1	1	1	1	0	43
chr10	87336890	87342241	2	2	1	1	0	33
chr10	87343406	87344436	1	1	1	1	0	25
chr10	87715099	87715731	1	1	1	1	0	34
chr10	87745232	87745831	1	1	1	2	0	25
chr10	87754808	87756788	2	2	1	1	0	21
chr10	87756923	87767672	2	2	1	1	0	28
chr10	87933252	87952117	1	1	1	0	1	17
chr10	87952260	87957852	1	1	1	0	1	25
chr10	89534641	89535441	2	2	1	1	0	3
chr10	89709462	89709926	1	1	1	1	0	30
chr10	89710066	89710960	1	1	1	3	0	29
chr10	89717496	89717575	1	1	1	2	0	36
chr10	89719707	89723963	1	1	1	3	0	23
chr10	89725159	89726412	1	1	1	2	0	33
chr10	89729248	89732902	1	1	1	1	0	4
chr10	89733057	89737386	1	1	1	4	2	41
chr10	89738618	89738957	1	1	1	1	0	30
chr10	89739097	89743807	1	1	1	1	0	44
chr10	89743928	89745898	1	1	1	1	0	20
chr10	89745960	89751345	1	1	1	1	0	10
chr10	89751472	89752566	1	1	1	9	0	43
chr10	89752692	89754517	1	1	1	7	0	45
chr10	89754674	89758705	1	1	1	7	0	27
chr10	89760637	89762637	1	1	1	1	0	29
chr10	89768889	89772688	1	1	1	1	0	10
chr10	90896393	90900569	1	1	1	6	0	39
chr10	91425411	91460426	1	1	1	1	0	28
chr10	91813208	91817133	1	1	1	4	0	46
chr10	91855127	91855613	1	1	1	3	0	38
chr10	91984405	91989153	1	1	1	3	0	32
chr10	91996571	91997602	1	1	1	1	0	3
chr10	92454540	92455575	2	2	1	1	0	32
chr10	92616833	92621384	1	1	1	2	0	24
chr10	92621474	92628807	1	1	1	1	0	20
chr10	92628896	92630175	1	1	1	1	0	18
chr10	92637546	92639793	1	1	1	1	0	42
chr10	92648435	92649834	1	1	1	1	0	10
chr10	92649987	92650400	1	1	1	1	0	27
chr10	92650518	92653664	1	1	1	3	0	39
chr10	93337914	93340152	2	2	1	1	0	12
chr10	93340165	93343855	2	2	1	1	0	12
chr10	93353889	93355627	2	2	1	1	0	3
chr10	93503389	93506987	1	1	1	2	0	21
chr10	93515556	93516934	1	1	1	1	0	18
chr10	93519808	93527949	1	1	1	2	0	14
chr10	93669869	93670769	2	2	1	3	0	37
chr10	93681599	93684055	2	2	1	1	0	9
chr10	93684099	93685245	2	2	1	3	0	40
chr10	93685360	93687403	2	2	1	16	0	44
chr10	93687450	93692008	2	2	1	2	0	43
chr10	93692094	93692645	2	2	1	1	0	19
chr10	93698182	93698300	2	2	1	2	0	43
chr10	93698397	93700029	2	2	1	2	0	14
chr10	93700107	93702374	2	2	1	2	0	30
chr10	94326924	94327178	1	3	1	1	0	35
chr10	94346557	94349249	2	2	1	5	0	37
chr10	94349379	94350112	2	2	1	8	0	45
chr10	94355094	94356534	2	2	1	9	0	43
chr10	94356592	94357173	2	2	1	7	0	46
chr10	94361873	94362829	2	2	1	1	0	5
chr10	94545953	94546376	1	1	1	1	0	35
chr10	94546499	94554125	1	1	1	33	0	46
chr10	94554249	94557178	1	1	1	2	0	42
chr10	94554249	94558138	1	1	1	12	0	45
chr10	94558196	94562690	1	1	1	7	0	37
chr10	94562728	94562811	1	1	1	6	0	36
chr10	94562877	94571387	1	1	1	3	0	42
chr10	94571430	94573959	1	1	1	1	0	3
chr10	94583060	94588228	1	1	1	3	0	7
chr10	94592515	94593498	1	1	1	3	0	37
chr10	94593616	94594694	1	1	1	3	0	13
chr10	94594855	94596859	1	1	1	5	0	36
chr10	94597112	94601527	1	1	1	1	0	32
chr10	95664301	95680471	2	2	1	1	0	25
chr10	95685637	95686494	2	2	1	1	0	36
chr10	95686531	95687043	2	2	1	1	0	20
chr10	96156048	96156196	1	1	1	1	0	39
chr10	96533191	96544075	2	2	1	2	0	39
chr10	96565427	96576633	2	2	1	1	0	13
chr10	96750689	96750800	1	1	1	0	1	19
chr10	96750815	96750900	1	3	1	0	1	17
chr10	97169272	97169450	1	3	1	1	0	13
chr10	97229875	97235216	2	2	1	1	0	7
chr10	97235316	97243967	2	2	1	2	0	39
chr10	97366234	97366445	2	2	1	1	0	11
chr10	97430654	97430954	1	1	1	4	0	30
chr10	97437276	97437699	2	2	1	1	0	27
chr10	97437751	97438669	2	2	1	2	0	19
chr10	97438704	97441170	2	2	1	1	0	34
chr10	97443312	97445731	2	2	1	1	0	34
chr10	97459283	97459361	2	2	1	2	0	45
chr10	97461008	97461495	2	2	1	1	0	14
chr10	98387308	98387864	2	2	1	1	0	9
chr10	100156235	100164003	2	2	1	1	0	12
chr10	100205200	100207229	2	2	1	2	0	20
chr10	100222182	100222865	2	2	1	3	0	16
chr10	100374013	100380982	1	1	1	1	0	12
chr10	100381449	100388036	1	1	1	2	0	37
chr10	100523930	100526398	2	2	1	22	0	46
chr10	100526555	100526974	2	2	1	3	0	28
chr10	100529507	100529766	2	2	1	1	0	18
chr10	100917301	100918383	1	1	1	2	0	40
chr10	100918442	100923974	1	1	1	1	0	41
chr10	100924973	100925948	1	1	1	1	0	42
chr10	100944129	100945329	1	1	1	1	0	37
chr10	100956538	100959427	1	1	1	1	0	5
chr10	101781855	101782257	2	2	1	2	0	41
chr10	101786588	101787363	2	2	1	1	0	45
chr10	101791440	101792838	2	2	1	1	0	41
chr10	101799456	101800241	2	2	1	4	0	38
chr10	102029746	102033025	2	2	1	1	0	13
chr10	102101723	102102033	2	4	1	1	0	25
chr10	102144308	102147113	1	1	1	1	0	36
chr10	102149330	102149925	1	1	1	3	0	27
chr10	102157556	102158048	1	1	1	1	0	24
chr10	102158073	102160987	1	3	1	1	0	24
chr10	102159309	102159432	1	1	1	4	0	35
chr10	102159569	102159895	1	1	1	1	0	38
chr10	102161094	102161256	1	1	1	1	0	37
chr10	102161663	102161832	1	1	1	1	0	45
chr10	102362665	102363255	1	1	1	1	0	15
chr10	102450023	102450186	1	1	1	1	0	32
chr10	102480966	102481131	2	2	1	1	0	7
chr10	102676942	102685815	2	2	1	3	0	35
chr10	102686002	102689892	2	2	1	1	0	35
chr10	102689944	102699372	2	2	1	1	0	6
chr10	102699490	102705345	2	2	1	1	0	40
chr10	102714682	102726611	1	1	1	1	0	42
chr10	102860395	102860497	1	1	1	2	0	21
chr10	102860542	102862159	1	1	1	2	0	21
chr10	102862181	102862872	1	1	1	2	0	6
chr10	102951798	102952536	2	4	1	1	0	29
chr10	103167175	103172407	2	2	1	0	2	36
chr10	103373596	103378234	1	1	1	1	0	27
chr10	103378551	103379607	1	1	1	1	0	7
chr10	103389167	103392190	2	2	1	65	0	44
chr10	103392284	103392370	2	2	1	23	0	46
chr10	103392467	103396408	2	2	1	2	0	39
chr10	103396731	103398415	1	1	1	5	0	40
chr10	103398529	103400396	1	1	1	3	0	29
chr10	103421568	103422987	1	1	1	1	0	38
chr10	103439869	103440289	1	1	1	5	0	41
chr10	103440851	103441825	1	1	1	1	0	39
chr10	103444683	103445377	1	1	1	1	0	16
chr10	103445394	103446213	1	1	1	1	0	16
chr10	103892253	103897547	2	2	1	1	0	46
chr10	104266191	104267251	1	1	1	4	0	45
chr10	110116411	110117341	1	1	1	1	0	41
chr10	110124275	110125825	1	1	1	1	0	26
chr10	110126504	110130362	1	1	1	1	0	43
chr10	110295382	110297566	2	2	1	1	0	25
chr10	110297729	110298647	2	2	1	2	0	13
chr10	110303588	110304747	2	2	1	1	0	38
chr10	110339604	110339760	1	1	1	0	1	40
chr10	110498501	110502720	1	1	1	1	0	31
chr10	110519454	110560390	1	1	1	1	0	29
chr10	110569014	110573706	1	1	1	1	0	27
chr10	110575404	110577420	1	1	1	1	0	17
chr10	110577493	110577834	1	1	1	3	0	9
chr10	110577915	110578627	1	1	1	5	0	42
chr10	110578707	110580903	1	1	1	3	0	29
chr10	110581022	110581922	1	1	1	2	0	13
chr10	110582099	110582561	1	1	1	6	0	45
chr10	110582643	110583383	1	1	1	6	0	32
chr10	110583549	110583840	1	1	1	3	0	25
chr10	110583963	110584182	1	1	1	2	0	27
chr10	110584397	110589604	1	1	1	11	0	36
chr10	110593224	110596397	1	1	1	1	0	36
chr10	110599813	110600438	1	1	1	1	0	41
chr10	110600547	110601021	1	1	1	2	0	41
chr10	110601131	110601636	1	1	1	3	0	44
chr10	110601885	110601965	1	1	1	3	0	32
chr10	110602179	110602473	1	1	1	2	0	41
chr10	110883098	110885252	1	1	1	1	0	29
chr10	110896088	110898027	1	1	1	1	0	30
chr10	111004795	111007530	1	1	1	1	0	36
chr10	112166516	112168311	2	2	1	1	0	33
chr10	112430908	112432239	2	2	1	1	0	29
chr10	113141317	113143922	1	1	1	1	0	39
chr10	113144026	113146010	1	1	1	1	0	41
chr10	113146098	113150997	1	1	1	3	0	41
chr10	113151885	113152332	1	1	1	1	0	29
chr10	113884381	113898109	1	1	1	1	0	4
chr10	114127672	114129890	2	2	1	3	0	23
chr10	114129972	114131146	2	2	1	1	0	41
chr10	114135056	114135890	2	2	1	2	0	42
chr10	114136247	114137185	2	2	1	2	0	4
chr10	114144617	114145548	2	2	1	2	0	30
chr10	114157681	114162636	2	2	1	1	0	29
chr10	114163330	114174014	2	2	1	1	0	23
chr10	114830931	114833232	1	1	1	1	0	20
chr10	116342202	116357379	1	1	1	1	0	34
chr10	116378511	116379322	1	1	1	1	0	35
chr10	116921517	116927791	2	2	1	2	0	40
chr10	116940613	116944923	2	2	1	1	0	7
chr10	116948998	116951908	2	2	1	1	0	37
chr10	116952007	116954041	2	2	1	3	0	34
chr10	117318975	117340979	2	2	1	1	0	32
chr10	118310909	118311206	2	2	1	1	0	27
chr10	118335642	118336181	2	2	1	2	0	22
chr10	118336424	118341726	2	2	1	1	0	18
chr10	118686169	118686597	2	2	1	2	0	29
chr10	119036269	119037118	2	2	1	8	0	41
chr10	119037310	119038237	2	2	1	1	0	28
chr10	119038440	119041993	2	2	1	8	0	41
chr10	119044143	119049800	2	2	1	1	0	27
chr10	119049986	119050520	2	2	1	15	0	41
chr10	119050675	119051198	2	2	1	11	0	43
chr10	119051322	119056739	2	2	1	4	0	45
chr10	119056854	119056935	2	2	1	5	0	40
chr10	119057041	119057955	2	2	1	9	0	40
chr10	119058304	119059211	2	2	1	4	0	35
chr10	119060845	119061223	2	2	1	1	0	18
chr10	119073938	119080627	2	2	1	1	0	13
chr10	119123570	119129514	1	1	1	0	1	27
chr10	119129623	119132514	1	1	1	0	1	6
chr10	119161082	119162339	2	2	1	1	0	16
chr10	119168534	119169176	2	2	1	1	0	28
chr10	119169343	119172381	2	2	1	1	0	36
chr10	119172486	119173736	2	2	1	1	0	15
chr10	119174593	119177020	2	2	1	1	0	40
chr10	119575792	119576610	2	2	1	3	0	31
chr10	119576751	119577079	2	2	1	3	0	22
chr10	119577204	119577450	2	2	1	1	0	24
chr10	119582609	119588151	2	2	1	1	0	5
chr10	119822505	119823070	1	1	1	1	0	24
chr10	119823200	119823814	1	1	1	1	0	15
chr10	119898960	119902798	1	1	1	2	0	17
chr10	119918512	119919443	1	1	1	1	0	25
chr10	119930432	119932132	1	1	1	2	0	40
chr10	119933788	119940585	1	1	1	2	0	23
chr10	120906022	120906775	1	1	1	1	0	41
chr10	121911152	121913789	2	2	1	2	0	11
chr10	121957260	121959323	2	2	1	7	0	32
chr10	121959596	121960357	2	2	1	1	0	39
chr10	121961518	121963237	2	2	1	1	0	3
chr10	121965386	121967654	2	2	1	2	0	37
chr10	121967807	121970938	2	2	1	1	0	15
chr10	122228009	122237394	1	1	1	1	0	24
chr10	122416003	122417899	1	1	1	1	0	44
chr10	122986376	122990173	1	1	1	0	1	5
chr10	122986963	122990173	1	1	1	0	1	5
chr10	123007177	123008693	2	2	1	1	0	43
chr10	123155728	123157728	1	1	1	3	0	41
chr10	123160566	123162235	1	1	1	4	0	15
chr10	123162414	123162611	1	1	1	5	0	41
chr10	123162829	123163819	1	1	1	17	0	46
chr10	124398103	124400839	2	2	1	1	0	19
chr10	124400985	124401725	2	2	1	1	0	10
chr10	124403056	124403797	2	2	1	1	0	13
chr10	124403921	124405435	2	2	1	1	0	21
chr10	124774783	124789042	2	2	1	1	0	39
chr10	124983689	124984773	1	1	1	1	0	19
chr10	124989699	124992694	2	2	1	2	0	34
chr10	124992813	124993201	2	2	1	1	0	27
chr10	125733744	125734071	1	1	1	2	0	14
chr10	125789006	125794879	2	2	1	1	0	12
chr10	125794979	125796102	2	2	1	1	0	39
chr10	125826666	125827557	1	1	1	1	0	5
chr10	125827639	125830561	1	1	1	1	0	6
chr10	125830652	125831419	1	1	1	2	0	35
chr10	125831608	125833771	1	1	1	4	0	44
chr10	125854204	125859602	2	2	1	3	0	26
chr10	126999436	127000171	1	1	1	2	0	16
chr10	127373867	127374057	1	1	1	3	0	24
chr10	127433429	127439026	1	1	1	1	0	22
chr10	128099256	128101257	2	2	1	3	0	34
chr10	128101702	128102578	2	2	1	3	0	42
chr10	128113603	128116490	2	2	1	1	0	14
chr10	128116008	128116490	2	2	1	2	0	45
chr10	128116537	128119252	2	2	1	2	0	34
chr10	129536378	129707894	1	1	1	2	0	37
chr10	130079629	130079736	2	2	1	1	0	44
chr10	130160070	130160795	1	1	1	1	0	40
chr10	130175090	130179341	1	1	1	4	0	40
chr10	130179421	130180112	1	1	1	1	0	20
chr10	131901331	131934457	1	1	1	1	0	7
chr10	132207615	132207898	2	2	1	1	0	39
chr10	132330486	132331481	2	2	1	1	0	37
chr10	133282343	133283077	2	2	1	1	0	6
chr10	133310289	133311715	1	1	1	1	0	23
chr10	133311842	133312787	1	1	1	2	0	39
chr10	133357256	133357922	2	2	1	1	0	5
chr10	133362934	133364657	2	2	1	4	0	34
chr10	133364726	133365975	2	2	1	1	0	31
chr10	133396268	133398434	1	1	1	2	0	39
chr10	133398516	133399169	1	1	1	1	0	31
chr10	133399227	133399528	1	1	1	1	0	4
chr10	133401591	133402148	1	1	1	1	0	29
chr10	133402774	133419479	1	1	1	1	0	26
chr11	247449	248775	1	1	1	1	0	19
chr11	308345	314262	2	2	1	0	1	7
chr11	308439	309017	1	1	1	0	1	41
chr11	309206	309273	2	2	1	1	1	41
chr11	314357	314921	1	1	1	0	1	31
chr11	319986	320564	2	2	1	0	1	41
chr11	319991	320564	2	2	1	1	1	38
chr11	380203	380291	1	1	1	3	0	23
chr11	597571	598372	1	1	1	1	0	19
chr11	612801	612998	2	2	1	1	0	4
chr11	760254	763343	1	1	1	1	0	33
chr11	763520	763746	1	1	1	2	0	41
chr11	764434	764812	1	1	1	17	0	45
chr11	810358	811596	1	1	1	16	0	44
chr11	811646	812534	1	1	1	60	0	45
chr11	812634	812759	1	1	1	211	0	46
chr11	812634	812762	1	1	1	11	0	46
chr11	837619	837941	1	1	1	1	0	35
chr11	840481	842413	2	2	1	1	0	37
chr11	869957	870120	2	2	1	3	0	30
chr11	870500	883147	2	2	1	1	0	20
chr11	1016887	1017393	1	1	1	2	0	21
chr11	1753671	1753802	2	2	1	1	0	13
chr11	1753902	1753993	2	2	1	1	0	16
chr11	1952856	1956255	1	1	1	0	2	16
chr11	1956449	1956541	1	1	1	9	0	21
chr11	2335338	2335482	2	4	1	0	3	31
chr11	2395521	2395868	1	1	1	1	0	4
chr11	2395971	2396627	1	1	1	1	0	42
chr11	2954647	2955743	2	2	1	1	0	23
chr11	2955767	2958398	2	4	1	1	0	7
chr11	2958545	2959769	2	2	1	1	0	34
chr11	2959910	2964679	2	2	1	5	0	36
chr11	2969935	2971447	2	2	1	2	0	33
chr11	2972244	2976023	2	2	1	1	0	14
chr11	2972280	2976023	2	2	1	1	0	16
chr11	2976124	2978283	2	2	1	9	0	42
chr11	2978343	2979206	2	2	1	5	0	31
chr11	2979238	2992253	2	2	1	4	0	31
chr11	3002054	3005365	2	2	1	1	0	3
chr11	3006960	3012194	2	2	1	3	0	31
chr11	3026798	3028995	2	2	1	1	0	44
chr11	3039293	3039834	2	2	1	1	0	33
chr11	3415578	3418266	1	1	1	1	0	14
chr11	3420247	3422400	2	2	1	0	3	3
chr11	3719551	3720711	2	2	1	1	0	7
chr11	3730477	3731236	2	4	1	1	0	33
chr11	3773740	3775881	2	2	1	1	0	21
chr11	3824136	3824269	1	1	1	1	0	23
chr11	4102082	4106045	1	1	1	2	0	14
chr11	4133659	4135081	1	1	1	3	0	11
chr11	4135271	4138194	1	1	1	2	0	41
chr11	4389750	4390001	2	2	1	1	0	35
chr11	4602413	4603244	2	4	1	1	0	36
chr11	6457848	6458064	2	2	1	1	0	18
chr11	6481853	6482044	1	1	1	2	0	28
chr11	6608490	6608693	1	1	1	1	0	17
chr11	6611012	6611188	2	2	1	10	0	35
chr11	6682403	6682746	2	2	1	1	0	18
chr11	6682816	6683122	2	2	1	1	0	35
chr11	7002856	7020072	2	4	1	1	0	26
chr11	7665170	7665546	2	4	1	1	0	39
chr11	7987717	7991780	1	1	1	0	1	37
chr11	7994518	7994981	1	1	1	2	0	40
chr11	7995368	7995944	1	1	1	28	0	45
chr11	8107398	8110251	2	2	1	1	0	44
chr11	8435580	8436026	2	2	1	1	0	26
chr11	8436140	8452821	2	2	1	1	0	24
chr11	8464823	8473162	2	2	1	1	0	10
chr11	8474817	8593743	2	2	1	1	0	42
chr11	8683266	8684005	1	1	1	7	0	44
chr11	8684082	8684717	1	1	1	4	0	38
chr11	8684789	8685720	2	4	1	1	0	25
chr11	8684893	8685677	1	1	1	280	0	46
chr11	8697965	8698056	2	2	1	1	0	45
chr11	8714707	8715602	2	2	1	1	0	33
chr11	8917368	8919336	1	1	1	3	0	45
chr11	8948476	8953202	2	2	1	1	0	31
chr11	9428630	9429030	1	1	1	1	0	16
chr11	9437975	9438079	1	1	1	1	0	6
chr11	9474634	9478389	1	1	1	3	0	33
chr11	9516363	9525239	1	1	1	1	0	4
chr11	9576294	9576486	1	1	1	1	0	42
chr11	9586857	9588448	1	1	1	1	0	44
chr11	9694287	9713465	1	1	1	1	0	27
chr11	9748057	9749086	1	1	1	1	0	13
chr11	9845741	9846955	2	2	1	3	0	16
chr11	10502895	10504548	1	1	1	1	0	8
chr11	10752771	10754957	1	1	1	1	0	18
chr11	10770633	10771544	1	1	1	2	0	22
chr11	10771617	10772519	1	1	1	2	0	28
chr11	10772656	10773126	1	1	1	2	0	20
chr11	10773274	10774011	1	1	1	5	0	23
chr11	10774170	10775206	1	1	1	1	0	41
chr11	10775304	10775520	1	1	1	1	0	6
chr11	10797882	10798991	2	2	1	2	0	27
chr11	10799114	10799212	2	2	1	1	0	6
chr11	10799425	10799551	2	2	1	2	0	24
chr11	10799757	10800089	2	2	1	1	0	5
chr11	10800349	10800431	2	2	1	1	0	21
chr11	10800648	10800730	2	2	1	1	0	15
chr11	10801775	10802048	2	2	1	1	0	27
chr11	10802436	10803029	2	2	1	3	0	31
chr11	10803295	10803479	2	2	1	1	0	31
chr11	10804051	10804136	2	2	1	3	0	43
chr11	10804419	10804912	2	2	1	2	0	30
chr11	10805016	10805906	2	2	1	1	0	42
chr11	10806048	10806819	2	2	1	7	0	44
chr11	10806886	10807254	2	2	1	2	0	16
chr11	10807382	10808704	2	2	1	1	0	36
chr11	11897694	11902714	1	1	1	1	0	20
chr11	11929566	11930043	1	1	1	1	0	21
chr11	11930752	11933003	1	1	1	1	0	35
chr11	11952872	11954896	1	1	1	1	0	19
chr11	11954945	11955033	1	1	1	1	0	25
chr11	13372410	13374094	1	1	1	1	0	27
chr11	13403279	13405658	2	2	1	1	0	37
chr11	14279425	14281601	2	2	1	0	1	20
chr11	14281721	14294470	2	2	1	1	0	27
chr11	14294863	14295767	2	2	1	1	0	9
chr11	14457884	14458531	2	2	1	3	0	40
chr11	14458688	14460207	2	2	1	1	0	6
chr11	14460298	14461185	2	2	1	2	0	9
chr11	14461332	14464910	2	2	1	2	0	21
chr11	14465031	14466281	2	2	1	3	0	28
chr11	14469564	14474494	2	2	1	2	0	43
chr11	14474616	14475784	2	2	1	2	0	31
chr11	14477016	14479568	2	2	1	1	0	39
chr11	14498986	14499706	2	2	1	1	0	25
chr11	14505249	14507655	2	2	1	1	0	28
chr11	14517746	14517879	2	2	1	1	0	26
chr11	14867759	14869460	1	1	1	2	0	33
chr11	16738842	16744600	1	1	1	3	0	14
chr11	16744685	16748096	1	1	1	2	0	41
chr11	16748158	16752784	1	1	1	1	0	11
chr11	16752895	16754870	1	1	1	12	0	40
chr11	17074467	17075096	2	2	1	322	0	46
chr11	17075198	17075453	2	2	1	176	0	44
chr11	17075624	17077167	2	2	1	2	0	29
chr11	17077247	17077428	2	2	1	5	0	35
chr11	17077478	17077618	2	2	1	3	0	33
chr11	17091460	17091546	2	2	1	1	0	5
chr11	17092277	17094260	2	2	1	1	0	21
chr11	17147629	17148666	2	2	1	2	0	12
chr11	17295468	17296103	1	1	1	3	0	9
chr11	17301871	17309571	1	1	1	2	0	28
chr11	17309676	17310824	1	1	1	5	0	31
chr11	17311931	17312027	1	1	1	1	0	44
chr11	17312121	17315385	1	1	1	2	0	20
chr11	17330298	17330901	1	1	1	2	0	13
chr11	17330984	17331411	1	1	1	8	0	44
chr11	18080492	18081410	2	2	1	11	0	46
chr11	18081504	18083534	2	2	1	1	0	10
chr11	18090291	18090433	2	2	1	2	0	38
chr11	18292020	18292898	2	2	1	1	0	45
chr11	18295170	18295998	2	2	1	1	0	3
chr11	18311452	18311913	2	2	1	1	0	3
chr11	18341608	18347587	1	1	1	1	0	16
chr11	18360708	18365782	1	1	1	1	0	26
chr11	18394637	18396818	1	1	1	1	0	15
chr11	18396969	18398797	1	1	1	0	1	3
chr11	18403014	18403693	1	1	1	1	0	19
chr11	18403812	18405448	1	1	1	6	0	45
chr11	18480636	18481629	2	2	1	1	0	15
chr11	18601181	18603157	1	1	1	1	0	28
chr11	19166386	19170410	1	1	1	2	0	24
chr11	19237471	19237853	2	2	1	1	0	22
chr11	22272990	22274568	1	1	1	1	0	39
chr11	22827321	22827823	2	2	1	2	0	28
chr11	22827875	22829694	2	2	1	5	0	43
chr11	27338236	27338880	2	2	1	1	0	31
chr11	27340838	27341391	2	2	1	1	0	21
chr11	27341551	27350331	2	2	1	10	0	44
chr11	27350440	27357402	2	2	1	7	0	46
chr11	27357542	27362835	2	2	1	2	0	42
chr11	27499569	27501494	2	2	1	1	0	6
chr11	27501567	27501801	2	2	1	1	0	14
chr11	28077170	28082855	2	2	1	1	0	33
chr11	28083244	28084631	2	2	1	1	0	14
chr11	30331375	30332865	1	1	1	1	0	6
chr11	31370860	31414810	1	1	1	1	0	30
chr11	31432569	31433459	2	2	1	4	0	46
chr11	31433571	31463171	2	2	1	1	0	5
chr11	31460715	31463171	2	2	1	1	0	33
chr11	32103481	32104364	1	1	1	1	0	31
chr11	32105306	32105405	1	1	1	1	0	26
chr11	32105363	32105405	1	1	1	1	0	39
chr11	32583930	32587011	1	1	1	1	0	42
chr11	32588733	32589011	1	1	1	2	0	3
chr11	32589136	32589546	1	1	1	2	0	36
chr11	32589642	32593865	1	1	1	3	0	36
chr11	32595014	32595965	1	1	1	4	0	46
chr11	32596048	32600688	1	1	1	1	0	12
chr11	32600833	32601761	1	1	1	9	0	44
chr11	32601823	32602278	1	1	1	39	0	43
chr11	32956122	32957868	1	1	1	3	0	37
chr11	32966438	32969045	1	1	1	1	0	23
chr11	32969144	32973396	1	1	1	1	0	24
chr11	32973550	32975247	1	1	1	4	0	45
chr11	33032479	33032667	1	1	1	1	0	12
chr11	33085290	33085712	2	2	1	1	0	12
chr11	33085774	33085894	2	2	1	2	0	44
chr11	33098765	33099033	2	2	1	1	0	17
chr11	33099718	33102176	2	2	1	1	0	26
chr11	33105918	33105997	2	2	1	1	0	35
chr11	33337195	33338756	1	1	1	1	0	21
chr11	34052637	34071725	1	1	1	1	0	40
chr11	34071988	34076235	1	1	1	1	0	22
chr11	34076475	34076559	1	1	1	1	0	14
chr11	34086220	34086304	1	1	1	1	0	33
chr11	34097762	34099302	1	1	1	2	0	6
chr11	34115885	34118179	1	1	1	1	0	27
chr11	34142349	34143444	1	1	1	5	0	35
chr11	34143529	34146083	1	1	1	7	0	45
chr11	34882817	34883336	2	2	1	1	0	4
chr11	34888429	34888751	2	2	1	4	0	42
chr11	43327879	43328711	1	1	1	1	0	18
chr11	43330565	43335277	1	1	1	1	0	24
chr11	43335995	43342432	1	1	1	0	1	14
chr11	43359114	43379232	1	1	1	1	0	13
chr11	43379323	43389651	1	1	1	2	0	13
chr11	43389822	43391464	1	1	1	1	0	26
chr11	43391953	43396708	1	1	1	1	0	10
chr11	43414777	43436163	1	1	1	1	0	23
chr11	43492164	43493772	1	1	1	4	0	42
chr11	43795864	43798322	1	1	1	1	0	18
chr11	44999500	44999638	2	2	1	4	0	45
chr11	45904162	45904454	1	1	1	1	0	3
chr11	45910313	45910897	2	2	1	5	0	41
chr11	45910963	45913818	2	2	1	1	0	22
chr11	45915837	45916226	2	2	1	1	0	13
chr11	46371385	46371486	1	1	1	1	0	19
chr11	46376398	46376523	1	1	1	1	0	20
chr11	46381886	46382056	1	1	1	1	0	33
chr11	46382462	46382586	1	1	1	2	0	29
chr11	46382749	46383468	1	1	1	7	0	43
chr11	46396151	46396333	2	4	1	1	0	13
chr11	46428774	46428940	1	1	1	0	1	3
chr11	46625487	46625518	2	4	1	1	0	30
chr11	46688261	46695659	2	2	1	1	0	15
chr11	46751256	46751345	2	2	1	3	0	43
chr11	46751535	46752634	2	2	1	2	0	24
chr11	46753498	46754887	2	2	1	1	0	25
chr11	46759044	46759268	2	2	1	1	0	11
chr11	46765257	46767574	2	2	1	2	0	22
chr11	46767664	46769962	2	2	1	1	0	11
chr11	46778600	46780193	2	2	1	2	0	41
chr11	46780320	46780427	2	2	1	2	0	11
chr11	46780486	46783273	2	2	1	2	0	23
chr11	46784674	46788680	2	2	1	2	0	40
chr11	46790584	46795593	2	2	1	4	0	15
chr11	46809501	46809741	2	2	1	5	0	43
chr11	46809875	46811006	2	2	1	1	0	29
chr11	46821269	46846219	2	2	1	2	0	29
chr11	47137730	47155175	1	1	1	1	0	13
chr11	47290300	47290609	1	1	1	1	0	46
chr11	47418877	47424045	2	2	1	1	0	40
chr11	47418946	47419115	2	2	1	16	0	46
chr11	47419198	47420263	2	2	1	3	0	32
chr11	47425247	47425866	2	2	1	1	0	27
chr11	47425951	47426204	2	2	1	2	0	34
chr11	47490034	47490956	1	1	1	1	0	42
chr11	47580985	47582087	1	1	1	1	0	14
chr11	47582214	47582348	1	1	1	1	0	19
chr11	47582469	47584313	1	1	1	6	0	38
chr11	47618920	47622700	2	2	1	3	0	33
chr11	47622777	47625673	2	2	1	2	0	42
chr11	47625742	47627079	2	2	1	1	0	21
chr11	47627128	47628952	2	2	1	1	0	23
chr11	47634735	47635544	2	2	1	1	0	27
chr11	47635572	47638698	2	2	1	1	0	26
chr11	47638806	47638966	2	2	1	1	0	23
chr11	47731562	47732116	2	2	1	1	0	28
chr11	47736741	47743952	2	2	1	1	0	6
chr11	47740695	47782170	1	1	1	1	0	35
chr11	47744164	47746055	2	2	1	1	0	6
chr11	47798263	47798367	2	2	1	1	0	17
chr11	47837002	47837544	2	2	1	1	0	12
chr11	48130717	48131510	1	1	1	3	0	30
chr11	57299692	57302073	2	2	1	1	0	42
chr11	57300082	57300527	2	2	1	6	0	34
chr11	57300601	57300883	2	2	1	3	0	11
chr11	57326890	57327425	2	2	1	1	0	33
chr11	57327515	57327711	2	2	1	12	0	42
chr11	57327883	57328296	2	2	1	2	0	42
chr11	57328427	57330092	2	2	1	4	0	34
chr11	57330139	57330290	2	2	1	4	0	30
chr11	57330928	57331667	2	2	1	2	0	34
chr11	57332487	57332624	2	2	1	1	0	8
chr11	57332856	57332958	2	2	1	2	0	17
chr11	57334649	57335067	2	2	1	1	0	4
chr11	57485243	57487094	2	2	1	2	0	23
chr11	57704397	57704718	2	2	1	4	0	36
chr11	57704816	57704972	2	2	1	3	0	25
chr11	57741955	57742116	1	1	1	1	0	24
chr11	57742228	57742862	1	1	1	1	0	23
chr11	57742248	57742862	1	1	1	63	0	45
chr11	57802197	57803620	1	1	1	1	0	34
chr11	57809467	57810108	1	1	1	4	0	20
chr11	57811487	57814310	1	1	1	1	0	35
chr11	57814374	57815393	1	1	1	1	0	4
chr11	58610040	58610297	1	1	1	1	0	26
chr11	58611055	58611603	1	3	1	1	0	33
chr11	58611739	58612277	1	1	1	1	0	4
chr11	58927830	58943542	1	1	1	1	0	24
chr11	59600874	59601282	2	2	1	1	0	21
chr11	59793173	59793379	1	1	1	1	0	16
chr11	60890655	60900641	1	1	1	1	0	39
chr11	60890925	60891353	1	3	1	1	0	46
chr11	60898272	60898540	2	2	1	1	0	19
chr11	60938026	60939479	2	2	1	1	0	9
chr11	61329585	61329957	2	2	1	1	0	22
chr11	61330075	61331542	2	2	1	1	0	26
chr11	61345947	61346350	1	1	1	2	0	42
chr11	61371149	61372415	2	4	1	1	0	41
chr11	61490585	61490813	1	1	1	1	0	18
chr11	61637231	61637479	2	4	1	0	1	18
chr11	61789236	61789784	2	2	1	177	0	46
chr11	61789236	61789812	2	2	1	1	0	36
chr11	61789922	61790492	2	2	1	22	0	45
chr11	61802927	61803031	2	2	1	1	0	44
chr11	61840388	61850474	2	2	1	1	0	40
chr11	61840726	61843703	1	1	1	4	0	37
chr11	61863379	61863706	1	1	1	1	0	45
chr11	61866092	61867260	1	1	1	1	0	21
chr11	61866996	61867232	1	1	1	4	0	45
chr11	61964892	61964986	2	2	1	9	1	36
chr11	61965113	61965368	2	2	1	4	0	20
chr11	61965516	61967311	2	2	1	2	0	36
chr11	62137884	62138712	1	1	1	1	0	23
chr11	62141045	62141499	1	1	1	1	0	12
chr11	62141512	62144981	1	1	1	1	0	12
chr11	62145752	62146657	1	1	1	1	0	30
chr11	62356468	62356986	1	1	1	2	0	30
chr11	62559838	62560068	2	2	1	61	0	46
chr11	62560194	62560281	2	2	1	11	0	41
chr11	62560455	62566805	2	2	1	0	5	44
chr11	62567011	62567398	2	2	1	6	0	37
chr11	62567529	62570964	2	2	1	6	2	39
chr11	62571109	62571539	2	2	1	2	0	29
chr11	62571902	62572583	2	2	1	1	0	24
chr11	62595071	62595263	2	2	1	1	0	13
chr11	62627125	62627288	2	2	1	2	0	29
chr11	62663160	62663235	2	2	1	1	0	23
chr11	62663334	62664848	2	2	1	3	0	14
chr11	62664974	62665130	2	2	1	1	0	12
chr11	62665333	62665646	1	1	1	1	0	24
chr11	62676640	62676812	2	2	1	22	0	46
chr11	62676640	62677517	2	2	1	1	0	36
chr11	62677006	62677517	2	2	1	1	0	44
chr11	62690522	62690611	2	2	1	1	0	41
chr11	62715938	62716988	2	2	1	1	0	41
chr11	62721943	62722116	2	2	1	7	0	45
chr11	62722714	62722812	2	2	1	1	0	20
chr11	62724427	62726618	2	2	1	1	0	25
chr11	62765725	62766242	1	1	1	6	0	34
chr11	62766277	62766493	1	1	1	9	0	34
chr11	62782334	62782692	1	1	1	1	0	35
chr11	62807629	62824165	2	2	1	1	0	36
chr11	62823435	62824165	2	2	1	1	0	38
chr11	62833132	62833617	2	2	1	3	0	28
chr11	62833675	62833791	2	2	1	1	0	7
chr11	62833938	62834275	2	2	1	2	0	11
chr11	62834528	62835430	2	2	1	1	0	37
chr11	62867036	62870922	1	3	1	1	0	17
chr11	62881448	62881892	1	1	1	3	0	37
chr11	62885220	62888705	2	2	1	2	0	23
chr11	62885358	62885464	1	1	1	1	0	3
chr11	62885609	62888134	1	1	1	1	0	39
chr11	62888219	62888330	1	1	1	1	0	9
chr11	62910846	62917925	1	1	1	1	0	36
chr11	63575047	63590099	2	2	1	2	0	11
chr11	63750199	63752506	1	1	1	1	0	28
chr11	63909386	63909425	2	2	1	3	0	36
chr11	63915259	63915554	2	2	1	2	0	10
chr11	63915612	63916329	2	2	1	2	0	8
chr11	64065238	64065687	1	1	1	1	0	15
chr11	64193288	64194188	1	1	1	1	0	11
chr11	64194621	64195644	1	1	1	2	0	40
chr11	64197398	64197492	1	1	1	1	0	32
chr11	64223968	64224099	2	2	1	7	0	40
chr11	64224211	64224284	2	2	1	1	0	40
chr11	64229572	64229849	1	1	1	9	0	42
chr11	64243312	64243450	1	1	1	9	0	41
chr11	64243498	64243840	1	1	1	19	0	36
chr11	64243877	64243967	1	1	1	23	0	36
chr11	64244823	64244929	2	2	1	0	5	35
chr11	64245288	64246415	2	2	1	0	1	26
chr11	64316969	64317057	2	2	1	5	0	36
chr11	64317366	64317448	2	2	1	2	0	36
chr11	64318387	64319733	1	1	1	1	0	6
chr11	64319869	64320660	1	1	1	3	0	33
chr11	64319869	64320864	1	1	1	1	0	28
chr11	64320793	64320864	1	1	1	3	0	34
chr11	64320904	64321006	1	1	1	1	0	28
chr11	64321069	64321585	1	1	1	12	0	44
chr11	64353497	64353714	1	1	1	1	0	8
chr11	64607232	64607261	2	4	1	2	0	18
chr11	64727132	64727295	2	2	1	1	0	28
chr11	64741080	64741438	2	2	1	1	0	44
chr11	64934875	64934990	2	2	1	1	0	28
chr11	65018734	65020418	1	1	1	1	0	33
chr11	65066474	65066551	2	2	1	1	0	45
chr11	65079188	65079352	2	2	1	2	0	12
chr11	65111360	65111594	2	4	1	1	0	23
chr11	65115082	65115313	1	1	1	1	0	26
chr11	65120807	65120980	2	2	1	151	0	45
chr11	65120807	65121499	2	2	1	2	0	23
chr11	65121037	65121499	2	2	1	35	0	43
chr11	65121822	65122089	2	2	1	1	0	23
chr11	65188041	65188413	1	1	1	1	0	21
chr11	65206820	65208054	1	1	1	1	0	15
chr11	65208121	65208204	1	1	1	1	0	11
chr11	65279627	65280991	1	1	1	1	0	45
chr11	65285303	65285478	1	3	1	1	0	29
chr11	65294262	65294545	1	1	1	1	0	25
chr11	65295991	65297119	1	1	1	1	0	21
chr11	65499306	65499618	1	1	1	7	0	4
chr11	65499463	65499624	1	1	1	1	0	4
chr11	65499463	65502289	1	1	1	0	3	6
chr11	65499483	65499688	1	3	1	9	0	4
chr11	65530788	65531575	1	1	1	1	0	24
chr11	65538183	65538269	1	1	1	1	0	36
chr11	65538325	65538441	1	1	1	1	0	11
chr11	65570511	65570603	1	1	1	1	0	24
chr11	65570651	65571596	1	1	1	1	0	21
chr11	65570971	65571390	1	1	1	3	0	29
chr11	65605853	65605945	2	2	1	1	0	35
chr11	65649664	65650711	2	4	1	1	0	27
chr11	65719810	65720044	2	2	1	27	0	41
chr11	65720165	65720241	2	2	1	1	0	7
chr11	65855021	65856101	1	1	1	1	0	12
chr11	65855449	65855653	2	2	1	3	0	33
chr11	65855731	65855934	2	2	1	3	0	38
chr11	65856243	65858096	2	2	1	1	0	28
chr11	65884044	65884391	2	2	1	14	0	44
chr11	65884490	65884569	2	2	1	2	0	26
chr11	65885664	65886321	2	2	1	1	0	22
chr11	65920973	65921329	1	1	1	12	0	41
chr11	65967822	65976394	1	1	1	1	0	40
chr11	65977900	65978599	1	1	1	1	0	16
chr11	65978690	65978792	1	1	1	2	0	24
chr11	65978915	65979011	1	1	1	20	0	43
chr11	66003374	66003625	1	1	1	1	0	13
chr11	66057376	66058053	1	1	1	1	0	6
chr11	66058151	66058313	1	1	1	9	0	42
chr11	66059596	66059781	1	1	1	1	0	46
chr11	66061776	66061890	1	1	1	1	0	3
chr11	66061999	66063008	1	1	1	1	0	28
chr11	66063543	66063627	1	1	1	2	0	40
chr11	66063730	66067945	1	1	1	1	0	19
chr11	66068046	66068147	1	1	1	8	0	36
chr11	66068334	66068673	1	1	1	21	0	46
chr11	66284784	66284872	2	2	1	7	0	45
chr11	66284967	66285380	2	2	1	1	0	34
chr11	66436017	66437246	1	3	1	1	0	19
chr11	66436113	66437103	2	2	1	4	0	38
chr11	66504775	66509078	1	1	1	2	0	33
chr11	66600550	66605338	1	1	1	1	0	13
chr11	66625679	66626460	1	1	1	1	0	9
chr11	67280784	67281092	1	1	1	1	0	40
chr11	67398341	67399642	1	1	1	1	0	23
chr11	67398646	67398721	2	2	1	1	0	45
chr11	67398857	67398939	2	2	1	1	0	19
chr11	67399666	67400688	2	2	1	1	0	31
chr11	67434485	67434581	1	1	1	1	0	16
chr11	67492297	67492933	2	2	1	1	0	20
chr11	67583845	67584133	1	1	1	6	0	13
chr11	67584170	67584463	1	1	1	7	0	36
chr11	67584773	67585137	1	1	1	1	0	23
chr11	67585242	67586103	1	1	1	4	0	41
chr11	67586146	67586541	2	2	1	1	0	13
chr11	67586164	67586541	2	2	1	1	0	34
chr11	67586212	67586388	1	1	1	13	0	39
chr11	67609636	67610380	1	1	1	1	0	28
chr11	67610409	67612428	1	1	1	1	0	15
chr11	67612266	67612371	1	1	1	13	0	44
chr11	68033284	68036252	1	1	1	1	0	19
chr11	68036382	68036461	1	3	1	19	0	45
chr11	68064632	68065785	2	2	1	4	0	45
chr11	68066517	68068878	2	2	1	1	0	33
chr11	68097131	68120827	2	2	1	1	0	28
chr11	68548205	68551120	1	1	1	1	0	44
chr11	68564433	68567013	1	1	1	1	0	35
chr11	68685005	68685593	1	1	1	3	0	31
chr11	68685649	68688013	1	1	1	3	0	6
chr11	68688101	68688848	1	1	1	2	0	19
chr11	68688927	68690916	1	1	1	1	0	44
chr11	68738789	68747207	2	2	1	1	0	15
chr11	68891396	68892889	2	2	1	37	0	46
chr11	68892994	68893402	2	2	1	5	0	36
chr11	68893456	68896514	2	2	1	3	0	41
chr11	68896679	68897926	2	2	1	0	1	6
chr11	69648060	69651291	1	3	1	1	0	25
chr11	69648143	69651117	1	1	1	1	0	3
chr11	70325012	70325499	1	1	1	1	0	24
chr11	70333554	70335562	1	1	1	1	0	25
chr11	70335695	70337364	1	1	1	1	0	42
chr11	70355812	70356160	1	1	1	2	0	13
chr11	70362489	70372214	1	1	1	1	0	25
chr11	70372391	70372476	1	1	1	6	0	46
chr11	70398615	70405264	1	1	1	2	0	34
chr11	70409961	70414541	1	1	1	1	0	7
chr11	70417124	70419745	1	1	1	1	0	17
chr11	72109929	72110087	2	2	1	1	0	11
chr11	72234616	72235115	1	1	1	3	0	20
chr11	72235147	72238975	0	0	1	3	0	31
chr11	72687739	72688454	2	2	1	1	0	36
chr11	72695098	72695386	2	2	1	1	0	34
chr11	73083741	73141856	2	2	1	2	0	10
chr11	73707514	73716250	2	2	1	2	0	27
chr11	73718891	73720845	2	2	1	1	0	18
chr11	73720900	73730764	2	2	1	2	0	20
chr11	73730824	73760565	2	2	1	1	0	14
chr11	73825797	73844806	1	1	1	1	0	5
chr11	73974814	73976940	2	2	1	1	0	27
chr11	74231003	74235900	1	1	1	2	0	46
chr11	74235967	74239132	1	1	1	1	0	40
chr11	74618805	74620016	1	1	1	11	0	37
chr11	74620090	74625407	1	1	1	7	0	42
chr11	74625574	74629216	1	1	1	1	0	38
chr11	74629324	74634582	1	1	1	1	0	41
chr11	74789700	74810183	1	1	1	2	0	44
chr11	74949400	74965033	1	1	1	1	0	5
chr11	74965118	74965762	1	1	1	2	1	32
chr11	74965924	74969564	1	5	1	0	1	34
chr11	74969700	74976856	1	1	1	13	0	42
chr11	75400825	75401639	1	1	1	3	1	25
chr11	75401734	75402351	1	1	1	5	0	36
chr11	75401734	75404759	1	1	1	0	4	3
chr11	75402447	75404019	1	1	1	10	0	44
chr11	75402447	75404053	1	1	1	0	1	4
chr11	75404085	75404770	2	2	1	1	0	44
chr11	75404208	75404671	1	1	1	30	0	34
chr11	75404869	75405613	1	1	1	580	0	46
chr11	75566972	75568730	1	1	1	2	0	33
chr11	75572400	75572550	1	1	1	2	0	4
chr11	75888904	75911953	1	1	1	1	0	21
chr11	75912040	75961443	1	1	1	1	0	45
chr11	76355655	76360955	2	2	1	1	0	20
chr11	76361064	76364640	2	2	1	2	0	18
chr11	76361064	76365851	2	2	1	1	0	31
chr11	77122713	77123687	1	1	1	2	0	10
chr11	77349288	77353535	2	2	1	1	0	36
chr11	77392542	77411773	2	2	1	2	0	21
chr11	77392542	77473551	2	2	1	1	0	18
chr11	77622674	77624962	2	2	1	1	0	38
chr11	77629900	77637589	2	2	1	1	0	45
chr11	77672231	77675035	2	2	1	1	0	45
chr11	77675257	77676791	2	2	1	1	0	24
chr11	77677000	77678085	2	2	1	3	0	43
chr11	77678154	77683709	2	2	1	4	0	44
chr11	77683820	77685104	2	2	1	1	0	15
chr11	77685160	77691158	2	2	1	3	0	32
chr11	77691239	77693506	2	2	1	4	0	37
chr11	77698694	77700720	2	2	1	1	0	30
chr11	77702496	77725544	2	2	1	12	0	40
chr11	77725700	77740730	2	2	1	4	0	38
chr11	77869818	77872174	1	1	1	3	0	38
chr11	78070037	78072997	2	2	1	36	0	41
chr11	78073142	78079578	2	2	1	5	0	43
chr11	78114393	78119181	2	2	1	1	0	9
chr11	83072805	83073302	1	1	1	1	0	9
chr11	83261967	83265864	2	2	1	5	0	46
chr11	83682297	83713586	2	2	1	2	0	14
chr11	85628689	85631144	1	1	1	2	0	25
chr11	85628689	85631686	1	1	1	2	0	41
chr11	85631809	85634085	1	1	1	1	0	39
chr11	85634280	85635666	1	1	1	1	0	29
chr11	85655709	85656308	1	1	1	1	0	20
chr11	85981229	85981744	2	2	1	1	0	20
chr11	85981776	85981871	2	2	1	1	0	31
chr11	86014964	86022366	2	2	1	1	0	35
chr11	86277992	86278398	1	1	1	1	0	11
chr11	86302479	86306244	1	1	1	1	0	15
chr11	86337531	86344602	1	1	1	11	0	43
chr11	86344722	86345583	1	1	1	14	0	39
chr11	88294509	88296132	2	2	1	2	0	41
chr11	90202552	90202812	2	2	1	3	0	12
chr11	90202876	90203307	2	2	1	1	0	20
chr11	90205566	90206201	2	2	1	2	0	18
chr11	90206273	90210535	2	2	1	3	0	10
chr11	90210595	90211214	2	2	1	1	0	23
chr11	90211319	90214017	2	2	1	4	2	37
chr11	90214176	90215173	2	2	1	1	0	22
chr11	90215231	90218134	2	2	1	1	0	13
chr11	92801910	92805152	1	1	1	1	0	37
chr11	93667808	93668807	1	1	1	7	0	24
chr11	93687866	93691682	1	1	1	4	0	8
chr11	93691776	93691926	1	1	1	1	0	38
chr11	93692031	93695496	1	1	1	3	0	44
chr11	93729531	93729613	1	1	1	1	0	22
chr11	93729970	93730048	1	1	1	3	0	10
chr11	93730149	93730230	1	1	1	4	0	36
chr11	93730448	93730676	2	2	1	10	0	36
chr11	93730713	93731149	2	4	1	7	0	37
chr11	93732292	93733086	2	2	1	1	0	30
chr11	93733122	93733349	2	2	1	1	0	27
chr11	93736752	93737063	2	2	1	1	0	28
chr11	93737240	93738108	2	2	1	2	0	15
chr11	93738441	93739236	2	2	1	1	0	3
chr11	93738500	93739236	2	2	1	7	0	41
chr11	93741729	93750345	1	1	1	1	0	16
chr11	93755387	93757315	1	1	1	1	0	14
chr11	94429987	94435831	2	2	1	1	0	36
chr11	94464240	94467812	2	2	1	1	0	15
chr11	94821822	94830049	1	1	1	1	0	40
chr11	94830195	94831451	1	3	1	1	0	28
chr11	94869474	94870688	1	1	1	1	0	6
chr11	94963515	94966294	2	2	1	15	0	39
chr11	94966414	94969988	2	2	1	2	0	30
chr11	94970097	94970976	2	2	1	5	0	43
chr11	94971066	94971374	2	2	1	3	0	37
chr11	94971488	94972054	2	2	1	1	0	12
chr11	94972194	94973497	2	2	1	1	0	10
chr11	95779927	95783064	2	2	1	1	0	20
chr11	95813112	95813467	1	1	1	2	0	26
chr11	95813590	95817786	1	1	1	1	0	16
chr11	95817904	95818826	1	1	1	2	1	33
chr11	95818905	95821870	1	1	1	3	0	34
chr11	95828028	95829186	1	1	1	1	0	17
chr11	95829332	95831025	1	1	1	6	0	43
chr11	95985643	95991519	2	2	1	1	0	34
chr11	96359179	96364979	2	2	1	1	0	23
chr11	97055188	97055651	1	1	1	0	2	31
chr11	101915413	101922640	1	1	1	1	0	9
chr11	102347377	102348597	1	1	1	1	0	38
chr11	102363717	102368305	1	1	1	1	0	31
chr11	102402207	102448811	2	2	1	1	0	15
chr11	103062415	103064274	2	2	1	3	0	27
chr11	103064378	103066268	2	2	1	1	0	28
chr11	103066568	103082747	2	2	1	1	0	19
chr11	103082840	103083255	2	2	1	2	0	34
chr11	103089319	103091786	2	2	1	3	0	14
chr11	103117864	103120446	1	1	1	1	0	30
chr11	103129006	103133554	1	1	1	1	0	38
chr11	103152286	103153302	1	1	1	1	0	27
chr11	103199477	103200045	1	1	1	1	0	38
chr11	103203777	103204821	1	1	1	2	0	36
chr11	103204965	103209875	1	1	1	2	0	43
chr11	103211944	103215720	1	1	1	1	0	44
chr11	103215859	103219914	1	1	1	3	0	42
chr11	105905302	105910434	1	1	1	1	0	8
chr11	105910546	105918711	1	1	1	1	0	11
chr11	106094655	106096742	1	1	1	1	0	5
chr11	107353737	107390073	2	2	1	1	0	38
chr11	107392896	107416208	2	2	1	1	0	31
chr11	107416299	107418193	2	2	1	1	0	32
chr11	107418288	107428798	2	2	1	1	0	10
chr11	107429452	107433633	2	2	1	1	0	9
chr11	107443050	107454449	2	2	1	3	0	24
chr11	107454573	107455665	2	2	1	4	0	20
chr11	107455777	107457711	2	2	1	7	0	44
chr11	107505216	107510886	2	2	1	1	0	25
chr11	108052802	108054646	1	1	1	2	0	23
chr11	108054956	108070095	1	1	1	1	0	25
chr11	108095692	108097635	1	1	1	1	0	26
chr11	108139042	108140064	1	1	1	3	0	28
chr11	108185320	108185402	2	2	1	1	0	20
chr11	108227889	108229177	1	1	1	1	0	30
chr11	108230913	108231487	1	3	1	0	1	21
chr11	108251073	108251836	1	1	1	1	0	7
chr11	108252032	108252816	1	1	1	1	0	24
chr11	108282880	108284226	1	1	1	1	0	39
chr11	108310316	108312410	1	1	1	2	0	10
chr11	108327759	108329020	1	1	1	1	0	16
chr11	108335110	108335844	1	1	1	1	0	26
chr11	108343372	108345742	1	1	1	1	0	4
chr11	108345909	108347278	1	1	1	1	0	29
chr11	108723463	108838445	1	1	1	1	0	8
chr11	108838566	108841314	1	1	1	3	0	44
chr11	108841477	108852152	1	1	1	6	0	22
chr11	108852210	108917872	1	1	1	5	1	26
chr11	108868333	108917872	1	1	1	0	1	3
chr11	108918019	108940245	1	1	1	2	0	15
chr11	110236192	110237491	2	2	1	1	0	5
chr11	110247834	110253945	2	2	1	11	0	41
chr11	110254110	110255288	2	2	1	6	0	31
chr11	110257914	110258105	2	2	1	2	0	26
chr11	110258190	110263959	2	2	1	4	0	21
chr11	110272620	110279680	2	2	1	2	0	27
chr11	111540929	111543922	1	1	1	1	0	21
chr11	111727058	111737447	2	2	1	2	0	42
chr11	111727058	111742052	2	2	1	1	0	16
chr11	111741613	111742052	2	2	1	1	0	9
chr11	111743531	111747953	2	2	1	1	0	35
chr11	111748015	111752158	2	2	1	1	0	30
chr11	111980850	111982338	1	1	1	2	0	11
chr11	112026300	112028514	1	1	1	1	0	8
chr11	112037461	112039243	1	1	1	1	0	33
chr11	112039398	112043465	1	1	1	1	0	42
chr11	112051350	112059902	1	1	1	1	0	25
chr11	112080559	112081981	1	1	1	3	0	34
chr11	112082036	112082464	1	1	1	7	0	40
chr11	112085463	112086639	2	2	1	2	0	38
chr11	112233234	112233431	1	1	1	2	0	38
chr11	113365061	113366224	1	1	1	1	0	18
chr11	113744041	113747530	2	2	1	1	0	6
chr11	113834336	113840597	2	2	1	2	0	23
chr11	114439676	114445978	1	1	1	1	0	4
chr11	114444653	114445978	1	1	1	3	0	34
chr11	114446088	114447825	1	1	1	18	0	45
chr11	114447880	114449845	1	1	1	10	0	34
chr11	116783030	116783529	2	2	1	1	0	19
chr11	116877043	116896252	2	2	1	1	0	7
chr11	117012982	117016223	1	3	1	2	0	46
chr11	117152529	117159933	1	1	1	3	0	29
chr11	117160024	117161144	1	1	1	1	0	4
chr11	117193155	117194022	2	2	1	1	0	30
chr11	117244586	117246808	1	1	1	1	0	23
chr11	117344278	117351789	1	1	1	2	0	38
chr11	118401718	118406936	1	1	1	2	0	14
chr11	118407029	118409084	0	0	1	3	0	31
chr11	118407098	118408999	1	1	1	34	0	46
chr11	118436945	118468774	1	1	1	1	0	27
chr11	118468845	118471661	1	1	1	2	0	35
chr11	118478202	118480173	1	1	1	2	0	37
chr11	118482093	118482421	1	1	1	3	0	34
chr11	118482093	118484182	1	1	1	1	0	11
chr11	118545495	118545792	2	2	1	1	0	18
chr11	118584015	118584479	1	1	1	12	0	46
chr11	118597912	118600624	1	1	1	1	0	30
chr11	118752098	118754704	2	2	1	1	0	45
chr11	118754888	118755401	2	2	1	1	0	25
chr11	118758903	118759921	2	2	1	1	0	8
chr11	118781185	118786051	2	2	1	2	0	39
chr11	119012255	119013231	1	1	1	2	0	25
chr11	119013263	119014993	1	1	1	2	0	31
chr11	119015440	119015537	1	1	1	2	0	30
chr11	119015759	119015840	2	2	1	215	39	45
chr11	119015940	119017361	2	2	1	2	245	46
chr11	119017434	119017957	2	2	1	2	0	8
chr11	119017546	119017957	2	2	1	6	0	46
chr11	119018054	119018281	2	2	1	2	0	34
chr11	119020254	119021759	1	1	1	2	0	21
chr11	119045655	119045780	2	2	1	1	0	39
chr11	119055844	119056069	2	2	1	1	0	24
chr11	119190453	119190709	2	2	1	2	0	7
chr11	119418360	119418972	1	3	1	1	0	15
chr11	119419432	119420050	2	2	1	1	0	22
chr11	119420387	119420868	2	2	1	1	0	19
chr11	120447086	120447873	1	1	1	1	0	33
chr11	120447907	120448233	1	1	1	1	0	13
chr11	120451725	120457117	1	1	1	1	0	40
chr11	120458235	120459173	1	1	1	1	0	24
chr11	120469389	120473049	1	1	1	1	0	33
chr11	120477527	120478155	1	1	1	1	0	13
chr11	121488194	121490042	1	1	1	1	0	24
chr11	121545430	121549959	1	1	1	2	0	35
chr11	121606958	121607185	1	1	1	1	0	13
chr11	121611159	121612735	1	1	1	1	0	15
chr11	121627768	121629495	1	1	1	8	0	44
chr11	123057719	123059230	2	2	1	1	0	31
chr11	123057829	123058766	2	4	1	1	0	8
chr11	123057920	123058251	2	2	1	7	0	37
chr11	123058485	123058631	2	2	1	6	0	42
chr11	123058831	123059058	2	2	1	8	0	38
chr11	123059262	123059472	2	2	1	9	0	39
chr11	123060029	123060115	2	2	1	1	0	34
chr11	123060799	123061119	2	2	1	1	0	27
chr11	123061330	123062063	2	2	1	1	0	22
chr11	124623234	124624930	1	1	1	4	0	32
chr11	124625002	124625670	1	1	1	3	0	33
chr11	124880609	124881238	1	1	1	2	0	25
chr11	125003960	125005108	1	1	1	2	0	16
chr11	125463571	125481533	2	2	1	1	0	42
chr11	125579069	125580092	1	1	1	1	0	40
chr11	125580205	125581210	1	1	1	1	0	37
chr11	125581323	125582345	1	1	1	2	0	37
chr11	125613178	125614086	1	1	1	1	0	19
chr11	125620127	125620771	1	1	1	1	0	23
chr11	125626013	125626748	1	1	1	1	0	42
chr11	125626834	125627606	1	1	1	2	0	36
chr11	125629461	125633162	1	1	1	3	0	26
chr11	125637545	125643791	1	1	1	1	0	10
chr11	125644269	125644511	1	1	1	1	0	42
chr11	125910479	125911310	1	1	1	1	0	16
chr11	126267336	126267548	2	2	1	2	0	37
chr11	129882632	129883121	2	2	1	2	0	23
chr11	129883207	129884069	2	2	1	3	0	45
chr11	129884144	129884744	2	2	1	1	0	32
chr11	129884847	129885434	2	2	1	1	0	17
chr11	130110662	130120705	1	1	1	10	0	45
chr11	130120819	130121613	1	1	1	10	0	44
chr11	130126831	130127765	1	1	1	1	0	17
chr11	130133740	130143580	2	2	1	1	0	13
chr11	130200138	130208409	1	1	1	1	0	6
chr11	130209716	130210246	1	3	1	1	0	18
chr11	130210043	130210313	2	2	1	1	0	45
chr11	131253592	131370687	1	1	1	5	0	41
chr11	133937494	133937809	2	2	1	1	0	4
chr11	134210455	134216935	2	2	1	1	0	28
chr11	134217099	134220571	2	2	1	1	0	44
chr11	134248485	134248808	2	2	1	4	0	46
chr11	134248485	134249166	2	2	1	2	0	42
chr11	134248960	134249166	2	2	1	1	0	35
chr11	134249921	134250274	2	2	1	2	0	38
chr11	134252917	134253226	2	2	1	3	0	10
chr11	134252917	134253298	2	2	1	1	0	10
chr12	293170	295572	2	2	1	4	0	36
chr12	295794	297040	2	2	1	1	0	7
chr12	308006	309802	2	2	1	1	0	44
chr12	309965	310884	2	2	1	5	0	43
chr12	311065	313055	2	2	1	2	0	21
chr12	430737	431865	1	1	1	1	0	38
chr12	433323	438334	1	1	1	3	0	44
chr12	754325	813641	1	1	1	1	0	18
chr12	830161	857160	1	1	1	1	0	23
chr12	857250	859244	1	1	1	10	0	36
chr12	859465	861012	1	1	1	1	0	45
chr12	883060	883394	1	1	1	1	0	39
chr12	1141788	1180539	1	1	1	1	0	10
chr12	1180678	1181924	1	1	1	4	0	29
chr12	1183422	1189858	1	1	1	1	0	18
chr12	1190053	1236768	1	1	1	1	0	11
chr12	1408248	1444561	1	1	1	1	0	25
chr12	1754515	1772841	1	1	1	1	0	40
chr12	1955561	1965557	2	2	1	1	0	33
chr12	2797283	2797728	1	1	1	2	0	32
chr12	2798827	2799087	1	1	1	1	0	23
chr12	2799245	2799849	1	1	1	3	0	41
chr12	2799941	2800038	1	1	1	1	0	3
chr12	2800578	2801116	1	1	1	1	0	13
chr12	2801357	2803150	1	1	1	4	0	27
chr12	2805318	2812561	2	2	1	2	0	35
chr12	2872245	2873976	2	2	1	1	0	19
chr12	3022018	3037967	1	1	1	1	0	8
chr12	3038109	3040106	1	1	1	1	0	28
chr12	3279067	3280381	1	1	1	1	0	27
chr12	4288991	4299859	1	1	1	2	0	12
chr12	4546419	4548091	1	1	1	1	0	43
chr12	4548179	4548686	1	1	1	2	0	43
chr12	4548837	4552982	1	1	1	13	0	34
chr12	4659178	4662532	1	1	1	1	0	35
chr12	4685326	4686937	1	1	1	1	0	37
chr12	5929280	5929501	2	2	1	0	1	34
chr12	5929280	5929793	2	2	1	0	1	34
chr12	5929280	5930015	2	2	1	0	1	34
chr12	5929354	5929501	2	2	1	0	1	29
chr12	5929354	5929793	2	2	1	0	1	29
chr12	5929354	5930015	2	2	1	0	1	29
chr12	5929354	5930089	2	2	1	1	0	35
chr12	6492468	6492861	2	2	1	2	0	22
chr12	6492973	6493057	2	2	1	2	0	30
chr12	6514393	6514463	1	1	1	1	0	18
chr12	6531077	6531326	1	1	1	2	0	45
chr12	6536594	6536683	1	1	1	1	0	13
chr12	6536791	6536919	1	1	1	1	0	44
chr12	6537011	6537100	1	1	1	1	0	3
chr12	6537217	6537308	1	1	1	4	0	36
chr12	6537391	6537583	1	1	1	5	0	46
chr12	6537931	6538202	2	2	1	9	0	44
chr12	6537980	6538205	1	1	1	1	0	42
chr12	6537986	6538140	2	2	1	2	0	6
chr12	6537997	6538100	1	1	1	71	0	46
chr12	6538170	6538293	0	0	1	3	0	45
chr12	6563947	6566100	2	2	1	1	0	6
chr12	6570694	6570868	2	2	1	1	0	25
chr12	6578547	6578845	2	2	1	4	2	35
chr12	6578918	6580277	2	2	1	0	2	3
chr12	6578918	6581037	2	2	1	2	4	35
chr12	6578918	6581043	2	2	1	30	4	40
chr12	6581174	6581290	2	2	1	10	0	40
chr12	6581389	6581648	2	2	1	1	0	27
chr12	6582937	6583026	2	2	1	3	0	5
chr12	6583379	6587383	2	2	1	1	0	15
chr12	6587560	6587711	2	2	1	3	0	40
chr12	6588423	6591465	2	2	1	3	0	37
chr12	6600013	6600216	2	2	1	1	0	23
chr12	6600670	6600925	2	2	1	16	0	40
chr12	6601054	6601288	2	2	1	1	0	21
chr12	6602155	6602375	2	2	1	6	0	32
chr12	6602176	6602375	2	2	1	1	0	11
chr12	6602498	6606273	2	2	1	2	0	42
chr12	6606452	6607299	2	2	1	1	0	30
chr12	6731055	6731160	2	2	1	2	0	32
chr12	6748074	6748361	1	1	1	1	0	44
chr12	6750008	6750176	2	2	1	1	0	41
chr12	6752055	6752284	2	2	1	1	0	31
chr12	6766751	6769602	1	1	1	1	0	3
chr12	6769675	6769920	1	1	1	4	0	41
chr12	6769960	6770470	1	3	1	3	0	30
chr12	6770219	6770391	1	1	1	2	0	12
chr12	6830771	6831215	1	1	1	1	0	33
chr12	6860492	6860952	1	1	1	1	0	20
chr12	6867682	6868863	1	1	1	1	0	37
chr12	6868988	6869098	1	1	1	1	0	21
chr12	6869163	6870745	1	1	1	0	1	35
chr12	6869184	6869257	1	1	1	2	0	6
chr12	6870137	6870264	1	1	1	6	0	33
chr12	6934029	6934175	1	1	1	1	0	6
chr12	6939178	6940879	1	1	1	1	0	33
chr12	6941555	6941746	1	1	1	1	0	42
chr12	6944566	6945770	1	1	1	1	0	24
chr12	6944653	6945770	1	1	1	1	0	40
chr12	6960946	6961125	1	1	1	1	0	4
chr12	6965713	6965910	2	2	1	1	0	6
chr12	6965917	6966423	2	2	1	1	0	6
chr12	6966501	6967170	2	2	1	1	0	35
chr12	6968022	6968410	2	2	1	2	0	33
chr12	6971092	6974338	1	1	1	1	0	43
chr12	6975149	6975228	1	1	1	1	0	7
chr12	6975379	6975695	1	1	1	3	0	22
chr12	7919529	7919665	2	4	1	1	0	4
chr12	7930643	7931244	2	2	1	1	0	27
chr12	7933903	7936019	2	2	1	1	0	31
chr12	8357142	8370212	2	2	1	1	0	27
chr12	8773467	8777589	1	1	1	1	0	14
chr12	8780740	8782911	1	1	1	8	0	37
chr12	8795272	8795431	1	1	1	1	0	28
chr12	8934479	8935123	1	1	1	2	0	23
chr12	8935239	8936855	1	1	1	0	11	46
chr12	8938061	8939304	1	1	1	0	1	39
chr12	8946406	8949487	2	2	1	1	0	45
chr12	9398485	9399794	2	2	1	0	1	19
chr12	9573535	9574846	1	1	1	0	1	19
chr12	10606375	10607853	2	2	1	5	4	39
chr12	10607937	10609830	2	2	1	1	0	21
chr12	10699245	10701979	1	1	1	1	0	15
chr12	10699655	10701253	2	2	1	11	0	36
chr12	10701354	10701959	2	2	1	3	0	35
chr12	10702135	10704050	2	2	1	1	0	30
chr12	10713334	10715693	2	2	1	1	0	20
chr12	10715784	10718087	2	2	1	1	0	26
chr12	10718122	10719079	2	2	1	1	0	32
chr12	10719144	10722849	2	2	1	1	0	4
chr12	10845951	10847044	2	2	1	1	0	13
chr12	12179982	12181042	2	2	1	1	0	33
chr12	12975480	12987151	2	2	1	1	0	10
chr12	14365828	14423908	1	1	1	1	0	20
chr12	14425474	14434339	1	1	1	1	0	16
chr12	14461134	14466525	1	1	1	2	0	4
chr12	14464277	14465165	1	1	1	1	0	28
chr12	14466591	14475889	1	1	1	2	0	23
chr12	14506269	14506932	2	2	1	1	0	25
chr12	14705630	14705660	1	1	1	0	14	40
chr12	14705630	14710398	1	1	1	0	14	40
chr12	14710368	14710398	1	1	1	0	2	27
chr12	14791271	14793730	2	2	1	1	0	30
chr12	14793923	14794536	2	2	1	3	0	28
chr12	14799729	14800751	2	2	1	1	0	32
chr12	14801429	14803351	2	2	1	9	0	46
chr12	15890010	15890596	1	1	1	1	0	43
chr12	15894144	15895358	1	1	1	2	0	41
chr12	15895497	15897881	1	1	1	2	0	23
chr12	15898019	15899903	1	1	1	3	0	19
chr12	15900054	15900946	1	1	1	2	0	41
chr12	15901013	15902916	1	1	1	0	1	3
chr12	16354379	16357604	1	1	1	1	0	8
chr12	19130131	19132392	1	1	1	1	0	41
chr12	19265851	19269769	1	1	1	4	0	32
chr12	19269886	19274515	1	1	1	13	0	40
chr12	19348520	19353883	1	1	1	1	0	24
chr12	19358438	19359411	1	1	1	2	0	11
chr12	19493987	19500096	1	1	1	1	0	21
chr12	19500222	19512397	1	1	1	2	0	45
chr12	19512466	19514670	1	1	1	1	0	23
chr12	19514785	19545730	1	1	1	1	0	33
chr12	21461155	21462007	1	3	1	1	0	44
chr12	21491717	21499554	2	2	1	3	0	40
chr12	21499616	21501169	2	2	1	1	0	8
chr12	21635710	21637070	2	2	1	10	0	35
chr12	21637195	21638352	2	2	1	4	0	31
chr12	21638471	21641951	2	2	1	4	0	37
chr12	21642126	21643934	2	2	1	5	0	45
chr12	21644109	21646898	2	2	1	2	0	29
chr12	21654678	21657750	2	2	1	1	0	18
chr12	22055292	22055454	1	1	1	1	0	9
chr12	22058701	22060831	1	1	1	1	0	12
chr12	22060927	22061280	1	1	1	4	0	37
chr12	22061453	22062280	1	1	1	3	0	42
chr12	22062435	22065120	1	1	1	2	0	11
chr12	22449892	22453895	2	2	1	3	0	45
chr12	22506820	22513293	2	2	1	1	0	26
chr12	24818050	24829822	2	2	1	4	0	39
chr12	24829898	24832722	2	2	1	2	0	42
chr12	24836597	24842081	2	2	1	1	0	46
chr12	25209912	25215436	2	2	1	1	0	42
chr12	25209912	25225613	2	2	1	2	0	11
chr12	25215561	25225613	2	2	1	2	0	25
chr12	26399042	26400127	2	2	1	2	0	39
chr12	26486361	26487067	2	2	1	1	0	25
chr12	26556376	26561761	2	2	1	2	0	42
chr12	26624357	26628032	2	2	1	3	0	44
chr12	26659286	26663684	2	2	1	1	0	37
chr12	26724743	26725649	2	2	1	2	0	30
chr12	26725766	26790156	2	2	1	1	0	35
chr12	26906438	26911177	2	2	1	2	0	6
chr12	26911318	26913456	2	2	1	3	0	10
chr12	26914129	26914407	2	2	1	2	0	15
chr12	26914579	26916001	2	2	1	1	0	15
chr12	26928906	26934555	2	2	1	1	0	15
chr12	26936815	26937795	2	2	1	1	0	5
chr12	26954294	26956542	1	1	1	2	0	20
chr12	26975659	26976259	2	2	1	1	0	29
chr12	27022622	27026419	1	1	1	1	0	40
chr12	27030231	27030319	1	1	1	1	0	19
chr12	27140098	27144991	1	1	1	0	1	44
chr12	27315118	27315288	1	1	1	2	0	23
chr12	27315351	27317335	1	1	1	2	0	7
chr12	27635116	27646061	1	1	1	1	0	27
chr12	27650142	27654721	1	1	1	0	1	44
chr12	27654815	27656615	1	1	1	8	0	34
chr12	27656731	27658815	1	1	1	2	0	13
chr12	27688424	27689014	1	1	1	1	0	8
chr12	27716459	27719807	1	1	1	1	0	22
chr12	27719869	27724046	1	1	1	1	0	9
chr12	27724187	27735446	1	1	1	2	0	33
chr12	27735557	27737538	1	1	1	3	0	34
chr12	28307750	28362437	1	1	1	1	0	17
chr12	28362516	28391303	1	1	1	3	0	7
chr12	28391412	28450160	1	1	1	4	0	40
chr12	28450254	28450349	1	1	1	3	0	29
chr12	28450419	28452477	1	1	1	7	0	35
chr12	29333735	29340832	1	1	1	2	0	36
chr12	29341219	29341733	2	2	1	2	0	15
chr12	29341817	29343119	2	2	1	1	0	19
chr12	29350069	29356381	2	2	1	3	0	43
chr12	30669283	30670961	2	2	1	4	0	10
chr12	30671097	30673989	2	2	1	1	0	29
chr12	30674754	30676497	2	2	1	1	0	46
chr12	30731511	30733628	2	2	1	1	0	23
chr12	31084062	31084582	1	1	1	1	0	27
chr12	31252088	31252199	2	2	1	0	1	19
chr12	31282872	31287633	2	2	1	20	0	45
chr12	31287785	31293804	2	2	1	1	0	14
chr12	31295334	31298076	2	2	1	0	1	21
chr12	31298225	31326023	2	2	1	1	0	33
chr12	31423676	31424534	2	2	1	1	0	24
chr12	31744098	31747485	1	1	1	0	2	42
chr12	32216460	32293993	1	1	1	3	0	14
chr12	32256087	32257179	2	2	1	2	0	17
chr12	32625069	32625653	1	1	1	3	0	18
chr12	32625780	32633548	1	1	1	1	0	32
chr12	32633690	32638654	1	1	1	1	0	21
chr12	32679466	32701414	1	1	1	1	0	10
chr12	32701563	32707366	1	1	1	2	0	32
chr12	32707414	32708152	1	1	1	1	0	13
chr12	32731944	32733714	1	1	1	2	0	41
chr12	32737162	32737864	1	1	1	4	0	29
chr12	32750875	32753917	2	2	1	1	0	14
chr12	32822632	32824044	2	2	1	1	0	32
chr12	38730359	38760846	2	2	1	3	0	34
chr12	38760889	38762111	2	2	1	4	0	24
chr12	39301680	39302964	2	2	1	2	0	5
chr12	39330912	39331689	2	2	1	1	0	4
chr12	39337204	39340164	2	2	1	1	0	34
chr12	39340365	39340905	2	2	1	3	0	36
chr12	39341095	39341504	2	2	1	3	0	22
chr12	39351981	39356831	2	2	1	5	0	41
chr12	39369912	39370038	2	2	1	1	0	9
chr12	42313199	42313689	2	2	1	5	0	46
chr12	42313766	42313873	2	2	1	3	0	41
chr12	42313987	42317339	2	2	1	5	0	36
chr12	42317448	42317786	2	2	1	5	0	44
chr12	42398995	42441314	1	1	1	1	0	25
chr12	42819346	42867560	2	4	1	1	0	17
chr12	43502406	43532035	2	2	1	1	0	29
chr12	43746239	43748449	2	2	1	2	0	46
chr12	43748610	43754335	2	2	1	1	0	37
chr12	43797098	43797301	2	2	1	1	0	8
chr12	45216392	45302013	1	1	1	2	0	31
chr12	45302094	45331294	1	1	1	1	0	8
chr12	45347088	45348027	1	1	1	1	0	26
chr12	45348632	45350658	1	1	1	1	0	10
chr12	45893544	45893629	1	1	1	1	0	23
chr12	45919310	45922462	2	2	1	1	0	6
chr12	45945314	45948436	2	2	1	1	0	26
chr12	45948538	45951649	2	2	1	3	0	19
chr12	45951728	45961699	2	2	1	8	0	32
chr12	46197818	46197918	2	2	1	1	0	5
chr12	46243315	46268525	2	2	1	1	0	41
chr12	46363827	46363923	2	2	1	1	0	24
chr12	46364703	46365106	2	2	1	1	0	30
chr12	47663591	47666979	2	2	1	1	0	40
chr12	47690640	47696275	2	2	1	1	0	10
chr12	47696404	47697596	2	2	1	1	0	18
chr12	47697720	47701463	2	2	1	1	0	22
chr12	47701605	47702687	2	2	1	3	0	20
chr12	47702847	47705951	2	2	1	1	0	13
chr12	48046452	48046977	2	2	1	1	0	15
chr12	48065221	48065595	2	2	1	1	0	19
chr12	48065681	48066926	2	2	1	1	0	39
chr12	48066966	48071666	2	2	1	1	0	10
chr12	48142067	48142781	1	1	1	1	0	23
chr12	48145131	48145209	1	1	1	1	0	3
chr12	48661244	48662559	2	2	1	1	0	12
chr12	48705897	48714442	2	2	1	1	0	30
chr12	48922202	48923781	2	2	1	1	0	15
chr12	48938848	48957450	2	2	1	1	0	45
chr12	48939109	48939654	2	2	1	1	0	7
chr12	48940108	48940947	2	2	1	1	0	43
chr12	49043783	49043867	2	2	1	1	0	43
chr12	49128126	49185177	1	1	1	0	7	42
chr12	49129723	49131297	2	2	1	1	0	25
chr12	49185991	49186309	2	2	1	2	0	32
chr12	49186459	49186610	2	2	1	1	0	31
chr12	49269977	49272252	1	1	1	1	0	42
chr12	49272539	49273137	1	3	1	1	0	21
chr12	49324038	49324211	1	1	1	1	0	26
chr12	49331408	49331572	1	1	1	3	0	44
chr12	49367588	49460769	1	1	1	1	0	23
chr12	49461038	49484589	1	1	1	1	0	28
chr12	49484670	49489464	1	1	1	6	0	40
chr12	49489574	49490681	1	1	1	1	1	26
chr12	49559536	49559728	2	2	1	1	0	21
chr12	49643017	49643222	1	1	1	1	0	35
chr12	49752550	49752972	1	1	1	1	0	9
chr12	49753082	49755634	1	1	1	4	0	20
chr12	49758763	49759220	1	1	1	1	0	25
chr12	49759322	49761703	1	1	1	8	0	43
chr12	49761780	49762872	1	1	1	12	0	45
chr12	49793897	49794764	2	2	1	1	0	17
chr12	50085547	50086160	1	1	1	3	0	22
chr12	50086664	50086755	1	1	1	1	0	30
chr12	50204701	50205983	2	2	1	1	0	39
chr12	50222486	50231664	2	2	1	1	0	7
chr12	50427910	50428934	1	1	1	2	0	38
chr12	50429091	50430494	1	1	1	4	0	39
chr12	50430571	50435487	1	1	1	2	0	21
chr12	50462631	50466958	1	1	1	1	0	45
chr12	50775512	50776367	2	4	1	1	0	23
chr12	50814193	50814279	1	1	1	3	0	14
chr12	50980059	50981638	2	2	1	1	0	24
chr12	51099780	51101934	2	2	1	1	0	17
chr12	51101164	51136167	1	3	1	1	0	24
chr12	51109274	51110876	2	2	1	1	0	38
chr12	51504121	51505834	1	1	1	1	0	34
chr12	51780272	51786541	1	1	1	2	0	10
chr12	51956837	51957373	1	3	1	1	0	26
chr12	51985349	51986817	1	1	1	1	0	14
chr12	52073903	52076785	1	1	1	1	0	42
chr12	52900066	52900587	2	2	1	1	0	22
chr12	52900684	52901158	2	2	1	1	0	25
chr12	52901220	52901863	2	2	1	1	0	5
chr12	52902073	52904657	2	2	1	0	3	34
chr12	52948829	52949455	2	2	1	1	0	16
chr12	52949591	52950327	1	1	1	4	0	31
chr12	52950411	52950749	1	1	1	1	0	17
chr12	52950907	52951480	1	3	1	3	0	38
chr12	52951646	52951730	1	1	1	1	0	32
chr12	52951857	52952118	1	1	1	4	0	29
chr12	52952343	52952721	1	1	1	118	0	46
chr12	53020027	53021805	1	1	1	1	0	9
chr12	53021861	53022492	1	1	1	2	0	42
chr12	53027920	53028014	1	1	1	1	0	18
chr12	53028189	53033805	1	1	1	3	0	15
chr12	53034035	53034611	1	1	1	2	0	40
chr12	53034710	53037408	1	1	1	2	0	19
chr12	53037623	53038355	1	1	1	4	0	41
chr12	53038412	53039237	1	1	1	5	0	44
chr12	53039344	53039629	1	1	1	1	0	30
chr12	53039703	53040142	1	1	1	10	0	43
chr12	53159713	53159886	2	2	1	1	0	27
chr12	53159939	53160119	2	2	1	1	0	11
chr12	53215435	53215645	2	2	1	1	0	34
chr12	53297925	53298044	1	1	1	2	0	32
chr12	53298151	53299268	1	1	1	26	0	43
chr12	53306862	53306965	1	1	1	5	0	16
chr12	53307527	53307600	1	1	1	1	0	24
chr12	53307714	53307844	2	2	1	1	0	32
chr12	53307930	53308051	2	2	1	1	0	5
chr12	53452377	53454725	1	1	1	1	0	40
chr12	53456002	53459271	1	1	1	1	0	8
chr12	53461144	53462492	1	1	1	1	0	42
chr12	53464853	53465931	1	1	1	3	0	21
chr12	53467294	53467804	1	1	1	1	0	37
chr12	53468833	53471637	1	1	1	2	0	15
chr12	53471808	53479405	1	1	1	10	0	32
chr12	53665429	53669147	2	2	1	4	0	19
chr12	53669342	53669870	2	2	1	1	0	26
chr12	53669949	53672575	2	2	1	1	0	33
chr12	53672646	53676052	2	2	1	1	0	28
chr12	54181648	54182503	2	2	1	2	0	31
chr12	54241906	54246114	2	2	1	4	0	41
chr12	54252228	54257513	2	2	1	10	0	44
chr12	54257693	54259508	2	2	1	1	0	25
chr12	54281503	54281794	1	1	1	2	0	10
chr12	54281942	54282089	1	1	1	7	0	41
chr12	54282301	54282393	1	1	1	7	0	41
chr12	54282418	54283937	1	3	1	1	0	24
chr12	54282487	54282572	1	1	1	7	0	39
chr12	54282663	54283826	1	1	1	0	1	5
chr12	54282666	54282799	1	1	1	3	3	31
chr12	54282824	54283826	1	1	1	0	1	7
chr12	54282875	54283811	1	1	1	4	3	26
chr12	54283968	54284257	1	1	1	12	0	36
chr12	54284318	54284548	1	1	1	11	1	38
chr12	54284318	54286661	1	1	1	1	0	22
chr12	54286733	54286952	1	1	1	29	0	45
chr12	54405375	54405663	2	2	1	2	0	20
chr12	54580393	54580943	2	2	1	3	0	23
chr12	54581051	54581975	2	2	1	3	0	23
chr12	54581051	54582731	2	2	1	1	0	21
chr12	55716718	55716932	1	1	1	1	0	43
chr12	55716718	55719090	1	1	1	1	0	12
chr12	55717006	55719090	1	1	1	1	0	32
chr12	55719224	55719498	1	1	1	5	0	24
chr12	55725627	55725812	2	2	1	77	0	44
chr12	55725897	55726120	2	2	1	17	0	35
chr12	55726262	55726699	2	2	1	1	0	7
chr12	55726965	55727150	2	2	1	1	0	24
chr12	55727340	55728275	2	2	1	4	0	34
chr12	55757554	55760550	2	2	1	2	0	42
chr12	55760641	55789074	2	2	1	2	0	39
chr12	55789144	55790566	2	2	1	3	0	26
chr12	55790593	55794358	2	2	1	2	0	13
chr12	55800901	55803628	2	2	1	1	0	12
chr12	55803729	55817665	2	2	1	2	0	29
chr12	55819494	55820259	1	1	1	3	0	23
chr12	55833039	55833446	1	1	1	2	0	5
chr12	55835616	55836125	1	1	1	1	0	34
chr12	55902356	55903386	2	2	1	1	0	43
chr12	55954350	55955273	2	2	1	2	0	23
chr12	55964256	55964720	1	1	1	1	0	38
chr12	56018178	56025053	1	1	1	1	0	11
chr12	56042170	56042424	1	1	1	0	2	29
chr12	56042603	56043362	1	1	1	47	0	45
chr12	56043494	56044118	1	1	1	294	2	46
chr12	56098906	56099647	1	1	1	1	0	35
chr12	56104826	56106587	1	1	1	13	0	45
chr12	56107614	56109229	1	1	1	0	1	31
chr12	56109936	56110398	1	1	1	3	0	45
chr12	56110693	56110963	1	1	1	7	0	41
chr12	56111059	56111181	1	1	1	23	0	46
chr12	56111310	56111475	1	1	1	16	0	38
chr12	56111530	56112822	1	1	1	3	0	33
chr12	56116660	56116774	1	1	1	1	0	22
chr12	56116800	56117188	1	1	1	3	0	23
chr12	56117212	56117481	1	1	1	10	0	23
chr12	56117542	56117770	0	0	1	4	0	44
chr12	56142733	56142834	1	1	1	1	0	19
chr12	56155593	56157467	1	1	1	2	0	19
chr12	56156030	56157467	1	1	1	1	0	38
chr12	56157546	56157697	1	1	1	14	0	38
chr12	56157736	56157881	1	1	1	23	0	39
chr12	56158405	56158683	1	1	1	2	0	28
chr12	56158712	56159586	1	1	1	3	0	28
chr12	56159731	56159974	1	1	1	6	0	37
chr12	56160149	56160242	1	1	1	13	0	45
chr12	56160321	56161386	1	1	1	142	0	44
chr12	56160321	56162263	1	1	1	1	0	13
chr12	56160671	56161386	1	1	1	2	0	18
chr12	56162332	56162854	1	1	1	1	0	11
chr12	56162550	56190072	2	4	1	0	3	6
chr12	56171938	56172427	2	2	1	1	0	15
chr12	56172705	56173695	2	2	1	1	0	44
chr12	56181102	56181481	2	2	1	1	0	20
chr12	56181598	56181703	2	2	1	3	0	29
chr12	56310596	56310957	2	2	1	58	0	46
chr12	56311055	56311210	2	2	1	5	0	44
chr12	56418009	56418133	2	2	1	1	0	42
chr12	56428406	56428548	2	2	1	1	0	33
chr12	56475111	56475623	2	2	1	1	0	23
chr12	56475683	56475944	2	2	1	1	0	10
chr12	56604292	56604584	2	2	1	1	0	30
chr12	56605328	56605829	2	2	1	1	0	38
chr12	56606064	56606246	2	2	1	1	0	38
chr12	56606313	56606632	2	2	1	4	0	41
chr12	56606734	56609735	2	2	1	12	0	45
chr12	56613234	56613952	2	2	1	1	0	43
chr12	56638424	56639105	2	2	1	24	0	34
chr12	56640193	56642457	2	2	1	2	0	41
chr12	56642581	56642672	2	2	1	1	0	35
chr12	56643588	56643836	2	2	1	1	0	7
chr12	56643959	56644780	2	2	1	1	0	3
chr12	56644956	56645170	2	2	1	1	0	16
chr12	56645354	56645836	2	2	1	1	0	42
chr12	56664801	56666203	2	2	1	1	0	6
chr12	56666267	56670274	2	2	1	4	0	46
chr12	56670365	56671748	2	2	1	2	0	18
chr12	56671848	56672739	2	2	1	0	1	11
chr12	56672810	56672951	2	2	1	3	0	46
chr12	56673066	56687997	2	2	1	1	0	31
chr12	56709154	56712824	1	1	1	0	2	3
chr12	56712553	56712785	2	2	1	243	0	45
chr12	56712909	56713061	2	2	1	28	0	44
chr12	56713191	56713536	2	2	1	2	0	26
chr12	56714440	56714601	2	2	1	3	0	44
chr12	56714688	56724451	2	2	1	1	0	5
chr12	56724524	56725262	2	2	1	1	0	45
chr12	56730527	56731416	2	2	1	0	4	11
chr12	56731735	56734146	2	2	1	13	0	45
chr12	56734246	56738433	2	2	1	5	0	46
chr12	56739364	56741434	2	2	1	2	0	24
chr12	56741838	56742986	2	6	1	2	0	32
chr12	56744124	56746044	2	2	1	9	0	45
chr12	57070894	57072787	2	2	1	0	1	4
chr12	57084706	57086548	2	2	1	1	0	24
chr12	57091999	57092447	1	1	1	1	0	7
chr12	57105340	57105467	2	2	1	3	0	26
chr12	57201620	57201779	1	1	1	1	0	34
chr12	57233663	57233748	1	1	1	1	0	15
chr12	57251626	57251760	1	3	1	1	0	26
chr12	57295508	57296410	2	2	1	2	0	4
chr12	57299479	57300094	2	2	1	4	0	43
chr12	57310464	57395748	2	2	1	1	0	29
chr12	57395819	57430719	2	2	1	1	0	41
chr12	57511869	57512007	1	1	1	1	0	33
chr12	57511869	57516476	1	1	1	1	11	24
chr12	57512965	57514719	1	1	1	1	0	21
chr12	57515059	57515149	1	1	1	1	0	39
chr12	57515992	57516244	1	1	1	3	0	24
chr12	57516338	57516434	1	1	1	13	0	44
chr12	57530776	57532014	2	2	1	1	0	11
chr12	57532811	57532983	2	2	1	1	0	22
chr12	57716513	57716692	1	1	1	2	0	13
chr12	57716745	57717869	1	1	1	2	0	27
chr12	57771258	57771479	2	2	1	1	0	35
chr12	57793074	57796176	1	1	1	1	0	14
chr12	59326562	59328356	2	2	1	1	0	25
chr12	62302921	62314789	1	1	1	4	0	38
chr12	62355476	62381489	1	1	1	1	0	11
chr12	62381664	62383839	1	1	1	1	0	9
chr12	62495148	62498918	1	1	1	1	0	20
chr12	62788339	62801815	2	2	1	1	0	37
chr12	63805405	63808674	1	1	1	1	0	38
chr12	63844884	63983946	1	1	1	2	0	42
chr12	64017013	64042789	1	1	1	6	0	43
chr12	64425183	64425337	1	1	1	1	0	3
chr12	64430288	64431537	1	1	1	1	0	33
chr12	64434910	64435626	1	1	1	1	0	37
chr12	64435675	64439243	1	1	1	2	0	30
chr12	64439316	64445074	1	1	1	1	0	3
chr12	64513939	64516928	1	3	1	2	0	32
chr12	64843486	64864667	1	1	1	1	0	40
chr12	65171119	65210925	1	1	1	1	0	17
chr12	66124019	66128895	2	2	1	0	3	28
chr12	66129114	66130704	2	2	1	1	0	36
chr12	66138167	66138723	2	2	1	1	0	32
chr12	66377286	66379279	2	2	1	1	0	44
chr12	67269786	67281909	1	1	1	1	0	20
chr12	67299096	67302322	1	1	1	1	0	11
chr12	67310071	67310151	1	1	1	2	0	24
chr12	67311801	67312605	1	1	1	1	0	28
chr12	68316254	68321346	2	2	1	1	0	7
chr12	68323241	68326656	2	2	1	1	0	38
chr12	68327022	68331106	2	2	1	1	0	5
chr12	68553048	68553237	2	4	1	0	11	19
chr12	68611044	68648698	1	1	1	2	0	13
chr12	68650469	68651994	1	1	1	1	0	40
chr12	68652052	68654111	1	1	1	1	0	21
chr12	68654253	68656305	1	1	1	0	2	33
chr12	68710094	68713729	1	1	1	1	0	21
chr12	68733613	68734707	1	1	1	4	0	45
chr12	68741981	68742354	1	1	1	5	0	40
chr12	68836750	68839273	1	1	1	1	0	18
chr12	69259095	69259427	1	1	1	1	0	15
chr12	69262563	69269511	1	1	1	4	0	41
chr12	69570518	69571275	1	1	1	1	0	31
chr12	69586345	69586752	1	1	1	1	0	11
chr12	69586819	69587504	1	1	1	1	0	15
chr12	69587617	69587929	1	1	1	1	0	35
chr12	69589688	69592058	1	1	1	25	0	43
chr12	69592160	69592975	1	1	1	13	0	45
chr12	69593614	69597155	1	1	1	1	0	39
chr12	69597276	69597637	1	1	1	2	0	32
chr12	69597767	69597967	1	1	1	5	0	46
chr12	69598422	69599862	1	1	1	1	0	39
chr12	69600005	69601294	1	1	1	11	0	39
chr12	69794515	69795140	1	1	1	1	0	27
chr12	70337468	70346260	2	2	1	1	0	34
chr12	70337514	70338442	1	1	1	1	0	34
chr12	70342169	70342257	1	1	1	0	1	18
chr12	70344229	70346179	1	1	1	1	0	3
chr12	70346325	70353828	1	1	1	28	0	45
chr12	70367071	70400208	1	1	1	1	0	10
chr12	70400337	70430484	1	1	1	1	0	45
chr12	71627935	71628917	2	2	1	1	0	10
chr12	71629711	71630599	2	2	1	2	0	27
chr12	71644319	71644876	2	2	1	4	0	24
chr12	71647814	71656884	2	2	1	2	0	37
chr12	71657302	71663012	2	2	1	1	0	25
chr12	71720242	71730952	1	1	1	1	0	37
chr12	71896076	71896676	1	1	1	1	0	27
chr12	71897942	71907021	1	1	1	1	0	19
chr12	75369987	75370084	1	1	1	3	0	24
chr12	75499952	75501722	2	2	1	7	0	38
chr12	75501817	75501922	2	2	1	7	0	43
chr12	75504075	75505197	2	2	1	2	0	29
chr12	75505255	75506315	2	2	1	2	0	40
chr12	76047719	76048392	2	2	1	71	0	44
chr12	76047719	76048420	2	2	1	40	0	42
chr12	76048465	76049199	2	2	1	73	0	46
chr12	76049251	76049755	2	2	1	16	0	30
chr12	76049526	76049755	2	2	1	4	0	30
chr12	76049786	76050530	2	2	1	23	0	32
chr12	76050654	76053090	2	2	1	9	0	25
chr12	76053111	76053204	2	2	1	7	0	20
chr12	76053351	76053769	2	2	1	1	0	11
chr12	76053910	76055018	2	2	1	17	0	46
chr12	76055091	76056032	2	2	1	4	0	16
chr12	76056162	76059797	2	2	1	14	0	34
chr12	76057441	76057839	1	3	1	1	0	33
chr12	76059879	76060137	2	2	1	46	0	45
chr12	76060280	76067370	2	2	1	10	0	21
chr12	76074240	76084566	2	2	1	2	0	12
chr12	76356022	76356625	2	2	1	2	0	9
chr12	76356729	76358705	2	2	1	5	0	28
chr12	76358812	76369213	2	2	1	5	0	40
chr12	76369302	76369636	2	2	1	1	0	3
chr12	76402767	76410563	2	2	1	2	0	31
chr12	76410635	76450850	2	2	1	8	0	37
chr12	76859029	76859546	2	2	1	2	0	38
chr12	76859641	76860283	2	2	1	3	0	19
chr12	78159287	78168754	1	1	1	1	0	45
chr12	78865110	78977798	1	1	1	2	0	20
chr12	79217686	79285786	1	1	1	3	0	42
chr12	79285972	79292007	1	1	1	2	0	27
chr12	79292131	79296068	1	1	1	1	0	14
chr12	79353620	79444072	1	1	1	1	0	3
chr12	79590361	79590696	2	2	1	1	0	27
chr12	79592694	79594328	2	2	1	6	0	43
chr12	79594434	79596510	2	2	1	3	0	38
chr12	79596659	79613574	2	2	1	11	0	38
chr12	79613610	79621075	2	2	1	4	0	24
chr12	79776016	79778549	2	2	1	11	0	44
chr12	79778601	79781814	2	2	1	13	0	45
chr12	79781863	79786373	2	2	1	4	0	32
chr12	79786479	79788647	2	2	1	1	0	30
chr12	79795760	79796781	2	2	1	7	0	46
chr12	79796951	79797194	2	2	1	4	0	34
chr12	79797396	79798493	2	2	1	26	0	43
chr12	79798585	79805591	2	2	1	10	0	45
chr12	79810011	79817393	2	2	1	4	0	46
chr12	79820932	79821077	2	2	1	1	0	28
chr12	81253671	81254856	1	1	1	3	0	29
chr12	82353313	82354494	2	2	1	5	0	32
chr12	82354595	82356959	2	2	1	5	0	31
chr12	82478996	82479066	2	2	1	2	0	44
chr12	88034288	88040147	1	1	1	0	1	6
chr12	88035739	88040147	1	1	1	0	1	6
chr12	88040266	88042824	1	1	1	1	0	7
chr12	88045780	88046806	1	1	1	3	0	28
chr12	88060995	88062691	2	2	1	1	0	43
chr12	88071450	88071780	2	2	1	1	0	44
chr12	88077919	88079091	2	2	1	4	0	39
chr12	88079230	88080181	2	2	1	1	0	28
chr12	88086174	88086390	2	2	1	4	0	21
chr12	88086499	88087779	2	2	1	1	0	17
chr12	88093976	88096887	2	2	1	1	0	31
chr12	88107099	88109065	2	2	1	2	0	44
chr12	88117146	88118482	2	2	1	1	0	20
chr12	88136787	88139144	2	2	1	1	0	15
chr12	88139192	88139494	2	2	1	1	0	25
chr12	88142488	88148287	1	1	1	1	0	37
chr12	88172746	88174606	1	1	1	1	0	37
chr12	88174728	88176207	1	1	1	1	0	37
chr12	89349562	89350587	2	2	1	4	0	35
chr12	89459719	89466769	2	2	1	1	0	28
chr12	89601434	89603042	2	2	1	1	0	13
chr12	89603255	89603711	2	2	1	1	0	43
chr12	89611373	89616801	2	2	1	4	0	44
chr12	89626616	89627677	2	2	1	1	0	31
chr12	89627717	89630504	2	2	1	2	0	14
chr12	89630646	89634777	2	2	1	12	0	42
chr12	92144448	92145387	2	2	1	1	0	8
chr12	92780412	92781949	2	2	1	3	0	29
chr12	92782136	92787866	2	2	1	3	0	13
chr12	92801702	92802403	2	2	1	1	0	44
chr12	92802735	92809016	2	2	1	1	0	9
chr12	92842582	92851110	2	2	1	5	0	44
chr12	92851267	92852174	2	2	1	1	0	36
chr12	92857486	92864859	2	2	1	3	0	20
chr12	92864988	92891628	2	2	1	1	0	29
chr12	93378422	93394608	1	1	1	0	1	26
chr12	93410080	93410733	2	2	1	3	0	44
chr12	93410875	93411052	2	2	1	1	0	34
chr12	93469356	93476953	1	1	1	1	0	19
chr12	93477018	93479387	1	1	1	2	0	27
chr12	93479473	93487496	1	1	1	2	0	11
chr12	93487661	93501175	1	1	1	9	0	41
chr12	93567160	93571566	2	2	1	1	0	5
chr12	94308918	94309917	2	2	1	2	0	18
chr12	94313018	94331699	2	4	1	1	0	27
chr12	94331830	94333481	2	2	1	3	0	43
chr12	94333640	94335588	2	2	1	2	0	17
chr12	94376018	94378790	2	2	1	1	0	35
chr12	94400982	94402250	2	2	1	2	0	24
chr12	94402335	94403169	2	2	1	1	0	38
chr12	94412592	94459556	2	2	1	1	0	37
chr12	94971621	94994169	2	2	1	6	0	40
chr12	95002822	95003594	2	2	1	1	0	13
chr12	95058490	95059905	2	2	1	1	0	8
chr12	95092846	95094591	2	2	1	1	0	23
chr12	95474331	95476070	1	1	1	17	0	46
chr12	95474331	95476073	1	1	1	6	0	29
chr12	95476179	95483214	1	1	1	7	0	33
chr12	95483281	95485878	1	1	1	4	0	42
chr12	95494218	95494956	1	1	1	1	0	26
chr12	95511999	95512800	1	1	1	1	0	3
chr12	95859077	95861167	1	1	1	4	0	37
chr12	95861294	95865323	1	1	1	80	0	46
chr12	95865389	95866004	1	1	1	143	1	46
chr12	96001107	96002959	2	2	1	2	0	38
chr12	96945850	96951431	1	1	1	1	0	35
chr12	97494003	97494694	1	1	1	1	0	30
chr12	98516147	98527885	1	1	1	1	0	31
chr12	98528013	98531679	1	1	1	1	0	18
chr12	98537573	98544950	1	1	1	1	0	42
chr12	98544350	98544441	1	1	1	2	0	43
chr12	98594136	98595726	1	1	1	2	0	29
chr12	98595849	98597855	1	1	1	4	0	32
chr12	98598704	98599954	1	1	1	1	0	8
chr12	98601282	98601367	1	1	1	2	0	24
chr12	98645836	98648318	1	1	1	1	0	22
chr12	98723313	98723638	1	1	1	1	0	19
chr12	100057747	100058028	2	2	1	1	0	33
chr12	100086359	100088914	2	2	1	1	0	37
chr12	100205745	100207662	1	1	1	1	0	5
chr12	100207787	100210072	1	1	1	1	0	6
chr12	100210209	100210294	1	1	1	3	0	29
chr12	100210352	100212255	1	1	1	1	0	30
chr12	100314615	100315557	1	1	1	4	0	35
chr12	100334267	100335624	1	1	1	1	0	13
chr12	100335692	100335810	1	1	1	5	0	41
chr12	100335907	100337386	1	1	1	1	0	7
chr12	101291889	101291969	1	1	1	1	0	42
chr12	101308344	101309762	1	1	1	1	0	16
chr12	101319636	101320851	1	1	1	1	0	15
chr12	101338958	101340522	1	1	1	1	0	11
chr12	101352195	101353046	1	1	1	1	0	6
chr12	101362061	101363575	1	1	1	1	0	24
chr12	101363744	101365458	1	1	1	2	0	42
chr12	101383670	101385582	1	1	1	6	0	39
chr12	101385729	101385967	1	1	1	3	0	30
chr12	101395671	101396398	2	4	1	1	0	42
chr12	101726405	101728900	1	1	1	7	0	36
chr12	101765305	101766090	2	2	1	2	0	29
chr12	101768161	101770020	2	2	1	1	0	45
chr12	101788590	101789937	2	2	1	1	0	40
chr12	102074468	102075000	2	2	1	1	0	5
chr12	102076848	102077321	2	2	1	1	0	40
chr12	102148464	102150263	1	1	1	2	0	41
chr12	102165884	102195950	1	1	1	2	0	34
chr12	102182628	102195311	1	1	1	1	0	18
chr12	102195448	102195950	1	1	1	3	0	26
chr12	103793266	103793409	2	2	1	1	0	13
chr12	103930565	103931520	1	1	1	3	0	40
chr12	103931624	103932276	1	1	1	6	0	41
chr12	103931624	103932280	1	1	1	2	0	3
chr12	103932419	103932825	1	1	1	3	0	39
chr12	103932943	103933955	1	1	1	2	0	27
chr12	103934288	103937694	1	1	1	27	0	45
chr12	103937807	103938339	1	1	1	67	0	46
chr12	103938460	103939508	1	1	1	5	0	16
chr12	103939626	103941409	1	1	1	4	0	24
chr12	103941707	103941831	1	1	1	3	0	37
chr12	103941898	103942526	1	1	1	5	0	40
chr12	103942797	103943073	1	1	1	5	0	43
chr12	103943320	103943737	1	1	1	4	0	18
chr12	103943875	103946617	1	1	1	4	0	41
chr12	103946697	103946785	1	1	1	6	0	40
chr12	103946942	103947310	1	1	1	12	0	46
chr12	103947431	103947632	1	1	1	14	0	35
chr12	103948987	103949145	1	3	1	1	0	39
chr12	103966061	103976917	1	1	1	6	0	37
chr12	103977061	103979830	1	1	1	0	12	43
chr12	103980963	103982798	1	1	1	1	0	28
chr12	103983390	103984748	1	1	1	1	0	25
chr12	103984921	103985602	1	1	1	1	0	9
chr12	104112957	104115901	2	2	1	1	0	44
chr12	104123424	104126113	2	2	1	1	0	11
chr12	104126245	104128423	2	2	1	1	0	23
chr12	104287110	104288930	1	1	1	1	0	21
chr12	104287110	104311289	1	1	1	1	0	24
chr12	104315897	104318912	1	1	1	6	0	44
chr12	104319056	104319469	1	1	1	1	0	18
chr12	104321317	104325336	1	1	1	5	0	39
chr12	104327672	104331533	1	1	1	1	0	7
chr12	104986468	104988166	1	1	1	1	0	31
chr12	104988254	104991711	1	1	1	1	0	43
chr12	104991849	104994477	1	1	1	3	0	35
chr12	105052932	105058072	2	2	1	1	0	29
chr12	105157323	105160000	1	1	1	2	0	32
chr12	105164308	105164640	1	1	1	1	0	10
chr12	105217141	105217665	2	2	1	2	0	41
chr12	106342348	106343069	2	2	1	1	0	17
chr12	106376451	106378266	1	1	1	1	0	42
chr12	106437132	106437680	1	1	1	1	0	42
chr12	106774830	106783996	1	1	1	1	0	5
chr12	106851595	106860267	1	1	1	1	0	45
chr12	107688507	107688614	1	1	1	1	0	26
chr12	107693097	107696473	1	1	1	3	0	31
chr12	107696585	107697466	1	1	1	11	0	41
chr12	107704748	107708925	1	1	1	1	0	28
chr12	107710511	107712110	1	1	1	1	0	24
chr12	108530311	108531203	2	2	1	5	0	29
chr12	108531281	108532221	2	2	1	11	0	43
chr12	108532335	108535358	2	2	1	1	0	29
chr12	108537596	108538064	2	2	1	1	0	3
chr12	108538204	108538933	2	2	1	2	0	6
chr12	108564393	108565320	1	1	1	1	0	30
chr12	108567269	108568830	1	1	1	1	0	18
chr12	109088513	109092506	2	2	1	1	0	40
chr12	109171915	109172274	1	1	1	1	0	14
chr12	109488669	109489918	1	1	1	2	0	29
chr12	109524116	109524437	1	1	1	1	0	37
chr12	109904148	109904736	1	1	1	1	0	31
chr12	109976781	109977730	1	1	1	1	0	35
chr12	110135438	110136104	1	1	1	1	0	29
chr12	110135438	110136775	1	1	1	1	0	23
chr12	110163066	110180421	1	1	1	1	0	12
chr12	110205515	110205594	1	1	1	1	0	45
chr12	110326476	110327552	1	1	1	1	0	37
chr12	110344972	110345248	1	1	1	1	0	22
chr12	110435218	110436109	2	2	1	1	0	6
chr12	110436205	110436556	2	2	1	2	0	22
chr12	110436684	110437083	2	2	1	1	0	5
chr12	110437153	110440311	2	2	1	1	0	18
chr12	110445552	110450254	2	2	1	2	0	31
chr12	110453097	110453742	2	2	1	2	0	30
chr12	110455931	110457509	2	2	1	3	0	43
chr12	110457635	110459694	2	2	1	3	0	38
chr12	110486718	110487860	1	1	1	2	0	18
chr12	110492123	110492995	2	2	1	14	0	44
chr12	110647337	110649042	1	1	1	1	0	13
chr12	110722696	110724659	2	2	1	1	0	45
chr12	110730760	110731769	2	2	1	1	0	40
chr12	110936699	110938289	1	1	1	1	0	27
chr12	111470743	111485270	2	2	1	1	0	8
chr12	111485332	111485712	2	2	1	1	0	23
chr12	111509999	111510384	2	2	1	2	0	6
chr12	111525317	111552279	2	2	1	1	0	19
chr12	111886037	111888487	1	1	1	1	0	39
chr12	111890145	111892966	1	1	1	2	0	25
chr12	112039340	112040480	2	2	1	12	0	41
chr12	112040579	112042038	2	2	1	24	0	45
chr12	112042105	112043087	2	2	1	3	0	34
chr12	112074760	112075677	2	2	1	1	0	16
chr12	112088398	112102329	2	2	1	2	0	22
chr12	112283303	112306063	2	2	1	1	0	4
chr12	112405377	112405852	2	2	1	278	0	46
chr12	112406038	112406293	2	2	1	46	1	44
chr12	112406343	112406746	2	2	1	16	0	41
chr12	112406891	112408239	2	2	1	11	14	43
chr12	112408339	112408419	2	2	1	73	13	45
chr12	112408339	112410319	2	2	1	0	13	18
chr12	112408657	112409586	2	2	1	0	1	19
chr12	112446399	112450317	1	1	1	5	0	37
chr12	112454681	112455949	1	1	1	9	0	46
chr12	112456064	112472943	1	1	1	6	0	42
chr12	112473041	112477650	1	1	1	2	0	36
chr12	112477731	112477856	1	1	1	2	0	42
chr12	112486630	112488442	1	1	1	1	0	41
chr12	112489176	112502143	1	1	1	1	0	17
chr12	113163046	113163131	2	2	1	2	0	33
chr12	113436876	113437885	1	1	1	1	0	9
chr12	113761236	113767074	2	2	1	1	0	41
chr12	113958051	113959211	2	2	1	2	0	39
chr12	113960179	113962231	2	2	1	4	0	21
chr12	116019973	116022455	2	2	1	2	0	27
chr12	116779349	116833791	1	1	1	1	0	12
chr12	116949707	116964696	1	1	1	1	0	12
chr12	117158064	117165484	2	2	1	2	0	37
chr12	117165618	117166897	2	2	1	1	0	33
chr12	117186572	117189226	2	2	1	5	0	23
chr12	118034359	118034985	2	2	1	1	0	8
chr12	118139552	118144585	1	1	1	1	0	24
chr12	118151159	118152226	2	2	1	1	0	23
chr12	118376834	118380161	1	1	1	12	0	41
chr12	118380232	118384011	1	1	1	13	0	39
chr12	118383385	118384011	1	1	1	1	0	14
chr12	118384068	118386113	1	1	1	18	0	46
chr12	118386186	118389926	1	1	1	17	0	20
chr12	118389947	118391125	1	1	1	19	0	21
chr12	119712348	119712590	2	2	1	1	0	25
chr12	119767183	119770784	2	2	1	1	0	40
chr12	120127975	120129275	2	2	1	1	0	45
chr12	120129495	120130645	2	2	1	2	0	6
chr12	120170322	120173652	2	2	1	1	0	8
chr12	120196927	120198653	1	3	1	0	1	18
chr12	120196935	120197321	2	2	1	121	1	46
chr12	120197463	120198553	2	2	1	10	0	42
chr12	120198740	120198853	2	2	1	3	0	30
chr12	120199001	120199117	2	2	1	5	0	23
chr12	120199206	120199309	2	2	1	5	0	39
chr12	120199486	120200729	2	2	1	2	1	27
chr12	120438230	120438378	1	1	1	3	0	45
chr12	120438522	120440453	1	1	1	0	3	24
chr12	120446830	120457075	1	1	1	1	0	19
chr12	120457180	120459906	1	1	1	4	0	46
chr12	120496554	120498072	1	1	1	1	0	30
chr12	120557683	120560725	1	1	1	1	0	40
chr12	120563071	120563346	1	1	1	1	0	12
chr12	120575951	120576589	1	1	1	2	0	37
chr12	120695001	120695094	1	1	1	1	0	45
chr12	120695153	120696315	1	1	1	1	0	39
chr12	121005094	121006320	2	2	1	1	0	46
chr12	121318609	121319696	2	2	1	1	0	43
chr12	121346032	121346895	2	2	1	1	1	37
chr12	121398159	121410323	1	1	1	0	1	42
chr12	121417912	121420241	1	1	1	1	0	15
chr12	121420335	121420576	1	1	1	2	0	32
chr12	121426721	121427726	1	1	1	2	0	13
chr12	122022184	122030699	1	1	1	1	0	9
chr12	122264200	122266306	2	2	1	1	0	23
chr12	122328427	122332986	2	2	1	1	0	33
chr12	122333144	122334026	2	2	1	4	0	42
chr12	122334111	122334647	2	2	1	2	0	33
chr12	122349961	122350283	2	6	1	1	0	37
chr12	122483345	122483459	2	2	1	1	0	16
chr12	122511189	122515104	2	2	1	4	0	36
chr12	122513875	122515104	2	2	1	1	0	41
chr12	122515228	122517226	2	2	1	7	0	42
chr12	122519030	122521384	2	2	1	4	0	46
chr12	122521429	122522142	2	2	1	3	0	31
chr12	122522300	122526847	2	2	1	4	0	40
chr12	122547531	122547914	1	1	1	1	0	9
chr12	122547970	122549765	1	1	1	1	0	44
chr12	122602741	122602828	1	1	1	1	0	16
chr12	122620609	122621880	1	1	1	1	0	15
chr12	122622608	122624597	1	1	1	1	0	29
chr12	122624689	122626204	1	1	1	3	0	29
chr12	122753808	122762186	1	3	1	1	0	20
chr12	122762207	122762844	1	1	1	4	0	20
chr12	122762930	122765303	1	1	1	5	0	40
chr12	122765388	122767487	1	1	1	4	0	34
chr12	122767605	122768781	1	1	1	2	0	35
chr12	122772991	122773368	2	4	1	2	0	30
chr12	122981880	122981956	1	1	1	1	0	4
chr12	122982075	122982468	1	1	1	2	0	12
chr12	122982539	122982619	1	1	1	3	0	42
chr12	123155201	123155687	2	2	1	1	0	26
chr12	123194602	123198246	2	2	1	1	0	21
chr12	123253957	123256812	1	1	1	11	0	40
chr12	123254705	123256812	1	1	1	2	0	15
chr12	123261804	123265195	2	2	1	1	0	16
chr12	123309403	123309488	2	2	1	1	0	21
chr12	123309857	123311054	2	2	1	4	0	46
chr12	123320867	123321534	2	2	1	5	0	26
chr12	123321733	123323679	2	2	1	17	0	43
chr12	123323832	123325501	2	2	1	3	0	22
chr12	123328896	123330418	2	2	1	1	0	33
chr12	123341089	123345257	2	2	1	1	0	39
chr12	123580638	123581617	2	4	1	1	0	36
chr12	123615317	123616510	1	1	1	1	0	31
chr12	123618838	123619431	1	1	1	1	0	11
chr12	123626494	123627043	2	4	1	3	0	34
chr12	123630534	123632344	2	2	1	2	0	28
chr12	123659931	123660045	1	1	1	1	0	31
chr12	123756987	123757926	1	1	1	1	0	5
chr12	123763980	123764114	2	2	1	1	0	24
chr12	124398182	124400500	2	2	1	1	0	23
chr12	124402562	124419956	2	2	1	1	0	12
chr12	124420056	124422500	2	2	1	3	0	7
chr12	124429707	124430614	2	2	1	1	0	16
chr12	124437997	124449814	2	2	1	1	0	11
chr12	124795269	124800123	2	2	1	1	0	34
chr12	124911823	124912734	2	2	1	18	0	31
chr12	124913268	124913495	2	2	1	0	1	3
chr12	124965813	124966792	2	2	1	1	0	40
chr12	124986266	124988916	2	2	1	1	0	12
chr12	125076612	125086329	1	1	1	1	0	38
chr12	130872127	130872583	1	1	1	1	0	31
chr12	130872630	130872835	1	1	1	1	0	7
chr12	130873129	130874545	1	1	1	2	0	14
chr12	130874734	130875611	1	1	1	1	0	39
chr12	130875783	130875881	1	1	1	4	0	37
chr12	131714241	131714821	1	1	1	1	0	31
chr12	131719540	131725404	1	1	1	3	0	25
chr12	131766309	131778064	1	1	1	5	0	41
chr12	131932242	131943721	1	3	1	1	2	45
chr12	131941984	131943538	1	1	1	3	0	38
chr12	131987891	131989963	1	1	1	3	0	26
chr12	131990105	131990635	1	3	1	2	0	35
chr12	131990715	131991406	1	1	1	1	0	30
chr12	131991457	131992172	1	1	1	1	0	12
chr12	132038097	132043303	1	1	1	1	0	12
chr12	132152198	132152281	1	1	1	2	0	25
chr12	132668503	132668634	2	2	1	2	0	6
chr12	132715661	132737496	2	2	1	0	1	32
chr12	132776757	132776957	2	2	1	1	0	31
chr12	132791294	132795851	2	2	1	1	0	34
chr12	132807289	132807890	2	2	1	1	0	13
chr12	132927163	132933034	2	2	1	2	0	17
chr12	133041483	133047954	1	1	1	1	0	4
chr12	133048849	133054638	1	1	1	1	0	16
chr12	133048849	133056953	1	1	1	2	0	5
chr13	19201823	19204339	2	2	1	0	2	15
chr13	19642271	19646442	1	1	1	1	3	42
chr13	19647292	19648421	1	1	1	3	0	41
chr13	19648522	19650002	1	1	1	2	0	10
chr13	19670364	19670839	1	1	1	4	0	9
chr13	19677824	19730238	2	2	1	1	0	39
chr13	19703361	19705661	2	2	1	0	2	15
chr13	19730345	19741564	2	2	1	4	0	41
chr13	19741650	19751270	2	2	1	2	0	38
chr13	19759419	19772241	2	2	1	2	0	7
chr13	19825236	19835476	2	2	1	3	0	43
chr13	19842733	19843093	1	3	1	2	0	43
chr13	20052312	20058574	1	1	1	2	0	12
chr13	20067391	20082015	1	1	1	1	0	14
chr13	20597120	20598650	1	1	1	1	0	42
chr13	20783920	20786964	2	2	1	1	0	16
chr13	20783920	20790461	2	2	1	1	0	15
chr13	20796257	20796763	2	2	1	1	0	22
chr13	20855766	20862716	2	2	1	1	0	33
chr13	21146928	21147185	1	1	1	8	0	44
chr13	21155151	21155692	2	2	1	3	0	23
chr13	21155812	21157921	2	2	1	1	0	32
chr13	21379930	21381120	2	4	1	1	0	28
chr13	21493354	21495160	2	2	1	1	0	14
chr13	21496161	21502925	2	2	1	1	0	20
chr13	23353877	23354518	2	2	1	2	0	41
chr13	23358482	23365165	2	2	1	1	0	13
chr13	23730446	23756544	2	2	1	2	0	35
chr13	23756619	23760095	2	2	1	1	0	29
chr13	23879355	23881698	2	2	1	1	0	33
chr13	24249843	24251717	1	1	1	1	0	20
chr13	24251863	24278613	1	1	1	2	0	41
chr13	24899585	24903925	2	2	1	1	0	18
chr13	24904059	24905345	2	2	1	2	0	25
chr13	24910087	24911945	2	2	1	2	0	44
chr13	25251985	25253763	2	2	1	1	0	14
chr13	25266287	25267778	2	2	1	1	0	21
chr13	25315468	25319325	1	1	1	1	0	25
chr13	25319351	25320529	1	1	1	1	0	15
chr13	25338732	25339964	1	1	1	4	0	14
chr13	27075389	27089882	2	2	1	1	0	21
chr13	27095831	27105730	2	2	1	2	0	11
chr13	27253844	27254219	1	1	1	6	2	45
chr13	27254282	27255241	1	1	1	1	26	45
chr13	27255355	27256183	1	1	1	49	1	46
chr13	27256335	27256435	1	1	1	414	4	46
chr13	27424939	27427091	1	1	1	2	0	37
chr13	27427193	27429171	1	1	1	2	0	33
chr13	27427193	27429869	1	1	1	1	0	16
chr13	27429967	27430532	1	1	1	1	0	5
chr13	27434220	27434804	1	1	1	1	0	32
chr13	27435894	27437115	2	2	1	1	0	12
chr13	27437274	27439988	2	2	1	1	0	23
chr13	27440450	27445087	2	2	1	1	0	10
chr13	28197347	28220230	1	1	1	1	0	41
chr13	28327551	28329614	2	2	1	1	0	22
chr13	28458049	28458418	2	4	1	1	0	30
chr13	28659188	28662409	1	1	1	1	0	30
chr13	28662508	28664508	1	1	1	5	0	38
chr13	28664570	28668472	1	1	1	6	0	41
chr13	28668575	28672338	1	1	1	10	0	44
chr13	28672433	28678034	1	1	1	87	0	45
chr13	29767696	29772111	2	2	1	1	0	32
chr13	30255616	30280062	2	2	1	1	0	7
chr13	30461534	30462537	2	2	1	0	8	41
chr13	30462713	30463206	2	2	1	68	0	45
chr13	30463353	30463530	2	2	1	28	1	46
chr13	30463695	30465795	2	2	1	0	10	45
chr13	30613892	30614124	2	2	1	1	0	13
chr13	31137525	31138406	2	2	1	3	0	19
chr13	31138569	31138780	2	2	1	9	0	37
chr13	31140310	31141121	2	2	1	3	0	32
chr13	31141260	31143791	2	2	1	12	0	30
chr13	31141260	31145562	2	2	1	1	0	17
chr13	31143924	31145562	2	2	1	9	0	44
chr13	31148093	31148373	2	2	1	2	0	39
chr13	31151743	31152851	2	2	1	1	0	7
chr13	31155655	31158805	2	2	1	1	0	41
chr13	31158864	31161475	2	2	1	1	0	32
chr13	31305365	31343597	2	2	1	1	0	13
chr13	31912349	31913427	1	5	1	1	0	19
chr13	32316528	32319076	1	1	1	2	0	45
chr13	32363534	32370401	1	1	1	2	0	39
chr13	32376792	32379316	1	1	1	1	0	43
chr13	32444127	32480589	2	2	1	1	0	34
chr13	32746101	32753331	1	1	1	1	0	37
chr13	32755957	32758086	1	1	1	2	0	14
chr13	32759691	32760574	1	1	1	1	0	30
chr13	32770561	32770650	1	1	1	1	0	43
chr13	32770561	32770653	1	1	1	1	0	33
chr13	33818266	33821131	1	1	1	2	0	40
chr13	35118475	35123481	1	1	1	1	0	20
chr13	35156207	35157077	1	1	1	4	0	29
chr13	35173595	35176995	1	1	1	1	0	8
chr13	35177104	35182359	1	1	1	1	0	29
chr13	35182529	35183975	1	1	1	4	0	35
chr13	35184072	35195863	1	1	1	1	0	8
chr13	35793480	35805698	2	2	1	1	0	3
chr13	35805780	35808223	2	2	1	1	0	8
chr13	35836142	35839091	2	2	1	1	0	27
chr13	35947458	36111868	2	2	1	1	0	8
chr13	36283510	36283591	2	2	1	1	0	28
chr13	36845917	36846122	1	1	1	1	0	38
chr13	36950058	36952513	2	2	1	1	0	15
chr13	36993673	36994988	2	2	1	1	0	13
chr13	36995036	36995424	2	2	1	1	0	32
chr13	37004562	37005919	1	1	1	1	0	11
chr13	37006026	37006114	1	1	1	2	0	14
chr13	37006161	37006974	1	1	1	2	0	43
chr13	37008178	37008728	1	1	1	2	0	25
chr13	37008836	37009183	1	3	1	17	0	38
chr13	37031896	37033448	2	2	1	2	0	43
chr13	37044182	37045246	2	2	1	1	0	18
chr13	37047937	37048563	2	2	1	1	0	10
chr13	37048600	37051487	2	2	1	1	0	36
chr13	38354297	38358092	1	1	1	3	0	32
chr13	38358133	38359300	1	1	1	6	0	33
chr13	38359334	38360710	1	1	1	6	0	33
chr13	40559035	40559508	2	2	1	16	0	45
chr13	40652374	40652562	2	2	1	0	1	24
chr13	40729602	40749137	2	2	1	3	0	16
chr13	40757014	40758947	2	2	1	2	0	42
chr13	40767034	40770984	2	2	1	5	0	32
chr13	41061676	41062643	1	1	1	1	0	38
chr13	41062717	41065015	1	1	1	1	0	36
chr13	41065079	41065163	1	1	1	8	0	40
chr13	41065288	41068560	1	1	1	8	0	46
chr13	41072858	41076043	1	1	1	1	0	11
chr13	41076238	41080645	1	1	1	1	0	33
chr13	41080810	41082703	1	1	1	1	0	41
chr13	41099726	41115100	2	2	1	0	1	37
chr13	41234008	41240260	2	2	1	1	0	24
chr13	41311583	41316845	1	1	1	1	0	31
chr13	41316931	41318805	1	1	1	1	0	34
chr13	41362874	41367438	1	1	1	1	0	38
chr13	41367653	41369089	1	1	1	7	0	43
chr13	41568306	41570467	2	2	1	1	0	46
chr13	41590766	41605167	2	2	1	1	0	22
chr13	41721576	41727193	2	2	1	0	1	5
chr13	41811341	41816697	2	2	1	2	0	40
chr13	43065738	43068929	1	1	1	1	0	46
chr13	44436096	44573162	2	2	1	1	0	23
chr13	44943675	44949721	2	2	1	1	0	18
chr13	44965937	44979189	2	2	1	1	0	34
chr13	44979953	44980721	2	2	1	2	0	38
chr13	44982155	44989024	2	2	1	3	0	33
chr13	44989743	45004304	1	1	1	1	0	5
chr13	45006304	45008794	1	1	1	1	0	10
chr13	45015084	45015431	1	1	1	2	0	34
chr13	45028004	45029238	1	1	1	1	0	14
chr13	45149789	45151686	1	1	1	3	0	17
chr13	45151832	45207423	1	1	1	6	0	29
chr13	45207506	45252870	1	1	1	8	0	38
chr13	45337389	45338659	2	2	1	87	0	45
chr13	45338777	45339496	2	2	1	9	0	43
chr13	45339603	45339993	2	2	1	7	0	39
chr13	45340185	45340711	2	2	1	4	0	26
chr13	45340786	45341041	2	2	1	2	0	31
chr13	45377216	45378529	1	1	1	0	1	10
chr13	45377216	45379194	1	1	1	0	1	10
chr13	45377216	45383090	1	1	1	0	1	10
chr13	45378672	45379194	1	1	1	0	1	15
chr13	45379336	45383090	1	1	1	0	1	15
chr13	45380002	45383090	1	1	1	0	1	15
chr13	45383236	45383759	1	1	1	0	1	15
chr13	45968029	45968747	2	2	1	1	0	30
chr13	45970466	45975282	2	2	1	5	0	43
chr13	46003337	46010347	2	2	1	8	0	43
chr13	46010506	46011414	2	2	1	5	0	41
chr13	46011555	46020448	2	2	1	4	0	39
chr13	46020558	46042163	2	2	1	3	0	35
chr13	46042276	46044954	2	2	1	1	0	40
chr13	46712598	46723220	1	1	1	1	0	45
chr13	46771497	46777455	2	4	1	11	0	45
chr13	47949029	47949482	2	2	1	1	0	40
chr13	47954558	47968594	2	2	1	2	0	20
chr13	47973393	47988540	2	2	1	1	0	18
chr13	47988982	47996842	2	2	1	2	0	9
chr13	48037905	48040919	1	1	1	2	0	13
chr13	48077312	48079843	2	2	1	1	0	26
chr13	48079976	48081644	2	2	1	1	0	6
chr13	48083429	48086281	2	2	1	1	0	31
chr13	48086453	48090351	2	2	1	1	0	29
chr13	48090419	48094953	2	2	1	1	0	42
chr13	48253937	48256176	1	1	1	6	0	44
chr13	48256384	48258125	1	1	1	1	0	24
chr13	48258237	48258796	1	1	1	1	0	7
chr13	48258948	48261138	1	1	1	2	0	40
chr13	48302493	48303485	2	2	1	1	0	40
chr13	49131375	49136331	1	1	1	2	0	36
chr13	49701899	49702385	2	2	1	1	0	13
chr13	49709701	49710890	2	2	1	1	0	12
chr13	50044769	50049583	2	2	1	1	0	12
chr13	50943395	50945426	1	1	1	1	0	32
chr13	50945533	50947986	1	1	1	1	0	18
chr13	50948069	50949462	1	1	1	3	0	37
chr13	50949506	50953904	1	1	1	2	0	12
chr13	50953986	50956357	1	1	1	7	0	42
chr13	51170463	51175948	1	1	1	1	0	8
chr13	51175410	51175978	2	4	1	1	0	29
chr13	51758301	51759739	1	1	1	3	0	46
chr13	51791258	51797825	2	2	1	1	0	42
chr13	52012463	52018912	1	1	1	2	0	18
chr13	52135864	52136115	2	2	1	1	0	31
chr13	52143988	52144690	2	2	1	1	0	13
chr13	52434883	52436289	2	2	1	2	0	44
chr13	52436405	52439097	2	2	1	1	0	7
chr13	52455627	52456522	1	1	1	1	0	40
chr13	52456608	52460898	1	1	1	5	0	42
chr13	52456608	52461057	1	1	1	1	0	31
chr13	52461927	52462362	1	1	1	1	0	41
chr13	52462568	52465294	1	1	1	1	0	17
chr13	52465466	52468277	1	1	1	1	0	17
chr13	52474085	52474894	1	1	1	1	0	9
chr13	52652959	52653045	1	1	1	1	0	8
chr13	52657623	52658398	1	1	1	4	0	38
chr13	52665734	52666811	1	1	1	1	0	15
chr13	52666920	52676229	1	1	1	9	0	37
chr13	52676321	52679973	1	1	1	5	0	44
chr13	52680156	52687733	1	1	1	24	0	45
chr13	54440703	54440788	2	4	1	0	1	17
chr13	54440803	54440914	2	2	1	0	1	19
chr13	56258582	56291311	2	2	1	1	0	6
chr13	59833272	59839323	2	6	1	2	0	28
chr13	59970059	59970851	2	2	1	3	0	17
chr13	60010670	60015912	2	2	1	1	0	23
chr13	60016146	60042689	2	2	1	1	0	3
chr13	60112187	60132956	2	2	1	2	0	16
chr13	60112187	60163586	2	2	1	2	0	24
chr13	60567651	60573612	1	1	1	0	1	4
chr13	60567651	60573615	1	1	1	1	0	14
chr13	70897029	70900868	1	1	1	1	0	46
chr13	71489149	71557023	2	2	1	1	0	20
chr13	72753822	72755150	1	1	1	1	0	30
chr13	72763608	72765971	2	2	1	1	0	13
chr13	72770989	72771080	2	2	1	1	0	21
chr13	72771897	72772158	2	2	1	1	0	44
chr13	72778381	72780845	2	2	1	1	0	29
chr13	72783722	72792446	1	1	1	1	0	38
chr13	72827119	72827732	1	1	1	1	0	13
chr13	72854156	72893783	1	1	1	1	0	22
chr13	72998996	73015868	1	1	1	1	0	45
chr13	75306472	75309941	2	2	1	1	0	25
chr13	75310152	75312737	2	2	1	6	0	46
chr13	75526640	75530113	2	2	1	8	0	45
chr13	75549863	75549975	1	1	1	5	0	12
chr13	75549988	75560752	1	1	1	3	0	12
chr13	75560882	75566694	1	1	1	4	0	31
chr13	75567313	75569459	1	1	1	2	0	32
chr13	75569508	75594914	1	1	1	3	0	19
chr13	75594991	75604768	1	1	1	1	0	43
chr13	75604828	75605728	1	1	1	11	0	39
chr13	75804542	75817160	1	1	1	2	0	22
chr13	75817279	75819392	1	1	1	1	0	8
chr13	75835340	75836396	1	1	1	1	0	28
chr13	77761111	77763144	1	1	1	1	0	25
chr13	77898335	77899858	2	2	1	1	0	3
chr13	79341228	79342663	2	2	1	1	0	28
chr13	79342832	79344247	2	2	1	2	0	11
chr13	79344323	79344668	2	2	1	2	0	36
chr13	79344795	79354438	2	2	1	3	0	45
chr13	79358434	79359574	2	2	1	4	0	46
chr13	79377516	79378788	2	2	1	4	0	28
chr13	80183815	80189834	2	2	1	0	1	38
chr13	94576412	94577370	2	2	1	3	0	8
chr13	94577430	94578004	2	2	1	3	0	27
chr13	94590944	94592240	2	2	1	1	0	24
chr13	95186893	95188452	2	2	1	1	0	29
chr13	95577339	95577899	1	1	1	1	0	10
chr13	95586137	95587538	2	2	1	2	0	34
chr13	95594087	95599364	2	2	1	1	0	29
chr13	95599425	95606002	2	2	1	2	0	24
chr13	95606060	95609456	2	2	1	4	0	37
chr13	95609514	95611444	2	2	1	2	0	30
chr13	95630114	95633233	2	2	1	3	0	38
chr13	95763749	95763832	1	1	1	2	0	28
chr13	95763954	95785938	1	1	1	1	0	34
chr13	95786072	95787006	1	1	1	1	0	43
chr13	95860884	95863628	2	2	1	1	0	11
chr13	95867424	95877278	2	2	1	2	0	42
chr13	95877365	95877697	2	2	1	1	0	14
chr13	95887972	95890861	2	2	1	1	0	32
chr13	95985338	95986332	2	2	1	1	0	31
chr13	97177262	97180664	2	2	1	0	1	43
chr13	97990223	97990432	1	1	1	1	0	38
chr13	98003038	98006129	1	1	1	1	0	36
chr13	98006349	98008058	1	1	1	3	0	36
chr13	98008143	98009880	1	1	1	1	0	20
chr13	98010014	98010102	1	1	1	1	0	31
chr13	98010225	98012245	1	1	1	1	0	20
chr13	98012343	98014041	1	5	1	1	0	32
chr13	98014215	98015529	1	1	1	5	0	42
chr13	98019810	98020991	1	1	1	2	0	33
chr13	98021134	98021735	1	1	1	6	0	43
chr13	98368196	98377820	1	1	1	2	0	21
chr13	98446818	98448235	1	1	1	4	0	38
chr13	99517682	99520035	1	1	1	5	0	25
chr13	99555648	99559362	1	1	1	1	0	7
chr13	99559535	99562690	1	1	1	7	0	45
chr13	99891438	99892442	1	1	1	1	0	8
chr13	100155093	100157286	1	1	1	1	0	30
chr13	100368575	100425632	1	1	1	1	0	18
chr13	100635196	100636531	2	2	1	1	0	31
chr13	102604922	102614100	1	1	1	1	0	29
chr13	102614197	102616395	1	1	1	1	0	42
chr13	102646391	102647206	1	1	1	3	0	10
chr13	102649152	102649407	1	1	1	3	0	37
chr13	102649487	102651358	1	1	1	1	0	38
chr13	102649487	102657055	1	1	1	4	0	18
chr13	102651398	102657055	1	1	1	1	0	15
chr13	102674491	102676295	1	1	1	10	0	44
chr13	102676416	102678226	1	1	1	3	0	32
chr13	102866846	102868112	1	1	1	1	0	5
chr13	102868258	102872197	1	1	1	1	0	34
chr13	106544161	106557047	2	2	1	8	0	43
chr13	106557132	106559431	2	2	1	2	0	41
chr13	106559658	106567572	2	2	1	3	0	44
chr13	110208891	110209391	2	2	1	1	0	10
chr13	110209428	110209979	2	2	1	1	0	36
chr13	110439834	110445828	1	1	1	1	0	4
chr13	110445883	110446797	1	1	1	1	0	34
chr13	110482660	110484904	1	1	1	1	0	7
chr13	110641609	110642314	2	2	1	7	0	42
chr13	110667474	110676973	2	2	1	1	0	21
chr13	111303092	111303264	2	4	1	1	0	38
chr13	111339933	111342755	1	1	1	1	0	8
chr13	112555006	112556051	2	2	1	1	0	11
chr13	113180232	113181129	2	2	1	1	0	10
chr13	113181231	113184345	2	2	1	1	0	23
chr13	113190976	113195070	2	2	1	1	0	17
chr13	113195126	113196180	2	2	1	1	0	17
chr13	113197244	113198190	2	2	1	1	0	32
chr13	113210089	113210747	1	1	1	1	0	35
chr13	113219063	113219164	1	1	1	2	0	29
chr13	113243161	113244409	1	1	1	2	0	37
chr13	113253196	113254692	1	1	1	1	0	36
chr13	113319657	113320344	1	1	1	1	0	35
chr13	113321471	113321556	1	1	1	1	0	39
chr13	113355482	113363761	2	2	1	1	0	29
chr13	113500150	113501751	1	1	1	1	0	28
chr13	113821019	113821957	2	2	1	1	0	42
chr13	114235133	114236798	1	1	1	1	0	35
chr13	114250063	114250366	2	4	1	1	0	32
chr13	114272482	114272563	1	1	1	16	0	43
chr13	114282944	114286301	1	1	1	1	0	26
chr13	114282944	114286518	1	1	1	0	2	19
chr13	114286630	114291488	1	1	1	1	6	46
chr13	114286630	114291600	1	1	1	1	0	23
chr13	114291545	114291633	1	1	1	4	0	46
chr14	20313802	20316226	2	2	1	2	0	37
chr14	20350623	20351046	1	1	1	3	0	38
chr14	20351123	20352244	1	1	1	1	0	43
chr14	20352348	20354084	1	1	1	1	0	39
chr14	20447280	20447421	2	2	1	1	0	36
chr14	20455395	20455577	1	1	1	1	0	44
chr14	20994064	20994542	1	1	1	1	0	24
chr14	20996293	20996526	1	1	1	2	0	44
chr14	20996712	20996784	1	1	1	3	0	21
chr14	21211307	21211405	2	2	1	2	0	43
chr14	21211567	21211809	2	2	1	6	0	34
chr14	21211924	21212959	2	2	1	26	0	45
chr14	21213118	21230318	2	2	1	7	0	35
chr14	21230367	21230996	2	2	1	7	0	37
chr14	21231073	21233952	2	2	1	1	3	37
chr14	21234230	21269297	2	2	1	1	0	41
chr14	21352819	21353487	2	2	1	4	0	42
chr14	21353566	21353702	2	2	1	1	0	20
chr14	21353833	21354410	2	2	1	7	0	43
chr14	21354541	21357196	2	2	1	1	0	44
chr14	21357367	21357926	2	2	1	1	0	16
chr14	21361214	21362196	2	2	1	4	0	42
chr14	21362948	21363033	2	2	1	1	0	44
chr14	21363329	21363437	2	2	1	15	0	44
chr14	21363504	21364826	2	2	1	15	0	46
chr14	21364940	21365069	2	2	1	6	0	40
chr14	21365144	21366438	2	2	1	12	0	46
chr14	21366530	21368268	2	2	1	10	0	45
chr14	21368442	21369203	2	2	1	1	0	11
chr14	21369356	21369749	2	2	1	1	0	34
chr14	21369897	21370335	2	2	1	1	0	26
chr14	21370489	21371873	2	2	1	3	0	46
chr14	21372045	21372468	2	2	1	1	0	36
chr14	21372045	21373337	2	2	1	21	0	43
chr14	21386177	21390946	2	2	1	1	0	46
chr14	21391064	21391462	2	2	1	1	0	35
chr14	21393255	21393475	2	2	1	1	0	28
chr14	21405465	21405720	2	2	1	1	0	28
chr14	21414419	21414937	2	2	1	1	0	40
chr14	21415908	21426127	2	2	1	2	0	8
chr14	21426243	21427868	2	2	1	4	0	43
chr14	21428255	21428963	2	2	1	1	0	25
chr14	21488851	21489172	1	1	1	1	0	41
chr14	21498370	21499024	2	2	1	6	0	42
chr14	21501130	21501727	2	2	1	1	0	10
chr14	22565138	22575058	2	2	1	8	0	38
chr14	22575234	22588946	2	2	1	2	0	9
chr14	22830255	22833417	1	1	1	4	0	35
chr14	22833483	22834171	1	1	1	14	0	46
chr14	22833490	22834171	1	1	1	2	0	42
chr14	22911404	22918998	2	2	1	1	0	15
chr14	22920732	22920839	2	2	1	2	0	45
chr14	22922241	22922442	2	2	1	1	0	14
chr14	23016636	23033367	2	2	1	1	0	33
chr14	23026376	23027744	2	2	1	1	0	11
chr14	23026376	23033367	2	2	1	2	0	15
chr14	23033675	23034683	2	2	1	1	0	15
chr14	23061185	23061297	2	2	1	2	0	45
chr14	23064258	23064354	2	2	1	1	0	40
chr14	23090102	23090521	2	2	1	1	0	13
chr14	23090634	23093478	2	2	1	4	0	29
chr14	23131558	23137920	2	2	1	1	0	9
chr14	23321732	23324206	2	2	1	1	0	30
chr14	23323067	23323376	1	1	1	3	0	15
chr14	23323484	23323964	1	1	1	3	0	46
chr14	23324053	23324137	1	1	1	18	0	39
chr14	23324290	23325246	1	1	1	79	1	46
chr14	23471686	23472059	2	4	1	2	0	40
chr14	23475309	23475557	1	1	1	2	0	16
chr14	23475643	23475725	1	1	1	2	0	45
chr14	23477357	23477502	1	1	1	2	0	36
chr14	23477561	23478006	1	1	1	14	0	46
chr14	23503002	23508701	2	4	1	1	0	32
chr14	23542787	23544158	1	1	1	1	0	28
chr14	23560037	23560254	2	2	1	1	0	21
chr14	23965833	23965931	1	1	1	0	1	12
chr14	23965984	23966282	1	1	1	0	1	24
chr14	24000934	24001032	1	1	1	0	1	12
chr14	24001085	24001383	1	1	1	0	1	24
chr14	24102891	24103159	1	1	1	1	0	37
chr14	24123831	24123863	1	1	1	3	0	27
chr14	24137018	24137142	1	1	1	1	0	25
chr14	24137206	24137320	1	1	1	1	0	4
chr14	24137798	24138048	1	1	1	1	0	20
chr14	24138561	24138735	1	1	1	1	0	36
chr14	24139197	24139359	2	2	1	1	0	10
chr14	24143467	24143584	2	2	1	1	0	33
chr14	24143490	24143584	2	2	1	42	1	46
chr14	24143672	24143974	2	2	1	4	0	39
chr14	24144030	24144191	2	2	1	1	0	29
chr14	24144469	24145057	2	2	1	1	0	23
chr14	24145466	24145709	2	2	1	2	0	16
chr14	24145773	24146207	2	2	1	1	0	13
chr14	24151993	24155156	1	1	1	2	0	43
chr14	24158012	24158141	1	1	1	1	0	24
chr14	24158200	24159863	1	1	1	1	0	10
chr14	24160408	24160519	1	1	1	3	0	29
chr14	24179727	24179799	1	1	1	1	0	8
chr14	24184110	24184297	2	2	1	1	0	25
chr14	24209936	24210347	2	2	1	1	0	41
chr14	24211593	24211679	2	2	1	2	0	21
chr14	24218216	24218383	2	2	1	2	0	25
chr14	24218432	24232249	2	2	1	3	0	37
chr14	24443113	24444283	1	1	1	1	0	40
chr14	24812733	24819036	2	2	1	1	0	17
chr14	30559273	30581075	1	1	1	2	0	41
chr14	30573088	30577112	2	4	1	3	2	31
chr14	30581117	30586717	1	1	1	2	0	24
chr14	30601895	30601998	1	1	1	3	0	44
chr14	30602132	30605504	1	1	1	2	0	42
chr14	30653589	30670255	1	1	1	2	0	42
chr14	30673348	30673923	1	1	1	4	0	40
chr14	30673998	30674983	1	1	1	3	0	38
chr14	30705886	30707989	1	1	1	1	0	21
chr14	30715978	30719324	1	1	1	1	0	7
chr14	30719378	30721883	1	1	1	1	0	32
chr14	30721918	30722493	1	1	1	2	0	15
chr14	30722560	30734789	1	1	1	5	0	43
chr14	30734859	30735585	1	1	1	3	0	24
chr14	30935305	30936494	2	2	1	1	0	17
chr14	30947264	30950862	2	2	1	2	0	44
chr14	30950945	30955619	2	2	1	1	0	11
chr14	31112544	31113103	2	2	1	1	0	36
chr14	31113190	31113276	2	2	1	2	0	43
chr14	31116459	31119709	2	2	1	1	0	4
chr14	31119867	31121382	2	2	1	1	0	31
chr14	31121506	31122913	2	2	1	1	0	29
chr14	31135616	31136530	2	2	1	1	0	12
chr14	31149161	31149998	2	2	1	1	0	12
chr14	31157011	31157164	2	2	1	1	0	27
chr14	31168473	31169353	2	2	1	1	0	13
chr14	31169469	31171860	2	2	1	8	0	43
chr14	31323805	31326162	2	2	1	3	0	39
chr14	34516587	34524696	2	2	1	1	0	25
chr14	34533540	34536093	2	2	1	4	0	39
chr14	34536276	34539554	2	2	1	3	0	32
chr14	34570183	34570359	2	4	1	1	0	30
chr14	34575843	34581560	2	2	1	1	0	40
chr14	34586306	34593044	2	2	1	1	0	37
chr14	34593151	34597549	2	2	1	3	0	43
chr14	34597646	34603347	2	2	1	2	0	11
chr14	34603472	34605595	2	2	1	8	0	45
chr14	34605718	34608029	2	2	1	1	0	43
chr14	34605718	34609637	2	2	1	1	0	44
chr14	34780311	34783118	2	2	1	1	0	14
chr14	34783928	34785776	2	2	1	1	0	4
chr14	34800391	34801093	2	2	1	10	0	46
chr14	34801194	34802853	2	2	1	6	0	39
chr14	34802989	34807450	2	2	1	1	0	37
chr14	34996788	34999557	1	1	1	2	0	45
chr14	35007388	35008626	1	1	1	5	0	30
chr14	35008832	35011508	1	1	1	1	0	33
chr14	35018766	35018965	1	1	1	1	0	32
chr14	35028184	35029060	1	1	1	1	0	28
chr14	35046629	35053277	1	1	1	1	0	27
chr14	35053452	35077149	1	1	1	3	0	9
chr14	35077217	35078926	1	1	1	5	0	45
chr14	35122102	35122221	2	2	1	1	0	19
chr14	35310896	35312880	1	1	1	6	0	43
chr14	35313060	35314360	1	1	1	2	0	38
chr14	35314456	35317248	1	1	1	17	1	45
chr14	35402061	35402393	2	2	1	1	0	5
chr14	35595790	35605585	2	2	1	1	0	6
chr14	35723265	35725023	2	4	1	0	1	27
chr14	35834924	35862589	1	1	1	1	0	23
chr14	37369625	37422854	1	1	1	1	0	27
chr14	37422950	37423524	1	1	1	1	0	7
chr14	38199512	38202781	1	1	1	1	0	39
chr14	39114476	39114828	1	1	1	1	0	36
chr14	39151840	39154210	2	2	1	1	0	8
chr14	39176596	39177411	1	1	1	1	0	8
chr14	39177485	39177592	1	1	1	2	0	11
chr14	39177688	39177840	1	1	1	3	0	33
chr14	39177917	39179090	1	1	1	2	0	44
chr14	39179247	39179323	1	1	1	4	0	45
chr14	39179463	39180502	1	1	1	5	0	40
chr14	39302250	39303477	1	1	1	1	0	35
chr14	39303525	39304290	1	1	1	1	0	10
chr14	39304382	39308448	1	1	1	2	0	38
chr14	45004367	45006007	1	1	1	1	0	10
chr14	45096229	45096886	1	1	1	1	0	12
chr14	45102697	45107450	1	1	1	1	0	16
chr14	45107617	45108414	1	1	1	1	0	13
chr14	45114615	45114856	1	1	1	1	0	13
chr14	45116253	45118027	2	2	1	6	0	41
chr14	45120955	45121484	2	2	1	6	0	21
chr14	45121621	45129793	2	2	1	15	0	44
chr14	45129902	45130698	2	2	1	11	0	43
chr14	45130801	45134348	2	2	1	2	0	28
chr14	45181706	45183773	1	1	1	1	0	25
chr14	45210529	45217018	2	2	1	1	0	42
chr14	45226837	45227662	2	2	1	3	0	43
chr14	45227815	45231140	2	2	1	10	0	43
chr14	45231299	45232732	2	2	1	2	0	29
chr14	45232821	45235813	2	2	1	3	0	35
chr14	49583676	49585949	2	2	1	302	19	46
chr14	49586050	49586284	2	2	1	69	0	44
chr14	49619141	49620561	2	2	1	3	0	39
chr14	49626049	49628011	2	2	1	2	0	21
chr14	49628156	49633286	2	2	1	1	0	39
chr14	49643671	49647292	2	2	1	3	0	28
chr14	49647361	49650264	2	2	1	2	0	26
chr14	49651378	49653989	2	2	1	1	0	7
chr14	49784714	49784924	2	2	1	1	0	21
chr14	49785005	49785091	2	2	1	4	0	5
chr14	49785136	49785219	2	2	1	4	0	43
chr14	49789574	49795790	2	2	1	3	0	15
chr14	49795945	49796232	2	2	1	2	0	28
chr14	49795945	49799474	2	2	1	7	0	40
chr14	49799525	49799635	2	2	1	2	0	23
chr14	49825956	49828290	2	2	1	1	0	10
chr14	49828355	49828615	2	2	1	1	0	18
chr14	49828788	49829053	2	2	1	3	0	39
chr14	49828808	49829053	2	2	1	11	0	44
chr14	49832127	49832206	2	2	1	1	0	9
chr14	49832278	49833422	2	2	1	2	0	41
chr14	49833497	49834362	2	2	1	2	0	28
chr14	49834450	49838138	2	2	1	2	0	4
chr14	49838207	49840717	2	2	1	3	0	20
chr14	49838699	49839191	2	4	1	1	0	30
chr14	50114405	50115838	2	2	1	1	0	34
chr14	50160087	50161481	2	2	1	1	0	7
chr14	50278555	50283870	2	2	1	2	0	20
chr14	50294247	50302016	2	2	1	1	0	36
chr14	50322720	50323944	1	1	1	2	0	34
chr14	50420107	50423120	2	2	1	1	0	38
chr14	50464134	50466582	2	2	1	2	0	38
chr14	50466646	50468650	2	2	1	4	0	38
chr14	50665620	50667873	2	2	1	1	0	12
chr14	50752734	50754562	2	2	1	1	0	33
chr14	50754868	50756491	2	2	1	2	0	19
chr14	50801067	50801368	1	3	1	1	0	38
chr14	50905557	50908270	2	2	1	1	0	4
chr14	51249570	51249692	1	1	1	1	0	35
chr14	51249766	51254340	1	1	1	3	0	32
chr14	51989701	51991316	1	1	1	1	0	20
chr14	51993823	51998493	1	1	1	2	0	21
chr14	51998581	51999707	1	1	1	1	0	5
chr14	52001867	52004193	1	1	1	3	0	43
chr14	52004243	52004361	1	1	1	2	0	31
chr14	52542454	52543397	2	2	1	3	0	28
chr14	52544372	52552315	2	2	1	2	0	26
chr14	52666496	52671629	2	2	1	1	0	17
chr14	52711525	52713880	1	1	1	0	1	24
chr14	52718353	52718976	1	1	1	1	1	31
chr14	52721191	52723964	1	1	1	2	0	28
chr14	52724037	52727498	1	1	1	4	0	45
chr14	52757925	52759681	1	1	1	2	0	33
chr14	52759755	52768839	1	1	1	1	0	15
chr14	52768934	52771032	1	1	1	5	0	44
chr14	52778459	52780678	2	2	1	1	0	23
chr14	52860466	52861013	2	2	1	1	0	11
chr14	52864854	52872798	2	2	1	2	0	28
chr14	52872924	52874176	2	2	1	1	0	28
chr14	52874227	52875222	2	2	1	1	0	11
chr14	52893428	52919122	2	2	1	6	0	36
chr14	52919357	52950411	2	2	1	1	0	5
chr14	53091933	53093315	2	2	1	3	0	43
chr14	54399977	54401523	1	1	1	1	0	13
chr14	54417952	54419991	1	1	1	6	0	32
chr14	54417952	54420047	1	1	1	2	2	32
chr14	54427842	54430260	2	2	1	1	0	43
chr14	54432221	54436368	2	2	1	1	0	20
chr14	54436438	54441246	2	2	1	1	0	3
chr14	54522594	54530048	1	1	1	1	0	25
chr14	54941691	54944331	2	2	1	1	0	6
chr14	54944471	54955560	2	2	1	1	0	9
chr14	54955695	54957033	2	2	1	3	0	36
chr14	54957205	54957591	2	2	1	3	0	24
chr14	54957636	54962497	2	2	1	1	0	24
chr14	54963173	54966474	2	2	1	4	0	39
chr14	54991401	54995602	2	2	1	2	0	41
chr14	55031992	55042951	1	1	1	1	0	8
chr14	55063326	55064615	1	1	1	2	0	40
chr14	55148474	55148593	2	2	1	1	0	6
chr14	55148474	55150798	2	2	1	1	0	37
chr14	55150849	55151694	2	2	1	1	0	5
chr14	55151942	55152589	2	2	1	3	0	21
chr14	55152648	55154616	2	2	1	3	0	35
chr14	55163076	55169398	2	2	1	3	0	36
chr14	55175473	55175893	2	2	1	1	0	30
chr14	55176019	55177061	2	2	1	1	0	10
chr14	55180779	55181212	2	2	1	1	0	13
chr14	55181298	55182369	2	2	1	3	0	30
chr14	55182433	55183559	2	2	1	1	0	24
chr14	55183754	55188941	2	2	1	1	0	18
chr14	55390993	55395939	2	2	1	2	0	7
chr14	55395983	55397371	2	2	1	2	0	43
chr14	55397435	55411601	2	2	1	2	0	35
chr14	55580355	55612018	1	1	1	12	0	32
chr14	55612572	55616516	1	1	1	1	0	40
chr14	55616655	55617963	1	1	1	2	0	32
chr14	55619313	55627911	1	1	1	5	0	40
chr14	55628029	55629956	1	1	1	2	0	26
chr14	55630098	55633234	1	1	1	1	0	16
chr14	55633342	55634525	1	1	1	1	0	5
chr14	55634659	55636448	1	1	1	3	0	44
chr14	55636537	55637197	1	1	1	2	0	40
chr14	55637365	55637778	1	1	1	2	0	20
chr14	55637848	55639184	1	1	1	2	0	38
chr14	55639223	55639912	1	1	1	3	0	7
chr14	55640004	55640373	1	1	1	2	0	33
chr14	55640443	55640932	1	1	1	3	0	38
chr14	55640971	55641126	1	1	1	4	0	29
chr14	55641209	55641691	1	1	1	4	0	40
chr14	55641761	55646972	1	1	1	1	0	12
chr14	55648116	55648801	1	1	1	2	0	43
chr14	55648871	55649775	1	1	1	4	0	38
chr14	55649814	55650327	1	1	1	7	0	38
chr14	55650419	55650568	1	1	1	4	0	31
chr14	55650638	55651889	1	1	1	2	0	21
chr14	55651928	55652849	1	1	1	3	0	33
chr14	55652941	55653016	1	1	1	5	0	43
chr14	55653086	55653558	1	1	1	4	0	38
chr14	55653597	55656041	1	1	1	3	0	32
chr14	55656133	55658545	1	1	1	2	0	38
chr14	55658615	55659665	1	1	1	1	0	38
chr14	55659704	55661521	1	1	1	5	0	31
chr14	55664042	55667240	1	1	1	2	0	19
chr14	55670810	55671565	1	1	1	1	0	37
chr14	55671656	55671784	1	1	1	6	0	41
chr14	55671878	55672629	1	1	1	5	0	37
chr14	55672702	55672928	1	1	1	2	0	44
chr14	55673013	55673171	1	1	1	2	0	22
chr14	55678445	55679564	1	1	1	1	0	17
chr14	55679686	55684098	1	1	1	6	0	43
chr14	55962088	55962824	1	1	1	1	0	28
chr14	57219443	57222307	2	2	1	1	0	31
chr14	57239660	57244164	2	2	1	1	0	22
chr14	57390706	57390956	1	1	1	1	0	37
chr14	58004805	58005047	2	2	1	1	0	42
chr14	58215285	58219693	1	1	1	1	0	32
chr14	58219730	58223621	1	1	1	1	0	24
chr14	58223702	58223782	1	1	1	1	0	45
chr14	58244942	58247749	1	1	1	1	0	41
chr14	58247833	58252118	1	1	1	1	0	21
chr14	58257999	58260947	1	1	1	4	0	44
chr14	58261021	58263704	1	1	1	2	0	35
chr14	58263771	58267473	1	1	1	1	0	30
chr14	58270486	58270933	1	1	1	20	0	46
chr14	58270999	58271850	1	1	1	66	0	46
chr14	58274011	58285590	2	2	1	1	0	23
chr14	58274011	58291634	2	2	1	1	0	23
chr14	58291708	58297954	2	2	1	1	0	18
chr14	58318622	58318710	1	1	1	1	0	20
chr14	58347118	58347646	1	1	1	1	0	21
chr14	58347879	58351072	1	1	1	2	0	26
chr14	58365623	58366023	1	1	1	5	0	29
chr14	58410939	58411906	2	2	1	1	0	11
chr14	58450747	58453349	1	1	1	1	0	23
chr14	59324239	59324350	1	1	1	1	0	33
chr14	59326078	59326509	1	1	1	4	0	36
chr14	59326649	59326932	1	1	1	3	0	43
chr14	59326992	59330500	1	1	1	1	0	33
chr14	59363783	59367428	1	1	1	1	0	29
chr14	60145014	60149352	2	2	1	2	0	45
chr14	60153179	60153958	2	2	1	1	0	4
chr14	60471460	60471551	2	2	1	1	0	12
chr14	60734952	60796216	1	1	1	1	0	13
chr14	60796370	60798086	1	1	1	6	0	45
chr14	60798161	60808324	1	1	1	4	0	30
chr14	60808429	60811986	1	1	1	1	0	34
chr14	60812128	60818721	1	1	1	2	0	10
chr14	60879836	60968228	1	1	1	1	0	28
chr14	60895658	60896749	1	1	1	2	0	18
chr14	60975195	60975474	2	2	1	5	0	37
chr14	61052136	61052348	1	1	1	1	0	13
chr14	61284066	61287483	1	3	1	2	0	21
chr14	61726819	61727452	1	1	1	2	0	33
chr14	61727656	61732417	1	1	1	1	0	19
chr14	61734286	61736888	1	1	1	1	0	27
chr14	61737110	61738086	1	1	1	1	0	22
chr14	61744814	61745690	1	1	1	1	0	36
chr14	61776254	61778071	1	1	1	4	0	32
chr14	61778141	61778847	1	1	1	2	0	18
chr14	61778911	61782246	1	1	1	6	0	39
chr14	61792903	61794948	1	1	1	1	0	46
chr14	63382158	63384443	2	2	1	5	0	46
chr14	63642198	63651331	1	1	1	1	0	46
chr14	63991116	63993834	1	1	1	4	0	18
chr14	63993970	63995043	1	1	1	3	0	41
chr14	63999041	64000561	1	1	1	3	0	4
chr14	64007223	64009965	1	1	1	1	0	20
chr14	64022029	64022750	1	1	1	1	0	35
chr14	64025032	64025129	1	1	1	2	0	41
chr14	64026731	64027483	1	1	1	1	0	20
chr14	64049877	64051556	1	1	1	1	0	37
chr14	64074137	64075944	1	1	1	1	0	33
chr14	64076101	64078465	1	1	1	2	0	26
chr14	64081581	64087670	1	1	1	1	0	23
chr14	64091049	64093348	1	1	1	1	0	27
chr14	64132439	64134068	1	1	1	1	0	26
chr14	64158796	64159311	1	1	1	2	0	6
chr14	64186580	64188549	1	1	1	1	0	23
chr14	64214471	64215285	1	1	1	1	0	14
chr14	64444735	64448216	1	1	1	1	0	24
chr14	64449623	64453753	1	1	1	3	0	12
chr14	64458308	64459758	1	1	1	10	0	35
chr14	64914535	64923990	1	1	1	2	0	16
chr14	64924127	64926006	1	1	1	2	0	41
chr14	64924127	64926009	1	1	1	7	0	28
chr14	64924127	64932137	1	1	1	1	0	42
chr14	64926081	64932137	1	1	1	25	0	43
chr14	65561767	65615977	1	1	1	2	0	12
chr14	66545911	66546434	1	1	1	1	0	37
chr14	67263164	67350610	2	2	1	5	0	32
chr14	67340519	67343371	2	2	1	3	0	42
chr14	67343439	67345767	2	2	1	1	0	43
chr14	67353041	67359657	2	2	1	1	0	34
chr14	67577415	67578022	1	1	1	1	0	34
chr14	67592719	67593742	2	2	1	1	0	9
chr14	67642364	67645642	1	1	1	1	0	36
chr14	67651482	67653436	2	2	1	1	0	9
chr14	67653499	67656415	2	2	1	1	0	4
chr14	67690422	67691139	2	2	1	1	0	10
chr14	68037341	68039315	2	4	1	1	0	45
chr14	68862056	68862372	1	5	1	0	4	28
chr14	68874763	68880809	2	2	1	1	0	30
chr14	68875018	68877081	2	2	1	1	0	25
chr14	68880109	68880809	2	2	1	2	0	14
chr14	68880990	68882457	2	2	1	3	0	36
chr14	68885576	68890138	2	2	1	1	0	15
chr14	68892284	68893654	2	2	1	2	0	30
chr14	68921126	68925557	2	2	1	1	0	30
chr14	68936684	68939147	2	4	1	1	0	38
chr14	69380641	69386962	2	2	1	1	0	17
chr14	69387084	69394824	2	2	1	1	0	41
chr14	69427123	69428165	2	4	1	1	0	42
chr14	69768675	69768797	1	1	1	1	0	36
chr14	69768897	69769181	1	1	1	4	0	26
chr14	69769252	69770466	1	1	1	10	0	46
chr14	69770541	69770994	1	1	1	10	0	45
chr14	69771545	69771916	1	1	1	1	0	34
chr14	70326450	70329173	2	2	1	11	0	44
chr14	70329237	70342657	2	2	1	4	0	35
chr14	70342730	70359518	2	2	1	1	0	15
chr14	71023233	71026116	1	1	1	1	0	21
chr14	71293493	71294036	2	2	1	1	0	29
chr14	71589371	71618756	1	1	1	1	0	22
chr14	71675977	71676100	2	2	1	1	0	28
chr14	71738326	71739017	1	1	1	1	0	28
chr14	73088162	73096914	1	1	1	3	0	11
chr14	73097101	73099379	1	1	1	23	0	46
chr14	73099434	73099666	1	1	1	23	0	38
chr14	73099751	73103191	1	1	1	7	0	43
chr14	73100363	73103191	1	1	1	1	0	28
chr14	73103479	73105858	1	1	1	11	0	39
chr14	73106082	73106195	1	1	1	14	0	45
chr14	73106286	73107825	1	1	1	10	0	39
chr14	73107900	73109341	1	1	1	3	0	16
chr14	73109493	73110830	1	1	1	17	0	44
chr14	73111156	73111527	1	1	1	1	0	36
chr14	73112251	73114285	1	1	1	4	0	36
chr14	73114334	73119712	1	1	1	3	0	8
chr14	73143765	73186663	2	2	1	1	0	32
chr14	73323205	73355625	2	2	1	1	0	43
chr14	73355767	73366896	2	2	1	1	0	10
chr14	73366982	73409936	2	2	1	1	0	31
chr14	73410069	73458492	2	2	1	1	0	27
chr14	73689516	73695901	1	1	1	1	0	46
chr14	73879306	73880054	1	1	1	2	0	30
chr14	73961904	73962969	1	1	1	3	0	38
chr14	74007813	74011090	2	2	1	3	0	9
chr14	74480289	74480701	2	2	1	1	0	5
chr14	74713260	74713484	1	1	1	1	0	22
chr14	74812783	74816202	1	1	1	5	0	37
chr14	74816266	74816570	1	1	1	3	0	35
chr14	74817108	74817193	1	1	1	3	0	19
chr14	74817278	74818230	1	1	1	10	0	37
chr14	74818315	74821056	1	1	1	1	0	9
chr14	74821138	74824255	1	1	1	1	0	16
chr14	74824308	74829212	1	1	1	1	0	24
chr14	75004901	75005865	1	1	1	1	0	32
chr14	75028545	75029053	1	1	1	1	0	16
chr14	75056561	75063469	2	2	1	1	0	35
chr14	75063562	75063953	2	2	1	1	0	10
chr14	75771855	75775483	1	1	1	1	0	36
chr14	75775631	75776746	1	1	1	1	0	7
chr14	76172020	76173545	1	1	1	1	0	39
chr14	77278509	77278728	2	2	1	1	0	12
chr14	77435394	77435843	2	2	1	1	0	22
chr14	77444342	77448493	2	2	1	1	0	25
chr14	77459807	77462159	1	1	1	1	0	19
chr14	77468509	77469076	1	1	1	1	0	44
chr14	77597381	77616447	2	2	1	2	0	29
chr14	77708209	77710837	1	1	1	12	0	38
chr14	77710897	77715771	1	1	1	72	0	45
chr14	77715880	77717479	1	1	1	2	0	37
chr14	77715880	77717495	1	1	1	237	4	45
chr14	77715880	77717501	1	1	1	3	0	25
chr14	77731130	77732484	2	2	1	1	0	38
chr14	77732602	77734946	2	2	1	7	0	32
chr14	77735013	77735936	2	2	1	6	0	42
chr14	77751481	77754966	2	2	1	2	0	39
chr14	79348499	79358448	2	4	1	1	0	25
chr14	80778047	80784628	2	2	1	1	0	12
chr14	80904932	80905954	2	2	1	1	0	22
chr14	81180331	81185530	2	2	1	1	0	16
chr14	81185621	81192518	2	2	1	2	0	15
chr14	82694869	82740698	1	1	1	1	0	18
chr14	88437598	88437837	1	1	1	1	0	35
chr14	88572226	88572577	1	1	1	1	0	5
chr14	88573008	88574692	1	1	1	1	0	16
chr14	88574854	88575839	1	1	1	1	0	25
chr14	88610941	88611744	1	1	1	8	0	42
chr14	89797325	89931540	2	2	1	1	0	19
chr14	89931632	89932525	2	2	1	1	0	25
chr14	89954002	89954585	2	2	1	1	0	4
chr14	90033215	90043069	1	1	1	1	0	7
chr14	90256601	90259159	1	1	1	1	0	9
chr14	90259214	90260114	1	1	1	2	0	27
chr14	90260212	90263317	1	1	1	0	2	31
chr14	90269549	90270197	1	1	1	1	0	15
chr14	90270353	90272272	1	1	1	0	1	38
chr14	90318114	90331840	2	2	1	3	0	19
chr14	90397234	90400064	1	1	1	2	0	20
chr14	90400096	90401258	1	1	1	1	0	35
chr14	90401403	90403861	1	1	1	2	0	14
chr14	90403969	90404378	1	1	1	26	0	45
chr14	90404515	90404688	1	1	1	158	0	46
chr14	91294319	91297304	2	2	1	1	0	30
chr14	91308493	91309858	2	2	1	2	0	37
chr14	91309987	91313079	2	2	1	5	0	41
chr14	91458870	91461380	2	2	1	1	0	5
chr14	91462240	91462734	2	2	1	6	0	46
chr14	91462878	91465249	2	2	1	2	0	38
chr14	91470996	91473032	2	2	1	1	0	38
chr14	91976190	91988283	2	2	1	3	0	34
chr14	91993913	91995351	2	2	1	2	0	18
chr14	92000109	92003418	2	2	1	2	0	44
chr14	92006449	92007639	2	2	1	5	0	36
chr14	92011796	92014214	2	2	1	1	0	42
chr14	92014578	92015695	2	2	1	4	0	25
chr14	92064415	92070934	2	2	1	1	0	28
chr14	92088818	92093251	2	2	1	2	0	13
chr14	92093319	92093745	2	2	1	3	0	12
chr14	92116230	92117497	2	2	1	52	0	44
chr14	92117643	92121641	2	2	1	2	0	25
chr14	92142352	92143003	1	1	1	2	0	8
chr14	92143295	92154357	1	1	1	1	0	22
chr14	92154459	92155122	1	1	1	1	0	27
chr14	92161247	92161651	1	1	1	1	0	3
chr14	92711749	92711836	2	2	1	1	0	29
chr14	92809520	92810253	1	1	1	1	0	6
chr14	92816422	92819707	1	1	1	2	0	40
chr14	92926699	92927549	1	1	1	3	0	39
chr14	93220412	93222312	1	1	1	1	0	40
chr14	93294938	93295969	2	2	1	1	0	37
chr14	93617305	93618191	1	1	1	2	0	25
chr14	94053128	94054995	2	2	1	3	0	43
chr14	94061067	94062096	2	2	1	1	0	24
chr14	94079748	94081118	2	2	1	2	0	45
chr14	94101976	94102476	1	1	1	2	0	28
chr14	94726933	94727122	1	3	1	0	3	19
chr14	95090664	95091033	2	2	1	8	0	38
chr14	95091110	95091202	2	2	1	1	0	13
chr14	95099936	95103345	2	2	1	1	0	17
chr14	95124669	95126579	2	2	1	1	0	42
chr14	95129651	95130057	2	2	1	1	0	45
chr14	95140760	95141682	2	2	1	1	0	16
chr14	95196695	95202837	2	2	1	2	0	35
chr14	95533062	95533692	2	2	1	3	0	28
chr14	96478663	96482998	1	1	1	1	0	19
chr14	96502601	96520054	1	1	1	2	0	43
chr14	96520229	96521005	1	1	1	1	0	43
chr14	96521073	96525309	1	1	1	2	0	30
chr14	96525392	96527429	1	1	1	1	0	7
chr14	96527540	96527952	1	1	1	2	0	13
chr14	96528007	96531474	1	1	1	4	0	46
chr14	96531587	96532330	1	1	1	2	0	9
chr14	96532421	96532510	1	1	1	11	0	33
chr14	96544259	96547796	1	1	1	3	0	18
chr14	96833632	96837761	1	1	1	1	0	15
chr14	96855351	96856129	1	3	1	3	0	33
chr14	96856587	96860556	1	1	1	5	0	40
chr14	96856587	96860646	1	1	1	3	0	11
chr14	96860736	96876029	1	1	1	2	0	5
chr14	96876121	96881176	1	1	1	3	0	39
chr14	96877574	96881176	1	1	1	1	0	10
chr14	98985447	98985477	2	2	1	0	8	40
chr14	99463579	99465702	2	2	1	1	0	42
chr14	99465814	99480727	2	2	1	1	0	39
chr14	99492875	99493513	1	1	1	7	0	42
chr14	99501414	99502206	1	1	1	1	0	33
chr14	100141794	100143700	1	1	1	1	0	34
chr14	100239924	100262303	1	1	1	5	2	42
chr14	100255228	100256011	2	4	1	1	0	30
chr14	100262467	100274697	1	1	1	4	0	9
chr14	100276649	100277417	1	1	1	2	0	16
chr14	100333904	100353790	1	3	1	1	0	16
chr14	100335037	100337061	2	2	1	1	0	24
chr14	100469798	100469887	2	2	1	1	0	33
chr14	101901890	101906401	1	1	1	0	2	44
chr14	101906530	101909588	1	1	1	4	0	45
chr14	101909691	101912400	1	1	1	5	0	28
chr14	101983291	101983381	1	1	1	6	0	41
chr14	101986764	101987452	1	1	1	1	0	25
chr14	101994325	101994672	1	1	1	1	0	35
chr14	102010087	102010275	1	1	1	2	0	24
chr14	102027289	102027382	1	1	1	1	0	28
chr14	102029713	102029818	1	1	1	2	0	40
chr14	102044046	102044273	1	3	1	1	0	3
chr14	102081822	102082110	2	2	1	3	0	44
chr14	102082445	102083033	2	2	1	4	0	13
chr14	102083303	102083545	2	2	1	57	0	45
chr14	102083694	102083792	2	2	1	9	0	40
chr14	102083984	102084398	2	2	1	11	0	46
chr14	102084565	102084680	2	2	1	20	0	44
chr14	102084999	102085297	2	2	1	238	0	45
chr14	102085432	102085757	2	2	1	126	0	45
chr14	102707513	102708464	1	1	1	1	0	23
chr14	102854591	102855694	2	4	1	1	0	17
chr14	102939948	102940045	2	2	1	1	0	12
chr14	102940131	102940226	2	2	1	1	0	6
chr14	102963156	102964501	2	2	1	1	0	17
chr14	102964651	102966281	2	2	1	3	0	24
chr14	102966388	102967045	2	2	1	1	0	26
chr14	102968717	102970150	2	2	1	1	0	30
chr14	102975804	102975882	2	2	1	3	0	21
chr14	103008556	103012096	2	2	1	2	0	12
chr14	103334598	103335652	1	1	1	1	0	30
chr14	103336118	103336676	1	1	1	2	0	44
chr14	103336850	103337115	1	1	1	70	0	44
chr14	103337228	103338326	1	1	1	6	3	30
chr14	103338473	103338734	1	1	1	3	0	40
chr14	103338894	103339171	1	1	1	1	0	30
chr14	103339804	103340426	1	1	1	1	0	33
chr14	103405268	103428386	1	1	1	1	0	22
chr14	103466092	103466342	1	1	1	2	0	22
chr14	103492035	103502881	1	1	1	1	0	18
chr14	103571821	103574106	1	1	1	1	0	11
chr14	103574171	103587273	1	1	1	1	0	17
chr14	103662928	103669510	1	3	1	1	0	4
chr14	103675602	103675688	1	1	1	1	0	43
chr14	103682608	103682857	2	2	1	1	0	20
chr14	103912695	103913960	2	2	1	16	0	24
chr14	103912695	103915065	2	2	1	1	0	33
chr14	103913985	103915065	2	2	1	7	0	24
chr14	104713607	104714202	1	1	1	1	0	10
chr14	104753320	104755629	1	1	1	1	0	43
chr14	104756761	104759427	1	1	1	5	0	26
chr14	105173038	105173198	0	0	1	3	0	42
chr14	105173262	105176533	2	2	1	1	0	7
chr15	20454011	20454539	2	2	1	0	1	15
chr15	20454674	20457304	2	2	1	0	1	15
chr15	20457501	20457592	2	2	1	0	1	22
chr15	20477362	20483402	2	2	1	0	4	21
chr15	20483518	20505390	2	2	1	0	6	41
chr15	22495673	22516875	1	1	1	0	6	41
chr15	22516991	22523041	1	1	1	0	4	21
chr15	22543139	22545766	1	1	1	0	1	15
chr15	22545901	22546429	1	1	1	0	1	15
chr15	22561790	22562948	1	1	1	0	2	40
chr15	23006173	23006267	2	2	1	2	0	13
chr15	23011332	23017772	2	2	1	1	0	11
chr15	23019335	23021958	2	2	1	3	0	45
chr15	23311513	23311604	1	1	1	1	0	24
chr15	24955063	24962113	1	1	1	1	0	27
chr15	24962210	24967931	1	1	1	4	0	25
chr15	24968083	24968794	1	1	1	2	0	33
chr15	24968083	24974310	1	1	1	2	0	27
chr15	24975510	24976304	1	1	1	4	0	46
chr15	24976417	24976876	1	1	1	2	0	15
chr15	24977030	24977777	1	1	1	1	0	19
chr15	24977917	24978192	1	1	1	5	0	40
chr15	24978319	24978406	1	1	1	140	0	46
chr15	24982623	24983741	2	2	1	1	0	33
chr15	24982681	24983266	2	2	1	1	0	41
chr15	24983290	24983685	1	3	1	1	0	45
chr15	24999079	25000244	1	1	1	4	0	39
chr15	25002889	25019026	1	1	1	1	0	12
chr15	25019149	25019827	1	1	1	1	0	25
chr15	25019870	25020589	1	1	1	1	0	25
chr15	25081225	25082588	1	1	1	2	0	20
chr15	25095829	25097320	1	1	1	1	0	41
chr15	25098829	25099144	1	1	1	2	0	25
chr15	25100891	25103858	1	1	1	1	0	35
chr15	25103971	25106163	1	1	1	1	0	13
chr15	25115657	25117409	1	1	1	1	0	42
chr15	25118383	25119064	1	1	1	1	0	6
chr15	25339258	25340084	2	2	1	35	0	45
chr15	25354684	25355891	2	2	1	1	0	19
chr15	25356057	25356690	2	2	1	1	0	15
chr15	25356897	25360382	2	2	1	1	0	16
chr15	25360528	25370565	2	2	1	1	0	46
chr15	25411972	25415709	2	2	1	1	0	17
chr15	26883558	26883741	1	1	1	1	0	16
chr15	28114803	28115428	2	2	1	1	0	31
chr15	28168591	28169483	2	2	1	1	0	39
chr15	28202250	28202346	2	2	1	1	0	14
chr15	28212584	28213741	2	2	1	0	2	40
chr15	28220645	28222027	2	2	1	1	0	37
chr15	28229848	28230366	2	2	1	0	1	15
chr15	28233342	28233433	2	2	1	0	1	22
chr15	28255997	28256088	2	2	1	3	0	40
chr15	28256318	28257060	2	2	1	1	0	37
chr15	28293023	28299401	2	2	1	5	0	42
chr15	28299517	28321361	2	2	1	0	9	41
chr15	28321465	28322074	2	2	1	0	2	25
chr15	28589549	28590157	1	1	1	0	2	25
chr15	28590261	28612058	1	1	1	0	9	41
chr15	28612174	28618218	1	1	1	0	4	21
chr15	28637631	28640258	1	1	1	0	1	15
chr15	28640393	28640921	1	1	1	0	1	15
chr15	28656027	28657186	1	1	1	0	2	40
chr15	29120412	29120500	1	1	1	1	0	22
chr15	29701690	29704200	2	2	1	1	0	41
chr15	29741437	29742641	2	2	1	1	0	30
chr15	29742782	29761138	2	2	1	1	0	25
chr15	29761770	29762334	2	2	1	1	0	11
chr15	29772167	29773232	2	2	1	5	0	44
chr15	29773358	29800645	2	2	1	5	1	44
chr15	29800703	29820526	2	2	1	0	1	3
chr15	29800703	29822001	2	2	1	0	1	3
chr15	30108822	30109841	1	1	1	0	1	30
chr15	30387446	30388472	2	2	1	0	1	30
chr15	30479194	30480741	1	1	1	0	1	11
chr15	30577799	30578829	1	1	1	0	1	30
chr15	30635189	30635486	1	1	1	1	0	30
chr15	30635634	30638745	1	1	1	1	0	3
chr15	32428776	32429803	2	2	1	0	1	30
chr15	32526979	32528531	2	2	1	0	1	11
chr15	32528702	32529782	2	2	1	2	0	21
chr15	32625244	32625486	1	1	1	2	0	35
chr15	32625634	32628727	1	1	1	1	0	4
chr15	32629763	32632978	1	1	1	1	0	31
chr15	32634042	32635776	1	1	1	2	0	39
chr15	32684670	32691709	1	1	1	1	0	12
chr15	34096015	34101603	2	2	1	1	0	45
chr15	34142372	34145397	2	2	1	0	2	8
chr15	34145492	34148631	2	2	1	1	0	26
chr15	34225651	34227692	1	1	1	1	0	29
chr15	34342109	34343019	2	2	1	3	0	34
chr15	34383854	34383960	2	2	1	0	1	39
chr15	34398730	34399154	2	2	1	0	1	4
chr15	34530075	34530181	2	2	1	0	1	39
chr15	34544954	34545377	2	2	1	0	1	4
chr15	34860156	34862866	2	2	1	1	0	25
chr15	34874865	34875934	2	2	1	1	0	22
chr15	34886662	34890214	2	2	1	1	0	20
chr15	34944429	34948263	2	2	1	2	0	28
chr15	34964291	34969538	2	2	1	1	0	37
chr15	35372204	35373520	2	4	1	1	0	31
chr15	35381917	35410834	2	2	1	1	0	26
chr15	36645288	36654097	1	1	1	1	0	5
chr15	36654159	36657832	1	1	1	1	0	26
chr15	38464178	38465268	1	1	1	2	0	38
chr15	38465404	38470226	1	1	1	1	0	8
chr15	39939618	39943382	1	1	1	1	0	19
chr15	39943486	39949115	1	1	1	9	0	46
chr15	39949269	39953903	1	1	1	3	0	46
chr15	39961900	39965685	1	1	1	2	0	9
chr15	40002789	40003192	1	1	1	1	0	41
chr15	40009731	40011280	1	1	1	1	0	17
chr15	40022606	40025976	1	1	1	1	0	6
chr15	40026090	40029405	1	1	1	1	0	4
chr15	40036501	40036985	2	2	1	8	0	33
chr15	40037019	40038281	2	2	1	10	0	33
chr15	40038395	40038875	2	2	1	13	0	38
chr15	40038949	40039092	2	2	1	3	0	36
chr15	40176674	40183713	1	1	1	4	0	40
chr15	40185643	40196544	1	1	1	1	0	42
chr15	40187249	40187465	2	4	1	1	1	33
chr15	40196775	40199614	1	1	1	1	0	30
chr15	40200360	40200930	1	1	1	1	0	26
chr15	40202695	40206183	1	1	1	1	0	10
chr15	40206459	40208636	1	1	1	1	0	14
chr15	40208771	40209634	1	1	1	1	0	21
chr15	40217668	40218455	1	1	1	1	0	15
chr15	40218563	40220563	1	1	1	1	0	34
chr15	40296635	40296745	2	2	1	1	0	40
chr15	40410798	40411259	1	1	1	2	0	35
chr15	40415483	40416077	1	1	1	1	0	14
chr15	40641028	40644996	1	1	1	2	0	29
chr15	40650379	40650543	1	1	1	1	0	30
chr15	40741772	40748742	1	1	1	0	1	46
chr15	40779998	40807368	2	2	1	1	0	4
chr15	40810217	40810648	1	1	1	1	0	17
chr15	40838687	40840379	2	2	1	1	0	15
chr15	40987194	40987815	2	2	1	2	0	7
chr15	41048277	41049286	2	2	1	1	0	4
chr15	41085584	41087561	2	2	1	1	0	8
chr15	41087683	41092026	2	2	1	4	0	35
chr15	41285364	41286010	1	1	1	1	0	13
chr15	41286101	41298040	1	1	1	1	0	37
chr15	41309850	41313272	2	2	1	1	0	40
chr15	41313355	41319657	2	2	1	1	0	9
chr15	41319781	41331914	2	2	1	2	0	24
chr15	41331982	41332239	2	2	1	1	0	9
chr15	41333051	41342385	1	1	1	4	0	45
chr15	41342455	41349097	1	1	1	1	0	40
chr15	41349242	41350987	1	1	1	3	0	24
chr15	41349862	41350151	1	1	1	1	0	18
chr15	41351130	41356038	1	1	1	9	0	38
chr15	41356141	41358148	1	1	1	6	0	42
chr15	41358259	41365404	1	1	1	1	0	30
chr15	41377305	41380092	1	1	1	1	0	5
chr15	41387581	41388447	2	2	1	1	0	43
chr15	41387594	41388447	2	2	1	1	0	36
chr15	41417314	41438320	1	1	1	6	0	41
chr15	41453049	41457671	1	1	1	4	0	34
chr15	41457877	41464770	1	1	1	7	0	31
chr15	41466253	41470256	1	1	1	3	0	21
chr15	41669959	41696074	1	1	1	1	0	20
chr15	41727407	41729163	1	1	1	1	0	27
chr15	41760530	41761738	1	1	1	2	0	28
chr15	41761851	41762128	1	1	1	1	0	14
chr15	41864396	41912667	2	4	1	1	0	26
chr15	42218379	42219580	2	2	1	1	0	33
chr15	42226910	42227710	2	2	1	2	0	43
chr15	42244168	42260957	2	2	1	1	0	34
chr15	42261003	42261195	2	2	1	1	0	13
chr15	42261250	42264089	2	2	1	1	0	43
chr15	42268033	42272062	2	2	1	1	0	7
chr15	42272124	42273254	2	2	1	1	0	24
chr15	42446659	42448071	2	2	1	4	0	30
chr15	42466115	42472235	2	2	1	1	0	26
chr15	42513448	42515236	1	1	1	1	0	14
chr15	43017182	43021274	2	2	1	3	0	41
chr15	43021376	43022701	2	2	1	1	0	32
chr15	43332001	43333310	1	1	1	1	0	28
chr15	43343076	43345853	1	1	1	1	0	39
chr15	43404553	43405201	1	1	1	3	0	44
chr15	43409742	43413118	2	2	1	1	0	30
chr15	43428169	43432193	2	2	1	1	0	40
chr15	43438417	43441525	2	2	1	1	0	5
chr15	43491754	43492001	2	2	1	1	0	30
chr15	43492096	43492283	2	2	1	1	0	13
chr15	43596293	43596407	1	1	1	0	3	42
chr15	43630733	43632198	2	2	1	0	1	21
chr15	43696125	43696239	1	1	1	0	3	42
chr15	43727213	43728665	2	2	1	0	1	21
chr15	43746707	43753823	1	1	1	1	0	29
chr15	43749534	43750872	2	4	1	3	0	21
chr15	43753903	43756648	1	1	1	1	0	44
chr15	43763207	43765449	1	1	1	1	0	16
chr15	43766911	43768488	1	1	1	8	0	40
chr15	43768598	43769517	1	1	1	4	1	28
chr15	43769647	43770249	1	1	1	13	0	37
chr15	43770330	43770522	1	1	1	18	0	45
chr15	43770581	43771104	1	1	1	12	0	44
chr15	43776965	43777115	2	2	1	1	0	3
chr15	43793084	43793709	1	1	1	5	0	40
chr15	43800785	43801131	1	1	1	10	0	37
chr15	43801188	43801517	1	1	1	32	0	41
chr15	43801570	43801710	1	1	1	78	0	46
chr15	43805466	43809754	2	2	1	1	0	13
chr15	43809915	43812986	2	2	1	1	0	7
chr15	43813148	43813248	2	2	1	4	0	33
chr15	43813358	43814500	2	2	1	1	0	28
chr15	43815075	43817228	2	2	1	1	0	31
chr15	44182473	44183075	1	3	1	1	0	25
chr15	44289357	44322964	1	1	1	1	0	40
chr15	44323020	44328684	1	1	1	1	0	37
chr15	44427773	44458990	1	1	1	1	0	28
chr15	44459201	44484223	1	1	1	3	0	44
chr15	44537224	44537391	2	2	1	1	0	30
chr15	44537238	44537323	1	1	1	2	0	29
chr15	44537428	44550875	1	1	1	10	0	41
chr15	44550931	44551430	1	1	1	7	0	15
chr15	44554668	44557488	1	1	1	2	0	38
chr15	44557651	44560248	1	1	1	2	0	9
chr15	44560323	44561017	1	1	1	1	0	12
chr15	44573746	44574901	2	2	1	1	0	14
chr15	44584559	44585635	2	2	1	1	0	42
chr15	44715702	44716328	1	1	1	1	0	28
chr15	44716357	44717606	1	1	1	1	0	26
chr15	45170483	45171882	2	2	1	2	0	26
chr15	45592277	45603099	1	1	1	1	0	26
chr15	45592277	45603103	1	1	1	2	0	14
chr15	45603188	45605427	1	1	1	1	0	7
chr15	48153894	48157992	2	2	1	1	0	5
chr15	48332407	48334416	1	1	1	1	0	15
chr15	48341364	48341514	1	1	1	8	0	43
chr15	48341586	48342021	1	1	1	6	0	36
chr15	48752470	48755902	2	2	1	1	0	3
chr15	48772692	48781195	2	2	1	1	0	20
chr15	48782231	48783972	2	2	1	2	0	43
chr15	48789002	48791236	2	2	1	1	0	43
chr15	49033101	49035333	2	2	1	1	0	30
chr15	49134515	49137149	2	2	1	1	0	4
chr15	49137228	49137347	2	2	1	3	0	39
chr15	49137438	49139527	2	2	1	1	0	43
chr15	50301369	50302928	2	2	1	2	0	24
chr15	50424515	50439008	1	1	1	3	0	39
chr15	50477500	50481480	1	1	1	2	0	20
chr15	50492914	50494069	1	1	1	1	0	39
chr15	50494281	50495847	1	1	1	1	0	27
chr15	50575136	50575723	2	2	1	1	0	36
chr15	50612830	50613706	2	2	1	3	0	12
chr15	50613842	50614122	2	2	1	3	0	34
chr15	50619799	50624165	2	2	1	1	0	44
chr15	50909133	50911503	1	1	1	1	0	19
chr15	51681838	51682516	1	1	1	3	0	44
chr15	51682570	51683078	1	1	1	5	0	45
chr15	51683125	51683218	1	1	1	7	0	45
chr15	51689369	51692158	1	1	1	4	0	42
chr15	51699403	51701106	1	1	1	5	0	30
chr15	51701245	51713332	1	1	1	5	0	26
chr15	51863011	51869216	1	1	1	6	0	42
chr15	51909394	51909464	1	1	1	1	0	43
chr15	51919144	51922715	2	2	1	1	0	17
chr15	51938261	51947291	2	2	1	4	0	39
chr15	51947390	51949807	2	2	1	1	0	42
chr15	51951980	51953128	2	2	1	5	0	33
chr15	51958827	51959898	2	2	1	2	0	40
chr15	51960045	51960638	2	2	1	2	0	36
chr15	52019377	52045829	1	1	1	5	0	29
chr15	52122769	52124472	2	2	1	1	0	30
chr15	52218688	52219758	2	2	1	1	0	19
chr15	52224982	52225074	2	2	1	2	0	41
chr15	52235764	52237481	2	2	1	1	0	17
chr15	52272724	52275561	2	2	1	2	0	41
chr15	52353659	52353870	2	2	1	1	0	8
chr15	52552105	52557099	2	2	1	2	0	30
chr15	52557223	52568847	2	2	1	3	0	24
chr15	52568903	52569115	2	2	1	1	0	38
chr15	54877241	54877704	1	1	1	0	2	31
chr15	55183401	55185361	2	2	1	1	0	21
chr15	55185426	55190974	2	2	1	2	0	24
chr15	55191048	55192719	2	2	1	6	1	42
chr15	55192834	55196809	2	2	1	1	0	27
chr15	55467162	55491122	2	2	1	1	0	12
chr15	55856197	55860406	2	2	1	1	0	44
chr15	56098377	56101358	2	2	1	1	0	42
chr15	56394248	56394660	1	1	1	1	0	29
chr15	56394835	56412301	1	1	1	1	0	23
chr15	56412437	56419762	1	1	1	2	0	20
chr15	56412437	56427604	1	1	1	1	0	45
chr15	56443538	56443637	2	2	1	2	0	39
chr15	56443855	56444443	2	2	1	1	0	8
chr15	56444674	56446840	2	2	1	8	0	36
chr15	56632123	56635194	2	2	1	2	0	40
chr15	57187109	57187859	1	1	1	2	0	44
chr15	57252493	57253261	1	1	1	1	0	32
chr15	57253469	57262093	1	1	1	4	0	46
chr15	57282599	57286156	1	1	1	1	0	8
chr15	57307069	57307541	1	1	1	1	0	43
chr15	57440472	57442372	1	1	1	1	0	3
chr15	57442479	57451499	1	1	1	1	0	12
chr15	57453819	57461679	1	1	1	1	0	14
chr15	58633360	58640776	2	2	1	1	0	11
chr15	58665198	58679123	2	2	1	1	0	42
chr15	58682315	58717576	2	2	1	1	0	38
chr15	58717728	58749479	2	2	1	1	0	23
chr15	58831917	58847296	1	1	1	1	0	14
chr15	58851966	58854481	1	1	1	6	0	37
chr15	58851966	58854484	1	1	1	3	0	13
chr15	58887120	58887225	2	2	1	1	0	25
chr15	58889555	58890280	2	2	1	3	0	42
chr15	58890462	58892896	2	2	1	2	0	45
chr15	58893365	58893820	2	2	1	5	0	40
chr15	58893365	58893901	2	2	1	1	0	19
chr15	58893988	58894089	2	2	1	7	0	44
chr15	58894194	58894432	2	2	1	10	0	45
chr15	58894583	58897114	2	2	1	1	0	22
chr15	58897234	58898802	2	2	1	2	0	25
chr15	58899884	58901259	2	2	1	1	0	23
chr15	58913697	58916934	2	2	1	2	0	33
chr15	58917000	58932355	2	2	1	5	0	37
chr15	59107671	59114443	1	1	1	2	0	14
chr15	59163304	59171896	2	2	1	1	0	5
chr15	59174241	59178392	2	2	1	2	0	42
chr15	59261510	59272305	2	2	1	1	0	37
chr15	59304126	59305472	1	3	1	1	0	15
chr15	59639158	59642135	2	2	1	1	0	45
chr15	59642263	59650668	2	2	1	1	0	8
chr15	59671315	59672636	2	2	1	1	0	41
chr15	60352477	60354153	2	2	1	5	0	25
chr15	60354214	60355918	2	2	1	5	1	30
chr15	60357237	60360940	2	2	1	1	0	23
chr15	60364524	60382341	2	2	1	2	0	38
chr15	60428688	60431933	2	2	1	2	0	8
chr15	60442546	60447969	2	2	1	1	0	16
chr15	60456795	60466593	2	2	1	1	0	28
chr15	61873410	61874875	2	2	1	1	0	5
chr15	61874952	61875731	2	2	1	2	0	31
chr15	62033543	62034956	2	2	1	1	0	35
chr15	62035053	62041323	2	2	1	4	0	37
chr15	62041367	62044211	2	2	1	4	0	43
chr15	62650182	62652004	1	1	1	1	0	25
chr15	62656087	62657770	1	1	1	1	0	33
chr15	62686797	62692839	1	1	1	3	0	45
chr15	62712078	62716330	1	1	1	1	0	43
chr15	63042944	63044026	1	1	1	2	0	33
chr15	63044153	63056984	1	1	1	9	0	41
chr15	63048708	63056984	1	1	1	3	0	43
chr15	63057119	63059562	1	1	1	1	0	13
chr15	63059681	63060868	1	1	1	2	0	34
chr15	63060940	63061197	1	1	1	2	0	12
chr15	63061274	63062214	1	1	1	4	0	25
chr15	63062278	63062575	1	1	1	2	0	15
chr15	63062646	63064063	1	1	1	3	0	37
chr15	63062646	63071089	1	1	1	3	0	5
chr15	63064143	63065895	1	1	1	3	0	46
chr15	63064191	63065895	1	1	1	1	0	9
chr15	63127050	63127352	1	1	1	1	0	22
chr15	63154061	63155620	2	2	1	14	0	33
chr15	63155732	63156412	2	2	1	1	0	32
chr15	63156522	63157399	2	2	1	1	0	3
chr15	63189749	63244755	1	1	1	3	0	42
chr15	63244817	63249644	1	1	1	1	0	6
chr15	63255585	63256504	1	1	1	1	0	19
chr15	63256595	63259626	1	1	1	1	0	42
chr15	63678366	63680076	2	2	1	2	0	16
chr15	63690648	63692410	2	2	1	3	0	22
chr15	63694158	63694311	2	2	1	1	0	12
chr15	64073029	64081101	2	2	1	1	0	36
chr15	64156146	64156724	2	2	1	3	0	43
chr15	64156910	64160103	2	2	1	2	0	43
chr15	64160198	64162040	2	2	1	1	0	5
chr15	64214125	64216561	2	2	1	2	0	31
chr15	64366076	64376742	2	2	1	1	0	21
chr15	64366076	64380957	2	2	1	1	0	9
chr15	64370419	64373008	1	1	1	1	0	33
chr15	64445109	64454996	1	1	1	1	0	24
chr15	64550072	64550723	2	4	1	1	0	21
chr15	64675505	64675575	2	4	1	1	0	21
chr15	64676257	64678115	1	1	1	3	0	29
chr15	64691592	64703028	2	2	1	2	0	35
chr15	64715184	64715667	1	3	1	1	0	43
chr15	64816358	64816573	2	2	1	1	0	38
chr15	64821715	64821882	1	3	1	1	0	37
chr15	64963737	64965319	2	2	1	2	0	18
chr15	64969067	64969254	2	2	1	2	0	13
chr15	64970223	64974601	2	2	1	1	0	13
chr15	65119955	65129031	2	2	1	1	0	20
chr15	65155082	65155691	2	2	1	1	0	24
chr15	65155857	65156843	2	2	1	4	0	34
chr15	65156933	65157745	2	2	1	1	0	36
chr15	65157911	65158574	2	2	1	2	0	18
chr15	65441793	65444417	2	2	1	1	0	25
chr15	65479040	65480221	2	2	1	1	0	35
chr15	65507356	65512294	2	2	1	2	0	45
chr15	65554961	65556738	1	1	1	1	0	43
chr15	65571655	65572234	1	1	1	8	0	44
chr15	65572367	65576302	1	1	1	14	0	44
chr15	65645704	65650381	1	1	1	2	0	45
chr15	65869626	65877331	1	1	1	1	0	23
chr15	65877528	65877761	1	1	1	3	0	27
chr15	65879752	65887700	1	1	1	5	0	39
chr15	66306953	66308708	1	1	1	1	0	27
chr15	66329125	66329220	1	1	1	1	0	9
chr15	66341357	66349059	2	2	1	4	0	32
chr15	66435238	66436745	1	1	1	2	0	40
chr15	66460463	66462397	1	3	1	2	0	36
chr15	66495420	66497641	2	2	1	1	0	31
chr15	66499422	66499538	2	4	1	36	0	20
chr15	66499566	66499586	2	4	0	1	0	24
chr15	66499653	66500055	2	2	1	13	0	43
chr15	66500177	66500292	2	2	1	8	0	40
chr15	66500377	66500948	2	2	1	12	0	44
chr15	66501106	66501374	2	2	1	5	0	45
chr15	66501505	66501787	2	2	1	8	0	39
chr15	66501913	66502611	2	2	1	3	0	28
chr15	66502751	66503057	2	2	1	1	0	12
chr15	66503165	66503357	2	2	1	1	0	8
chr15	66503530	66504787	2	2	1	1	0	37
chr15	66519079	66520589	1	1	1	3	0	24
chr15	66532404	66532984	1	1	1	1	0	29
chr15	66533014	66535932	1	1	1	1	0	4
chr15	66537264	66540097	1	1	1	1	0	21
chr15	66540211	66546590	1	1	1	7	0	44
chr15	67184865	67187364	1	1	1	2	0	10
chr15	67187510	67190412	1	1	1	1	0	34
chr15	67692553	67693517	1	1	1	1	0	34
chr15	68142031	68142289	1	1	1	1	0	26
chr15	68175768	68176473	1	1	1	2	0	42
chr15	68176655	68181211	1	1	1	1	0	37
chr15	68780143	68780409	2	2	1	3	0	40
chr15	68780474	68782955	2	2	1	5	0	34
chr15	68783054	68784396	2	2	1	3	0	39
chr15	68784596	68787412	2	2	1	5	0	30
chr15	68787536	68787769	2	2	1	3	0	32
chr15	68787920	68820697	2	2	1	0	1	41
chr15	69360132	69379882	1	1	1	1	0	39
chr15	69436262	69436563	1	1	1	1	0	16
chr15	69436723	69438247	1	1	1	6	0	46
chr15	69438406	69439903	1	1	1	1	0	45
chr15	69446365	69446870	1	1	1	1	0	33
chr15	69453021	69453646	1	1	1	17	1	37
chr15	69453021	69455169	1	1	1	2	0	41
chr15	69453722	69455169	1	1	1	72	1	46
chr15	69455288	69455427	1	1	1	569	1	45
chr15	70664815	70666723	2	2	1	1	0	18
chr15	70679677	70682757	2	2	1	1	0	7
chr15	70682796	70684264	2	2	1	1	0	38
chr15	70851721	70853888	2	2	1	1	0	22
chr15	71848969	71850035	2	2	1	1	0	12
chr15	72206881	72207126	2	4	1	1	0	28
chr15	72208892	72209672	2	2	1	2	0	28
chr15	72241986	72242156	2	2	1	1	0	15
chr15	72242221	72242619	2	2	1	1	0	13
chr15	72250958	72251206	2	2	1	1	0	21
chr15	72264622	72265080	2	2	1	1	0	3
chr15	72551441	72551535	1	1	1	1	0	15
chr15	72580992	72582074	1	1	1	0	1	8
chr15	72656632	72658557	1	1	1	0	3	20
chr15	72729685	72731304	1	1	1	1	0	6
chr15	72736964	72737477	1	1	1	2	0	38
chr15	73573796	73587523	2	2	1	3	0	13
chr15	73704473	73708338	1	1	1	1	0	7
chr15	74078690	74080615	2	2	1	0	1	10
chr15	74448601	74449185	2	2	1	2	0	30
chr15	74479279	74481050	1	1	1	1	0	28
chr15	74839714	74840233	2	2	1	1	0	28
chr15	74844940	74845073	1	1	1	1	0	32
chr15	74900138	74901949	2	2	1	1	0	21
chr15	74920443	74923647	2	2	1	55	0	46
chr15	74920443	74926765	2	2	1	3	0	6
chr15	74923771	74926765	2	2	1	4	0	46
chr15	74929233	74937914	2	2	1	2	0	43
chr15	75260493	75262411	1	1	1	0	2	20
chr15	75284770	75286692	1	1	1	0	2	20
chr15	75356033	75356109	2	2	1	2	0	23
chr15	75380724	75381612	2	2	1	2	0	41
chr15	75411744	75412762	2	2	1	2	0	40
chr15	75607314	75609557	2	2	1	1	0	12
chr15	75674447	75677169	1	1	1	1	0	22
chr15	75854488	75868950	1	1	1	1	0	12
chr15	75859983	75868950	1	1	1	2	0	36
chr15	75869011	75873427	1	1	1	3	0	20
chr15	75890484	75890918	1	1	1	1	0	44
chr15	75914206	75917229	1	1	1	0	1	33
chr15	76216598	76225848	2	2	1	2	0	43
chr15	76225930	76231332	2	2	1	1	0	28
chr15	76292514	76292618	2	2	1	2	0	23
chr15	76465223	76467154	2	4	1	1	0	26
chr15	76471336	76504858	2	2	1	1	0	18
chr15	76701866	76702849	2	2	1	2	0	6
chr15	76703003	76705902	2	2	1	1	0	11
chr15	76733385	76753807	2	2	1	1	0	44
chr15	76753949	76764960	2	2	1	1	0	15
chr15	76932467	76935525	1	1	1	1	0	15
chr15	76943872	76947420	1	1	1	1	0	39
chr15	77286505	77365162	2	2	1	3	0	39
chr15	77365226	77420005	2	2	1	3	0	33
chr15	77920307	77921335	2	2	1	1	0	45
chr15	78105333	78105738	2	2	1	1	0	39
chr15	78341222	78343498	1	1	1	1	0	3
chr15	78476360	78478296	1	1	1	1	0	3
chr15	78488337	78488646	1	1	1	1	0	37
chr15	78540540	78541904	1	1	1	1	0	19
chr15	78541931	78542176	1	1	1	2	0	26
chr15	78542220	78542482	1	1	1	3	0	38
chr15	78542646	78544189	1	1	1	2	0	35
chr15	78544958	78545633	1	1	1	1	0	29
chr15	78545765	78546574	1	1	1	4	0	42
chr15	78545765	78548789	1	1	1	1	0	28
chr15	78546699	78548789	1	1	1	28	0	46
chr15	78873058	78878212	1	1	1	5	0	41
chr15	78878260	78880511	1	1	1	8	6	44
chr15	78880580	78886140	1	1	1	65	0	45
chr15	78881976	78886140	1	1	1	1	0	20
chr15	78885084	78886140	1	1	1	3	0	36
chr15	78886228	78887268	1	1	1	14	58	46
chr15	78887350	78890988	1	1	1	2	3	26
chr15	78891015	78891483	1	1	1	6	0	26
chr15	78891573	78892211	1	1	1	2	0	29
chr15	78892314	78893538	1	1	1	0	3	40
chr15	78894231	78894819	1	1	1	3	0	30
chr15	78894905	78896982	1	1	1	12	0	44
chr15	79899126	79907628	2	2	1	4	0	46
chr15	80077814	80079468	2	2	1	1	0	27
chr15	80121821	80122699	1	1	1	1	0	18
chr15	80122801	80131179	1	1	1	5	0	43
chr15	80181160	80186129	1	1	1	3	0	19
chr15	80979478	80981949	2	2	1	7	0	38
chr15	82342909	82343117	2	2	1	0	1	45
chr15	82345897	82346560	2	2	1	0	2	5
chr15	82372417	82372497	2	2	1	0	1	3
chr15	82419466	82419979	1	1	1	1	0	26
chr15	82432898	82433561	1	1	1	0	2	5
chr15	82436070	82436278	1	1	1	0	4	45
chr15	82473482	82475477	2	2	1	0	1	11
chr15	82522471	82523134	1	1	1	0	2	5
chr15	82536882	82538305	2	2	1	378	0	46
chr15	82538372	82538879	2	2	1	139	0	45
chr15	82538986	82539980	2	2	1	8	0	45
chr15	82851232	82852141	2	2	1	1	0	26
chr15	83004973	83008547	2	2	1	1	0	17
chr15	83157574	83157902	2	2	1	20	0	43
chr15	83158042	83163998	2	2	1	6	0	40
chr15	84200877	84202869	2	2	1	0	1	11
chr15	84238654	84239317	1	1	1	0	2	5
chr15	84240573	84240593	1	1	1	0	1	32
chr15	84242250	84242459	1	1	1	0	4	45
chr15	84353225	84353888	1	1	1	0	2	5
chr15	84354638	84354658	1	1	1	0	1	32
chr15	84356314	84356523	1	1	1	0	4	45
chr15	84431258	84431467	2	2	1	0	4	45
chr15	84433123	84433143	2	2	1	0	1	32
chr15	84434263	84434926	2	2	1	0	2	5
chr15	84470695	84472687	1	1	1	0	1	11
chr15	84510057	84510266	2	2	1	0	4	45
chr15	84511923	84511943	2	2	1	0	1	32
chr15	84513303	84513966	2	2	1	0	2	5
chr15	84542285	84546185	2	2	1	1	0	34
chr15	84555071	84569504	2	2	1	2	0	19
chr15	84670070	84670724	2	2	1	1	0	11
chr15	84670783	84680712	2	2	1	1	0	22
chr15	84692121	84716024	2	2	1	0	1	3
chr15	85243288	85243951	1	1	1	0	2	5
chr15	85466313	85506929	2	4	1	1	0	27
chr15	85669831	85682157	1	1	1	10	0	38
chr15	85682213	85684740	1	1	1	7	0	35
chr15	85715924	85717289	1	1	1	2	0	42
chr15	85722117	85722229	1	1	1	1	0	10
chr15	85743826	85744627	1	1	1	1	0	14
chr15	88627695	88628859	2	4	1	1	0	14
chr15	88899812	88901550	2	2	1	1	0	27
chr15	88902361	88903399	2	2	1	1	0	27
chr15	89244034	89247628	1	1	1	1	0	23
chr15	89268526	89273376	1	1	1	1	0	30
chr15	89276892	89278686	1	1	1	1	0	21
chr15	89307530	89307612	1	1	1	1	0	11
chr15	89307673	89312903	1	1	1	1	0	21
chr15	89314708	89315281	1	1	1	4	0	31
chr15	89315390	89316396	1	1	1	3	0	18
chr15	89317537	89318540	2	2	1	1	0	12
chr15	90440616	90441505	1	1	1	1	0	28
chr15	90466437	90467449	1	1	1	1	0	34
chr15	90473799	90473895	1	1	1	1	0	9
chr15	90474134	90474484	1	1	1	4	0	31
chr15	90474694	90476662	1	1	1	3	0	30
chr15	90487583	90491332	1	1	1	2	0	40
chr15	90491546	90492544	1	1	1	4	0	29
chr15	90494836	90497231	1	1	1	1	0	4
chr15	90785689	90790648	1	1	1	1	0	26
chr15	90790845	90794166	1	1	1	1	0	22
chr15	90798338	90803520	1	1	1	1	0	11
chr15	90804360	90809136	1	1	1	2	0	31
chr15	90811407	90815101	1	1	1	2	0	39
chr15	90974732	90976675	2	2	1	2	0	45
chr15	90979295	90980241	2	2	1	1	0	45
chr15	90981982	90984017	2	2	1	7	0	42
chr15	91002183	91003084	2	2	1	1	0	19
chr15	91003132	91004876	2	2	1	1	0	26
chr15	92924553	92927243	1	1	1	4	0	38
chr15	92927331	92929029	1	1	1	1	0	26
chr15	92937626	92939577	1	1	1	1	0	12
chr15	92944516	92945820	1	1	1	1	0	26
chr15	92945866	92946247	1	1	1	1	0	21
chr15	92949077	92953356	1	1	1	1	0	32
chr15	92955513	92967324	1	1	1	1	0	42
chr15	92978384	92979134	1	1	1	1	0	23
chr15	92979284	92980814	1	1	1	1	0	21
chr15	92980912	92981364	1	1	1	4	0	39
chr15	92981458	92984329	1	1	1	3	0	10
chr15	92984501	92985497	1	1	1	1	0	8
chr15	92992999	92996956	1	1	1	1	0	37
chr15	92998622	93000511	1	1	1	6	0	38
chr15	93000641	93002176	1	1	1	8	0	23
chr15	93012445	93014695	1	1	1	1	0	7
chr15	93256282	93280853	2	4	1	1	0	16
chr15	97966043	97968013	1	1	1	2	0	24
chr15	98924013	98924524	1	1	1	1	0	10
chr15	98939361	98942922	1	1	1	1	0	13
chr15	99566105	99598429	1	1	1	5	0	44
chr15	99598512	99632977	1	1	1	1	0	5
chr15	99600551	99632977	1	1	1	1	0	36
chr15	99727506	99728898	2	2	1	1	0	38
chr15	100614204	100661955	1	1	1	1	0	24
chr15	101275362	101276540	2	2	1	15	0	45
chr15	101281783	101284966	2	2	1	4	0	34
chr15	101285061	101285725	2	2	1	3	0	43
chr15	101285802	101286213	2	2	1	3	0	12
chr15	101285802	101286907	2	2	1	1	0	43
chr15	101286294	101286907	2	2	1	3	0	15
chr15	101292041	101293024	2	2	1	1	0	21
chr15	101702386	101703858	2	2	1	1	0	36
chr16	47558	51557	2	2	1	1	0	6
chr16	51646	53475	2	2	1	2	0	25
chr16	56614	57085	1	1	1	1	0	27
chr16	59128	59248	2	4	1	1	0	33
chr16	83257	85400	1	1	1	1	0	18
chr16	189340	189967	2	2	1	1	0	37
chr16	206148	208077	2	2	1	3	0	20
chr16	220748	227241	2	2	1	1	0	40
chr16	227337	229278	2	2	1	2	0	44
chr16	249655	254380	1	1	1	3	0	40
chr16	368636	369067	2	4	1	2	0	28
chr16	372728	374004	2	2	1	1	0	20
chr16	397314	398989	1	1	1	2	0	12
chr16	399124	399378	1	1	1	1	0	22
chr16	489001	496823	1	1	1	2	0	23
chr16	494930	495011	1	1	1	0	2	21
chr16	494971	495011	1	1	1	0	2	21
chr16	496860	497291	1	1	1	3	0	38
chr16	634645	634718	2	2	1	9	0	40
chr16	634798	634888	2	2	1	2	0	19
chr16	635341	635611	2	2	1	1	0	33
chr16	673131	673479	1	1	1	1	0	13
chr16	673493	674005	1	3	1	1	0	13
chr16	682282	682363	1	1	1	2	0	37
chr16	723937	724105	2	2	1	2	0	16
chr16	732751	734716	2	2	1	1	0	16
chr16	796078	796716	1	1	1	1	0	6
chr16	1309774	1314019	1	1	1	1	0	23
chr16	1314097	1314292	1	1	1	1	0	44
chr16	1314377	1315653	1	1	1	1	0	26
chr16	1320518	1324729	1	1	1	1	0	13
chr16	1350235	1350806	2	2	1	1	0	25
chr16	1770767	1770880	2	2	1	1	0	25
chr16	1771995	1772477	0	0	1	3	0	36
chr16	1772514	1772603	2	2	1	7	0	31
chr16	1787832	1787940	1	1	1	1	0	21
chr16	1828168	1843179	2	2	1	0	2	42
chr16	1959755	1961152	1	1	1	1	0	24
chr16	1961292	1961496	1	1	1	1	0	15
chr16	1961637	1961796	1	1	1	45	0	44
chr16	1961849	1961907	1	3	1	6	0	19
chr16	1962271	1962496	2	2	1	356	3	45
chr16	1962271	1963148	2	2	1	1	0	38
chr16	1962657	1962735	2	2	1	7	4	42
chr16	1962910	1963148	2	2	1	10	1	41
chr16	1962910	1964275	2	2	1	0	1	3
chr16	1964366	1964448	2	2	1	4	1	25
chr16	1965130	1965405	1	1	1	2	0	28
chr16	1978472	1978551	1	1	1	8	0	33
chr16	1984944	1985865	1	1	1	1	0	9
chr16	2040239	2043566	2	2	1	4	0	45
chr16	2088326	2088445	1	1	1	1	0	41
chr16	2154923	2155142	2	2	1	1	0	38
chr16	2174049	2174250	1	1	1	1	0	8
chr16	2175623	2175833	1	1	1	1	0	6
chr16	2214054	2214137	2	2	1	2	0	28
chr16	2240146	2243045	2	2	1	1	0	41
chr16	2243225	2243317	2	2	1	1	0	32
chr16	2254064	2255584	2	2	1	0	1	4
chr16	2529096	2529474	1	1	1	1	0	17
chr16	2597276	2597650	1	1	1	1	0	20
chr16	2756607	2757471	1	1	1	1	0	39
chr16	2757580	2757780	1	1	1	8	0	45
chr16	2757946	2758469	1	1	1	14	0	39
chr16	2759403	2759568	1	1	1	1	0	22
chr16	2759662	2760300	1	1	1	1	0	38
chr16	2770718	2770857	1	1	1	5	0	46
chr16	2771149	2771322	2	2	1	2	0	45
chr16	2771605	2771993	2	2	1	3	0	23
chr16	2772103	2775450	2	2	1	60	2	45
chr16	2772103	2776992	2	2	1	1	0	29
chr16	2775557	2776992	2	2	1	10	0	44
chr16	2777128	2777236	2	2	1	3	0	40
chr16	2916243	2916534	1	3	1	1	0	27
chr16	2973065	2973137	2	2	1	3	0	45
chr16	3014844	3015505	1	1	1	1	0	41
chr16	3026167	3026250	1	1	1	1	0	28
chr16	3026289	3026364	1	1	1	1	0	4
chr16	3026414	3026515	1	1	1	2	0	24
chr16	3027281	3027365	1	1	1	1	0	4
chr16	3027501	3027576	1	1	1	11	0	45
chr16	3657817	3657905	1	1	1	1	0	23
chr16	3658231	3658792	2	2	1	10	0	25
chr16	3658866	3661986	2	2	1	3	0	40
chr16	3662133	3662881	2	2	1	1	0	3
chr16	3663563	3664273	2	2	1	1	0	35
chr16	3664460	3665970	2	2	1	1	0	12
chr16	3736204	3736649	2	2	1	1	0	20
chr16	3744962	3745276	2	2	1	1	0	21
chr16	3751837	3757287	2	2	1	1	0	38
chr16	3757377	3757808	2	2	1	2	0	46
chr16	3778183	3778699	2	2	1	1	0	10
chr16	3778818	3780731	2	2	1	2	0	46
chr16	4340406	4340919	2	2	1	19	0	45
chr16	4340986	4341367	2	2	1	10	0	43
chr16	4463851	4466152	2	2	1	1	0	8
chr16	4505611	4506894	1	1	1	1	0	11
chr16	4821598	4822874	2	2	1	1	0	7
chr16	4822932	4823820	2	2	1	1	0	28
chr16	4832222	4832773	2	2	1	2	0	45
chr16	4845154	4846173	2	2	1	1	0	24
chr16	4858077	4858567	1	1	1	3	0	6
chr16	4858664	4859024	1	1	1	2	0	23
chr16	4859160	4859864	1	1	1	2	0	30
chr16	4861103	4868832	1	1	1	1	0	43
chr16	4870635	4870843	1	1	1	1	0	33
chr16	5083758	5084749	1	1	1	1	0	34
chr16	5163741	5183614	1	1	1	1	0	25
chr16	6350502	6370362	1	1	1	18	5	37
chr16	8644726	8646107	1	1	1	6	0	43
chr16	8797949	8801798	1	1	1	1	0	15
chr16	8806408	8811078	1	1	1	1	0	23
chr16	8829855	8831013	2	2	1	1	0	15
chr16	8858473	8859170	2	2	1	1	0	36
chr16	8859336	8868965	2	2	1	2	0	37
chr16	8894641	8894783	2	2	1	2	0	21
chr16	8898640	8899120	2	2	1	1	0	36
chr16	8902188	8902380	2	2	1	1	0	8
chr16	8903403	8904434	2	2	1	1	0	16
chr16	8904566	8905186	2	2	1	5	0	30
chr16	8910828	8915253	2	2	1	1	0	21
chr16	8915345	8915444	2	2	1	4	0	24
chr16	8915526	8916501	2	2	1	7	0	41
chr16	8916557	8917025	2	2	1	5	0	44
chr16	8917157	8919030	2	2	1	3	0	39
chr16	8919140	8920358	2	2	1	1	0	37
chr16	8920448	8921156	2	2	1	3	0	12
chr16	8923414	8930292	2	2	1	1	0	25
chr16	10387495	10428867	1	1	1	1	0	8
chr16	10433650	10438100	1	1	1	1	0	20
chr16	10538075	10543569	2	2	1	1	0	8
chr16	10929075	10929216	2	2	1	2	0	26
chr16	11345767	11350641	1	1	1	1	0	15
chr16	11756371	11758430	2	2	1	1	0	8
chr16	11758540	11761405	2	2	1	5	0	44
chr16	11758540	11761909	2	2	1	1	0	22
chr16	11762044	11762670	2	2	1	1	0	29
chr16	11765154	11765488	2	2	1	1	0	7
chr16	11767579	11768314	2	2	1	1	0	45
chr16	11779364	11781424	2	2	1	1	0	18
chr16	11838114	11839694	2	2	1	11	0	41
chr16	11838114	11839700	2	2	1	1	0	42
chr16	11839986	11841694	2	2	1	9	0	41
chr16	11841818	11841906	2	2	1	1	0	27
chr16	11841821	11841906	2	2	1	17	0	46
chr16	11842001	11846500	2	2	1	3	0	23
chr16	11876176	11877406	2	2	1	3	0	27
chr16	11886932	11887569	2	2	1	1	0	27
chr16	11887751	11891061	2	2	1	1	0	8
chr16	11891140	11894953	2	2	1	8	0	36
chr16	11894988	11896557	2	2	1	15	0	36
chr16	11896786	11897839	2	2	1	1	0	31
chr16	11897882	11897993	2	2	1	2	0	29
chr16	11898036	11915368	2	2	1	1	0	18
chr16	12048621	12051846	1	1	1	1	0	11
chr16	13357784	13357814	1	1	1	0	6	40
chr16	13474342	13562706	1	1	1	1	0	8
chr16	13928236	13930709	1	1	1	1	0	28
chr16	13930891	13932156	1	1	1	1	0	15
chr16	14079355	14140543	1	1	1	1	0	37
chr16	14554152	14555653	2	2	1	1	0	34
chr16	14719927	14720089	1	1	1	0	1	24
chr16	14720235	14723191	1	1	1	0	1	34
chr16	14759047	14759209	1	1	1	0	1	24
chr16	14759355	14762311	1	1	1	0	1	34
chr16	14864727	14865023	1	1	1	0	1	32
chr16	14871685	14872233	1	1	1	0	1	45
chr16	14872330	14875035	1	1	1	0	1	39
chr16	14880143	14881543	1	1	1	0	2	17
chr16	14889216	14894997	1	1	1	0	1	22
chr16	14895858	14896095	2	2	1	0	2	45
chr16	14945674	14945836	1	1	1	0	3	24
chr16	14945982	14948929	1	1	1	0	1	34
chr16	15009760	15016128	1	1	1	0	1	12
chr16	15017423	15018839	1	1	1	1	0	35
chr16	15038211	15038573	2	2	1	1	0	14
chr16	15107438	15110413	2	2	1	0	1	34
chr16	15114572	15118925	2	2	1	1	0	36
chr16	15366761	15369711	2	2	1	0	1	34
chr16	15515429	15567982	1	1	1	1	0	18
chr16	15636343	15639089	2	2	1	1	0	45
chr16	15710909	15722974	2	2	1	0	1	35
chr16	16263216	16263512	1	1	1	0	1	32
chr16	16270185	16270732	1	1	1	0	1	45
chr16	16270829	16273688	1	1	1	0	1	39
chr16	16278790	16280188	1	1	1	0	2	17
chr16	16283127	16285404	1	1	1	0	1	37
chr16	16287863	16293651	1	1	1	0	1	22
chr16	16294512	16294749	2	2	1	0	2	45
chr16	16344453	16347402	1	1	1	0	1	34
chr16	16387499	16387661	1	1	1	0	3	24
chr16	16387807	16390766	1	1	1	0	1	8
chr16	18321125	18324090	2	2	1	0	1	8
chr16	18324236	18324398	2	2	1	0	3	24
chr16	18361278	18364226	2	2	1	0	1	34
chr16	18417387	18417624	1	1	1	0	2	45
chr16	18418485	18424273	2	2	1	0	1	22
chr16	18426732	18429009	2	2	1	0	1	37
chr16	18431949	18433347	2	2	1	0	2	17
chr16	18499986	18500223	1	1	1	0	2	45
chr16	18501084	18506872	2	2	1	0	1	22
chr16	18509268	18511545	2	2	1	0	1	37
chr16	18514484	18515882	2	2	1	0	2	17
chr16	18520984	18523843	2	2	1	0	1	39
chr16	18523940	18524488	2	2	1	0	1	45
chr16	18531169	18531465	2	2	1	0	1	32
chr16	18783103	18784737	2	2	1	271	52	46
chr16	18784824	18788062	2	2	1	48	0	46
chr16	18788143	18788980	2	2	1	7	1	41
chr16	18789119	18790309	2	2	1	1	0	14
chr16	18793371	18794598	2	2	1	29	0	44
chr16	18794684	18795463	2	2	1	22	0	44
chr16	18795582	18797924	2	2	1	2	0	45
chr16	18798045	18798700	2	2	1	1	0	26
chr16	18836213	18836359	2	2	1	1	0	16
chr16	18838233	18838356	2	2	1	1	0	19
chr16	18845652	18847452	2	2	1	1	0	31
chr16	18847608	18847815	2	2	1	1	0	3
chr16	18849379	18849948	2	2	1	1	0	15
chr16	18860777	18863649	2	2	1	1	9	29
chr16	19524089	19525718	1	1	1	1	0	16
chr16	19537588	19540656	1	1	1	1	0	43
chr16	19699649	19700377	1	1	1	1	0	16
chr16	19707222	19710508	2	2	1	2	0	25
chr16	19715038	19718157	2	2	1	5	0	40
chr16	20739072	20741508	2	2	1	1	0	8
chr16	20796490	20796885	1	1	1	1	0	4
chr16	21258846	21261253	2	2	1	1	0	30
chr16	21411130	21411241	2	2	1	0	4	41
chr16	21411342	21414956	2	2	1	0	1	31
chr16	21449699	21452581	2	2	1	0	19	43
chr16	21452784	21452931	2	2	1	0	1	13
chr16	21458640	21459779	2	2	1	0	1	29
chr16	21494752	21496083	1	3	1	0	2	29
chr16	21517554	21518021	1	3	1	2	0	30
chr16	21599899	21612644	1	1	1	1	0	43
chr16	21797113	21797749	2	2	1	1	0	9
chr16	21812416	21812521	2	2	1	1	0	18
chr16	21843582	21843693	2	2	1	0	3	41
chr16	21881952	21884823	2	2	1	0	10	27
chr16	21885026	21885173	2	2	1	0	1	13
chr16	21890883	21891591	2	2	1	0	1	29
chr16	21926242	21927584	1	3	1	0	2	29
chr16	21965506	21968627	1	1	1	2	0	37
chr16	21976244	21980546	1	1	1	1	0	12
chr16	21980701	21983087	1	1	1	1	0	7
chr16	22328588	22332059	1	1	1	1	0	40
chr16	22347824	22349278	2	2	1	1	0	14
chr16	22443149	22444476	2	4	1	0	2	23
chr16	22479132	22480263	1	1	1	0	1	29
chr16	22485973	22486120	1	1	1	0	1	13
chr16	22486323	22489205	1	1	1	0	19	43
chr16	22506633	22510054	2	2	1	1	0	43
chr16	22523949	22527565	1	1	1	0	1	31
chr16	22527666	22527777	1	1	1	0	4	41
chr16	22661777	22675693	1	1	1	1	0	37
chr16	23087187	23087723	2	2	1	1	0	25
chr16	23117952	23120179	2	2	1	1	0	30
chr16	23464890	23465273	2	2	1	1	0	34
chr16	23581174	23582275	2	2	1	54	0	45
chr16	23582376	23585335	2	2	1	4	0	38
chr16	23585424	23587196	2	2	1	1	0	7
chr16	23637953	23638069	2	2	1	2	0	35
chr16	23679341	23680083	1	1	1	1	0	26
chr16	24570500	24570875	1	1	1	1	0	42
chr16	24729847	24730252	1	1	1	20	0	46
chr16	24730301	24750725	1	1	1	4	0	32
chr16	24806785	24809349	1	1	1	1	0	33
chr16	25175035	25178000	1	1	1	4	0	38
chr16	25460205	25581678	1	1	1	3	0	30
chr16	25746672	25749330	2	2	1	1	0	41
chr16	27497822	27498629	2	4	1	5	0	39
chr16	27511902	27528597	2	2	1	1	0	15
chr16	27537928	27538179	2	2	1	2	0	21
chr16	28101689	28101846	2	2	1	1	0	30
chr16	28106215	28106382	2	2	1	1	0	19
chr16	28322651	28323183	2	2	1	1	0	12
chr16	28379881	28379975	2	2	1	0	61	45
chr16	28380380	28380467	2	2	1	0	1	45
chr16	28380792	28383117	2	2	1	0	1	22
chr16	28388699	28390290	2	2	1	0	1	43
chr16	28390385	28390519	2	2	1	0	1	43
chr16	28399999	28400376	2	2	1	0	1	22
chr16	28400985	28401206	2	2	1	0	1	42
chr16	28401397	28401538	2	2	1	0	2	28
chr16	28401605	28403517	2	2	1	0	1	13
chr16	28403649	28403786	2	2	1	0	1	45
chr16	28487542	28487661	2	2	1	1	0	6
chr16	28590936	28591589	1	1	1	3	0	43
chr16	28711519	28711656	1	1	1	0	1	45
chr16	28711788	28713700	1	1	1	0	1	13
chr16	28713767	28713908	1	1	1	0	2	28
chr16	28714099	28714320	1	1	1	0	1	42
chr16	28714929	28715306	1	1	1	0	1	22
chr16	28724784	28724918	1	1	1	0	1	43
chr16	28725013	28726604	1	1	1	0	1	43
chr16	28732193	28734519	1	1	1	0	1	22
chr16	28734844	28734931	1	1	1	0	1	45
chr16	28735336	28735430	1	1	1	0	61	45
chr16	28826987	28829400	1	1	1	1	0	4
chr16	28832888	28833058	1	1	1	1	0	8
chr16	28836449	28836999	2	2	1	1	0	39
chr16	28843149	28843735	2	2	1	2	0	45
chr16	28843856	28843949	2	2	1	3	0	30
chr16	28844552	28844697	2	2	1	1	0	33
chr16	28879105	28879541	2	2	1	2	0	36
chr16	28951399	28952131	1	1	1	1	0	32
chr16	28952205	28954564	1	1	1	1	0	38
chr16	29381462	29381593	2	4	1	6	0	38
chr16	29390137	29390248	2	2	1	0	4	41
chr16	29390349	29393947	2	2	1	0	1	31
chr16	29428412	29431278	2	2	1	0	9	24
chr16	29449238	29449520	1	1	1	0	3	24
chr16	29453733	29454015	2	2	1	0	46	45
chr16	29454114	29454190	2	2	1	0	4	42
chr16	29457760	29457927	1	1	1	0	5	16
chr16	29458016	29458094	1	1	1	0	13	37
chr16	29464341	29464462	1	1	1	0	2	42
chr16	29491663	29491774	2	2	1	0	4	41
chr16	29491875	29495478	2	2	1	0	1	31
chr16	29530181	29533044	2	2	1	0	1	27
chr16	29548763	29551188	2	2	1	0	2	25
chr16	29566250	29594886	2	2	1	0	1	45
chr16	29737814	29738366	1	1	1	1	0	45
chr16	29805027	29805114	1	1	1	10	0	42
chr16	29805175	29805262	1	1	1	28	0	42
chr16	29810779	29811107	0	0	1	5	0	44
chr16	29971579	29972949	1	1	1	5	0	44
chr16	29995218	29995342	2	2	1	1	0	18
chr16	30000837	30000928	1	1	1	1	0	36
chr16	30067662	30068645	1	1	1	3	0	32
chr16	30068701	30068817	1	1	1	1	0	16
chr16	30068979	30069305	1	1	1	4	0	35
chr16	30069390	30069498	1	1	1	2	0	26
chr16	30069652	30070330	0	0	1	9	0	43
chr16	30069674	30069829	1	1	1	3	0	11
chr16	30069674	30070272	1	1	1	2	0	21
chr16	30070030	30070116	1	1	1	8	0	42
chr16	30070219	30070277	1	1	1	5	0	4
chr16	30083568	30083654	1	1	1	1	0	31
chr16	30105010	30108212	2	2	1	1	0	6
chr16	30188577	30188859	1	1	1	0	3	24
chr16	30193075	30193357	2	2	1	0	46	45
chr16	30193456	30193532	2	2	1	0	4	42
chr16	30197102	30197269	1	1	1	0	5	16
chr16	30197358	30197436	1	1	1	0	13	37
chr16	30203686	30203807	1	1	1	0	2	42
chr16	30231636	30231747	2	2	1	0	4	41
chr16	30231848	30235450	2	2	1	0	1	31
chr16	30270166	30273028	2	2	1	0	1	27
chr16	30288786	30291202	2	2	1	0	2	25
chr16	30305954	30334974	2	2	1	0	1	45
chr16	30353801	30353900	2	2	1	1	0	15
chr16	30927964	30928466	1	1	1	1	0	18
chr16	30928500	30930072	1	1	1	1	0	9
chr16	31034115	31034225	1	1	1	3	0	17
chr16	31034537	31034969	1	1	1	1	0	23
chr16	31087827	31091091	2	4	1	1	0	3
chr16	31109419	31109510	1	1	1	1	0	21
chr16	31111220	31111299	1	1	1	1	0	25
chr16	31111390	31111868	1	1	1	2	0	41
chr16	31128140	31130016	1	1	1	1	0	31
chr16	31130158	31130266	1	1	1	1	0	39
chr16	31130901	31131194	1	1	1	3	0	40
chr16	31131605	31131692	1	1	1	1	0	3
chr16	31184003	31184208	1	1	1	2	0	34
chr16	31185180	31186801	1	1	1	1	0	14
chr16	31186837	31188324	1	1	1	3	0	33
chr16	31188358	31189122	1	1	1	4	0	33
chr16	31189227	31189664	1	1	1	3	0	14
chr16	31190142	31190274	1	1	1	3	0	24
chr16	31190399	31190741	1	1	1	2	0	42
chr16	31190843	31190962	1	1	1	1	0	29
chr16	31191111	31191398	1	1	1	88	0	45
chr16	31191111	31191455	1	1	1	5	0	19
chr16	31201842	31202146	2	2	1	2	0	32
chr16	31723354	31753765	1	1	1	1	0	27
chr16	31982190	31983732	1	1	1	0	2	40
chr16	46623108	46623325	1	3	1	0	1	16
chr16	46663966	46664411	2	4	1	1	0	17
chr16	46677399	46678942	2	2	1	1	0	22
chr16	46679157	46680670	2	2	1	4	0	41
chr16	46692546	46693092	1	1	1	2	0	33
chr16	46693183	46695561	1	1	1	2	0	22
chr16	46696086	46697457	1	1	1	1	0	34
chr16	46803071	46809602	2	2	1	1	0	39
chr16	46906976	46909683	1	1	1	1	0	12
chr16	46967647	46968083	2	2	1	1	0	36
chr16	46968165	46971348	2	2	1	1	0	19
chr16	47365870	47375875	2	2	1	1	0	31
chr16	47375941	47428803	2	2	1	1	0	29
chr16	47426349	47428803	2	2	1	1	0	32
chr16	48258741	48261423	1	1	1	2	0	17
chr16	48261588	48262777	1	1	1	2	0	17
chr16	49553451	49553963	2	4	1	1	0	41
chr16	50319267	50319886	2	2	1	5	0	40
chr16	50319458	50319886	2	2	1	1	0	26
chr16	50320031	50320247	2	2	1	1	0	8
chr16	50320775	50321981	2	2	1	2	0	46
chr16	50322039	50323586	2	2	1	1	0	24
chr16	50326392	50328668	2	2	1	0	1	4
chr16	50333698	50334710	2	2	1	1	0	8
chr16	50334896	50339975	2	2	1	5	0	40
chr16	50340087	50350022	2	2	1	0	2	42
chr16	50354483	50354792	2	2	1	1	0	14
chr16	50354923	50368089	2	2	1	1	1	36
chr16	50368299	50368725	2	2	1	8	0	43
chr16	50786947	50787785	1	1	1	2	0	36
chr16	53209814	53222643	1	1	1	7	0	34
chr16	53226513	53227395	1	1	1	1	0	14
chr16	53245480	53245594	1	1	1	1	0	25
chr16	53273786	53274212	1	1	1	1	0	13
chr16	53314517	53314822	1	1	1	3	0	37
chr16	53315045	53318211	1	1	1	1	0	25
chr16	53318341	53319812	1	1	1	1	0	39
chr16	53461851	53462551	1	1	1	1	0	40
chr16	53470923	53479153	1	1	1	2	0	43
chr16	53657633	53658413	2	2	1	1	0	20
chr16	56432734	56434330	2	2	1	8	0	39
chr16	56434446	56434753	2	2	1	1	0	23
chr16	56626532	56626879	1	1	1	2	0	10
chr16	56666971	56667311	2	2	1	0	1	22
chr16	56682569	56683957	1	1	1	2	0	27
chr16	56683231	56683957	1	1	1	6	1	37
chr16	56834255	56834369	1	1	1	1	0	29
chr16	56836718	56837607	1	1	1	1	0	3
chr16	56837727	56838951	1	1	1	2	0	44
chr16	56841834	56844498	1	1	1	3	0	37
chr16	57154508	57164000	2	2	1	1	0	37
chr16	57172373	57172775	2	2	1	1	0	32
chr16	57172875	57173727	2	2	1	7	0	32
chr16	57173870	57175538	2	2	1	1	0	32
chr16	57221416	57227341	1	1	1	2	0	7
chr16	57235229	57238878	1	1	1	6	0	29
chr16	57431267	57432486	2	2	1	1	0	35
chr16	57459721	57460050	1	1	1	1	0	6
chr16	57470355	57470974	1	1	1	3	0	27
chr16	58164148	58165559	2	2	1	2	0	9
chr16	58196845	58197632	2	2	1	2	0	40
chr16	58516929	58518050	1	1	1	1	0	15
chr16	58518544	58518723	1	1	1	1	0	7
chr16	58521037	58521182	2	2	1	1	0	23
chr16	58526139	58528474	2	2	1	2	0	42
chr16	58530348	58531957	2	2	1	2	0	22
chr16	58546750	58547185	2	2	1	2	0	24
chr16	58551273	58551588	2	2	1	3	0	40
chr16	58587414	58587779	2	2	1	1	0	38
chr16	58588907	58599235	2	2	1	1	0	44
chr16	58623410	58624652	2	2	1	2	0	11
chr16	58707252	58707800	2	4	1	1	0	13
chr16	58708294	58709416	2	2	1	2	0	31
chr16	58718301	58718526	2	2	1	2	0	22
chr16	65230015	65235108	1	1	1	0	1	30
chr16	66552794	66563121	1	1	1	1	0	13
chr16	66563218	66565885	1	1	1	2	0	25
chr16	66565983	66566535	2	2	1	2	0	3
chr16	66723823	66725827	2	2	1	4	0	36
chr16	66738378	66738772	1	3	1	3	1	20
chr16	66803119	66805776	2	2	1	2	0	12
chr16	66805827	66805911	2	2	1	1	0	27
chr16	66809076	66810373	2	2	1	2	0	38
chr16	66810414	66810696	2	2	1	2	0	35
chr16	66810773	66813563	2	2	1	1	0	3
chr16	66816673	66816964	2	2	1	1	0	16
chr16	66817029	66817424	2	2	1	1	0	18
chr16	66817488	66818527	2	2	1	6	0	30
chr16	66818638	66821449	2	2	1	5	0	28
chr16	66821560	66823226	2	2	1	2	0	37
chr16	66823307	66823528	2	2	1	1	0	14
chr16	66823601	66824854	2	2	1	1	0	6
chr16	66932301	66932779	2	2	1	3	0	43
chr16	66932826	66933613	2	2	1	1	0	43
chr16	67228632	67228796	1	1	1	1	0	30
chr16	67628553	67629397	1	1	1	2	0	41
chr16	67636852	67637687	1	1	1	1	0	28
chr16	67656882	67657238	1	1	1	2	0	22
chr16	67657317	67657405	1	1	1	2	0	43
chr16	67657685	67657761	2	2	1	9	0	42
chr16	67828391	67828473	2	2	1	1	0	12
chr16	67828844	67829422	2	2	1	1	0	42
chr16	67830089	67830389	2	2	1	1	0	14
chr16	67865230	67868339	1	1	1	1	0	8
chr16	67868412	67868500	1	1	1	1	0	12
chr16	67934672	67934796	2	2	1	13	0	44
chr16	67934949	67935419	2	2	1	1	0	14
chr16	68038470	68038938	2	2	1	1	0	46
chr16	68075505	68076631	1	1	1	1	0	10
chr16	68296811	68297233	1	1	1	1	0	30
chr16	68353567	68354350	1	1	1	1	0	9
chr16	68696495	68717541	1	1	1	0	2	14
chr16	68696495	68721858	1	1	1	0	1	14
chr16	68700758	68731263	1	3	1	1	0	22
chr16	68801894	68808423	1	1	1	3	0	33
chr16	69155994	69157083	1	1	1	3	0	12
chr16	69157241	69160355	1	1	1	2	0	17
chr16	69165527	69167074	1	1	1	2	0	40
chr16	69167186	69168820	1	1	1	2	0	45
chr16	69284245	69299589	1	1	1	1	0	5
chr16	69299775	69300831	1	1	1	2	0	33
chr16	69372356	69384579	2	2	1	1	0	18
chr16	69646579	69647027	1	1	1	1	0	9
chr16	69695380	69696359	1	1	1	4	0	34
chr16	69749339	69749558	2	2	1	1	0	21
chr16	69937653	69939026	1	1	1	1	0	29
chr16	70018098	70021823	2	2	1	1	0	40
chr16	70024671	70030987	2	2	1	0	1	12
chr16	70252907	70253267	2	2	1	3	0	42
chr16	70253382	70253713	2	4	1	2	0	3
chr16	70254735	70255727	2	2	1	1	0	6
chr16	70259187	70261043	2	2	1	1	0	41
chr16	70265103	70265537	2	2	1	0	1	7
chr16	70365132	70366084	1	1	1	1	0	37
chr16	70420940	70421152	2	2	1	2	0	41
chr16	70481866	70482091	2	2	1	1	0	45
chr16	70512433	70514334	2	2	1	1	0	7
chr16	70535421	70538322	1	1	1	1	0	7
chr16	70548443	70554445	1	1	1	1	0	8
chr16	70567537	70568282	1	1	1	2	0	45
chr16	70568496	70569042	1	1	1	1	0	25
chr16	70571200	70571672	1	1	1	1	0	5
chr16	71883274	71883907	2	2	1	1	0	29
chr16	71895590	71915625	1	1	1	1	0	6
chr16	72023634	72024144	1	1	1	1	0	35
chr16	72109511	72110955	1	1	1	1	0	44
chr16	72426271	72427389	2	2	1	1	0	37
chr16	72747183	72781727	1	1	1	1	0	30
chr16	74452132	74453170	2	2	1	1	0	33
chr16	74452187	74452230	2	4	1	1	0	19
chr16	74459790	74462093	2	2	1	2	0	43
chr16	74462196	74462487	2	2	1	1	0	36
chr16	74463480	74465675	2	2	1	1	0	13
chr16	74465814	74467755	2	2	1	2	0	45
chr16	74471287	74472348	2	2	1	1	0	36
chr16	74494489	74610507	2	2	1	0	3	44
chr16	74632674	74636345	2	2	1	2	0	27
chr16	75104890	75107732	1	1	1	0	1	3
chr16	75106572	75107732	1	1	1	1	1	9
chr16	75294043	75305023	2	2	1	1	0	5
chr16	75305183	75395089	2	2	1	2	0	34
chr16	75395210	75411824	2	2	1	4	0	32
chr16	75411953	75412534	2	2	1	3	0	40
chr16	75414696	75433288	2	2	1	1	0	44
chr16	75488251	75496370	1	1	1	0	1	38
chr16	75612862	75617141	2	2	1	1	0	12
chr16	75627994	75628568	2	2	1	8	0	44
chr16	75628713	75629414	2	2	1	2	0	30
chr16	75631856	75634172	2	2	1	1	0	11
chr16	75635806	75635911	2	2	1	2	0	37
chr16	75636548	75640183	2	2	1	2	0	42
chr16	75640350	75641563	2	2	1	1	0	44
chr16	75648553	75654272	1	1	1	1	0	4
chr16	75654398	75656206	1	1	1	1	0	25
chr16	80997430	81006733	2	2	1	1	0	38
chr16	81012111	81014135	1	1	1	1	0	34
chr16	81014182	81017325	1	1	1	1	0	12
chr16	81020277	81022754	1	1	1	17	0	43
chr16	81026639	81028170	1	1	1	1	0	11
chr16	81028298	81028568	1	1	1	2	0	33
chr16	81030685	81030984	1	1	1	1	0	29
chr16	81042481	81043160	1	1	1	2	0	16
chr16	81058065	81084462	2	2	1	0	1	3
chr16	81082964	81084462	2	2	1	0	19	43
chr16	81084595	81087600	2	2	1	0	1	3
chr16	81090681	81096130	2	2	1	1	0	28
chr16	81354756	81356784	1	1	1	1	0	33
chr16	81710342	81710427	2	2	1	3	0	24
chr16	81711099	81711254	2	2	1	1	0	41
chr16	81956880	81957955	1	1	1	1	0	29
chr16	82149404	82151423	2	2	1	2	0	41
chr16	82151515	82164081	2	2	1	3	0	31
chr16	82164195	82164651	2	2	1	1	0	18
chr16	83808122	83808679	1	1	1	2	0	38
chr16	83808747	83809304	1	5	1	2	0	30
chr16	83809426	83811420	1	1	1	10	0	37
chr16	84102108	84116734	2	2	1	1	0	25
chr16	84454985	84459119	1	1	1	1	0	22
chr16	84590263	84617500	2	2	1	1	0	36
chr16	84775226	84778894	1	1	1	2	0	41
chr16	85678338	85678539	2	2	1	3	0	23
chr16	85687575	85688808	2	2	1	3	0	42
chr16	85781281	85788973	2	2	1	1	0	32
chr16	85801279	85804936	1	1	1	3	0	46
chr16	85805105	85805732	1	1	1	2	0	43
chr16	85805865	85806737	1	1	1	5	0	37
chr16	87402282	87402922	1	1	1	1	0	31
chr16	87690527	87696579	1	1	1	3	0	31
chr16	87708076	87708349	2	2	1	1	0	27
chr16	87738637	87738881	2	2	1	0	1	22
chr16	87738660	87738881	2	2	1	0	1	22
chr16	87739200	87739287	2	2	1	1	0	30
chr16	88598327	88598619	1	1	1	1	0	43
chr16	88599949	88608933	1	1	1	1	0	25
chr16	88625268	88627621	1	1	1	3	0	29
chr16	88643406	88647153	1	1	1	2	0	28
chr16	88643572	88646115	2	2	1	2	0	18
chr16	88658721	88663010	2	2	1	1	0	26
chr16	88662168	88663010	2	2	1	1	0	22
chr16	88714738	88714859	1	1	1	1	0	35
chr16	88714927	88715047	1	1	1	1	0	4
chr16	88715107	88715181	1	1	1	4	0	44
chr16	88809536	88810422	2	2	1	2	0	36
chr16	88809556	88810422	2	2	1	1	0	36
chr16	88809707	88810069	2	2	1	1	0	35
chr16	88810557	88811549	2	4	1	2	0	11
chr16	88811657	88811819	2	2	1	1	0	21
chr16	88858792	88859662	1	1	1	1	0	11
chr16	88859751	88859892	1	1	1	2	0	36
chr16	88859973	88860892	1	1	1	1	0	7
chr16	88859973	88860913	1	1	1	13	1	42
chr16	89241370	89241465	1	1	1	1	0	45
chr16	89266302	89267418	2	2	1	1	0	18
chr16	89285650	89286038	2	2	1	2	0	43
chr16	89305345	89316932	2	2	1	1	0	40
chr16	89561064	89561226	1	1	1	1	0	33
chr16	89561369	89561577	1	1	1	5	0	40
chr16	89561752	89562334	1	1	1	66	0	45
chr16	89562392	89562883	1	1	1	202	0	46
chr16	89645357	89645758	1	3	1	1	0	38
chr16	89738709	89738881	2	2	1	2	0	16
chr16	89803711	89805008	2	4	1	1	0	11
chr16	89873860	89883350	1	1	1	4	0	40
chr16	89878628	89883350	1	1	1	1	0	38
chr16	89981924	89984530	1	1	1	2	0	6
chr16	89989933	89998521	2	2	1	0	1	37
chr17	560574	562502	2	2	1	1	0	24
chr17	697485	699330	2	2	1	1	0	32
chr17	699381	710532	2	2	1	1	0	10
chr17	744742	745372	1	3	1	1	0	12
chr17	769956	770043	2	2	1	1	0	37
chr17	770158	770420	2	2	1	1	0	44
chr17	771462	775774	2	2	1	2	0	43
chr17	778745	782165	2	2	1	1	0	21
chr17	803807	805067	2	2	1	3	0	4
chr17	1253427	1253560	1	3	1	1	0	23
chr17	1345500	1354210	2	2	1	4	0	35
chr17	1354348	1361091	2	2	1	1	0	13
chr17	1361299	1361901	2	2	1	1	0	14
chr17	1362009	1364858	2	2	1	2	1	28
chr17	1365059	1369708	2	2	1	1	0	34
chr17	1365059	1400046	2	2	1	32	0	45
chr17	1369742	1400046	2	2	1	2	0	5
chr17	1439352	1451486	2	4	1	1	0	27
chr17	1655544	1656391	2	2	1	1	0	27
chr17	1662154	1673080	2	2	1	1	0	30
chr17	1679207	1679290	2	2	1	1	0	37
chr17	1682294	1683532	2	2	1	2	0	7
chr17	1784575	1786809	2	2	1	1	0	30
chr17	1888852	1891832	1	1	1	1	0	4
chr17	2297354	2297862	2	2	1	1	0	35
chr17	2325421	2329342	2	2	1	1	0	29
chr17	2329476	2330514	2	2	1	1	0	39
chr17	2332360	2332960	2	2	1	2	0	42
chr17	2333125	2333556	2	2	1	3	0	39
chr17	2335395	2335510	2	2	1	1	0	21
chr17	2415598	2415770	2	2	1	1	0	16
chr17	2420597	2420730	2	2	1	1	0	45
chr17	2438199	2441489	2	2	1	1	0	9
chr17	2638321	2665371	1	1	1	5	0	39
chr17	2665457	2666015	1	1	1	3	0	40
chr17	2667199	2670162	1	1	1	2	0	22
chr17	2676607	2680163	1	1	1	2	0	34
chr17	2680321	2681728	1	1	1	10	0	29
chr17	2695102	2695217	2	2	1	3	0	22
chr17	3716799	3720306	2	2	1	1	0	9
chr17	3720403	3723687	2	2	1	1	0	17
chr17	3825051	3825766	2	2	1	1	0	25
chr17	3826216	3829242	2	2	1	4	0	26
chr17	3843152	3846040	2	2	1	1	0	37
chr17	4272517	4282797	2	2	1	1	0	17
chr17	4289409	4296716	2	2	1	2	0	29
chr17	4538976	4539438	2	2	1	1	0	44
chr17	4539968	4540347	2	2	1	1	0	43
chr17	4545346	4545609	2	2	1	1	0	28
chr17	4545943	4547957	2	2	1	1	0	5
chr17	4554957	4555126	2	2	1	1	0	36
chr17	4671532	4671690	2	2	1	26	0	45
chr17	4691443	4703862	2	2	1	1	0	31
chr17	4796796	4797437	1	1	1	1	0	14
chr17	4797570	4797681	1	1	1	2	0	40
chr17	4798154	4798279	1	1	1	44	0	42
chr17	4887791	4889646	1	1	1	1	0	11
chr17	4895243	4895349	1	1	1	2	0	23
chr17	4942654	4945091	1	1	1	3	0	32
chr17	4944639	4944714	1	1	1	1	0	20
chr17	4945998	4946627	2	2	1	12	0	40
chr17	4946821	4948262	2	2	1	5	0	20
chr17	4959644	4959759	2	2	1	1	0	33
chr17	4960548	4960785	2	2	1	1	0	33
chr17	5112119	5113385	1	1	1	1	0	3
chr17	5113453	5114157	1	1	1	2	0	22
chr17	5282521	5308693	1	1	1	1	0	23
chr17	5332153	5335183	1	1	1	3	0	44
chr17	5346926	5350450	1	1	1	1	0	13
chr17	5350630	5354358	1	1	1	2	0	13
chr17	5378233	5380363	1	1	1	1	0	11
chr17	5386270	5386707	2	2	1	17	0	39
chr17	5387671	5387778	2	2	1	1	0	6
chr17	5387905	5388801	2	2	1	1	0	13
chr17	5404247	5405056	2	2	1	2	0	31
chr17	5408910	5410702	2	2	1	1	0	4
chr17	5421467	5422768	1	1	1	1	0	4
chr17	5422830	5432541	1	1	1	4	0	41
chr17	5426300	5432541	1	1	1	1	0	8
chr17	5428212	5432541	1	1	1	6	0	43
chr17	5433165	5433292	2	2	1	3	0	35
chr17	5433416	5433668	2	2	1	3	0	20
chr17	5442015	5442058	2	4	1	1	0	19
chr17	5442025	5442105	1	3	1	1	0	36
chr17	5474790	5480053	2	2	1	1	0	11
chr17	5480583	5481295	2	2	1	1	0	21
chr17	6239823	6240968	1	1	1	2	0	40
chr17	6596344	6599236	2	2	1	1	0	46
chr17	6608465	6609993	2	2	1	1	0	12
chr17	6641153	6641752	1	3	1	1	0	42
chr17	6641228	6641752	1	1	1	3	0	13
chr17	6641835	6642248	1	1	1	7	0	45
chr17	6642325	6642950	1	1	1	55	0	46
chr17	6650434	6651500	2	2	1	1	0	16
chr17	6770985	6773112	1	1	1	1	0	24
chr17	7012758	7013665	1	1	1	1	0	36
chr17	7015876	7016494	1	1	1	1	0	28
chr17	7016686	7017256	1	1	1	1	0	35
chr17	7235841	7235929	2	2	1	2	0	21
chr17	7237478	7237628	2	2	1	1	0	19
chr17	7237661	7238454	2	2	1	1	0	32
chr17	7254804	7256856	1	1	1	1	0	42
chr17	7260727	7260820	2	2	1	1	0	38
chr17	7260986	7261820	2	2	1	1	0	25
chr17	7309801	7311017	1	1	1	1	1	36
chr17	7311482	7311577	1	1	1	3	0	28
chr17	7311652	7311821	1	1	1	3	0	37
chr17	7311855	7312333	2	2	1	4	0	36
chr17	7311979	7312333	2	2	1	2	0	40
chr17	7312840	7313028	2	2	1	16	0	46
chr17	7314404	7314487	2	2	1	1	0	31
chr17	7315120	7315251	2	2	1	1	0	25
chr17	7315120	7315330	2	2	1	3	0	21
chr17	7349168	7349944	1	1	1	1	0	33
chr17	7351000	7351294	1	1	1	2	0	21
chr17	7403210	7403309	2	2	1	3	0	40
chr17	7403391	7403657	2	2	1	1	0	25
chr17	7430972	7457368	1	1	1	2	0	18
chr17	7511320	7511405	1	1	1	2	0	7
chr17	7572865	7574259	1	1	1	1	0	5
chr17	7574309	7574545	1	1	1	2	0	27
chr17	7574679	7575118	1	1	1	1	0	9
chr17	7575259	7576523	1	1	1	4	1	35
chr17	7576693	7577055	1	1	1	2	0	40
chr17	7577488	7577568	1	1	1	3	0	13
chr17	7577707	7577826	1	1	1	2	0	21
chr17	7577917	7578164	1	1	1	6	0	34
chr17	7578189	7578893	1	1	1	1	0	37
chr17	7578245	7578341	1	1	1	8	0	37
chr17	7578368	7578566	1	1	1	1	0	26
chr17	7673609	7673700	2	2	1	1	0	22
chr17	7673838	7674180	2	2	1	2	0	20
chr17	7675237	7675993	2	2	1	1	0	45
chr17	7856844	7856984	2	2	1	3	0	9
chr17	7856844	7857014	2	2	1	9	0	38
chr17	7889777	7890570	1	1	1	1	0	8
chr17	7897295	7897970	1	1	1	1	0	32
chr17	7949158	7949384	1	1	1	2	0	20
chr17	8205045	8205215	2	2	1	2	0	6
chr17	8206889	8207175	2	2	1	1	0	17
chr17	8281846	8287506	2	2	1	2	0	24
chr17	8288866	8288955	1	1	1	1	0	23
chr17	8289073	8289257	1	1	1	1	0	3
chr17	8377693	8379795	2	2	1	311	86	46
chr17	8379937	8382142	2	2	1	8	7	46
chr17	8382316	8382780	2	2	1	3	0	27
chr17	8382316	8383156	2	2	1	2	0	23
chr17	8448687	8450779	1	1	1	2	0	13
chr17	8454888	8460008	1	1	1	2	0	32
chr17	8478447	8480109	2	2	1	1	0	19
chr17	8487595	8490339	2	2	1	2	0	21
chr17	8490553	8492296	2	2	1	1	0	13
chr17	8493886	8495136	2	2	1	1	0	36
chr17	8500971	8504693	2	2	1	1	0	29
chr17	8506490	8508553	2	2	1	2	0	18
chr17	8508678	8509811	2	2	1	6	0	40
chr17	8509950	8512450	2	2	1	6	0	39
chr17	8512658	8513537	2	2	1	42	0	40
chr17	8513895	8518630	2	2	1	2	0	45
chr17	8518792	8518880	2	2	1	2	0	24
chr17	8518951	8520877	2	2	1	3	0	39
chr17	8623278	8630653	2	2	1	1	0	6
chr17	9250646	9378551	2	2	1	3	0	42
chr17	9557529	9568370	2	2	1	1	0	17
chr17	12876308	12876808	1	3	1	1	0	15
chr17	13010672	13011662	2	2	1	1	0	42
chr17	15706502	15708154	1	1	1	1	0	41
chr17	15977914	15978043	2	2	1	3	0	36
chr17	15978164	15981039	2	2	1	2	0	35
chr17	15981145	15987265	2	2	1	1	0	5
chr17	16002026	16002792	1	1	1	3	0	31
chr17	16002832	16003830	1	1	1	2	0	36
chr17	16003888	16004200	1	1	1	1	0	6
chr17	16004263	16006473	1	1	1	2	0	36
chr17	16025172	16026539	1	1	1	1	0	11
chr17	16026703	16027373	1	1	1	1	0	17
chr17	16058065	16058470	2	2	1	1	0	39
chr17	16061895	16062104	2	2	1	1	0	44
chr17	16072229	16073428	2	2	1	1	0	8
chr17	16092059	16098366	2	2	1	2	0	37
chr17	16121270	16126081	2	2	1	1	0	23
chr17	16126207	16137310	2	2	1	20	0	43
chr17	16126210	16137310	2	2	1	8	0	43
chr17	16137413	16138157	2	2	1	25	0	40
chr17	16138213	16139007	2	2	1	4	0	44
chr17	16146549	16149450	2	2	1	6	0	35
chr17	16149518	16151589	2	2	1	2	0	27
chr17	16149518	16151945	2	2	1	1	0	12
chr17	16151617	16151945	2	2	1	1	0	27
chr17	16151999	16153338	2	2	1	5	0	46
chr17	16153396	16158759	2	2	1	5	0	43
chr17	16299979	16313546	1	1	1	2	0	12
chr17	16342942	16344596	2	2	1	4	0	25
chr17	16381185	16381901	1	1	1	3	0	34
chr17	16382131	16382358	1	1	1	6	3	43
chr17	16440254	16441073	1	1	1	1	0	32
chr17	16441131	16441367	1	1	1	1	0	8
chr17	17161357	17171717	1	1	1	3	0	29
chr17	17169110	17185487	2	2	1	0	3	3
chr17	17173995	17175307	2	4	1	0	1	32
chr17	17175413	17176425	1	1	1	1	0	20
chr17	17180089	17184822	1	1	1	0	1	3
chr17	17247152	17247479	2	2	1	1	0	18
chr17	17254946	17260300	2	2	1	1	0	28
chr17	17505849	17506226	2	2	1	2	0	26
chr17	17512655	17522279	2	2	1	1	0	46
chr17	18106487	18107153	1	1	1	2	0	10
chr17	18245851	18245933	2	2	1	1	0	40
chr17	18246463	18246593	2	2	1	1	0	3
chr17	18249202	18249325	2	2	1	1	0	43
chr17	18251478	18251679	2	2	1	1	0	31
chr17	18251817	18251998	2	2	1	1	0	28
chr17	18347657	18348324	2	2	1	1	0	5
chr17	18412799	18414149	1	1	1	0	1	6
chr17	18651173	18651250	2	2	1	0	1	32
chr17	19282078	19282949	1	1	1	3	0	32
chr17	19283715	19309884	1	1	1	1	0	33
chr17	19671957	19675557	1	1	1	1	0	29
chr17	19673276	19675557	1	1	1	1	0	6
chr17	20205913	20227412	1	1	1	3	0	31
chr17	20232406	20236859	1	1	1	1	0	42
chr17	20257608	20260191	1	1	1	1	0	12
chr17	20530281	20531648	2	2	1	0	1	7
chr17	21019186	21021112	2	2	1	2	0	46
chr17	21021227	21028541	2	2	1	1	0	26
chr17	21207657	21208295	1	3	1	1	0	15
chr17	22044171	22324112	0	0	1	212	68	45
chr17	28163629	28168447	1	1	1	1	0	23
chr17	28192214	28194581	1	1	1	1	0	36
chr17	28326716	28326763	2	2	1	1	0	34
chr17	28328734	28329172	2	2	1	1	0	18
chr17	28355877	28357287	2	2	1	1	0	39
chr17	28577771	28578009	2	2	1	6	0	41
chr17	28578091	28578217	2	2	1	2	0	27
chr17	28615247	28615663	2	2	1	1	0	30
chr17	28616754	28616888	2	2	1	1	0	3
chr17	28639643	28639900	2	2	1	1	0	39
chr17	28674442	28674536	1	1	1	1	0	40
chr17	28684726	28684843	1	1	1	1	0	14
chr17	28714711	28714792	2	2	1	2	0	23
chr17	28715123	28715194	2	2	1	3	0	31
chr17	28715277	28715455	2	2	1	3	0	18
chr17	28715706	28715799	2	2	1	1	0	37
chr17	28716059	28716902	2	2	1	1	0	16
chr17	28720031	28720706	1	1	1	1	1	37
chr17	28720891	28722722	1	1	1	0	7	43
chr17	28722900	28723570	1	1	1	294	2	46
chr17	28723641	28723866	1	1	1	266	10	46
chr17	28749751	28749812	2	4	1	1	0	3
chr17	28767238	28767826	2	2	1	1	0	32
chr17	28858208	28858373	1	1	1	1	0	27
chr17	29437236	29446408	1	1	1	1	0	27
chr17	29480482	29482196	1	1	1	3	0	25
chr17	29502724	29507895	1	1	1	1	0	39
chr17	29508133	29510863	1	1	1	1	0	37
chr17	29510993	29517452	1	1	1	1	0	22
chr17	29575704	29575811	2	2	1	1	0	7
chr17	30116864	30118079	1	1	1	1	0	21
chr17	30118174	30172541	1	1	1	4	0	37
chr17	30172599	30178070	1	1	1	10	0	44
chr17	30178200	30179089	1	1	1	17	0	33
chr17	30274198	30285387	2	2	1	1	0	20
chr17	30466610	30468562	0	0	1	3	0	41
chr17	30481264	30484213	1	1	1	1	0	12
chr17	30484302	30484662	1	1	1	1	0	3
chr17	30634659	30634752	1	5	1	0	1	42
chr17	30729283	30731087	2	4	1	2	0	21
chr17	30769065	30769871	1	1	1	2	0	18
chr17	30769966	30776296	1	1	1	0	1	43
chr17	30804109	30824522	2	2	1	1	0	25
chr17	30832472	30834147	1	1	1	1	0	22
chr17	30836049	30837205	1	1	1	2	0	4
chr17	30837315	30840616	1	1	1	3	0	14
chr17	30857113	30858160	1	1	1	3	0	38
chr17	30858324	30860432	1	1	1	3	0	32
chr17	31201160	31201410	1	1	1	1	0	9
chr17	31230926	31232072	1	1	1	1	0	43
chr17	31236022	31248983	1	1	1	3	0	40
chr17	31249120	31252937	1	1	1	1	0	9
chr17	31326253	31327498	1	1	1	1	0	6
chr17	31352415	31356459	1	1	1	1	0	41
chr17	31522050	31522359	1	1	1	1	0	15
chr17	31522396	31523511	1	1	1	1	0	36
chr17	31534964	31535225	2	4	1	1	0	18
chr17	31873488	31873672	2	2	1	1	0	37
chr17	31889404	31892259	2	2	1	1	0	19
chr17	31947686	31966146	1	1	1	1	0	28
chr17	31966197	31973145	1	1	1	1	0	14
chr17	31975714	31976520	1	1	1	1	0	33
chr17	31976615	31982998	1	1	1	0	1	43
chr17	31988498	31993241	1	1	1	2	0	28
chr17	31996878	31998657	1	1	1	3	0	42
chr17	32050108	32053265	1	1	1	2	0	24
chr17	32050668	32050761	1	5	1	0	1	42
chr17	32142730	32171042	1	1	1	1	0	37
chr17	32173913	32175318	1	1	1	1	0	19
chr17	32331979	32333416	2	2	1	1	0	7
chr17	32333521	32334468	2	2	1	1	0	43
chr17	32335443	32337896	2	2	1	3	0	41
chr17	32350327	32351785	1	1	1	2	0	44
chr17	32351913	32358502	1	1	1	2	0	44
chr17	32368015	32369294	1	1	1	2	0	12
chr17	32444615	32446944	1	1	1	1	0	16
chr17	32454620	32464048	1	1	1	1	0	19
chr17	32477584	32479250	1	1	1	2	0	29
chr17	32480198	32480488	1	1	1	1	0	3
chr17	32480632	32480752	1	1	1	10	0	28
chr17	33836242	33836750	1	3	1	1	0	31
chr17	34996196	34996573	1	1	1	1	0	8
chr17	34996654	34997737	1	1	1	1	0	4
chr17	35423069	35432187	2	2	1	1	0	40
chr17	35587429	35594007	1	1	1	3	0	38
chr17	35587598	35594007	1	1	1	2	0	44
chr17	35594068	35598229	1	1	1	4	0	27
chr17	35717350	35723624	1	1	1	1	0	22
chr17	35820438	35822639	1	1	1	1	0	14
chr17	35824199	35833906	1	1	1	3	0	35
chr17	35833942	35834565	1	1	1	3	0	25
chr17	35834599	35836131	1	1	1	2	0	34
chr17	35836242	35838423	1	1	1	3	0	31
chr17	35844159	35844279	1	1	1	1	0	33
chr17	35844369	35844476	1	1	1	1	0	26
chr17	36314181	36314308	1	1	1	0	1	14
chr17	36314343	36315194	1	1	1	0	1	34
chr17	36320061	36320486	1	1	1	0	3	41
chr17	36507513	36507802	2	2	1	2	0	42
chr17	36567777	36577982	1	1	1	1	0	42
chr17	36579420	36581343	1	1	1	1	0	28
chr17	36585451	36585839	1	1	1	7	0	21
chr17	36585966	36586049	1	1	1	6	0	43
chr17	36598258	36598920	1	1	1	1	0	18
chr17	37019073	37020933	1	1	1	1	0	12
chr17	37087440	37088937	2	2	1	1	0	44
chr17	37155781	37161780	2	2	1	1	0	21
chr17	37200484	37205764	2	2	1	1	0	5
chr17	37210491	37221723	2	2	1	1	0	24
chr17	37221843	37223511	2	2	1	1	0	39
chr17	37293657	37294744	2	2	1	1	0	28
chr17	37440663	37442563	1	1	1	1	0	13
chr17	37442653	37444695	1	1	1	3	0	45
chr17	37444769	37458523	1	1	1	1	0	16
chr17	37470533	37471093	1	1	1	2	0	13
chr17	37471138	37474555	1	1	1	2	0	35
chr17	37568925	37570636	2	2	1	1	0	18
chr17	37586550	37596222	2	2	1	2	0	45
chr17	37619840	37620872	2	2	1	5	0	45
chr17	37620949	37621126	2	2	1	6	0	29
chr17	37621278	37621397	2	2	1	1	0	29
chr17	37633419	37642109	2	2	1	1	0	26
chr17	37642309	37643333	2	2	1	4	0	44
chr17	38118284	38118407	1	1	1	0	1	14
chr17	38118442	38119292	1	1	1	0	1	34
chr17	38124144	38124569	1	1	1	0	3	41
chr17	38195941	38196366	2	2	1	0	3	41
chr17	38201220	38202071	2	2	1	0	1	34
chr17	38202106	38202237	2	2	1	0	1	14
chr17	38451526	38451625	2	2	1	1	0	22
chr17	38477897	38479435	1	1	1	0	2	40
chr17	38486141	38490101	1	1	1	1	0	16
chr17	38719268	38719524	2	2	1	1	0	16
chr17	38760609	38762410	1	1	1	17	0	45
chr17	38762506	38764118	1	1	1	70	0	45
chr17	38810596	38812794	2	2	1	1	0	6
chr17	38812865	38814860	2	2	1	9	0	37
chr17	38815098	38820900	2	2	1	1	0	27
chr17	38848040	38850116	2	2	1	1	0	45
chr17	38850215	38850361	2	2	1	577	2	46
chr17	38850476	38852603	2	2	1	90	0	44
chr17	38852733	38853021	2	2	1	7	0	35
chr17	38853106	38853697	2	2	1	2	0	16
chr17	38920599	38921684	2	4	1	2	0	27
chr17	38925892	38926416	1	1	1	1	0	30
chr17	39201320	39202316	1	1	1	1	1	29
chr17	39202440	39202988	1	1	1	5	0	42
chr17	39203110	39204076	1	1	1	11	0	31
chr17	39204180	39204651	2	2	1	1	0	21
chr17	39204188	39204524	1	1	1	164	0	45
chr17	39204652	39205019	2	4	1	12	0	16
chr17	39440519	39440622	2	2	1	1	0	22
chr17	39501440	39509704	1	1	1	1	0	25
chr17	39509762	39511528	1	1	1	1	0	10
chr17	39629563	39629971	1	1	1	1	0	21
chr17	39671215	39671791	1	1	1	1	0	27
chr17	39724011	39724725	1	1	1	4	0	46
chr17	39725854	39726561	1	1	1	1	0	15
chr17	39729762	39730193	2	2	1	1	0	21
chr17	39922686	39923111	2	2	1	1	0	24
chr17	39989794	39997793	1	3	1	0	1	6
chr17	39995296	39997836	1	1	1	1	1	37
chr17	40014360	40014553	2	2	1	0	1	3
chr17	40123381	40126182	1	1	1	1	0	20
chr17	40141608	40161752	1	1	1	2	0	28
chr17	40289599	40291057	1	1	1	1	0	31
chr17	40291340	40291468	1	1	1	2	0	7
chr17	40291669	40293455	1	1	1	1	0	17
chr17	40296768	40300827	1	1	1	1	0	26
chr17	40301031	40301467	1	1	1	4	0	37
chr17	40301609	40301911	1	1	1	9	0	40
chr17	40390165	40391505	2	2	1	1	0	9
chr17	40392342	40392584	2	2	1	2	0	13
chr17	40392738	40395448	2	2	1	4	0	42
chr17	40395540	40396282	2	2	1	24	0	44
chr17	40396466	40398557	2	2	1	32	0	44
chr17	40398642	40398772	2	2	1	11	0	40
chr17	40398938	40399039	2	2	1	3	0	18
chr17	40399132	40399871	2	2	1	3	0	26
chr17	40400068	40400208	2	2	1	2	0	42
chr17	40404884	40406383	2	2	1	1	0	4
chr17	40406494	40406583	2	2	1	2	0	30
chr17	40406690	40406831	2	2	1	2	0	27
chr17	40406943	40407548	2	2	1	2	0	46
chr17	40407675	40407966	2	2	1	1	0	18
chr17	40408631	40411108	2	2	1	1	0	20
chr17	40411456	40411644	2	2	1	3	0	23
chr17	40411819	40412758	2	2	1	1	0	26
chr17	40413626	40416004	2	2	1	1	0	45
chr17	40416513	40416739	2	2	1	1	0	38
chr17	40416896	40417770	2	2	1	4	0	37
chr17	40628994	40630713	2	2	1	7	0	33
chr17	40630925	40631591	2	2	1	2	0	43
chr17	40636527	40637491	2	2	1	10	1	44
chr17	40637573	40642454	2	2	1	3	0	44
chr17	40642560	40645575	2	2	1	1	0	5
chr17	40642560	40647772	2	2	1	1	0	15
chr17	40645620	40645795	2	2	1	3	0	44
chr17	41523998	41524142	2	2	1	1	0	36
chr17	41524269	41524378	2	2	1	2	0	16
chr17	41525274	41527827	2	2	1	1	0	25
chr17	41689070	41689777	1	1	1	1	0	37
chr17	41689942	41690087	1	1	1	2	0	10
chr17	41690190	41690781	1	1	1	17	0	46
chr17	41691298	41691433	2	2	1	7	0	18
chr17	41757537	41757633	2	2	1	1	0	3
chr17	41828953	41830800	2	2	1	1	0	24
chr17	41867905	41868708	2	2	1	5	0	34
chr17	41868786	41869042	2	2	1	1	0	4
chr17	41869588	41871688	2	2	1	1	0	14
chr17	41909069	41909509	2	2	1	1	0	19
chr17	41910285	41912419	2	2	1	1	0	39
chr17	41976771	41977260	2	2	1	1	0	14
chr17	41982008	41982254	2	2	1	1	0	31
chr17	41982402	41983562	2	2	1	3	0	45
chr17	41983637	41987818	2	2	1	2	0	34
chr17	41987911	41988731	2	2	1	9	0	43
chr17	41988897	41989403	2	2	1	1	0	22
chr17	41989558	41990263	2	2	1	3	0	37
chr17	42113324	42113470	1	3	1	1	0	41
chr17	42114605	42114888	2	2	1	1	0	39
chr17	42125157	42125722	1	1	1	1	0	35
chr17	42126849	42128260	2	2	1	1	0	35
chr17	42217465	42218150	2	2	1	1	0	30
chr17	42219843	42223381	2	2	1	2	0	3
chr17	42339410	42345558	2	2	1	1	0	19
chr17	42387788	42387999	2	4	1	1	0	20
chr17	42461012	42466428	1	1	1	1	0	25
chr17	42545573	42551777	2	4	1	2	0	21
chr17	42564899	42564982	1	1	1	2	0	28
chr17	42568944	42569203	1	1	1	1	0	11
chr17	42573624	42574098	2	2	1	1	0	35
chr17	42573624	42574195	2	2	1	1	0	15
chr17	42574211	42577212	2	2	1	1	0	15
chr17	42612507	42612946	1	1	1	1	0	33
chr17	42686142	42686902	1	1	1	1	0	35
chr17	42720450	42722794	2	2	1	1	0	10
chr17	42798168	42798467	2	2	1	1	0	30
chr17	42814009	42814523	2	2	1	1	0	44
chr17	42838800	42838944	1	1	1	1	0	36
chr17	42839013	42839111	1	1	1	1	0	34
chr17	42839167	42839293	1	1	1	1	0	3
chr17	42839381	42841497	1	1	1	4	0	43
chr17	42843075	42843141	2	2	1	3	0	40
chr17	42950729	42951799	2	2	1	4	0	39
chr17	42998472	42998748	1	1	1	2	0	23
chr17	42998832	42999932	1	1	1	12	0	45
chr17	42998832	43002672	1	1	1	0	2	3
chr17	43000103	43002672	1	1	1	133	2	46
chr17	43002784	43002871	1	1	1	359	0	46
chr17	43028677	43029089	1	1	1	1	0	17
chr17	43076615	43082403	2	2	1	2	0	29
chr17	43106534	43115725	2	2	1	2	0	15
chr17	43124116	43125181	2	2	1	1	0	27
chr17	43138923	43140164	1	1	1	1	0	14
chr17	43236931	43237532	2	2	1	0	1	32
chr17	43236931	43244326	2	2	1	0	2	24
chr17	43236931	43249417	2	2	1	0	1	32
chr17	43238422	43250158	2	2	1	0	1	41
chr17	43238422	43264953	2	2	1	0	1	41
chr17	43248815	43249417	2	2	1	0	1	32
chr17	43248815	43254863	2	2	1	0	1	32
chr17	43248815	43257004	2	2	1	0	1	32
chr17	43248815	43259768	2	2	1	0	1	32
chr17	43248815	43261063	2	2	1	0	1	32
chr17	43248815	43264205	2	2	1	0	1	32
chr17	43250314	43264953	2	2	1	0	1	41
chr17	43250314	43288637	2	2	1	0	1	41
chr17	43250314	43294772	2	2	1	0	1	41
chr17	43254261	43254863	2	2	1	0	1	32
chr17	43254261	43257004	2	2	1	0	1	32
chr17	43254261	43259768	2	2	1	0	1	32
chr17	43254261	43261063	2	2	1	0	1	32
chr17	43254261	43264205	2	2	1	0	1	32
chr17	43258858	43259768	2	2	1	0	1	32
chr17	43258858	43261063	2	2	1	0	1	32
chr17	43258858	43264205	2	2	1	0	1	32
chr17	43260460	43261063	2	2	1	0	1	32
chr17	43260460	43264205	2	2	1	0	1	32
chr17	43263297	43264205	2	2	1	0	1	32
chr17	43265109	43288637	2	2	1	0	1	41
chr17	43265109	43294772	2	2	1	0	1	41
chr17	43276566	43281727	2	2	1	0	1	32
chr17	43281124	43281727	2	2	1	0	1	32
chr17	43281124	43294029	2	2	1	0	1	32
chr17	43282629	43288637	2	2	1	0	1	41
chr17	43282629	43294772	2	2	1	0	1	41
chr17	43287287	43294029	2	2	1	0	1	32
chr17	43288793	43294772	2	2	1	0	1	41
chr17	43293426	43294029	2	2	1	0	1	32
chr17	43484186	43489448	1	1	1	4	0	35
chr17	43484186	43490390	1	1	1	1	0	20
chr17	43489535	43490390	1	1	1	5	0	42
chr17	44012237	44013008	2	2	1	1	0	10
chr17	44036301	44037411	2	2	1	0	1	17
chr17	44037539	44040146	2	2	1	0	1	5
chr17	44040257	44063800	2	2	1	0	2	36
chr17	44074771	44074968	1	1	1	1	0	14
chr17	44078416	44078499	2	2	1	11	0	42
chr17	44080883	44082584	2	2	1	1	0	15
chr17	44194412	44194516	2	2	1	2	0	14
chr17	44194675	44194767	2	2	1	4	0	34
chr17	44207598	44207698	2	2	1	1	0	37
chr17	44207771	44207863	2	2	1	2	0	35
chr17	44210235	44210317	2	2	1	2	0	15
chr17	44210474	44210791	2	2	1	1	0	10
chr17	44211153	44211289	2	2	1	1	0	15
chr17	44211332	44211605	2	2	1	1	0	35
chr17	44211748	44211872	2	2	1	3	0	38
chr17	44215990	44216528	2	2	1	2	0	11
chr17	44320117	44320195	2	2	1	1	0	30
chr17	44320277	44320354	2	2	1	1	0	32
chr17	44351796	44352014	1	1	1	1	0	35
chr17	44352572	44352660	1	1	1	1	0	6
chr17	44853636	44854268	2	2	1	1	0	10
chr17	44855005	44857074	2	2	1	1	0	11
chr17	44857158	44859079	2	2	1	1	0	40
chr17	44935417	44936031	2	2	1	1	0	37
chr17	44967240	44967451	2	2	1	1	0	23
chr17	45032122	45033934	2	2	1	1	0	12
chr17	45061461	45081643	1	1	1	5	0	42
chr17	45071322	45072138	1	1	1	1	0	28
chr17	45104997	45105618	1	1	1	1	0	18
chr17	45215066	45218538	1	1	1	1	0	24
chr17	45289306	45290489	2	2	1	1	0	21
chr17	46155288	46156244	1	3	1	2	0	41
chr17	46339775	46352819	2	2	1	0	1	16
chr17	46358415	46361675	2	2	1	0	1	17
chr17	46419965	46422476	1	1	1	0	1	19
chr17	46557631	46570758	2	2	1	0	1	16
chr17	46576340	46579600	2	2	1	0	1	17
chr17	46637543	46640053	1	1	1	0	1	19
chr17	47121018	47122443	2	2	1	1	0	13
chr17	47142437	47143882	2	2	1	3	0	9
chr17	47143983	47151805	2	2	1	4	0	43
chr17	47151919	47154671	2	2	1	1	0	11
chr17	47170043	47171916	2	2	1	1	0	6
chr17	47592061	47592484	1	1	1	0	2	41
chr17	47652877	47656859	1	1	1	1	0	38
chr17	47661179	47669677	1	1	1	1	0	24
chr17	47663179	47664158	1	1	1	1	0	9
chr17	47664270	47665056	1	1	1	1	0	12
chr17	47670833	47673017	1	1	1	1	0	11
chr17	47673562	47674637	1	1	1	1	0	32
chr17	47674783	47676408	1	1	1	1	0	44
chr17	47678190	47678307	1	1	1	2	0	6
chr17	47680135	47680507	1	1	1	3	0	8
chr17	47680670	47682403	1	1	1	2	0	39
chr17	48048463	48050606	1	1	1	7	0	44
chr17	48071580	48075005	2	2	1	1	0	44
chr17	48075101	48076000	2	2	1	2	0	33
chr17	48076179	48076864	2	2	1	4	0	45
chr17	48122421	48122666	2	2	1	3	0	19
chr17	48849378	48851088	1	1	1	2	0	28
chr17	48893457	48894371	1	1	1	1	0	42
chr17	48894450	48895182	1	1	1	3	0	34
chr17	48895335	48895654	1	1	1	6	0	41
chr17	48900047	48908938	2	2	1	0	1	3
chr17	48997554	48997612	2	2	1	1	0	27
chr17	48997921	48999108	1	1	1	1	0	27
chr17	49032861	49034651	1	3	1	1	0	23
chr17	49041501	49042241	1	1	1	1	0	3
chr17	49405205	49406758	2	2	1	3	0	35
chr17	49406855	49409041	2	2	1	2	0	44
chr17	49411840	49413176	2	2	1	2	0	19
chr17	49602008	49607249	2	2	1	1	0	28
chr17	49701511	49701829	2	2	1	1	0	8
chr17	49701511	49702857	2	2	1	5	0	28
chr17	50356774	50357056	1	1	1	1	0	12
chr17	50370100	50370454	2	2	1	1	0	39
chr17	50737480	50740305	1	1	1	1	0	40
chr17	50740346	50741101	1	1	1	3	0	27
chr17	50741247	50741656	1	1	1	4	0	30
chr17	50741732	50743705	1	1	1	5	0	31
chr17	50743811	50744651	1	1	1	18	0	45
chr17	50744814	50745719	1	1	1	25	0	45
chr17	50746004	50746541	1	1	1	13	0	43
chr17	50746703	50750500	1	1	1	2	0	40
chr17	50750642	50750746	1	1	1	1	0	17
chr17	50750695	50752199	1	1	1	2	0	44
chr17	51006238	51007268	2	2	1	1	0	32
chr17	51056483	51079583	2	2	1	2	0	31
chr17	51079705	51120353	2	2	1	2	0	33
chr17	51155781	51159979	1	1	1	1	0	34
chr17	51161273	51161727	1	1	1	4	0	34
chr17	51166498	51166826	1	1	1	1	0	15
chr17	51168344	51169936	1	1	1	5	0	32
chr17	51170050	51171486	1	1	1	7	0	38
chr17	51192281	51192781	2	2	1	1	0	11
chr17	51225210	51259142	2	2	1	1	0	17
chr17	51260927	51263273	1	1	1	5	0	45
chr17	51273451	51275865	1	1	1	1	0	20
chr17	51277305	51280004	1	1	1	1	0	3
chr17	51288204	51293902	1	1	1	1	0	18
chr17	51294046	51296964	1	1	1	19	0	39
chr17	51297004	51297781	1	1	1	33	0	39
chr17	53162309	53190083	2	2	1	0	2	41
chr17	54936710	54937108	1	1	1	1	0	23
chr17	54937227	54938923	1	1	1	1	0	19
chr17	54963432	54964696	2	2	1	1	0	28
chr17	56950997	56960774	2	2	1	2	0	5
chr17	57119045	57120249	1	1	1	1	0	44
chr17	57258355	57262150	1	1	1	1	0	14
chr17	57839936	57840925	2	2	1	1	0	45
chr17	57841053	57841182	2	2	1	2	0	17
chr17	57849411	57849966	2	2	1	1	0	43
chr17	58005974	58006342	2	2	1	2	0	35
chr17	58218730	58219150	2	2	1	1	0	13
chr17	58322413	58322653	2	2	1	2	0	35
chr17	58346314	58347187	2	2	1	1	0	26
chr17	58347585	58351401	2	2	1	1	0	29
chr17	58704432	58731418	2	2	1	4	0	24
chr17	58732545	58734117	1	1	1	3	0	46
chr17	58982922	58999380	2	2	1	1	0	5
chr17	59047820	59049177	2	2	1	1	0	34
chr17	59088408	59091299	2	2	1	1	0	34
chr17	59091341	59104292	2	2	1	1	0	8
chr17	59091341	59106440	2	2	1	1	0	17
chr17	59155806	59169747	1	1	1	1	0	10
chr17	59212487	59212728	1	1	1	1	0	30
chr17	59565784	59566626	1	1	1	1	0	44
chr17	59605185	59605445	1	1	1	1	0	24
chr17	59673773	59674700	1	1	1	1	0	13
chr17	59679520	59680911	1	1	1	1	0	22
chr17	59683986	59685055	1	1	1	2	0	16
chr17	59685809	59690635	1	1	1	3	0	30
chr17	59690712	59693727	1	1	1	1	0	38
chr17	59765139	59773753	1	1	1	1	0	32
chr17	59817774	59838294	1	1	1	1	0	45
chr17	59893326	59910561	1	1	1	1	0	3
chr17	59931723	59934169	1	1	1	2	0	25
chr17	60219788	60222408	2	2	1	1	0	9
chr17	60684037	60688931	1	1	1	1	0	42
chr17	60990236	61015750	1	1	1	1	0	11
chr17	61368495	61380505	1	1	1	1	0	33
chr17	61684141	61685835	2	2	1	1	0	8
chr17	61784425	61793596	2	2	1	2	0	30
chr17	61867727	61867832	2	2	1	1	0	11
chr17	61889895	61891512	2	2	1	1	0	21
chr17	61946601	61946916	2	2	1	1	0	8
chr17	61978395	61978660	1	3	1	2	0	38
chr17	62552398	62553662	1	1	1	0	1	4
chr17	62560127	62565000	1	1	1	1	0	15
chr17	62580193	62586134	1	1	1	0	1	32
chr17	62596675	62600650	1	1	1	1	0	11
chr17	63585329	63588999	1	1	1	2	0	13
chr17	63589238	63594202	1	1	1	1	0	40
chr17	63607465	63607801	1	1	1	1	0	42
chr17	63746962	63751939	2	2	1	3	0	28
chr17	63752108	63752319	2	2	1	5	0	45
chr17	63752430	63752740	2	2	1	2	0	40
chr17	63752800	63754432	2	2	1	1	0	21
chr17	63756571	63760913	2	2	1	1	0	25
chr17	63764191	63764739	2	2	1	1	0	41
chr17	63766195	63773411	2	2	1	1	0	8
chr17	63787271	63792411	1	1	1	2	0	12
chr17	63792563	63798037	1	3	1	1	0	32
chr17	63807901	63808819	1	1	1	2	0	28
chr17	63810561	63811075	1	1	1	1	0	41
chr17	63819995	63820078	2	2	1	3	0	41
chr17	63820174	63820254	2	2	1	1	0	18
chr17	63824240	63824330	2	2	1	2	0	4
chr17	63831426	63831505	1	1	1	5	0	12
chr17	63831617	63831723	1	1	1	16	0	46
chr17	63831811	63831915	1	1	1	70	0	44
chr17	63833171	63833297	2	2	1	1	0	27
chr17	63835965	63836275	1	1	1	1	0	27
chr17	64477989	64480288	2	2	1	2	0	24
chr17	64500327	64500548	2	2	1	1	0	34
chr17	64502070	64502161	2	2	1	1	0	7
chr17	64502550	64502925	2	2	1	3	0	36
chr17	64503099	64503187	2	2	1	1	0	32
chr17	64503349	64503429	2	2	1	1	0	5
chr17	64503572	64503802	2	2	1	1	0	5
chr17	64519437	64521401	1	1	1	1	0	3
chr17	64525883	64526070	1	1	1	1	0	38
chr17	64527265	64529287	1	1	1	1	0	35
chr17	64532023	64532838	1	1	1	1	0	26
chr17	64533009	64533116	1	1	1	1	0	33
chr17	64545948	64546262	2	2	1	1	0	43
chr17	64554994	64555819	2	2	1	3	0	30
chr17	64638180	64639723	2	2	1	1	0	21
chr17	64751957	64754004	2	2	1	0	1	39
chr17	65689219	65743067	2	2	1	1	0	10
chr17	66028406	66029122	2	2	1	1	0	36
chr17	66096329	66096584	2	2	1	1	0	12
chr17	66096633	66129745	2	2	1	1	0	3
chr17	66129824	66132669	2	2	1	1	0	11
chr17	66303025	66306095	1	1	1	1	0	19
chr17	66473510	66478484	2	2	1	3	0	14
chr17	67138115	67145742	2	2	1	2	0	42
chr17	67145891	67148568	2	2	1	1	0	28
chr17	67190356	67193966	2	2	1	1	0	13
chr17	67245969	67247343	1	1	1	1	0	44
chr17	67341053	67342185	2	2	1	2	0	17
chr17	67347251	67347335	2	2	1	1	0	11
chr17	67347486	67348549	2	2	1	4	0	38
chr17	67348655	67350228	2	2	1	5	0	43
chr17	67350337	67357302	2	2	1	1	0	29
chr17	67357432	67357518	2	2	1	5	0	30
chr17	67378203	67532801	1	1	1	1	0	14
chr17	67576757	67578915	1	1	1	2	0	35
chr17	67578258	67632142	1	1	1	1	0	15
chr17	67687185	67692571	1	1	1	1	0	31
chr17	67721527	67722579	1	1	1	1	0	43
chr17	67736024	67736665	1	1	1	2	0	45
chr17	67737973	67738121	1	1	1	1	0	23
chr17	67738356	67738931	1	1	1	1	0	35
chr17	67739609	67743478	1	1	1	0	1	45
chr17	67854763	67866463	1	1	1	2	0	5
chr17	67866688	67874816	1	1	1	5	0	45
chr17	67892035	67893369	1	1	1	1	0	23
chr17	67893726	67894033	1	1	1	15	0	45
chr17	67894166	67903788	1	1	1	10	0	38
chr17	67903919	67904701	1	1	1	9	0	45
chr17	67904841	67909581	1	1	1	7	0	37
chr17	67909762	67910876	1	1	1	5	0	38
chr17	67929488	67931910	1	1	1	1	0	21
chr17	67945897	67947725	1	1	1	5	0	42
chr17	67946326	67947725	1	1	1	2	0	27
chr17	67947809	67948080	1	1	1	2	0	40
chr17	67948307	67959540	1	1	1	1	0	16
chr17	67966657	67975771	1	1	1	1	0	45
chr17	68035841	68037109	1	1	1	1	0	38
chr17	68042354	68042904	1	1	1	2	0	9
chr17	68044504	68045771	1	1	1	1	1	39
chr17	68045922	68046503	1	1	1	13	0	46
chr17	68103059	68114421	1	1	1	1	0	8
chr17	68255877	68256813	1	1	1	1	0	18
chr17	68401451	68420188	1	1	1	1	0	7
chr17	68512549	68515393	1	1	1	1	0	29
chr17	68524959	68525753	1	1	1	1	0	34
chr17	68527901	68528869	1	1	1	2	0	16
chr17	68530002	68551083	1	1	1	3	0	25
chr17	69261260	69261634	2	2	1	1	0	34
chr17	69308369	69309261	2	2	1	1	0	28
chr17	72648962	72649169	2	2	1	1	0	4
chr17	73206818	73207180	1	1	1	1	0	3
chr17	73207257	73208313	1	1	1	1	0	13
chr17	73233326	73235475	1	1	1	1	0	20
chr17	74203746	74203917	1	1	1	9	0	33
chr17	74203959	74204129	1	1	1	18	0	41
chr17	74204191	74209186	1	1	1	131	0	46
chr17	74209310	74209803	1	1	1	346	0	46
chr17	74440828	74443817	1	1	1	1	0	4
chr17	74862948	74863075	2	2	1	1	0	20
chr17	75039064	75039208	2	2	1	19	0	42
chr17	75039272	75040091	2	2	1	4	0	35
chr17	75040042	75042180	2	2	1	2	0	3
chr17	75040164	75042180	2	2	1	1	0	40
chr17	75042278	75042528	2	2	1	1	0	30
chr17	75136251	75146665	2	2	1	5	0	19
chr17	75146685	75147555	2	2	1	2	0	19
chr17	75168402	75174751	2	2	1	1	1	23
chr17	75174824	75181056	2	2	1	1	0	12
chr17	75181189	75182813	2	2	1	1	0	14
chr17	75205795	75208526	1	1	1	3	0	36
chr17	75234789	75235112	1	1	1	1	0	3
chr17	75235202	75235577	1	1	1	4	0	38
chr17	75262868	75263339	1	1	1	1	0	17
chr17	75265967	75266192	1	1	1	3	0	35
chr17	75318270	75320084	1	1	1	1	0	15
chr17	75318298	75318754	2	2	1	1	0	3
chr17	75320554	75321658	2	2	1	4	0	34
chr17	75393766	75405488	2	2	1	1	0	38
chr17	75516617	75516745	1	1	1	1	0	7
chr17	75573632	75573951	1	1	1	1	0	14
chr17	75573981	75574212	1	1	1	1	0	29
chr17	75628763	75628933	2	2	1	1	0	42
chr17	75668626	75671815	1	1	1	1	0	32
chr17	75671864	75693439	1	1	1	2	1	18
chr17	75690773	75693439	1	1	1	0	1	3
chr17	75693483	75699782	1	1	1	2	1	43
chr17	75704815	75706007	1	1	1	1	0	32
chr17	75735647	75745630	1	1	1	1	0	17
chr17	75778724	75778809	2	2	1	3	0	37
chr17	75778964	75779046	2	2	1	1	0	40
chr17	75818169	75818641	1	1	1	1	0	33
chr17	75898987	75899157	2	2	1	2	0	25
chr17	75901028	75901200	2	2	1	2	0	13
chr17	75901274	75901711	2	2	1	2	0	6
chr17	76045387	76046037	2	2	1	1	0	3
chr17	76085798	76086079	2	2	1	1	0	10
chr17	76396822	76397798	2	2	1	3	0	44
chr17	76400551	76401010	2	2	1	1	0	38
chr17	76561399	76563118	1	1	1	1	0	11
chr17	76733378	76733520	1	3	1	3	0	24
chr17	76968391	77003373	1	1	1	2	0	39
chr17	77191313	77193420	1	1	1	1	0	44
chr17	77233050	77275329	1	1	1	1	0	41
chr17	77488865	77490741	1	1	1	1	0	46
chr17	78004270	78005057	1	1	1	2	0	22
chr17	78005080	78005351	1	1	1	2	0	22
chr17	78113212	78113547	2	2	1	3	0	39
chr17	78120556	78120652	2	2	1	1	0	30
chr17	78174951	78175049	2	2	1	1	0	20
chr17	78214790	78216663	1	1	1	6	0	44
chr17	78214790	78223464	1	1	1	1	0	12
chr17	78216782	78223464	1	1	1	2	0	44
chr17	78799024	78799666	2	2	1	1	0	23
chr17	78802536	78803384	2	2	1	5	0	45
chr17	78802539	78803384	2	2	1	2	0	45
chr17	79090886	79094450	2	2	1	6	0	39
chr17	79094530	79095512	2	2	1	4	0	44
chr17	79779428	79781695	1	1	1	1	0	39
chr17	80135507	80136003	2	2	1	8	0	45
chr17	80136132	80136227	2	2	1	1	0	40
chr17	80138281	80139020	2	2	1	1	0	23
chr17	80263779	80273240	1	1	1	4	0	41
chr17	80327990	80328327	1	1	1	1	0	25
chr17	80348287	80349769	1	1	1	2	0	22
chr17	80381728	80382978	1	1	1	2	0	31
chr17	80999660	80999984	2	6	1	1	0	3
chr17	81106908	81108474	1	1	1	1	0	5
chr17	81510834	81510926	2	2	1	6	0	30
chr17	81511627	81511902	2	2	1	6	0	36
chr17	81540951	81541308	2	2	1	1	0	18
chr17	81595659	81609420	2	4	1	1	0	39
chr17	81673746	81673785	2	4	1	1	0	38
chr17	81707041	81707123	1	1	1	1	0	23
chr17	81823312	81823411	2	2	1	1	0	22
chr17	81824406	81824498	2	2	1	1	0	17
chr17	81824555	81833237	2	2	1	1	0	19
chr17	81843318	81846573	1	3	1	1	0	26
chr17	81843334	81843598	1	3	1	2	0	3
chr17	81847073	81847242	2	2	1	1	0	33
chr17	81867824	81868773	1	3	1	1	0	21
chr17	81888146	81888240	2	2	1	6	0	43
chr17	81888419	81888519	2	2	1	1	0	15
chr17	81888584	81889181	2	2	1	1	0	13
chr17	81894587	81899919	1	1	1	1	0	27
chr17	81909038	81909513	2	2	1	1	0	26
chr17	81933377	81934325	2	2	1	1	0	14
chr17	82012284	82016475	1	1	1	1	0	42
chr17	82017114	82017308	1	1	1	5	0	39
chr17	82032459	82032710	1	1	1	1	0	10
chr17	82036064	82036190	2	2	1	9	0	43
chr17	82036309	82036383	2	2	1	1	0	10
chr17	82056096	82056285	1	1	1	1	0	12
chr17	82058255	82058340	2	2	1	1	0	41
chr17	82058417	82058780	2	2	1	1	0	16
chr17	82058819	82059947	2	2	1	1	0	16
chr17	82078586	82079178	1	3	1	2	0	24
chr17	82080591	82080691	2	2	1	1	0	3
chr17	82080923	82081163	2	2	1	2	0	12
chr17	82086559	82087049	2	2	1	1	0	37
chr17	82252605	82253015	2	2	1	1	0	23
chr17	82405381	82406417	2	2	1	1	0	36
chr17	82472699	82478799	1	1	1	1	0	13
chr17	82483780	82484812	1	1	1	1	0	36
chr17	82484951	82485496	1	1	1	1	0	39
chr17	82586201	82587062	1	1	1	1	0	12
chr17	82586437	82586486	1	1	1	1	0	40
chr17	82644024	82648273	2	2	1	2	0	46
chr17	82932736	82937270	1	1	1	1	0	33
chr18	192901	196636	1	1	1	2	0	40
chr18	196768	197615	1	1	1	1	0	11
chr18	197697	198046	1	1	1	2	0	32
chr18	199317	202879	1	1	1	1	0	5
chr18	204693	209970	1	1	1	2	0	34
chr18	210494	211132	1	1	1	4	0	23
chr18	216634	218885	2	2	1	1	0	9
chr18	218970	223439	2	4	1	1	0	35
chr18	225404	226800	2	2	1	1	0	41
chr18	246456	247848	2	2	1	1	0	33
chr18	252613	254272	2	2	1	1	0	43
chr18	265531	267965	2	2	1	1	0	9
chr18	321808	331667	2	2	1	2	0	28
chr18	669174	670691	1	1	1	1	0	7
chr18	693909	694247	2	2	1	1	0	28
chr18	736962	739734	2	2	1	2	0	31
chr18	743098	743259	2	2	1	2	0	17
chr18	2585203	2587829	1	1	1	4	0	32
chr18	2587924	2589203	1	1	1	2	0	6
chr18	2599172	2601395	1	1	1	1	0	34
chr18	2601486	2606414	1	1	1	1	0	8
chr18	2610862	2616436	1	1	1	5	0	31
chr18	2615315	2616436	1	1	1	1	0	41
chr18	2674146	2688393	1	1	1	2	0	40
chr18	2688509	2688627	1	1	1	3	0	30
chr18	2700919	2703691	1	1	1	1	0	39
chr18	2703887	2705693	1	1	1	1	0	27
chr18	2705808	2706363	1	1	1	2	0	28
chr18	2706471	2707562	1	1	1	1	0	23
chr18	2770109	2771532	1	1	1	2	0	10
chr18	2784622	2795948	1	1	1	2	0	45
chr18	2796108	2796406	1	1	1	1	0	30
chr18	2927812	2928590	2	2	1	1	0	12
chr18	2928661	2929064	2	2	1	1	0	10
chr18	2951357	2954503	2	2	1	1	0	12
chr18	3254051	3255745	1	1	1	1	0	26
chr18	3708502	3729134	2	2	1	1	0	33
chr18	6926559	6928119	2	2	1	1	0	24
chr18	6927585	6928119	2	2	1	2	0	12
chr18	6982591	6983098	2	2	1	1	0	6
chr18	7011480	7011994	2	2	1	1	0	4
chr18	7159683	7168481	1	1	1	0	1	20
chr18	9102798	9117837	1	1	1	2	0	38
chr18	9117904	9119325	1	1	1	0	1	24
chr18	9119389	9119473	1	1	1	3	0	41
chr18	9119591	9122512	1	1	1	0	1	9
chr18	9124984	9126830	1	1	1	20	2	44
chr18	9126908	9134185	1	1	1	68	0	45
chr18	9136966	9182381	1	1	1	2	0	33
chr18	9182520	9195550	1	1	1	3	0	29
chr18	9513290	9516844	1	1	1	11	0	42
chr18	9517304	9522159	1	1	1	1	0	14
chr18	9522510	9524593	1	1	1	1	0	11
chr18	9524756	9525719	1	1	1	1	0	6
chr18	9525852	9530833	1	1	1	1	0	20
chr18	9814092	9815115	1	1	1	1	0	43
chr18	9845692	9859227	1	1	1	1	0	4
chr18	9931963	9936109	1	1	1	1	2	45
chr18	9937067	9950394	1	1	1	1	0	11
chr18	9954213	9954480	1	1	1	1	0	23
chr18	10533554	10534465	1	1	1	1	0	17
chr18	10534497	10539761	1	1	1	1	0	31
chr18	10539872	10539987	1	1	1	3	0	43
chr18	10540055	10540328	1	1	1	3	0	34
chr18	10731522	10736603	2	2	1	1	0	37
chr18	10736711	10741030	2	2	1	1	0	28
chr18	10742616	10744141	2	2	1	3	0	44
chr18	10744232	10748470	2	2	1	1	0	10
chr18	10791325	10794771	2	2	1	1	0	15
chr18	10795003	10797373	2	2	1	1	0	43
chr18	10800476	10801389	2	2	1	1	0	26
chr18	10801429	10803874	2	2	1	2	0	40
chr18	11626866	11626900	1	1	1	2	0	43
chr18	12329784	12337340	2	2	1	1	0	44
chr18	12351211	12351305	2	2	1	1	0	10
chr18	12353159	12356693	2	2	1	1	0	21
chr18	12367118	12367275	2	2	1	1	0	35
chr18	12367383	12370848	2	2	1	1	0	38
chr18	12370927	12371591	2	2	1	2	0	15
chr18	12371692	12376968	2	2	1	3	0	39
chr18	12650683	12727676	2	2	1	0	2	22
chr18	12658774	12665064	1	1	1	1	0	12
chr18	12703165	12706549	1	1	1	1	0	30
chr18	12724620	12725438	1	1	1	1	0	21
chr18	12794486	12801969	2	2	1	3	0	16
chr18	12825945	12830942	2	2	1	1	0	26
chr18	12971252	12978751	1	1	1	1	0	42
chr18	13099582	13100304	1	1	1	1	0	26
chr18	13734600	13737009	1	1	1	2	0	36
chr18	13742653	13746219	1	1	1	1	0	21
chr18	14104866	14105033	1	1	1	1	0	5
chr18	20960207	20966916	2	2	1	1	0	31
chr18	20967941	20968771	2	2	1	11	0	38
chr18	20968861	20969114	2	2	1	14	0	45
chr18	20969209	20970347	2	2	1	3	0	12
chr18	20980005	20982762	2	2	1	9	0	45
chr18	20982833	20984350	2	2	1	19	0	39
chr18	20984536	20986949	2	2	1	3	0	27
chr18	20987111	20991175	2	2	1	1	0	29
chr18	20991327	20992830	2	2	1	2	0	21
chr18	20992938	21006350	2	2	1	1	0	13
chr18	21008195	21015430	2	2	1	3	0	29
chr18	21015480	21020150	2	2	1	1	0	31
chr18	21020240	21023619	2	2	1	2	0	42
chr18	21028936	21039471	2	2	1	1	0	32
chr18	21042236	21042564	2	2	1	1	0	28
chr18	21042710	21044101	2	2	1	2	0	8
chr18	21070614	21110817	2	2	1	1	0	11
chr18	21564318	21566145	2	2	1	1	0	44
chr18	21575431	21575671	2	2	1	1	0	10
chr18	21612444	21622724	1	1	1	2	0	27
chr18	21622802	21623747	1	1	1	8	0	45
chr18	21623940	21629061	1	1	1	51	0	46
chr18	22936961	22946443	1	1	1	1	0	25
chr18	22946487	22949617	1	1	1	1	0	36
chr18	22993848	22996373	1	1	1	3	0	25
chr18	22996463	22997619	1	1	1	4	0	45
chr18	23001730	23006362	1	1	1	1	0	15
chr18	23001730	23016827	1	1	1	1	0	4
chr18	23463080	23463966	1	1	1	1	0	27
chr18	23467527	23473428	1	1	1	1	0	23
chr18	23530613	23531624	1	1	1	4	0	45
chr18	24015039	24019859	1	1	1	1	0	44
chr18	24163282	24165064	2	2	1	1	0	8
chr18	24166703	24167328	2	2	1	1	0	25
chr18	24167446	24170326	2	2	1	1	0	40
chr18	24171499	24172375	2	2	1	3	0	40
chr18	24171499	24178012	2	2	1	2	0	38
chr18	24172460	24178087	1	1	1	1	0	34
chr18	24333087	24334244	2	2	1	3	0	40
chr18	24341659	24366891	2	2	1	1	0	33
chr18	24377536	24397654	2	2	1	2	0	36
chr18	24428922	24430321	1	1	1	1	0	7
chr18	24430385	24437954	1	1	1	1	0	22
chr18	24440619	24443048	1	1	1	1	0	32
chr18	24443153	24445392	1	1	1	1	0	38
chr18	26315399	26321069	1	1	1	1	0	40
chr18	27988667	27990096	2	2	1	1	0	25
chr18	28147785	28176962	2	2	1	3	0	28
chr18	31070851	31071604	2	2	1	1	0	19
chr18	31092301	31093558	2	2	1	2	0	45
chr18	31524889	31530986	1	1	1	1	0	41
chr18	31531253	31535269	1	1	1	1	0	19
chr18	31535413	31536201	1	1	1	2	0	28
chr18	31866976	31867401	2	2	1	2	0	40
chr18	31867477	31870371	2	2	1	1	0	13
chr18	31870503	31870925	2	2	1	2	0	22
chr18	32411786	32412881	2	2	1	0	3	4
chr18	35102160	35126947	1	1	1	1	0	16
chr18	35247830	35249458	2	4	1	1	0	31
chr18	35291233	35305975	1	1	1	1	0	10
chr18	35340734	35344369	2	2	1	1	0	6
chr18	35689291	35691011	1	1	1	1	0	18
chr18	35702996	35703508	1	1	1	2	0	39
chr18	35703644	35709623	1	1	1	6	0	36
chr18	36027076	36027183	2	2	1	2	0	12
chr18	36027311	36030807	2	2	1	2	0	9
chr18	36142348	36142825	1	1	1	2	0	41
chr18	36155000	36156465	1	1	1	1	0	36
chr18	36170197	36171046	1	1	1	3	0	42
chr18	36171161	36174484	1	1	1	14	0	44
chr18	36249001	36251158	1	1	1	1	0	23
chr18	36257074	36260036	1	1	1	1	0	29
chr18	36266854	36268532	1	1	1	1	0	30
chr18	42043818	42049530	1	1	1	1	0	19
chr18	42067514	42081122	1	1	1	4	0	5
chr18	44707805	44708658	2	2	1	2	0	17
chr18	46084364	46084503	2	2	1	38	0	45
chr18	46084655	46086112	2	2	1	2	0	11
chr18	46086258	46086386	2	2	1	1	0	31
chr18	46087233	46087340	2	2	1	1	0	13
chr18	46087493	46088108	2	2	1	1	0	6
chr18	46088258	46089565	2	2	1	1	0	31
chr18	46089733	46089822	2	2	1	1	0	29
chr18	46089997	46091681	2	2	1	1	0	32
chr18	46105369	46114964	1	1	1	1	0	37
chr18	46105369	46118180	1	1	1	5	0	35
chr18	46118317	46119925	1	1	1	1	0	6
chr18	46122591	46123298	1	1	1	1	0	40
chr18	46123365	46124821	1	1	1	1	0	31
chr18	46429415	46433426	2	2	1	1	0	21
chr18	46818448	46820932	2	2	1	2	0	19
chr18	47075369	47077350	1	1	1	1	0	37
chr18	47113041	47115131	2	2	1	2	0	28
chr18	47156233	47157435	2	2	1	4	0	40
chr18	47157538	47176186	2	2	1	1	0	22
chr18	47841951	47845339	2	2	1	1	0	9
chr18	49488567	49489358	2	2	1	890	2	46
chr18	49489551	49490453	2	2	1	66	4	43
chr18	49490553	49490792	2	2	1	9	0	45
chr18	49490928	49491404	2	2	1	4	0	40
chr18	49491446	49491531	2	2	1	3	2	29
chr18	49491446	49491625	2	2	1	1	0	6
chr18	49791600	49792151	2	2	1	1	0	25
chr18	49792328	49794279	2	2	1	2	0	31
chr18	49794428	49795764	2	2	1	3	0	17
chr18	49841455	49843240	2	2	1	1	0	31
chr18	50283565	50283704	2	2	1	1	0	5
chr18	50895929	50908062	1	1	1	2	0	34
chr18	50920566	50920660	1	1	1	2	0	33
chr18	50920759	50921073	1	1	1	1	0	43
chr18	54280904	54282836	1	1	1	1	0	11
chr18	54320393	54321065	1	1	1	1	0	7
chr18	54362922	54365718	1	1	1	1	0	21
chr18	54604935	54606909	2	2	1	1	0	7
chr18	55228031	55228220	2	4	1	13	0	45
chr18	55228362	55228846	2	2	1	1	0	15
chr18	55351004	55403453	2	2	1	1	0	32
chr18	56603057	56610992	2	2	1	17	0	42
chr18	56611098	56614423	2	2	1	1	0	28
chr18	56614597	56616244	2	2	1	1	0	20
chr18	56618127	56624287	2	2	1	1	0	46
chr18	56624462	56626360	2	2	1	1	0	18
chr18	56626458	56638342	2	2	1	1	0	20
chr18	56781657	56816030	1	1	1	1	0	24
chr18	57554425	57554844	2	2	1	1	0	41
chr18	57601784	57602354	2	2	1	1	0	3
chr18	57606752	57607133	2	2	1	1	0	10
chr18	57609444	57611636	2	2	1	1	0	32
chr18	57615731	57615816	2	2	1	2	0	31
chr18	57615976	57620568	2	2	1	22	0	44
chr18	57620649	57621707	2	2	1	1	0	10
chr18	57620652	57621707	2	2	1	5	0	32
chr18	58195734	58245426	1	1	1	1	0	45
chr18	58391560	58396166	1	1	1	2	0	17
chr18	58723252	58733396	1	1	1	2	0	40
chr18	58910940	58911633	1	1	1	3	0	33
chr18	58948230	58953517	1	1	1	1	0	45
chr18	58953800	58979054	1	1	1	0	1	3
chr18	58979168	58981469	1	1	1	2	0	16
chr18	58981618	58983971	1	1	1	3	0	46
chr18	59152686	59155687	1	1	1	2	0	41
chr18	59155808	59157607	1	1	1	3	0	30
chr18	59155808	59158631	1	1	1	1	0	24
chr18	59157666	59158631	1	1	1	12	0	37
chr18	59331540	59333090	2	2	1	1	0	36
chr18	59338954	59345918	2	2	1	1	0	20
chr18	59346052	59347512	2	2	1	13	0	39
chr18	59347572	59349112	2	2	1	12	0	44
chr18	59349237	59353201	2	2	1	6	0	45
chr18	59353302	59354518	2	2	1	1	0	13
chr18	59669067	59669492	2	4	1	1	0	26
chr18	62143347	62145908	2	2	1	1	0	39
chr18	62157809	62161132	2	2	1	1	0	29
chr18	62945272	62958628	1	1	1	1	0	37
chr18	62963473	62972513	1	1	1	2	0	34
chr18	63410447	63411466	2	2	1	3	0	37
chr18	63411579	63422232	2	2	1	1	0	29
chr18	67515493	67516360	2	2	1	4	0	39
chr18	72748165	72749013	2	2	1	1	0	43
chr18	72880235	72881189	1	1	1	1	0	23
chr18	74516393	74518498	1	3	1	1	0	16
chr18	74635707	74641007	1	1	1	1	0	35
chr18	76880317	76881283	1	1	1	1	0	21
chr18	76880317	76881320	1	1	1	2	0	33
chr18	76920059	76923070	1	1	1	1	0	19
chr18	77045385	77045471	2	2	1	1	0	38
chr18	78995463	79002288	1	1	1	1	0	7
chr18	79344355	79345427	1	1	1	1	0	8
chr18	79347926	79348131	1	1	1	2	0	25
chr18	79753761	79754292	2	4	1	1	0	39
chr18	79930312	79943328	2	2	1	2	0	38
chr18	79977702	79986601	2	2	1	1	0	6
chr18	79977702	79988239	2	2	1	1	0	39
chr19	204066	205169	2	2	1	1	0	23
chr19	208392	209224	2	4	1	1	0	45
chr19	287752	288019	2	2	1	2	0	25
chr19	580462	580645	1	1	1	1	0	46
chr19	580783	581314	1	1	1	1	0	27
chr19	581592	582305	1	1	1	1	0	5
chr19	582331	582513	1	1	1	4	0	25
chr19	582583	582749	1	1	1	13	0	43
chr19	617324	617418	2	2	1	11	0	42
chr19	617481	617569	2	2	1	12	0	41
chr19	617656	617776	2	2	1	1	0	7
chr19	648278	648371	2	2	1	1	0	23
chr19	871254	871925	2	2	1	1	0	42
chr19	969300	970223	1	1	1	2	0	27
chr19	992122	994019	1	1	1	1	0	30
chr19	1038187	1038923	2	2	1	4	0	22
chr19	1089963	1090086	2	2	1	1	0	20
chr19	1094079	1095258	2	2	1	1	0	15
chr19	1105511	1105657	1	1	1	1	0	16
chr19	1105810	1106241	1	1	1	2	0	25
chr19	1106267	1106399	1	1	1	4	0	20
chr19	1106460	1106539	1	1	1	3	0	35
chr19	1238227	1239363	1	1	1	1	0	15
chr19	1242610	1244096	1	1	1	1	0	15
chr19	1244186	1244314	1	1	1	3	0	26
chr19	1244441	1244736	1	1	1	18	0	42
chr19	1271362	1272968	1	3	1	0	1	4
chr19	1271633	1271980	1	1	1	2	0	18
chr19	1272052	1272426	1	1	1	2	0	3
chr19	1273026	1274350	1	1	1	0	1	8
chr19	1274441	1274648	1	1	1	7	0	45
chr19	1355136	1356323	1	1	1	1	0	16
chr19	1356450	1357008	1	1	1	1	0	6
chr19	1362352	1364508	1	1	1	1	0	21
chr19	1371079	1373071	1	1	1	1	0	36
chr19	1393331	1395390	1	1	1	2	0	30
chr19	1417541	1418203	1	1	1	1	0	19
chr19	1418732	1421147	1	1	1	1	0	16
chr19	1438429	1438806	1	1	1	1	0	22
chr19	1438581	1438810	1	1	1	1	0	29
chr19	1438893	1440018	1	1	1	7	0	45
chr19	1440242	1440348	1	1	1	1	0	45
chr19	1440254	1440348	1	1	1	270	1	45
chr19	1598216	1599411	2	2	1	56	0	45
chr19	1599561	1605359	2	2	1	3	0	30
chr19	1611370	1611703	2	2	1	5	0	43
chr19	1611850	1615284	2	2	1	3	0	36
chr19	1615521	1615685	2	2	1	1	0	42
chr19	1877426	1877507	2	2	1	3	0	27
chr19	1979094	1979162	1	1	1	1	0	3
chr19	1979249	1979318	1	1	1	1	0	3
chr19	1979644	1979751	1	1	1	1	0	8
chr19	1990823	1993019	2	2	1	1	0	43
chr19	1993177	1997343	2	2	1	1	0	37
chr19	2037830	2040133	2	2	1	1	0	4
chr19	2114303	2114747	2	2	1	31	0	44
chr19	2114822	2115218	2	2	1	14	0	43
chr19	2115419	2115537	2	4	1	2	0	36
chr19	2115614	2116206	2	2	1	3	0	41
chr19	2116279	2116604	2	2	1	2	0	31
chr19	2121880	2123357	2	2	1	1	0	6
chr19	2123407	2123829	2	2	1	1	0	37
chr19	2235991	2236154	2	2	1	1	0	23
chr19	2246803	2246881	1	1	1	1	0	20
chr19	2269745	2271384	1	1	1	2	0	28
chr19	2269745	2271390	1	1	1	1	0	22
chr19	2271531	2271781	1	1	1	4	0	17
chr19	2272821	2272971	1	1	1	3	0	27
chr19	2321823	2324124	2	2	1	4	0	31
chr19	2324197	2328386	2	2	1	3	0	28
chr19	2340173	2340897	1	1	1	1	0	20
chr19	2427047	2427255	2	2	1	4	0	36
chr19	2427325	2427413	2	2	1	1	0	30
chr19	2430953	2431547	2	2	1	4	0	37
chr19	2762645	2763652	2	2	1	1	0	6
chr19	2807049	2807701	2	2	1	1	0	43
chr19	2810491	2810639	1	1	1	4	0	29
chr19	2810663	2813495	1	1	1	1	0	13
chr19	2813362	2813467	1	3	1	1	0	19
chr19	2997956	3000646	2	2	1	1	0	19
chr19	3053253	3053453	1	1	1	1	0	37
chr19	3053289	3053432	1	1	1	1	0	13
chr19	3053289	3053620	1	1	1	1	0	37
chr19	3054195	3055663	2	2	1	1	0	20
chr19	3055727	3056311	2	2	1	1	0	9
chr19	3574587	3575539	1	1	1	2	0	39
chr19	3778596	3778991	2	2	1	1	0	19
chr19	3976114	3976474	1	1	1	1	6	25
chr19	3976203	3976448	1	1	1	3	0	35
chr19	3976217	3976436	2	2	1	14	0	38
chr19	3976287	3976474	1	1	1	10	2	45
chr19	3976748	3977214	2	2	1	2	0	44
chr19	3977348	3977427	2	2	1	1	0	14
chr19	3979437	3979807	2	2	1	1	0	9
chr19	3980067	3980513	2	2	1	3	0	44
chr19	3981453	3981946	2	2	1	3	0	32
chr19	3982053	3982245	2	2	1	4	0	30
chr19	4085594	4085686	1	1	1	1	0	14
chr19	4090709	4094452	2	2	1	1	0	18
chr19	4117630	4123783	2	2	1	1	0	39
chr19	4324198	4325215	2	2	1	1	0	35
chr19	4324530	4325215	2	2	1	1	0	34
chr19	4359256	4359915	1	1	1	5	0	41
chr19	4361797	4362328	2	2	1	3	0	22
chr19	4362386	4362611	2	2	1	3	0	13
chr19	4409366	4409697	2	4	1	1	0	23
chr19	4409760	4418019	1	1	1	1	0	40
chr19	4418077	4422565	1	1	1	2	0	27
chr19	4422796	4423334	1	1	1	2	0	14
chr19	4428891	4429437	1	1	1	1	0	41
chr19	4432089	4443266	2	4	1	1	0	26
chr19	4442342	4442924	1	1	1	1	0	19
chr19	4445576	4446878	2	4	1	1	0	22
chr19	4445624	4446048	2	2	1	2	0	35
chr19	4494476	4496301	1	1	1	1	0	25
chr19	4498916	4499490	1	1	1	3	0	7
chr19	4499705	4501190	1	1	1	1	0	8
chr19	4501318	4501910	1	1	1	1	0	14
chr19	4660751	4664875	2	2	1	1	0	26
chr19	4664938	4668594	2	2	1	2	0	29
chr19	4668646	4670160	2	2	1	1	0	6
chr19	4859673	4859825	2	2	1	1	0	25
chr19	4911039	4929221	1	1	1	2	0	21
chr19	4932957	4941527	1	1	1	1	0	32
chr19	4941186	4989432	1	1	1	1	0	32
chr19	5286235	5340663	2	2	1	1	0	18
chr19	5595498	5598792	2	2	1	1	0	28
chr19	5598885	5600129	2	2	1	3	0	37
chr19	5600261	5604582	2	2	1	1	0	14
chr19	5604696	5604786	2	2	1	12	0	45
chr19	5604937	5609994	2	2	1	1	1	45
chr19	5613528	5616127	2	2	1	1	0	37
chr19	5641947	5645336	1	1	1	1	0	40
chr19	5657348	5661517	1	1	1	1	0	6
chr19	5664440	5667045	1	1	1	2	0	13
chr19	5667887	5668161	1	1	1	2	0	24
chr19	5690328	5690505	1	1	1	2	0	22
chr19	5690601	5691318	1	1	1	5	0	31
chr19	5691454	5691531	1	1	1	231	0	46
chr19	5692209	5693297	2	2	1	3	0	44
chr19	5699206	5700788	2	2	1	1	0	22
chr19	5723608	5735923	1	1	1	0	1	43
chr19	5785276	5785382	2	2	1	12	0	44
chr19	5785316	5785382	2	2	1	1	0	45
chr19	5894716	5903643	1	3	1	1	0	16
chr19	5894855	5896452	2	2	1	13	0	45
chr19	5896576	5896904	2	2	1	1	0	7
chr19	5923304	5923811	2	2	1	1	0	8
chr19	5925738	5927967	2	2	1	1	0	22
chr19	5931532	5932451	2	2	1	2	0	15
chr19	6368619	6368719	2	4	1	1	0	16
chr19	6374590	6374810	1	1	1	10	0	44
chr19	6381851	6383310	2	2	1	1	0	28
chr19	6414121	6415140	2	4	1	1	0	13
chr19	6416651	6416737	2	2	1	2	0	44
chr19	6416883	6416986	2	2	1	1	0	7
chr19	6438535	6438723	2	2	1	1	0	22
chr19	6454089	6454322	2	2	1	1	0	8
chr19	6583864	6584827	2	2	1	1	0	24
chr19	6730272	6731198	2	2	1	1	0	35
chr19	6746562	6749933	1	1	1	1	0	15
chr19	6748872	6751360	2	2	1	0	2	3
chr19	7489513	7490981	2	2	1	1	0	40
chr19	7561318	7561487	1	1	1	2	0	23
chr19	7617662	7618115	1	1	1	1	0	20
chr19	7619648	7619746	2	2	1	20	0	44
chr19	7619857	7619945	2	2	1	2	0	15
chr19	7621037	7621134	2	2	1	1	0	5
chr19	7629861	7630572	1	1	1	2	0	24
chr19	7630660	7630822	1	1	1	25	0	24
chr19	7630847	7631472	1	1	1	34	0	26
chr19	7647512	7647724	1	1	1	6	0	39
chr19	7912195	7912296	1	1	1	1	0	14
chr19	7927307	7927656	2	2	1	1	0	17
chr19	7931189	7932626	2	2	1	1	0	8
chr19	7938198	7941101	2	2	1	12	0	40
chr19	7941198	7943606	2	2	1	1	0	31
chr19	7999836	8003677	1	1	1	1	0	36
chr19	8081833	8083246	2	2	1	1	0	12
chr19	8234092	8235980	1	1	1	0	1	35
chr19	8241371	8243136	1	1	1	1	0	20
chr19	8257078	8257878	1	1	1	1	0	4
chr19	8311596	8316495	2	2	1	5	0	33
chr19	8316646	8320856	2	2	1	1	0	27
chr19	8321570	8321655	1	1	1	2	0	15
chr19	8321704	8321952	1	1	1	6	1	46
chr19	8322092	8322271	1	1	1	134	25	45
chr19	8415619	8415650	1	1	1	1	0	36
chr19	8445112	8455404	1	1	1	3	0	20
chr19	8463687	8465323	1	1	1	3	0	31
chr19	8465363	8465479	1	1	1	2	0	36
chr19	8465516	8466234	1	1	1	3	0	29
chr19	8467585	8468773	1	1	1	1	0	30
chr19	8468835	8471325	1	1	1	1	0	8
chr19	8471428	8473663	1	1	1	2	0	42
chr19	8473709	8474166	1	1	1	1	0	5
chr19	8477391	8477568	2	2	1	1	0	25
chr19	8483212	8485602	1	1	1	1	0	38
chr19	8486406	8487023	1	1	1	3	0	44
chr19	8487076	8488690	1	1	1	2	0	20
chr19	9378345	9378961	1	1	1	1	0	36
chr19	9828394	9828591	1	1	1	4	0	38
chr19	9828676	9828836	1	1	1	46	0	38
chr19	9828875	9829964	1	1	1	65	0	39
chr19	9848141	9849089	1	1	1	1	0	29
chr19	9849202	9849532	1	1	1	1	0	27
chr19	10115130	10115478	2	2	1	42	0	44
chr19	10115586	10115683	2	2	1	5	0	25
chr19	10116990	10117083	2	2	1	1	0	13
chr19	10117189	10118667	2	2	1	1	0	21
chr19	10118728	10118867	2	2	1	1	0	11
chr19	10133702	10134216	2	2	1	1	0	15
chr19	10134308	10135735	2	2	1	2	0	27
chr19	10136288	10137084	2	2	1	3	0	26
chr19	10151546	10151749	2	2	1	3	0	46
chr19	10154480	10154585	2	2	1	2	0	33
chr19	10162749	10163325	2	2	1	4	0	30
chr19	10163361	10166591	2	4	1	1	0	33
chr19	10163361	10166597	2	2	1	3	0	35
chr19	10166686	10168329	2	2	1	5	0	28
chr19	10168365	10173089	2	2	1	1	0	29
chr19	10173175	10173870	2	2	1	14	0	35
chr19	10173906	10175539	2	2	1	24	0	35
chr19	10175619	10177291	2	2	1	20	0	43
chr19	10177368	10180186	2	2	1	1	0	18
chr19	10177368	10180349	2	2	1	1	0	33
chr19	10180235	10180349	2	2	1	1	0	26
chr19	10256826	10258221	1	1	1	2	0	24
chr19	10259242	10259823	2	2	1	1	0	3
chr19	10259908	10259946	2	4	1	3	0	42
chr19	10282343	10283111	1	1	1	1	0	31
chr19	10310393	10315392	1	3	1	1	0	39
chr19	10316363	10316860	1	3	1	1	0	24
chr19	10334060	10334159	2	2	1	1	0	33
chr19	10391251	10391562	2	2	1	1	0	29
chr19	10395144	10395227	2	2	1	1	0	43
chr19	10486819	10489191	2	2	1	1	0	8
chr19	10628005	10631056	1	1	1	1	0	16
chr19	10654488	10670515	1	1	1	2	0	25
chr19	10671204	10671357	1	1	1	1	0	27
chr19	10671536	10677162	1	1	1	1	0	37
chr19	10678705	10679096	1	1	1	2	0	15
chr19	10679193	10679815	1	1	1	1	0	20
chr19	10679928	10680345	1	1	1	3	0	26
chr19	10679928	10681018	1	1	1	0	1	3
chr19	10680444	10681018	1	1	1	15	1	45
chr19	10681131	10681218	1	1	1	17	0	45
chr19	10691862	10692377	1	1	1	1	0	23
chr19	10713041	10713117	1	1	1	1	0	27
chr19	10780803	10780892	2	4	1	1	0	45
chr19	10871923	10904950	1	1	1	1	0	8
chr19	10920749	10920833	1	1	1	1	0	16
chr19	10986391	10996271	2	4	1	1	0	29
chr19	10987004	10987665	1	1	1	1	0	4
chr19	10989444	10991149	1	1	1	5	0	23
chr19	10991324	10994827	1	1	1	2	0	31
chr19	10995002	10996212	1	1	1	56	0	46
chr19	11024439	11025421	1	1	1	1	0	41
chr19	11025509	11026299	1	1	1	1	0	33
chr19	11034201	11034913	1	1	1	1	0	28
chr19	11035133	11039457	1	1	1	1	0	13
chr19	11046679	11046814	1	3	1	1	0	44
chr19	11059886	11060044	1	1	1	1	0	46
chr19	11060188	11061783	1	1	1	3	0	18
chr19	11144510	11145095	1	3	1	1	0	25
chr19	11199540	11200307	2	2	1	2	0	14
chr19	11200823	11200908	2	4	1	1	0	42
chr19	11209104	11211775	2	2	1	1	0	8
chr19	11345416	11345519	2	2	1	1	0	11
chr19	11354697	11354872	1	1	1	1	0	29
chr19	11447161	11447438	1	1	1	2	0	33
chr19	11449176	11449265	1	1	1	1	0	18
chr19	11449429	11450645	1	1	1	1	0	25
chr19	11692626	11731081	1	1	1	1	0	40
chr19	11895402	11897843	1	1	1	1	0	28
chr19	11994575	11994709	1	3	1	1	0	45
chr19	12205010	12249393	2	4	1	4	0	34
chr19	12291251	12293231	2	2	1	1	0	10
chr19	12611083	12623699	1	1	1	1	0	18
chr19	12675934	12676016	2	2	1	4	0	35
chr19	12679544	12679622	2	2	1	2	0	46
chr19	12679720	12679800	2	2	1	2	0	26
chr19	12694723	12694798	2	2	1	1	0	36
chr19	12731069	12731343	2	2	1	1	0	21
chr19	12731422	12734312	2	2	1	2	0	41
chr19	12747305	12747394	1	1	1	2	0	9
chr19	12768124	12769880	2	2	1	1	0	18
chr19	12774742	12774811	2	2	1	1	0	20
chr19	12796853	12796933	2	4	1	1	0	27
chr19	12798961	12800040	1	1	1	1	0	13
chr19	12800300	12800915	2	2	1	1	0	40
chr19	12801070	12801158	2	2	1	1	0	23
chr19	12813207	12813327	1	1	1	6	0	45
chr19	12869296	12870823	1	1	1	1	0	10
chr19	12878835	12880801	2	2	1	1	0	23
chr19	12924266	12924448	2	2	1	1	0	26
chr19	12930342	12930428	2	2	1	1	0	23
chr19	12930528	12930611	2	2	1	1	0	10
chr19	12940148	12940242	1	1	1	1	0	25
chr19	12940453	12940540	1	1	1	1	0	30
chr19	12940453	12944388	1	1	1	1	0	30
chr19	12940655	12940743	1	1	1	1	0	24
chr19	12940888	12943536	1	1	1	8	0	31
chr19	12943630	12943712	1	1	1	7	0	37
chr19	12944224	12944323	2	2	1	14	0	29
chr19	12948359	12948496	1	1	1	1	0	3
chr19	12952854	12952935	1	1	1	4	0	46
chr19	12954527	12956862	2	2	1	3	0	25
chr19	13105082	13105266	2	2	1	14	0	43
chr19	13139948	13141020	2	2	1	0	7	6
chr19	13303885	13307781	2	2	1	1	0	45
chr19	13757474	13757785	1	1	1	1	0	42
chr19	13774708	13778051	1	1	1	2	0	41
chr19	13826829	13827496	1	3	1	1	0	34
chr19	14088783	14088879	2	2	1	1	0	16
chr19	14089363	14089784	2	2	1	4	0	25
chr19	14408953	14409036	2	2	1	16	0	43
chr19	14409448	14409535	2	2	1	3	0	44
chr19	14469989	14470162	1	1	1	1	0	19
chr19	14470852	14471580	1	1	1	1	0	19
chr19	14563904	14563981	1	1	1	1	0	29
chr19	14565291	14565617	1	1	1	1	0	14
chr19	14565664	14565743	1	1	1	5	0	41
chr19	14566266	14566764	2	2	1	21	0	43
chr19	14566934	14571888	2	2	1	1	0	42
chr19	15256264	15256963	2	2	1	24	0	41
chr19	15361823	15362109	2	2	1	1	0	18
chr19	15362252	15368234	2	2	1	2	0	35
chr19	15370180	15371951	2	2	1	1	0	21
chr19	15371999	15372217	2	2	1	1	0	24
chr19	15382335	15382739	0	0	1	3	0	41
chr19	15400865	15400946	2	2	1	2	0	32
chr19	16076698	16081912	1	1	1	1	0	18
chr19	16082047	16086422	1	1	1	1	0	37
chr19	16086541	16088026	1	1	1	4	0	39
chr19	16088098	16089044	1	1	1	7	0	40
chr19	16089121	16093535	1	1	1	3	0	41
chr19	16093599	16093683	1	1	1	1	0	31
chr19	16093754	16101263	1	1	1	0	2	44
chr19	16125548	16127436	1	1	1	2	0	41
chr19	16127527	16128025	1	1	1	3	0	34
chr19	16128092	16129553	1	1	1	1	0	29
chr19	16185517	16185623	1	1	1	1	0	26
chr19	16403931	16404587	2	2	1	1	0	8
chr19	17154067	17154314	1	1	1	1	0	18
chr19	17184988	17185920	1	1	1	1	0	25
chr19	17198309	17200292	1	1	1	1	0	9
chr19	17203259	17205262	1	1	1	1	0	33
chr19	17216322	17217452	1	1	1	1	0	6
chr19	17230649	17235498	2	2	1	1	0	17
chr19	17269092	17271596	1	1	1	2	0	32
chr19	17276625	17276822	1	1	1	1	0	38
chr19	17276910	17278844	1	1	1	1	0	6
chr19	17292832	17294287	2	2	1	1	0	22
chr19	17372689	17388118	2	2	1	0	1	19
chr19	17403327	17403679	2	2	1	1	0	43
chr19	17517390	17517709	1	1	1	2	0	25
chr19	17733429	17734272	1	1	1	2	0	41
chr19	17784925	17786573	1	1	1	1	0	16
chr19	17786630	17787681	1	1	1	1	0	5
chr19	17859975	17861292	1	1	1	0	1	16
chr19	17861473	17862093	1	1	1	4	0	41
chr19	17862224	17862917	1	1	1	24	2	45
chr19	17863028	17863170	1	1	1	350	0	46
chr19	17922759	17937253	2	2	1	1	0	27
chr19	17936580	17942655	1	1	1	1	0	10
chr19	17942846	17943260	1	1	1	1	0	12
chr19	17943907	17943936	2	4	1	5	0	26
chr19	18104045	18148127	2	2	1	1	0	14
chr19	18167307	18168474	1	1	1	1	0	40
chr19	18177765	18177848	1	1	1	1	0	14
chr19	18276556	18289298	1	1	1	0	1	45
chr19	18307556	18309677	2	2	1	4	0	17
chr19	18312703	18316023	2	2	1	2	0	28
chr19	18316066	18323017	2	2	1	2	0	23
chr19	18436248	18436329	2	2	1	1	0	4
chr19	18568781	18569220	1	1	1	2	0	21
chr19	18571888	18573292	1	1	1	1	0	33
chr19	18573749	18574869	1	1	1	4	0	14
chr19	18574973	18575056	1	1	1	35	0	45
chr19	18590934	18592107	1	1	1	3	0	38
chr19	18598902	18599564	2	2	1	2	0	13
chr19	18865779	18866043	1	1	1	2	0	36
chr19	18866167	18866520	1	3	1	1	0	12
chr19	18878099	18878929	2	2	1	2	0	20
chr19	18899676	18903689	1	3	1	1	1	36
chr19	18899710	18899872	2	2	1	1	0	19
chr19	18899727	18899872	2	2	1	9	0	40
chr19	18899948	18900380	2	2	1	1	0	41
chr19	18904853	18905575	2	2	1	1	0	22
chr19	18905630	18906959	2	2	1	1	0	12
chr19	18924700	18924881	1	1	1	1	0	31
chr19	18991150	18991339	2	2	1	1	0	15
chr19	19119749	19120780	1	1	1	1	0	40
chr19	19199235	19201648	1	1	1	3	0	32
chr19	19276675	19276946	2	2	1	5	0	42
chr19	19448603	19449438	2	4	1	1	0	35
chr19	19516333	19526181	1	1	1	5	0	40
chr19	19526261	19527280	1	1	1	3	0	42
chr19	19527353	19527700	1	1	1	6	0	46
chr19	19527771	19528006	1	1	1	58	0	46
chr19	19647326	19647413	2	2	1	1	0	6
chr19	19916656	19933181	1	1	1	1	0	10
chr19	20237873	20238287	2	2	1	1	0	31
chr19	21118886	21124960	1	1	1	1	0	11
chr19	21144459	21145228	2	4	1	1	0	42
chr19	21167667	21189864	1	1	1	1	0	28
chr19	21288279	21290768	1	1	1	1	0	41
chr19	21375365	21375868	1	1	1	1	0	34
chr19	21405256	21405757	1	1	1	2	0	18
chr19	21476852	21477321	1	1	1	3	0	25
chr19	21809808	21817887	2	2	1	1	0	37
chr19	23090053	23090803	2	4	1	1	0	13
chr19	23134207	23135947	1	1	1	1	0	36
chr19	23224019	23231265	2	2	1	3	0	8
chr19	23231362	23232166	2	2	1	1	0	45
chr19	23362726	23373741	2	2	1	1	0	4
chr19	23403494	23403719	2	2	1	1	0	28
chr19	23403510	23403719	2	2	1	4	0	25
chr19	23403748	23404950	2	2	1	3	0	28
chr19	23403748	23405257	2	2	1	2	0	28
chr19	23807940	23808718	1	1	1	1	0	9
chr19	23827807	23827996	1	3	1	0	11	19
chr19	27727980	27732795	2	2	1	1	0	6
chr19	28627347	28627512	2	4	1	1	0	46
chr19	29550364	29561241	1	1	1	1	0	34
chr19	29613973	29615243	1	1	1	1	0	32
chr19	29812579	29812688	1	1	1	1	0	8
chr19	29971228	29985222	1	1	1	1	0	11
chr19	29985302	29986281	1	1	1	3	0	32
chr19	30007639	30009004	1	1	1	3	0	16
chr19	30012532	30015535	1	1	1	13	0	38
chr19	32456557	32456688	2	4	1	2	0	35
chr19	32464785	32467473	1	1	1	1	0	12
chr19	32581328	32582194	1	1	1	2	0	28
chr19	32582233	32584949	1	1	1	1	0	33
chr19	32585012	32585815	1	1	1	1	0	37
chr19	32585908	32586857	1	1	1	10	0	44
chr19	32586930	32587252	1	1	1	44	0	46
chr19	32602127	32604262	2	2	1	1	0	41
chr19	32704385	32704997	2	2	1	1	0	35
chr19	32933670	32937012	2	2	1	2	0	17
chr19	33012964	33050766	2	2	1	1	0	38
chr19	33113904	33114252	1	1	1	1	0	18
chr19	33118042	33119009	1	1	1	1	0	43
chr19	33125203	33126587	1	1	1	1	0	20
chr19	33206363	33206600	1	1	1	1	0	6
chr19	33388082	33391294	2	2	1	1	0	44
chr19	33464063	33478045	2	2	1	1	0	18
chr19	33478091	33489995	2	2	1	1	0	29
chr19	34194642	34196633	1	1	1	1	0	19
chr19	34209052	34215123	1	1	1	1	0	32
chr19	34215662	34219390	1	1	1	3	0	40
chr19	34219574	34219705	1	1	1	1	0	18
chr19	34221739	34227364	1	1	1	1	0	22
chr19	34393309	34393727	1	1	1	2	0	36
chr19	34393772	34393913	1	1	1	2	0	12
chr19	34396431	34396580	1	1	1	1	0	14
chr19	34399336	34399555	1	1	1	1	0	6
chr19	34399632	34399718	1	1	1	1	0	10
chr19	34399786	34399900	1	1	1	1	0	41
chr19	34400508	34402262	1	1	1	1	0	32
chr19	34421668	34425989	1	1	1	3	0	34
chr19	34433413	34434867	1	1	1	2	0	15
chr19	34450365	34451980	1	1	1	1	0	18
chr19	34454354	34454443	1	1	1	1	0	18
chr19	34464132	34466877	1	1	1	1	0	21
chr19	34467015	34469039	1	1	1	6	0	45
chr19	34739269	34739525	1	1	1	1	0	10
chr19	35142522	35142719	1	1	1	1	0	26
chr19	35142772	35142916	1	1	1	2	0	14
chr19	35267735	35267823	1	1	1	53	0	44
chr19	35497539	35498715	2	2	1	1	0	31
chr19	35498764	35498873	2	2	1	1	0	13
chr19	35503448	35505717	2	2	1	18	0	45
chr19	35505766	35505938	2	2	1	8	0	35
chr19	35505987	35506125	2	2	1	1	0	24
chr19	35505987	35509910	2	2	1	1	0	36
chr19	35509962	35510183	2	2	1	3	0	33
chr19	35547030	35547118	1	1	1	3	0	15
chr19	35547241	35547323	1	1	1	8	0	41
chr19	35626888	35651685	2	2	1	1	0	30
chr19	35634374	35637157	1	1	1	1	0	40
chr19	35637353	35637441	1	1	1	2	0	45
chr19	35651350	35654570	1	1	1	3	0	44
chr19	35651350	35658593	1	1	1	0	2	3
chr19	35654672	35658593	1	1	1	27	2	43
chr19	35745701	35745834	1	1	1	1	0	16
chr19	35746524	35746707	1	1	1	1	0	11
chr19	35754320	35754392	1	1	1	1	0	14
chr19	35787560	35788704	1	1	1	1	0	23
chr19	36003521	36003612	2	2	1	3	0	11
chr19	36003672	36005332	2	2	1	1	0	17
chr19	36006672	36008216	2	2	1	1	0	12
chr19	36089307	36090444	1	1	1	1	0	3
chr19	36101759	36103675	2	4	1	1	0	23
chr19	36113818	36114014	2	2	1	36	0	39
chr19	36114067	36114176	2	2	1	29	0	43
chr19	36114252	36114338	2	2	1	5	0	45
chr19	36114413	36114658	2	2	1	5	0	28
chr19	36146313	36149577	1	1	1	1	0	24
chr19	36312445	36312521	1	3	1	1	0	3
chr19	36325765	36330252	2	2	1	1	0	27
chr19	36330493	36331446	2	2	1	2	0	40
chr19	36712513	36712780	1	1	1	1	0	17
chr19	36892472	36907928	2	2	1	1	0	24
chr19	36936873	36937146	1	1	1	1	0	39
chr19	37262656	37265285	1	1	1	1	0	20
chr19	37379545	37420068	2	2	1	0	1	40
chr19	37510130	37510418	1	1	1	1	0	41
chr19	37601106	37611512	1	1	1	1	0	16
chr19	37706584	37707913	2	2	1	1	0	22
chr19	37907359	37907543	1	1	1	1	0	5
chr19	38165858	38166364	1	1	1	1	0	27
chr19	38304687	38304844	1	1	1	4	0	45
chr19	38309058	38309223	2	2	1	0	1	35
chr19	38381000	38382116	1	1	1	1	0	28
chr19	38382229	38383252	1	1	1	5	0	33
chr19	38429986	38433485	2	2	1	1	0	36
chr19	38587818	38589177	2	2	1	1	0	40
chr19	38626103	38632429	1	1	1	1	0	3
chr19	38632497	38632600	1	1	1	3	0	44
chr19	38632679	38634992	1	1	1	18	0	44
chr19	38635119	38636888	1	1	1	48	0	46
chr19	38694995	38699642	2	4	1	1	0	31
chr19	38709477	38711275	1	1	1	2	0	35
chr19	38717317	38717926	1	1	1	1	0	11
chr19	38718075	38721537	1	1	1	1	0	46
chr19	38724340	38724430	1	1	1	2	0	40
chr19	38733782	38734812	2	2	1	1	0	17
chr19	38771140	38771828	2	2	1	0	1	14
chr19	38790891	38791579	1	1	1	0	1	14
chr19	38815718	38815856	2	2	1	2	0	28
chr19	38817130	38817315	2	2	1	1	0	12
chr19	38831167	38831308	2	2	1	2	0	32
chr19	38836536	38847347	2	2	1	2	0	40
chr19	38836781	38837383	2	2	1	2	0	39
chr19	38837480	38837593	2	2	1	4	0	29
chr19	38837652	38838396	2	2	1	2	0	39
chr19	38839016	38840095	2	2	1	1	0	28
chr19	38842209	38842563	1	3	1	3	0	26
chr19	38843915	38844007	2	2	1	1	0	31
chr19	38845736	38845852	2	2	1	1	0	22
chr19	38907660	38908730	1	1	1	5	0	15
chr19	38917834	38917920	2	4	1	1	0	3
chr19	38931344	38932332	1	1	1	1	0	20
chr19	39168313	39169531	1	1	1	1	0	27
chr19	39433314	39433546	2	4	1	1	0	23
chr19	39433419	39433521	2	2	1	100	0	46
chr19	39433570	39433664	2	2	1	28	0	46
chr19	39433762	39435606	2	2	1	5	0	35
chr19	39453522	39457674	1	1	1	1	0	9
chr19	39465050	39466479	1	1	1	1	0	23
chr19	39466570	39466674	1	1	1	1	0	14
chr19	39474403	39474514	1	1	1	2	0	15
chr19	39485603	39485687	1	1	1	1	0	34
chr19	39486496	39488060	1	1	1	1	0	20
chr19	39488218	39488538	1	1	1	3	0	41
chr19	39488574	39489864	1	1	1	1	0	35
chr19	39488646	39489718	1	1	1	8	0	35
chr19	39507915	39508251	1	1	1	2	0	35
chr19	39518794	39519070	1	1	1	1	0	10
chr19	39834563	39834667	2	2	1	150	1	45
chr19	39834814	39836555	2	2	1	20	0	45
chr19	39836669	39837710	2	2	1	8	0	43
chr19	39837844	39839034	2	2	1	1	0	24
chr19	39839206	39840232	2	2	1	3	0	31
chr19	39840328	39840413	2	2	1	1	0	23
chr19	39840516	39840616	2	2	1	1	0	23
chr19	39840683	39840721	2	4	1	1	0	3
chr19	39840788	39846290	2	2	1	1	0	12
chr19	39980147	39980285	1	1	1	1	0	16
chr19	39980718	39981191	1	1	1	4	0	27
chr19	40036627	40047374	2	2	1	3	0	41
chr19	40081915	40083110	2	2	1	1	0	29
chr19	40370029	40370109	1	1	1	1	0	17
chr19	40377886	40377985	1	1	1	1	0	43
chr19	40590423	40590729	1	1	1	4	0	39
chr19	40627858	40629395	1	1	1	2	0	29
chr19	40763676	40765007	1	1	1	2	0	45
chr19	40764108	40765247	1	1	1	2	0	24
chr19	40765795	40766389	2	4	1	1	0	17
chr19	41262583	41268222	1	1	1	1	0	32
chr19	41294687	41301535	1	1	1	2	0	30
chr19	41342250	41346253	1	1	1	1	0	42
chr19	41386555	41391861	2	2	1	1	0	15
chr19	41423170	41424437	1	1	1	1	0	5
chr19	41860290	41860774	1	1	1	6	0	34
chr19	41860846	41861111	1	1	1	9	0	44
chr19	41861213	41869030	1	1	1	17	0	41
chr19	41869215	41869698	1	1	1	671	1	46
chr19	41869754	41871350	1	1	1	671	4	46
chr19	41956935	41957017	2	2	1	1	0	20
chr19	41958384	41958735	2	2	1	2	0	9
chr19	42357585	42358143	1	1	1	1	0	32
chr19	42362416	42363486	2	2	1	2	0	34
chr19	42405031	42405384	2	2	1	1	0	21
chr19	43543506	43543611	2	2	1	5	0	31
chr19	44100928	44101132	1	1	1	1	0	35
chr19	44299733	44303389	2	2	1	2	0	29
chr19	44355870	44356324	2	4	1	2	0	43
chr19	44786183	44786469	2	2	1	2	0	23
chr19	44794282	44800380	1	1	1	1	0	21
chr19	44800451	44800550	1	1	1	6	0	39
chr19	44874479	44878222	1	1	1	1	0	17
chr19	44886597	44887519	2	4	1	1	0	38
chr19	44891690	44892392	1	1	1	1	0	26
chr19	44901105	44901207	1	1	1	0	1	25
chr19	44907953	44908532	1	1	1	1	0	6
chr19	44914734	44914871	1	1	1	1	0	12
chr19	44914950	44919172	1	1	1	2	0	36
chr19	44916326	44919172	1	1	1	17	0	45
chr19	44916360	44919172	1	1	1	1	0	32
chr19	45070105	45070536	1	1	1	6	0	26
chr19	45070562	45070802	1	1	1	4	0	25
chr19	45339023	45339627	2	4	1	1	0	25
chr19	45351722	45352208	2	2	1	3	0	29
chr19	45386181	45391879	2	2	1	2	0	17
chr19	45409726	45413676	2	2	1	5	0	35
chr19	45409726	45416820	2	2	1	1	0	43
chr19	45413746	45413962	2	2	1	4	0	35
chr19	45500711	45502016	1	1	1	1	0	22
chr19	45522819	45523643	1	1	1	1	0	27
chr19	45523696	45523840	1	1	1	1	0	13
chr19	45524661	45525945	1	1	1	1	0	36
chr19	45526792	45526885	1	1	1	1	0	15
chr19	45687728	45688386	2	2	1	6	0	41
chr19	45688567	45691886	2	2	1	2	0	38
chr19	45815698	45815850	2	2	1	2	0	45
chr19	45816975	45817958	2	2	1	1	0	32
chr19	46391259	46392636	1	1	1	1	0	35
chr19	46408681	46410390	1	1	1	0	1	3
chr19	46601438	46605826	1	1	1	1	0	29
chr19	46608982	46609124	1	1	1	8	0	42
chr19	46708532	46719642	1	1	1	1	0	12
chr19	46719612	46722298	1	1	1	1	0	18
chr19	46720772	46721985	2	2	1	1	0	41
chr19	46748089	46748514	1	1	1	1	0	29
chr19	46757587	46758316	2	2	1	2	0	21
chr19	46784145	46784516	2	2	1	2	0	32
chr19	46838549	46838739	2	2	1	2	0	38
chr19	46999380	47001334	2	2	1	1	0	12
chr19	47084456	47085055	2	2	1	3	0	8
chr19	47090190	47093969	2	2	1	1	0	19
chr19	47150376	47152897	1	1	1	1	0	28
chr19	47356828	47363557	2	2	1	1	0	36
chr19	47476715	47479862	2	2	1	1	0	45
chr19	47533704	47574710	1	1	1	1	0	26
chr19	47751591	47752511	1	1	1	1	0	17
chr19	47752608	47754526	1	1	1	1	0	13
chr19	47754892	47755347	1	1	1	3	0	33
chr19	47755524	47755755	1	1	1	3	0	22
chr19	47755823	47756527	1	1	1	23	0	45
chr19	47756605	47756687	1	1	1	73	0	46
chr19	47756745	47756978	1	1	1	2	0	17
chr19	47756745	47756998	1	1	1	48	0	45
chr19	47756745	47757005	1	1	1	1	0	24
chr19	47778815	47780724	1	1	1	3	0	12
chr19	47781183	47781289	1	1	1	1	0	30
chr19	48047897	48048080	2	2	1	1	0	25
chr19	48053148	48054877	2	2	1	1	0	20
chr19	48150211	48151231	2	2	1	1	0	15
chr19	48157141	48161371	2	2	1	1	0	15
chr19	48172078	48174692	1	1	1	1	0	18
chr19	48231464	48294856	2	2	1	2	0	17
chr19	48238533	48240961	2	2	1	1	0	18
chr19	48249634	48249750	2	2	1	1	0	45
chr19	48321978	48322789	1	1	1	1	0	41
chr19	48326923	48327520	1	1	1	2	0	31
chr19	48446503	48446680	1	1	1	1	0	22
chr19	48469527	48470352	1	1	1	1	0	14
chr19	48470670	48472324	1	1	1	1	0	22
chr19	48615448	48615876	2	2	1	239	0	44
chr19	48615947	48616078	2	2	1	80	0	45
chr19	48616203	48616725	2	2	1	4	0	30
chr19	48616825	48617315	2	2	1	4	0	16
chr19	48617424	48617790	2	2	1	1	0	43
chr19	48617878	48619140	2	2	1	1	0	20
chr19	48619690	48620401	1	1	1	2	0	23
chr19	48638145	48638239	2	2	1	1	0	26
chr19	48638145	48638887	2	2	1	8	0	43
chr19	48639884	48640094	2	2	1	1	0	16
chr19	48795465	48796427	2	2	1	1	0	32
chr19	48919123	48919193	1	1	1	1	0	3
chr19	48921933	48922317	1	1	1	2	0	13
chr19	48960915	48961531	1	1	1	3	0	41
chr19	48965610	48965769	1	1	1	8	0	45
chr19	48965917	48966280	1	1	1	14	1	42
chr19	48965924	48966822	1	1	1	1	0	19
chr19	48966407	48966582	1	1	1	21	0	42
chr19	49004419	49007017	1	1	1	2	0	17
chr19	49010612	49010998	1	1	1	1	0	43
chr19	49011311	49014483	1	1	1	1	0	22
chr19	49014604	49015020	1	1	1	2	0	20
chr19	49015151	49015571	1	1	1	8	0	36
chr19	49015687	49015816	1	1	1	82	0	45
chr19	49015687	49015819	1	1	1	2	0	32
chr19	49098705	49101389	1	1	1	1	0	33
chr19	49114968	49115212	1	1	1	1	0	28
chr19	49342591	49343230	2	2	1	1	0	37
chr19	49446424	49446550	2	2	1	26	0	46
chr19	49446695	49447023	2	2	1	2	0	15
chr19	49447468	49447826	2	2	1	1	0	43
chr19	49489923	49490231	1	1	1	1	0	3
chr19	49490298	49490474	1	1	1	9	0	34
chr19	49490577	49490778	1	1	1	3	0	19
chr19	49490865	49491039	1	1	1	14	3	45
chr19	49491100	49491424	1	1	1	74	0	45
chr19	49491548	49491728	1	1	1	577	1	46
chr19	49491548	49491730	1	1	1	1	0	22
chr19	49496472	49497193	1	1	1	2	0	30
chr19	49497326	49497519	1	1	1	4	0	38
chr19	49497596	49497916	1	1	1	11	1	33
chr19	49498047	49499511	1	1	1	166	0	46
chr19	49555823	49556316	2	2	1	26	0	44
chr19	49556737	49556874	2	2	1	1	0	18
chr19	49557250	49558896	2	2	1	1	0	23
chr19	49560040	49560621	2	2	1	1	0	15
chr19	49621623	49624843	1	1	1	2	0	13
chr19	49653706	49654348	1	1	1	2	0	39
chr19	49659681	49661977	2	4	1	1	0	28
chr19	49659834	49660712	2	2	1	2	0	11
chr19	49662618	49663187	2	2	1	1	0	11
chr19	49663259	49663342	2	2	1	1	0	10
chr19	49669116	49670215	1	1	1	1	0	28
chr19	49670489	49673697	1	1	1	7	0	38
chr19	49682066	49682195	1	1	1	1	0	9
chr19	49682260	49683926	1	1	1	1	0	19
chr19	49684070	49684753	1	1	1	1	0	6
chr19	49684842	49684921	1	1	1	3	0	23
chr19	49685038	49686092	1	1	1	2	0	23
chr19	49686244	49686604	1	1	1	2	0	19
chr19	49686727	49688161	1	1	1	3	0	33
chr19	49712850	49712971	1	1	1	1	0	32
chr19	49713542	49713615	1	1	1	1	0	18
chr19	49805577	49805660	1	1	1	1	0	46
chr19	49835946	49836225	1	1	1	1	0	39
chr19	49836407	49836846	1	1	1	6	0	46
chr19	49854735	49854830	1	1	1	1	0	25
chr19	49854889	49854969	1	1	1	3	0	33
chr19	49855078	49856974	1	1	1	2	0	23
chr19	49857783	49857903	1	1	1	1	0	18
chr19	49860184	49860267	1	1	1	9	0	45
chr19	49860337	49860565	1	1	1	2	0	5
chr19	49860337	49860613	1	1	1	29	0	44
chr19	49861366	49861448	2	2	1	7	0	37
chr19	49864404	49865126	2	2	1	1	0	20
chr19	49948721	49987845	1	1	1	2	0	30
chr19	50091408	50132657	1	1	1	0	8	45
chr19	50091408	50138030	1	1	1	0	8	45
chr19	50096753	50132657	1	1	1	0	8	45
chr19	50096753	50138030	1	1	1	0	8	45
chr19	50099021	50110492	2	2	1	0	45	46
chr19	50099818	50132657	1	1	1	0	8	45
chr19	50099818	50138030	1	1	1	0	8	45
chr19	50102883	50132657	1	1	1	0	8	45
chr19	50102883	50138030	1	1	1	0	8	45
chr19	50105946	50132657	1	1	1	0	8	45
chr19	50105946	50138030	1	1	1	0	8	45
chr19	50111291	50132657	1	1	1	0	8	45
chr19	50111291	50138030	1	1	1	0	8	45
chr19	50116644	50132657	1	1	1	0	8	45
chr19	50116644	50138030	1	1	1	0	8	45
chr19	50121996	50132657	1	1	1	0	8	45
chr19	50121996	50138030	1	1	1	0	8	45
chr19	50127323	50132657	1	1	1	0	8	45
chr19	50127323	50138030	1	1	1	0	8	45
chr19	50152652	50153676	2	2	1	1	0	3
chr19	50293322	50293563	1	1	1	1	0	29
chr19	50416724	50417044	1	1	1	1	0	23
chr19	50417098	50417171	1	1	1	1	0	16
chr19	50417270	50417841	1	1	1	4	0	33
chr19	50464533	50466194	1	1	1	1	0	9
chr19	50466956	50467621	2	2	1	2	0	34
chr19	50475934	50476129	2	2	1	1	0	10
chr19	50480763	50480883	1	1	1	1	0	29
chr19	50488056	50489240	1	3	1	1	0	24
chr19	51056776	51058537	2	2	1	1	0	29
chr19	51345247	51353152	1	1	1	0	1	3
chr19	51345382	51346899	2	2	1	1	0	6
chr19	51704481	51705089	1	1	1	2	0	30
chr19	51855968	51860903	2	2	1	1	0	37
chr19	51891898	51896471	2	2	1	1	0	39
chr19	51896568	51896851	2	2	1	2	0	37
chr19	51900295	51904913	2	2	1	1	0	45
chr19	52017360	52018007	2	2	1	1	0	23
chr19	52130589	52139731	2	2	1	1	0	23
chr19	52225809	52225964	1	1	1	2	0	43
chr19	52274755	52298560	1	1	1	0	3	41
chr19	52274755	52443679	1	1	1	0	3	41
chr19	52274761	52351391	1	1	1	0	3	35
chr19	52314280	52315833	1	1	1	1	0	10
chr19	52315963	52321578	1	1	1	1	0	10
chr19	52394848	52395311	2	2	1	1	0	34
chr19	52394848	52395597	2	2	1	1	0	7
chr19	52576022	52582201	1	1	1	1	0	29
chr19	52709348	52714978	2	2	1	1	0	29
chr19	52767773	52774574	2	2	1	2	0	16
chr19	52849214	52853871	2	2	1	3	0	42
chr19	52878381	52880270	2	2	1	2	0	42
chr19	53057924	53058325	2	2	1	1	0	39
chr19	53153794	53158679	2	2	1	1	0	10
chr19	53449966	53454649	1	1	1	1	0	43
chr19	53540576	53541248	1	3	1	1	0	44
chr19	53630929	53796333	2	2	1	0	3	44
chr19	54102889	54103113	1	1	1	1	0	20
chr19	54103189	54105933	1	1	1	11	0	34
chr19	54106012	54106810	1	1	1	41	0	44
chr19	54106447	54106810	1	1	1	1	0	46
chr19	54107170	54108025	2	2	1	8	0	33
chr19	54129371	54131306	1	1	1	1	0	14
chr19	54201282	54201486	1	1	1	4	0	43
chr19	54201610	54206275	1	1	1	9	0	31
chr19	54206463	54207397	1	1	1	31	0	45
chr19	54206725	54207397	1	1	1	1	0	23
chr19	54454683	54454950	1	1	1	1	0	7
chr19	55132942	55138005	2	2	1	1	3	31
chr19	55132961	55133886	2	2	1	21	0	43
chr19	55133928	55134065	2	2	1	9	0	41
chr19	55137213	55137960	2	2	1	1	0	11
chr19	55138075	55140882	2	2	1	2	0	28
chr19	55141921	55145543	2	2	1	1	0	22
chr19	55145566	55146433	2	2	1	1	0	22
chr19	55146467	55146680	2	2	1	1	0	13
chr19	55151918	55154029	2	2	1	2	0	13
chr19	55230532	55230612	2	2	1	1	0	31
chr19	55262683	55265277	2	2	1	1	0	26
chr19	55379368	55383721	2	2	1	1	0	30
chr19	55385966	55386349	1	1	1	3	0	34
chr19	55386439	55386569	1	1	1	9	0	23
chr19	55386694	55387929	1	1	1	44	0	46
chr19	55388049	55388242	1	1	1	446	0	46
chr19	55388049	55388246	1	1	1	5	0	29
chr19	55401763	55404287	2	2	1	0	2	46
chr19	55406963	55407586	2	2	1	1	0	23
chr19	55455846	55456348	2	2	1	1	0	3
chr19	55663745	55668506	1	1	1	1	0	14
chr19	55668587	55668669	1	1	1	1	0	40
chr19	55669170	55669443	1	1	1	4	0	15
chr19	55669693	55673933	1	1	1	2	0	24
chr19	55673963	55674633	0	0	1	3	0	30
chr19	55692797	55692950	1	1	1	1	0	21
chr19	56684372	56702269	1	1	1	1	0	33
chr19	57571764	57573256	2	2	1	1	0	38
chr19	57620893	57620976	1	3	1	1	0	17
chr19	58063542	58073891	1	1	1	2	0	19
chr19	58230232	58230393	1	1	1	1	0	20
chr19	58230463	58243964	1	1	1	1	0	41
chr19	58315037	58325274	2	2	1	2	0	22
chr19	58347030	58347352	2	2	1	2	0	28
chr19	58387340	58388136	1	1	1	8	0	27
chr19	58388246	58392975	1	1	1	74	1	43
chr19	58388246	58394496	1	1	1	2	4	44
chr19	58393186	58393358	1	1	1	22	0	46
chr19	58393440	58394708	1	1	1	1	0	28
chr19	58393488	58394496	1	1	1	101	4	45
chr19	58394596	58394681	1	1	1	594	0	46
chr19	58394596	58394708	1	1	1	3	0	25
chr19	58545538	58545763	1	1	1	2	0	31
chr19	58547714	58547791	1	1	1	1	0	19
chr19	58547907	58548033	1	1	1	1	0	4
chr19	58548593	58548739	1	1	1	1	0	37
chr19	58548777	58548861	1	1	1	2	0	39
chr19	58548911	58548987	1	1	1	2	0	14
chr19	58549241	58549330	1	1	1	1	0	25
chr19	58549861	58549948	1	1	1	2	0	28
chr19	58550036	58550146	1	1	1	1	0	3
chr19	58550285	58550376	1	1	1	2	0	16
chr19	58550494	58550575	2	4	1	3	0	36
chr19	58550629	58550650	2	4	1	7	0	41
chr19	58551777	58551905	2	2	1	4	0	37
chr19	58556791	58556891	2	2	1	4	0	20
chr20	428590	428950	1	1	1	1	0	39
chr20	484077	486375	2	2	1	1	0	12
chr20	489882	492253	2	2	1	0	1	17
chr20	492365	495718	2	2	1	0	1	16
chr20	499935	505117	2	2	1	0	1	6
chr20	505230	508450	2	2	1	0	5	37
chr20	519066	519476	1	3	1	1	0	24
chr20	1375604	1392833	2	2	1	1	0	41
chr20	1392882	1392961	2	2	1	1	0	3
chr20	2461794	2462635	2	2	1	42	0	45
chr20	2461940	2462635	2	2	1	5	0	29
chr20	2462762	2463088	2	2	1	5	0	30
chr20	2463228	2463746	2	2	1	2	0	9
chr20	2653394	2654413	1	1	1	1	0	4
chr20	2654948	2655324	1	1	1	2	0	39
chr20	2655747	2655933	1	1	1	1	0	6
chr20	2656215	2656773	1	1	1	1	0	29
chr20	2656550	2656773	1	1	1	2	0	16
chr20	2656896	2657080	1	1	1	16	0	41
chr20	2657219	2657372	1	1	1	1	0	17
chr20	2657219	2657928	1	1	1	10	0	20
chr20	2657489	2657928	1	1	1	2	0	23
chr20	2658523	2658626	2	2	1	2	0	19
chr20	2658523	2658637	2	2	1	5	0	45
chr20	2658523	2658758	0	0	1	6	3	44
chr20	2658523	2659524	2	2	1	4	3	34
chr20	2660366	2660456	2	2	1	1	0	24
chr20	2660591	2660696	2	2	1	1	0	7
chr20	2660970	2663445	2	2	1	1	0	41
chr20	2835710	2836038	2	2	1	1	0	14
chr20	2862935	2863064	1	1	1	1	0	17
chr20	2863101	2863289	1	1	1	1	0	20
chr20	3027842	3035584	1	1	1	1	0	10
chr20	3035942	3037153	1	1	1	1	0	27
chr20	3046738	3047734	1	1	1	1	0	28
chr20	3047993	3048201	2	4	1	1	0	38
chr20	3191822	3194829	2	2	1	1	0	32
chr20	3203417	3204536	2	2	1	3	0	30
chr20	3783956	3784273	1	3	1	4	0	18
chr20	3912635	3916926	1	1	1	1	0	18
chr20	5115363	5115448	2	2	1	1	0	30
chr20	5429091	5456334	2	2	1	1	0	23
chr20	5580132	5584280	2	2	1	5	0	35
chr20	5584323	5586193	2	2	1	4	0	36
chr20	5586270	5593326	2	2	1	1	0	42
chr20	5938727	5941052	2	2	1	1	0	31
chr20	5944254	5944804	2	2	1	5	0	43
chr20	5944915	5946405	2	2	1	6	0	37
chr20	5955252	5957125	1	1	1	1	0	17
chr20	5972038	5973055	1	1	1	1	0	3
chr20	5986132	5987281	1	1	1	1	0	20
chr20	6079578	6084039	2	2	1	1	0	9
chr20	8628432	8646101	1	1	1	1	0	8
chr20	8649450	8651412	1	1	1	1	0	44
chr20	8739361	8740343	1	1	1	1	0	44
chr20	9389959	9390530	1	1	1	2	0	43
chr20	10051890	10053111	1	1	1	1	0	20
chr20	10413932	10420527	2	2	1	5	0	35
chr20	11919837	11922633	1	1	1	1	0	29
chr20	12754066	12759425	2	2	1	0	1	46
chr20	13298188	13311175	2	2	1	1	0	34
chr20	13390453	13417447	2	2	1	1	0	32
chr20	13559115	13569506	2	2	1	2	0	34
chr20	13715168	13717367	2	2	1	5	0	40
chr20	13717515	13718907	2	2	1	4	0	25
chr20	13718985	13728377	2	2	1	10	0	32
chr20	13728466	13733720	2	2	1	5	0	43
chr20	13733843	13759691	2	2	1	4	0	43
chr20	13759854	13766776	2	2	1	12	0	42
chr20	13766925	13769906	2	2	1	2	0	29
chr20	13775271	13775872	2	2	1	1	0	5
chr20	13808903	13816462	1	1	1	0	1	3
chr20	13816547	13816874	1	1	1	1	0	14
chr20	13816958	13817117	1	1	1	10	0	46
chr20	16406457	16427103	2	2	1	1	0	7
chr20	16731767	16732163	1	1	1	5	0	22
chr20	16732337	16737260	1	1	1	17	0	39
chr20	16738903	16740324	1	1	1	1	0	27
chr20	17570212	17600737	1	1	1	4	0	34
chr20	17592064	17600737	1	1	1	1	0	9
chr20	17604632	17607036	1	1	1	3	0	41
chr20	17614221	17614736	2	2	1	3	0	28
chr20	17615530	17615925	2	2	1	2	0	28
chr20	17616010	17616731	2	2	1	4	0	46
chr20	17616840	17618595	2	2	1	1	0	4
chr20	17618680	17619632	2	2	1	1	0	35
chr20	17621948	17624575	2	2	1	1	0	46
chr20	17658861	17659604	2	2	1	1	0	39
chr20	17660529	17682027	2	2	1	1	0	34
chr20	17942408	17943109	2	2	1	10	0	44
chr20	17943196	17947485	2	2	1	3	0	44
chr20	17950208	17950290	2	2	1	1	0	11
chr20	17988299	17989938	1	1	1	4	0	32
chr20	18138052	18142207	1	1	1	1	0	33
chr20	18394351	18394461	2	2	1	1	0	37
chr20	18394351	18394674	2	2	1	1	0	10
chr20	18467569	18468943	1	1	1	1	0	9
chr20	18596242	18628126	1	1	1	1	0	14
chr20	20017450	20022455	1	1	1	2	0	39
chr20	20032654	20033101	1	1	1	1	0	37
chr20	20036363	20037322	2	2	1	1	0	31
chr20	20037572	20038348	2	2	1	3	0	34
chr20	20045487	20047764	2	6	1	1	0	14
chr20	20049432	20050469	2	2	1	2	0	32
chr20	20584956	20589267	2	2	1	1	0	35
chr20	20605413	20611314	2	2	1	1	0	14
chr20	21214701	21215582	1	1	1	1	0	37
chr20	21229116	21232733	1	1	1	1	0	21
chr20	21232831	21244244	1	1	1	2	0	34
chr20	21244289	21246478	1	1	1	6	0	42
chr20	21303474	21326278	1	1	1	4	0	10
chr20	21326407	21326489	1	1	1	1	0	34
chr20	21326602	21328558	1	1	1	3	0	31
chr20	21333619	21333703	1	1	1	1	0	14
chr20	21333838	21333936	1	1	1	14	0	38
chr20	21333995	21334077	1	1	1	24	0	36
chr20	21334186	21339043	1	1	1	3	0	12
chr20	21348431	21349388	1	1	1	1	0	36
chr20	21365705	21368462	1	1	1	1	0	33
chr20	21387007	21389272	1	1	1	2	0	40
chr20	25418196	25425210	1	1	1	2	0	45
chr20	25462542	25467388	2	2	1	1	0	43
chr20	25470096	25476042	2	2	1	1	0	11
chr20	25568894	25569038	2	4	1	1	0	42
chr20	28583111	28583869	2	2	1	2	2	41
chr20	28583111	28586298	2	2	1	1	0	41
chr20	28583947	28586298	2	2	1	4	0	23
chr20	28601757	28602319	2	2	1	0	1	43
chr20	28601757	28602608	2	2	1	2	0	41
chr20	30377722	30378285	1	1	1	0	1	43
chr20	30391309	30393550	1	1	1	1	1	41
chr20	30396954	30397934	1	1	1	0	2	39
chr20	31561737	31566209	1	1	1	1	0	38
chr20	31566296	31569119	1	1	1	1	0	18
chr20	31757583	31760056	1	1	1	6	0	42
chr20	31760180	31766555	1	1	1	2	0	27
chr20	31766683	31770342	1	1	1	2	0	30
chr20	31770472	31771559	1	1	1	1	0	19
chr20	31778985	31782248	1	1	1	1	0	33
chr20	31782391	31783704	1	1	1	3	0	43
chr20	31783922	31792734	1	1	1	1	0	23
chr20	31792831	31793847	1	1	1	3	0	29
chr20	31794549	31797403	1	1	1	3	0	44
chr20	32141666	32141765	1	1	1	2	0	41
chr20	32371877	32372163	1	1	1	2	0	43
chr20	32786628	32787229	1	1	1	1	0	3
chr20	32787452	32788853	1	1	1	1	0	35
chr20	32791709	32792625	1	1	1	3	0	42
chr20	32792771	32793535	1	1	1	7	0	38
chr20	32796870	32797186	1	1	1	1	0	12
chr20	32798644	32799243	1	1	1	1	0	37
chr20	32799329	32800152	1	1	1	13	0	45
chr20	33360492	33366858	2	2	1	1	0	7
chr20	33851067	33852076	1	1	1	1	0	17
chr20	34031605	34065043	1	1	1	1	0	42
chr20	34089906	34090516	2	2	1	6	0	46
chr20	34090603	34093674	2	2	1	0	2	27
chr20	34090603	34096656	2	2	1	1	0	32
chr20	34093732	34096656	2	2	1	3	0	44
chr20	34096806	34097415	2	2	1	8	0	39
chr20	34097517	34098497	2	2	1	1	0	12
chr20	34098625	34103461	2	2	1	1	0	36
chr20	34098634	34103461	2	2	1	0	40	44
chr20	34103566	34105367	2	2	1	35	24	44
chr20	34105546	34112095	2	2	1	0	17	42
chr20	34145235	34160826	1	1	1	1	0	29
chr20	34281166	34285439	2	2	1	2	0	16
chr20	34481207	34489265	1	1	1	1	0	6
chr20	34560980	34575103	2	2	1	1	0	45
chr20	34575247	34581547	2	2	1	2	0	44
chr20	34644227	34645274	2	2	1	1	0	45
chr20	34715366	34727258	2	2	1	1	0	18
chr20	35279207	35279565	2	2	1	4	0	35
chr20	35556130	35556206	1	1	1	1	0	39
chr20	35557110	35557193	1	1	1	1	0	22
chr20	35557250	35557424	1	1	1	7	0	22
chr20	35557250	35557460	1	1	1	1	0	24
chr20	35598329	35721437	2	4	1	4	0	19
chr20	35626382	35626566	2	2	1	1	0	7
chr20	35626804	35627279	2	2	1	1	0	18
chr20	35631355	35631491	2	2	1	1	0	34
chr20	35631579	35631687	2	2	1	5	0	44
chr20	35699764	35700797	1	1	1	31	0	45
chr20	35704582	35704667	2	2	1	2	0	36
chr20	35704747	35705224	2	2	1	2	0	34
chr20	35705331	35707119	2	2	1	1	0	42
chr20	35707202	35709223	2	2	1	2	0	12
chr20	35709257	35713018	2	2	1	1	0	33
chr20	35709275	35713018	2	2	1	1	0	27
chr20	35713097	35714184	2	2	1	1	0	39
chr20	35724723	35725037	2	2	1	2	0	34
chr20	35727619	35728986	1	1	1	1	0	21
chr20	35729528	35731940	2	2	1	1	0	43
chr20	35732136	35738967	2	2	1	6	0	45
chr20	35739018	35740524	2	2	1	4	0	44
chr20	35739018	35740823	2	2	1	8	0	39
chr20	35740598	35740823	2	2	1	1	0	14
chr20	35740888	35741940	2	2	1	14	1	45
chr20	35740990	35741940	2	2	1	0	1	11
chr20	35786638	35800360	1	1	1	0	1	29
chr20	35842745	35847349	1	1	1	2	0	5
chr20	35858382	35863012	1	1	1	1	0	23
chr20	35863401	35869437	1	1	1	1	0	24
chr20	35871830	35899369	1	1	1	2	0	46
chr20	35871830	35913248	1	1	1	1	0	37
chr20	35899649	35913248	1	1	1	10	0	41
chr20	36046833	36049024	2	2	1	0	1	5
chr20	36500612	36524249	1	1	1	1	0	37
chr20	36524342	36525850	1	1	1	2	0	37
chr20	36897960	36904156	2	2	1	2	0	31
chr20	37030637	37054611	2	2	1	1	0	28
chr20	37225803	37228549	1	1	1	1	1	29
chr20	37228578	37236641	2	2	1	0	1	30
chr20	37228745	37229972	1	1	1	2	0	24
chr20	37234096	37236579	1	1	1	2	0	44
chr20	37236710	37238401	1	1	1	3	0	36
chr20	37236710	37241302	1	1	1	19	0	45
chr20	37238450	37241302	1	1	1	1	0	29
chr20	37301414	37316307	1	1	1	1	0	14
chr20	37397855	37400114	1	1	1	1	0	27
chr20	37519351	37527792	2	2	1	1	0	40
chr20	37694153	37732878	1	1	1	1	0	40
chr20	37860037	37860271	1	1	1	1	0	3
chr20	37860345	37871924	1	1	1	11	0	34
chr20	38013858	38033403	2	2	1	1	0	36
chr20	38426053	38426418	2	2	1	1	0	7
chr20	38756040	38761652	1	1	1	1	0	16
chr20	39021936	39025229	1	1	1	1	0	14
chr20	41029101	41029430	1	1	1	4	0	24
chr20	41029456	41061393	1	1	1	11	0	26
chr20	41061491	41076170	1	1	1	4	0	45
chr20	41076295	41077581	1	1	1	15	0	41
chr20	41077638	41080084	1	1	1	29	0	44
chr20	41080181	41081164	1	1	1	19	0	39
chr20	41081241	41084461	1	1	1	4	0	23
chr20	41084569	41092471	1	1	1	1	0	7
chr20	41092588	41097219	1	1	1	6	0	33
chr20	41097342	41098214	1	1	1	5	0	41
chr20	41498227	41499294	2	2	1	1	0	42
chr20	43460599	43460702	1	1	1	1	0	44
chr20	43514777	43515008	1	1	1	1	0	19
chr20	43620926	43623890	1	1	1	1	0	45
chr20	43642625	43646935	1	1	1	1	0	39
chr20	43702904	43705218	1	1	1	1	0	4
chr20	43711602	43713001	1	1	1	1	0	14
chr20	43713107	43715133	1	1	1	1	0	13
chr20	44484429	44486595	1	1	1	1	0	25
chr20	44572147	44575361	1	1	1	0	1	42
chr20	44582732	44589796	1	1	1	1	0	28
chr20	44619848	44620298	2	2	1	1	0	13
chr20	44885887	44901530	1	1	1	2	0	6
chr20	44901834	44903992	1	1	1	2	0	28
chr20	44904117	44904967	1	1	1	2	0	13
chr20	44905132	44906000	1	1	1	25	0	45
chr20	44906097	44906381	1	1	1	89	0	45
chr20	44908109	44908923	2	2	1	2	0	3
chr20	44948878	44951832	2	2	1	1	0	34
chr20	45000521	45001166	1	1	1	1	0	4
chr20	45001354	45024972	1	1	1	1	0	40
chr20	45298071	45298169	2	2	1	2	0	26
chr20	45406733	45408459	1	1	1	1	0	19
chr20	45480095	45481370	1	1	1	1	0	30
chr20	45813465	45814383	1	1	1	1	0	13
chr20	45814471	45815540	1	1	1	1	0	13
chr20	45815914	45816708	1	1	1	2	0	22
chr20	45815914	45816781	1	1	1	1	0	30
chr20	45823380	45823990	2	2	1	1	0	5
chr20	45899064	45899461	2	2	1	1	0	27
chr20	46350020	46355214	1	3	1	1	0	27
chr20	46503098	46504213	2	2	1	1	0	25
chr20	47210898	47220257	2	2	1	2	0	34
chr20	47236517	47238895	2	2	1	1	0	39
chr20	47246518	47249286	2	2	1	1	0	29
chr20	47291889	47294665	2	2	1	11	0	44
chr20	47294780	47298728	2	2	1	1	0	14
chr20	47298948	47310055	2	2	1	1	0	34
chr20	47310205	47347855	2	2	1	4	0	46
chr20	47326101	47332221	1	1	1	1	0	45
chr20	47347927	47369041	2	2	1	3	1	36
chr20	47507714	47510340	1	1	1	1	0	41
chr20	47633637	47634047	1	1	1	1	0	20
chr20	49046424	49058452	1	1	1	1	0	28
chr20	49091023	49092045	1	1	1	2	0	40
chr20	49094964	49096348	1	1	1	5	0	43
chr20	49123236	49124374	2	2	1	1	0	12
chr20	49124588	49135832	2	2	1	5	0	43
chr20	49151748	49153932	2	2	1	2	0	39
chr20	49174270	49188115	2	2	1	2	0	32
chr20	49179245	49188115	2	2	1	2	0	8
chr20	49219542	49221451	1	1	1	2	0	31
chr20	49221599	49222956	1	1	1	4	0	30
chr20	49223017	49223267	1	1	1	4	0	38
chr20	49239056	49239235	1	1	1	2	0	37
chr20	49239339	49241892	1	1	1	1	0	38
chr20	49242207	49242593	1	1	1	1	0	46
chr20	49242682	49243628	1	1	1	3	0	33
chr20	49243704	49243815	1	1	1	9	0	26
chr20	49279209	49280484	1	1	1	1	0	41
chr20	49279209	49289044	1	1	1	5	0	38
chr20	49280571	49280902	1	1	1	2	0	23
chr20	49280965	49289044	1	1	1	5	0	46
chr20	49513262	49514226	2	2	1	1	0	28
chr20	49936553	49941560	1	1	1	2	0	15
chr20	49946251	49949247	1	1	1	2	0	33
chr20	49949356	49952075	1	1	1	13	0	42
chr20	50051271	50077567	1	1	1	1	0	25
chr20	50082915	50084128	2	2	1	8	0	42
chr20	50084255	50096671	2	2	1	0	2	32
chr20	50565070	50568379	1	1	1	2	0	18
chr20	50738080	50749658	1	1	1	1	0	32
chr20	50904850	50930825	2	2	1	1	0	19
chr20	50935237	50936147	2	2	1	1	0	31
chr20	50940934	50942030	2	2	1	1	0	13
chr20	50945924	50948628	2	2	1	1	0	16
chr20	50948663	50955185	2	2	1	1	0	34
chr20	54208125	54214350	1	1	1	3	0	27
chr20	54214459	54215299	1	1	1	1	0	6
chr20	54215441	54219018	1	1	1	29	0	43
chr20	56384325	56386256	2	2	1	1	0	25
chr20	56386534	56388155	2	2	1	1	0	28
chr20	56471670	56472325	1	1	1	2	0	10
chr20	56477125	56484110	1	1	1	1	0	45
chr20	56484190	56513314	1	1	1	2	0	43
chr20	57373739	57374606	1	1	1	2	0	33
chr20	57408754	57409185	2	2	1	1	0	15
chr20	57503602	57508605	2	2	1	1	0	21
chr20	58393161	58399566	1	1	1	1	0	45
chr20	58445084	58445403	1	1	1	1	0	35
chr20	58670604	58671153	1	1	1	2	0	5
chr20	58714671	58715167	1	1	1	1	0	6
chr20	58895685	58898940	1	1	1	1	0	26
chr20	58905481	58909161	1	1	1	1	0	3
chr20	58909217	58909349	1	1	1	1	0	34
chr20	58909424	58909520	1	1	1	1	0	6
chr20	58909580	58909683	1	1	1	3	0	43
chr20	58909805	58909950	1	1	1	5	0	44
chr20	58910082	58910333	1	1	1	1	0	28
chr20	58910402	58910682	1	1	1	6	0	38
chr20	58993545	58993623	1	1	1	1	0	19
chr20	59028842	59030302	2	2	1	50	0	45
chr20	59030430	59032219	2	2	1	2	0	25
chr20	59035127	59036470	2	2	1	1	0	38
chr20	59942513	59949253	1	1	1	1	0	18
chr20	59945466	59949253	1	1	1	1	0	14
chr20	62010166	62012814	2	2	1	1	0	27
chr20	62136950	62137363	2	2	1	55	0	45
chr20	62137427	62138170	2	2	1	70	0	46
chr20	62137427	62139074	2	2	1	2	0	26
chr20	62138291	62139074	2	2	1	13	0	38
chr20	62139906	62140817	2	2	1	2	0	42
chr20	62279340	62281057	1	1	1	1	0	8
chr20	62306321	62306647	1	1	1	1	0	15
chr20	62306735	62307370	1	1	1	1	0	34
chr20	62307829	62308020	1	1	1	1	0	23
chr20	62308179	62308654	1	1	1	1	0	20
chr20	62308471	62308654	1	1	1	4	0	45
chr20	62313251	62313326	2	2	1	2	0	39
chr20	62332481	62332556	2	2	1	1	0	22
chr20	62387389	62387610	1	1	1	7	0	35
chr20	62387675	62387842	1	1	1	84	0	45
chr20	62387915	62388308	1	1	1	237	0	45
chr20	62388365	62388456	1	1	1	229	0	46
chr20	62907360	62909698	2	2	1	3	0	35
chr20	62910021	62910773	2	2	1	3	0	17
chr20	63289497	63289677	1	1	1	3	0	44
chr20	63433904	63434212	2	2	1	0	3	4
chr20	63433904	63438624	2	2	1	7	3	45
chr20	63438721	63439597	2	2	1	1	0	4
chr20	63442532	63444658	2	2	1	3	0	38
chr20	63521364	63521511	1	1	1	1	0	9
chr20	63521590	63521667	1	1	1	2	0	28
chr20	63742791	63742878	1	1	1	1	0	8
chr20	63744682	63746871	2	2	1	1	0	39
chr20	63880654	63880788	1	3	1	1	0	40
chr20	63940056	63940149	2	2	1	2	0	41
chr20	63983216	63984906	1	1	1	7	0	34
chr20	63993486	63994915	1	1	1	1	0	15
chr20	64028570	64029376	1	1	1	2	0	12
chr20	64067021	64068046	1	1	1	1	0	43
chr20	64071942	64072171	1	1	1	2	0	44
chr21	5116482	5117135	2	2	1	2	0	44
chr21	5141104	5141276	2	2	1	0	1	20
chr21	5707158	5709153	2	2	1	0	1	4
chr21	6355771	6356371	1	1	1	0	1	16
chr21	6448566	6449822	2	2	1	0	1	44
chr21	6450647	6450903	2	2	1	0	1	25
chr21	6484917	6486137	2	2	1	0	8	45
chr21	6486231	6486321	2	2	1	0	3	16
chr21	6486456	6487106	2	2	1	0	2	27
chr21	6492198	6495992	2	2	1	0	2	42
chr21	6496081	6499128	2	2	1	0	5	45
chr21	6632755	6633355	2	2	1	0	1	16
chr21	7139310	7141305	2	2	1	0	1	4
chr21	7615325	7617320	1	1	1	0	1	4
chr21	8105227	8107222	2	2	1	0	1	4
chr21	8204587	8205030	2	2	1	0	1	44
chr21	8209988	8210016	2	4	1	0	11	45
chr21	8209995	8254205	2	2	1	0	1	22
chr21	8210017	8210071	2	4	1	0	2	18
chr21	8210191	8210708	1	5	1	0	1	34
chr21	8210286	8254494	1	1	1	0	3	41
chr21	8210295	8254503	1	1	1	0	4	25
chr21	8210540	8211366	1	3	1	0	65	41
chr21	8210667	8254875	1	1	1	0	3	41
chr21	8210720	8211333	0	0	1	0	6	38
chr21	8210781	8254989	1	1	1	0	1	17
chr21	8210854	8215374	1	1	1	0	3	36
chr21	8210854	8259603	1	1	1	0	3	36
chr21	8210877	8254290	2	2	1	0	1	27
chr21	8211121	8216218	1	1	1	0	5	30
chr21	8211121	8255123	1	1	1	0	4	26
chr21	8211121	8260447	1	1	1	0	5	30
chr21	8211153	8211538	0	0	1	0	3	38
chr21	8211164	8254281	2	4	0	0	1	13
chr21	8211456	8394491	1	1	1	0	3	25
chr21	8213122	8257157	1	1	1	0	1	35
chr21	8214207	8258428	2	2	1	0	1	40
chr21	8214318	8218059	1	1	1	0	2	40
chr21	8214675	8256144	2	4	1	0	1	39
chr21	8215276	8216281	1	1	1	0	4	36
chr21	8215276	8260510	1	1	1	0	5	36
chr21	8215276	8399315	1	1	1	0	5	36
chr21	8215459	8215552	1	1	1	0	2	40
chr21	8215568	8254923	2	2	1	0	1	20
chr21	8215576	8218301	2	2	1	0	1	36
chr21	8215726	8258409	1	1	1	0	2	42
chr21	8215733	8216159	1	1	1	0	3	21
chr21	8215757	8259813	2	2	1	0	1	39
chr21	8215971	8216130	1	1	1	0	1	21
chr21	8216087	8260313	2	2	1	0	4	45
chr21	8216087	8399118	2	2	1	0	4	45
chr21	8216087	8443353	2	2	1	0	4	45
chr21	8216179	8216565	2	4	1	0	7	44
chr21	8216187	8256618	2	2	1	0	1	29
chr21	8216531	8260758	2	4	1	0	2	41
chr21	8216566	8260407	2	4	1	2	7	24
chr21	8216577	8216605	0	0	1	0	5	45
chr21	8216657	8260671	1	1	1	0	2	19
chr21	8216676	8218051	1	1	1	0	3	22
chr21	8216676	8260388	1	1	1	0	1	38
chr21	8216676	8401089	1	1	1	0	3	22
chr21	8216685	8218361	1	1	1	0	13	22
chr21	8216685	8254796	1	1	1	0	10	22
chr21	8218243	8218524	1	1	1	0	6	15
chr21	8218270	8256712	2	2	1	0	2	34
chr21	8218277	8259796	1	1	1	0	1	29
chr21	8218401	8259466	1	1	1	0	2	21
chr21	8218459	8260419	1	1	1	0	2	32
chr21	8254198	8254226	2	4	1	0	11	45
chr21	8254928	8255541	0	0	1	0	4	38
chr21	8255062	8259603	1	1	1	0	3	36
chr21	8255330	8260447	1	1	1	0	5	30
chr21	8255362	8255744	0	0	1	0	3	38
chr21	8255661	8394491	1	1	1	0	3	25
chr21	8255661	8438701	1	1	1	0	3	25
chr21	8259505	8260510	1	1	1	0	7	36
chr21	8259505	8399315	1	1	1	0	5	36
chr21	8259505	8443550	1	1	1	0	5	36
chr21	8259688	8259781	1	1	1	0	2	40
chr21	8259962	8260388	1	1	1	0	3	21
chr21	8260200	8260359	1	1	1	0	1	21
chr21	8260316	8399118	2	2	1	0	4	45
chr21	8260316	8443353	2	2	1	0	4	45
chr21	8260408	8260794	2	4	1	0	9	44
chr21	8260806	8260834	0	0	1	0	5	45
chr21	8260905	8401089	1	1	1	0	3	22
chr21	8260905	8445321	1	1	1	0	3	22
chr21	8387634	8388077	2	2	1	0	1	44
chr21	8393023	8393051	2	4	1	0	11	45
chr21	8393030	8437240	2	2	1	0	1	22
chr21	8393052	8393106	2	4	1	0	2	18
chr21	8393226	8393743	1	5	1	0	1	34
chr21	8393321	8437531	1	1	1	0	3	41
chr21	8393330	8437540	1	1	1	0	4	25
chr21	8393575	8394401	1	3	1	0	65	41
chr21	8393702	8437912	1	1	1	0	3	41
chr21	8393755	8394368	0	0	1	0	6	38
chr21	8393816	8438026	1	1	1	0	1	17
chr21	8393841	8437388	1	1	1	0	2	42
chr21	8393889	8398408	1	1	1	0	3	36
chr21	8393889	8442637	1	1	1	0	3	36
chr21	8393912	8437325	2	2	1	0	1	27
chr21	8394156	8399252	1	1	1	0	5	30
chr21	8394156	8438160	1	1	1	0	4	26
chr21	8394156	8443487	1	1	1	0	3	30
chr21	8394188	8394573	0	0	1	0	3	38
chr21	8394199	8437316	2	4	0	0	1	13
chr21	8394491	8438701	1	1	1	0	3	25
chr21	8396157	8440199	1	1	1	0	1	35
chr21	8397245	8441465	2	2	1	0	1	40
chr21	8397356	8401097	1	1	1	0	2	40
chr21	8397356	8445329	1	1	1	0	2	40
chr21	8397712	8439186	2	4	1	0	1	39
chr21	8398310	8399315	1	1	1	0	7	36
chr21	8398310	8443550	1	1	1	0	5	36
chr21	8398493	8398586	1	1	1	0	2	40
chr21	8398602	8437960	2	2	1	0	1	20
chr21	8398610	8401339	2	2	1	0	1	36
chr21	8398610	8445571	2	2	1	0	1	36
chr21	8398760	8441446	1	1	1	0	2	42
chr21	8398767	8399193	1	1	1	0	3	21
chr21	8398791	8442847	2	2	1	0	1	39
chr21	8399005	8399164	1	1	1	0	1	21
chr21	8399121	8443353	2	2	1	0	4	45
chr21	8399213	8399599	2	4	1	0	9	44
chr21	8399221	8439660	2	2	1	0	1	29
chr21	8399565	8443798	2	4	1	0	2	41
chr21	8399600	8438428	2	4	0	0	1	27
chr21	8399611	8399639	0	0	1	0	5	45
chr21	8399691	8443711	1	1	1	0	2	19
chr21	8399710	8401089	1	1	1	0	3	22
chr21	8399710	8443428	1	1	1	0	1	38
chr21	8399710	8445321	1	1	1	0	3	22
chr21	8399719	8401399	1	1	1	0	13	22
chr21	8399719	8437833	1	1	1	0	10	22
chr21	8399719	8445631	1	1	1	0	13	22
chr21	8400630	8444862	1	1	1	0	1	44
chr21	8401281	8401562	1	1	1	0	6	15
chr21	8401308	8439754	2	2	1	0	2	34
chr21	8401315	8442830	1	1	1	0	1	29
chr21	8401439	8442500	1	1	1	0	2	21
chr21	8401472	8445702	2	2	1	0	1	22
chr21	8401497	8443459	1	1	1	0	2	32
chr21	8406546	8444691	2	4	1	0	2	20
chr21	8431802	8432245	2	2	1	0	1	44
chr21	8437233	8437261	2	4	1	0	11	45
chr21	8437785	8438611	1	3	1	0	65	41
chr21	8437965	8438578	0	0	1	0	6	38
chr21	8438099	8442637	1	1	1	0	3	36
chr21	8438366	8443487	1	1	1	0	3	30
chr21	8438398	8438786	0	0	1	0	3	38
chr21	8441576	8445329	1	1	1	0	2	40
chr21	8442539	8443550	1	1	1	0	7	36
chr21	8442722	8442815	1	1	1	0	2	40
chr21	8442839	8445571	2	2	1	0	1	36
chr21	8442996	8443428	1	1	1	0	3	21
chr21	8443234	8443399	1	1	1	0	1	21
chr21	8443448	8443834	2	4	1	0	9	44
chr21	8443846	8443874	0	0	1	0	5	45
chr21	8443945	8445321	1	1	1	0	3	22
chr21	8443954	8445631	1	1	1	0	13	22
chr21	8445513	8445794	1	1	1	0	5	15
chr21	8988529	8988557	2	4	1	0	1	45
chr21	8988558	8988612	2	4	1	0	2	18
chr21	15799844	15805120	1	1	1	1	0	38
chr21	15818847	15824038	1	1	1	1	0	40
chr21	15831630	15833347	1	1	1	1	0	4
chr21	15833549	15842397	1	1	1	1	0	33
chr21	15874527	15877795	1	1	1	1	0	14
chr21	16171739	16173094	1	1	1	0	1	34
chr21	17513173	17547026	1	1	1	2	0	13
chr21	17559132	17560701	1	1	1	1	0	41
chr21	25362347	25362432	1	3	1	0	1	17
chr21	25585755	25588834	2	2	1	16	0	45
chr21	25585755	25592811	2	2	1	2	0	40
chr21	25588883	25592811	2	2	1	21	0	42
chr21	25597415	25599798	2	2	1	1	0	17
chr21	25601468	25603795	2	2	1	1	0	35
chr21	25712383	25714639	1	1	1	2	0	35
chr21	25724678	25725225	2	2	1	126	0	45
chr21	25725351	25729630	2	2	1	10	0	42
chr21	25729802	25734852	2	2	1	1	0	31
chr21	25764351	25764594	1	1	1	1	0	46
chr21	25881772	25891721	2	2	1	1	0	36
chr21	25891869	25897572	2	2	1	1	0	45
chr21	25897674	25905023	2	2	1	6	0	43
chr21	25955756	25975069	2	2	1	1	0	30
chr21	25975229	25975953	2	2	1	1	0	41
chr21	26051194	26053235	2	2	1	1	0	6
chr21	26053349	26089942	2	2	1	1	0	16
chr21	26869540	26872359	2	2	1	2	0	32
chr21	28952265	28953216	2	2	1	1	0	34
chr21	28959698	28960516	2	2	1	1	0	23
chr21	28982369	28984691	2	2	1	1	0	27
chr21	28986935	28992763	2	2	1	1	0	15
chr21	29030224	29030594	1	1	1	1	0	35
chr21	29034941	29036270	1	1	1	7	0	40
chr21	29036375	29037278	1	1	1	2	0	23
chr21	29039569	29040608	1	1	1	4	0	38
chr21	29040688	29042012	1	1	1	1	0	8
chr21	29042105	29042471	1	1	1	5	0	37
chr21	29042529	29043422	1	1	1	8	0	43
chr21	29050179	29053801	1	1	1	1	0	16
chr21	29053959	29054065	1	1	1	1	0	35
chr21	29056553	29060540	2	2	1	22	0	44
chr21	29061418	29061495	2	2	1	7	0	32
chr21	29061568	29062127	2	2	1	5	0	42
chr21	29062557	29063351	2	2	1	1	0	24
chr21	29065106	29066715	2	2	1	4	0	38
chr21	29066778	29066890	2	2	1	4	0	41
chr21	29067706	29069422	2	2	1	1	0	28
chr21	29069503	29070246	2	2	1	1	0	11
chr21	31225951	31245487	2	2	1	2	0	31
chr21	31663887	31666448	1	1	1	1	0	3
chr21	31666519	31667257	1	1	1	3	0	36
chr21	31667376	31668470	1	1	1	15	0	45
chr21	31691931	31692348	2	2	1	3	0	36
chr21	32269118	32269706	2	2	1	14	0	37
chr21	32269804	32270406	2	2	1	5	0	42
chr21	32601974	32602271	2	2	1	5	0	16
chr21	32601974	32603160	2	2	1	2	0	12
chr21	32603293	32604124	2	2	1	3	0	45
chr21	32604284	32607648	2	2	1	1	0	14
chr21	32607717	32609837	2	2	1	1	0	31
chr21	32737409	32738172	2	2	1	1	0	30
chr21	32759995	32761058	2	2	1	1	0	26
chr21	33252831	33260596	1	1	1	1	0	46
chr21	33325132	33335523	1	1	1	2	0	44
chr21	33504528	33505560	2	2	1	3	0	34
chr21	33509921	33511251	2	2	1	3	0	37
chr21	33534754	33535224	2	2	1	2	0	38
chr21	33535321	33539170	2	2	1	1	0	20
chr21	33539357	33542064	2	2	1	2	0	29
chr21	33543170	33546212	1	1	1	9	0	46
chr21	33546380	33549475	1	1	1	172	0	46
chr21	33557317	33559229	1	1	1	1	0	41
chr21	33559377	33559586	1	1	1	3	0	43
chr21	33567268	33568970	1	1	1	2	0	45
chr21	33583667	33584589	2	2	1	1	0	4
chr21	33595529	33597279	2	2	1	1	0	45
chr21	33766013	33767712	1	1	1	3	0	20
chr21	33781549	33781993	1	1	1	2	0	32
chr21	33782134	33794340	1	1	1	19	0	44
chr21	33819324	33823486	1	1	1	3	0	37
chr21	33903640	33903934	2	2	1	38	0	41
chr21	33904022	33907340	2	2	1	7	0	20
chr21	33907454	33909081	2	2	1	1	0	20
chr21	33914501	33915727	2	2	1	1	0	36
chr21	34125481	34142407	1	1	1	1	0	37
chr21	36041889	36043400	2	2	1	1	0	32
chr21	36160637	36168102	2	2	1	1	0	37
chr21	36349820	36350398	1	1	1	1	0	25
chr21	36360259	36362182	1	1	1	1	0	22
chr21	36362229	36364092	1	1	1	1	0	20
chr21	36926886	36928480	1	1	1	0	1	38
chr21	37091414	37094004	1	1	1	1	0	17
chr21	37121980	37122982	1	1	1	1	0	38
chr21	37124743	37126079	1	1	1	2	0	29
chr21	37126144	37129002	1	1	1	1	0	10
chr21	37147604	37150077	1	1	1	0	1	3
chr21	37148648	37150077	1	1	1	0	3	15
chr21	37150171	37150819	1	1	1	8	0	41
chr21	37150885	37151892	1	1	1	2	0	15
chr21	37156907	37158130	1	1	1	1	0	34
chr21	37159746	37160801	1	1	1	1	0	45
chr21	37167621	37172594	1	1	1	2	0	25
chr21	37172745	37182773	1	1	1	11	0	45
chr21	37182914	37185705	1	1	1	2	0	7
chr21	37196037	37197569	1	1	1	5	0	41
chr21	37197697	37197881	1	1	1	0	1	22
chr21	37354778	37432905	1	1	1	2	0	41
chr21	37472881	37478180	1	1	1	1	0	35
chr21	37478301	37480637	1	1	1	1	0	12
chr21	38821705	38822673	1	1	1	1	0	24
chr21	39175665	39177434	2	2	1	12	0	43
chr21	39177572	39178448	2	2	1	4	0	44
chr21	39178648	39179923	2	2	1	1	0	45
chr21	39210930	39212665	2	2	1	1	0	30
chr21	39236785	39238478	2	2	1	3	0	46
chr21	39238574	39247700	2	2	1	1	0	44
chr21	39250890	39255644	2	2	1	3	0	8
chr21	39270034	39270282	2	2	1	1	0	28
chr21	39343160	39345145	2	2	1	1	0	22
chr21	39345275	39347378	2	2	1	1	0	29
chr21	39345275	39348291	2	2	1	0	3	42
chr21	39348340	39348421	2	2	1	10	1	32
chr21	39348452	39348544	2	2	1	11	0	30
chr21	39348578	39348902	2	2	1	5	0	33
chr21	41237730	41241818	1	1	1	1	0	39
chr21	41443867	41445447	1	1	1	1	0	25
chr21	41918228	41918855	2	2	1	1	0	41
chr21	42713365	42716982	2	2	1	0	1	33
chr21	42843282	42850040	2	2	1	1	0	31
chr21	42850243	42852254	2	2	1	1	0	29
chr21	42876768	42879406	2	2	1	1	0	10
chr21	42893382	42896926	1	1	1	3	0	31
chr21	42897048	42908863	1	1	1	3	0	40
chr21	42904277	42908863	1	1	1	1	0	8
chr21	42911623	42912137	1	1	1	1	0	43
chr21	43021432	43024870	1	1	1	1	0	16
chr21	43024948	43028701	1	1	1	2	0	20
chr21	43053648	43053861	2	2	1	1	0	28
chr21	43056100	43056802	2	2	1	1	0	45
chr21	43056888	43058144	2	2	1	0	1	44
chr21	43058969	43059225	2	2	1	0	1	25
chr21	43093250	43094470	2	2	1	0	8	45
chr21	43094564	43094654	2	2	1	0	3	16
chr21	43094789	43095437	2	2	1	0	2	27
chr21	43100520	43104314	2	2	1	0	2	42
chr21	43104403	43107450	2	2	1	0	5	45
chr21	43669967	43672307	1	1	1	2	0	40
chr21	43683374	43684552	1	1	1	5	0	36
chr21	43684651	43685769	1	1	1	11	0	20
chr21	43685790	43686803	1	1	1	9	0	20
chr21	43686936	43687515	1	1	1	6	0	40
chr21	43749081	43750499	1	1	1	1	0	33
chr21	43750546	43752517	1	1	1	1	0	13
chr21	43752630	43753582	1	1	1	1	0	5
chr21	43755765	43755950	1	1	1	1	0	4
chr21	44032173	44037791	1	1	1	1	0	15
chr21	44037928	44052279	1	1	1	2	0	43
chr21	44076629	44077692	1	1	1	1	0	33
chr21	44084264	44086801	1	1	1	1	0	8
chr21	44120779	44120951	1	1	1	0	1	20
chr21	44326061	44326158	1	1	1	1	0	28
chr21	44855257	44856192	2	2	1	1	0	13
chr21	44960169	44967033	1	1	1	0	1	6
chr21	44973266	44976679	1	1	1	0	2	45
chr21	45468787	45473894	1	1	1	1	0	46
chr21	45510262	45511110	1	1	1	1	0	8
chr21	46119120	46119787	1	1	1	1	0	44
chr21	46122938	46124650	1	1	1	1	0	35
chr21	46161360	46162012	1	3	1	1	0	20
chr21	46270564	46272560	2	2	1	1	0	8
chr21	46293044	46294079	2	2	1	0	1	41
chr21	46293044	46294523	2	2	1	0	1	41
chr21	46294154	46294301	2	2	1	0	1	14
chr21	46294154	46294375	2	2	1	1	1	44
chr21	46294154	46294449	2	2	1	0	1	14
chr21	46294154	46294523	2	2	1	0	2	41
chr21	46294154	46294671	2	2	1	1	1	20
chr21	46296231	46297538	1	1	1	4	0	37
chr21	46349187	46349683	1	1	1	2	0	45
chr21	46355627	46356973	1	1	1	1	0	23
chr21	46398131	46398234	1	1	1	1	0	4
chr21	46398131	46398237	1	1	1	1	0	18
chr21	46398256	46399589	1	1	1	1	0	18
chr21	46399797	46401550	1	1	1	2	0	43
chr21	46635764	46636438	1	1	1	1	0	28
chr21	46643640	46644305	1	1	1	1	0	25
chr21	46649740	46652853	1	1	1	1	0	34
chr22	17497587	17499409	1	1	1	1	0	44
chr22	17503132	17504846	1	1	1	1	0	14
chr22	17505017	17511812	1	1	1	1	0	15
chr22	17505017	17524117	1	1	1	1	0	25
chr22	17529470	17530442	1	1	1	1	0	12
chr22	17539120	17540411	1	1	1	1	0	24
chr22	17619527	17628602	2	2	1	2	0	46
chr22	17689143	17696140	1	1	1	1	0	22
chr22	17735592	17738016	2	2	1	3	0	34
chr22	17739489	17743802	2	2	1	1	0	45
chr22	17902748	17904631	2	2	1	1	0	19
chr22	18544782	18547245	2	2	1	0	2	13
chr22	19441695	19447377	2	2	1	3	0	25
chr22	19441695	19447664	2	2	1	1	0	38
chr22	19450745	19454748	2	2	1	27	0	45
chr22	19454831	19455679	2	2	1	4	0	43
chr22	19471809	19475067	2	2	1	1	0	33
chr22	19475101	19475469	2	2	1	1	0	7
chr22	19507518	19507765	1	1	1	1	0	10
chr22	19516894	19518843	1	1	1	3	0	45
chr22	19518910	19520480	1	1	1	3	0	33
chr22	19722340	19722427	1	1	1	1	0	22
chr22	20091633	20091868	1	1	1	1	0	43
chr22	20091971	20092808	1	1	1	1	0	20
chr22	20117665	20119012	1	1	1	1	0	44
chr22	20122422	20125307	1	1	1	12	0	45
chr22	20125437	20126302	1	1	1	3	0	22
chr22	20126369	20126951	1	1	1	18	0	39
chr22	20126369	20126954	1	1	1	9	0	41
chr22	20315477	20316118	2	2	1	1	0	34
chr22	20709380	20709907	2	2	1	1	0	17
chr22	20934245	20949710	1	1	1	1	0	21
chr22	21484135	21486799	2	2	1	0	2	13
chr22	21592957	21610856	1	1	1	1	0	15
chr22	21611044	21621514	1	1	1	1	0	41
chr22	22285657	22285684	0	0	1	3	0	34
chr22	22494181	22507809	2	2	1	4	0	33
chr22	23653353	23659864	2	2	1	1	0	11
chr22	23766027	23766127	2	2	1	20	0	45
chr22	23767594	23767833	2	2	1	2	0	22
chr22	23791868	23793558	1	1	1	1	0	6
chr22	23837855	23838351	2	2	1	1	0	6
chr22	23894528	23895039	1	1	1	1	0	15
chr22	23894583	23894771	1	1	1	2	0	22
chr22	23894945	23895039	1	1	1	64	0	42
chr22	23971624	23973767	2	2	1	2	0	42
chr22	24055160	24056191	1	1	1	2	0	28
chr22	24098193	24113565	1	1	1	2	0	18
chr22	24270984	24302194	1	1	1	1	0	17
chr22	24412708	24414533	1	1	1	1	0	26
chr22	24568177	24571915	1	1	1	17	0	43
chr22	24795538	24925254	1	3	1	3	0	42
chr22	25026451	25026584	2	2	1	1	0	46
chr22	26513035	26513411	1	1	1	1	0	32
chr22	27858510	27860130	2	2	1	3	0	33
chr22	27860242	27873737	2	2	1	5	0	43
chr22	27873816	27894554	2	2	1	3	0	25
chr22	28687987	28689134	2	2	1	1	0	13
chr22	28704464	28706217	2	2	1	1	0	26
chr22	28725368	28734402	2	2	1	1	0	31
chr22	28744710	28745863	1	1	1	2	0	43
chr22	28751289	28757077	1	1	1	2	0	15
chr22	28773035	28773724	1	1	1	1	0	33
chr22	28795733	28796046	2	2	1	1	0	44
chr22	28799154	28800297	2	2	1	1	0	15
chr22	28842856	28852341	1	1	1	1	0	24
chr22	29050949	29053578	1	1	1	2	0	13
chr22	29254288	29258816	1	1	1	1	0	39
chr22	29260614	29260701	2	2	1	1	0	14
chr22	29297950	29298732	1	1	1	1	0	43
chr22	29299332	29299598	1	1	1	1	0	29
chr22	29299852	29300121	1	1	1	12	0	41
chr22	29331917	29334264	2	2	1	1	0	5
chr22	29508521	29511105	2	2	1	4	0	41
chr22	29558954	29560733	2	2	1	1	0	11
chr22	29569288	29570161	2	2	1	1	0	21
chr22	29570208	29570404	2	2	1	1	0	18
chr22	29604113	29628657	1	1	1	1	0	6
chr22	29673419	29678217	2	2	1	1	0	25
chr22	29767549	29769677	1	1	1	9	0	38
chr22	29767608	29769677	1	1	1	1	0	6
chr22	30017884	30018616	2	2	1	1	0	8
chr22	30578999	30579136	2	2	1	1	0	45
chr22	30579304	30579750	2	2	1	1	0	8
chr22	31426783	31427059	1	1	1	4	0	39
chr22	31455316	31455851	2	2	1	2	0	28
chr22	31455988	31458474	2	2	1	2	0	39
chr22	31718525	31721811	1	5	1	1	0	23
chr22	31944821	31956138	1	1	1	5	0	30
chr22	32398101	32399602	2	2	1	1	0	19
chr22	33695218	33857044	2	2	1	4	0	17
chr22	33725656	33726115	1	1	1	1	0	3
chr22	33829152	33829286	1	3	1	1	0	44
chr22	35257558	35262322	1	1	1	1	0	22
chr22	35263875	35263981	1	1	1	1	0	23
chr22	35323915	35327270	1	1	1	1	0	42
chr22	35744250	35745922	2	2	1	3	0	46
chr22	35745996	35746472	2	2	1	2	0	39
chr22	36285330	36285657	2	2	1	1	0	37
chr22	36288940	36289084	2	2	1	1	0	32
chr22	36293864	36294091	2	2	1	1	0	18
chr22	36297015	36298918	2	2	1	1	0	36
chr22	36301666	36302567	2	2	1	2	0	25
chr22	36309397	36312048	2	2	1	1	0	9
chr22	36319636	36320219	2	2	1	3	0	22
chr22	36511001	36511502	2	2	1	56	1	43
chr22	36511553	36511726	2	2	1	1	0	36
chr22	36512603	36516477	2	2	1	1	0	33
chr22	36518911	36519404	2	2	1	1	0	36
chr22	36526132	36529075	2	2	1	1	0	43
chr22	36758410	36762903	2	2	1	4	0	22
chr22	36764037	36766137	2	4	1	1	0	45
chr22	37019873	37024191	1	1	1	1	0	6
chr22	37490549	37490842	1	1	1	1	0	26
chr22	37568601	37569265	1	3	1	1	0	28
chr22	37653874	37655271	1	1	1	2	0	23
chr22	37655316	37655925	1	1	1	2	0	25
chr22	37678655	37679602	1	1	1	3	0	37
chr22	37691425	37693331	1	1	1	1	0	16
chr22	37789182	37791545	1	1	1	0	1	31
chr22	37878172	37886764	1	1	1	4	0	34
chr22	37886846	37888425	1	1	1	19	0	44
chr22	37953808	37956772	1	1	1	1	0	19
chr22	37956843	37959345	1	1	1	3	0	36
chr22	37959477	37967098	1	1	1	1	0	45
chr22	37967171	37967624	1	1	1	25	0	45
chr22	38075229	38075498	2	4	1	1	0	22
chr22	38291939	38293254	2	2	1	6	0	21
chr22	38293320	38294108	2	2	1	28	0	45
chr22	38294249	38294341	2	2	1	4	0	43
chr22	38341412	38341552	1	1	1	1	0	28
chr22	38488116	38492055	2	2	1	1	0	33
chr22	38492116	38493709	2	2	1	1	0	28
chr22	38493772	38494020	2	2	1	1	0	36
chr22	38494132	38494629	2	2	1	1	0	5
chr22	38494803	38494885	2	2	1	9	0	42
chr22	38498151	38498439	2	2	1	1	0	36
chr22	38569391	38570042	2	2	1	3	0	26
chr22	38682997	38683766	1	1	1	2	0	32
chr22	39015752	39017765	1	1	1	1	0	35
chr22	39312985	39313190	2	2	1	828	0	46
chr22	39313296	39316705	2	2	1	4	3	41
chr22	39313311	39313633	2	2	1	108	0	46
chr22	39313730	39314106	2	2	1	13	0	41
chr22	39314209	39314685	2	2	1	12	0	43
chr22	39314847	39315368	2	2	1	13	0	44
chr22	39315556	39316705	2	2	1	5	0	38
chr22	39316842	39317460	2	2	1	4	0	24
chr22	39317630	39318399	2	2	1	4	0	28
chr22	39318593	39319594	2	2	1	1	0	24
chr22	39529624	39529819	2	2	1	1	0	37
chr22	40117129	40125771	1	1	1	1	0	27
chr22	40125863	40156114	1	1	1	2	0	45
chr22	40156183	40246014	1	1	1	2	0	37
chr22	40178141	40246014	1	1	1	6	0	43
chr22	40214696	40214831	1	3	1	3	0	42
chr22	40340590	40341015	2	2	1	1	0	41
chr22	40360493	40361272	1	1	1	1	0	8
chr22	40361636	40362980	1	1	1	1	0	25
chr22	40363072	40364275	1	1	1	2	0	39
chr22	40364366	40364879	1	1	1	1	0	22
chr22	40364366	40366435	1	1	1	14	0	44
chr22	40365057	40366435	1	1	1	57	0	45
chr22	40804839	40805342	1	1	1	1	0	27
chr22	40826667	40827095	2	2	1	9	0	42
chr22	40830957	40832568	2	2	1	1	2	39
chr22	40832672	40835559	2	2	1	4	2	36
chr22	40835671	40835802	2	2	1	2	0	24
chr22	40840693	40844838	2	2	1	0	1	29
chr22	40844910	40848293	2	2	1	0	2	26
chr22	40850881	40856430	2	2	1	4	0	37
chr22	40951477	40953554	1	1	1	2	0	24
chr22	40967885	40972475	1	1	1	34	0	39
chr22	41137791	41140139	1	1	1	1	0	29
chr22	41157409	41158411	1	1	1	2	0	25
chr22	41170572	41172498	1	1	1	2	0	21
chr22	41172664	41173622	1	1	1	2	0	19
chr22	41229731	41235144	2	2	1	2	0	41
chr22	41245792	41251055	2	2	1	1	0	21
chr22	41256106	41256190	2	2	1	3	0	35
chr22	41281083	41285985	2	2	1	1	0	13
chr22	41528023	41528478	1	1	1	3	0	30
chr22	41637792	41646895	1	1	1	1	0	43
chr22	41647083	41650722	1	1	1	2	0	23
chr22	41657033	41658251	1	1	1	5	0	45
chr22	41658353	41661330	1	1	1	2	0	13
chr22	41661445	41663621	1	1	1	2	0	5
chr22	41667933	41668242	1	3	1	1	0	29
chr22	41668031	41668339	1	3	1	1	0	44
chr22	41675196	41680243	2	2	1	1	0	3
chr22	41680365	41688793	2	2	1	1	0	34
chr22	41903156	41904862	1	1	1	1	0	25
chr22	41906787	41907167	2	4	1	1	0	19
chr22	41906844	41907137	2	4	1	4	0	42
chr22	42086315	42087059	2	2	1	33	0	43
chr22	42512700	42512831	2	4	1	1	0	36
chr22	42514305	42514681	2	2	1	0	1	22
chr22	42571884	42574679	2	2	1	1	0	11
chr22	42574819	42575930	2	2	1	4	0	23
chr22	42576127	42576511	2	2	1	0	1	22
chr22	42588196	42601250	2	2	1	0	50	24
chr22	42602057	42602769	2	2	1	1	0	45
chr22	42618945	42619269	1	3	1	1	0	42
chr22	42822410	42823655	2	2	1	1	0	21
chr22	42827000	42831548	2	2	1	1	0	24
chr22	42871470	42876136	2	2	1	1	0	9
chr22	42882305	42884385	2	2	1	1	0	43
chr22	42888799	42890946	2	2	1	1	0	14
chr22	43990407	43996337	1	1	1	14	0	43
chr22	44206388	44206482	1	3	1	1	0	20
chr22	44960930	44961378	2	2	1	1	0	13
chr22	45178901	45181285	1	1	1	1	0	34
chr22	45183521	45184452	1	1	1	1	0	11
chr22	45332711	45335349	1	1	1	1	0	17
chr22	45577109	45600306	1	1	1	1	0	7
chr22	45807023	45842990	1	1	1	1	0	26
chr22	45843179	45843668	1	1	1	6	0	42
chr22	46289562	46289825	1	1	1	2	0	35
chr22	46355943	46357250	0	0	1	3	0	37
chr22	49925558	49927254	1	1	1	1	0	32
chr22	50170957	50175431	1	1	1	3	0	39
chr22	50199571	50199715	2	4	1	0	1	3
chr22	50199571	50200075	2	2	1	0	1	3
chr22	50208717	50210180	1	1	1	3	0	11
chr22	50215868	50216690	1	1	1	2	0	9
chr22	50444118	50444198	1	1	1	2	0	15
chr22	50447454	50447521	2	2	1	1	0	3
chr22	50517662	50517740	1	1	1	1	0	7
chr22	50517810	50517972	1	1	1	1	0	16
chr22	50519321	50520964	1	1	1	1	0	38
chr22	50522252	50522342	1	3	1	2	0	36
chr22	50522416	50522500	1	1	1	2	0	28
chr22	50522923	50523016	1	1	1	1	0	25
chr22	50579256	50579425	2	2	1	1	0	18
chr22	50579831	50579973	2	2	1	3	0	19
chrX	259299	259369	1	1	0	0	3	35
chrX	259299	259475	1	1	1	0	3	37
chrX	259405	259475	1	1	1	0	3	37
chrX	315021	315228	2	2	1	0	3	20
chrX	321249	321682	1	1	1	0	2	31
chrX	345673	346173	2	2	1	0	1	23
chrX	1386592	1386692	1	3	1	0	1	26
chrX	1386760	1387278	2	2	1	0	2	4
chrX	1403490	1412731	2	2	1	0	2	44
chrX	1412855	1417972	2	2	1	0	1	22
chrX	2137369	2137524	2	2	1	0	2	39
chrX	2266948	2291501	2	2	1	0	1	32
chrX	2408814	2425196	2	2	1	0	2	41
chrX	2425305	2500816	2	2	1	0	2	21
chrX	2720425	2722626	1	1	1	0	1	26
chrX	2794066	2794534	1	1	1	1	0	40
chrX	3611335	3612176	2	2	1	1	0	25
chrX	3612326	3615814	2	2	1	1	0	24
chrX	7550943	7555803	1	1	1	0	1	41
chrX	7900818	7901988	2	2	1	1	0	15
chrX	9711777	9714901	1	1	1	4	0	30
chrX	9715004	9716219	1	1	1	2	0	34
chrX	10139541	10141434	1	1	1	7	0	37
chrX	11760499	11760836	1	1	1	1	0	43
chrX	12975169	12976245	1	1	1	7	0	37
chrX	12976362	12976776	1	1	1	13	1	44
chrX	13714506	13716003	2	2	1	1	2	31
chrX	13735347	13736477	1	1	1	1	0	23
chrX	13744520	13746318	1	1	1	1	0	36
chrX	13746456	13746779	1	1	1	1	0	17
chrX	13755243	13756577	1	1	1	2	0	22
chrX	13761212	13762343	1	1	1	1	0	10
chrX	13762445	13767126	1	1	1	2	0	39
chrX	13767285	13768053	1	1	1	1	0	9
chrX	13767285	13768056	1	1	1	1	0	24
chrX	13768786	13769065	1	1	1	3	0	44
chrX	13785809	13938506	2	2	1	1	0	42
chrX	14244386	14244411	2	2	1	0	1	24
chrX	15799954	15803687	1	1	1	5	0	40
chrX	15833525	15845378	2	2	1	1	0	27
chrX	16719900	16735226	1	1	1	4	0	42
chrX	16736233	16741715	1	1	1	2	0	45
chrX	16757310	16760231	1	1	1	3	0	37
chrX	16832743	16834282	1	1	1	5	0	26
chrX	16834358	16837592	1	1	1	16	0	37
chrX	16845104	16845827	2	2	1	1	0	10
chrX	16845939	16849243	2	2	1	2	0	17
chrX	16849302	16852045	2	2	1	1	0	43
chrX	16869221	16870037	2	2	1	1	0	28
chrX	17746099	17749399	1	1	1	1	0	18
chrX	18595429	18598461	1	1	1	1	0	31
chrX	18613276	18619866	1	1	1	1	0	23
chrX	18943809	18945077	2	2	1	1	0	8
chrX	19355505	19355685	1	1	1	1	0	16
chrX	19355758	19357651	1	1	1	1	0	4
chrX	19359025	19359488	1	1	1	1	0	15
chrX	19588803	19592066	2	2	1	1	0	15
chrX	19595001	19607937	2	2	1	1	0	26
chrX	19608046	19631863	2	2	1	1	0	43
chrX	19929941	19935808	2	2	1	2	0	38
chrX	20016326	20024950	2	2	1	1	0	16
chrX	20128312	20130515	2	2	1	0	11	41
chrX	20129379	20130200	1	3	1	1	0	16
chrX	20130608	20132181	2	2	1	3	1	41
chrX	20135842	20138538	2	2	1	0	3	43
chrX	20138623	20141624	2	2	1	1	0	25
chrX	21563453	21590571	1	1	1	1	0	39
chrX	21590621	21591021	1	1	1	4	0	17
chrX	21940874	21967195	1	1	1	1	0	36
chrX	21967317	21971896	1	1	1	6	0	36
chrX	21971991	21972506	1	1	1	1	0	7
chrX	21984419	21985143	1	1	1	1	0	20
chrX	23671647	23674989	1	1	1	1	0	9
chrX	23675107	23679164	1	1	1	0	1	17
chrX	23679288	23682395	1	1	1	3	0	35
chrX	23682527	23683670	1	1	1	36	0	35
chrX	23683706	23686284	1	1	1	66	0	37
chrX	23707945	23721880	2	2	1	1	0	22
chrX	23713209	23721880	2	2	1	1	0	36
chrX	23785561	23785685	1	1	1	1	0	37
chrX	23833511	23840312	2	2	1	3	0	41
chrX	24055038	24055614	1	1	1	1	0	19
chrX	24071728	24073090	1	1	1	2	0	27
chrX	24156769	24156902	2	2	1	1	0	33
chrX	24207856	24208217	1	1	1	1	0	36
chrX	24465562	24494741	1	1	1	1	0	41
chrX	24703348	24704388	1	1	1	1	0	24
chrX	24714670	24715140	1	1	1	2	0	45
chrX	24809931	24810707	1	1	1	3	0	34
chrX	24888123	24930452	1	1	1	1	0	15
chrX	30696152	30696616	1	1	1	1	0	35
chrX	31121931	31134101	2	2	1	1	0	17
chrX	37840652	37841027	2	2	1	4	0	41
chrX	38276773	38287093	2	2	1	1	0	7
chrX	39787083	39787315	1	1	1	2	0	18
chrX	40063072	40063607	2	2	1	6	0	43
chrX	40589117	40591233	1	1	1	3	0	8
chrX	40630163	40630613	2	2	1	1	0	40
chrX	41129146	41131456	1	1	1	1	0	21
chrX	41140772	41140965	1	1	1	2	0	36
chrX	41162878	41165871	1	1	1	1	0	41
chrX	41167578	41168006	1	1	1	1	0	18
chrX	41170620	41171837	1	1	1	1	0	42
chrX	41186643	41187991	1	1	1	1	0	9
chrX	41196360	41196591	1	1	1	3	0	19
chrX	41224963	41225048	1	1	1	1	0	5
chrX	41267987	41285443	2	2	1	0	1	14
chrX	41342837	41343215	1	1	1	4	0	41
chrX	41344129	41344238	1	1	1	1	0	28
chrX	41531210	41534705	2	2	1	2	0	27
chrX	41534787	41534892	2	2	1	2	0	39
chrX	41542807	41553718	2	2	1	2	0	32
chrX	41743737	41745523	2	2	1	1	0	45
chrX	44741722	44741911	1	3	1	0	3	19
chrX	45838920	45839909	2	2	1	2	0	32
chrX	46579853	46581138	1	1	1	1	0	40
chrX	47142441	47142583	2	2	1	1	0	15
chrX	47142441	47142613	2	2	1	2	0	18
chrX	47181867	47181950	1	1	1	1	0	28
chrX	47182327	47185054	1	1	1	1	0	14
chrX	47186388	47186473	1	1	1	2	0	18
chrX	47202815	47202942	1	1	1	2	0	7
chrX	47228645	47228730	1	1	1	1	0	17
chrX	47247700	47247792	1	1	1	8	0	43
chrX	47461241	47462005	1	3	1	1	0	35
chrX	47566912	47566985	1	1	1	1	0	25
chrX	47583537	47584935	1	1	1	1	0	38
chrX	47585016	47585204	1	1	1	1	0	31
chrX	47585668	47586520	1	1	1	1	0	8
chrX	47651896	47652080	2	2	1	21	0	37
chrX	47652145	47657182	2	2	1	14	0	38
chrX	47657640	47657781	2	2	1	1	0	26
chrX	47657864	47658829	2	2	1	1	0	17
chrX	48462145	48462232	2	2	1	1	0	16
chrX	48462292	48462897	2	2	1	1	0	13
chrX	48462981	48466014	2	2	1	1	0	16
chrX	48481343	48481425	1	1	1	1	0	20
chrX	48528526	48528572	1	3	1	2	0	38
chrX	48576420	48576507	1	1	1	1	0	41
chrX	48708873	48708914	2	2	1	1	0	22
chrX	48828093	48828140	2	4	1	1	0	16
chrX	48902518	48902731	1	1	1	1	0	19
chrX	48902796	48902927	1	1	1	5	0	24
chrX	48923296	48923632	2	2	1	3	0	16
chrX	48923747	48923850	2	2	1	1	0	18
chrX	48934868	48934953	2	2	1	1	0	39
chrX	48989711	48989834	2	2	1	1	0	31
chrX	48989883	48989971	2	2	1	1	0	13
chrX	48990733	48990925	2	2	1	1	0	38
chrX	48991111	48993427	2	2	1	2	0	27
chrX	49074913	49075135	2	2	1	2	0	30
chrX	49249263	49249508	1	1	1	1	0	42
chrX	49299436	49301350	1	1	1	1	0	18
chrX	51900297	51901552	1	1	1	1	0	27
chrX	51901939	51902145	1	1	1	8	0	45
chrX	52062039	52062221	2	2	1	0	1	33
chrX	52062039	52062233	2	2	1	0	6	32
chrX	52066147	52066249	2	2	1	0	1	36
chrX	52187846	52187948	1	1	1	0	1	36
chrX	52191862	52192056	1	1	1	0	6	32
chrX	52191874	52192056	1	1	1	0	1	33
chrX	53399731	53403565	2	2	1	12	0	42
chrX	53403673	53403776	2	2	1	2	0	45
chrX	53405392	53405492	2	2	1	2	0	18
chrX	53405673	53405770	2	2	1	1	0	38
chrX	53409270	53409420	2	2	1	1	0	44
chrX	53413436	53414757	2	2	1	2	0	43
chrX	53432412	53433721	2	2	1	1	0	8
chrX	53533412	53534006	2	2	1	6	0	45
chrX	53537697	53538336	2	2	1	2	0	37
chrX	53539813	53542442	2	2	1	1	0	26
chrX	53558810	53558970	2	2	1	3	0	41
chrX	53559061	53559353	2	4	1	1	0	6
chrX	53562245	53562830	2	2	1	1	0	45
chrX	53562930	53563745	2	2	1	1	0	7
chrX	53563822	53564573	2	2	1	1	0	18
chrX	53584346	53585011	2	2	1	5	0	38
chrX	53585189	53586489	2	2	1	1	0	35
chrX	53591123	53592397	2	2	1	1	0	44
chrX	53592629	53593363	2	2	1	1	0	13
chrX	53627516	53627738	2	2	1	1	0	26
chrX	53680187	53683873	2	2	1	1	0	24
chrX	54250132	54251398	2	2	1	1	0	11
chrX	54251451	54251531	2	2	1	1	0	29
chrX	54254076	54255739	2	2	1	1	0	11
chrX	54554693	54558435	1	1	1	1	0	13
chrX	54558656	54560519	1	1	1	1	0	22
chrX	54812252	54812944	1	1	1	2	0	19
chrX	54813025	54813117	1	1	1	1	0	21
chrX	54813551	54814660	1	1	1	1	0	31
chrX	54815679	54815880	1	1	1	1	0	41
chrX	54815691	54815880	1	1	1	38	0	46
chrX	54931032	54931203	1	1	1	3	0	12
chrX	55146312	55159128	2	2	1	1	0	11
chrX	56002984	56014844	1	1	1	1	0	13
chrX	56732200	56817319	1	1	1	2	0	45
chrX	63638210	63643979	2	2	1	2	0	22
chrX	64193385	64205569	2	2	1	1	0	31
chrX	64917897	64919041	2	2	1	1	0	29
chrX	65733281	65735266	1	1	1	3	0	29
chrX	68522918	68531880	1	1	1	1	0	9
chrX	69616705	69957026	1	1	1	1	0	40
chrX	70297189	70299112	1	1	1	0	1	45
chrX	70299203	70301899	1	1	1	3	0	36
chrX	70352657	70353621	1	1	1	3	0	9
chrX	70386702	70387183	1	1	1	1	0	31
chrX	70387298	70395670	1	1	1	4	0	45
chrX	70404823	70405827	1	1	1	1	0	24
chrX	70479265	70492106	1	1	1	1	0	46
chrX	70500050	70500897	1	1	1	1	0	26
chrX	70925755	70925879	1	1	1	1	0	38
chrX	70925944	70926069	2	2	1	2	0	25
chrX	70926179	70926526	2	2	1	1	0	13
chrX	71061119	71061842	2	2	1	1	0	25
chrX	71082657	71087119	2	2	1	4	0	45
chrX	71141965	71142174	1	1	1	1	0	3
chrX	71243085	71243828	2	2	1	1	0	26
chrX	71248525	71248685	2	2	1	1	0	32
chrX	71290792	71291778	1	1	1	2	0	31
chrX	71291973	71294226	1	1	1	1	0	42
chrX	71297462	71297835	1	1	1	3	0	35
chrX	71297939	71298468	1	1	1	1	0	22
chrX	71377822	71378234	1	1	1	1	0	13
chrX	71406747	71407573	1	1	1	2	0	10
chrX	71561901	71562846	1	1	1	1	0	41
chrX	71568117	71573619	1	1	1	1	0	14
chrX	72196905	72197367	1	1	1	11	0	42
chrX	72272773	72273231	2	2	1	215	0	46
chrX	72273390	72273800	2	2	1	11	0	43
chrX	72273973	72275052	2	2	1	3	0	38
chrX	72275151	72275543	2	2	1	1	0	41
chrX	72275725	72276156	2	2	1	2	0	23
chrX	72276235	72277192	2	2	1	3	0	12
chrX	72385188	72385904	1	1	1	1	0	17
chrX	73584573	73679325	1	1	1	2	0	21
chrX	73679383	73679653	1	1	1	2	0	14
chrX	73944466	73944583	1	1	1	1	0	6
chrX	73944663	73946998	1	1	1	1	0	7
chrX	73944663	73994839	1	1	1	2	0	30
chrX	73947097	73947231	1	3	1	1	0	3
chrX	75062432	75065069	2	2	1	1	0	34
chrX	75300966	75303404	1	1	1	1	0	38
chrX	75422927	75510697	1	1	1	3	0	29
chrX	76174950	76175472	1	1	1	1	0	27
chrX	76175614	76176880	1	1	1	2	0	25
chrX	77508630	77520787	2	2	1	3	0	11
chrX	77523402	77557450	2	2	1	2	0	18
chrX	77558847	77574249	2	2	1	1	0	5
chrX	77599821	77600433	2	2	1	11	0	45
chrX	77600565	77616612	2	2	1	8	0	33
chrX	77654201	77656559	2	2	1	1	0	6
chrX	77656654	77663381	2	2	1	2	0	33
chrX	77663559	77664644	2	2	1	2	0	41
chrX	77664779	77676225	2	2	1	4	0	28
chrX	77676299	77681519	2	2	1	3	0	27
chrX	77693938	77696576	2	2	1	1	0	35
chrX	77738678	77738727	2	4	1	1	0	41
chrX	77899594	77902642	1	1	1	3	0	6
chrX	77902768	77905183	1	1	1	20	0	45
chrX	78113900	78114015	1	1	1	1	0	23
chrX	78125052	78125326	1	1	1	3	0	15
chrX	78125426	78125789	1	1	1	3	0	30
chrX	78748035	78750173	1	1	1	1	0	38
chrX	78750224	78750729	1	1	1	1	0	4
chrX	79361178	79361328	2	2	1	1	0	35
chrX	80289772	80290877	2	2	1	1	0	45
chrX	80677364	80681340	2	2	1	3	0	24
chrX	80681500	80681996	2	2	1	1	0	38
chrX	80684163	80685461	2	2	1	1	0	23
chrX	80691979	80692088	2	2	1	1	0	19
chrX	80716251	80717572	2	2	1	1	0	22
chrX	80723877	80724932	2	2	1	1	0	28
chrX	81115231	81116203	2	2	1	5	0	41
chrX	81116342	81118431	2	2	1	4	0	38
chrX	81118486	81118729	2	2	1	1	0	30
chrX	81278412	81297194	1	1	1	1	0	22
chrX	85074392	85087589	1	1	1	1	0	39
chrX	85244192	85245902	1	1	1	1	0	18
chrX	86027558	86047483	2	2	1	1	0	44
chrX	86982087	86987289	2	2	1	0	2	44
chrX	87664936	87666474	1	1	1	1	0	35
chrX	87703396	87703585	2	4	1	0	11	19
chrX	92100329	92105292	2	2	1	1	0	17
chrX	92100698	92103446	2	2	1	1	0	21
chrX	92105646	92105676	1	1	1	0	9	40
chrX	94620436	94697895	2	2	1	0	1	3
chrX	96965208	97072940	1	1	1	1	0	19
chrX	97348281	97383908	1	1	1	1	0	29
chrX	97348281	97383912	1	1	1	1	0	40
chrX	97384045	97429649	1	1	1	4	0	38
chrX	97429746	97469693	1	1	1	7	0	38
chrX	97429746	97599252	1	1	1	1	0	18
chrX	98660558	98660899	0	0	1	3	0	44
chrX	100821606	100822250	1	1	1	1	0	35
chrX	100831657	100832733	1	1	1	1	0	14
chrX	100838365	100840713	1	1	1	7	0	45
chrX	100929221	100930474	1	1	1	1	0	23
chrX	101102412	101109472	1	1	1	1	0	25
chrX	101391565	101391754	1	1	1	6	0	35
chrX	101391823	101395334	1	1	1	4	87	45
chrX	101395458	101395727	1	1	1	213	4	45
chrX	101632696	101632829	2	2	1	1	0	35
chrX	102126446	102126803	1	1	1	1	0	40
chrX	102884809	102897573	1	1	1	1	0	29
chrX	103063280	103063641	2	2	1	1	0	26
chrX	103063732	103064095	2	2	1	4	0	27
chrX	103254678	103255077	2	2	1	3	0	42
chrX	103275343	103276018	2	2	1	1	0	44
chrX	103275343	103276672	2	2	1	1	0	29
chrX	103310434	103310859	2	2	1	1	0	45
chrX	103356607	103357082	1	1	1	2	0	24
chrX	103357162	103357614	1	1	1	2	0	14
chrX	103376614	103377027	1	1	1	2	0	26
chrX	103377107	103377462	1	1	1	2	0	10
chrX	103377107	103377509	1	1	1	2	0	43
chrX	103585625	103586218	1	1	1	2	0	36
chrX	103586292	103586648	1	1	1	2	0	44
chrX	103678601	103685170	2	2	1	2	0	40
chrX	103964623	103965538	1	1	1	0	3	26
chrX	104073325	104074240	2	2	1	0	3	26
chrX	107647766	107649939	1	1	1	6	0	36
chrX	107984709	107985025	1	1	1	1	0	38
chrX	108085128	108087685	2	2	1	2	0	22
chrX	108206581	108209968	2	2	1	1	0	37
chrX	108580739	108580982	1	1	1	2	0	37
chrX	108581028	108582883	1	1	1	2	0	27
chrX	108626350	108655330	1	1	1	1	0	39
chrX	109663403	109665419	2	2	1	2	0	43
chrX	113613204	113614423	1	1	1	1	0	37
chrX	115629968	115633999	1	1	1	1	0	36
chrX	115635047	115636835	1	1	1	1	0	42
chrX	118378453	118387339	1	1	1	1	0	34
chrX	118545393	118546020	1	1	1	1	0	27
chrX	118566654	118568078	1	1	1	1	0	14
chrX	119240465	119243150	1	1	1	2	0	15
chrX	119470148	119470372	1	1	1	2	0	45
chrX	119470514	119470900	1	1	1	2	0	19
chrX	119582677	119583126	1	1	1	1	0	17
chrX	119629509	119633359	2	2	1	1	0	15
chrX	119786733	119787280	2	2	1	1	1	6
chrX	119786733	119789907	2	2	1	0	90	45
chrX	119790012	119791573	2	2	1	0	9	28
chrX	119838052	119838366	2	2	1	13	0	43
chrX	119838528	119841075	2	2	1	1	0	13
chrX	119841259	119841734	2	2	1	3	0	40
chrX	119841779	119843190	2	2	1	2	0	30
chrX	119843302	119845197	2	2	1	6	0	43
chrX	119872014	119873303	1	1	1	4	0	29
chrX	119873394	119876513	1	1	1	30	0	43
chrX	119934558	119936296	2	2	1	2	0	10
chrX	119936432	119936611	2	2	1	1	0	12
chrX	119936683	119938729	2	2	1	1	0	41
chrX	119938811	119943219	2	2	1	2	0	43
chrX	120439294	120441729	2	2	1	1	0	33
chrX	120446428	120447840	2	2	1	1	0	16
chrX	120496307	120497056	1	1	1	1	0	42
chrX	120605560	120606078	1	1	1	1	0	36
chrX	120606177	120608224	1	1	1	1	0	43
chrX	120611079	120612182	1	1	1	5	0	42
chrX	123601339	123610917	2	2	1	2	0	26
chrX	123610958	123611439	0	0	1	1	0	39
chrX	123613557	123613638	2	2	1	8	0	45
chrX	123613709	123614051	2	2	1	2	0	32
chrX	123614190	123619400	2	2	1	3	0	36
chrX	123619437	123620906	2	2	1	1	0	3
chrX	123620966	123621156	2	4	1	1	0	14
chrX	123621588	123622757	2	2	1	11	0	42
chrX	123622861	123623104	2	2	1	10	0	42
chrX	123623972	123624059	2	2	1	2	0	39
chrX	123626663	123627692	2	2	1	4	0	9
chrX	123668315	123671668	2	2	1	10	0	44
chrX	123671762	123686547	2	2	1	3	0	22
chrX	123891317	123892730	1	1	1	2	0	36
chrX	123916040	123916518	1	1	1	1	0	25
chrX	123959406	123961188	2	2	1	1	0	31
chrX	123960867	124022530	1	1	1	1	0	44
chrX	123961857	124022530	1	1	1	2	0	9
chrX	124021432	124022530	1	1	1	1	0	21
chrX	124045369	124047353	1	1	1	11	0	44
chrX	124047506	124049004	1	1	1	1	0	11
chrX	124076472	124077956	1	1	1	1	0	21
chrX	124086771	124090574	1	1	1	1	0	5
chrX	124095450	124100573	1	1	1	1	0	29
chrX	129448444	129465519	2	2	1	2	0	41
chrX	129468906	129471203	2	2	1	1	0	18
chrX	129471327	129480700	2	2	1	4	0	37
chrX	129489086	129490059	2	2	1	1	0	26
chrX	129490193	129491940	2	2	1	1	0	10
chrX	129499842	129504733	2	2	1	3	0	25
chrX	129504803	129506079	2	2	1	1	0	43
chrX	129508097	129511803	2	2	1	1	0	20
chrX	129518448	129523196	2	2	1	1	0	10
chrX	129919490	129920456	1	1	1	0	1	40
chrX	129925196	129925918	1	1	1	1	0	44
chrX	130129629	130129969	2	2	1	1	0	5
chrX	130409387	130411347	1	1	1	6	0	34
chrX	130665750	130667529	2	2	1	1	0	15
chrX	131785259	131786004	2	2	1	1	0	24
chrX	131810157	131810881	1	1	1	1	0	33
chrX	131825366	131830291	2	2	1	1	0	10
chrX	132022041	132023001	2	2	1	1	0	22
chrX	132069664	132071068	1	1	1	1	0	5
chrX	132072876	132072956	1	1	1	1	0	44
chrX	132379678	132381358	2	2	1	1	0	21
chrX	134377756	134378004	1	1	1	1	0	41
chrX	134393635	134393908	1	1	1	2	0	39
chrX	134393953	134413487	1	1	1	6	0	43
chrX	134393953	134413490	1	1	1	1	0	9
chrX	134413658	134413822	1	1	1	1	0	9
chrX	134413967	134415015	1	1	1	5	0	41
chrX	134789267	134793814	2	2	1	1	0	41
chrX	134889193	134891478	2	2	1	1	0	31
chrX	134903826	134912724	1	1	1	0	1	37
chrX	134909142	134916544	1	1	1	5	0	39
chrX	136220964	136222392	2	2	1	2	0	44
chrX	136226014	136227283	2	2	1	4	0	44
chrX	136227432	136228622	2	2	1	3	0	38
chrX	136228759	136230384	2	2	1	3	0	38
chrX	136230594	136230838	2	2	1	2	0	16
chrX	136244796	136246064	2	2	1	1	0	13
chrX	136246149	136246242	2	2	1	9	0	38
chrX	136246342	136251288	2	2	1	3	0	32
chrX	136497871	136499597	1	1	1	1	0	37
chrX	136500819	136502777	1	1	1	3	0	36
chrX	136510220	136510807	1	1	1	1	0	23
chrX	136875586	136876502	2	2	1	3	0	18
chrX	136879124	136879318	2	2	1	2	0	40
chrX	136879454	136880596	2	2	1	2	0	13
chrX	136985333	136985594	2	2	1	1	0	35
chrX	139782729	139783163	2	2	1	1	0	38
chrX	139783268	139785225	2	2	1	1	0	16
chrX	139789489	139796272	2	2	1	1	0	11
chrX	139796471	139797175	2	2	1	1	0	7
chrX	145900296	145913135	1	1	1	0	1	26
chrX	147912231	147921932	1	1	1	1	0	44
chrX	147932764	147936503	1	1	1	2	0	34
chrX	147945617	147948412	1	1	1	2	0	23
chrX	150983377	150985594	1	1	1	2	0	35
chrX	150985750	150986050	1	1	1	3	0	12
chrX	150986191	150987127	1	1	1	3	0	38
chrX	150987303	150987776	1	1	1	20	0	41
chrX	151408035	151408102	1	1	1	1	0	30
chrX	152829278	152829601	2	4	1	1	0	35
chrX	152829761	152830707	2	2	1	1	0	33
chrX	152846433	152850264	1	1	1	1	0	46
chrX	152858917	152862595	1	1	1	1	0	31
chrX	152865962	152867570	1	1	1	2	0	24
chrX	153447910	153454393	2	2	1	3	0	23
chrX	153454509	153455541	2	2	1	1	0	27
chrX	153694018	153694129	1	1	1	1	0	36
chrX	153700698	153715566	1	3	1	1	0	44
chrX	153700976	153702006	2	2	1	1	0	30
chrX	153704095	153715541	2	2	1	2	0	40
chrX	153785974	153786211	2	2	1	1	0	4
chrX	153794755	153796433	1	1	1	0	1	32
chrX	153797533	153797724	1	1	1	1	1	24
chrX	153797815	153798070	1	1	1	7	0	38
chrX	153798137	153798328	1	1	1	23	0	46
chrX	153802313	153802363	1	1	1	2	0	22
chrX	153841480	153844710	2	2	1	1	0	44
chrX	153935405	153935488	2	2	1	1	0	8
chrX	153950544	153950812	2	2	1	1	0	13
chrX	153962307	153963224	2	2	1	1	0	19
chrX	154032558	154097603	2	2	1	1	0	20
chrX	154034467	154035703	1	1	1	1	0	28
chrX	154349037	154349361	2	2	1	1	0	33
chrX	154349566	154349648	2	2	1	2	0	30
chrX	154349868	154350030	2	2	1	2	0	14
chrX	154351697	154351883	2	2	1	1	0	23
chrX	154379795	154379941	1	1	1	1	0	15
chrX	154380020	154380233	1	1	1	1	0	7
chrX	154380368	154381387	1	1	1	1	0	34
chrX	154381231	154381331	1	1	1	1	0	4
chrX	154399595	154399802	1	1	1	2	0	28
chrX	154399942	154400463	1	1	1	4	0	36
chrX	154399942	154400701	1	1	1	1	0	19
chrX	154400627	154400701	1	1	1	128	1	45
chrX	154420095	154420211	1	1	1	1	0	27
chrX	154420265	154420657	1	1	1	1	0	12
chrX	154445912	154446414	1	1	1	2	0	26
chrX	154450320	154450423	1	1	1	2	0	24
chrX	154478059	154478282	2	2	1	1	0	35
chrX	154478412	154478727	2	2	1	4	0	30
chrX	154762982	154764898	1	1	1	3	0	26
chrX	154768433	154769166	1	1	1	1	0	21
chrX	154769311	154770758	1	1	1	1	0	15
chrX	154774706	154775194	1	1	1	8	0	37
chrX	154775274	154776186	1	1	1	3	0	31
chrX	154776325	154776798	1	1	1	3	0	41
chrX	154993149	154996972	2	2	1	1	0	27
chrX	155033554	155046508	1	1	1	1	0	12
chrX	155046585	155051669	1	1	1	1	0	23
chrX	155061992	155063965	2	2	1	2	0	33
chrX	155116755	155119998	1	1	1	1	0	36
chrX	155492701	155506897	2	2	1	1	0	12
chrX	156023461	156024119	1	1	1	0	1	9
chrY	259299	259369	1	1	0	0	3	35
chrY	259299	259475	1	1	1	0	3	37
chrY	259405	259475	1	1	1	0	3	37
chrY	315021	315228	2	2	1	0	3	20
chrY	321249	321682	1	1	1	0	2	31
chrY	345673	346173	2	2	1	0	1	23
chrY	1386592	1386692	1	3	1	0	1	26
chrY	1386760	1387278	2	2	1	0	2	4
chrY	1403490	1412731	2	2	1	0	2	44
chrY	1412855	1417972	2	2	1	0	1	22
chrY	2137369	2137524	2	2	1	0	2	39
chrY	2266948	2291501	2	2	1	0	1	32
chrY	2408814	2425196	2	2	1	0	2	41
chrY	2425305	2500816	2	2	1	0	2	21
chrY	2720425	2722626	1	1	1	0	1	26
chrY	2844258	2845645	1	1	1	4	0	43
chrY	2845744	2854599	1	1	1	1	0	12
chrY	2854772	2865087	1	1	1	1	0	29
chrY	2865246	2866792	1	1	1	76	0	46
chrY	12662707	12664639	1	1	1	2	0	39
chrY	12664687	12686512	1	1	1	2	0	44
chrY	12686607	12702009	1	1	1	2	0	46
chrY	12702056	12708633	1	1	1	1	0	36
chrY	12791625	12793031	1	1	1	1	0	25
chrY	12916635	12916906	1	1	1	1	0	20
chrY	14138789	14180665	2	2	1	2	0	45
chrY	14723270	14733451	1	1	1	1	0	28
chrY	14723270	14739292	1	1	1	1	0	31
chrY	18979110	18979584	1	1	1	1	0	35
chrY	19555555	19557229	2	2	1	1	0	13
chrY	19557290	19558023	2	2	1	2	0	24
chrY	19593594	19597590	1	1	1	1	0	30
chrY	19596135	19597590	1	1	1	1	0	4
chrY	19597666	19599738	1	1	1	3	0	45
chrY	19598640	19599738	1	1	1	1	0	37
chrY	20579692	20582589	1	1	1	1	0	46
chrY	20582694	20584473	1	1	1	1	0	28
chrY	57209981	57210639	1	1	1	0	1	9
chrM	1328	1393	1	1	1	5	1	44
chrM	3066	3157	2	2	1	1	0	26
chrM	3820	4167	2	2	1	20	0	22
chrM	4107	4167	2	2	1	7	0	33
chrM	7194	7412	2	2	1	1	0	22
chrM	7422	7462	0	0	1	0	8	41
chrM	8685	9008	2	2	1	67	3	44
chrM	8971	9030	2	2	1	7	0	39
chrM	9130	14358	2	2	1	1	0	37
chrM	9866	9918	0	0	1	4	0	45
chrM	11288	12022	2	2	1	1	0	35
chrM	11769	11874	2	2	1	1	0	38
chrM	15280	15753	2	2	1	2	0	26
chrM	16151	16403	2	2	1	6	0	16
GL000195.1	175379	175979	1	1	1	0	1	16
GL000205.2	102748	103348	2	2	1	0	1	16
GL000220.1	4711	6707	2	2	1	0	1	4
GL000220.1	109435	109463	2	4	1	0	11	45
GL000220.1	109442	153414	2	2	1	0	1	22
GL000220.1	109464	109518	2	4	1	0	2	18
GL000220.1	109638	110155	1	5	1	0	1	34
GL000220.1	109733	153705	1	1	1	0	3	41
GL000220.1	109742	153714	1	1	1	0	4	25
GL000220.1	109755	153510	0	0	1	0	3	43
GL000220.1	109987	110813	1	3	1	0	65	41
GL000220.1	110114	154086	1	1	1	0	3	41
GL000220.1	110167	110780	0	0	1	0	6	38
GL000220.1	110228	154200	1	1	1	0	1	17
GL000220.1	110253	153562	1	1	1	0	2	42
GL000220.1	110301	114839	1	1	1	0	3	36
GL000220.1	110301	158811	1	1	1	0	3	36
GL000220.1	110324	153499	2	2	1	0	1	27
GL000220.1	110568	115689	1	1	1	0	5	30
GL000220.1	110568	154334	1	1	1	0	4	26
GL000220.1	110568	159661	1	1	1	0	3	30
GL000220.1	110600	110988	0	0	1	0	3	38
GL000220.1	110611	153490	2	4	0	0	1	13
GL000220.1	110903	154875	1	1	1	0	3	25
GL000220.1	112575	156373	1	1	1	0	1	35
GL000220.1	113667	157639	2	2	1	0	1	40
GL000220.1	113778	117534	1	1	1	0	2	40
GL000220.1	113778	161506	1	1	1	0	2	40
GL000220.1	114135	155360	2	4	1	0	1	39
GL000220.1	114741	115752	1	1	1	0	7	36
GL000220.1	114741	159724	1	1	1	0	5	36
GL000220.1	114924	115017	1	1	1	0	2	40
GL000220.1	115033	154134	2	2	1	0	1	20
GL000220.1	115041	117776	2	2	1	0	1	36
GL000220.1	115041	161748	2	2	1	0	1	36
GL000220.1	115191	157620	1	1	1	0	2	42
GL000220.1	115198	115630	1	1	1	0	3	21
GL000220.1	115222	159021	2	2	1	0	1	39
GL000220.1	115436	115601	1	1	1	0	1	21
GL000220.1	115650	116036	2	4	1	0	7	44
GL000220.1	115658	155834	2	2	1	0	1	29
GL000220.1	116002	159972	2	4	1	0	2	41
GL000220.1	116037	154602	2	4	0	0	1	27
GL000220.1	116048	116076	0	0	1	0	5	45
GL000220.1	116128	159885	1	1	1	0	2	19
GL000220.1	116147	117526	1	1	1	0	3	22
GL000220.1	116147	159602	1	1	1	0	1	38
GL000220.1	116147	161498	1	1	1	0	3	22
GL000220.1	116156	117836	1	1	1	0	13	22
GL000220.1	116156	154007	1	1	1	0	10	22
GL000220.1	117067	161039	1	1	1	0	1	44
GL000220.1	117323	161314	0	0	1	0	5	40
GL000220.1	117718	117999	1	1	1	0	6	15
GL000220.1	117745	155928	2	2	1	0	2	34
GL000220.1	117752	159004	1	1	1	0	1	29
GL000220.1	117876	158674	1	1	1	0	2	21
GL000220.1	117934	159633	1	1	1	0	2	32
GL000220.1	122191	160868	2	4	1	0	2	20
GL000220.1	147976	148419	2	2	1	0	1	44
GL000220.1	153407	153435	2	4	1	0	11	45
GL000220.1	153959	154785	1	3	1	0	65	41
GL000220.1	154139	154752	0	0	1	0	6	38
GL000220.1	154273	158811	1	1	1	0	3	36
GL000220.1	154540	159661	1	1	1	0	3	30
GL000220.1	154572	154960	0	0	1	0	3	38
GL000220.1	157750	161506	1	1	1	0	2	40
GL000220.1	158713	159724	1	1	1	0	7	36
GL000220.1	158896	158989	1	1	1	0	2	40
GL000220.1	159013	161748	2	2	1	0	1	36
GL000220.1	159170	159602	1	1	1	0	3	21
GL000220.1	159408	159573	1	1	1	0	1	21
GL000220.1	159622	160008	2	4	1	0	9	44
GL000220.1	160020	160048	0	0	1	0	5	45
GL000220.1	160119	161498	1	1	1	0	3	22
KI270711.1	7103	7816	2	2	1	0	1	4
KI270711.1	7990	8603	2	2	1	1	0	13
KI270711.1	23143	24491	2	2	1	0	1	39
KI270721.1	8051	11450	1	1	1	0	2	16
KI270733.1	21639	23634	2	2	1	0	1	4
KI270733.1	120849	121296	2	2	1	0	1	44
KI270733.1	126288	126316	2	4	1	0	11	45
KI270733.1	126295	171376	2	2	1	0	1	22
KI270733.1	126317	126371	2	4	1	0	2	18
KI270733.1	126491	127008	1	5	1	0	1	34
KI270733.1	126586	171667	1	1	1	0	3	41
KI270733.1	126595	171676	1	1	1	0	4	25
KI270733.1	126608	171472	0	0	1	0	3	43
KI270733.1	126840	127666	1	3	1	0	65	41
KI270733.1	126967	172048	1	1	1	0	3	41
KI270733.1	127020	127633	0	0	1	0	6	38
KI270733.1	127081	172162	1	1	1	0	1	17
KI270733.1	127106	171524	1	1	1	0	2	42
KI270733.1	127154	131695	1	1	1	0	3	36
KI270733.1	127154	176774	1	1	1	0	3	36
KI270733.1	127177	171461	2	2	1	0	1	27
KI270733.1	127421	132544	1	1	1	0	5	30
KI270733.1	127421	172296	1	1	1	0	4	26
KI270733.1	127421	177623	1	1	1	0	3	30
KI270733.1	127453	127841	0	0	1	0	3	38
KI270733.1	127464	171452	2	4	0	0	1	13
KI270733.1	127756	172837	1	1	1	0	3	25
KI270733.1	127853	160102	2	2	1	6	0	16
KI270733.1	129427	174332	1	1	1	0	1	35
KI270733.1	130523	175602	2	2	1	0	1	40
KI270733.1	130634	134397	1	1	1	0	2	40
KI270733.1	130634	179476	1	1	1	0	2	40
KI270733.1	130991	173319	2	4	1	0	1	39
KI270733.1	131597	132607	1	1	1	0	7	36
KI270733.1	131597	177686	1	1	1	0	5	36
KI270733.1	131780	131873	1	1	1	0	2	40
KI270733.1	131889	172096	2	2	1	0	1	20
KI270733.1	131897	134639	2	2	1	0	1	36
KI270733.1	131897	179718	2	2	1	0	1	36
KI270733.1	132047	175583	1	1	1	0	2	42
KI270733.1	132054	132485	1	1	1	0	3	21
KI270733.1	132078	176984	2	2	1	0	1	39
KI270733.1	132292	132456	1	1	1	0	1	21
KI270733.1	132505	132891	2	4	1	0	7	44
KI270733.1	132513	173793	2	2	1	0	1	29
KI270733.1	132857	177934	2	4	1	0	2	41
KI270733.1	132892	172564	2	4	0	0	1	27
KI270733.1	132903	132931	0	0	1	0	5	45
KI270733.1	132983	177847	1	1	1	0	2	19
KI270733.1	133002	134389	1	1	1	0	3	22
KI270733.1	133002	177564	1	1	1	0	1	38
KI270733.1	133002	179468	1	1	1	0	3	22
KI270733.1	133011	134699	1	1	1	0	13	22
KI270733.1	133011	171969	1	1	1	0	10	22
KI270733.1	133930	179009	1	1	1	0	1	44
KI270733.1	134186	179284	0	0	1	0	5	40
KI270733.1	134581	134862	1	1	1	0	6	15
KI270733.1	134608	173887	2	2	1	0	2	34
KI270733.1	134615	176967	1	1	1	0	1	29
KI270733.1	134739	176637	1	1	1	0	2	21
KI270733.1	134797	177595	1	1	1	0	2	32
KI270733.1	140491	178838	2	4	1	0	2	20
KI270733.1	171369	171397	2	4	1	0	11	45
KI270733.1	171921	172747	1	3	1	0	65	41
KI270733.1	172101	172714	0	0	1	0	6	38
KI270733.1	172235	176774	1	1	1	0	3	36
KI270733.1	172502	177623	1	1	1	0	3	30
KI270733.1	175713	179476	1	1	1	0	2	40
KI270733.1	176676	177686	1	1	1	0	7	36
KI270733.1	176859	176952	1	1	1	0	2	40
KI270733.1	176976	179718	2	2	1	0	1	36
KI270733.1	177133	177564	1	1	1	0	3	21
KI270733.1	177371	177535	1	1	1	0	1	21
KI270733.1	177584	177970	2	4	1	0	9	44
KI270733.1	177982	178010	0	0	1	0	5	45
KI270733.1	178081	179468	1	1	1	0	3	22
